tag,ply,pieces,our_pawns,sf_pawns,gap_pawns,our_depth,fen
placement_bundle,80,14,-6.716,4.330,-11.046,14,6k1/1p1n3p/1P4p1/P1pRnp2/8/7P/1P6/7K w - - 0 41
placement_bundle,66,18,-4.491,6.410,-10.901,10,4r1k1/7p/qp2pPp1/2p5/2r2P1P/P2Q2P1/1K3B2/3R4 w - - 0 34
placement_bundle,63,14,6.216,-4.570,10.786,12,6k1/3R1b1p/6p1/p1p5/5P1N/2p3PP/P7/6K1 b - - 0 32
hlmr_more1_lightning,76,17,-3.938,6.690,-10.628,9,3r2k1/5R1p/p1n1p1p1/1p4N1/3p4/6P1/1q3P1P/4Q1K1 w - - 0 39
hlmr_more1_lightning,52,21,-7.516,3.040,-10.556,9,6k1/pp3pbp/6p1/1B1p2B1/1P3Q2/2r2n2/q1r2P1P/4RRK1 w - - 8 27
placement_bundle,55,22,1.977,-8.540,10.517,10,r4k2/p3qp1Q/3p4/2pP3p/2P2Pn1/8/PPB1r1PP/3R1R1K b - - 4 28
away_lightning,78,18,-7.864,2.470,-10.334,9,6k1/5p1p/p3p1pP/1r2P3/4p1KR/2BbQ1P1/5P2/5q2 w - - 0 40
placement_bundle,55,18,0.942,-9.340,10.282,11,4k3/pp3p1B/4pQ1p/2r1P3/3q1P2/1P5P/2P1b3/1K5R b - - 0 28
away_lightning,76,18,-8.716,1.140,-9.856,10,6k1/p4p1p/4p1pP/1r2P3/4p1KR/3bQ1P1/3B1P2/5q2 w - - 10 39
placement_bundle,61,16,4.940,-4.370,9.310,13,6k1/r2R1b1p/3R2p1/p1p5/5P1N/2p3PP/P7/6K1 b - - 0 31
placement_bundle,69,15,6.353,-2.920,9.273,11,r4k2/3R2pp/5p2/p4N2/3P4/p1P3P1/2P2PK1/8 b - - 2 35
placement_bundle,70,18,-3.350,5.890,-9.240,11,2r1r1k1/3Q3p/2p1p3/2P1Ppp1/4p1q1/4R1P1/5P2/1R4K1 w - - 4 36
placement_bundle,59,19,4.900,-4.290,9.190,10,4r3/pp3b1k/5P2/8/3nnP1B/P1P1b3/7P/RN1B1R1K b - - 0 30
placement_bundle,20,28,-1.992,7.190,-9.182,12,r1b2rk1/pp1ppp1p/2n3p1/q7/2Pb2P1/2N1Q1P1/PP2PP2/R1B1KB1R w KQ - 0 11
placement_bundle,68,19,-0.616,8.340,-8.956,11,r3r1k1/1b1Q2pp/5p2/3p4/1p1N4/2q1P2P/5PP1/4R1KR w - - 2 35
nmp_lightning,72,14,-4.510,4.260,-8.770,11,3r2k1/p1q4p/5Qp1/8/8/1P3PP1/3bR2P/5K2 w - - 6 37
placement_bundle,56,19,-7.099,1.650,-8.749,10,r4bk1/1p2q2p/p3p1p1/P6n/1P1p4/1Q1N4/5P1P/4R2K w - - 0 29
placement_bundle,89,17,3.955,-4.790,8.745,11,4r3/5pk1/1R1pp1p1/4b3/PQP4p/4q2P/6B1/5R1K b - - 1 45
placement_bundle,67,15,6.353,-2.330,8.683,13,1r3k2/6pp/5p2/p2R1N2/3P4/p1P3P1/2P2PK1/8 b - - 0 34
nmp_lightning,70,14,-4.403,4.170,-8.573,10,3r3k/p1q4p/4Q1p1/8/8/1P3PP1/3bR2P/5K2 w - - 4 36
hlmr_more1_lightning,58,19,-6.366,2.190,-8.556,9,6k1/ppr2pbp/2r3p1/3p2B1/1P3Q2/3B4/q4P1P/4R2K w - - 3 30
hlmr_more1_blitz,85,17,3.508,-4.850,8.358,11,5k2/2pb1p2/Q5pp/2Pq4/3b4/P2N2P1/4RP1P/6K1 b - - 0 43
hlmr_more1_lightning,84,16,-1.844,6.350,-8.194,12,4r1k1/7p/p1R1N1p1/Qp2p3/8/3p2P1/4qP1P/6K1 w - - 4 43
placement_bundle,71,18,2.512,-5.590,8.102,10,3k3r/4n3/1p1b1p2/p2p4/2PP1N2/4QBP1/7q/N3RK2 b - - 2 36
placement_bundle,73,17,4.132,-3.940,8.072,8,7r/2k1n3/1p1b1p2/p2B4/2PP1N2/4Q1P1/7q/N3RK2 b - - 0 37
hlmr_more1_lightning,69,16,2.292,-5.370,7.662,12,7R/1p1b1kpp/1Q2p3/3p4/8/1P1n4/3q2PP/1K3R2 b - - 2 35
placement_bundle,64,20,-4.253,3.340,-7.593,11,4r1k1/5p1p/qp2bPp1/2p5/2r2P1P/P2Q2P1/1K3B2/3RR3 w - - 6 33
ship_lightning,72,19,-4.773,2.720,-7.493,8,7k/pp6/1qbp2p1/r3p1N1/2P2r1P/1P1QP2B/8/1R4K1 w - - 3 37
placement_bundle,98,19,-0.526,6.950,-7.476,13,q2rk3/5pQ1/8/2ppP1pr/2P4p/pP5P/P7/B2R1K2 w - - 0 50
placement_bundle,74,19,-6.609,0.830,-7.439,13,3r2k1/1p3p1p/p5p1/P3Q3/2P5/4P2P/4qPP1/1r2BRK1 w - - 1 38
placement_bundle,68,20,-3.416,3.990,-7.406,10,2kr4/Qpp1r1p1/p1b3Rp/P2qpP2/2R5/3P4/1P2B3/2K5 w - - 3 35
nmp_blitz,37,24,2.124,-5.210,7.334,11,r4rk1/bQ3ppp/3p4/P3p2n/2P1P2q/3PBP2/5P1P/RN2R1K1 b - - 0 19
placement_bundle,73,16,0.950,-6.360,7.310,12,b7/k3r2p/1p3Q2/p1q5/2P3B1/PP4P1/7P/5KR1 b - - 8 37
placement_bundle,72,18,-2.397,4.860,-7.257,11,6k1/6pp/Pp1n1qn1/2p2p2/2Pp4/3P2P1/4QP2/5K1R w - - 0 37
away_lightning,58,20,-3.579,3.440,-7.019,8,3k1b1r/5pp1/p1qB1n1p/6r1/8/Q4P2/PP3P1P/R2R2K1 w - - 1 30
ship_standard,42,24,-2.327,4.580,-6.907,11,1r2rnk1/p1p2pbp/8/q1p1pb2/8/P1N1B3/1PPQB2P/2KR2R1 w - - 2 22
placement_bundle,66,18,-1.818,5.080,-6.898,11,2Q2bkr/7p/3p1np1/pP1P4/8/P6P/3q1BP1/4R1K1 w - - 1 34
placement_bundle,65,19,0.753,-6.000,6.753,9,3r4/pp3pk1/4pnb1/3n4/3R4/2P3Q1/2qNBPP1/3R2K1 b - - 4 33
placement_bundle,60,22,-4.461,2.290,-6.751,9,2kr3r/1p2Q3/p1p4p/5p1P/Pnbb1N1q/R3B3/1P3KP1/4N3 w - - 0 31
placement_bundle,65,19,3.488,-3.190,6.678,10,q7/N3ppk1/5bp1/3rn3/Q2pR2p/1P6/P2B3P/5RK1 b - - 3 33
placement_bundle,48,17,-0.914,5.740,-6.654,11,4k2r/1Q1p1pp1/2r1p3/4b3/qB6/4P1P1/5P2/1R3RK1 w k - 5 25
placement_bundle,33,26,2.628,-4.020,6.648,9,2r1k2r/pp1q1pp1/2n5/1B1p3p/2pP2bP/2N1B3/PPQ2P1P/R4RK1 b k - 0 17
placement_bundle,50,22,-1.304,5.330,-6.634,8,r5k1/4rppp/pp6/n3P1q1/P5N1/3pPP2/BP4QP/3R2K1 w - - 4 26
away_lightning,56,21,-3.362,3.260,-6.622,9,3k1b1r/5pp1/p1qp1n1p/1r6/5B2/Q4P2/PP3P1P/R2R2K1 w - - 8 29
timed_probe,75,16,2.451,-4.130,6.581,9,r4k2/8/6R1/p1Qprq2/6p1/P4PP1/1P2N1P1/4K3 b - - 4 38
placement_bundle,83,23,1.938,-4.640,6.578,11,3rr3/kp1N2p1/2pQ1p2/q1P1p3/2P3Pp/p3P3/P2RBP1P/K7 b - - 4 42
placement_bundle,71,20,5.142,-1.410,6.552,11,qR6/2Pb1p1k/P2B1bpp/3n4/8/2p5/2P1BPPP/5K1R b - - 4 36
hlmr_more1_lightning,63,14,2.701,-3.840,6.541,11,3r4/2k3p1/p3b2p/8/2N5/8/p2N1PPP/4R1K1 b - - 1 32
hlmr_more1_blitz,55,21,1.199,-5.340,6.539,10,1r3k2/p2q3p/3rbp2/b4p2/3B4/3B1PQP/PP4P1/RK5R b - - 0 28
placement_bundle,61,19,0.857,-5.650,6.507,12,4r3/pp5k/5P2/3b4/3nnP1B/P1P1bR2/7P/RN1B3K b - - 2 31
nmp_lightning,59,16,2.918,-3.560,6.478,10,3r2k1/p1q4p/6p1/8/4Q3/bPp2PP1/7P/1R2R1K1 b - - 1 30
hlmr_more1_lightning,67,16,1.076,-5.380,6.456,10,7R/1p1b1kpp/1Q2p3/3pn3/8/1P6/3q2PP/1KR5 b - - 0 34
placement_bundle,29,32,2.207,-4.220,6.427,11,r3k1nr/1p3pb1/2ppb1p1/p1n1p2p/NqP1P3/1P1P2PP/PB2NPB1/R2Q1K1R b kq - 8 15
placement_bundle,93,14,1.754,-4.550,6.304,14,1R6/5pk1/1p5p/1P3r1P/2Pp2p1/3P4/3KP3/8 b - - 1 47
ship_lightning,25,27,0.843,-5.460,6.303,12,B2q1rk1/2p2ppp/1p1p1n2/p3p3/P3Pb2/1QPP1P2/1P3P1P/RN3RK1 b - - 0 13
placement_bundle,48,19,-2.288,3.980,-6.268,11,4r3/p1Pk4/bp2p2p/5n2/2PbBp2/P7/3R3P/1N2K2R w - - 4 25
placement_bundle,48,21,-1.418,4.770,-6.188,10,N1bk2r1/1p3p2/3p4/q1nP3N/p2QP3/2P2pP1/P1K2P2/R7 w - - 0 25
placement_bundle,65,21,2.235,-3.940,6.175,9,5k2/8/2p1pPpr/p1n3qn/PrPNR3/R3P3/2QN1P2/4K3 b - - 6 33
hlmr_more1_lightning,74,18,-1.253,4.920,-6.173,11,2k5/R5p1/1pP2p2/p1P1pK2/4R2p/2Pr3P/P5P1/5r2 w - - 6 38
placement_bundle,81,23,4.898,-1.250,6.148,11,3rr3/kp1N2p1/q1pQ1p2/2P1p3/2P3Pp/p3P3/P3BP1P/K2R4 b - - 2 41
placement_bundle,90,17,-0.706,5.440,-6.146,11,4k3/4p3/2qpPp1P/5P2/p1p1Pr2/P1P1R3/6K1/2Q5 w - - 3 46
jun6_blitz,32,25,-1.720,4.400,-6.120,9,r1b1kb1r/5ppp/p3pP2/1p6/2p2P2/1BN1B1R1/PPP4q/R2QK3 w Qkq - 0 17
placement_bundle,62,19,-0.761,5.330,-6.091,10,1rr5/3k2b1/1P4p1/p1RNpp1p/P1Rn1P2/8/1B5P/5K2 w - - 3 32
placement_bundle,98,15,-2.834,3.240,-6.074,9,4r1k1/3n1ppp/8/B1p5/7Q/5P2/2q3PP/3R1K2 w - - 0 50
away_blitz,66,21,-2.261,3.800,-6.061,11,1k2r3/1p6/ppq1r1p1/4Rp1p/1P1P1P2/4RN2/b4P1P/4Q1K1 w - - 8 34
hlmr_more1_lightning,70,19,-3.068,2.920,-5.988,13,2r1k1r1/1p3p2/3Pp3/p1bp4/P4B2/1Pn3P1/6P1/1R1Q1K2 w - - 0 36
nmp_lightning,60,18,-3.115,2.870,-5.985,8,r1br2kb/1p3p2/p2q2p1/2RB4/1Q6/6N1/P4P2/4R1K1 w - - 2 31
away_lightning,57,20,-2.633,3.330,-5.963,8,3k1b1r/5pp1/p1qB1n1p/1r6/8/Q4P2/PP3P1P/R2R2K1 b - - 0 29
hlmr_more1_lightning,42,24,-1.283,4.670,-5.953,10,2b1k2r/5ppp/p7/2Bpp3/2q1n3/2P1Q3/PrN1NPPP/R4RK1 w k - 0 22
hlmr_more1_lightning,31,26,0.628,-5.300,5.928,8,r4rk1/ppp3p1/2n2P1p/7n/1bPqQ3/2N2PB1/PP3P1P/2R1KB1R b K - 0 16
placement_bundle,55,16,3.818,-2.100,5.918,10,r4R2/p1b1k3/2p1R3/8/Np1N4/1P2r2p/P1P5/2K5 b - - 0 28
placement_bundle,66,19,-2.332,3.580,-5.912,10,r3r1k1/1b4pp/5p2/3p1Q2/1p1N4/4P2P/1q3PP1/4R1KR w - - 0 34
placement_bundle,72,22,-2.374,3.510,-5.884,10,1r2bk2/q3p3/2P2p2/1BR1p1pr/P3n2p/5N1P/3R1PP1/2Q3K1 w - - 4 37
hlmr_more1_blitz,53,22,0.940,-4.940,5.880,10,1r4k1/p2q3p/3rbp2/b4p2/3p4/3B1PQP/PP3BP1/RK5R b - - 3 27
hlmr_more1_lightning,64,23,-2.564,3.300,-5.864,8,2r1k2r/pp2p1b1/6b1/n1pP2p1/2P5/1P2Q1P1/q2B1P1P/2RR2K1 w - - 0 33
placement_bundle,44,19,-1.283,4.570,-5.853,9,2kr3r/1p3p2/2n2p1p/pq1B4/4PB1P/4Q1P1/P5K1/2R5 w - - 1 23
placement_bundle,92,19,-3.190,2.600,-5.790,9,3Br1k1/5ppp/1n1P4/p1p5/7Q/2q2P2/R1r3PP/3R1K2 w - - 0 47
placement_bundle,74,18,-1.920,3.820,-5.740,11,2q1k3/Q1P2p2/3bp3/3p2p1/7r/P3P1nP/2R3P1/2R3K1 w - - 1 38
placement_bundle,69,18,0.915,-4.740,5.655,10,3k3r/4n3/1p1b1p2/p2p4/2PP1N2/4QBP1/q7/N3R1K1 b - - 0 35
placement_bundle,44,22,-4.699,0.950,-5.649,9,r5k1/3n1ppp/3bp3/p2p4/3N4/P1rnPNPQ/4KP1P/7R w - - 2 23
placement_bundle,118,15,-2.241,3.400,-5.641,12,2R5/4bk2/4pp1B/3q1p2/1p2r3/1P4PK/7P/Q7 w - - 2 60
hlmr_more1_lightning,71,16,0.692,-4.930,5.622,10,1r2r1k1/5pp1/2p4p/2P5/2N5/B4R2/q5PP/5QK1 b - - 2 36
placement_bundle,58,22,-2.556,3.020,-5.576,9,4k2r/1p2qpb1/7p/pP1np1pQ/P2N4/2r3P1/5P2/RB2R1K1 w k - 4 30
hlmr_more1_lightning,65,17,1.141,-4.420,5.561,10,R3k2r/1p1b2pp/1Q2p3/3pn3/8/1P6/3q2PP/1KR5 b - - 1 33
placement_bundle,32,26,-1.917,3.620,-5.537,11,1r1q1k1r/pb3ppp/2p1p3/2p5/P1P2n1P/3PpN2/1PN1Q3/R1B1K1R1 w Q - 0 17
placement_bundle,46,19,-3.155,2.370,-5.525,11,B6r/p1Pk4/bp2p2p/5n2/2Pb1p2/P7/3R3P/1N2K2R w - - 2 24
hlmr_more1_lightning,58,22,-1.781,3.740,-5.521,11,2rbb1k1/2p3pp/Q1p5/1p3p2/p1q2B2/P1PR1N2/1P3PP1/6K1 w - - 4 30
placement_bundle,69,14,3.632,-1.870,5.502,12,8/2k2rpp/p3p3/2N5/pP3P2/4B2P/5KP1/8 b - - 3 35
placement_bundle,51,20,4.225,-1.270,5.495,11,5k1B/4qp2/n5p1/p1p4p/1PP3b1/P4P2/R3BP1P/3R2K1 b - - 0 26
placement_bundle,47,20,4.167,-1.310,5.477,12,r4k2/1p5Q/p2bp3/2nn4/1q6/1P2P2P/PB1R1PP1/4K2R b - - 4 24
placement_bundle,23,27,1.017,-4.440,5.457,9,1r1qkbnr/pb1n3p/6p1/4pp2/2Q5/2PB4/PP3PPP/RNB2KNR b k - 4 12
hlmr_more1_lightning,64,19,-2.062,3.390,-5.452,9,3r2k1/1p2Qp2/2p3pp/p2r4/3B3P/3KP3/PP3q2/2RR4 w - - 2 33
placement_bundle,105,19,3.595,-1.850,5.445,9,2r3k1/5qpp/3Qb3/1N1p4/1B1Pp3/pP2P1p1/P7/1K1R4 b - - 0 53
placement_bundle,97,14,-2.284,3.160,-5.444,11,5k2/5p1p/PP1N4/2r1P1p1/2B2n2/6KP/6b1/8 b - - 0 49
placement_bundle,63,19,4.087,-1.340,5.427,11,q7/N2nppk1/5bp1/3r4/Q2p2Rp/1P6/P2B3P/5RK1 b - - 1 32
placement_bundle,90,19,-4.499,0.890,-5.389,13,4n1k1/5pp1/7p/p3PP2/r2N1QP1/1nBb2KP/2r3B1/8 w - - 1 46
stack_lightning,80,17,-1.368,4.020,-5.388,14,8/1p3k2/1Pp3pb/p2pPn1p/P7/1P1R1N2/7P/7K w - - 4 41
ship_standard,48,21,-3.615,1.720,-5.335,14,4r1k1/p1pn1pbp/8/1rpNpb2/8/P3B3/1PPR3P/2K3R1 w - - 0 25
placement_bundle,81,14,-0.701,4.630,-5.331,13,6k1/1p1n3p/PP4p1/2pRnp2/8/7P/1P6/7K b - - 0 41
hlmr_more1_lightning,68,20,-2.634,2.690,-5.324,12,2r1k1r1/1p3p2/3Pp3/p1bp4/P4B2/1PR3P1/4n1P1/1R1Q2K1 w - - 1 35
nmp_blitz,50,23,-1.706,3.600,-5.306,12,r5k1/pp3p1p/3Pp1p1/n2p2B1/1R1P4/2r2N1P/2b1pPP1/2R1K3 w - - 1 26
hlmr_more1_lightning,63,19,2.072,-3.220,5.292,9,1r2R1k1/1p4qp/5n2/pP3p2/3P3B/P4pPB/2Q4P/6K1 b - - 0 32
placement_bundle,88,20,-4.351,0.940,-5.291,11,4n1k1/5pp1/7p/p3PP2/r2p1QP1/1nBb1NKP/4r1B1/8 w - - 2 45
hlmr_more1_lightning,44,23,-1.887,3.400,-5.287,9,2b1k2r/5ppp/p7/2Bpp3/2q1n3/2P5/r1N1NPPP/R1Q2RK1 w k - 0 23
nmp_blitz,48,24,-3.089,2.170,-5.259,10,r1r3k1/pp3p1p/3bp1p1/n2pP1B1/1R1P4/5N1P/2b1pPP1/2R1K3 w - - 0 25
hlmr_more1_lightning,54,18,-0.804,4.450,-5.254,12,2b1k2r/1p4pp/1Q2p3/3pn3/1R6/1Pq2N2/6PP/1K5R w - - 2 28
hlmr_more1_lightning,66,21,-2.600,2.640,-5.240,11,2r1k1r1/1p3p2/3qp3/p1bpP3/P2n1B2/1PR3P1/6P1/1R1Q2K1 w - - 0 34
hlmr_more1_lightning,56,22,-1.434,3.800,-5.234,9,2rbb1k1/Q1p2qpp/2p5/1p3p2/p4B2/P1PR1N2/1P3PP1/6K1 w - - 2 29
ship_lightning,58,20,-3.345,1.880,-5.225,8,6k1/1p1q1ppp/7r/p1Pp4/P1P4n/B3r3/1R3P2/3Q1K1R w - - 0 30
nmp_standard,59,24,2.427,-2.790,5.217,13,rr4k1/4qp1p/2b2np1/p5B1/3bN1PP/1P1P1P2/P3B3/1KQR2R1 b - - 2 30
hlmr_more1_lightning,49,25,2.884,-2.300,5.184,8,r6k/1pNbnq1p/3p1np1/p2Pp3/P1B4Q/6P1/1PP1RP1P/R5K1 b - - 0 25
hlmr_more1_lightning,66,17,0.708,-4.470,5.178,11,R6r/1p1b1kpp/1Q2p3/3pn3/8/1P6/3q2PP/1KR5 w - - 2 34
placement_bundle,72,18,-0.887,4.290,-5.177,11,1k6/1bp3p1/1b3p1p/3p3P/P2nr3/1RN2NP1/5K2/1R6 w - - 0 37
placement_bundle,67,16,2.274,-2.880,5.154,12,b1k1r3/7p/1p3Q2/p1q5/2P3B1/PP4P1/7P/5KR1 b - - 2 34
placement_bundle,55,18,1.080,-4.060,5.140,12,4r1k1/2B3pp/p1r5/3q4/P3b2P/6P1/1P3P1R/2R1Q1K1 b - - 4 28
hlmr_more1_lightning,54,22,-1.586,3.550,-5.136,9,1r1bb1k1/2p2qpp/2p5/1p3p2/p4B2/P1PRQN2/1P3PP1/6K1 w - - 0 28
placement_bundle,85,14,3.825,-1.300,5.125,9,2r1b2k/8/4R3/4N2p/3P1p2/1BP2Rq1/P7/7K b - - 3 43
nmp_standard,55,25,2.183,-2.940,5.123,11,rr4k1/1b2qp1p/5np1/pN2b1B1/6PP/1PpP1P2/P3B3/1KQR2R1 b - - 0 28
placement_bundle,51,21,1.306,-3.800,5.106,10,2r1r1k1/p2q3p/4p1p1/1Pp5/3p1PQ1/2P5/P2B2PP/2KR3R b - - 0 26
placement_bundle,81,19,2.979,-2.110,5.089,11,5rk1/5ppp/p1Bbn3/2q4P/8/5N1P/PP6/R1R1K2Q b - - 1 41
placement_bundle,121,15,-1.103,3.980,-5.083,10,2Rb4/Q4k2/4pp1B/3q1p2/1p2r3/1P4PK/7P/8 b - - 5 61
nmp_standard,61,23,1.939,-3.140,5.079,12,rr4k1/4qp1p/5Bp1/p2b4/3bN1PP/1P1P1P2/P3B3/1KQR2R1 b - - 0 31
hlmr_more1_lightning,56,18,-0.573,4.500,-5.073,11,2b1k2r/1p4pp/1Q2p3/3pn3/1R6/1P1q1N2/6PP/1KR5 w - - 4 29
jun6_standard,57,23,2.980,-2.090,5.070,14,2rr2k1/Qp3pp1/5n1p/B2n3P/2p2qP1/5P2/PPN2R2/RK3B2 b - - 10 29
placement_bundle,73,20,3.370,-1.670,5.040,10,1R6/q1Pb1p1k/P2B1bpp/3n4/8/2p5/2P1BPPP/6KR b - - 6 37
stack_blitz,80,16,-1.145,3.870,-5.015,12,7k/pp1q2pp/1b6/8/PP3r1N/5P2/2Q4P/4R2K w - - 5 41
away_lightning,44,23,-0.943,4.070,-5.013,9,2r2rk1/p2p3p/1pq1p1p1/2p1P1QP/2PP4/2P1p3/P4P2/2R1K1R1 w - - 0 23
placement_bundle,40,19,-2.243,2.760,-5.003,12,r2nk2r/p3ppbp/1P4p1/8/2R5/2N5/PB2KP1P/R7 w kq - 4 21
placement_bundle,57,23,3.689,-1.310,4.999,14,1n2k1n1/1Bb2pp1/2N1p3/B1pbP3/3p1P2/1P1P2P1/P6r/R3RK2 b - - 4 29
placement_bundle,70,19,-1.563,3.430,-4.993,12,6k1/p5pp/P2n1qn1/1Pp2p2/2Pp4/3P2P1/4QP2/5K1R w - - 2 36
placement_bundle,64,22,-0.852,4.140,-4.992,9,2r1k3/1b3p1Q/1pq1pprp/p7/P1BR1PP1/4P2P/1P6/5KR1 w - - 1 33
nmp_lightning,54,19,-2.737,2.240,-4.977,11,6k1/4bppp/pN1p1n2/r2Pp3/8/P3B1P1/5P1P/2R3K1 w - - 1 28
placement_bundle,68,20,-3.158,1.810,-4.968,10,6k1/1p3ppp/1P6/P1r1p3/8/4bPP1/1Nbr2BP/R4R1K w - - 1 35
placement_bundle,22,30,-0.625,4.340,-4.965,10,r2q1knr/2p2ppp/ppnbp3/3b4/3P4/2Q2NB1/PP1NPPPP/3RKB1R w K - 3 12
placement_bundle,60,22,-0.703,4.260,-4.963,10,4kq1r/1p3pb1/7p/pP1npNpQ/P7/2r3P1/5P2/RB2R1K1 w k - 6 31
placement_bundle,61,20,4.013,-0.920,4.933,9,q7/N2nppk1/5bp1/Q2P3r/3p2Rp/1P6/P2B3P/5RK1 b - - 2 31
placement_bundle,67,20,3.848,-1.070,4.918,12,q7/2P2pk1/P1bB1bpp/3n4/8/2p5/2P1BPPP/1R3KR1 b - - 0 34
hlmr_more1_lightning,40,26,-0.830,4.080,-4.910,9,r3r1k1/2pb1ppp/p1q1p3/1pb1P3/8/1QNRP1PB/PP2P2P/2R3K1 w - - 3 21
placement_bundle,34,24,-3.357,1.550,-4.907,11,r3k2r/pp3ppp/2p2n2/4p3/Qb6/P1q2PP1/3P1P1P/R1B1K2R w KQkq - 0 18
hlmr_more1_lightning,63,15,1.392,-3.510,4.902,11,r4b2/ppkQ4/8/3pN3/1q6/1P5P/P4PP1/6K1 b - - 1 32
placement_bundle,61,15,1.057,-3.840,4.897,10,4r1k1/6pp/p7/7P/q3bB2/6P1/1P3P1R/2Q3K1 b - - 0 31
placement_bundle,96,17,-2.603,2.290,-4.893,11,4r1k1/3n1ppp/8/B1p5/7Q/1q3P2/R1r3PP/3R1K2 w - - 1 49
placement_bundle,50,20,-3.362,1.530,-4.892,12,r7/pp3ppp/n2P1k2/1N6/Bp6/3br3/P5PP/2RR2K1 w - - 1 26
placement_bundle,57,22,3.178,-1.690,4.868,11,r4k2/p4p1Q/3p1q2/2pP3p/2P2Pn1/8/PPB1r1PP/4RR1K b - - 6 29
placement_bundle,107,18,2.767,-2.090,4.857,10,2r3k1/5qpp/3Qb3/3p4/1B1Pp3/NP2P3/P5p1/1K1R4 b - - 0 54
placement_bundle,82,15,-3.926,0.930,-4.856,14,8/1p3kb1/3p2p1/3p1pPp/5P2/1N1K3P/6B1/6n1 w - - 2 42
hlmr_more1_lightning,73,17,1.432,-3.420,4.852,14,3rnk2/R4p2/2N1p3/1P2P1p1/1PP5/7r/4B2P/2K2n2 b - - 1 37
placement_bundle,69,17,3.971,-0.880,4.851,10,6k1/p4p1p/2B2p2/2p2Pn1/3r1P2/qP4Q1/P7/4R2K b - - 0 35
hlmr_more1_lightning,59,18,2.639,-2.210,4.849,10,4r1k1/1Q3p1p/p1p1b3/6q1/4Pn2/1P6/P2R2BP/3R2K1 b - - 0 30
placement_bundle,73,22,4.008,-0.840,4.848,9,2k3rr/pp6/2q5/2B1pppN/2n4n/2P4P/PP2BQ2/3R1RK1 b - - 1 37
hlmr_more1_lightning,58,20,-2.291,2.550,-4.841,8,5k2/p2b1p1r/1q1p1Q2/2p3p1/2B1r3/2P3P1/P4KPP/5R1R w - - 4 30
placement_bundle,69,16,2.004,-2.830,4.834,12,bk2r3/7p/1p6/p1q5/2P2QB1/PP4P1/7P/5KR1 b - - 4 35
placement_bundle,68,19,-1.244,3.590,-4.834,9,rk1r4/1p1bR3/p2p2N1/3B1p2/2P3pP/1P5P/3b2K1/5R2 w - - 7 35
nmp_standard,65,20,1.084,-3.730,4.814,12,rr4k1/5p1p/5qp1/p2b4/3P2PP/1P3P2/P3B3/1KQR2R1 b - - 0 33
placement_bundle,74,19,-3.314,1.500,-4.814,8,2r1k3/1bb3B1/p5p1/P1Pp1p2/4p3/5P1R/5qP1/1Q3B1K w - - 0 38
placement_bundle,66,19,-1.524,3.280,-4.804,10,rk1r4/1p1b3R/p2p2N1/3B1p2/2P3pP/1P2b2P/6K1/5R2 w - - 5 34
placement_bundle,15,32,0.813,-3.980,4.793,9,r1b1kb1r/pp2qp1p/n1pp1np1/4p3/2PP4/2NBPN2/PPQ2PPP/R1B1K2R b KQkq - 3 8
placement_bundle,92,16,-1.091,3.700,-4.791,10,3r4/1R6/4k1p1/r1b2p1p/4p3/P1R3PP/3N1PK1/8 w - - 2 47
placement_bundle,54,18,0.856,-3.930,4.786,10,4r1k1/2B3pp/p1r5/3q4/P3b2P/6P1/1P3P1R/2R1QK2 w - - 3 28
ship_lightning,62,19,-1.756,3.030,-4.786,8,6k1/1pq2ppp/7r/p1Pp1n2/P1P5/B3P3/1R3K2/3Q3R w - - 3 32
nmp_standard,63,21,1.499,-3.280,4.779,13,rr4k1/4qp1p/5Np1/p2b4/6PP/1P1P1P2/P3B3/1KQR2R1 b - - 0 32
nmp_standard,57,24,2.262,-2.510,4.772,12,rr4k1/4qp1p/2b2np1/p3b1B1/6PP/1PNP1P2/P3B3/1KQR2R1 b - - 0 29
away_blitz,78,18,-0.624,4.140,-4.764,17,6k1/1R3np1/3bpr2/P3p3/3pP2p/2N1BP1P/6P1/4K3 w - - 1 40
placement_bundle,40,30,-0.735,4.020,-4.755,9,1nkrnb1r/pp3p1b/2p1p2p/1P2q1p1/2PN4/P2PB1NP/1Q2BPP1/R1R3K1 w - - 1 21
placement_bundle,77,23,0.740,-4.010,4.750,10,2r2k2/6p1/1ppb3r/p1p2R1p/P1P2p1q/1PQP4/3B1P1N/4R1K1 b - - 4 39
placement_bundle,63,17,1.125,-3.620,4.745,13,1k6/2p4p/p2r2p1/2N2p2/1P3P2/P4BP1/7P/1r4BK b - - 0 32
placement_bundle,63,21,0.885,-3.850,4.735,10,2r3k1/5pb1/4p1p1/1p1r2P1/p2PQP2/1Pq1B3/P1P4R/1K1R4 b - - 1 32
placement_bundle,88,17,-1.212,3.520,-4.732,12,4n3/1b4k1/1N2p3/1p1p1pBp/3r3P/1P4P1/R4PK1/8 w - - 0 45
away_blitz,76,19,-0.881,3.850,-4.731,17,1b4k1/1p3np1/4pr2/P3p3/3pP2p/2N1BP1P/1R4P1/4K3 w - - 0 39
placement_bundle,50,23,-3.435,1.280,-4.715,9,3r1rk1/3nn2b/1q2pp2/1ppP4/2p1PQ1B/5NN1/4BPP1/5RK1 w - - 1 26
ship_lightning,72,15,-0.673,4.040,-4.713,10,6k1/1p3ppp/7q/p1Pp4/P1n5/B4Q2/1R6/4K3 w - - 0 37
placement_bundle,72,18,-2.361,2.350,-4.711,12,2q1k3/Q1P2p2/3bp3/3p2p1/1r6/4P1nP/P1R3P1/2R3K1 w - - 1 37
placement_bundle,30,28,-1.418,3.290,-4.708,10,1r1q1k1r/pb3ppp/2p1p3/2p4n/P1P2b1P/3PpNP1/1PN1Q3/R1B1K1R1 w Q - 0 16
placement_bundle,43,21,3.355,-1.350,4.705,9,1r1q1k1r/5p2/p1Qbbp2/7p/8/PpN2N2/5PPP/1R1R2K1 b - - 1 22
placement_bundle,85,22,1.491,-3.200,4.691,9,1r2r1k1/5pp1/pq6/2p3PQ/2bp1P1p/P3B2P/4N2R/2R1K2B b - - 0 43
placement_bundle,119,18,2.408,-2.270,4.678,12,7k/6pp/2r5/2Bp4/3Pp3/NP2P2b/PK4p1/4QqR1 b - - 12 60
placement_bundle,59,20,3.167,-1.510,4.677,10,3N2n1/q2B2p1/1k5r/2b1p2p/pP6/6P1/P2RPP1P/2R3K1 b - b3 0 30
placement_bundle,80,16,-3.472,1.200,-4.672,13,1n2r3/5k1p/2p2pp1/2r1pP2/6P1/4N2P/3R1K2/1R6 w - - 8 41
ship_lightning,68,16,-1.250,3.420,-4.670,10,6k1/1p3ppp/7q/p1Pp1n2/P1P5/B7/1R6/3Q1K2 w - - 0 35
placement_bundle,120,15,-1.389,3.280,-4.669,14,2Rb4/5k2/4pp1B/3q1p2/Qp2r3/1P4PK/7P/8 w - - 4 61
hlmr_more1_lightning,55,22,-1.194,3.470,-4.664,10,1r1bb1k1/Q1p2qpp/2p5/1p3p2/p4B2/P1PR1N2/1P3PP1/6K1 b - - 1 28
hlmr_more1_lightning,23,27,0.850,-3.810,4.660,10,r1b2b1r/1p2pkpp/p1np4/q7/3Nn3/P1N1BQ2/1PP2PPP/1R2K2R b K - 2 12
placement_bundle,66,20,-0.553,4.090,-4.643,11,3r2k1/7p/2Rpbpp1/1P2p3/4P1qP/r2BP3/5QP1/4R2K w - - 1 34
placement_bundle,83,19,1.488,-3.150,4.638,9,5rk1/5ppp/p1Bbn3/7P/8/4qN1P/PP6/R1RK3Q b - - 3 42
placement_bundle,64,21,-0.598,4.040,-4.638,12,3r2k1/7p/2Rpbpp1/rp2p3/P3P1qP/3BP3/5QP1/4R2K w - - 1 33
placement_bundle,54,22,-3.077,1.550,-4.627,10,4r1k1/2p2ppp/p1bp1q2/2p1r1R1/7P/1PQ1BN2/P3PK2/R7 w - - 5 28
placement_bundle,28,30,-1.719,2.880,-4.599,12,r2qk2r/pp2ppbp/2pp1n2/8/2PP2p1/2N1PNP1/PP3P1P/n1BQKB1R w kq - 0 15
hlmr_more1_lightning,63,18,1.036,-3.560,4.596,10,2r5/4pp2/3p1npk/3P4/P4P1p/1P1Q2P1/5K1P/r4N2 b - - 0 32
ship_lightning,70,16,-0.762,3.830,-4.592,10,6k1/1p3ppp/7q/p1Pp4/P1P5/B3nQ2/1R6/5K2 w - - 2 36
nmp_standard,58,24,1.682,-2.900,4.582,11,rr4k1/4qp1p/2b2np1/p5B1/3b2PP/1PNP1P2/P3B3/1KQR2R1 w - - 1 30
placement_bundle,115,18,2.592,-1.990,4.582,12,2r4k/6pp/8/2Bp4/3Pp3/NP2P1Qb/P3q1p1/1K4R1 b - - 8 58
placement_bundle,34,24,-1.031,3.550,-4.581,11,1r1q1k1r/pb3ppp/2p1p3/2p5/P1P4P/3nQN2/1PN5/R1B1K1R1 w Q - 0 18
hlmr_more1_lightning,62,25,-2.285,2.290,-4.575,10,2r1k2r/pp2p1b1/6p1/n1pPNbp1/2P5/1P2Q1P1/q2B1P1P/2RR2K1 w - - 0 32
stack_blitz,107,14,-1.324,3.240,-4.564,13,8/8/1r2k1p1/pR3p1p/2P1p3/1n2R1PP/6K1/8 b - - 3 54
hlmr_more1_blitz,35,25,3.525,-1.030,4.555,10,5rk1/p1p1qp1p/4bp2/2pr4/1b1N3B/2PQ1P2/PP4PP/R1K2B1R b - - 0 18
stack_lightning,47,28,2.165,-2.380,4.545,9,3r1rk1/1p1b2pp/p3pb2/n1P2p1q/3N3P/P1NQ2PB/1PP1PP2/R2R1K2 b - - 0 24
jun6_blitz,28,26,-0.684,3.860,-4.544,11,r1b1kb1r/5ppp/p3pP2/1p6/2p2P2/1BN1B3/PPP3qP/R2QK2R w KQkq - 0 15
placement_bundle,30,26,-1.243,3.300,-4.543,11,3qk2r/1Q1rnp1p/4p1pb/pBpP4/P7/2N3P1/1P1P1P1P/n1BKR3 w k - 2 16
jun6_standard,53,23,3.462,-1.080,4.542,12,2r2rk1/Qpq2pp1/5n1p/3n3P/2p3P1/5P2/PPNB1R2/R1K2B2 b - - 6 27
placement_bundle,59,22,3.397,-1.140,4.537,9,k7/pp2qr2/2ppNn1r/5B1p/2P3PP/1QB1P3/P4P2/4K2R b - - 0 30
nmp_blitz,66,15,-2.372,2.160,-4.532,12,2b1Rbk1/R6p/5pp1/8/2rB2P1/1N3P1r/8/5K2 w - - 4 34
placement_bundle,72,19,-1.336,3.190,-4.526,9,1r4k1/5p2/pqP3pp/3QP3/p2p2b1/3B2P1/1P5P/4R1K1 w - - 1 37
stack_blitz,106,14,-1.386,3.140,-4.526,15,8/8/1r2k1p1/p2R1p1p/2P1p3/1n2R1PP/6K1/8 w - - 2 54
placement_bundle,82,23,2.064,-2.460,4.524,10,rk1r1b2/1p2n2Q/2p1B2p/p1pN4/4PP2/1PP2R2/P3q2P/1K3R2 w - - 1 42
placement_bundle,83,23,1.663,-2.860,4.523,10,rk1r1b2/1p2n2Q/2p1B2p/p1p5/4PP2/1PP1NR2/P3q2P/1K3R2 b - - 2 42
placement_bundle,97,15,0.562,-3.960,4.522,12,4k3/8/2qrp3/4np1p/5N1P/P1Q1RP2/P7/2K5 b - - 29 49
placement_bundle,40,23,-1.427,3.090,-4.517,10,3r1k1r/4b1pp/3p1p2/qp1Bp3/1n6/NQ2P3/PP2P2P/3R1RK1 w - - 0 21
placement_bundle,46,22,-2.216,2.290,-4.506,11,N1bk2r1/1p3p2/3p4/q1nP3N/p3P1p1/2PQ1BP1/P1K2P2/R7 w - - 1 24
placement_bundle,36,23,-0.575,3.930,-4.505,11,1r1q1k1r/pb3ppp/2p1p3/2p5/P1P4P/4QN2/1PN1K3/R1n3R1 w - - 0 19
hlmr_more1_lightning,72,18,-1.912,2.590,-4.502,11,2r1k1r1/1p3p2/3Pp3/p1bp4/P4B2/1P1Q2P1/6P1/1n3K2 w - - 0 37
placement_bundle,56,17,-3.287,1.210,-4.497,11,2bqr1k1/5p2/p3p3/2RPQ3/3P4/4P1P1/r2N1P2/4K3 w - - 1 29
placement_bundle,68,19,-1.503,2.980,-4.483,13,6k1/p5pp/P2n2n1/1Pp2pq1/2Pp4/3P2P1/5P2/3Q1K1R w - - 0 35
placement_bundle,91,17,0.885,-3.590,4.475,12,2r2rk1/8/pp1B2B1/3b2P1/PnR5/1P1P2P1/5P2/6K1 b - - 4 46
placement_bundle,85,22,2.697,-1.760,4.457,10,4r1k1/1p1r2p1/2pPn2p/4Pp1q/5B1P/P2RQPP1/1P6/2R3K1 b - - 8 43
placement_bundle,19,32,0.687,-3.770,4.457,9,r2qk2r/1ppb1pbp/2np1np1/pQ2p3/2P4N/P1NP2P1/1P2PPBP/R1B1K2R b KQkq - 9 10
placement_bundle,39,21,3.209,-1.240,4.449,9,1rb3r1/2q2p1B/p3pk2/p2p3Q/3P4/2P1P3/1P3PP1/RN2K3 b Q - 0 20
stack_lightning,46,17,-1.178,3.270,-4.448,9,r6k/p4Q1p/1p1p2p1/3N4/3qP3/8/Pb4PP/4R2K w - - 2 24
stack_blitz,105,14,-1.556,2.890,-4.446,15,8/8/1r4p1/p2Rkp1p/2P1p3/1n2R1PP/6K1/8 b - - 1 53
ship_lightning,69,22,0.606,-3.830,4.436,8,7r/1N1r3k/P3bq2/2Q1pp1p/1PBn2nN/6P1/2p2P2/2R1RK2 b - - 0 35
placement_bundle,65,17,0.875,-3.540,4.415,13,1k6/2p5/p2r2p1/2N2p1p/1P3P2/P4BPP/8/1r4BK b - - 0 33
placement_bundle,31,28,2.309,-2.080,4.389,9,r3kb1r/pp2pp2/q4np1/2nP1b2/1Q4P1/2B2B1p/P2NPP1P/R3K1NR b KQkq - 2 16
placement_bundle,47,23,3.285,-1.090,4.375,10,2r1r1k1/p2q3p/4p1p1/1Ppn4/3pQPB1/2P5/P2B2PP/2KR3R b - - 5 24
placement_bundle,45,25,2.766,-1.600,4.366,9,3rk3/p4p2/1pRppn1r/3q4/1Q1P3p/P2BP1p1/1P1N1PPP/4K1R1 b - - 0 23
placement_bundle,47,25,2.176,-2.190,4.366,11,3rqknr/1ppb4/p1n2p2/3Bp3/P1N4B/1P1Q2P1/4PP1P/3R1K1R b - - 1 24
placement_bundle,33,25,2.989,-1.370,4.359,10,r4rk1/1Qp1npbp/4pnp1/8/1P6/P1R1PN2/1B1PqPPP/4R1K1 b - - 3 17
placement_bundle,116,18,2.558,-1.800,4.358,14,2r4k/6pp/8/2Bp4/3Pp3/NP2P1Qb/P5p1/1K3qR1 w - - 9 59
placement_bundle,52,19,-1.111,3.240,-4.351,8,r1b5/2b1kp2/p5r1/1pN4Q/8/P3p3/1PP3qP/1K1RR3 w - - 2 27
placement_bundle,59,22,3.457,-0.890,4.347,9,3r2r1/3k1p1p/p3b3/1p1qR3/3n1BpN/2P5/PP3P1P/1QK3R1 b - - 3 30
ship_standard,38,25,-0.629,3.710,-4.339,11,r1b2rk1/pp2b2p/4p3/Q1p1N3/3Ppp2/P3P1P1/q4PBP/1RR3K1 w - - 2 20
hlmr_more1_lightning,62,19,-1.785,2.550,-4.335,9,r5k1/1p3p2/2p3pp/p1Qr4/3B3P/3KP3/PP3q2/2RR4 w - - 0 32
hlmr_more1_blitz,45,23,1.402,-2.930,4.332,11,5rk1/p1p1q2p/3rbp2/b4p2/3P1Q1B/3B1P2/PP4PP/R1K4R b - - 0 23
placement_bundle,81,23,1.952,-2.380,4.332,11,rk1r1b2/1p2n2Q/2p1B2p/p1pN4/2q1PP2/1PP2R2/P6P/1K3R2 b - - 0 41
jun6_blitz,40,23,-1.290,3.040,-4.330,11,1r3rk1/p1q3p1/2pb3p/3pR3/4nB2/1PN3Q1/P1P2PPP/1R4K1 w - - 3 21
placement_bundle,84,23,-3.358,0.960,-4.318,9,1r3kr1/5p1p/pq2pnpP/2pp2N1/3P1N1R/Q1P1P1P1/5P2/5K2 w - - 0 43
placement_bundle,54,23,-2.426,1.890,-4.316,9,3r1r2/3nnk2/1q2ppb1/1ppP3N/2p1P1QB/5N2/4BPP1/5RK1 w - - 5 28
placement_bundle,64,19,2.662,-1.650,4.312,10,q7/N3ppk1/5bp1/3rn3/Q2p2Rp/1P6/P2B3P/5RK1 w - - 2 33
nmp_standard,60,24,1.110,-3.200,4.310,10,rr4k1/4qp1p/5np1/p2b2B1/3bN1PP/1P1P1P2/P3B3/1KQR2R1 w - - 3 31
placement_bundle,50,24,-2.995,1.310,-4.305,9,4kb1r/1p2np2/1q5p/pP1bpNpQ/P7/2r3P1/5P1N/RB2R1K1 w k - 4 26
hlmr_more1_lightning,67,20,-1.499,2.800,-4.299,12,2r1k1r1/1p3p2/3Pp3/p1bp4/P2n1B2/1PR3P1/6P1/1R1Q2K1 b - - 0 34
hlmr_more1_lightning,22,30,-1.099,3.180,-4.279,8,r4rk1/ppp3pp/1nnqbp2/2b1p3/8/P1NP1NP1/1PQ1PP1P/R1B1KB1R w KQ - 1 12
hlmr_more1_lightning,60,20,-1.852,2.420,-4.272,10,r2r2k1/1p3p2/2p3pp/p1QP4/3B3P/4P3/PP1K1q2/2RR4 w - - 2 31
placement_bundle,117,18,2.690,-1.580,4.270,12,2r4k/6pp/8/2Bp4/3Pp3/NP2P2b/P5p1/1K2QqR1 b - - 10 59
ship_lightning,97,19,2.156,-2.110,4.266,9,r7/2r2qk1/1R1Q2p1/P3Pb1p/3P1Pn1/6PP/2P1R3/6K1 b - - 2 49
stack_lightning,36,24,-3.366,0.900,-4.266,10,2kr1b1r/1p3ppp/3p4/p3p3/4n3/B3PN2/bPP3PP/2KR1BR1 w - - 0 19
stack_blitz,55,18,0.656,-3.600,4.256,10,5b2/p1p2k2/2b1P1pp/8/2n2B2/2P4Q/q4PPP/3B2K1 b - - 0 28
placement_bundle,66,18,-2.995,1.260,-4.255,12,r5k1/5p2/p5r1/1p6/3Q2bP/P2N2b1/1PP4q/1KR3R1 w - - 7 34
placement_bundle,62,23,-1.133,3.120,-4.253,9,r4rkb/1b1p3p/4p1p1/1N1P1p2/q7/PR6/3BPPB1/nR1Q1K2 w - - 1 32
placement_bundle,81,24,2.280,-1.970,4.250,9,1r2r1k1/5pp1/pq6/2p2nP1/2Pp1P1p/Pb3Q1P/3BN2R/2R1K2B b - - 1 41
hlmr_more1_lightning,61,18,0.838,-3.410,4.248,10,2r5/4ppk1/3p1np1/3P4/P4P1p/1P1Q4/5KPP/r4N2 b - - 0 31
nmp_blitz,64,15,-2.205,2.040,-4.245,12,2b3k1/R6p/3b1pp1/8/2rB2P1/1N3P1r/4R3/5K2 w - - 2 33
nmp_standard,64,20,0.722,-3.520,4.242,13,rr4k1/5p1p/5qp1/p2b4/6PP/1P1P1P2/P3B3/1KQR2R1 w - - 0 33
placement_bundle,37,29,1.106,-3.130,4.236,10,r3r1k1/3n2p1/p1pbb1qp/1pp2p2/2P1P3/Q2PBN1P/PP1N1PP1/2RR2K1 b - - 1 19
placement_bundle,68,17,-3.095,1.140,-4.235,9,2r3k1/5p2/1Bp4R/6p1/P1P1q3/Q6P/4nPb1/R5K1 w - - 1 35
placement_bundle,37,29,2.101,-2.130,4.231,9,r2r2k1/1b2bppp/3p1n2/pqnPp3/2N1PP2/2P4N/1PB1Q1PP/R1B2RK1 b - - 0 19
placement_bundle,106,19,2.353,-1.870,4.223,12,2r3k1/5qpp/3Qb3/1N1p4/1B1Pp3/pP2P3/P5p1/1K1R4 w - - 0 54
hlmr_more1_lightning,113,16,0.601,-3.620,4.221,12,3k4/R4p2/2r3p1/5r1p/1p1N4/2p2P1P/3p2P1/3R1K2 b - - 2 57
nmp_standard,62,22,0.953,-3.260,4.213,13,rr4k1/4qp1p/5bp1/p2b4/4N1PP/1P1P1P2/P3B3/1KQR2R1 w - - 0 32
placement_bundle,61,22,2.521,-1.690,4.211,9,4q2B/1br2p1Q/3pk3/p1p5/P1P1n2P/1P2PnP1/5PR1/2KR4 b - - 0 31
placement_bundle,56,21,-2.636,1.570,-4.206,10,r3r1kq/8/p1pQb1pp/4P3/2pP4/7P/Pn1N2P1/R4R1K w - - 0 29
ship_lightning,91,19,0.566,-3.640,4.206,10,7r/4rqk1/R5p1/P1Q1Pb1p/3P1Pn1/6P1/2P1R2P/6K1 b - - 0 46
placement_bundle,66,19,-1.830,2.360,-4.190,14,6k1/p4ppp/P2n2n1/1Pp3q1/2Pp4/3P2P1/4QP2/5K1R w - - 2 34
placement_bundle,50,21,-2.989,1.180,-4.169,10,r3k3/1p1b1pp1/p3pn2/3n4/P2Q1P1r/3B4/5PpP/RR4K1 w q - 2 26
hlmr_more1_lightning,61,20,-1.625,2.540,-4.165,9,r2r2k1/1p3p2/2p3pp/p1QP4/3B3P/3KP3/PP3q2/2RR4 b - - 3 31
placement_bundle,44,30,-1.925,2.240,-4.165,9,2r1r2k/p2n1pb1/1pbpq2p/2p1p1p1/1PP1P3/P1NPBBPP/1Q1N1P2/4K2R w K - 9 23
placement_bundle,55,23,0.914,-3.250,4.164,9,3rr1k1/1b3pp1/p2bp2p/P1p1P3/2q5/2NR2P1/RB2QP1P/6K1 b - - 0 28
placement_bundle,23,27,2.243,-1.900,4.143,11,rq2kb1r/p2bpppp/3p4/8/2N1P1n1/1B2B3/PPP2PPP/R2Q1RK1 b kq - 0 12
nmp_blitz,46,25,-3.147,0.990,-4.137,13,r1r3k1/pp2bp1p/3Np1pB/n2pP3/1R1P4/5N1P/2b1pPP1/2R1K3 w - - 0 24
ship_lightning,95,19,2.031,-2.100,4.131,10,r7/4rqk1/1R4p1/P1Q1Pb1p/3P1Pn1/6PP/2P1R3/6K1 b - - 0 48
placement_bundle,41,23,0.772,-3.350,4.122,12,r4rk1/2p2ppp/p3q3/4P3/Pp2PB1P/5bP1/1PQ2P1R/R4K2 b - - 3 21
placement_bundle,94,14,-1.416,2.690,-4.106,9,7Q/r4kpp/5p2/3p4/2qN1P2/4P2P/6PK/8 w - - 5 48
hlmr_more1_lightning,63,24,-1.403,2.700,-4.103,9,2r1k2r/pp2p1b1/6N1/n1pP1bp1/2P5/1P2Q1P1/q2B1P1P/2RR2K1 b - - 0 32
ship_lightning,55,21,2.410,-1.690,4.100,11,2r3k1/5ppp/2p2q2/2Q1p3/2P1P3/P1PPBP2/1r4PP/R5K1 b - - 0 28
stack_blitz,41,24,2.574,-1.520,4.094,11,rr4k1/p2qpp1p/6p1/p1Qp4/2n5/2P1BP2/PP2N1PP/RR3K2 b - - 4 21
hlmr_more1_lightning,42,24,-1.183,2.910,-4.093,8,r2k1r2/4p3/p1pp3p/2q1bbp1/8/2NB1Q1P/PPP2PP1/RR4K1 w - - 4 22
placement_bundle,109,18,2.899,-1.190,4.089,10,2r4k/5qpp/4b3/3p4/1B1PpQ2/NP2P3/P5p1/1K1R4 b - - 2 55
placement_bundle,75,21,0.577,-3.510,4.087,11,2r2k2/1b3p1p/4r1p1/1N2P3/1Pp1nP2/P2p3P/B5P1/2R1R1K1 b - - 4 38
nmp_blitz,32,28,-0.704,3.380,-4.084,10,r1b2k1r/pp2b3/4p3/2pqnp1B/3p2p1/5P1Q/PPP1NBPP/1K1R2NR w - - 0 17
placement_bundle,56,16,-0.544,3.540,-4.084,10,4r1k1/pp3ppp/2p5/8/3N4/5Q1P/q1P2P2/1R4K1 w - - 12 29
stack_lightning,75,18,-1.700,2.380,-4.080,16,8/1p3kb1/1Pp1n1p1/p2pP2p/P2P4/1P2R3/3N3P/7K b - - 0 38
placement_bundle,41,26,2.636,-1.440,4.076,9,r1nr2kq/3b1p1p/np6/p1pPP3/P3BpPB/1Q1P3P/1P6/R3K2R b KQ - 1 21
placement_bundle,54,22,-0.724,3.350,-4.074,9,2r3k1/1q1p3p/p3p1pP/2p2rNn/2P1p3/1PN1B3/P6Q/3RK3 w - - 2 28
hlmr_more1_lightning,52,18,-0.763,3.310,-4.073,11,2bk3r/1p4pp/4p3/1Q1pn3/1R6/1Pq2N2/6PP/1K5R w - - 0 27
placement_bundle,26,26,-0.615,3.450,-4.065,12,r2qk2r/pp2pp2/6p1/2pP1b1p/4P3/1PB3P1/P2P1n1P/1R1Q1KNR w kq - 0 14
placement_bundle,58,17,-2.904,1.150,-4.054,9,2bqr1k1/5p2/p3p3/2RPQ3/3PN3/4P1P1/5P2/r3K3 w - - 3 30
hlmr_more1_blitz,37,25,2.431,-1.610,4.041,10,5rk1/p1p1qp1p/4bp2/b1pr4/3NQ2B/2P2P2/PP4PP/R1K2B1R b - - 2 19
placement_bundle,96,20,-1.445,2.590,-4.035,12,q2rk3/5p2/4pQ2/2pPP1pr/2P4p/pP5P/P7/B2R1K2 w - - 1 49
placement_bundle,34,29,-1.625,2.410,-4.035,9,2rq1k1r/p1N2pbp/1p1Pb1p1/2p1n3/1n2P2P/N3Q3/PP3PP1/R1B1KB1R w KQ - 5 18
placement_bundle,26,30,-1.603,2.430,-4.033,10,r2qk2r/pp2ppbp/2pp1n2/6p1/2PP4/2N1PNP1/PP1K1P1P/n1BQ1B1R w kq - 0 14
nmp_standard,48,22,-1.360,2.660,-4.020,13,2rr1n2/pp1bbk2/4p3/3pPp2/3N4/3B1Np1/PPP3R1/5K1R w - - 0 25
placement_bundle,41,28,0.704,-3.310,4.014,9,r2r2k1/1p1b1pbp/1q1p1np1/1P1Pp1N1/PpP5/1Q1B3P/4NPP1/R4K1R b - - 1 21
placement_bundle,59,19,2.639,-1.370,4.009,9,1k2r3/pp3N1p/6p1/3r2B1/1q6/3p3Q/P4bPP/2R2R1K b - - 7 30
nmp_lightning,52,26,-2.801,1.200,-4.001,9,1r1q1r1k/ppp4p/1b1p2p1/3Pp3/N3B1b1/3Q1N2/PPPKR1Pn/4R3 w - e6 0 27
placement_bundle,48,23,2.701,-1.300,4.001,10,2r1r1k1/p2q3p/4pnp1/1Pp5/3pQPB1/2P5/P2B2PP/2KR3R w - - 6 25
placement_bundle,21,32,2.319,-1.680,3.999,11,r1bqkbnr/pp2ppp1/2np4/B1pN3p/Q1P5/3PPPPB/PP5P/R3K1NR b KQkq - 10 11
placement_bundle,56,21,-0.807,3.190,-3.997,9,2r3k1/1q1p3p/p3pnpP/2p2r2/2P1N3/1PN1B3/P6Q/3RK3 w - - 1 29
placement_bundle,52,19,-0.911,3.080,-3.991,11,2k1r3/pp2n3/B1pQ1p1p/8/2b1P1P1/8/1q2RP1P/5K1R w - - 8 27
placement_bundle,34,25,1.730,-2.260,3.990,10,r1bqr1k1/p1b2ppp/p4n2/8/1P5P/P2BP3/1BQP1PP1/R3K2R w KQ - 0 18
placement_bundle,39,24,0.719,-3.270,3.989,10,2kr1r2/1pp1p3/p2qp1Q1/7n/N2bP3/P2PB3/1PP3PP/R3K2R b KQ - 0 20
placement_bundle,32,29,-1.136,2.850,-3.986,11,r3r1k1/1p1q1pbp/p1npbn2/2p2p2/2P3P1/1PNP3P/PB1QN1B1/R4RK1 w - - 0 17
stack_lightning,37,24,-3.009,0.970,-3.979,10,2kr1b1r/1p3ppp/3p4/p3p3/4n3/BP2PN2/b1P3PP/2KR1BR1 b - - 0 19
placement_bundle,26,26,-2.586,1.390,-3.976,11,r1b1k1nr/1p1q1pQp/p2p4/P1pNp3/4P3/8/1P1P1PP1/n1BK1B1R w kq - 1 14
placement_bundle,27,25,-2.332,1.630,-3.962,11,r1b1k1nQ/1p1q1p1p/p2p4/P1pNp3/4P3/8/1P1P1PP1/n1BK1B1R b q - 0 14
jun6_blitz,18,29,-0.975,2.980,-3.955,9,r1b1k2r/pp1pppbp/2n3p1/1N6/2P3n1/2N1B1P1/Pq2PPBP/R2QK2R w KQkq - 2 10
timed_probe,72,20,-0.604,3.350,-3.954,9,5k2/2p1r1p1/2bp1pq1/6Pp/5Q1P/pBP2P2/P1P5/K4R2 w - - 0 37
placement_bundle,31,27,-0.793,3.150,-3.943,12,1r1q1k1r/pb3ppp/2p1p3/2p4n/P1P2P1P/3PpN2/1PN1Q3/R1B1K1R1 b Q - 0 16
placement_bundle,34,27,-0.833,3.110,-3.943,9,r3k2r/2nqpp2/1p1p1n2/p1pP4/2P1P1pb/2N5/PPQBNP2/3RK2R w Kkq - 0 18
placement_bundle,85,23,-2.438,1.500,-3.938,9,1r3kr1/5p1p/pq2pnpP/2pp2N1/3P3R/Q1PNP1P1/5P2/5K2 b - - 1 43
hlmr_more1_lightning,56,23,-2.026,1.910,-3.936,10,2r1r1k1/4qpp1/2p4p/p1Ppn3/3Nn3/B2Q1P2/P5PP/4RRK1 w - - 1 29
hlmr_more1_lightning,69,20,-1.305,2.630,-3.935,13,2r1k1r1/1p3p2/3Pp3/p1bp4/P4B2/1PR3P1/4n1P1/1R1Q1K2 b - - 2 35
placement_bundle,52,23,-2.884,1.050,-3.934,9,4n1k1/1q3p1p/p1n1p1p1/P3P3/2p2P2/2N1p3/1rP2BPP/R1Q3K1 w - - 0 27
nmp_lightning,50,26,-1.493,2.440,-3.933,9,1r1q1r1k/ppp1p2p/1b1p2p1/3P4/N3B1b1/3Q1N2/PPPKR1Pn/R7 w - - 12 26
placement_bundle,86,23,-2.373,1.550,-3.923,8,1r3kr1/5p1p/p3pnpP/2pp2N1/3P3R/Q1PNP1P1/5P2/1q3K2 w - - 2 44
placement_bundle,52,23,-1.813,2.110,-3.923,10,4k1r1/4bp2/p2p4/q1p1p2p/PrP1P1n1/2NQB3/5PP1/1R1R2K1 w - - 0 27
stack_lightning,78,17,-1.312,2.610,-3.922,14,8/1p3k2/1Pp3pb/p2pP2p/P2n4/1P2RN2/7P/7K w - - 2 40
away_lightning,32,29,-0.776,3.140,-3.916,10,2kr3r/ppqn2pp/2pbbp2/3n3P/2Pp4/P2BBNN1/1P3PP1/R1Q2RK1 w - - 0 17
placement_bundle,27,25,1.016,-2.900,3.916,11,r1b2rk1/pp3ppp/1nnq4/1Q6/4P3/3N4/PP1NBPPP/R3K2R b KQ - 2 14
ship_blitz,30,23,-0.663,3.250,-3.913,10,r3k2r/p3b1pp/4pn2/3pp1B1/8/2N4Q/PqP2PPP/R3R1K1 w kq - 0 16
hlmr_more1_lightning,44,27,-0.624,3.280,-3.904,10,r3k2r/p1p1npp1/1pbpp2p/8/PNqPPP2/2P3P1/3Q2BP/R4RK1 w kq - 1 23
placement_bundle,56,20,-1.090,2.810,-3.900,9,2rr2k1/p4ppp/Q3p3/8/3PBn2/2P4P/P2q2PK/2R2R2 w - - 10 29
placement_bundle,82,23,-1.115,2.780,-3.895,9,2r1k3/1p5r/p1np2q1/2PB3b/P1Q1P2p/2BNb2P/1P3RP1/7K w - - 3 42
away_blitz,20,29,-0.683,3.210,-3.893,11,rnbq1rk1/pp2bppp/8/1N1np3/Q1p5/4B1P1/PP2PPBP/RN3RK1 w - - 2 11
placement_bundle,47,19,1.579,-2.310,3.889,10,r3r1k1/6pp/2Q5/pp4N1/4P2P/6q1/PPP3P1/1K3R1n b - - 1 24
placement_bundle,60,18,-0.501,3.380,-3.881,12,5r2/ppk3rp/2p1Q3/5p2/3bpP2/P5P1/5PKP/4R3 w - - 2 31
placement_bundle,43,21,0.790,-3.090,3.880,10,r4r2/1bbNkpQ1/p1q5/1p6/4P3/P3p3/1PP3PP/1K1R3R b - - 0 22
placement_bundle,66,20,-1.089,2.790,-3.879,9,3k3r/2q5/4p1p1/1Qp1p2r/1nN1P3/3P2p1/P1P1K1P1/R4R2 w - - 1 34
placement_bundle,118,18,2.392,-1.480,3.872,11,7k/6pp/2r5/2Bp4/3Pp3/NP2P2b/P5p1/1K2QqR1 w - - 11 60
placement_bundle,50,21,-3.001,0.870,-3.871,13,3k1r2/1pq5/nNp1p1p1/4p3/4P1pr/3P4/PQP3PK/R4R2 w - - 0 26
placement_bundle,68,22,-1.125,2.740,-3.865,12,1R6/3bkn2/2Q1pprp/2p1q1p1/2P5/r2PP1PP/5PB1/1R4K1 w - - 4 35
placement_bundle,82,23,2.214,-1.650,3.864,11,3rr3/kp1N2p1/2pQ1p2/q1P1p3/2P3Pp/p3P3/P3BP1P/K2R4 w - - 3 42
placement_bundle,57,21,2.322,-1.540,3.862,12,2r2qk1/1p1b4/p3p2p/3p1Qp1/3P2N1/2P2BP1/PP6/3RR1K1 b - - 0 29
ship_lightning,93,19,0.554,-3.300,3.854,11,1r6/4rqk1/1R4p1/P1Q1Pb1p/3P1Pn1/6P1/2P1R2P/6K1 b - - 2 47
placement_bundle,31,25,0.821,-3.030,3.851,9,2kr3r/ppp2Q1p/2q2np1/5b2/3PpP1P/2P1P3/PP1N2B1/R3K2R b KQ - 0 16
placement_bundle,42,21,-2.010,1.840,-3.850,11,2kr3r/pp3ppp/3bp3/8/1n3P2/P1N2NP1/5P1P/3RK2R w K - 0 22
jun6_blitz,13,32,2.266,-1.580,3.846,12,rnbq1rk1/ppp1ppbp/3p2p1/8/2PPP1n1/2NBBN2/PP3PPP/R2QK2R b KQ - 5 7
stack_lightning,76,17,-1.535,2.310,-3.845,15,8/1p3kb1/1Pp3p1/p2pP2p/P2n4/1P2R3/3N3P/7K w - - 0 39
placement_bundle,57,21,2.454,-1.390,3.844,11,q4k2/N3pp2/Qn3bp1/3n3r/2Pp2Rp/1P6/P2B3P/5RK1 b - - 0 29
placement_bundle,52,23,-2.331,1.510,-3.841,10,3r1r2/3nnk1b/1q2pp2/1ppP4/2p1P1QB/5NN1/4BPP1/5RK1 w - - 3 27
hlmr_more1_lightning,49,25,0.899,-2.940,3.839,9,r3r1k1/p1q3p1/1p3p1p/P1pb1Pn1/3P1R2/B1PQP3/3N2PP/R5K1 b - - 4 25
placement_bundle,82,17,-1.328,2.510,-3.838,10,8/p1N5/1n1r2p1/k2p3p/4p2P/P1R5/r4PP1/3R2K1 w - - 2 42
hlmr_more1_lightning,31,25,2.556,-1.280,3.836,9,2kr1bnr/Bp1n2p1/2pq2p1/7p/7P/2NQ4/PPP1BPP1/R3K2R b KQ - 0 16
ship_lightning,61,21,2.490,-1.340,3.830,11,2r3k1/5ppp/2p2q2/2Q1p3/2PPP1P1/P1P1BP2/2r4P/5RK1 b - - 2 31
stack_blitz,49,22,0.579,-3.240,3.819,10,3r1bk1/p1p2p1p/2b3p1/4P1N1/2n2B2/2P4Q/q3BPPP/3R2K1 b - - 15 25
hlmr_more1_blitz,36,25,2.598,-1.220,3.818,9,5rk1/p1p1qp1p/4bp2/b1pr4/3N3B/2PQ1P2/PP4PP/R1K2B1R w - - 1 19
placement_bundle,70,21,-1.935,1.880,-3.815,9,1R6/1Q1bkn2/4pprp/2p1q1p1/2P5/3rP1PP/5PB1/1R4K1 w - - 0 36
placement_bundle,31,28,1.763,-2.050,3.813,9,1rb1r1k1/2p2ppp/p1nq1n2/1p1p2P1/3P1P2/P1NBBQ1P/1P3P2/2KR3R b - - 0 16
placement_bundle,39,20,1.822,-1.990,3.812,13,7r/N2kppbp/6p1/3p4/1P1P4/2P1P2P/2b2PP1/2B1K2R b K - 0 20
placement_bundle,69,19,-1.321,2.490,-3.811,12,6k1/p5pp/P2n2n1/1Pp2pq1/2Pp4/3P2P1/4QP2/5K1R b - - 1 35
ship_blitz,52,25,-1.170,2.640,-3.810,13,r4b1k/p3r2P/n1bNp3/3p1p1R/1pp5/5n2/PPPB1PP1/4RKN1 w - - 0 27
ship_lightning,57,21,2.448,-1.350,3.798,10,2r3k1/5ppp/2p2q2/2Q1p3/2PPP3/P1P1BP2/2r3PP/R5K1 b - - 0 29
placement_bundle,53,20,0.903,-2.890,3.793,11,1k1r3r/1p4p1/2q5/p3Q1Np/5BbP/P5P1/1P1p1P2/5RK1 b - - 0 27
placement_bundle,22,32,-2.851,0.940,-3.791,11,r2qk2r/pp2ppbp/2pp1np1/8/2PPb3/2N1PNP1/PPnK1P1P/R1BQ1B1R w kq - 9 12
placement_bundle,36,22,-2.099,1.690,-3.789,11,r1b1k1nQ/1p3p1p/p2p4/P1p1p3/8/8/1PqPKPP1/2B2B1R w q - 0 19
placement_bundle,37,28,1.647,-2.140,3.787,9,r3kb1r/pp6/2p1bpn1/q2p3p/1PnP1B2/P1N1PN1P/Q4P2/2R1KB1R b Kkq - 0 19
placement_bundle,67,22,-1.125,2.660,-3.785,12,1R1k4/3b1n2/2Q1pprp/2p1q1p1/2P5/r2PP1PP/5PB1/1R4K1 b - - 3 34
placement_bundle,86,16,-1.842,1.940,-3.782,11,1n2r1k1/2R4p/1rp2pp1/4pP2/6P1/4N2P/R4K2/8 w - - 14 44
nmp_lightning,57,23,0.711,-3.070,3.781,8,r1r3k1/2q4p/b1p1p1p1/Q1RpPpR1/P2P1P2/1P2PB2/7P/7K b - - 0 29
placement_bundle,37,22,0.929,-2.850,3.779,12,r1b1r1k1/p1b2ppB/p4q2/8/1P5P/P3P3/2QP1PP1/R3K2R b KQ - 0 19
hlmr_more1_blitz,39,24,1.846,-1.930,3.776,11,5rk1/p1p1qp1p/4bp2/b2r4/2BpQ2B/2P2P2/PP4PP/R1K4R b - - 1 20
placement_bundle,71,22,2.456,-1.320,3.776,10,3kr2r/5p2/Qp1p1b1p/2pP1Pp1/3qP3/1P1B3R/6PP/3R3K b - - 2 36
placement_bundle,61,22,-1.759,2.010,-3.769,12,4r1k1/p4ppp/P1B2nn1/1Pp2qB1/2Pp4/3P2P1/2Q2P2/5K1R b - - 1 31
placement_bundle,29,25,1.816,-1.950,3.766,10,r1bq1rk1/p3bppp/1p6/3n4/3BN3/PP4PP/2QP1P2/R3KB1R b KQ - 0 15
placement_bundle,64,19,-1.921,1.840,-3.761,13,4n1k1/p4ppp/P5n1/1Pp3q1/2Pp4/3P2P1/2Q2P2/5K1R w - - 0 33
placement_bundle,60,22,-1.189,2.570,-3.759,10,2kr4/q5b1/3p2p1/pp3pN1/n1pP1B1p/7P/2P1QPP1/4R1K1 w - - 0 31
stack_blitz,104,14,-1.143,2.610,-3.753,13,8/8/1r4p1/p3kp1p/2P1p3/1n2R1PP/6K1/3R4 w - - 0 53
placement_bundle,28,25,-1.852,1.900,-3.752,13,r1b1k1nQ/1p3p1p/p2p4/P1pNp3/q3P3/8/1P1P1PP1/n1BK1B1R w q - 1 15
away_lightning,69,21,1.678,-2.070,3.748,14,3b4/p2b1pkp/2p2p2/P1PppP1P/PN1P2P1/1N2P3/1K6/8 b - - 2 35
placement_bundle,38,25,-0.666,3.080,-3.746,11,r1b2k1r/pp4p1/2p1ppQ1/7p/qbNP3P/4PNP1/P4P2/RR4K1 w - - 2 20
placement_bundle,50,26,-0.549,3.190,-3.739,10,r3r1k1/qp4b1/1Rn1p1b1/P1p2pp1/2Pp4/P2P2P1/4PPB1/1QB2K1R w - - 0 26
away_lightning,45,24,1.548,-2.190,3.738,10,7r/2Nnkpb1/2bp2pp/Qp2p3/qP6/2P2N1P/P4PP1/1R4KR b - - 0 23
placement_bundle,41,23,0.682,-3.050,3.732,9,1q2k3/rp1n1pp1/6b1/pQ1B3r/1bRP1P2/4B1P1/PP2P3/5RK1 b - - 4 21
placement_bundle,71,16,0.986,-2.730,3.716,12,b3r3/k4Q1p/1p6/p1q5/2P3B1/PP4P1/7P/5KR1 b - - 6 36
placement_bundle,53,18,0.856,-2.860,3.716,11,r5k1/2B3pp/p1r5/3q4/P3b2P/6P1/1P3P1R/2R1QK2 b - - 2 27
placement_bundle,55,24,1.443,-2.270,3.713,13,2r4r/1n1kp1b1/N2p2pp/5p2/1p6/3P2PP/bP2PPBN/R3K2R b K - 1 28
hlmr_more1_lightning,58,28,-1.772,1.940,-3.712,11,2r1k2r/pp2p1bN/5pp1/n1pPpb2/2P5/qP2QNP1/P2B1P1P/2RR2K1 w - - 8 30
placement_bundle,51,18,1.490,-2.220,3.710,10,r5k1/2B3pp/p4r2/3q4/PQ2b2P/6P1/1P3P1R/2R2K2 b - - 0 26
placement_bundle,69,22,2.812,-0.890,3.702,10,2k3rr/pp6/2q1p3/4nppN/7n/2P1B2P/PP2BQ2/3R1RK1 b - - 7 35
placement_bundle,48,23,-0.701,3.000,-3.701,10,5k1r/Np1b1p1p/pq5b/3P2p1/1Pp3n1/5N2/P3QP1P/R3R1K1 w - - 0 25
placement_bundle,63,21,0.928,-2.770,3.698,10,5nk1/2r2ppp/1pBb4/8/3P1P2/4Q1P1/qp1r1B1P/1R3RK1 b - - 1 32
placement_bundle,33,27,1.997,-1.700,3.697,9,r1b1r1k1/1pp1nppp/1p1q2n1/8/1P1NQ1P1/P2B1P2/1BPP3P/R3K2R b KQ - 0 17
away_blitz,45,25,0.505,-3.190,3.695,13,4r1k1/p1p1qnpp/1b1r1p2/4p3/N1Q1P3/1P3P2/P1PB1P1P/3RR1K1 b - - 2 23
hlmr_more1_lightning,76,20,-2.324,1.360,-3.684,10,4r1k1/6pp/2p2pq1/2Pp4/p2P2P1/R4P2/bR1Q1K1N/4r3 w - - 0 39
placement_bundle,82,14,-1.973,1.710,-3.683,9,1r6/3R4/5bk1/1p1Np2p/4r3/1R4p1/1P3P2/5K2 w - - 0 42
placement_bundle,62,20,-1.180,2.500,-3.680,12,2kr3r/1p6/p1p4p/5p1P/Pnb2N1Q/R3B3/1b3KP1/4N3 w - - 0 32
placement_bundle,68,16,1.396,-2.280,3.676,11,bk2r3/7p/1p3Q2/p1q5/2P3B1/PP4P1/7P/5KR1 w - - 3 35
placement_bundle,90,22,-2.073,1.600,-3.673,9,3rk3/5pbr/4p3/q1p1P1p1/2PP2Np/pP5P/P4Q2/B2R1K2 w - - 1 46
ship_lightning,23,28,1.143,-2.530,3.673,12,r2q1rk1/2p2ppp/1pBp1n2/p3p3/P3P3/1QPPbP2/1P3P1P/RN3RK1 b - - 0 12
ship_standard,40,24,-2.672,1.000,-3.672,11,1r2r1k1/p1pn1pbp/8/q1p1pb2/8/P1N1B3/1PPQB2P/2KR3R w - - 0 21
placement_bundle,59,23,-1.759,1.910,-3.669,14,3rR1k1/p4ppp/P4nn1/1Pp2qB1/2Pp4/3P1BP1/2Q2P2/5K1R b - - 0 30
hlmr_more1_lightning,19,30,1.018,-2.650,3.668,9,r1b2rk1/pppqppbp/2n2np1/1N1P4/2B5/1Q2PN2/PP3PPP/R1B1K2R b KQ - 0 10
placement_bundle,85,19,1.442,-2.220,3.662,12,2r2rk1/1b4q1/pp6/3nB1QB/P1R4P/1P1P2P1/5P2/6K1 b - - 0 43
placement_bundle,32,28,-0.628,3.030,-3.658,11,1rb1k1nr/5pb1/p1P1p1pp/3p4/PqN1P3/2pQB3/2P2PPP/R3KB1R w KQk - 0 17
hlmr_more1_lightning,50,25,-1.005,2.650,-3.655,9,r1r3k1/pb4pp/n3p3/bN1pNp2/5P2/P2R2Q1/2q1PPBP/R4K2 w - - 0 26
placement_bundle,13,31,2.042,-1.610,3.652,10,r1bqk2r/pppnbBpp/3p1n2/4p3/4P3/P1N2N1P/1PPP1PP1/R1BQK2R b KQkq - 0 7
placement_bundle,36,27,-1.117,2.530,-3.647,10,1k1r3r/1b1nqpb1/pP2p1pp/2p1P3/2PN4/3B4/1P1BQPPP/R1R3K1 w - - 1 19
placement_bundle,13,31,2.024,-1.620,3.644,10,r1bqk2r/pppnbBpp/3p1n2/4p3/4P3/P1N2N1P/1PPP1PP1/R1BQK2R b KQkq - 0 7
placement_bundle,30,27,-0.504,3.140,-3.644,8,r3k2r/1pq2pb1/pn1pp1B1/3P3p/2P3b1/4PN2/PPQ1N1PP/R4RK1 w kq - 0 16
placement_bundle,69,16,1.214,-2.430,3.644,11,2r2k2/N4pp1/8/Q1pp1n1r/P5p1/1P4P1/2P5/6K1 b - - 1 35
placement_bundle,23,32,1.863,-1.780,3.643,10,r1bqk2r/1pp2pbp/2np2p1/1Q2pnN1/pNP5/P2P2P1/1P2PPBP/R1B1K2R b KQk - 3 12
placement_bundle,38,21,-1.508,2.130,-3.638,11,r1b3Q1/1p2kp1p/p2p4/P1p1p3/8/8/1PqPKPP1/2B2B1R w - - 1 20
ship_blitz,54,20,-2.108,1.520,-3.628,10,6k1/pp1bb2p/1q2p3/3p2p1/6Q1/3N4/PPr2P1P/3RR1K1 w - - 0 28
hlmr_more1_blitz,38,24,1.826,-1.800,3.626,10,5rk1/p1p1qp1p/4bp2/b2r4/3pQ2B/2P2P2/PP4PP/R1K2B1R w - - 0 20
placement_bundle,102,17,-1.883,1.740,-3.623,10,2r3k1/5ppp/p7/7q/2B1n3/P3bN1P/KP6/3R1Q2 w - - 6 52
stack_lightning,28,25,-0.782,2.840,-3.622,11,3r1rk1/p3bppp/1pqN1n2/4p3/4P3/3QBP2/PPP3PP/2KR3R w - - 1 15
placement_bundle,15,27,1.371,-2.250,3.621,9,rnbqk2r/pp3ppp/3b1n2/3N4/3Q4/4PN2/PP3PPP/R1B1KB1R b KQkq - 0 8
hlmr_more1_lightning,59,20,-1.156,2.460,-3.616,9,r2r2k1/1p3p2/2p3pp/p1QP4/3B3P/4P1q1/PP1K4/2RR4 b - - 1 30
placement_bundle,92,15,-1.176,2.440,-3.616,14,7k/7p/2p1rp1P/1p3Q2/p2P4/Pq6/1P6/1K3R2 w - - 0 47
placement_bundle,20,29,-0.968,2.640,-3.608,9,r1b1k2r/ppq1ppbp/2np2p1/8/2B1n3/NNP1B3/PP3PPP/R2QK2R w KQkq - 0 11
placement_bundle,87,20,0.867,-2.740,3.607,11,7r/4kp2/1p1p1b2/2qPrPpp/Q1P5/1R6/6PP/1B1R3K b - - 7 44
placement_bundle,39,23,1.053,-2.550,3.603,10,r4rk1/2p2ppp/p3q3/4P3/Pp2PBbP/6P1/1PQ2P2/R4K1R b - - 1 20
placement_bundle,21,31,0.511,-3.090,3.601,8,r1bqk2r/ppp2pp1/1bn1pn2/7p/1P2P3/PQNP1NP1/2p2P1P/R1B1KB1R b KQkq - 1 11
stack_lightning,38,24,-1.990,1.610,-3.600,9,2kr1b1r/1p3p1p/3p2p1/p3p3/4n3/BP2PN2/b1P3PP/2KR1BR1 w - - 0 20
ship_lightning,59,21,1.589,-2.010,3.599,11,2r3k1/5ppp/2p3q1/2Q1p3/2PPP1P1/P1P1BP2/2r4P/R5K1 b - - 0 30
away_lightning,29,30,1.726,-1.870,3.596,9,1r1qk2r/pp1bppb1/2np1npp/8/2BNPP2/2N1B3/PPP2QPP/R4RK1 b k - 4 15
placement_bundle,37,25,0.883,-2.710,3.593,11,r3kr2/1pp1p2Q/p2qp1p1/7n/N2bP3/P2PB3/1PP3PP/R3K2R b KQq - 0 19
placement_bundle,56,19,-2.813,0.780,-3.593,12,5krr/1p6/2p2b2/p4pNp/P1Rn1P1P/5B2/5PK1/6R1 w - - 1 29
ship_lightning,27,26,0.761,-2.830,3.591,10,q4rk1/2p2ppp/1p1p1n2/p3p3/P3Pb2/NQPP1P2/1P3P1P/R4RK1 b - - 1 14
placement_bundle,53,20,2.459,-1.130,3.589,9,2r1k1r1/1R3p2/4p3/3nPp1p/q6P/P2Q1PP1/P2N4/K5R1 b - - 0 27
hlmr_more1_lightning,71,19,-0.617,2.970,-3.587,10,2r1k1r1/1p3p2/3Pp3/p1bp4/P4B2/1PnQ2P1/6P1/1R3K2 b - - 1 36
away_lightning,41,24,0.665,-2.920,3.585,10,r4rk1/1p4pp/2q2n2/3pp1B1/pPPpP3/3P1P2/6PP/R1Q2RK1 b - c3 0 21
placement_bundle,26,27,-2.052,1.530,-3.582,11,rn2k2r/pp1b1p2/1q2p1pp/4P3/1bB5/5NnP/P2N1PP1/R1BQ1RK1 w kq - 0 14
placement_bundle,85,14,2.711,-0.870,3.581,13,8/7p/4p1p1/1p2r1k1/p3P1P1/P1N5/1PK1B3/8 b - - 3 43
hlmr_more1_lightning,45,18,0.639,-2.940,3.579,11,3r4/pp1PN1kp/2p3p1/P7/P7/8/2r2PPP/R1B3K1 b - - 0 23
placement_bundle,30,27,-0.587,2.990,-3.577,9,rnbq2k1/pp4Pp/2p2r2/P2nN3/3P1p2/P1p5/2P1B1PP/R1BQ1RK1 w - - 1 16
placement_bundle,87,17,0.786,-2.790,3.576,13,2r2rk1/1b6/pp6/3nB1PB/P1R5/1P1P2P1/5P2/6K1 b - - 0 44
placement_bundle,42,20,-1.264,2.310,-3.574,9,4r1k1/p4p1p/p1p2bp1/2q5/Q7/P3pPN1/5P1P/R3R1K1 w - - 0 22
placement_bundle,24,29,-0.638,2.920,-3.558,11,r1b1kbnr/5p2/p1Ppp1pp/q3N3/P3P3/2pQB3/1PP2PPP/R3KB1R w KQkq - 0 13
placement_bundle,64,19,-2.233,1.320,-3.553,11,r3r1k1/1b4pp/5p2/1p1p4/3N1Q2/4P2P/1q3PP1/4R1KR w - - 2 33
ship_standard,37,27,-2.622,0.930,-3.552,11,1r2r1k1/p1pn1pbp/4b1p1/q1p1pP2/6P1/P1N1B3/1PPQB2P/2KR3R b - - 0 19
hlmr_more1_lightning,61,21,1.648,-1.900,3.548,9,1r2r1k1/1p4qp/5n2/pP3p2/3Pp2B/P4PPB/2Q4P/4R1K1 b - - 0 31
placement_bundle,39,22,0.817,-2.730,3.547,12,r1b1rk2/p1b2ppB/p4q2/8/1P5P/P3P3/2QP1PP1/1R2K2R b K - 2 20
placement_bundle,53,18,0.756,-2.790,3.546,11,1r6/3nkp1p/8/1Pp1q3/2Q5/4PpP1/1b3P1P/1K1R2R1 b - - 3 27
placement_bundle,41,23,1.434,-2.110,3.544,13,1r2qRk1/2p3pp/Q1p1p3/2Ppb3/1P1Pb3/P3P3/5P1P/R1B1K3 b Q - 0 21
placement_bundle,28,26,-1.505,2.030,-3.535,11,3qkb1r/1Q1rnp1p/4p1p1/pBpP4/P7/2N3P1/1P1P1P1P/n1BK3R w k - 0 15
placement_bundle,108,15,-2.463,1.070,-3.533,11,7r/1r6/Rn1kp3/1Pp1b1R1/3pP3/8/3B2B1/4K3 w - - 8 55
placement_bundle,33,22,1.363,-2.170,3.533,12,rn5r/pp3ppp/3k2b1/2pP4/1PB5/4P3/P3N1PP/R3K2R b KQ - 0 17
placement_bundle,20,30,-0.927,2.600,-3.527,11,r1bqk2r/1pp1bppp/p2p4/8/1n2PP2/2N1nN2/PPPQB1PP/R1B2RK1 w kq - 9 11
placement_bundle,43,22,0.676,-2.850,3.526,10,r2k3r/1b5p/pp1pQ1p1/2q4n/4P3/5PPP/PP2B3/3R1KR1 b - - 2 22
hlmr_more1_lightning,80,19,-1.953,1.570,-3.523,11,4r1k1/6pp/2p2p2/2Pp4/p2P2P1/R2Q1P2/R4K1N/2q1r3 w - - 3 41
placement_bundle,64,25,-0.882,2.640,-3.522,10,1r3r2/7k/p2p2qp/bppn1p2/P3pP1R/1P2P1P1/1B1PB3/2R1K2Q w - - 0 33
placement_bundle,19,32,0.832,-2.690,3.522,10,rnbqkbnr/1pp2p2/p2p2p1/3Pp3/4P3/3Q3p/PPP1BPPP/RNBR2KN b kq - 1 10
placement_bundle,93,16,1.676,-1.840,3.516,11,7Q/2kr4/3pqp2/2p5/p1b1P1PP/5P2/1B6/1K1R4 b - - 10 47
placement_bundle,48,18,-0.671,2.840,-3.511,10,4rrk1/1p3pp1/3q4/p2p3Q/P6N/4P3/1P1NK1P1/5R2 w - - 1 25
stack_lightning,44,24,-0.590,2.920,-3.510,11,2kr3r/1p5p/3p2pb/p1n1pp2/8/BP1BPN2/bKP3PP/4R1R1 w - - 4 23
placement_bundle,71,14,2.548,-0.960,3.508,12,8/2k2rpp/p7/2N1p3/pP3P2/4B1KP/6P1/8 b - - 1 36
placement_bundle,48,23,-1.686,1.820,-3.506,9,5rk1/pb2q1pp/2p1p3/2p1NrN1/P1P4P/1P2nP2/7Q/R2R2K1 w - - 3 25
placement_bundle,64,17,0.726,-2.780,3.506,13,1k6/2p5/p2r2p1/2N2p1p/1P3P2/P4BP1/7P/1r4BK w - - 0 33
placement_bundle,60,22,-1.873,1.630,-3.503,14,4r1k1/p4ppp/P4nn1/1Pp2qB1/2Pp4/3P1BP1/2Q2P2/5K1R w - - 0 31
placement_bundle,51,23,1.278,-2.220,3.498,11,6k1/1Brnqppp/1p1br3/8/3P1P2/p5P1/PP3BQP/1R2R1K1 b - - 3 26
placement_bundle,63,20,-1.448,2.050,-3.498,14,4B1k1/p4ppp/P4nn1/1Pp3q1/2Pp4/3P2P1/2Q2P2/5K1R b - - 0 32
placement_bundle,59,16,1.057,-2.440,3.497,12,4r1k1/3q2pp/p7/8/P3bB1P/6P1/1P3P1R/2Q3K1 b - - 0 30
placement_bundle,50,25,-2.435,1.060,-3.495,11,1r1k3r/3Pppb1/1p4pp/p1p4n/2P1p3/P3B3/1P2NPPP/1R1R2K1 w - - 3 26
placement_bundle,39,26,2.611,-0.880,3.491,9,1r3rk1/1B2qp2/1Q3bpp/p1N1p3/2Pn2b1/P2P2P1/3NPP1P/1R2K2R b K - 0 20
placement_bundle,35,29,1.960,-1.530,3.490,10,r2r2k1/1b1nbppp/3p1n2/pq1Pp3/2N1P3/2P4N/1PB1QPPP/R1B2RK1 b - - 0 18
placement_bundle,71,16,2.406,-1.070,3.476,13,1r2b2k/8/4Rq1p/5pp1/2BP4/2PN2P1/P7/3R2K1 b - - 3 36
placement_bundle,33,27,0.745,-2.730,3.475,10,1rb1r1k1/2p2ppp/p1nq1n2/3p2P1/1P1P1P2/2NBBQ1P/1P3P2/2KR3R b - - 0 17
placement_bundle,89,17,0.674,-2.800,3.474,11,2r2rk1/1b6/pp4B1/4B1P1/PnR5/1P1P2P1/5P2/6K1 b - - 2 45
nmp_lightning,37,26,2.052,-1.420,3.472,8,r1br2k1/2pq1p1p/1p4pb/p3P3/P3pPn1/1QN3P1/1P2B3/R1BR2K1 b - - 1 19
placement_bundle,41,25,1.540,-1.930,3.470,11,1r3rk1/ppq1b1np/3Pp1p1/1P1n4/4NBP1/P3Q2P/R4P2/4KBR1 b - - 0 21
placement_bundle,32,29,-1.808,1.660,-3.468,8,r1n1kb1r/1pQ2pp1/p1b1p2p/P1q1P2P/5B2/2NP1N2/1Pn1BPP1/R4K1R w kq - 5 17
ship_standard,38,26,-2.644,0.820,-3.464,12,1r2r1k1/p1pn1pbp/4b3/q1p1pp2/6P1/P1N1B3/1PPQB2P/2KR3R w - - 0 20
nmp_blitz,49,23,-1.163,2.300,-3.463,13,r1r3k1/pp3p1p/3Pp1p1/n2p2B1/1R1P4/5N1P/2b1pPP1/2R1K3 b - - 0 25
placement_bundle,41,27,0.559,-2.900,3.459,9,3rr1k1/5p2/p2q1npb/1p3b1p/1P1Pp2P/PQN5/1B1NBPP1/R3K2R b K - 0 21
hlmr_more1_lightning,33,23,2.368,-1.080,3.448,11,2kr1bnr/Bp1n2p1/2p3p1/7p/7P/2NB4/PPP2PP1/R3K2R b KQ - 0 17
placement_bundle,68,23,-2.085,1.360,-3.445,8,1r2k3/p3bp2/2Rpqnrp/1P1p1N2/P3p1PR/5P2/2Q2P2/B3K3 w - - 0 35
placement_bundle,19,32,0.760,-2.680,3.440,10,r3kbnr/pp3ppp/1qp1p3/4Pb2/1nPpNB2/3P1N1P/PP2BPP1/R2QK2R b KQkq - 7 10
placement_bundle,33,30,1.459,-1.980,3.439,10,rn2qk2/2p5/1pnp1ppr/pQ1Bpb1p/P1P4P/1PNP1NP1/4PP2/R3K2R b KQ - 0 17
placement_bundle,93,14,1.009,-2.430,3.439,14,8/4n1k1/7p/4N1pP/Bp6/1P2PPPK/1r6/8 b - - 4 47
hlmr_more1_lightning,59,18,0.814,-2.620,3.434,10,2r5/4ppk1/3p1np1/3P3p/P7/1P1Q1P2/5KPP/r4N2 b - - 2 30
placement_bundle,56,23,-0.680,2.750,-3.430,11,r3k3/2q2pB1/pp1pB3/n1p1n2r/2b1PQ2/2P2NP1/5P2/2R1R1K1 w q - 2 29
placement_bundle,82,22,-1.649,1.780,-3.429,10,q5k1/4b2p/p2p2p1/1ppPp3/1P2N3/P2PP1P1/Q2KR2P/7r w - - 7 42
placement_bundle,53,23,-2.314,1.110,-3.424,9,3r1r2/3nnk1b/1q2pp2/1ppP3N/2p1P1QB/5N2/4BPP1/5RK1 b - - 4 27
placement_bundle,95,19,0.799,-2.620,3.419,10,4rk2/Q1Rb3p/2p2p2/2PP2q1/4r1P1/P5B1/4p1P1/4R1K1 b - - 2 48
placement_bundle,62,21,-1.578,1.840,-3.418,11,4r1k1/p4ppp/P1B2nn1/1Pp3q1/2Pp4/3P2P1/2Q2P2/5K1R w - - 0 32
placement_bundle,66,20,-0.713,2.700,-3.413,10,2k2b2/5p1r/3p1P2/p2Bn1pp/2pB4/r6P/P5P1/2R2RK1 w - - 3 34
placement_bundle,60,17,-1.247,2.160,-3.407,11,2bqr1k1/5p2/p3p3/2RPQ3/3PN3/4P1P1/4KP2/7r w - - 5 31
placement_bundle,71,14,-0.937,2.470,-3.407,13,4k1r1/p3pp2/3pb2p/1P6/6P1/8/1R2R2K/3N4 b - - 0 36
placement_bundle,23,28,0.555,-2.850,3.405,10,rn1q1rk1/pp3ppp/8/2ppPb2/3Pn3/1QPBB3/P4PPP/R3K1NR b KQ - 1 12
placement_bundle,17,31,1.943,-1.460,3.403,10,rnb1kb1r/1pq2p1p/p1p2np1/3Pp3/1PN5/2PB1N1P/P2P1PP1/R1BQK2R b KQkq - 0 9
placement_bundle,54,20,-2.183,1.220,-3.403,9,3r4/pp1P1ppp/n7/4k3/Bp1N4/3br3/P5PP/2RR2K1 w - - 3 28
placement_bundle,40,23,0.899,-2.500,3.399,11,r4rk1/2p2ppp/p3q3/4P3/Pp2PB1P/5bP1/1PQ2P2/R4K1R w - - 2 21
placement_bundle,37,31,1.889,-1.510,3.399,9,1n1qk3/r2b1pbr/1p1pP1p1/2p2nPp/p1P1Q2P/PPN1P3/1B1N1PB1/R3K2R b KQ - 0 19
placement_bundle,62,21,-0.709,2.690,-3.399,11,3r2k1/7p/2Rpbpp1/rp2p1q1/P3P3/3BP3/5QPP/4R2K w - - 0 32
placement_bundle,26,27,-1.608,1.790,-3.398,10,rnbq2k1/pp4Pp/2p2r2/P2n4/5p2/P1pP1N2/2P1B1PP/R1BQ1RK1 w - - 1 14
placement_bundle,48,22,-1.164,2.230,-3.394,12,2rr2k1/3b1p1p/1p2p1p1/p7/2p1P1n1/P1N2N2/1PPB2K1/R2R4 w - - 0 25
hlmr_more1_lightning,71,18,1.543,-1.850,3.393,12,3rnk2/R4p2/4p3/1P2P1p1/1PPN4/4n2r/4B2P/2K2R2 b - - 4 36
placement_bundle,62,20,-1.833,1.560,-3.393,11,2rk1r2/1Qp1p3/4q1pp/3pN3/2nP1PP1/4B3/P6P/4R1K1 w - - 5 32
placement_bundle,58,21,-1.212,2.180,-3.392,11,r3kr2/4qp2/p1p3p1/2p2P1p/N4Q1P/1PpP4/P4P2/3K3R w q - 0 30
placement_bundle,55,21,-1.967,1.420,-3.387,9,4r1k1/2p2ppp/p1bp1q2/2p1R3/7P/1PQ1BN2/P3PK2/R7 b - - 0 28
placement_bundle,70,19,-1.737,1.650,-3.387,12,6k1/5ppp/pP6/2r1p3/8/4bPP1/1Nbr2BP/R4R1K w - - 0 36
placement_bundle,39,25,1.453,-1.930,3.383,13,1r2qrk1/2p3pp/Q1p1pb2/2PpN3/1P1PbR2/P3P3/5P1P/R1B1K3 b Q - 4 20
hlmr_more1_lightning,37,24,1.431,-1.950,3.381,8,r4r2/1pq3b1/n1p5/p3ppk1/P1BP2bR/3QP1P1/1P1B1P2/R3K3 b Q - 0 19
hlmr_more1_lightning,32,24,2.218,-1.160,3.378,10,2kr1bnr/Bp1n2p1/2p3p1/7p/7P/2Nq4/PPP1BPP1/R3K2R w KQ - 0 17
placement_bundle,58,19,-2.256,1.120,-3.376,10,r3r1k1/1b4pp/1p3p2/1q1p4/5Q2/4PN1P/5PP1/2R3KR w - - 0 30
hlmr_more1_lightning,56,19,-0.635,2.740,-3.375,9,4r1k1/6pp/p2Rbp2/2B5/P1p1BP2/1r2n3/6PP/2R3K1 w - - 0 29
placement_bundle,50,23,-1.169,2.200,-3.369,10,2r2rk1/1q1p3p/p3p1pP/2p2p1n/2P1P3/1PN1BN2/P6Q/3R1K2 w - - 0 26
hlmr_more1_blitz,46,23,-0.849,2.520,-3.369,12,rr2k3/1p2qppp/1Q2p3/NPPp4/b4P2/P5P1/5P1P/R1R3K1 w - - 1 24
placement_bundle,57,22,1.019,-2.350,3.369,9,6k1/2rnqppp/1p1b4/1B6/3P1P2/6P1/Pp1r1BQP/1R3RK1 b - - 5 29
ship_blitz,52,21,-1.766,1.600,-3.366,12,6k1/pp1bb2p/1q2p3/3p1Qp1/8/2rN4/PPP2P1P/3RR1K1 w - - 0 27
ship_standard,39,25,-2.370,0.990,-3.360,10,1r2r1k1/p1pn1pbp/4b3/q1p1pP2/8/P1N1B3/1PPQB2P/2KR3R b - - 0 20
placement_bundle,16,31,-0.819,2.540,-3.359,10,r1b1kb1r/pp1p1ppp/2n1pn2/1N6/1qNp1B2/4P3/PPP2PPP/R2QKB1R w KQkq - 4 9
placement_bundle,57,18,1.025,-2.330,3.355,12,4r1k1/3q2pp/p1r5/8/P3bB1P/6P1/1P3P1R/2R1Q1K1 b - - 6 29
placement_bundle,60,24,-1.792,1.560,-3.352,9,r4rkb/1b1p3p/4p1p1/1N1P1p2/q7/Pp1R4/2nBPPB1/1R1Q1K2 w - - 4 31
placement_bundle,33,25,0.769,-2.580,3.349,9,1r3rk1/Qp2b1pp/4qn2/2p1p2P/2P2p2/B3P3/P2PBPP1/1R2K2R b K - 0 17
placement_bundle,34,24,-2.379,0.970,-3.349,11,r1b1k1nQ/1p3p1p/p2p2q1/P1p1p3/8/4N3/1PnPKPP1/2B2B1R w q - 4 18
placement_bundle,59,23,2.179,-1.170,3.349,11,4k2r/r1p1npp1/1b6/4PnP1/pPPp1N2/B4N2/p4P2/R2R2K1 b - c3 0 30
placement_bundle,52,24,-0.699,2.650,-3.349,9,r3k3/2q2pB1/pp1pB3/n1p1n2r/4PQ1N/2PP2P1/2b2P2/1R2R1K1 w q - 0 27
hlmr_more1_blitz,42,20,-1.777,1.570,-3.347,12,r5k1/p1pR1ppp/2pbr3/8/5P1P/8/bPP2BB1/2K2R2 w - - 5 22
placement_bundle,28,27,-1.024,2.320,-3.344,10,rn1q2k1/pp1b2Pp/2p2r2/P2nN3/5p2/P1pP4/2P1B1PP/R1BQ1RK1 w - - 3 15
placement_bundle,39,27,1.322,-2.020,3.342,9,r1br2k1/p5pp/1pp1pn2/2n2P2/P1PB4/3BP2P/2QPNP1q/R3K1R1 b Q - 2 20
placement_bundle,58,24,-1.590,1.750,-3.340,13,3rr1k1/p4ppp/P4nn1/1Pp2qB1/2Pp4/3P1BP1/2Q2P2/4RK1R w - - 1 30
placement_bundle,18,30,-2.379,0.960,-3.339,12,r3kb1r/1p2ppp1/1pp2n1p/3pNb2/1nPP2P1/7P/PP1NPP2/R1B1KB1R w KQkq - 1 10
nmp_standard,44,24,-1.358,1.980,-3.338,14,2rr1nk1/pp1bb3/4p3/3pPp2/3N3p/3B1Np1/PPP4P/5KRR w - - 0 23
placement_bundle,70,15,-1.096,2.240,-3.336,11,4k1r1/p3pp2/3pb2p/1P6/6P1/8/1R2RN1K/3r4 w - - 0 36
placement_bundle,34,25,-1.326,2.010,-3.336,10,r3k2r/1pp2ppp/p7/2bn1b2/5P2/P4N2/1PnBB1PP/2RN1R1K w kq - 3 18
placement_bundle,46,22,-1.635,1.700,-3.335,10,2r3k1/3n1ppp/3bp3/pN1p4/8/P1rnPNPQ/4KP1P/7R w - - 4 24
placement_bundle,64,19,-2.334,1.000,-3.334,11,2Q2bkr/7p/3p1np1/pp1P4/2P5/P6P/1q3BP1/4R1K1 w - - 0 33
hlmr_more1_lightning,63,19,-0.751,2.580,-3.331,8,r5k1/1p2Qp2/2p3pp/p2r4/3B3P/3KP3/PP3q2/2RR4 b - - 1 32
ship_lightning,60,21,2.068,-1.260,3.328,10,2r3k1/5ppp/2p2q2/2Q1p3/2PPP1P1/P1P1BP2/2r4P/R5K1 w - - 1 31
jun6_blitz,13,32,1.800,-1.520,3.320,13,rnbq1rk1/ppp1ppbp/3p2p1/8/2PPP1n1/2NBBN2/PP3PPP/R2QK2R b KQ - 5 7
placement_bundle,28,29,-1.180,2.140,-3.320,9,r3r1k1/p1p2ppp/1p1ppq2/8/2PnbBnP/5NP1/PP1QPPB1/2R1K2R w - - 0 15
placement_bundle,53,22,0.889,-2.430,3.319,11,6k1/1Brnqppp/1p1br3/8/3P1P2/6P1/Pp3BQP/1R3RK1 b - - 1 27
hlmr_more1_lightning,62,24,-0.626,2.690,-3.316,9,3r1r1k/1pp4p/p3p3/3p1qP1/PP1Pn2P/2P1Q1P1/5p1K/R4R1B w - - 1 32
placement_bundle,24,28,-2.030,1.280,-3.310,11,rnbq1rk1/pp4pp/2p2P2/P2n4/5p2/P1pP1N2/2P1B1PP/R1BQ1RK1 w - - 1 13
placement_bundle,43,24,0.803,-2.500,3.303,9,3r1rk1/p6p/q3b1pb/2Q2p2/1p1B3N/1P1PP1PP/P4P2/2R2K1R b - - 0 22
placement_bundle,58,19,-1.159,2.140,-3.299,9,2r2k2/3n3p/rp2p2P/p2q1pB1/3P4/P1PR4/2Q5/3K2R1 w - - 4 30
hlmr_more1_lightning,44,24,-0.767,2.530,-3.297,12,4r1k1/1pp3pp/p1n1p3/P3p3/1PQ2rP1/2P1p2P/3N1q2/RNK2R2 w - - 0 23
hlmr_more1_lightning,44,20,-0.984,2.310,-3.294,11,4q1k1/ppp2r1p/3p2p1/4pP2/2n1P2Q/2P4P/P6K/3R1R2 w - - 4 23
placement_bundle,32,25,-2.454,0.840,-3.294,12,r3k2r/pp3ppp/2p2n2/4p3/Qbq5/2N2PP1/P2P1P1P/R1B1K2R w KQkq - 0 17
ship_standard,42,26,-0.893,2.400,-3.293,12,r1q1r2k/2pb1p1p/3p2p1/p1pNbP2/4P1R1/1PPQB3/P5PP/3R2K1 w - - 1 22
placement_bundle,62,17,-0.909,2.380,-3.289,11,2bqrk2/5p2/p3pN2/2RPQ3/3P4/4P1P1/4KP2/7r w - - 7 32
placement_bundle,78,14,-1.398,1.890,-3.288,12,8/5R2/1p3p1k/p3bK1P/2p4P/P5r1/1P5R/8 w - - 0 40
placement_bundle,39,29,0.875,-2.410,3.285,11,r2r2k1/1p1b1pbp/1q1p1np1/pP1Pp3/PBP5/1Q1B1N1P/4NPP1/R4K1R b - - 0 20
hlmr_more1_lightning,61,26,-1.283,2.000,-3.283,9,2r1k2r/pp2p1b1/6p1/n1pPNbp1/2P5/qP2Q1P1/P2B1P1P/2RR2K1 b - - 0 31
hlmr_more1_lightning,42,20,-1.088,2.190,-3.278,8,4q1k1/ppp4p/3p1rp1/4pP2/2n1P3/2P3QP/P6K/3R1R2 w - - 2 22
stack_lightning,53,26,2.066,-1.210,3.276,8,3qr1k1/1p1n2bp/2p3p1/p2pPr2/P1PP1n2/1PN1BN2/7P/1R2RQ1K b - - 5 27
away_lightning,46,24,-0.588,2.680,-3.268,10,2r2rk1/1p1b3p/p3p1pb/3pnp2/PQ1N4/1PR1P1P1/4P2P/4KR2 w - - 6 24
hlmr_more1_lightning,42,20,-0.713,2.550,-3.263,9,1r2bk1r/p1p2p2/3p4/6p1/2B1Q3/q5P1/P1PK2PP/5R1R w - - 2 22
placement_bundle,35,24,0.993,-2.270,3.263,11,r1bqr1k1/p1b2ppp/p4B2/8/1P5P/P2BP3/2QP1PP1/R3K2R b KQ - 0 18
placement_bundle,94,18,-0.573,2.690,-3.263,11,3Br1k1/3n1ppp/8/p1p5/7Q/2q2P2/R1r3PP/3R1K2 w - - 0 48
placement_bundle,42,25,-2.203,1.060,-3.263,10,3rr1k1/2n4p/bp1pq1p1/p1p5/2P5/P2QPN1R/1b1BNPP1/2R1K3 w - - 0 22
placement_bundle,91,15,1.758,-1.500,3.258,17,R7/5pk1/1p3r1p/1P3N1P/2Pp2p1/3P4/3KP3/8 b - - 0 46
hlmr_more1_lightning,78,19,-1.416,1.840,-3.256,10,4r1k1/6pp/2p2p2/2Pp4/p2P2P1/R4P2/R2Q1K1N/1q2r3 w - - 1 40
ship_lightning,42,27,-0.786,2.470,-3.256,9,r4rk1/1p3pp1/p1n1b2p/q2Np1B1/2Q1N1n1/b5P1/1P2PPBP/2RR2K1 w - - 0 22
placement_bundle,108,18,2.255,-1.000,3.255,10,2r4k/5qpp/3Qb3/3p4/1B1Pp3/NP2P3/P5p1/1K1R4 w - - 1 55
placement_bundle,43,27,1.822,-1.430,3.252,9,5rkr/2q1n1p1/p3p3/np1bPpQB/2pP4/1P3NN1/P1P3PP/R3R1K1 b - - 2 22
placement_bundle,32,26,-0.569,2.680,-3.249,12,r3kbnr/pp2pp2/7p/2p1Pbp1/2P5/4QNB1/q3BPPP/2R2RK1 w kq - 0 17
placement_bundle,61,24,0.505,-2.740,3.245,10,4kbr1/1b3p2/1q2p2p/1P1pP3/3P1P2/rnN1Q2P/2R1B1pN/3R2K1 b - - 1 31
away_lightning,70,21,1.004,-2.240,3.244,14,3b4/p2b1pkp/2p2p2/P1Pp1P1P/PN1Pp1P1/1N2P3/1K6/8 w - - 0 36
placement_bundle,27,27,1.040,-2.200,3.240,9,r1bqk2r/p4pp1/1pP1p2p/2b1Nn2/2Pp1B2/P5P1/6BP/RN1Q2KR b kq - 7 14
placement_bundle,30,30,-1.329,1.910,-3.239,10,r3k2r/p1p2pb1/1pbppn2/2Pq3p/3P1Bp1/P1Q5/1P1NPPPP/3RKB1R w Kkq - 0 16
placement_bundle,25,31,0.967,-2.270,3.237,11,r1bq1rk1/1pp2pbp/2Np2p1/1Q2pnN1/p1P5/P2P2P1/1P2PPBP/R1B1K2R b KQ - 0 13
placement_bundle,62,17,0.656,-2.580,3.236,13,1k6/2p4p/p2r2p1/2N2p2/5P2/P4BP1/1P5P/1r4BK w - - 1 32
placement_bundle,34,25,-1.756,1.480,-3.236,11,2r1k2r/1bqp1ppp/p3pn2/2p4P/2P4N/1PN1P3/P3Q1B1/R1B2K2 w k - 1 18
hlmr_more1_blitz,43,24,1.491,-1.740,3.231,11,5rk1/p1p1qp1p/3rb3/b4p2/3p1Q1B/2PB1P2/PP4PP/R1K4R b - - 1 22
placement_bundle,33,26,1.020,-2.210,3.230,11,r1bqr1k1/ppb2ppp/N4n2/8/1P5P/P2BP3/1BQP1PP1/R3K2R b KQ - 0 17
placement_bundle,43,21,1.838,-1.390,3.228,9,r2r2k1/p4ppp/Q3pn2/8/3P1q2/2PB4/P4PPP/1R2R1K1 b - - 3 22
placement_bundle,44,22,-1.988,1.240,-3.228,12,2rr2k1/3b1ppp/1p2pn2/p7/2pN4/P1N1P3/1PPB2K1/R2R4 w - - 1 23
ship_lightning,90,20,0.558,-2.670,3.228,9,7r/4rqk1/pR4p1/P1Q1Pb1p/3P1Pn1/6P1/2P1R2P/6K1 w - - 3 46
placement_bundle,62,23,-2.367,0.860,-3.227,9,2brr1k1/1p3p2/p5p1/3p3p/Pq1N1QPP/1Pb1PB2/8/2RR1K2 w - - 0 32
placement_bundle,65,19,-1.567,1.660,-3.227,13,4n1k1/p4ppp/P5n1/1Pp3q1/2Pp4/3P2P1/4QP2/5K1R b - - 1 33
placement_bundle,49,26,0.620,-2.600,3.220,10,r1nr2k1/1p3p2/p1p1b1pp/P1Qp4/1PP4P/3BPP2/1q1N2P1/3R1K1R b - - 0 25
placement_bundle,44,19,-1.065,2.150,-3.215,9,r2nk2r/5pbp/1P4p1/p3p3/R7/2N5/PB2KP1P/1R6 w kq - 0 23
placement_bundle,48,24,-0.833,2.380,-3.213,11,2r3k1/3rnpp1/1pq4p/p1pp3P/P4PP1/2PP3B/2PQ4/2K1RR2 w - - 2 25
placement_bundle,30,27,-1.382,1.830,-3.212,11,r3k2r/1ppb1ppp/1p1p4/8/PnP1Ppn1/1P1P4/3BB1PP/R2K2NR w kq - 2 16
placement_bundle,79,19,2.049,-1.160,3.209,14,5k2/4pb1r/1q1pNp2/3P1P1P/p1p1P2R/P1P5/8/2Q2K2 b - - 1 40
jun6_blitz,15,31,1.447,-1.760,3.207,12,rnbq1rk1/pp2ppbp/3p2p1/2P5/2P1P1n1/2NBBN2/PP3PPP/R2QK2R b KQ - 0 8
hlmr_more1_lightning,60,18,0.575,-2.630,3.205,10,2r5/4ppk1/3p1np1/3P4/P6p/1P1Q1P2/5KPP/r4N2 w - - 0 31
placement_bundle,18,28,-0.813,2.390,-3.203,10,2kr3r/pppqppbp/4b1p1/3n4/3PP3/6P1/PP3PBP/RNBQK2R w KQ - 1 10
nmp_standard,42,25,-1.252,1.950,-3.202,14,2rr1nk1/pp1bb3/4p3/3pPp2/3N1p1p/3B1N2/PPP3PP/5KRR w - - 8 22
away_lightning,24,28,-0.791,2.410,-3.201,9,r3k2r/pb3ppp/1p1qpn2/2pPb3/P1B1P3/2N2Q2/1P3PPP/R1B2RK1 w kq - 1 13
placement_bundle,51,23,-1.870,1.330,-3.200,10,2r1k1r1/pp2pp2/3pb2p/1P5Q/1qP1NP2/4P3/1b1RB1P1/1R4K1 b - - 5 26
placement_bundle,38,24,-0.978,2.220,-3.198,9,1k1r3r/pp3p1p/3P1np1/2q1bNB1/3p4/3Q4/PP3PPP/R2R2K1 w - - 0 20
placement_bundle,64,23,-1.783,1.410,-3.193,10,1r2k3/p2qbp2/2Rp1nrp/1P1pp3/P2B2PR/4NP2/2Q2P2/4K3 w - - 0 33
placement_bundle,70,19,-0.772,2.420,-3.192,11,5qkr/1pP2p2/6p1/1B1P3p/3pn3/6P1/3B1P1P/R4K1R w - - 0 36
placement_bundle,43,26,0.600,-2.590,3.190,9,3rk2r/1ppb1ppp/p3p3/3nP3/P1RN4/1P1P2P1/1b1B1PBP/5K1R b k - 10 22
placement_bundle,65,17,1.179,-2.010,3.189,13,1r2bq1k/8/B6p/4Npp1/3P4/2P3P1/PP6/3RR1K1 b - - 0 33
hlmr_more1_lightning,92,18,-1.958,1.230,-3.188,11,2r5/5p2/1R4pp/2p1kr2/1p1p4/1NpP3P/5PP1/2R2K2 w - - 4 47
placement_bundle,56,20,-2.156,1.030,-3.186,12,6k1/2p2ppp/p1bp1q2/2p1r3/7P/1PQ1BN2/P3PK2/R7 w - - 0 29
placement_bundle,53,20,1.025,-2.160,3.185,9,r3k3/1p2p1bp/2p1N3/5Q1n/3P4/Pq6/1p1BPp1P/5R1K b q - 2 27
placement_bundle,37,21,-1.245,1.940,-3.185,11,r1b1k1Q1/1p3p1p/p2p4/P1p1p3/8/8/1PqPKPP1/2B2B1R b q - 0 19
placement_bundle,43,25,1.630,-1.550,3.180,9,r3r1k1/1b2qp1p/p5p1/PpPp4/1B3Pn1/1PQBP3/6PP/4RRK1 b - - 4 22
placement_bundle,35,24,-1.666,1.510,-3.176,12,2r1k2r/1Bqp1ppp/p3pn2/2p4P/2P4N/1PN1P3/P3Q3/R1B2K2 b k - 0 18
placement_bundle,63,23,-1.584,1.590,-3.174,9,1r2k3/p2qbp2/2Rppnrp/1P1p4/P2B2PR/4NP2/2Q2P2/4K3 b - - 0 32
away_blitz,48,24,-2.299,0.870,-3.169,11,2b2r2/rp4kp/p1n2pp1/2qp3n/6N1/2BQ2P1/4PPBP/R4RK1 w - - 0 25
hlmr_more1_lightning,53,18,1.489,-1.680,3.169,12,4n2r/4ppk1/3p2p1/1Q1P3p/P7/5P2/1P4PP/r4NK1 b - - 3 27
placement_bundle,56,25,-0.887,2.280,-3.167,8,2r1kr2/pp2b2p/1q1pb2n/5pp1/4P3/P1N2N1P/1PQ3PB/R2R3K w - - 4 29
placement_bundle,64,19,-1.327,1.840,-3.167,12,rk1r4/1p1b3R/pb1p2N1/3B1p2/2P3pP/1P5P/6K1/3R4 w - - 3 33
placement_bundle,67,18,0.505,-2.660,3.165,11,b5k1/3N1r2/4p2p/5pp1/2P5/1P2PPP1/3QK2P/q2B4 b - - 0 34
placement_bundle,36,25,-0.934,2.230,-3.164,10,r2r2k1/pb3ppp/5n2/2ppQ3/2P1pP2/1P2P3/qB1RB1PP/5RK1 w - - 0 19
placement_bundle,79,24,1.404,-1.760,3.164,9,1r2r1k1/5pp1/pq6/2p2nPp/2Pp1P2/Pb3Q1P/3BN2R/1R2K2B b - - 5 40
placement_bundle,35,21,0.822,-2.340,3.162,11,rn5r/pp3ppp/3k2b1/3P4/1pB5/4P3/P3N1PP/R4RK1 b - - 1 18
placement_bundle,17,30,-0.662,2.500,-3.162,9,r3kbnr/pp2pppp/1qPp4/7b/2nN4/2N2PP1/PP2P2P/R1BQKB1R b KQkq - 0 9
placement_bundle,19,28,2.067,-1.090,3.157,10,r1b1k2r/pp1pppbp/6p1/q1PB4/8/2P1PN1P/P1P2PP1/R1BQK2R b KQkq - 2 10
away_blitz,32,22,-2.166,0.990,-3.156,14,rn3rk1/bp4pp/4p3/4p3/6n1/2N3P1/PP2PPBP/R4RK1 w - - 0 17
hlmr_more1_blitz,60,21,-1.083,2.070,-3.153,12,2rn1k2/p4p1p/Qp1p2p1/2pP1q2/1P2RP2/P1B4P/6P1/7K w - - 1 31
hlmr_more1_lightning,49,25,0.762,-2.390,3.152,9,1r3r1k/1ppq3p/p3p1p1/3p4/P1nP1P1P/3Q1pP1/1PP5/RR4KB b - - 5 25
placement_bundle,17,31,0.672,-2.480,3.152,11,r2qkb1r/1p1bpppp/2n2n2/p1P5/Q1Pp4/4PNP1/PB1P1P1P/RN2KB1R b KQkq - 0 9
hlmr_more1_blitz,58,22,-1.261,1.890,-3.151,12,2rn2k1/p4p1p/Qp1p2p1/2pP1q2/1P2rP2/P1B4P/6P1/4R2K w - - 0 30
ship_lightning,56,21,1.838,-1.310,3.148,10,2r3k1/5ppp/2p2q2/2Q1p3/2P1P3/P1PPBP2/2r3PP/R5K1 w - - 1 29
placement_bundle,39,26,1.968,-1.180,3.148,12,r3r1k1/2pb1p1p/3p2p1/pN1Pb1q1/4P3/1Q3PB1/PPP3PP/1K1RR3 b - - 0 20
placement_bundle,36,23,-1.705,1.440,-3.145,12,2r1k2r/1q1p1ppp/p3pn2/2p4P/2P4N/1PN1P3/P3Q3/R1B2K2 w k - 0 19
hlmr_more1_lightning,58,20,-0.842,2.300,-3.142,10,r2r2k1/1p3p2/2p3pp/p1QP4/3B3P/4P1q1/PP6/2RRK3 w - - 0 30
placement_bundle,102,20,-0.538,2.600,-3.138,8,1k3q1b/p7/2p1b2p/2p2p1P/P1P2P1N/3BP1r1/4Q3/4K2R w - - 5 52
placement_bundle,58,17,0.968,-2.170,3.138,11,4r1k1/3q2pp/p7/8/P3bB1P/6P1/1P3P1R/2r1Q1K1 w - - 0 30
placement_bundle,58,22,-0.557,2.580,-3.137,8,3k3r/4n1p1/1p2Pp2/p2p2P1/1bbP4/qP2Q1P1/4N1B1/N1R3K1 w - - 1 30
placement_bundle,48,23,-1.997,1.140,-3.137,10,7r/2qk1p2/1rp1p3/3pbb1p/1P4p1/2PB4/P5PP/R1BQR2K w - - 2 25
placement_bundle,39,27,0.745,-2.390,3.135,9,2rqrk2/1B3pp1/pp2bn1p/2p1b3/1P5B/P1NP2P1/2PQ1P1P/RR4K1 b - - 1 20
placement_bundle,59,19,1.995,-1.130,3.125,12,2r3k1/p4p1p/2p1p1p1/q3P3/2Q1P2P/P4NP1/1P6/1K5B b - - 1 30
placement_bundle,35,29,1.273,-1.850,3.123,9,r3r1k1/3n2pp/p1pbb1q1/1pp2pB1/2P1P3/Q2P1N1P/PP1N1PP1/2RR2K1 b - - 2 18
placement_bundle,27,23,1.571,-1.550,3.121,10,r1b1kb1r/p4p1p/2p1qp2/8/7P/2Q4R/PPP1PPP1/3RKB2 b kq - 3 14
placement_bundle,46,19,-0.747,2.370,-3.117,11,r4rk1/1p3pp1/3q4/p2p1Q1p/P6N/4P3/1P1NK1P1/5R2 w - - 3 24
placement_bundle,52,19,-0.751,2.360,-3.111,11,4rk2/p4p1p/p5p1/2p5/Q2b4/P3qP2/5pKP/1R3R1N w - - 4 27
placement_bundle,66,25,-1.190,1.920,-3.110,9,1r3nk1/1r4p1/2pb1q1p/3p4/P1bPpP2/1NN1P2P/PB4Q1/K2R2R1 w - - 2 34
placement_bundle,48,25,-0.939,2.170,-3.109,9,1r2k2r/1q1np1b1/3p3p/p1p2Pp1/2pPP3/5BR1/PPQ1NP2/2KR4 w k - 2 25
placement_bundle,82,23,-1.128,1.980,-3.108,10,1rr1q1k1/7p/Q4p2/ppPppp2/P3n2P/3NP1P1/2R2P2/2R3K1 w - - 0 42
placement_bundle,31,27,0.596,-2.510,3.106,9,r1bqr1k1/ppb2ppp/n7/2Nn4/1P5P/P2BP3/1BQP1PP1/R3K2R b KQ - 2 16
nmp_standard,40,25,-1.233,1.870,-3.103,13,r2r1nk1/pp1bb3/4p3/3pPp2/3N1p1p/3B1N2/PPP2KPP/6RR w - - 6 21
placement_bundle,32,27,-0.733,2.370,-3.103,10,r3k2r/p1nqpp2/1p1p1n2/2pP4/2P1P1pb/1QN5/PP1BNP2/3RK2R w Kkq - 1 17
hlmr_more1_lightning,35,28,0.813,-2.290,3.103,9,2rqk1nr/pp4p1/2n1p1p1/b2pP2p/Q2P2P1/PP6/1B2B1PP/RN3RK1 b k - 0 18
placement_bundle,68,22,0.891,-2.210,3.101,11,2kr4/5Q2/ppq2b2/2p1pp1p/6bP/2P1B1P1/PP3P2/R3K1R1 w Q - 0 35
hlmr_more1_lightning,47,21,0.910,-2.190,3.100,12,3r1b1r/Np1n2p1/1k4p1/2p4p/7P/2B3P1/PPP1B1P1/2KR4 b - - 1 24
placement_bundle,52,22,0.968,-2.130,3.098,10,6k1/1Brnqppp/1p1br3/8/3P1P2/6P1/Pp3BQP/1R2R1K1 w - - 0 27
stack_blitz,56,18,1.174,-1.920,3.094,12,4kb2/p1p5/2b1P1pp/8/2n2B2/2P4Q/q4PPP/3B2K1 w - - 1 29
nmp_lightning,36,25,-1.440,1.650,-3.090,10,r2qr1k1/pp4pp/4bp1n/2Q1p3/8/5NPP/nP1NPPB1/R4RK1 w - - 1 19
placement_bundle,34,27,-2.216,0.870,-3.086,11,1rb1kb1r/3nnppp/p4q2/B1pP4/Q3P3/8/PPB2PPP/2KR2NR w k - 1 18
ship_blitz,26,32,-0.642,2.440,-3.082,11,rn1qr1k1/pb1nb2p/4p1pB/1p1pPp2/2pP4/2N2BQ1/PPP2PPP/R3K1NR w KQ - 4 14
stack_lightning,39,24,-1.432,1.650,-3.082,11,2kr1b1r/1p3p1p/3p2p1/p3p3/4n3/BP2PN2/bKP3PP/3R1BR1 b - - 1 20
placement_bundle,35,28,0.570,-2.510,3.080,12,2k1rr2/pppq3p/3ppb1p/4p3/2PnP3/1PNPQN2/P4PPP/1R2R1K1 b - - 3 18
placement_bundle,33,29,0.586,-2.490,3.076,8,3r1k1r/1p3pp1/pq1b1n1p/n1pP1b2/5P1P/N2P2P1/PPQB2BN/R3K2R b KQ - 0 17
placement_bundle,22,31,-1.005,2.070,-3.075,11,r1b1kbnr/5p2/p1Ppp1pp/q3n3/Pp2P3/2NQBN2/1PP2PPP/R3KB1R w KQkq - 1 12
placement_bundle,24,30,-1.733,1.340,-3.073,12,r2qk2r/pp2ppbp/2pp1np1/8/2PPN3/4PNP1/PP1K1P1P/n1BQ1B1R w kq - 0 13
hlmr_more1_lightning,63,19,0.613,-2.460,3.073,12,8/pBr1k2p/2P1p1p1/pP3p2/2N2P2/1n2PKP1/1P5P/8 b - - 2 32
hlmr_more1_lightning,59,23,1.042,-2.030,3.072,10,1r2r1k1/1p1b2qp/5n2/pR3p2/2PPp2B/P4PPB/2Q4P/4R1K1 b - - 0 30
placement_bundle,93,15,0.940,-2.130,3.070,12,4k3/8/3rp3/3q1p1p/1Qn2N1P/P4P2/P7/2K1R3 b - - 25 47
hlmr_more1_lightning,73,17,0.719,-2.350,3.069,12,1r1k4/8/3pb3/3N4/4P2p/pPb2r2/P2RBP2/1K3R2 b - - 4 37
placement_bundle,38,22,0.759,-2.310,3.069,12,r1b1rk2/p1b2ppB/p4q2/8/1P5P/P3P3/2QP1PP1/R3K2R w KQ - 1 20
placement_bundle,46,25,-1.228,1.840,-3.068,9,4rk1r/p4pb1/Bpq3p1/2p1n2p/4P2P/N1B1Q1P1/bP3P2/2KR3R w - - 1 24
placement_bundle,76,15,-1.997,1.070,-3.067,12,8/3R1p2/1p3p1k/p1p1bK1P/7P/P5r1/1P5R/8 w - - 1 39
placement_bundle,14,30,-0.517,2.550,-3.067,11,r2qkb1r/ppp1pppp/2n3b1/8/1n1P4/2N2NP1/PP2PPBP/R1BQK2R w KQkq - 3 8
placement_bundle,67,19,-1.555,1.510,-3.065,11,6k1/p4ppp/P2n2n1/1Pp3q1/2Pp4/3P2P1/5P2/3Q1K1R b - - 3 34
placement_bundle,56,22,1.053,-2.010,3.063,10,6k1/2rnqppp/Bp1b4/8/3P1P2/6P1/Pp1r1BQP/1R3RK1 w - - 4 29
away_blitz,19,29,0.672,-2.390,3.062,9,r1b1k2r/pp1pppbp/2n2np1/8/1qPN4/2N1B1P1/P3PPBP/2RQK1R1 b kq - 3 10
placement_bundle,56,18,-0.582,2.480,-3.062,9,2r5/ppk3rp/2p5/4pp2/3b4/PQ3PP1/5PKP/4R3 w - - 0 29
ship_blitz,53,21,-1.551,1.510,-3.061,12,6k1/pp1bb2p/1q2p3/3p2p1/6Q1/2rN4/PPP2P1P/3RR1K1 b - - 1 27
placement_bundle,63,20,2.070,-0.990,3.060,10,r3nk2/5pp1/1pb1p3/2q1P2Q/2pR1P2/2P5/6PP/1BB2K2 b - - 8 32
placement_bundle,29,27,2.078,-0.980,3.058,10,r4rk1/pppq1pbp/6p1/1NnP1n2/8/6PP/PPPBQPB1/2KR3R b - - 1 15
placement_bundle,45,21,0.963,-2.090,3.053,11,r4r2/2k3p1/p3pp2/Np1b4/4nPB1/P3P3/1P4PP/3R1K1R b - - 0 23
placement_bundle,49,28,0.581,-2.470,3.051,11,3k1q2/2rbnrb1/4p1pp/npp5/p3B1P1/P2PPN1R/QP1N1P2/1RB1K3 b - - 8 25
jun6_standard,17,30,1.130,-1.920,3.050,12,r1bq1rk1/pp2ppbp/2n2np1/2p5/2P1PB2/2NB1N2/PP2QPPP/R3K2R b KQ - 3 9
placement_bundle,58,21,-1.350,1.700,-3.050,11,3k3r/1pq4r/nNp1p1p1/4p3/4P3/3P2p1/PQP1K1P1/R4R2 w - - 4 30
placement_bundle,51,23,-1.850,1.200,-3.050,10,3r1rk1/3nn2b/1q2pp2/1ppP4/2p1P1QB/5NN1/4BPP1/5RK1 b - - 2 26
placement_bundle,62,23,-1.457,1.590,-3.047,9,1r2k3/p2qbp2/2Rppnrp/1P1p4/3B2PR/P3NP2/2Q2P2/4K3 w - - 5 32
hlmr_more1_lightning,56,24,-0.515,2.530,-3.045,10,5rk1/ppq3b1/3p2pp/P1pPp1r1/1P2P2N/2Q3PP/2P5/R3R1K1 w - - 1 29
hlmr_more1_blitz,44,20,-0.502,2.540,-3.042,11,4r1k1/p1pR1ppp/2pbr3/8/5P1P/1P6/b1P2BB1/2K2R2 w - - 1 23
placement_bundle,36,23,-0.591,2.450,-3.041,10,r3k2r/3pnp1p/1p2pP2/1Pq5/3p1p2/P2Q2P1/5PKP/RN1R4 w kq - 0 19
placement_bundle,31,28,0.889,-2.150,3.039,9,r1bq1rk1/1p2npp1/p2p1n1p/3P4/1bN2B1P/2N3Q1/PP2BPP1/2KR3R b - - 3 16
placement_bundle,80,14,-0.798,2.240,-3.038,12,8/5R2/1p3p1k/p3bK1P/2p4P/P4r2/1PR5/8 w - - 2 41
placement_bundle,46,30,-0.786,2.250,-3.036,10,2r1r2k/p2nqpb1/1pbp3p/2p1p1p1/1PP1P1B1/P1NPB1PP/1Q1N1P2/4K2R w K - 11 24
placement_bundle,21,30,0.814,-2.220,3.034,10,2rqkb1r/Qb1n1ppp/p2p1n2/1p2p3/P3P3/2N1BN2/1PP1BPPP/2KR3R b k - 1 11
placement_bundle,58,21,-1.424,1.610,-3.034,9,r3r1kq/8/p1pQ1Rpp/4Pb2/2pP4/7P/Pn1N2P1/R6K w - - 2 30
placement_bundle,45,22,0.913,-2.120,3.033,9,2rr2k1/pp3q1p/2n1n3/4N1p1/3pN2P/1Q6/PPP2P2/2KRR3 b - - 0 23
placement_bundle,27,28,0.551,-2.480,3.031,10,3qkbnr/ppr2p2/2np2p1/1Q2p3/4P3/2N1B2p/PPP1NPPP/R4RK1 b k - 1 14
placement_bundle,27,27,1.391,-1.640,3.031,9,rnb2rk1/1pp3p1/p2b1q1p/3P4/3PpN2/2P5/PP2Q1PP/RNB2RK1 b - - 1 14
placement_bundle,27,29,1.091,-1.940,3.031,12,r1bq1rk1/2p2pbp/2Qp2p1/4pnN1/p1P5/P2P2P1/1P2PPBP/R1B1K2R b KQ - 0 14
placement_bundle,80,23,-0.540,2.490,-3.030,9,2r1k3/1p5r/p1np2q1/2PB2bb/P3P2p/1QBN3P/1P3RP1/7K w - - 1 41
placement_bundle,46,22,-1.340,1.690,-3.030,9,r3k1r1/2q1pp2/2pp1n2/pP5p/2PPPN2/8/4QPp1/RR4K1 w q - 2 24
placement_bundle,35,30,0.828,-2.200,3.028,9,r3k1r1/1p3pb1/1qb1pn1p/3pB1p1/pn1P3P/2N1QNP1/PP2PPB1/1K1R3R b q - 0 18
placement_bundle,84,16,-2.218,0.810,-3.028,13,1n2r1k1/1R5p/2p2pp1/1r2pP2/6P1/4N2P/R4K2/8 w - - 12 43
ship_standard,46,22,-1.104,1.920,-3.024,12,1r2r1k1/p1pn1pbp/8/2pNpb2/8/P3B3/1PPRB2P/2K3R1 w - - 1 24
placement_bundle,61,17,0.770,-2.250,3.020,12,1k6/2p4p/p2r2p1/2N2p2/5P2/P4BP1/1P5P/4r1BK b - - 0 31
placement_bundle,33,25,1.789,-1.230,3.019,11,r4rk1/2p1qppp/p1p5/4P3/Pb1NP1bP/6P1/1PQ2P2/R1B2K1R b - - 4 17
placement_bundle,59,22,1.189,-1.830,3.019,10,5nk1/2r1qppp/1p1b4/1B6/3P1P2/5QP1/Pp1r1B1P/1R3RK1 b - - 7 30
placement_bundle,41,20,0.977,-2.040,3.017,11,1rb4r/2q2p1B/p3pk2/R2p3Q/3P4/2P1P3/1P3PP1/1N2K3 b - - 0 21
placement_bundle,34,27,-0.643,2.370,-3.013,10,1k1rr3/p4ppp/Ppn1pn2/1N3q1b/2Pp4/1Q3N1P/1P2BPP1/2R1R1K1 w - - 0 18
placement_bundle,48,19,0.629,-2.380,3.009,11,r3r1k1/6pp/2Q5/pp2q1N1/4P2P/8/PPP3P1/1K3R1n w - - 2 25
hlmr_more1_lightning,58,18,0.805,-2.200,3.005,11,2r5/4ppk1/3p1np1/1Q1P3p/P7/1P3P2/5KPP/r4N2 w - - 1 30
away_lightning,34,26,-0.673,2.330,-3.003,9,r1br2k1/pp1q1p1p/6pb/1p1PP3/1B4n1/1Q1B4/PP3PPP/3R1RK1 w - - 0 18
placement_bundle,15,30,1.282,-1.720,3.002,12,r1bq3r/pppnbkpp/3p1n2/4p1N1/4P3/P1N4P/1PPP1PP1/R1BQK2R b KQ - 1 8
placement_bundle,25,27,1.522,-1.480,3.002,10,rn2k2r/pp1b1pp1/1b1qN3/7p/1PB1P1n1/P1N1B1P1/5P1P/R2Q1RK1 b kq - 0 13
placement_bundle,35,29,1.112,-1.890,3.002,9,r3k2r/2qnppb1/2p4p/1p1n4/p1PPN1bP/P2BBNP1/1P2QP2/2KR3R b kq - 0 18
timed_probe,21,28,0.752,-2.250,3.002,10,rn2k2r/pp3ppp/2pbpn2/6q1/P2P4/2NBP3/1P3PPP/R1BQ1RK1 b kq - 3 11
placement_bundle,31,29,1.387,-1.610,2.997,9,r1b2rk1/1q1pppbp/2n2np1/p2P4/1P4P1/P1N1BN1P/4PP2/R2QKB1R b KQ - 2 16
ship_lightning,87,20,0.646,-2.350,2.996,11,1R6/4r1kr/p3q1p1/P1Q1Pb1p/3P1Pn1/6P1/2P1R2P/6K1 b - - 0 44
placement_bundle,51,22,0.865,-2.130,2.995,10,r3k1r1/1p2b2p/pq2Nnb1/3P4/8/P1B1P3/1P3P1P/2RQR2K b q - 2 26
stack_lightning,74,19,-0.781,2.210,-2.991,12,8/1p3kb1/1Pp1n1p1/p2pP2p/P2P4/1P2r3/3N3P/4R2K w - - 0 38
placement_bundle,24,32,1.150,-1.840,2.990,11,r1bq1rk1/1pp2pbp/2np2p1/1Q2pnN1/pNP5/P2P2P1/1P2PPBP/R1B1K2R w KQ - 4 13
placement_bundle,54,25,-1.529,1.460,-2.989,8,2r1kr2/pp2b2p/3pb2n/2q2pp1/4P3/P1N4P/1PQN2PB/R2R3K w - - 2 28
placement_bundle,83,15,0.548,-2.440,2.988,12,7r/p6r/1p1k4/6R1/P1pP2p1/2P3P1/6KP/6B1 b - - 1 42
placement_bundle,92,23,-0.527,2.460,-2.987,10,1r3kr1/5p1p/p1q1p1pP/2pp2N1/3PnR2/Q1P1P1P1/5P2/4N1K1 w - - 8 47
placement_bundle,48,23,-0.804,2.180,-2.984,9,3rr1k1/1p3pp1/2Pp3p/p1n1p3/2P1P1QN/1q6/5PPP/3RR1K1 w - - 0 25
placement_bundle,36,23,0.730,-2.250,2.980,11,r1b1r1k1/p1b2ppp/p4q2/8/1P5P/P2BP3/2QP1PP1/R3K2R w KQ - 0 19
placement_bundle,31,27,1.025,-1.950,2.975,9,r1b1k2r/p4pp1/1pP1p2p/2b1Nn2/2Pq1B2/P2p2P1/R5BP/1N1Q1K1R b kq - 3 16
placement_bundle,61,22,1.169,-1.800,2.969,9,5nk1/2r2ppp/1pBbq3/8/3P1P2/5QP1/Pp1r1B1P/1R3RK1 b - - 9 31
away_blitz,46,26,-2.058,0.910,-2.968,9,2b2r2/rp4kp/p1n1ppp1/2qp3n/2P3N1/2BQ2P1/4PPBP/R4RK1 w - - 0 24
placement_bundle,32,26,-1.058,1.910,-2.968,11,r3k2r/1ppb1ppp/1p1p4/8/PBP1Pp2/1P1P4/4BnPP/R2K2NR w kq - 1 17
placement_bundle,40,28,-0.628,2.340,-2.968,8,r3k2r/pp2ppb1/b2q2p1/P1p3Np/Rn3P2/1PN4P/2PQPPB1/3R2K1 w kq - 3 21
placement_bundle,51,24,1.118,-1.850,2.968,12,3rqknr/1pp5/p1n2p2/4p3/P1N4B/1P1Q2P1/4PPBP/3RK2R b - - 0 26
placement_bundle,44,25,0.777,-2.190,2.967,10,r3r1k1/1b3p1p/p5p1/PpPp4/1B3Pnq/1PQBP3/6PP/4RRK1 w - - 5 23
placement_bundle,62,19,1.725,-1.240,2.965,11,q7/N2nppk1/5bp1/Q2r4/3p2Rp/1P6/P2B3P/5RK1 w - - 0 32
placement_bundle,83,21,1.685,-1.280,2.965,12,3B1b2/8/4k1p1/p1r1pp1p/2R2P1P/P2PP1P1/1r2n1BK/7R b - - 1 42
placement_bundle,23,31,0.984,-1.980,2.964,12,r1bBkbnr/p3ppp1/2np4/1ppN3p/Q1P5/3PPPPB/PP5P/R3K1NR b KQkq - 0 12
placement_bundle,48,18,-1.459,1.500,-2.959,9,5rk1/pp3p2/1qp3p1/3r1P2/P1B5/6R1/1PP1N3/1K5R w - - 3 25
placement_bundle,52,23,-0.568,2.390,-2.958,11,r1br2k1/1p3p1p/p2Nq1p1/2P1Q3/3p4/3n1B2/PP3PP1/R3R1K1 w - - 1 27
placement_bundle,36,21,-0.557,2.400,-2.957,11,r1b3k1/pp3ppp/2p5/8/3Nr3/6QP/qPP2PP1/3R1RK1 w - - 0 19
ship_lightning,101,19,0.526,-2.430,2.956,10,r7/2r1q1k1/1R2P1pn/P2Q1b1p/3P1P2/6PP/2P1R3/6K1 b - - 2 51
ship_lightning,99,19,0.734,-2.220,2.954,10,r7/2r2qk1/1R1QP1pn/P4b1p/3P1P2/6PP/2P1R3/6K1 b - - 0 50
jun6_blitz,15,31,1.172,-1.780,2.952,12,rnbq1rk1/pp2ppbp/3p2p1/2P5/2P1P1n1/2NBBN2/PP3PPP/R2QK2R b KQ - 0 8
placement_bundle,54,30,-0.542,2.410,-2.952,8,2r2rk1/3nq1b1/ppbp1p1p/2p1pBp1/1PP1P2P/PQNPBNP1/5P2/4K2R w K - 0 28
jun6_blitz,26,28,-1.401,1.550,-2.951,10,r1b1kb1r/1q3ppp/p3pn2/1p2P3/2p2P2/1BN1B3/PPP3PP/R2QK2R w KQkq - 1 14
placement_bundle,27,25,1.465,-1.480,2.945,11,rn2k2r/pp1b1pN1/1b6/7p/1PB1P1n1/P1N1B1P1/5P1P/R2q1RK1 b kq - 0 14
jun6_standard,17,30,1.130,-1.810,2.940,12,r1bq1rk1/pp2ppbp/2n2np1/2p5/2P1PB2/2NB1N2/PP2QPPP/R3K2R b KQ - 3 9
stack_blitz,57,18,1.248,-1.690,2.938,13,4kb2/p1p5/2b1P1pp/8/2n2B2/2PQ4/q4PPP/3B2K1 b - - 2 29
placement_bundle,16,32,-0.987,1.950,-2.937,10,rn2kb1r/1b1ppp1p/1q3np1/pppP4/2P1P3/5PP1/PP3K1P/RNB1QBNR w kq - 0 9
hlmr_more1_lightning,66,21,-0.894,2.040,-2.934,9,5rk1/p7/3pqbpp/P2pp1r1/4P3/R1Q2NPP/2P4K/4R3 w - - 2 34
placement_bundle,90,23,-1.881,1.050,-2.931,11,1r3kr1/5p1p/p1q1pnpP/2pp2N1/3P3R/Q1P1P1P1/5P2/4N1K1 w - - 6 46
placement_bundle,69,20,0.861,-2.070,2.931,11,4n3/4kppQ/1pb1p3/1q2P3/2p2P2/2P5/6PP/rBBR1K2 b - - 14 35
placement_bundle,56,18,-1.768,1.160,-2.928,13,r5k1/p1R2p2/6p1/1pp1P2p/2p1b3/P3P3/P4P2/2K3R1 w - - 0 29
placement_bundle,17,31,0.826,-2.100,2.926,10,r1b1k2r/pp2ppbp/Bqpp2p1/4P2n/P2P1B1P/2N5/1PPQ1PP1/R3K1NR b KQkq - 0 9
placement_bundle,36,26,-0.565,2.360,-2.925,9,r3r1k1/2qpn2p/bp2p1p1/p1n5/2P1P1QP/P1N3N1/1PB2P2/2KR3R w - - 1 19
placement_bundle,46,23,-1.014,1.910,-2.924,11,5k1r/Np1b1ppp/pq5b/3P4/1Pp3n1/5N2/P3QP1P/R4RK1 w - - 3 24
hlmr_more1_lightning,22,26,-1.069,1.850,-2.919,11,r3k2r/p1p2ppp/2P5/2b1pb2/2P1N1n1/2P5/PP3PPP/RNBK3R w kq - 3 12
hlmr_more1_lightning,74,16,0.639,-2.280,2.919,12,1r1k4/8/3pb3/3N4/4P2p/pP3r2/P2bBP2/1K3R2 w - - 0 38
placement_bundle,26,26,1.300,-1.610,2.910,11,rn2k2r/pp1b1pp1/1b2N3/7p/1PB1P1n1/P1N1B1P1/5P1P/R2q1RK1 w kq - 0 14
hlmr_more1_lightning,48,18,-0.587,2.320,-2.907,10,6k1/ppp2r2/3pq1p1/4p1Q1/2n1P3/2P4P/P6K/3R1R2 w - - 2 25
placement_bundle,29,25,1.325,-1.580,2.905,11,r1b2r1k/1pp3pp/2n5/p2B1pq1/P3P3/2P2Q2/1P3PPP/R4KNR b - - 2 15
placement_bundle,19,32,1.575,-1.330,2.905,10,r1bq1rk1/pp1n2bp/P2p1np1/2p1pp2/2PP4/1QN1P1P1/1P3PBP/R1B1K1NR b KQ - 0 10
placement_bundle,34,25,-0.545,2.360,-2.905,10,2b2r1k/1p1n2bp/1p1N2p1/2p2pB1/2P3n1/6P1/rP2NPBP/1R2K2R w K - 3 18
placement_bundle,52,27,-0.565,2.340,-2.905,10,r1bqk2r/5p2/pp2p1p1/3nb2p/P2pN2R/1P1P2PP/3BQPB1/2R3K1 w kq - 3 27
nmp_lightning,34,25,-1.244,1.660,-2.904,9,r2qr1k1/pp4pp/4bp2/2Q1p3/6n1/5NP1/nP1NPPBP/R4RK1 w - - 1 18
placement_bundle,67,17,1.053,-1.850,2.903,13,1k6/2p5/p2r2p1/2N2p1p/1P3P2/P5PP/4B3/5rBK b - - 2 34
placement_bundle,39,27,1.949,-0.950,2.899,9,1brr3k/p4p2/2n1bq1p/1pP1p1pP/8/P2BPN2/1BQP1PP1/R3K2R b KQ - 3 20
hlmr_more1_lightning,67,17,0.727,-2.170,2.897,10,4r2k/1p4qp/5n2/pP3p2/3P3B/P4QPB/7P/6K1 b - - 0 34
hlmr_more1_lightning,72,17,1.146,-1.750,2.896,12,3rnk2/R4p2/4p3/1P2P1p1/1PPN4/7r/4B2P/2K2n2 w - - 0 37
placement_bundle,55,18,1.185,-1.710,2.895,12,2r2r1k/p7/1p1nR1np/5p2/PP6/1B3P2/5P1P/5RK1 b - - 0 28
placement_bundle,28,27,-1.994,0.900,-2.894,10,rn2k2r/pp1b1p2/1q2p1pp/2b1P3/2B5/5NnP/P2N1PP1/R1BQR1K1 w kq - 2 15
placement_bundle,55,17,0.780,-2.110,2.890,15,1k5r/1Bp3pp/p2r4/2N2p2/5P2/P3B3/1P4PP/7K b - - 0 28
placement_bundle,37,24,2.089,-0.800,2.889,11,3qr1k1/1p1b1p1p/1n1N1np1/4p3/1pP1P3/3P1N2/2Q1BPPP/R5K1 b - - 0 19
hlmr_more1_lightning,57,18,0.837,-2.050,2.887,10,r7/4ppk1/3p1np1/1Q1P3p/P7/1P3P2/5KPP/r4N2 b - - 0 29
placement_bundle,64,24,0.766,-2.120,2.886,10,2kr2r1/5Qb1/ppq5/2p1pp1p/5NbP/2P1B1P1/PP3P2/R3K1R1 w Q - 2 33
placement_bundle,49,25,1.006,-1.880,2.886,12,3rqknr/1pp5/p1n2p2/3Bp3/P1N4B/1P1Q2Pb/4PP1P/3RK2R b - - 3 25
hlmr_more1_lightning,55,18,1.015,-1.870,2.885,10,7r/4ppk1/3p1np1/1Q1P3p/P7/5P2/1P3KPP/r4N2 b - - 5 28
placement_bundle,50,25,1.195,-1.690,2.885,11,3rqknr/1pp5/p1n2p2/3Bp3/P1N4B/1P1Q2P1/4PPbP/3RK2R w - - 4 26
placement_bundle,85,20,0.565,-2.320,2.885,10,7r/4kp2/1p1p1b2/2qP1Ppp/Q1P1r3/2R5/6PP/1B1R3K b - - 5 43
placement_bundle,61,24,0.634,-2.250,2.884,9,1nk3r1/8/1ppp4/p1qPrb2/2P2Np1/2QB2Pp/PR3P1P/6KR b - - 3 31
placement_bundle,60,23,-0.873,2.010,-2.883,10,1r2kb2/p2q1p2/2Rppnrp/1P1p4/Q2B2PR/P3NP2/5P2/4K3 w - - 3 31
hlmr_more1_lightning,69,17,0.501,-2.380,2.881,10,4r2k/1p4qp/8/pP3p2/3Pn2B/P5PB/7P/3Q2K1 b - - 2 35
placement_bundle,33,26,1.180,-1.700,2.880,10,r3kb1r/1b1q1ppp/p3pN2/1p6/3N1P2/1PPBp2P/P5P1/R2Q1RK1 b kq - 0 17
placement_bundle,57,24,-1.890,0.990,-2.880,13,3rr1k1/p2q1ppp/P4nn1/1Pp3B1/2Pp4/3P1BP1/2Q2P2/4RK1R b - - 0 29
placement_bundle,34,28,-0.529,2.350,-2.879,9,r3k2r/1b3ppp/ppnbpn2/2q5/P7/2N1PN1P/1P1BQPP1/RB1R2K1 w kq - 4 18
placement_bundle,48,22,-1.147,1.730,-2.877,9,r4kr1/2q1pp2/2pp1n2/pP5p/2PPPN2/5Q2/5Pp1/RR4K1 w - - 4 25
placement_bundle,21,32,0.607,-2.270,2.877,11,r1bqkb1r/1p5p/nnppppp1/p7/P2P1B2/2P1PNP1/1P1NBP1P/R2QK1R1 b Qkq - 1 11
away_lightning,107,14,1.426,-1.450,2.876,13,8/1pR5/5kpp/1P1p2r1/P3p3/1P4P1/7P/6K1 b - - 0 54
placement_bundle,24,29,-0.786,2.090,-2.876,9,r2qkb1r/1p1b1p1p/3p2p1/pNp5/QnP1nB2/8/PP2BPPP/RN3RK1 w kq - 0 13
placement_bundle,50,23,-1.646,1.230,-2.876,9,2r1k1r1/pp2pp2/3pb2p/1P5Q/1qP1NP2/4P3/1b1RB1P1/5RK1 w - - 4 26
placement_bundle,70,18,-2.036,0.840,-2.876,11,2q1k3/Q4p2/2Pbp3/3p2p1/1r2n3/4P2P/P1R3P1/2R3K1 w - - 6 36
placement_bundle,63,18,1.185,-1.690,2.875,9,2r2k2/pR4p1/4r3/5P1p/2P4P/q2p1BP1/2bQ4/5K1R b - - 0 32
away_lightning,19,32,1.543,-1.330,2.873,10,r1bq1r1k/ppp1p1bp/2np2p1/3P1p2/2Q1P1n1/2N1BN2/PPP1BPPP/R4RK1 b - - 0 10
jun6_blitz,16,30,1.033,-1.840,2.873,11,rnbq1rk1/pp2ppbp/3p2p1/2P5/2P1P3/2NBnN2/PP3PPP/R2QK2R w KQ - 0 9
placement_bundle,62,19,-1.303,1.570,-2.873,11,rk1r4/1p1b3R/p2p2N1/b2B1p2/2P3pP/1P5P/8/3R2K1 w - - 1 32
placement_bundle,48,25,-1.382,1.490,-2.872,11,4rk1r/p4pp1/1p1bq3/2p3B1/2PpnP1p/P2P3P/1Q2B1P1/1R1R2K1 w - - 0 25
placement_bundle,62,20,-1.210,1.660,-2.870,10,2k2b2/5pr1/3p4/p2BnPpp/r1p5/2B4P/P5P1/2R2RK1 w - - 2 32
stack_lightning,30,23,-0.825,2.040,-2.865,9,r2q1rkb/p3pp1p/1p2b1p1/8/Q3PB2/8/P3BPPP/1R3RK1 w - - 2 16
placement_bundle,49,24,1.774,-1.090,2.864,9,5rk1/p1b2qpp/1p2n2P/1Np1p3/2P2P2/3Pn1PQ/PB6/1R2K2R b K - 0 25
away_lightning,19,32,1.543,-1.320,2.863,8,r1bq1r1k/ppp1p1bp/2np2p1/3P1p2/2Q1P1n1/2N1BN2/PPP1BPPP/R4RK1 b - - 0 10
placement_bundle,68,16,1.842,-1.020,2.862,14,4b2k/8/5q1p/4Npp1/2BP4/2P3P1/Pr6/3RR1K1 w - - 0 35
placement_bundle,66,23,-1.292,1.570,-2.862,9,1r2k3/p3bp2/2Rpqnrp/1P1pp3/P5PR/4NP2/2Q2P2/B3K3 w - - 2 34
placement_bundle,38,23,-1.631,1.230,-2.861,11,2r1k2r/1q1p1p1p/p3pnp1/2p4P/2P1P2N/1PN5/P3Q3/R1B2K2 w k - 0 20
placement_bundle,64,15,-1.317,1.540,-2.857,11,2bqk3/5p2/p3p3/2RPQ3/3P4/4P1P1/4KP2/7r w - - 0 33
placement_bundle,28,28,-0.656,2.200,-2.856,11,r1b1k1nr/3N1pb1/p1Ppp1pp/8/Pq2P3/2pQB3/2P2PPP/R3KB1R w KQkq - 2 15
placement_bundle,32,27,1.125,-1.730,2.855,10,r1bqr1k1/ppb2ppp/n4n2/2N5/1P5P/P2BP3/1BQP1PP1/R3K2R w KQ - 3 17
placement_bundle,22,28,-1.833,1.020,-2.853,9,rnb1kb1r/4qppp/p4n2/3P4/1pp5/2N1B3/PPB2PPP/R2QK1NR w KQkq - 0 12
placement_bundle,42,26,-0.672,2.180,-2.852,11,4k2r/2pp1p2/q1r1p3/3pP3/pPbP2p1/b1PNB3/P2Q1KPP/1R1R4 w k - 0 22
placement_bundle,50,20,-1.056,1.790,-2.846,11,3r2k1/p4pbp/1p4p1/4n3/2P3P1/P1P2b1P/5P1Q/2K2BR1 w - - 3 26
placement_bundle,64,15,-0.696,2.150,-2.846,12,8/4bpkp/r1p2N2/p7/r7/3P1RPP/8/5R1K w - - 0 33
placement_bundle,63,19,0.665,-2.180,2.845,10,k7/pp2qr2/2pp3r/6N1/2P3pP/1QB1P3/P4P2/4K2R b - - 1 32
placement_bundle,65,20,1.784,-1.060,2.844,12,4nk1Q/5pp1/1pb1p3/2q1P3/2pR1P2/2P5/6PP/rBB2K2 b - - 10 33
placement_bundle,19,31,1.214,-1.630,2.844,11,rnb1kb1r/1pq2p1p/p1pP1np1/8/1PN1p3/2PB1N1P/P2P1PP1/R1BQK2R b KQkq - 0 10
placement_bundle,68,22,-0.874,1.970,-2.844,13,rk6/2p1b1n1/3p2p1/pB1Pp1Pp/P3Pr1P/1P2KNR1/3N4/8 w - - 7 35
hlmr_more1_lightning,56,22,-0.842,2.000,-2.842,11,r2r2k1/1p3p2/2p3pp/p1Qn4/3BP1qP/4P1P1/PP6/2RRK3 w - - 1 29
placement_bundle,61,22,1.232,-1.610,2.842,10,4k2r/r1p1npp1/1b6/4PnP1/pP6/B1p2N2/p3NP2/R2R2K1 b - - 1 31
ship_lightning,85,21,0.562,-2.280,2.842,10,1R3k2/4r2r/p3q1p1/P1Q1Pb1p/3n1Pn1/2P3P1/2P1R2P/6K1 b - - 1 43
placement_bundle,91,14,1.040,-1.800,2.840,14,8/3Bn1k1/7p/4N1pP/1p6/1P2PPPK/r7/8 b - - 2 46
placement_bundle,79,14,-0.749,2.090,-2.839,12,8/5R2/1p3p1k/p3bK1P/2p4P/P5r1/1PR5/8 b - - 1 40
placement_bundle,48,24,2.028,-0.810,2.838,9,5rk1/p1b2qpp/1p2n3/1Np1p2P/2P2P2/3Pn1PQ/PB6/1R2K2R w K - 0 25
placement_bundle,15,31,0.767,-2.070,2.837,12,r1bq1rk1/pp1nppbp/5np1/1QPp4/5B2/P1P5/1P1NPPPP/R3KBNR b KQ - 4 8
placement_bundle,55,22,0.886,-1.950,2.836,10,6k1/2rnqppp/Bp1b4/8/3P1P2/6P1/Pp2rBQP/1R3RK1 b - - 3 28
placement_bundle,20,29,-0.865,1.970,-2.835,11,rnbqk2r/pp3p2/2p1pn1p/6p1/2PPp3/P1B1Q3/1P3PPP/R3KBNR w KQkq - 0 11
placement_bundle,72,15,-0.815,2.020,-2.835,10,2n2r2/p2R3p/1p4k1/1R1N1p2/4r2P/6P1/5PK1/8 w - - 1 37
hlmr_more1_lightning,64,22,-1.004,1.830,-2.834,11,3Qb2k/1p1r1q1p/3p2p1/p2Pp3/P2n4/2PBP1P1/1P5P/5RK1 w - - 1 33
placement_bundle,32,29,-1.292,1.540,-2.832,10,r2q1k1r/p4pbp/1p1Pb1p1/1Np1n3/1n2P2P/N3Q3/PP3PP1/R1B1KB1R w KQ - 3 17
placement_bundle,28,27,0.630,-2.200,2.830,10,r1bqk2r/p4pp1/1pP1p2p/2b1Nn2/2P2B2/P2p2P1/6BP/RN1Q2KR w kq - 0 15
hlmr_more1_blitz,47,23,0.597,-2.230,2.827,9,5rk1/p3q2p/3rbp2/b1p2p2/3P1Q2/3B1P2/PP3BPP/R1K4R b - - 1 24
placement_bundle,40,23,-1.503,1.320,-2.823,11,1qr1k2r/3p1p1p/p3pnpP/2p5/2P1P2N/1PN5/P3Q3/R1B2K2 w k - 1 21
placement_bundle,20,30,-1.422,1.400,-2.822,9,r3k2r/pbqp1ppp/1p1bpn2/3Pn1B1/2P5/P1N2N2/1P3PPP/R2QKB1R w KQkq - 3 11
placement_bundle,26,30,0.831,-1.990,2.821,12,r1bq1rk1/2p2pbp/2pp2p1/1Q2pnN1/p1P5/P2P2P1/1P2PPBP/R1B1K2R w KQ - 0 14
placement_bundle,38,28,-0.639,2.180,-2.819,10,1k1r1b1r/p5pp/1np3qP/Q1pbpp2/4N3/P2PB1P1/1P1NPP2/2R1K2R w K - 3 20
placement_bundle,35,28,0.866,-1.950,2.816,11,r1b2rk1/1q1pppbp/2n3p1/p2Pn3/1P6/P1N2N1P/3BPPB1/R2QK2R b KQ - 3 18
placement_bundle,57,20,1.965,-0.850,2.815,10,3N1bn1/q2B2p1/1k5r/4p2p/p7/6P1/PP1RPP1P/2R3K1 b - - 1 29
placement_bundle,16,31,-1.474,1.340,-2.814,10,rnbqk2r/pp3pp1/2p1pn1p/b5Q1/2PPp3/P1N5/1P1B1PPP/R3KBNR w KQkq - 0 9
placement_bundle,26,27,-1.334,1.480,-2.814,10,rn1qk2r/4bppp/p1p1b3/1p6/4N3/3nBB2/PP2QPPP/R4KNR w kq - 2 14
placement_bundle,32,28,-1.103,1.710,-2.813,10,r3k2r/p4pb1/1pbppn2/3q3p/3P1Bp1/P1Q5/1P1NPPPP/3RKB1R w Kkq - 0 17
placement_bundle,36,29,1.072,-1.740,2.812,9,2rqrk2/3b1pp1/pp2pn1p/2pPb3/1P5B/P1NP1BP1/2PQ1P1P/RR4K1 w - - 1 19
ship_blitz,15,32,0.902,-1.910,2.812,10,rnbq1rk1/pp1nbppp/4p3/2ppP2Q/3P4/2NBB3/PPP2PPP/R3K1NR b KQ - 1 8
placement_bundle,17,30,1.499,-1.310,2.809,10,r2qkb1r/1b1npppp/p2p1n2/1p6/3QP3/2N1BN2/PPP1BPPP/2KR3R b kq - 4 9
placement_bundle,41,26,1.416,-1.390,2.806,11,2kr1n2/ppq5/2p3p1/3pNb1r/3Pn2P/PP2P3/1B3PBP/2RQR1K1 b - - 0 21
placement_bundle,53,21,0.886,-1.920,2.806,11,2r1k2r/pp5b/4Nn1p/1P2p1pP/4P3/P1P2P2/6B1/3RK2R b Kk - 2 27
placement_bundle,72,22,-0.784,2.020,-2.804,13,1k6/r1p1b1n1/3p2p1/pB1Pp1Pp/P3Pr1P/1P2KNR1/3N4/8 w - - 11 37
placement_bundle,36,28,-1.392,1.410,-2.802,8,r1b1r1k1/1pn1b1pp/1q5P/3p1p2/p2Pn3/P2BQN2/1P1N1PP1/R1B2K1R w - - 3 19
jun6_blitz,19,28,0.738,-2.060,2.798,10,rnbq1rk1/pp2ppbp/6p1/2p5/2P1P3/2NBPN2/PP2Q1PP/R3K2R b KQ - 1 10
hlmr_more1_lightning,49,28,0.516,-2.280,2.796,9,2r1n1r1/pp1bQp1k/3p2p1/n1pP3p/2P4N/1P3BPP/P2qPP2/R4K1R b - - 2 25
stack_lightning,48,22,-0.595,2.200,-2.795,11,2kr3r/1p5p/3p2pb/p1n2p2/2B1p3/BP2PN2/1K4PP/4R1R1 w - - 0 25
hlmr_more1_lightning,22,28,-1.924,0.870,-2.794,9,r1bq1rk1/ppp1pp1p/6p1/n2N2N1/1P2p3/8/P1P1BPPP/b1BQ1RK1 w - - 0 12
hlmr_more1_lightning,49,22,0.623,-2.170,2.793,8,r7/1p4bB/2p2rk1/q4p2/Pp1Pp1b1/1Q2P1P1/1P3P2/2R1K2R b - - 3 25
nmp_lightning,19,32,1.543,-1.250,2.793,10,r1bq1r1k/ppp1p1bp/2np2p1/3P1p2/2Q1P1n1/2N1BN2/PPP1BPPP/R4RK1 b - - 0 10
placement_bundle,58,24,-0.553,2.240,-2.793,11,r2r2k1/7p/2Rpbpp1/Pp2p1q1/2n1P3/2BBP3/P4QPP/4R2K w - - 1 30
placement_bundle,54,28,-1.232,1.560,-2.792,11,1q1r2k1/pb3pp1/n1p2b2/2Pp1P2/1P1Np1P1/P1Q1P3/1B1KB2n/R2R1N1r w - - 3 28
hlmr_more1_lightning,62,20,0.690,-2.100,2.790,8,1r2r1k1/1p4qp/5n2/pP3p2/3P3B/P4pPB/2Q4P/4R1K1 w - - 0 32
placement_bundle,33,26,1.090,-1.700,2.790,8,rn2kb2/1p3pr1/3Pp3/2PqP1p1/1p2nP2/4B2Q/P3N1PP/RN3RK1 b q - 3 17
stack_blitz,91,14,0.850,-1.940,2.790,12,7k/pp1q3p/6p1/P3P3/1P1b4/3Q4/6NP/7K b - - 2 46
placement_bundle,17,31,1.067,-1.720,2.787,12,r1bq1rk1/ppp1bppp/7n/2n1P3/2Pp4/N4NP1/PPQPP1BP/R1B1K2R b KQ - 8 9
placement_bundle,31,26,0.541,-2.240,2.781,11,r4rk1/p3q1pp/b1pbpn2/2p5/P1P2B2/2N2NP1/1P2QP1P/R2R2K1 b - - 7 16
placement_bundle,45,25,1.891,-0.890,2.781,11,2r1k1r1/1p3pb1/1q2pn2/3PBp1p/3P3P/p4PP1/PP1NQ3/KR4R1 b - - 1 23
placement_bundle,27,27,1.291,-1.490,2.781,10,r1bq1rk1/p3bppp/1p6/3np3/3PN3/PP4PP/1BQP1P2/R3KB1R b KQ - 0 14
placement_bundle,25,28,0.999,-1.780,2.779,9,2r1kb1r/1bqp1ppp/pp2p3/8/1PP3n1/2N1PN2/2Q1BPPP/R1B2RK1 b k - 0 13
placement_bundle,53,22,0.997,-1.780,2.777,12,4qknr/1pp5/p1n2p2/4p3/P1N4B/1P1R2P1/4PPBP/4K2R b - - 0 27
ship_blitz,52,20,-0.857,1.920,-2.777,11,5r1k/1p6/p3p1pp/3q1nB1/3b2Q1/2p4P/P4PP1/3RR1K1 w - - 2 27
placement_bundle,39,28,1.393,-1.380,2.773,10,2kr1n2/ppq2Nb1/2p3p1/3pNb1r/3Pn2P/PP2P3/1B3PBP/2RQR1K1 b - - 0 20
placement_bundle,111,14,2.012,-0.760,2.772,12,8/1pr5/5k1p/P6R/1P1pPp1P/4b3/1K6/5R2 b - - 22 56
placement_bundle,57,19,-1.810,0.960,-2.770,12,5krr/1p6/2p2b2/p4pNp/P1Rn1P1P/5B2/5PK1/3R4 b - - 2 29
placement_bundle,60,21,-0.895,1.870,-2.765,10,3k3r/1pq5/n1p1p1p1/4p2r/2N1P3/3P2p1/PQP1K1P1/R4R2 w - - 6 31
placement_bundle,74,14,-0.803,1.960,-2.763,12,r6k/8/5pP1/2p5/3pPPp1/PR3n2/8/5RK1 w - - 1 38
placement_bundle,18,31,-0.689,2.070,-2.759,10,r1b1k1nr/pp2ppb1/n2p2pp/2p5/2PPP3/2N2N2/Pq1BBPPP/2RQK2R w Kkq - 0 10
placement_bundle,25,28,0.877,-1.880,2.757,9,1nbqr1k1/1pp2ppp/r2p1n2/p5B1/2P4P/1QPP1NP1/P3P1B1/R2K3R b - - 6 13
placement_bundle,37,30,0.526,-2.230,2.756,11,rn2qk2/2pb4/1p1p1ppr/p1PBp2p/PnQ4P/1PNP1NP1/4PP2/R3K2R b KQ - 2 19
placement_bundle,38,25,-1.375,1.380,-2.755,9,3r1k1r/4b1pp/p2p1p2/qp1Bp3/1nP5/NQ2P3/PP2P2P/3R1RK1 w - - 0 20
jun6_blitz,16,30,1.033,-1.720,2.753,11,rnbq1rk1/pp2ppbp/3p2p1/2P5/2P1P3/2NBnN2/PP3PPP/R2QK2R w KQ - 0 9
placement_bundle,18,32,-1.192,1.560,-2.752,11,r2qk2r/1bpp2pp/1pn1pp2/p3P2n/1bPP4/2N2PP1/PP2B2P/R1BQK1NR w KQkq - 0 10
placement_bundle,40,25,-0.675,2.070,-2.745,10,r4rk1/1bq2pp1/1pN1p2p/1B1p4/3P2n1/1Q6/P4PPb/R1BNR2K w - - 1 21
placement_bundle,58,18,-1.965,0.780,-2.745,11,2k5/pp2bp2/4p3/3pP2p/1P5n/P1PQ1Nq1/4KR2/8 w - - 2 30
placement_bundle,16,31,-0.815,1.930,-2.745,10,r3kbnr/pp2pppp/1qpp4/3P3b/2nN4/2N2PP1/PP2P2P/R1BQKB1R w KQkq - 0 9
placement_bundle,54,22,0.945,-1.800,2.745,10,6k1/1Brnqppp/1p1b4/8/3P1P2/6P1/Pp2rBQP/1R3RK1 w - - 2 28
placement_bundle,76,17,0.913,-1.830,2.743,15,8/r4pk1/6pr/p2pP3/Pp1P1P2/1P4P1/8/N1R3K1 w - - 0 39
placement_bundle,30,25,-0.632,2.110,-2.742,11,r3k2r/pp3pbp/2p3p1/3p4/3PpB2/2P1P1P1/Pn3P1P/R3KB1R w KQkq - 0 16
stack_lightning,19,32,1.262,-1.480,2.742,8,r1b2rk1/ppp1qpbp/2n1pnp1/1N1p4/2PP4/1Q1BPN2/PP1B1PPP/R4K1R b - - 7 10
placement_bundle,60,21,-1.041,1.700,-2.741,10,1r3k2/3qp1b1/3pp3/1Ppn2pr/8/P3P3/2QB1P2/2R1KBR1 w - - 2 31
placement_bundle,57,19,0.970,-1.770,2.740,9,1k2r3/pp3N1p/6p1/2br2B1/1q6/3p3Q/P5PP/2RR3K b - - 5 29
placement_bundle,37,23,-1.490,1.250,-2.740,11,2r1k2r/1q1p1ppp/p3pn2/2p4P/2P1P2N/1PN5/P3Q3/R1B2K2 b k - 0 19
placement_bundle,56,17,0.809,-1.930,2.739,16,1k2r3/1Bp3pp/p2r4/2N2p2/5P2/P3B3/1P4PP/7K w - - 1 29
placement_bundle,27,29,1.708,-1.030,2.738,9,r2qkb1r/1pp1npp1/4b3/1P2N2p/3pN3/Pn1PP1P1/RB3P1P/3QKB1R b Kkq - 3 14
placement_bundle,48,19,-0.647,2.090,-2.737,11,5k1r/1b4pp/1p2rp2/p1p1P3/5P2/3B4/1KP1R1PP/R7 w - - 0 25
placement_bundle,57,18,1.113,-1.620,2.733,9,4r2k/2r2Qp1/7p/pp2q1N1/4P1PP/P7/1PP5/1K5R b - - 0 29
placement_bundle,58,21,-0.663,2.070,-2.733,12,2b1k2r/8/1p1Bpn1p/1p1p1p2/3P3P/1P4P1/r2NRP2/5K1R w k - 2 30
placement_bundle,34,28,-0.811,1.920,-2.731,9,r1b1r1k1/1p2b1pp/nq5P/3p1p2/p2Pn3/P3QN2/1P1N1PP1/RBB2K1R w - - 1 18
placement_bundle,48,25,0.848,-1.880,2.728,11,3rqknr/1pp5/p1n2p2/3Bp3/P1N4B/1P1Q2Pb/4PP1P/3R1K1R w - - 2 25
placement_bundle,23,30,0.726,-2.000,2.726,10,r1bq1rk1/1p1n1ppp/2pb4/p2P4/3Pp1nP/1PN1P3/PBQN1P2/R3KB1R b KQ - 0 12
placement_bundle,24,29,-0.676,2.050,-2.726,11,r1b2rk1/1p1n2bp/Pp1p1np1/1Np2p2/2Pp4/4P1P1/1P3PBP/R1B1K1NR w KQ - 0 13
placement_bundle,39,23,-1.516,1.210,-2.726,12,2r1k2r/1q1p1p1p/p3pnpP/2p5/2P1P2N/1PN5/P3Q3/R1B2K2 b k - 0 20
placement_bundle,23,26,1.225,-1.500,2.725,10,r3kb1r/pp3ppp/2p1b3/8/4P1n1/5QBP/qPPN1PP1/2KR1B1R b kq - 0 12
placement_bundle,52,24,-0.701,2.020,-2.721,9,2r3k1/pp1b1rpp/7n/4Qp2/P1q1P3/3n1BPN/1B3P1P/R2R2K1 w - - 1 27
placement_bundle,89,14,1.271,-1.450,2.721,14,7k/3BnN2/7p/6pP/1p6/1P2PPPK/r7/8 b - - 0 45
placement_bundle,57,17,0.780,-1.940,2.720,13,1k2r3/1Bp3pp/p2r4/2N2p2/5P2/P7/1P4PP/6BK b - - 2 29
hlmr_more1_lightning,45,27,0.529,-2.190,2.719,9,r1r3k1/1p1bq2p/2n1pn2/p2p1p2/2PP1B2/PP1QPPPB/7P/R3R1K1 b - - 2 23
placement_bundle,35,26,1.888,-0.830,2.718,13,r3k2r/pBp1q1bp/1p1P1pp1/n7/5B1P/P1P3P1/1P1NPP2/R3K2R b KQkq - 0 18
placement_bundle,48,24,-0.977,1.740,-2.717,10,3r2k1/p4ppp/1p2rnn1/2pN1q2/2P2P1P/3P4/PP3QB1/2KR1R2 w - - 5 25
hlmr_more1_lightning,20,30,-1.924,0.790,-2.714,11,r1bq1rk1/ppp1ppbp/6p1/n2n2N1/1P2p3/2N5/P1P1BPPP/R1BQ1RK1 w - - 0 11
placement_bundle,87,19,0.814,-1.900,2.714,11,1r4r1/4p1k1/6np/2Pp1qp1/3P4/2N4P/QP3P2/K2R3R b - - 2 44
placement_bundle,94,22,-1.829,0.880,-2.709,12,1r2k1r1/5R1p/p1q1p1pP/2pp2N1/3Pn3/Q1P1P1P1/5P2/4N1K1 w - - 1 48
jun6_blitz,17,29,0.888,-1.820,2.708,13,rnbq1rk1/pp2ppbp/3p2p1/2P5/2P1P3/2NBPN2/PP4PP/R2QK2R b KQ - 0 9
placement_bundle,54,18,-1.907,0.800,-2.707,13,r5k1/p2R1p1p/6p1/1pp1P3/2p1b3/P3P3/P4P2/2K3R1 w - - 2 28
placement_bundle,30,27,-1.374,1.330,-2.704,9,2r1k2r/1b1pPpp1/pp2p3/6pP/Pn1P1q2/3B1N2/1P3PP1/R2QKN1R w KQk - 1 16
placement_bundle,18,32,-0.603,2.100,-2.703,9,r3kbnr/pp2pppp/1q1p2b1/2pPn3/2P1P3/1N3PP1/PP5P/RNBQKB1R w KQkq - 1 10
hlmr_more1_lightning,60,22,0.733,-1.970,2.703,10,1r2r1k1/1p4qp/5n2/pb3p2/2PPp2B/P4PPB/2Q4P/4R1K1 w - - 0 31
ship_lightning,19,32,1.543,-1.160,2.703,10,r1bq1r1k/ppp1p1bp/2np2p1/3P1p2/2Q1P1n1/2N1BN2/PPP1BPPP/R4RK1 b - - 0 10
placement_bundle,59,17,0.930,-1.770,2.700,12,1k6/2p3pp/p2r4/2N2p2/5P2/P4B2/1P4PP/4r1BK b - - 4 30
placement_bundle,35,23,-1.098,1.600,-2.698,15,r3k2r/pp3ppp/2p2n2/4p3/Qb6/P1P2PP1/5P1P/R1B1K2R b KQkq - 0 18
placement_bundle,45,25,0.858,-1.840,2.698,11,r3r1k1/1b3p1p/p5p1/PpPp4/1B3Pnq/1PQBP2P/6P1/4RRK1 b - - 0 23
placement_bundle,32,22,-0.694,2.000,-2.694,9,1n1k3r/p2b2pp/1q1b1p2/8/8/2N2Q2/PP2N1PP/R1B1KB1n w - - 2 17
placement_bundle,83,15,1.871,-0.820,2.691,11,8/1pk5/8/2NB4/Pp1P1Pbb/1P2K1p1/2R5/5r2 b - - 6 42
placement_bundle,57,21,0.610,-2.080,2.690,12,r3k2r/1p3pb1/1R1p2p1/3p2Pp/3P1P2/2n1P2P/3N2B1/4K1R1 b kq - 2 29
placement_bundle,19,32,0.539,-2.150,2.689,11,r1bqk2r/1pp2pb1/2np2pp/p2Bp3/2P3nP/P1NPB1P1/1P2PP2/R1Q1K1NR b KQkq - 1 10
hlmr_more1_lightning,45,30,1.135,-1.550,2.685,11,2r1n1r1/pp1bppkN/3p2p1/n1pP3p/1qP1Q2N/1P3BPP/P3PP2/2R2K1R b - - 9 23
nmp_blitz,37,28,0.975,-1.710,2.685,10,4rrk1/1b1q1pbp/pp1p1np1/1p1P2B1/PQ6/2N2N1P/1PP2PPR/2KR4 b - - 0 19
placement_bundle,58,23,-1.325,1.360,-2.685,11,3rr3/1pp1np1k/p4p1p/3p3P/1P1P3q/P3PQR1/5PP1/2R3K1 w - - 0 30
placement_bundle,21,27,1.243,-1.440,2.683,10,1rbqkbnr/p2n3p/2Q3p1/4pp2/8/2PB4/PP3PPP/RNB2KNR b k - 2 11
hlmr_more1_lightning,56,21,-0.540,2.140,-2.680,10,6k1/1p3p1p/p1r1bq2/P2p2p1/1Q1P1B2/2nB1PP1/7P/4R1K1 w - - 0 29
away_lightning,49,20,1.717,-0.960,2.677,9,2r3k1/p2p3p/1pq1p1p1/4Pr1P/2PP2Q1/4P3/P7/2R1K1R1 b - - 0 25
placement_bundle,30,29,-1.586,1.090,-2.676,9,r2q1k1r/p4pbp/1p1P2p1/1Np1nb2/1n2PQ1P/N7/PP3PP1/R1B1KB1R w KQ - 1 16
stack_blitz,40,22,-1.343,1.330,-2.673,14,5rk1/p3bppp/b1pp4/4p3/N1P1P3/4P3/P1P3PP/1K1R1R2 w - - 1 21
placement_bundle,67,22,0.612,-2.060,2.672,10,5rk1/4b1pp/q2rPp2/3b4/1pPB4/4QP2/2P3PP/3RKB1R b - - 0 34
placement_bundle,25,27,1.850,-0.820,2.670,9,r1bqr1k1/4nppp/ppn2b2/8/Q3N3/3PBN2/PP2BPPP/R3K2R b KQ - 3 13
placement_bundle,17,32,0.640,-2.030,2.670,10,r1bqk2r/1pp2pbp/2np2p1/pQ2pn2/2P5/P1NP1NP1/1P2PPBP/R1B1K2R b KQkq - 7 9
placement_bundle,39,27,1.088,-1.580,2.668,11,2kr1b1r/1pp1q2p/p1np2p1/2nQ2P1/2P5/P2PP2B/1P3N1P/R1B1K2R b KQ - 2 20
placement_bundle,30,30,-0.607,2.060,-2.667,11,r1r3k1/pp1b1ppp/2n1pn2/2p4P/P1NpPq2/3P1N2/1PP1BPP1/R2QK2R w KQ - 0 16
placement_bundle,61,20,0.665,-2.000,2.665,12,k7/pp2qr2/2ppN2r/7p/2P3BP/1QB1P3/P4P2/4K2R b - - 0 31
ship_blitz,44,20,-0.812,1.850,-2.662,8,5r1k/1p5p/p3p1p1/4b3/3nq3/2p1B3/P4PPP/2RQR1K1 w - - 0 23
placement_bundle,36,24,-0.841,1.820,-2.661,11,Nn1k3r/p4pp1/1pb1p3/7p/1P4n1/P1qB4/2P1QPPP/1R3RK1 w - - 2 19
hlmr_more1_lightning,28,29,-1.060,1.600,-2.660,10,r4rk1/pp2pp1p/1q1p2p1/n1pP4/2P1b3/1P3NPP/P2BPPB1/b1Q2RK1 w - - 0 15
placement_bundle,46,25,-1.288,1.370,-2.658,8,3rkr2/1p2p1bp/6p1/p1q2p2/PnbN4/2B1P3/1Q3PPP/RBR3K1 w - - 8 24
stack_blitz,43,24,1.117,-1.540,2.657,13,r5k1/p2qpp1p/6p1/pr1p4/2nQ4/2P1BP2/PP2N1PP/RR3K2 b - - 6 22
placement_bundle,58,24,-0.866,1.790,-2.656,10,1r2n1k1/2b1qp2/6pp/pP6/2p1pP1P/2P1P3/QP2BP1B/2Kr3R w - - 0 30
hlmr_more1_lightning,37,26,0.794,-1.860,2.654,9,r4rk1/p3qpp1/1p3n1p/2pbNP2/P1pP4/B1P1P3/Q5PP/R4RK1 b - - 2 19
placement_bundle,31,30,0.861,-1.790,2.651,9,r1b3kr/2qnbpp1/2p1p2p/p1ppP3/5Q2/1NPPBN1P/PP3PP1/2KR3R b - - 1 16
placement_bundle,34,26,-0.590,2.060,-2.650,10,r1b1k2r/2q2pp1/1pN1pn1p/1p1p4/3P4/1QNB4/P4PPb/R1B1R1K1 w kq - 0 18
placement_bundle,58,23,-1.357,1.290,-2.647,11,4kb2/p2q1p2/1rRppnrp/1P1p4/Q5PR/P3NP2/1B3P2/4K3 w - - 1 30
placement_bundle,36,22,-1.016,1.630,-2.646,12,r3k2r/pp3ppp/2p2n2/4p3/Q7/P1b2PP1/5P1P/R1B1K2R w KQkq - 0 19
placement_bundle,67,23,0.822,-1.820,2.642,10,2k4r/2p2p2/2r1pN2/3pPbB1/pPq5/b1P1R1P1/P2Q2P1/4R1K1 b - - 0 34
away_lightning,45,22,1.020,-1.620,2.640,9,2r2rk1/p2p3p/1pq1p1p1/2p1P1QP/2PP4/2P1P3/P7/2R1K1R1 b - - 0 23
placement_bundle,13,31,1.120,-1.520,2.640,11,r1bqk2r/pp1nppbp/5np1/2Pp4/Q4B2/P1P5/1P1NPPPP/R3KBNR b KQkq - 2 7
placement_bundle,60,22,1.139,-1.500,2.639,9,5nk1/2r2ppp/1p1bq3/1B6/3P1P2/5QP1/Pp1r1B1P/1R3RK1 w - - 8 31
hlmr_more1_lightning,59,17,1.789,-0.850,2.639,8,r4b2/ppR1k3/4b1Q1/3pN3/1q6/1P5P/P4PP1/6K1 b - - 6 30
away_blitz,39,21,-1.105,1.530,-2.635,15,5rk1/pbN1bppp/2n5/4p3/8/3PB1P1/Pp3P1P/1R3RK1 b - - 1 20
placement_bundle,36,29,1.183,-1.450,2.633,9,r2r2k1/1b2bppp/3p1n2/pqnPp3/2N1P3/2P4N/1PB1QPPP/R1B2RK1 w - - 1 19
placement_bundle,57,20,1.043,-1.590,2.633,11,5rk1/ppq2p2/3bbp1p/3N4/8/1P1QPPP1/2N4P/R5K1 b - - 0 29
stack_blitz,15,32,0.902,-1.730,2.632,10,rnbq1rk1/pp1nbppp/4p3/2ppP2Q/3P4/2NBB3/PPP2PPP/R3K1NR b KQ - 1 8
placement_bundle,58,22,-1.412,1.220,-2.632,12,2k2br1/5p2/3p4/pp1BnPpp/rBn5/4N2P/P5P1/2R2RK1 w - - 0 30
placement_bundle,40,27,1.391,-1.240,2.631,9,2kr1n2/ppq2N2/2p3p1/3pbb1r/3Pn2P/PP2P3/1B3PBP/2RQR1K1 w - - 0 21
placement_bundle,69,20,-1.126,1.500,-2.626,13,6k1/1p3ppp/PP6/2r1p3/8/4bPP1/1Nbr2BP/R4R1K b - - 0 35
placement_bundle,83,20,0.752,-1.870,2.622,11,7r/4kp2/1p1p4/2qP1Ppp/Q1Pbr3/3R4/6PP/1B1R3K b - - 3 42
hlmr_more1_lightning,26,30,-1.088,1.530,-2.618,10,r4rk1/pp2pp1p/1q1p1bp1/n1pP4/2P1b3/1P3NPP/P2BPPB1/R2Q1RK1 w - - 4 14
stack_lightning,49,22,-0.506,2.110,-2.616,11,2kr3r/1p5p/3p2pb/p1n2p2/2BNp3/BP2P3/1K4PP/4R1R1 b - - 1 25
placement_bundle,15,31,1.175,-1.440,2.615,10,r1bq1rk1/ppp1bppp/n6n/4P3/2Pp4/NQ3NP1/PP1PP1BP/R1B1K2R b KQ - 6 8
placement_bundle,51,27,0.994,-1.620,2.614,9,1kr3rb/pp2p2N/3p2p1/q1pP1p1P/P1P2P2/1QNnP1P1/1P5R/R4K2 b - - 6 26
placement_bundle,29,26,-0.964,1.650,-2.614,11,3qkb1r/1Q1rnp1p/4p1p1/pBpP4/P7/2N3P1/1P1P1P1P/n1BKR3 b k - 1 15
placement_bundle,35,26,0.984,-1.630,2.614,10,r2qk2r/1p3pb1/2n1p3/p2p4/3PpPQp/2P1B1P1/PP4BP/R4RK1 b kq - 1 18
placement_bundle,58,28,-0.641,1.970,-2.611,10,2qr2k1/pb3pp1/n1p2b2/2Pp1P2/QP1Np1P1/P3P3/1B1KB2n/R2R1N1r w - - 7 30
placement_bundle,15,30,1.081,-1.530,2.611,12,r1bq3r/pppnbkpp/3p1n2/4p1N1/4P3/P1N4P/1PPP1PP1/R1BQK2R b KQ - 1 8
away_lightning,57,21,0.740,-1.870,2.610,11,3q1k1r/2p1n2p/1p3n2/3Ppp2/2Q1P3/2P2PP1/P5RP/R3K3 b Q - 1 29
placement_bundle,46,23,-0.956,1.650,-2.606,12,2r2rk1/1q1p1p1p/p3p1pP/2p3Bn/2P1P3/1PN2N2/P6Q/R4K2 w - - 7 24
placement_bundle,44,25,-1.235,1.370,-2.605,11,r3r1k1/1p3pp1/2pp3p/p1nPp3/2P1P1Q1/1P3N2/q4PPP/3RR1K1 w - - 0 23
placement_bundle,58,22,0.739,-1.860,2.599,9,5nk1/2r1qppp/1p1b4/1B6/3P1P2/6P1/Pp1r1BQP/1R3RK1 w - - 6 30
placement_bundle,41,23,-1.428,1.170,-2.598,12,1qr1k2r/3p1p1p/p3pnpP/2p5/2P1P3/1PN2N2/P3Q3/R1B2K2 b k - 2 21
placement_bundle,56,19,-1.306,1.290,-2.596,10,r1r2k2/3n3p/1p2p2P/p2q1pB1/3P4/P1PR4/2Q5/4K1R1 w - - 2 29
placement_bundle,33,28,0.965,-1.630,2.595,12,2k1rr2/pppq3p/2nppb1p/4p3/2P1P3/1PNPQN2/P4PPP/2R1R1K1 b - - 1 17
placement_bundle,16,32,-0.854,1.740,-2.594,11,rnbqkb1r/2p2pp1/3pp2p/p5Pn/Np1PP3/4B3/PPP1NP1P/R2QKB1R w KQkq - 0 9
placement_bundle,42,26,-0.603,1.990,-2.593,10,2rr2k1/4npp1/1p2bq1p/p1ppN2P/P4P2/2PP2P1/2PQ2B1/2K1RR2 w - - 0 22
placement_bundle,50,23,-0.953,1.640,-2.593,9,N1b5/1p3k2/p1n1p2p/P2r1pp1/3bn3/R2N2P1/2P2PBP/1R4K1 w - - 1 26
placement_bundle,64,19,-1.223,1.370,-2.593,11,2rk1r2/1Qp1p3/4q2p/3pNp2/2nP2P1/4B3/P6P/4R1K1 w - - 0 33
placement_bundle,44,25,-1.212,1.380,-2.592,9,3r1rk1/p4ppp/2p1p3/q3P3/1n5P/PQn1PNP1/1P1K1P2/3R1B1R w - - 1 23
placement_bundle,73,18,1.392,-1.200,2.592,11,7r/pp3r2/2k5/R3Rp2/P1pP2p1/2P3P1/3n1BKP/8 b - - 10 37
placement_bundle,36,27,-0.691,1.900,-2.591,11,r1nr2kq/3b1p1p/np4p1/p1pPP3/P4PP1/1Q1PB2P/1P4B1/R3K2R w KQ - 1 19
placement_bundle,78,22,-0.529,2.060,-2.589,12,1r4kb/8/np2r1Np/pN1p1ppP/3P4/1PR1P3/1P3P2/5K1R w - - 8 40
ship_lightning,98,19,0.505,-2.080,2.585,9,r7/2r2qk1/1R1Q2pn/P3Pb1p/3P1P2/6PP/2P1R3/6K1 w - - 3 50
away_blitz,41,21,-0.984,1.600,-2.584,15,2r3k1/pb2bppp/2n5/1N2p3/8/3PB1P1/Pp3P1P/1R3RK1 b - - 3 21
placement_bundle,61,24,1.210,-1.370,2.580,10,2r2rk1/5pbn/1Bp1p3/R5pp/1pPP4/1P1Q2PP/1q2NP2/4K1R1 b - - 2 31
placement_bundle,46,22,-1.117,1.460,-2.577,11,4r3/Rprb2p1/3k1n1p/2p1p3/4P3/2B1nP2/BPP2RPP/6K1 w - - 4 24
placement_bundle,50,22,1.416,-1.160,2.576,11,2r1r1k1/p2q3p/4p1p1/1Pp5/3p1Pn1/2P5/P2BQ1PP/2KR3R w - - 0 26
placement_bundle,52,24,-0.584,1.990,-2.574,9,2r1k1r1/4bp1R/3Bb3/p1n3P1/3pP3/Pn1P1NQ1/1q2BPP1/4RK2 w - - 0 27
placement_bundle,30,28,-0.524,2.050,-2.574,10,r3qk1r/1b3pp1/1p3n1p/pQppb3/P2N4/2NPP1P1/1P3PBP/R4RK1 w - - 0 16
placement_bundle,52,23,0.703,-1.870,2.573,12,4qknr/1pp5/p1n2p2/4p3/P1N4B/1P1r2P1/4PPBP/3RK2R w - - 0 27
placement_bundle,26,29,-0.702,1.870,-2.572,9,rn2kb1r/q2n2pp/2b1pp2/2p1P3/P2p1P2/2NP1NP1/1P4BP/R1BQK2R w KQkq - 0 14
placement_bundle,29,30,0.511,-2.060,2.571,10,r4rk1/pp1n2bp/2p2ppn/3qpb2/P2P1P2/2PNBB2/1PQN2PP/R4RK1 b - - 2 15
placement_bundle,84,17,-1.071,1.500,-2.571,11,8/p1Nr4/1n4p1/k2p3p/4p2P/P1R3P1/r4P2/3R2K1 w - - 1 43
placement_bundle,54,22,-1.427,1.140,-2.567,12,2rr2k1/7p/1pb2pp1/p3p3/2p1P1n1/P1N2N2/1PPBR3/R4K2 w - - 0 28
hlmr_more1_blitz,59,21,-0.537,2.030,-2.567,13,2rn2k1/p4p1p/Qp1p2p1/2pP1q2/1P2RP2/P1B4P/6P1/7K b - - 0 30
jun6_blitz,17,29,0.846,-1.720,2.566,13,rnbq1rk1/pp2ppbp/3p2p1/2P5/2P1P3/2NBPN2/PP4PP/R2QK2R b KQ - 0 9
placement_bundle,98,16,-0.646,1.920,-2.566,13,2n5/6k1/1p4p1/p2b1p2/1P1NpP2/2r1P3/4BK2/3R4 w - - 0 50
hlmr_more1_lightning,36,24,-1.145,1.420,-2.565,10,r4rk1/1pp3pp/p1n1p3/P3p3/1P2p1P1/2P1q2P/2KN4/RN1Q3R w - - 0 19
placement_bundle,44,22,-0.734,1.830,-2.564,11,4r1kr/1p4pp/p2Qbp2/2pp4/q7/4P2P/P2RBPP1/3R2K1 w - - 0 23
hlmr_more1_lightning,38,24,-0.812,1.750,-2.562,9,r5k1/1pp3pp/p1n1p3/P3p3/1P2prP1/2P1q2P/3N4/RNKQ3R w - - 2 20
placement_bundle,13,31,0.901,-1.660,2.561,11,rnbqk2r/pp2ppb1/5np1/2pB3p/2P5/1PN1P1P1/P2P1P1P/R1BQK1NR b KQkq - 0 7
placement_bundle,60,19,-1.211,1.350,-2.561,13,rk1r4/1p1b3R/p2p2N1/3B1p2/2P3pP/1Pb5/7P/3R2K1 w - - 0 31
placement_bundle,63,22,0.500,-2.060,2.560,12,4q3/1br1kp1Q/3p4/p1p5/P1P1n2P/1P2PnP1/1B3PR1/2KR4 b - - 2 32
away_blitz,40,21,-1.138,1.420,-2.558,16,2r3k1/pbN1bppp/2n5/4p3/8/3PB1P1/Pp3P1P/1R3RK1 w - - 2 21
nmp_blitz,21,31,0.525,-2.030,2.555,11,r1b2rk1/bpp1qppp/B1np1n2/P3p3/QP2P3/2PP1N2/5PPP/RNB2RK1 b - - 0 11
placement_bundle,57,20,0.862,-1.690,2.552,11,4qknr/2p5/2n2p2/1p2p3/7B/1P1RN1P1/4PPBP/4K2R b - - 1 29
placement_bundle,49,23,1.411,-1.140,2.551,12,2r1r1k1/p2q3p/4pnp1/1Pp5/3p1PB1/2P5/P2BQ1PP/2KR3R b - - 7 25
placement_bundle,58,21,-0.900,1.650,-2.550,9,2r2k1r/pp4p1/4p3/5P1p/2P2P1P/q2p1BP1/1RbQ4/5K1R w - - 2 30
placement_bundle,85,19,1.009,-1.540,2.549,10,1r3kr1/4p3/6np/Q1Pp1qp1/3P4/2N4P/1P3P2/K2R3R b - - 0 43
away_lightning,105,14,1.426,-1.120,2.546,14,8/1pR3k1/6pp/3p2r1/PP2p3/1P4P1/7P/6K1 b - - 2 53
placement_bundle,13,32,0.731,-1.810,2.541,12,r1b1kbnr/ppp2p1p/2nq2p1/3p4/3PpB1P/2P2NP1/PP2PPB1/RN1QK2R b KQkq - 1 7
placement_bundle,66,23,-0.760,1.780,-2.540,11,1r3r2/7k/p2p2qp/bPp2p2/4pP1R/1P2n1P1/1B1PB3/2R1K2Q w - - 0 34
placement_bundle,14,31,-1.199,1.340,-2.539,11,r1b1kb1r/pp1p1ppp/2n1pn2/2q5/2Np1B2/2N1P3/PPP2PPP/R2QKB1R w KQkq - 2 8
stack_lightning,57,26,1.149,-1.390,2.539,10,3q1rk1/1p1n2bp/2p1n1p1/p2pPr2/P1PP4/1PN1BN2/5R1P/4RQ1K b - - 9 29
hlmr_more1_lightning,40,20,-0.608,1.930,-2.538,9,4qrk1/ppp4p/3p2p1/4pP2/2n1P3/2P3QP/P7/3R1RK1 w - e6 0 21
placement_bundle,41,27,1.367,-1.170,2.537,10,1brr3k/p4p2/2n1bq1p/1pP1p2P/6pN/P2BP3/1BQP1PP1/R3K2R b KQ - 1 21
placement_bundle,50,25,-0.924,1.610,-2.534,11,4k1r1/4bp2/p2p1n2/q1p1p2p/PrP1P1p1/2NQB2P/5PP1/1R1R2K1 w - - 0 26
placement_bundle,19,30,0.942,-1.590,2.532,9,rnb1kb1r/1p1q1pp1/p2p1n1p/4p3/2B1P2P/2P1BN2/PP3PP1/RN1Q1K1R b kq - 5 10
placement_bundle,70,24,-1.762,0.770,-2.532,9,3r2k1/2qN1ppp/3np3/1pb1N1P1/7r/p1PQP2P/P4P2/1R1R1K2 w - - 2 36
placement_bundle,88,21,-1.121,1.410,-2.531,9,3r4/p3rp2/1kn3p1/1pp4p/4BB1n/P1PP3P/2P1R1R1/4K3 w - - 5 45
hlmr_more1_lightning,45,25,1.760,-0.770,2.530,10,r4rk1/p1q3p1/1p3p1p/P1pb1P2/2NPnR2/B1P1P3/2Q3PP/R5K1 b - - 0 23
placement_bundle,59,14,1.180,-1.350,2.530,11,7r/5pkp/2Q3p1/p7/5q2/P4P2/1PP5/1K1R4 b - - 2 30
placement_bundle,68,15,-0.820,1.710,-2.530,11,r1k5/3p2p1/3Bnp2/1R6/6P1/P1P5/2p3r1/2K2R2 w - - 3 35
placement_bundle,55,19,-0.867,1.660,-2.527,10,1rr5/3k2bp/1Pn3p1/p1RNpp2/5P2/8/PB3K1P/2R5 b - - 7 28
hlmr_more1_lightning,32,26,-1.386,1.140,-2.526,9,r4rk1/1pp3pp/p1n1p3/P2pp3/1P2P1P1/2P1P2P/3NKq2/RN1Q3R w - - 3 17
placement_bundle,23,30,0.885,-1.640,2.525,11,r2q1rk1/1bp2pbp/ppn1pnp1/8/1PQ5/P1NBPN2/1B1P1PPP/R1R3K1 b - - 0 12
placement_bundle,13,32,0.774,-1.750,2.524,10,r1bqkb1r/p2n1ppp/2pp1n2/1p2p3/3P3P/2N2NB1/PPPQPPP1/R3KB1R b KQkq - 1 7
away_lightning,26,29,-1.381,1.140,-2.521,9,r1b2rk1/ppp1q2p/2n1p3/1N2Ppp1/2p2Bn1/2Q3P1/PP2PPBP/R4RK1 w - - 0 14
placement_bundle,25,28,1.740,-0.780,2.520,9,2r1k2r/pb2bppp/2N1pn2/qBpp4/3P1B2/1QN5/PP3PPP/R4RK1 b k - 0 13
placement_bundle,70,15,-1.069,1.450,-2.519,10,2n2r2/p2R3p/1p4k1/1R1N1p2/2r5/6P1/5PKP/8 w - - 2 36
placement_bundle,90,15,-1.248,1.270,-2.518,14,7k/7p/2p1rp1P/pp3Q2/3P4/Pq6/1P6/2K2R2 w - - 4 46
hlmr_more1_lightning,56,18,0.793,-1.720,2.513,10,r7/4ppk1/3p1np1/1Q1P3p/P7/5P2/1P3KPP/r4N2 w - - 6 29
placement_bundle,15,32,-0.933,1.580,-2.513,8,r3kbnr/pp2pppp/1qpp4/3Pn2b/2PN4/2N2PP1/PP2P2P/R1BQKB1R b KQkq - 2 8
stack_lightning,13,32,1.760,-0.750,2.510,9,rnbq1rk1/ppp1ppbp/3p2p1/8/2BPP1n1/2N1BN2/PPP2PPP/R2QK2R b KQ - 7 7
placement_bundle,45,23,0.759,-1.750,2.509,11,2rqr1k1/3n3p/1p2p1p1/pB1Rb3/8/PQN1P1PP/1P3P2/5K1R b - - 0 23
placement_bundle,36,28,-0.663,1.840,-2.503,10,r2k3r/pp1nb1p1/2p1bpB1/4p3/1qP3Pp/1QN1B2P/PP2PP2/2KR3R w - - 3 19
placement_bundle,21,27,0.582,-1.920,2.502,11,r1b1k2r/pp3pp1/2nbp2p/q7/2BP3P/2P2Q2/P1P2PP1/1RB1K1NR b Kkq - 2 11
placement_bundle,32,29,-0.591,1.910,-2.501,9,r3k2r/p2nnppp/2pp1b2/1p6/4PPb1/qPN1Q1P1/2PBN1BP/1K1RR3 w kq - 0 17
placement_bundle,37,27,0.609,-1.890,2.499,10,2rqk2r/pp4bp/6p1/2PppPN1/P1BB1np1/1NP4P/5P2/R1Q1K2R b KQk - 0 19
placement_bundle,17,31,0.827,-1.670,2.497,9,rnbqkb1r/pp2pp2/5np1/2p1N2p/3P1Q2/1P1P4/PBP2PPP/RN2KB1R b KQkq - 0 9
placement_bundle,58,17,0.726,-1.770,2.496,14,1k6/1Bp3pp/p2r4/2N2p2/5P2/P7/1P4PP/4r1BK w - - 3 30
placement_bundle,37,26,0.753,-1.740,2.493,9,r4rk1/bp4pp/4q1b1/p2pn1Pn/3P4/P1N4P/1P2QPB1/R1B2RK1 b - - 1 19
jun6_blitz,14,32,0.968,-1.520,2.488,11,rnbq1rk1/pp2ppbp/3p2p1/2p5/2PPP1n1/2NBBN2/PP3PPP/R2QK2R w KQ - 0 8
stack_lightning,54,26,1.108,-1.380,2.488,9,3q1rk1/1p1n2bp/2p3p1/p2pPr2/P1PP1n2/1PN1BN2/7P/1R2RQ1K w - - 6 28
jun6_blitz,42,24,-0.647,1.840,-2.487,12,1r2k2r/4np1p/pN1p2pb/3Pp3/1P2b3/4BN2/P4PPP/2RR2K1 w k - 4 22
placement_bundle,20,30,1.037,-1.450,2.487,11,rnb1k2r/1pq2p1p/p1pb1np1/8/1PN1p3/2PB1N1P/P2P1PP1/R1BQK2R w KQkq - 0 11
placement_bundle,18,30,-0.887,1.600,-2.487,9,r2q1rk1/pp2bppp/2n2n2/1Bpp1b2/3P4/1PN1PN2/P1Q2PPP/R1B1K2R w KQ - 2 10
placement_bundle,70,19,-1.306,1.180,-2.486,12,4n1r1/Nk2b3/4p2p/2P2ppN/5P2/P2rB2P/5P2/2R2K2 w - - 3 36
placement_bundle,33,29,0.586,-1.900,2.486,10,rb2r1k1/1p2nppp/1qn5/pN1P1b2/P2PpP2/1N2B3/1P2B1PP/R3QRK1 b - - 0 17
placement_bundle,85,25,-1.534,0.950,-2.484,11,3rk2r/5pb1/2b1p3/q1p1P1p1/2PP2Np/pP3P1P/P2R4/B2R1KQ1 b - - 0 43
hlmr_more1_lightning,34,26,-0.712,1.770,-2.482,9,r4rk1/pppb1ppp/4pn2/NP6/R2PP3/2NQn3/1q3PPP/5RK1 w - - 0 18
placement_bundle,19,29,0.861,-1.620,2.481,11,r1bqk2r/pp2bppp/2n2n2/1Bp5/3P4/1PN2NP1/P1QP1P1P/R1B1K2R b KQkq - 0 10
placement_bundle,76,30,-1.300,1.180,-2.480,11,4k3/r4p2/1nqppbp1/pp1b1n1r/3P1P1p/PPPB1N1P/3BN1PK/1Q2RR2 w - - 25 39
stack_lightning,21,32,0.700,-1.780,2.480,9,r1br2k1/ppp1qpbp/2n1pnp1/1N1p4/2PP4/1Q1BPN2/PP1B1PPP/2R2K1R b - - 9 11
placement_bundle,48,23,-0.899,1.580,-2.479,10,2r2rk1/1q1p3p/p3pppP/2p3Bn/2P1P3/1PN2N2/P6Q/3R1K2 w - - 0 25
away_blitz,30,28,-1.057,1.420,-2.477,13,r1b1k2r/1pp3pp/p1p5/b2qPp2/1P1p1n2/P4NP1/2PNQP1P/R3R1K1 w kq - 0 16
placement_bundle,29,27,0.746,-1.730,2.476,9,rnb1r1k1/ppq2ppp/3b1B2/8/N1Bp4/P4Q1P/1PP2PP1/2KR2NR b - - 0 15
placement_bundle,67,20,1.413,-1.060,2.473,12,4n3/4kppQ/1pb1p3/2q1P3/2pR1P2/2P5/6PP/rBB2K2 b - - 12 34
ship_blitz,15,32,0.902,-1.570,2.472,10,rnbq1rk1/pp1nbppp/4p3/2ppP2Q/3P4/2NBB3/PPP2PPP/R3K1NR b KQ - 1 8
placement_bundle,35,26,-1.121,1.350,-2.471,10,r3k2r/ppp3pp/1nb1pp2/P1q5/2P5/1Q3NP1/3PPPBP/R3K2R b KQkq - 0 18
hlmr_more1_lightning,30,24,-0.920,1.550,-2.470,10,2kr1b1r/ppp2pp1/8/3Pn2p/8/2N1BP2/PqP2P1P/R2QR1K1 w - - 0 16
placement_bundle,38,27,-0.590,1.880,-2.470,10,r4r2/2nqNkb1/5n1p/pp1p2p1/2P1p3/B2BP2P/P2PQPP1/R4RK1 w - - 0 20
hlmr_more1_lightning,60,27,-1.266,1.200,-2.466,9,2r1k2r/pp2p1b1/6p1/n1pPpbp1/2P5/qP2QNP1/P2B1P1P/2RR2K1 w - - 0 31
placement_bundle,44,23,-0.976,1.490,-2.466,11,N1bk2r1/1p1n1p2/3p4/q2P3N/p3P1p1/2PQ1BP1/P1K2P2/b6R w - - 0 23
placement_bundle,46,24,-0.915,1.550,-2.465,11,3rr1k1/1p3pp1/2Pp3p/p1n1p3/2P1P1Q1/1P3N2/q4PPP/3RR1K1 w - - 1 24
placement_bundle,39,30,0.905,-1.560,2.465,10,r1bqk2r/4np2/1pp2bp1/p1p1p1Np/N1P1P3/PP1PQ2P/4BPP1/R1R3K1 b kq - 5 20
stack_lightning,49,26,1.325,-1.140,2.465,9,4rrk1/1p1n2bp/1qp3p1/p2pP3/P1PP1n2/1P2BN2/N6P/1R2RQK1 b - - 1 25
placement_bundle,59,19,0.863,-1.600,2.463,12,2r2qk1/1p1b4/p6p/3B1pp1/3P2N1/2P3P1/PP6/3RR1K1 b - - 0 30
placement_bundle,79,19,0.883,-1.580,2.463,12,4rN2/2rk1pQ1/3n4/p3p1N1/4P1P1/1q5P/1b3P2/3R2KB b - - 2 40
placement_bundle,52,23,-1.082,1.380,-2.462,11,2r1k1r1/pp2pp2/3pb2p/1P5Q/2P1NP2/q3P3/1b1RB1P1/1R4K1 w - - 6 27
placement_bundle,25,27,-1.091,1.370,-2.461,11,rnbq1rk1/pp4Pp/2p5/P2n4/5p2/P1pP1N2/2P1B1PP/R1BQ1RK1 b - - 0 13
placement_bundle,48,21,-0.771,1.690,-2.461,12,r3k2r/p4p2/1p1Bp1p1/1p2N1p1/3P4/P1n1P2P/2P1R3/K2R4 w kq - 0 25
placement_bundle,52,20,-1.627,0.830,-2.457,11,3r4/pp1P1ppp/n4k2/1N6/Bp6/3br3/P5PP/2RR2K1 w - - 1 27
placement_bundle,79,22,1.072,-1.380,2.452,10,4k3/2r1nR2/1pqpp1p1/p3p3/P1P3Np/1P1QP3/1B4PP/6K1 b - - 0 40
placement_bundle,36,26,-1.531,0.920,-2.451,11,1rb1kb1r/3nnppp/p7/B1pP4/4P3/Q7/PPB2qPP/2KR2NR w k - 0 19
placement_bundle,84,15,-1.428,1.020,-2.448,15,8/1p3k2/3p2p1/3p1pPp/5P2/1Nb1K2P/6B1/6n1 w - - 4 43
nmp_standard,38,25,-1.197,1.250,-2.447,13,r1br1nk1/pp2b3/4p3/3pPp2/3N1p1p/3B1N2/PPP2KPP/R6R w - - 4 20
placement_bundle,90,26,-0.707,1.740,-2.447,11,3qrrk1/5p1p/1p1pb1n1/p1p1pB1Q/P1P1P3/1PNPR1P1/5P1N/5K2 w - - 1 46
hlmr_more1_lightning,20,29,-1.696,0.750,-2.446,10,r1b2k1r/ppq2ppp/4pn2/1B1Pn3/1b1N3P/2N1BQ2/PPP2PP1/R3K2R w KQ - 3 11
placement_bundle,37,25,0.696,-1.750,2.446,10,r1b1k2r/1q2P1bp/p5p1/1p1P4/2p2B2/P4pPP/BP3P2/R2Q1K1R b kq - 1 19
placement_bundle,49,30,-0.545,1.900,-2.445,9,2r1r2k/p2nq1b1/1pbp1p1p/2p1p1p1/1PP1P1BP/P1NPBNP1/1Q3P2/4K2R b K - 1 25
placement_bundle,21,32,0.583,-1.860,2.443,10,r1bq1rk1/1p1n1ppp/2pb1n2/p2p4/2PPp1PP/1PN1P3/PBQN1P2/R3KB1R b KQ - 0 11
placement_bundle,67,26,1.392,-1.050,2.442,10,1k2rb1r/1p3pp1/q1p3b1/2P1p1Np/2R5/pP2PBP1/P2Q1P1P/K2R4 b - - 4 34
placement_bundle,63,18,1.127,-1.310,2.437,13,2r1bq1k/1B6/p6p/4Npp1/3P4/2P3P1/PP6/3RR1K1 b - - 0 32
placement_bundle,31,32,0.606,-1.830,2.436,9,3q1kr1/rp2n1b1/2npb2p/pQpNpppP/2P1P3/3PBNP1/PP3PB1/4R1KR b - - 1 16
away_lightning,38,24,-0.625,1.810,-2.435,9,r2qk2r/p2b4/2p1pb2/1P2B1p1/3p3p/P1N4P/2P1QPP1/R3K2R w KQkq - 0 20
nmp_blitz,15,32,0.725,-1.710,2.435,9,rnbq1rk1/pp1nbppp/4p3/2ppP2Q/3P4/2NBB3/PPP2PPP/R3K1NR b KQ - 1 8
stack_lightning,40,24,-0.974,1.460,-2.434,10,2kr1b1r/1p5p/3p2p1/p3pp2/4n3/BP2PN2/bKP3PP/3R1BR1 w - - 0 21
placement_bundle,14,32,-0.843,1.590,-2.433,9,r3kbnr/pp2pppp/1qpp4/3Pn2b/2PN4/5PP1/PP2P2P/RNBQKB1R w KQkq - 1 8
placement_bundle,44,24,-0.959,1.470,-2.429,10,r3kb2/4ppp1/B1ppbr2/N6p/QP2P3/P1q1P3/5RPP/3R2K1 w - - 0 23
placement_bundle,25,28,0.636,-1.790,2.426,10,r1bqk2r/pp2pp2/n4npb/4N2p/4N3/1P1P1Q2/PB3PPP/R3KB1R b KQkq - 2 13
away_lightning,42,24,-1.155,1.270,-2.425,10,2r2rk1/p2p3p/1pq1p1p1/2p1P1Q1/2PP1p1P/2P1P3/P4P2/2R1K1R1 w - - 0 22
placement_bundle,58,25,-0.614,1.810,-2.424,10,4kq2/p1rn3r/1pn3p1/1Qppp1Bp/P4P2/2PP2P1/1P2N3/2K1R2R w - - 0 30
placement_bundle,74,21,-1.051,1.370,-2.421,9,2r3k1/r2N1pp1/p1Pqp2p/3nN3/3P2QP/4P1P1/5P2/2R3K1 w - - 11 38
placement_bundle,46,19,0.761,-1.660,2.421,11,r3r1k1/6pp/2Q1N3/pp6/4P2P/6q1/PPP3P1/1K3R1n w - - 0 24
placement_bundle,22,32,-1.130,1.290,-2.420,9,r4rk1/ppqbnppp/3bpn2/2p4P/P2pP3/3P1N2/1PP1BPP1/RNBQK2R w KQ - 2 12
placement_bundle,57,21,1.079,-1.340,2.419,10,r4k1r/1R2pp2/3q1bp1/2p5/2P1P2p/P4Q1P/4BPP1/1R4K1 b - - 2 29
placement_bundle,25,28,-0.838,1.580,-2.418,9,rn2k2r/pp1b1p2/1q2p1pp/2b1P3/1PB5/5NnP/P2N1PP1/R1BQ1RK1 b kq - 0 13
ship_lightning,64,18,-0.838,1.580,-2.418,13,4Qqk1/5pp1/1p5p/p1p1p3/P4b2/2P4P/1P3P2/5K1R w - - 2 33
placement_bundle,18,30,-0.587,1.830,-2.417,10,r3kb1r/pp3ppp/2n1p3/2pq1n1b/Q2P4/2P2N1P/PP2BPP1/RNB2RK1 w kq - 1 10
placement_bundle,17,32,1.085,-1.330,2.415,10,r1q1kb1r/pbpnpp1p/1p1p1np1/8/3P1B2/N1P1PN1P/PPQ2PP1/2KR1B1R b kq - 4 9
placement_bundle,44,20,-1.122,1.290,-2.412,13,2k4r/pp1r1Qpp/2p2n2/4p1B1/8/P4PP1/5P1P/b4K1R w - - 1 23
placement_bundle,15,29,1.450,-0.960,2.410,12,rn1qk1nr/1Q2bppp/p2pb3/2p3B1/2B1P3/2N5/PPP2PPP/R3K1NR b KQkq - 0 8
placement_bundle,50,22,-1.239,1.170,-2.409,11,2rr2k1/3b3p/1p2ppp1/p7/2p1P1n1/P1N2N2/1PPB4/R2R1K2 w - - 0 26
stack_blitz,38,23,-1.329,1.080,-2.409,15,2b2rk1/p3bppp/2pp4/4p3/N1r1P3/1P2P3/P1P3PP/1K1R1R2 w - - 0 20
placement_bundle,27,30,0.528,-1.880,2.408,10,r3k2r/1b1nppbp/p1p1qnp1/1p6/3P1B2/PPN1PN1P/5PP1/R2QKB1R b KQkq - 2 14
stack_lightning,77,17,-1.388,1.020,-2.408,14,8/1p3kb1/1Pp3p1/p2pP2p/P2n4/1P2RN2/7P/7K b - - 1 39
placement_bundle,21,31,0.707,-1.700,2.407,11,r1bqk2r/1pp2pb1/3p2pp/p2Bp3/2PB2nP/P1NP2P1/1P2PP2/R1Q1K1NR b KQkq - 0 11
placement_bundle,16,32,-0.607,1.800,-2.407,10,r3kbnr/pp2pppp/1q1p4/2pPnb2/2P5/1N3PP1/PP2P2P/RNBQKB1R w KQkq - 2 9
placement_bundle,27,28,0.866,-1.540,2.406,12,r1bqk2r/1p3pp1/p3p2p/4N2B/1b1pPn2/3P4/PPQN1PPP/R4RK1 b kq - 2 14
jun6_blitz,21,28,1.142,-1.260,2.402,12,r1bqkb1r/4nppp/p2p4/1p1Pp3/8/2N1BN2/PPPQ1PPP/R3K2R b KQkq - 2 11
placement_bundle,34,25,-0.570,1.830,-2.400,12,r3k2r/1ppb1ppp/1p1p4/8/PBP1Pp2/1P1P4/2K1B1PP/R5Nn w kq - 0 18
hlmr_more1_lightning,57,14,1.009,-1.390,2.399,12,2k5/2p3p1/8/p1N2r1p/3n4/4B2P/P2N2P1/6K1 b - - 2 29
hlmr_more1_lightning,60,24,-0.838,1.560,-2.398,9,1r3r1k/1pp4p/p3p3/3p1qP1/P2Pn2P/2P1Q1P1/1P3p1K/R4R1B w - - 0 31
placement_bundle,58,18,-1.637,0.760,-2.397,13,r5k1/2R2p2/p5p1/1pp1P2p/P1p1b3/4P3/P4P2/2K3R1 w - - 0 30
away_lightning,106,14,0.930,-1.460,2.390,16,8/1pR5/5kpp/3p2r1/PP2p3/1P4P1/7P/6K1 w - - 3 54
stack_blitz,13,30,0.790,-1.600,2.390,11,r1bqkb1r/pp3ppp/2nppn2/8/2BNPB2/2N5/PPP2PPP/R2QK2R b KQkq - 1 7
placement_bundle,62,20,-1.309,1.080,-2.389,12,1k6/pp5p/2pr1pn1/P3pQ2/3p4/q2P1PP1/2R4P/2R3K1 w - - 3 32
placement_bundle,50,23,-1.389,1.000,-2.389,11,2k4r/2q2p2/1rp1p3/3pbb1p/1P4p1/2PB4/P5PP/R1BQ1R1K w - - 4 26
placement_bundle,15,30,0.998,-1.390,2.388,12,r1bq1rk1/ppp1bppp/2B4n/4P3/2Pp4/NQ4P1/PP1PP2P/R1B1K1NR b KQ - 0 8
placement_bundle,19,30,0.737,-1.650,2.387,9,r1bq1rk1/p2pppbp/n1p2np1/8/1P1Q4/P1N2NP1/1BP1PP1P/R3KB1R b KQ - 5 10
placement_bundle,32,28,0.545,-1.840,2.385,11,1rb1r1k1/2p2ppp/p1nq1n2/3p2P1/1p1P1P2/P1NBBQ1P/1P3P2/2KR3R w - - 0 17
hlmr_more1_lightning,65,18,0.542,-1.840,2.382,11,2r1r1k1/5pp1/2p4p/p1P5/3N4/B4R2/P5PP/4qQK1 b - - 2 33
hlmr_more1_lightning,54,18,0.627,-1.750,2.377,12,7r/4ppk1/3p1np1/1Q1P3p/P7/5P2/1P4PP/r4NK1 w - - 4 28
placement_bundle,78,30,-1.306,1.070,-2.376,10,4k2r/r4p2/1nqppbp1/pp1b1n2/3P1P1p/PPPB1N1P/3BN1P1/1Q2RR1K w - - 27 40
hlmr_more1_lightning,31,30,0.594,-1.780,2.374,10,2rqk1nr/pp3pp1/2n1p3/3pP2p/Qb1P2bN/PP3P2/1B2B1PP/RN3RK1 b k - 0 16
placement_bundle,24,25,-0.643,1.730,-2.373,11,r3kbnr/pp3ppp/2p5/8/1n5N/N5P1/bPP2PBP/R1B1K2R w KQkq - 0 13
placement_bundle,21,30,0.882,-1.490,2.372,11,rnb1k2r/1pq2p1p/p1pb1np1/8/1PN1p3/2PB1N1P/P2PQPP1/R1B1K2R b KQkq - 1 11
placement_bundle,46,22,0.582,-1.790,2.372,11,2rqr1k1/3n3p/1p4p1/pB1pb3/8/PQN1P1PP/1P3P2/5K1R w - - 0 24
hlmr_more1_lightning,51,27,0.987,-1.380,2.367,9,2r3k1/2r1pp1p/1q1nbbp1/p2p4/P2P2P1/1PBBP2P/1Q1N1P2/R1R2K2 b - - 0 26
placement_bundle,95,19,0.666,-1.700,2.366,9,6rk/1r6/1N2p1np/2Pp2p1/3P4/1P3q1P/Q4P2/K4R1R b - - 4 48
placement_bundle,17,31,0.704,-1.660,2.364,9,r1bqk2r/pp2ppb1/5np1/2pP3p/1n1P4/1PN1P1P1/P3QPBP/R1B1K1NR b KQkq - 0 9
placement_bundle,45,24,-0.564,1.800,-2.364,9,3r1rk1/p4ppp/2p1p3/q3P3/1n5P/PQK1PNP1/1P3P2/3R1B1R b - - 0 23
placement_bundle,35,30,0.761,-1.600,2.361,9,r1bqr1k1/2pp1pp1/1pn1nb1p/7P/2P1N3/pQ1PPNP1/PP4B1/1RB1K2R b K - 0 18
placement_bundle,31,25,0.711,-1.650,2.361,10,rq2k2r/1p1n1pp1/3b2b1/pQ1B3p/3P4/4B1P1/PP2PP1P/R4RK1 b kq - 2 16
placement_bundle,22,28,-1.290,1.070,-2.360,10,rn3rk1/1pp3pp/p1q1b3/2b1pp2/8/2N1P2P/PP1PBPP1/R1BQ1RK1 w - - 4 12
placement_bundle,27,27,0.659,-1.700,2.359,11,2kr1b1r/ppp1q2p/2np2p1/7n/2P3P1/PQ2P3/1P1P1N1P/R1B1KB1R b KQ - 0 14
hlmr_more1_lightning,28,26,-1.537,0.820,-2.357,11,r3k1nr/5ppp/pq2p1b1/1PppP3/P2N1B2/1P6/5PPP/R2QK2R w KQkq - 0 15
placement_bundle,35,23,-1.606,0.750,-2.356,11,r1b1k1nQ/1p3p1p/p2p2q1/P1p1p3/8/8/1PNPKPP1/2B2B1R b q - 0 18
placement_bundle,40,22,0.535,-1.820,2.355,11,r1b1rk2/p1b1qppB/p7/8/1P5P/P3P3/2QP1PP1/1R2K2R w K - 3 21
placement_bundle,42,23,-1.275,1.080,-2.355,11,4r1kr/1p4pp/p2Qbp2/q1pp4/P7/3BP2P/P2R1PP1/3R2K1 w - - 2 22
placement_bundle,54,21,-0.625,1.730,-2.355,10,3k3r/2q2p2/1rp5/3pbp1p/1P4p1/2PQ4/P5PP/R1B2R1K w - - 2 28
placement_bundle,64,22,-0.545,1.810,-2.355,9,1r2bk2/2q1pp2/2Pn2p1/1B2p2r/PQ5p/5N1P/5PP1/2RR2K1 w - - 1 33
placement_bundle,14,32,-1.004,1.350,-2.354,10,rnbqkb1r/p1p2pp1/3pp2p/6Pn/Np1PP3/8/PPP1NP1P/R1BQKB1R w KQkq - 0 8
hlmr_more1_lightning,34,25,-0.911,1.440,-2.351,8,r4rk1/1pp3pp/p1n1p3/P3p3/1P2p1P1/2PKP2P/3N1q2/RN1Q3R w - - 0 18
hlmr_more1_lightning,29,30,0.576,-1.770,2.346,8,r3r1k1/1ppbqpp1/p1np1n1p/P2Bp3/1P2P3/NQPPPN1P/6P1/R2K3R b - - 1 15
away_blitz,45,21,-0.765,1.580,-2.345,13,2r3k1/1b2bppp/p7/4p3/Nn6/3PB1P1/Pp3P1P/1R3RK1 b - - 3 23
placement_bundle,24,30,-0.555,1.790,-2.345,9,r3k1r1/p3ppbp/n1p1bnp1/3q4/Np3B2/1Q1P1NP1/PP2PPBP/R3K2R w KQq - 3 13
away_blitz,44,21,-1.014,1.330,-2.344,14,2r3k1/1b2bppp/p7/4p3/1n6/2NPB1P1/Pp3P1P/1R3RK1 w - - 2 23
placement_bundle,32,28,-0.722,1.620,-2.342,11,2rqk2r/pp5p/1nnp1p1B/2p1p1p1/4P3/2PP1NP1/P1PQ1P1P/R3R1K1 w k - 0 17
placement_bundle,74,25,-0.891,1.450,-2.341,10,2r2kr1/p4p1p/1p1qpnpP/nR1p2N1/Q2P1N1R/2P1P1P1/5P2/5K2 w - - 17 38
placement_bundle,13,32,0.761,-1.580,2.341,12,r1b1kbnr/ppp2p1p/2nq2p1/3p4/3PpB1P/2P2NP1/PP2PPB1/RN1QK2R b KQkq - 1 7
placement_bundle,79,17,1.049,-1.290,2.339,14,7r/r4pk1/6p1/p1RpP3/Pp1P1P2/1P4P1/2N5/6K1 b - - 3 40
stack_lightning,55,26,1.058,-1.280,2.338,9,3q1rk1/1p1n2bp/2p3p1/p2pPr2/P1PP1n2/1PN1BN2/1R5P/4RQ1K b - - 7 28
nmp_blitz,35,25,0.826,-1.510,2.336,10,r4rk1/bp2qppp/3p4/PQ2p2n/2P1P3/3PBP2/5P1P/RN2R1K1 b - - 2 18
placement_bundle,56,21,0.825,-1.510,2.335,12,5rk1/R2b1p2/1Qp1pb2/3p2p1/6Pp/1P1BP3/1P3P2/4KNq1 w - - 2 29
placement_bundle,44,27,-1.173,1.160,-2.333,9,4k1r1/4bpp1/p2pbn2/q1p1p2p/Pr2P3/1PN1B2P/2QN1PP1/1R1R2K1 w - - 4 23
placement_bundle,45,22,-1.082,1.250,-2.332,12,2rr2k1/3b1ppp/1p2pn2/p7/2pNP3/P1N5/1PPB2K1/R2R4 b - - 0 23
hlmr_more1_lightning,57,25,0.549,-1.780,2.329,9,2r3k1/4pp2/1qrnbbp1/p2p4/P2P2P1/1PBBPP2/1QRN4/R4K2 b - - 0 29
placement_bundle,46,22,-1.169,1.160,-2.329,11,2rr2k1/3b1ppp/1p2p3/p7/2pNP1n1/P1N5/1PPB2K1/R2R4 w - - 1 24
placement_bundle,42,23,-1.018,1.310,-2.328,10,1qr2rk1/3p1p1p/p3pnpP/2p5/2P1P3/1PN2N2/P3Q3/R1B2K2 w - - 3 22
placement_bundle,27,29,0.867,-1.460,2.327,9,r1b1k2r/1p2ppb1/nqpp2p1/B6p/Q1PPB2N/P3P2P/1P3PP1/R3K2R b KQkq - 0 14
placement_bundle,37,25,0.957,-1.370,2.327,12,1r3rk1/2pq2pp/Q1p1pb2/2Pp4/1P1PbR2/P3PN2/5P1P/R1B1K3 b Q - 2 19
stack_lightning,51,26,1.026,-1.300,2.326,9,3qrrk1/1p1n2bp/2p3p1/p2pP3/P1PP1n2/1P2BN2/N6P/1R2RQ1K b - - 3 26
stack_lightning,79,17,-1.276,1.050,-2.326,14,8/1p3k2/1Pp3pb/p2pP2p/P2n4/1P1R1N2/7P/7K b - - 3 40
placement_bundle,88,15,1.094,-1.230,2.324,13,7k/3Bnp2/3N3p/6pP/1p6/1P2PPPK/r7/8 w - - 0 45
placement_bundle,64,24,-0.682,1.640,-2.322,9,4k3/p1rn1q1r/1pn3p1/1Qp1p1Bp/P4P2/2pP2P1/1P2N3/2K1RR2 w - - 0 33
placement_bundle,37,26,1.312,-1.010,2.322,10,r3k2r/1p3pb1/2n1pq2/p2p1P2/3Pp1Qp/2P1B1P1/PP4BP/R4RK1 b kq - 0 19
placement_bundle,80,14,-0.561,1.760,-2.321,12,2b5/2q5/8/1Pkp2Q1/2p1p2P/R3Pr2/8/1R4K1 w - - 1 41
placement_bundle,17,32,1.110,-1.210,2.320,11,r3kb1r/ppp1qppp/2np4/5bNn/2P1p3/PQN1PP2/1P1P2PP/R1B1KB1R b KQkq - 2 9
placement_bundle,35,26,0.657,-1.660,2.317,10,r1b2rk1/1p2qpp1/2p2n2/p1n4p/5Q1P/2N1PNP1/P2P1PB1/1R3K1R b - - 8 18
placement_bundle,68,19,-1.287,1.030,-2.317,11,2r3k1/1p3ppp/7q/3pN3/3Pr1P1/1P1QP2P/5PK1/R7 w - - 5 35
away_blitz,30,24,-1.296,1.020,-2.316,11,rn3rk1/bp3ppp/4q3/4p3/2Q3n1/2N3P1/PP2PPBP/R4RK1 w - - 0 16
hlmr_more1_lightning,19,32,0.626,-1.690,2.316,11,r1bq1rk1/pp3pbp/2p1pnp1/n1Qp4/2PP4/2NBPN2/PP1B1PPP/R3K2R b KQ - 1 10
hlmr_more1_lightning,53,27,0.915,-1.400,2.315,8,2r3k1/4pp1p/1qrnbbp1/p2p4/P2P2P1/1PBBP2P/1QRN1P2/R4K2 b - - 2 27
placement_bundle,70,16,1.405,-0.910,2.315,12,1r2b2k/8/5q1p/5pp1/2BP4/2PN2P1/P7/3RR1K1 w - - 2 36
placement_bundle,44,24,-1.344,0.970,-2.314,9,r3k2r/1p2b2p/pq3nb1/3P1nN1/8/P1B1PQ2/1P3PPP/2R1R1K1 w kq - 1 23
placement_bundle,31,26,0.793,-1.520,2.313,9,1rb1kb1r/2q2ppp/p3p3/4n3/3N4/PNnBP3/1B1Q1PPP/R3K2R b KQk - 3 16
placement_bundle,42,25,-1.053,1.260,-2.313,10,2rb1k1r/5pp1/1p1P1n1p/p4b2/3Qp2B/2N5/Pq2BPPP/2R2RK1 w - - 3 22
placement_bundle,25,32,0.572,-1.740,2.312,10,2r1k2r/1p1nppb1/1q3np1/p1pp3p/3P1BbP/2PBPNP1/PP1NQP2/1K2R2R b k - 0 13
jun6_standard,59,23,1.191,-1.120,2.311,11,r2r2k1/1p3pp1/5n1p/B1Qn3P/2p2qP1/5P2/PPN2R2/RK3B2 b - - 12 30
placement_bundle,77,22,-0.500,1.810,-2.310,10,6k1/2rn1r2/ppn3p1/2p1P2p/P4Bq1/2PP1NP1/5R2/1QK1R3 b - - 3 39
placement_bundle,67,22,1.458,-0.850,2.308,9,4k2r/6p1/1p3p2/p1rpn1pP/P5P1/1PN1P1R1/3Q1P1q/3R1K2 b - - 3 34
placement_bundle,47,24,1.355,-0.950,2.305,11,2rq2k1/1BNn1ppp/1p1br3/8/3P1P2/p3B1P1/PPQ4P/1R2R1K1 b - - 0 24
placement_bundle,40,28,-0.620,1.680,-2.300,9,1r3k1r/p2q1p2/1pnNpnp1/2Pp3p/8/Q1PbP1P1/1P1N1PBP/R2R2K1 w - - 2 21
hlmr_more1_lightning,58,24,-0.838,1.460,-2.298,11,1r3r1k/1pp4p/p3p3/3p1qP1/P2Pn2P/2P1QpP1/1P5K/RR5B w - - 1 30
jun6_blitz,14,32,0.968,-1.330,2.298,11,rnbq1rk1/pp2ppbp/3p2p1/2p5/2PPP1n1/2NBBN2/PP3PPP/R2QK2R w KQ - 0 8
placement_bundle,43,25,1.188,-1.110,2.298,10,1k1r3r/1b3p2/1Npp1p2/p1n1q2p/2P1P2P/PP3P2/2Q1B1P1/3RK2R b - - 0 22
stack_lightning,45,24,-0.736,1.560,-2.296,11,2kr3r/1p5p/3p2pb/p1n1pp2/2B5/BP2PN2/bKP3PP/4R1R1 b - - 5 23
placement_bundle,78,23,-1.446,0.850,-2.296,9,2r1k3/1p5r/p1np2q1/2PB2b1/P3P1bp/1QBN4/1P3RPP/7K w - - 5 40
placement_bundle,29,24,0.765,-1.530,2.295,10,rn3k1r/pp1b1pN1/1b6/7p/1PB1P1n1/P1N1B1P1/5P1P/3R1RK1 b - - 0 15
placement_bundle,83,16,0.705,-1.590,2.295,11,b2q2k1/4r3/7p/2N1p3/2P1Pp2/1P3P2/Q6P/3BK3 b - - 3 42
ship_lightning,76,18,-0.615,1.680,-2.295,10,6k1/3Q1pp1/1p3q1p/p1p1p3/P6b/2PR3P/1P3PK1/8 w - - 14 39
placement_bundle,19,32,0.793,-1.500,2.293,11,r2qk2r/1p1nppb1/2p2np1/p2p3p/3P1BbP/3BPN2/PPPNQPP1/2K1R2R b kq - 7 10
placement_bundle,29,28,0.641,-1.650,2.291,9,1rb1r1k1/2p2ppp/ppnq1n2/3p4/3P1PP1/P1NBBQ1P/1P3P2/2KR3R b - - 0 15
placement_bundle,43,25,0.817,-1.470,2.287,9,r1b2r2/pp3kp1/2n1q2p/3N1pB1/4p1nP/P6Q/1P2BPP1/3R1K1R b - - 5 22
placement_bundle,48,26,-1.176,1.110,-2.286,11,2r2rk1/pp1bb1pp/3Q3n/4pp2/Pnq1P3/5BPN/1B3P1P/R2R2K1 w - - 0 25
ship_lightning,23,32,1.345,-0.940,2.285,9,r1b2rk1/1pp1qpp1/1bnp3p/pN1Pp3/P1B1P1n1/1QP2N2/1P3PPP/R1B2RK1 b - - 0 12
placement_bundle,42,21,-1.134,1.150,-2.284,13,2k4r/pp3ppp/2pr1n2/4p1B1/8/PQ3PP1/5P1P/b4K1R w - - 4 22
placement_bundle,68,22,-0.614,1.670,-2.284,11,1r2bk2/2q1p3/2Pn1p2/1BR1p1pr/PQ5p/5N1P/3R1PP1/6K1 w - - 0 35
placement_bundle,41,19,1.073,-1.210,2.283,12,4kb1r/4B1pp/1p6/2pqN3/8/3P4/P1p2PPP/R1Q3K1 b k - 0 21
placement_bundle,53,22,0.753,-1.530,2.283,9,2r1k1r1/1p2b2p/pq2Nnb1/3P4/8/P1B1PP2/1P5P/2RQR2K b - - 0 27
placement_bundle,68,15,-1.161,1.120,-2.281,12,1r6/5pk1/8/1pR1Pbpp/2pR4/4PP2/P7/2K5 w - - 0 35
placement_bundle,28,29,-1.311,0.970,-2.281,9,r2q1k1r/p4pbp/1p1P2p1/1Np2b2/1n3QnP/N3P3/PP3PP1/R1B1KB1R w KQ - 1 15
placement_bundle,30,26,-1.499,0.780,-2.279,8,1r5r/ppNbk1p1/1np2n1p/b3p3/4P3/2N5/BPPB1PPP/R3K2R w KQ - 0 16
nmp_lightning,35,25,-0.588,1.690,-2.278,8,r2qr1k1/pp4pp/4bp2/2Q1p3/6n1/5NPP/nP1NPPB1/R4RK1 b - - 0 18
placement_bundle,87,16,0.798,-1.480,2.278,12,b2q2k1/4r3/7p/2N1p3/2P1Pp1P/1P3P2/5Q2/3BK3 b - - 0 44
hlmr_more1_lightning,21,30,0.663,-1.610,2.273,10,r1bq1rk1/pp3pbp/2p1pnp1/n1Q5/2BP4/2N1PN2/PP1B1PPP/R3K2R b KQ - 0 11
placement_bundle,38,25,-1.213,1.060,-2.273,8,r3k2r/3bppb1/2pp1np1/2q4p/4PQ2/1BB4P/P2N1PP1/R2R2K1 w kq - 1 20
nmp_blitz,21,31,1.303,-0.970,2.273,11,r1bq1k1r/pppnb3/2n1p3/3pPppB/3P4/2N1BP1Q/PPP3PP/R3K1NR b KQ - 0 11
placement_bundle,20,28,-1.310,0.960,-2.270,10,rnb1kb1r/4qppp/p4n2/1p1P4/2p5/1BN1B3/PP3PPP/R2QK1NR w KQkq - 0 11
placement_bundle,90,14,0.580,-1.690,2.270,14,8/3BnNk1/7p/6pP/1p6/1P2PPPK/r7/8 w - - 1 46
hlmr_more1_lightning,35,24,0.849,-1.420,2.269,9,r1b2rk1/ppp3bp/2n1N1p1/1P4q1/2P5/4B3/P3BPPP/3Q1RK1 b - - 0 18
placement_bundle,49,25,0.989,-1.280,2.269,10,4k2r/4bp2/p1Np2p1/2pPp1Bp/1pP4P/3q2P1/2bN1PB1/R3R1K1 b k - 0 25
placement_bundle,54,21,0.907,-1.360,2.267,12,4k2r/R2b1p2/1Qp1pb2/3p2p1/6Pp/1P1BP3/1P1N1P2/4K1q1 w k - 0 28
placement_bundle,18,30,-0.866,1.400,-2.266,11,rn1qk2r/pb1p1p2/1p2pn1p/2b3p1/2P2Q2/2N2NP1/PP2PPBP/R1B2RK1 w kq - 0 10
placement_bundle,19,28,0.526,-1.740,2.266,12,1rbqkb1r/1p3ppp/p3pn2/3p4/1P1Q4/2P1PN2/P4PPP/RN2KB1R b KQk - 0 10
stack_lightning,56,26,1.035,-1.230,2.265,10,3q1rk1/1p1n2bp/2p1n1p1/p2pPr2/P1PP4/1PN1BN2/1R5P/4RQ1K w - - 8 29
away_lightning,61,21,0.744,-1.520,2.264,9,5kr1/2p1n2p/1p1q1n2/3Ppp2/2Q1P3/2P2PPP/P5R1/2KR4 b - - 0 31
placement_bundle,32,28,-0.564,1.700,-2.264,11,1r3rk1/p3bppp/q3pn2/1p2N1P1/2pPp3/1QP4P/PP2PPB1/1R2K2R w K - 0 17
placement_bundle,52,20,1.103,-1.160,2.263,13,5k1B/4qp2/n5p1/p1p4p/1PP5/P4P1b/R3BP1P/3R2K1 w - - 1 27
placement_bundle,84,15,1.372,-0.890,2.262,12,8/1pk5/8/2NB4/Pp1P1Pbb/1P2K1p1/2R5/4r3 w - - 7 43
placement_bundle,44,19,-0.512,1.750,-2.262,10,r3k2r/1p3pp1/3q4/p2p1Q1p/P6N/4P3/1P1NK1P1/R7 w kq - 1 23
placement_bundle,56,26,-0.621,1.640,-2.261,10,2krr3/6p1/bppBpp1p/p2pP1qP/P2P3R/2P1P3/1P4P1/R3Q1K1 w - - 4 29
placement_bundle,51,20,-1.411,0.850,-2.261,10,r7/pp1P1ppp/n4k2/1N6/Bp6/3br3/P5PP/2RR2K1 b - - 0 26
hlmr_more1_lightning,35,25,-0.940,1.320,-2.260,11,r4rk1/1pp3pp/p1n1p3/P3p3/1P2p1P1/2P1P2P/2KN1q2/RN1Q3R b - - 1 18
placement_bundle,38,27,-0.800,1.460,-2.260,11,r1nr2kq/3b1p1p/np6/p1pPP1p1/P4PP1/1Q1P3P/1P3BB1/R3K2R w KQ - 0 20
hlmr_more1_lightning,24,30,-0.726,1.530,-2.256,8,r3k2r/pp2pp1p/1q1p1bp1/n1pP4/2P1b3/1P3NPP/P2BPPB1/R2QK2R w KQkq - 2 13
placement_bundle,33,30,0.546,-1.710,2.256,10,r1br2k1/ppb1qppp/2p1p3/3p2P1/P1P1n2P/1P1QPN2/1B1PNP2/R3K1R1 b Q - 0 17
ship_blitz,21,28,0.545,-1.710,2.255,11,r2q1rk1/pp2ppbp/2n3p1/2p1P3/2BP2b1/2P1BN2/P4PPP/R2QK2R b KQ - 0 11
placement_bundle,60,19,-0.604,1.650,-2.254,13,5rk1/7p/2r3p1/1NnRPp1n/1p6/4P2P/P4PP1/R5K1 w - - 2 31
placement_bundle,20,32,-0.681,1.570,-2.251,10,rn2k2r/1b1pppbp/1q3np1/p1pP4/1pP1P3/2N2PPN/PP3K1P/R1B1QB1R w kq - 0 11
placement_bundle,57,20,0.841,-1.410,2.251,12,5rk1/3R1p2/1Qp1pb2/3p2p1/6Pp/1P1BP3/1P3P2/4KNq1 b - - 0 29
ship_lightning,36,27,-1.389,0.860,-2.249,10,1r2kb1r/6p1/p1qpbp2/3Np2p/p1P1P2P/Rn2BN2/1PQ2PP1/4R1K1 w k - 3 19
placement_bundle,90,18,-1.309,0.940,-2.249,11,6k1/4b1pp/pq3p2/3PpP2/4P3/4rPNP/3RQ1K1/8 w - - 10 46
hlmr_more1_lightning,57,24,-0.608,1.640,-2.248,9,1r3r1k/1pp2q1p/p3p3/3p2P1/P2Pn2P/2P1QpP1/1P5K/RR5B b - - 0 29
placement_bundle,79,17,0.626,-1.620,2.246,12,r3r3/8/2n1k2p/2Pp1p2/3PpP2/P6P/1B2R1K1/3R4 b - - 6 40
placement_bundle,27,27,1.426,-0.820,2.246,10,r3kb1r/1p1q1pp1/p3b3/Q2NP2p/2p3n1/4P1P1/PP3PBP/R1B1K2R b KQkq - 0 14
placement_bundle,16,31,0.796,-1.450,2.246,11,r1bq1rk1/ppp1bppp/7n/2n1P3/2Pp4/NQ3NP1/PP1PP1BP/R1B1K2R w KQ - 7 9
placement_bundle,61,21,-0.536,1.710,-2.246,10,1r3k2/3qp1b1/3pp1Q1/1Ppn2pr/8/P3P3/3B1P2/2R1KBR1 b - - 3 31
away_blitz,42,21,-0.695,1.550,-2.245,14,2r3k1/1b2bppp/p1n5/1N2p3/8/3PB1P1/Pp3P1P/1R3RK1 w - - 0 22
jun6_standard,60,16,-1.124,1.120,-2.244,17,6k1/p3bp2/6p1/n1p1p3/4P3/P3P3/1PK3PP/5R2 w - - 0 31
placement_bundle,51,23,1.304,-0.940,2.244,10,1n5r/2k3p1/1p2Pp2/p2p2p1/qbbP4/4QPP1/1P2N1B1/N1R3K1 b - - 1 26
placement_bundle,43,25,1.434,-0.810,2.244,10,2r1k1r1/1p3pb1/1q2pn2/3PBp1p/p2P3P/5PP1/PP1NQ3/K3R1R1 b - - 0 22
hlmr_more1_lightning,47,28,1.080,-1.160,2.240,10,2r1n1r1/pp1bQp1k/3p2p1/n1pP3p/1qP4N/1P3BPP/P3PP2/2R2K1R b - - 0 24
placement_bundle,25,28,0.659,-1.580,2.239,10,rbb2rk1/pp1n1ppp/1q3n2/1N6/1QBPp3/4B2P/PP2NPP1/R3K2R b KQ - 8 13
placement_bundle,50,23,-0.997,1.240,-2.237,13,4k2r/4pp2/4b1pp/pnRpP3/1p3Q1P/1P1P1NP1/5PB1/q5K1 w k - 2 26
placement_bundle,40,26,-1.104,1.130,-2.234,9,r1b3k1/pp1pbppp/6q1/1N2r3/2P3B1/3nPQP1/PP1K3P/R1B2R2 w - - 10 21
placement_bundle,29,25,0.923,-1.310,2.233,10,rq2kb1r/1p1n1pp1/6b1/p2B3p/3P4/1Q2B1P1/PP2PP1P/R4RK1 b kq - 0 15
hlmr_more1_lightning,42,24,-1.232,1.000,-2.232,9,4r1k1/1pp3pp/p1n1p3/P3p3/1PQ1prP1/2P4P/3N1q2/RNK4R w - - 6 22
jun6_blitz,19,28,1.312,-0.920,2.232,12,r1bqkb1r/5ppp/p1np4/1p1Pp3/8/2N1BN2/PPP2PPP/R2QK2R b KQkq - 0 10
placement_bundle,69,16,1.281,-0.950,2.231,11,4b2k/8/5q1p/5pp1/2BP4/2PN2P1/Pr6/3RR1K1 b - - 1 35
placement_bundle,33,27,0.858,-1.370,2.228,11,r1b2rk1/pp1p1pbp/2p3p1/8/qnRP1P2/5N2/P2QPPBP/1N1R1K2 b - - 4 17
placement_bundle,71,18,1.428,-0.800,2.228,11,2q3k1/4pp2/2Pp1n2/3P3p/pRP1PN1r/5Q2/5P2/5K2 b - - 8 36
placement_bundle,95,14,-0.877,1.350,-2.227,12,8/4k3/r5p1/P3Pp1p/1p6/2b2KPP/R7/1R6 b - - 1 48
placement_bundle,28,32,1.237,-0.990,2.227,8,r3k2r/pp3p2/1q1bpnbp/nP1p2p1/Q1p3PP/P1PP1N2/3NPPB1/R1B1K2R w KQkq - 2 15
hlmr_more1_blitz,56,24,-0.995,1.230,-2.225,12,2rn2k1/p3rp1p/Qp1p2p1/2pP1q2/1P2RP2/P1b4P/3B2P1/4R2K w - - 0 29
placement_bundle,40,26,-1.025,1.200,-2.225,10,r3r1k1/2qpn2p/bp2p1p1/8/pPP1P1QP/PnN3N1/2B2P2/2KR3R w - - 1 21
away_lightning,152,15,-1.392,0.830,-2.222,13,7b/5p2/1p1R1Pp1/p1p1N1Pp/k4r1P/7K/8/8 w - - 0 77
placement_bundle,15,30,0.641,-1.580,2.221,10,rnb3nr/1p2kppp/p2qp3/2pp4/B1PP4/4P3/PP3PPP/RN1QK1NR b KQ - 1 8
placement_bundle,75,18,0.891,-1.330,2.221,15,8/r4pk1/4p1pr/p2BP3/Pp1P1P2/1P4P1/8/N1R3K1 b - - 0 38
placement_bundle,41,26,-1.320,0.900,-2.220,10,3rr1k1/2n2p1p/bp1pq1P1/p1p5/2P5/P2QPN1R/1b1BNPP1/2R1K3 b - - 0 21
placement_bundle,53,21,-0.560,1.660,-2.220,11,2b5/1p3k2/pPn1p2p/3r1pp1/4n3/R2N2P1/2P2PBP/1R4K1 b - - 0 27
placement_bundle,22,28,1.230,-0.990,2.220,9,1nbq1rk1/1pp2ppp/r2p1n2/p7/2P2B1P/1QPP2P1/P3P1B1/R2K2NR w - - 3 12
placement_bundle,59,23,-0.649,1.570,-2.219,11,4kb2/p2q1p2/1rRppnrp/1P1p4/Q2B2PR/P3NP2/5P2/4K3 b - - 2 30
placement_bundle,15,31,0.979,-1.240,2.219,10,rnbqkb1r/3n1ppp/p3p3/1PppP3/5P2/2NP2P1/PP5P/R1BQKBNR b KQkq - 1 8
placement_bundle,86,14,1.126,-1.090,2.216,12,2r4k/8/2b1R3/4N2p/3P1p2/1BP2Rq1/P7/7K w - - 4 44
placement_bundle,76,22,-0.556,1.660,-2.216,9,6k1/2rn1r2/ppn3p1/2p1P1Bp/P5q1/2PP1NP1/5R2/1QK1R3 w - - 2 39
placement_bundle,66,25,-0.856,1.360,-2.216,10,3rk1r1/p4p1p/1pnqp1pP/1R1p3n/3P3R/2P1PNP1/2Q1NP2/5K2 w - - 9 34
placement_bundle,67,17,1.223,-0.990,2.213,11,1r2b2k/8/5q1p/4Npp1/2BP4/2P3P1/PP6/3RR1K1 b - - 2 34
placement_bundle,64,24,-0.593,1.620,-2.213,11,4k3/3rbpp1/1p1pn1b1/1Np5/pPP5/2B1NPPr/P3P3/2R2RK1 w - - 11 33
placement_bundle,103,14,1.402,-0.810,2.212,11,8/1B3pk1/P4n1p/5R2/3P2p1/3R2P1/rr6/6K1 b - - 2 52
placement_bundle,27,29,0.691,-1.520,2.211,11,r1bqr1k1/ppb2ppp/n4n2/3p2N1/1P2N2P/P2BP3/1BQP1PP1/R3K2R b KQ - 0 14
placement_bundle,26,31,-0.630,1.580,-2.210,9,1rb1k1r1/p3ppbp/nq1p1np1/2pP4/2p1P3/P1Q2NP1/1P1N1PBP/R1B2RK1 w - - 2 14
placement_bundle,41,27,0.949,-1.260,2.209,10,2r1k2r/1b1p1p2/1q2pnp1/pN5p/1Pp5/PnQ1PN1P/4BPP1/1R2R1K1 b k - 3 21
placement_bundle,36,29,-1.087,1.120,-2.207,10,r1b1kb1r/1pq2pp1/p3p3/2p1P2p/Pn1p1R2/3PBNPP/1P2QPB1/1R4K1 w kq - 0 19
ship_blitz,17,28,1.137,-1.070,2.207,10,rnbq1rk1/pp2ppbp/6p1/2p5/2BPP3/2P2N2/P4PPP/R1BQK2R b KQ - 1 9
jun6_blitz,18,28,0.545,-1.660,2.205,10,rnbq1rk1/pp2ppbp/6p1/2p5/2P1P3/2NBPN2/PP4PP/R2QK2R w KQ - 0 10
placement_bundle,34,30,-1.124,1.080,-2.204,11,r1r3k1/pp3pp1/1np1p2p/3p2Pn/1Q1Pb3/2P1PN1P/P1P1qPBB/2R2RK1 w - - 0 18
placement_bundle,21,32,1.093,-1.110,2.203,9,rn1q1rk1/4ppbp/1pp1b1p1/p2p3n/Q1PP4/3BPN1P/PP1N1PPB/R3K2R b KQ - 1 11
placement_bundle,28,25,0.682,-1.520,2.202,11,rn3k1r/pp1b1pN1/1b6/7p/1PB1P1n1/P1N1B1P1/5P1P/R2q1RK1 w - - 1 15
placement_bundle,15,29,0.971,-1.230,2.201,9,r1bqk1nr/pp1nppbp/6p1/3P4/Q1p5/2N1B3/PP3PPP/R3KBNR b KQkq - 4 8
away_blitz,32,28,-0.509,1.690,-2.199,12,r3r1k1/p1p1q1pp/2p1bp1n/2b1p3/4P3/2N2N2/PPPBQPPP/3R1RK1 w - - 6 17
placement_bundle,58,24,-1.249,0.950,-2.199,11,2r1r1k1/2q2p1p/p1P2np1/1Q1Pn3/8/4PpPP/P2P1P2/B1R2RK1 w - - 0 30
placement_bundle,84,14,-0.929,1.270,-2.199,12,8/5R2/1p3p1k/p3b2P/5r1P/P1p4K/1PR5/8 w - - 0 43
placement_bundle,22,28,0.768,-1.430,2.198,9,r1bq1rk1/p1p2pp1/1pn4p/4p3/4Qn2/1BPP1N2/PP3PPP/RN2K2R w KQ - 2 12
away_lightning,17,29,0.926,-1.270,2.196,9,r1b1k2r/pp1pppbp/2n2np1/8/2PN4/2N1B1P1/Pq2PPBP/2RQK2R b Kkq - 1 9
placement_bundle,57,26,-0.556,1.640,-2.196,11,4kq2/p1rn3r/1pn1p1p1/1QpPp1Bp/P4P2/2PP2P1/1P2N3/2K1R2R b - - 0 29
placement_bundle,67,23,-0.725,1.470,-2.195,10,1r2k3/p3bp2/2Rpqnrp/1P1ppN2/P5PR/5P2/2Q2P2/B3K3 b - - 3 34
placement_bundle,31,28,0.814,-1.380,2.194,10,r2qkb1r/1b1P1ppp/p3pn2/1p6/3NNP2/1PPBp2P/P5P1/R2Q1RK1 b kq - 0 16
placement_bundle,21,28,0.642,-1.550,2.192,12,r1bq1rk1/p1p2pp1/1pn4p/3np3/4Q3/1BPP1N2/PP3PPP/RN2K2R b KQ - 1 11
placement_bundle,22,32,-0.529,1.660,-2.189,9,r3k2r/1p2pp1p/p1np2p1/q1p4n/2BbP1b1/2NPQN2/PPPB1PPP/R4RK1 w kq - 4 12
placement_bundle,66,19,-1.329,0.860,-2.189,10,2r3k1/1p3ppp/5q2/3p4/3Pr1P1/1P1QPN1P/5PK1/R7 w - - 3 34
hlmr_more1_lightning,62,22,-1.288,0.900,-2.188,10,2q2rk1/p7/2pp1bpp/P2Pp1r1/4P2N/R1Q3PP/2P5/4R1K1 w - - 0 32
ship_blitz,17,28,1.137,-1.050,2.187,10,rnbq1rk1/pp2ppbp/6p1/2p5/2BPP3/2P2N2/P4PPP/R1BQK2R b KQ - 1 9
placement_bundle,56,22,-0.865,1.320,-2.185,9,2rr2k1/4Bp2/1pp1b2p/6p1/P1P2n2/5Q1P/2Bq1PP1/R1R3K1 w - - 5 29
placement_bundle,36,25,-1.075,1.110,-2.185,11,r3k2r/ppp3pp/1nb1pp2/P7/2q5/1Q3NP1/3PPPBP/R3K2R w KQkq - 0 19
placement_bundle,17,29,0.945,-1.240,2.185,12,r1bq1rk1/p1p1bppp/2p4n/4P3/2Pp4/NQ1P2P1/PP2P2P/R1B1K1NR b KQ - 0 9
placement_bundle,75,17,0.714,-1.470,2.184,10,2r2k2/5pp1/8/1Q1P3p/2p4P/7q/3B1PrP/1N1KR3 b - - 10 38
placement_bundle,15,31,0.983,-1.200,2.183,10,r1bqk2r/pp2ppb1/n4np1/2pP3p/8/1PN1P1P1/P2PQPBP/R1B1K1NR b KQkq - 2 8
placement_bundle,16,32,-0.853,1.330,-2.183,10,r1b1k2r/ppp2pp1/2nqpn2/2b3Bp/3pP3/P2P1NP1/1PP2P1P/RN1QKB1R w KQkq - 3 9
placement_bundle,35,25,0.522,-1.660,2.182,11,1r3rk1/2pq2pp/Q1p1pbb1/2Pp4/1P1P2R1/P3PN2/5P1P/R1B1K3 b Q - 0 18
placement_bundle,17,32,0.709,-1.470,2.179,10,r1bq1rk1/pp2b1pp/n1pp1n2/4ppN1/2P4P/2NPB1P1/PP2PPB1/R2QK2R b KQ - 2 9
placement_bundle,27,27,-0.608,1.570,-2.178,10,rnbq2k1/pp4Pp/2p2r2/P2nN3/5p2/P1pP4/2P1B1PP/R1BQ1RK1 b - - 2 14
placement_bundle,20,28,0.768,-1.410,2.178,11,r1bq1rk1/p1p2pp1/1pn4p/3np3/8/1BPPQN2/PP3PPP/RN2K2R w KQ - 0 11
placement_bundle,72,22,-0.568,1.610,-2.178,12,5k1b/1r6/1p2r2p/pN1pNppP/1n1P4/1P2P3/1P3P2/R4K1R w - - 2 37
placement_bundle,94,14,-0.877,1.300,-2.177,11,8/4k3/r5p1/P3Pp1p/1p6/2b3PP/R5K1/1R6 w - - 0 48
placement_bundle,21,28,1.276,-0.900,2.176,10,1nbqk2r/1pp2ppp/r2p1n2/p7/2P2B1P/1QPP2P1/P3P1B1/R2K2NR b k - 2 11
placement_bundle,37,30,1.294,-0.880,2.174,11,r2r2k1/1p1b1pbp/1qnp1np1/pP1Pp3/P1P5/1Q1B1N1P/3BNPP1/R4K1R b - - 0 19
placement_bundle,19,30,0.842,-1.330,2.172,9,rnbqk2r/1p3pp1/p1pb1n1p/4p3/2P4P/PQNBPN2/1P3PP1/R1B1K2R b KQkq - 0 10
placement_bundle,31,30,0.522,-1.650,2.172,10,r3r1k1/1bp2pb1/ppnpqnp1/4p3/1PP5/P2BPNN1/1BQP1PP1/2R1K2R b K - 3 16
placement_bundle,26,30,-1.011,1.160,-2.171,9,rn1qk1r1/pb1p1p2/1p2p2p/1Nb5/Q1P1n1p1/P2NP3/1P1B1PPP/R3KB1R w KQq - 2 14
placement_bundle,48,24,-0.760,1.410,-2.170,11,r1r2k2/1q1nb2p/1p2p2P/p2n1p2/3PN3/P1N2P2/1PQB4/3RK1R1 w - - 2 25
placement_bundle,31,27,0.880,-1.290,2.170,10,r3k2b/1p1b1p2/p1n1p3/P1Pp1qp1/R3n3/2NN2P1/1PPBPPB1/3QK3 b q - 3 16
placement_bundle,81,20,0.869,-1.300,2.169,10,Q2k3r/5p2/1p1p4/2qP1Ppp/2Pbr3/3R4/6PP/1B1R3K b - - 1 41
placement_bundle,48,21,-0.908,1.260,-2.168,10,r3k2r/1p1b1pp1/p3pn2/3n4/P2Q1P2/3B4/5PpP/R4RK1 w kq - 0 25
placement_bundle,34,26,-0.747,1.420,-2.167,10,r3k2r/ppp3pp/1nb1pp2/2q5/P1P5/1Q3NP1/3PPPBP/R3K2R w KQkq - 3 18
placement_bundle,54,26,-1.107,1.060,-2.167,10,3rr1k1/p2q1ppp/P4nn1/1Pp4b/2Pp1B2/3P1NP1/2Q1BP2/4RK1R w - - 4 28
placement_bundle,58,21,-1.116,1.050,-2.166,11,1r2k3/3qp1b1/3pp3/1Ppn2pr/8/P3P3/Q2B1P2/2R1KBR1 w - - 0 30
hlmr_more1_lightning,46,18,-0.854,1.310,-2.164,12,4q1k1/ppp2r2/3p2p1/4p3/2n1P2Q/2P4P/P6K/3R1R2 w - - 0 24
placement_bundle,23,32,0.934,-1.230,2.164,11,rnbqk2r/5pb1/1p1p2pp/p1pPp3/2P3nP/2N1BNP1/PP1QPP2/3RKB1R b Kkq - 5 12
placement_bundle,64,20,-0.524,1.640,-2.164,12,2k2b2/5p1r/3p1P2/p2Bn1pp/r1p5/2B4P/P5P1/2R2RK1 w - - 1 33
hlmr_more1_lightning,41,20,-0.551,1.610,-2.161,10,4qrk1/ppp4p/3p2p1/4pP2/2n1P3/2P3QP/P6K/3R1R2 b - - 1 21
placement_bundle,36,29,-0.641,1.520,-2.161,9,r1r3k1/pp2Qpp1/1np1p2p/3p2Pn/3P4/2P1Pb1P/P1P1qPBB/2R2RK1 w - - 0 19
placement_bundle,19,30,0.690,-1.470,2.160,10,r1b1k2r/pp3pp1/2n1pn1p/q1Pp4/1b1P4/1P1BBN2/P4PPP/RN1Q1K1R b kq - 0 10
nmp_lightning,42,24,-0.619,1.540,-2.159,9,q3r1k1/pp1n1ppp/3Q1n2/1N1p3r/8/P1P1PPP1/3B3P/R4RK1 w - - 5 22
placement_bundle,28,27,-1.029,1.130,-2.159,11,r3k2r/1b1pnppp/1p2pb2/1P2q3/3pP3/P2Q2P1/5PBP/RNBR2K1 w kq - 1 15
placement_bundle,46,27,-1.117,1.040,-2.157,8,r3r1k1/1pq2pp1/p2p1b1p/2PP4/P1B1b2n/N1P1B2P/3Q1PP1/2R1R1K1 w - - 1 24
ship_standard,21,28,0.846,-1.310,2.156,11,r1b2rk1/p1p1qpbp/2pp1np1/6B1/4P3/2NQ4/PPP1BPPP/2KR3R b - - 3 11
placement_bundle,67,17,1.225,-0.930,2.155,12,2r2k2/4npp1/8/QNpp1P1r/P5p1/1P4P1/2P5/6K1 b - - 1 34
hlmr_more1_lightning,13,32,0.984,-1.170,2.154,10,r1bq1rk1/ppp1bppp/2n1pn2/3p4/2PP4/1QN2NP1/PP2PPBP/R1B1K2R b KQ - 7 7
hlmr_more1_lightning,13,32,0.984,-1.170,2.154,10,r1bq1rk1/ppp1bppp/2n1pn2/3p4/2PP4/1QN2NP1/PP2PPBP/R1B1K2R b KQ - 7 7
placement_bundle,63,22,0.924,-1.230,2.154,11,2r1r1k1/5ppp/2p4q/p2P4/p2R4/2P2PB1/1nP2QPP/R5K1 b - - 0 32
ship_lightning,40,24,-0.784,1.370,-2.154,10,2q1r1k1/2p2ppp/1p3n2/pQ2p3/P3Pb2/N1P2P2/1P3PKP/R4R2 w - - 5 21
nmp_standard,60,16,-0.873,1.280,-2.153,13,2r3k1/pp3p2/4p1p1/7p/3R4/P3QP2/1q2BP2/5K2 w - - 4 31
placement_bundle,20,30,-1.083,1.070,-2.153,10,rn1qk2r/pb1p1p2/1p2pn1p/2b5/2P3p1/2N2NP1/PP1QPPBP/R1B2RK1 w kq - 0 11
placement_bundle,40,21,-0.953,1.200,-2.153,12,2kr3r/pp3ppp/2p2n2/4p3/8/PQ3PP1/5P1P/b1B2K1R w - - 2 21
placement_bundle,14,32,-0.933,1.220,-2.153,9,r3kbnr/pp2pppp/1q1p4/2pPn3/2PN2b1/5PP1/PP2P2P/RNBQKB1R w KQkq - 0 8
placement_bundle,78,17,0.913,-1.240,2.153,12,7r/r4pk1/6p1/p1RpP3/Pp1P1P2/1P4P1/8/N5K1 w - - 2 40
placement_bundle,55,21,1.253,-0.900,2.153,11,3r2k1/6bp/p2rN1p1/P2nn3/2p1B3/2P5/1P3P1P/R1BR2K1 b - - 0 28
placement_bundle,22,30,-0.612,1.540,-2.152,9,r1b1kb1r/3n2pp/1q1p4/pPp1pp2/3Pn3/3B1N2/1PP1QPPP/R1B1K1NR w KQkq - 0 12
hlmr_more1_lightning,17,32,1.391,-0.760,2.151,10,r2q1rk1/ppp1ppbp/3p1np1/n2PP3/2P3b1/2N2N2/PPQ2PPP/R1B1KB1R b KQ - 0 9
hlmr_more1_lightning,33,30,0.900,-1.250,2.150,9,2r2rk1/1bqnbpp1/1pn1p2p/pB1pP3/3P1N2/PN2BP2/1PQ3PP/2R2K1R b - - 0 17
nmp_lightning,23,30,0.769,-1.380,2.149,10,r1bq1r1k/ppp1p1bp/3p2p1/3Pnp2/4P3/1QN1PN2/PPP1B1PP/R4RK1 b - - 2 12
placement_bundle,40,27,1.299,-0.850,2.149,10,1brr3k/p4p2/2n1bq1p/1pP1p2P/6p1/P2BPN2/1BQP1PP1/R3K2R w KQ - 0 21
stack_lightning,59,26,0.939,-1.210,2.149,9,3q1rk1/1p4bp/1np1n1p1/p2pPr2/P1PP4/1PN1BN2/5R1P/3R1Q1K b - - 11 30
nmp_lightning,29,30,1.308,-0.840,2.148,9,r1br2k1/pppq1p1p/4p1pb/1N1pP3/1BP3n1/2QBP3/PP3PPP/3R1RK1 b - - 2 15
nmp_blitz,25,29,1.277,-0.870,2.147,12,r1bq1k1r/pp1nb3/4p3/2ppPppB/8/2N2P1Q/PPP2BPP/R3K1NR b KQ - 1 13
hlmr_more1_blitz,52,25,-0.746,1.400,-2.146,10,2rn2k1/p3rp1p/Qp1p2p1/2pPbq2/1P2R3/P1N4P/3B1PP1/4R1K1 w - - 7 27
placement_bundle,55,25,1.146,-1.000,2.146,10,r5k1/1b1n4/3qNpnr/1pp2P1p/3pNP1P/Pp1P4/1Q6/1RR2BK1 b - - 2 28
placement_bundle,41,22,0.676,-1.470,2.146,12,r3k2r/pnP3bp/1p3pp1/8/5BPP/P1P5/1P1KPP2/R6R b kq - 0 21
placement_bundle,71,22,-0.595,1.550,-2.145,9,1r2bk2/q3p3/2Pn1p2/1BR1p1pr/P6p/5N1P/3R1PP1/2Q3K1 b - - 3 36
placement_bundle,24,28,-0.643,1.500,-2.143,10,rn2k2r/pp1b1p2/1q2p1pp/2b1P3/2B5/5NnP/PP1N1PP1/R1BQ1RK1 w kq - 3 13
placement_bundle,28,32,-0.920,1.220,-2.140,10,1r2k1nr/1pp2p2/p1nbpq2/3p2pp/P1bP4/1NP1PNPP/1P3PB1/R1BQK2R w KQ - 4 15
away_lightning,26,26,-0.529,1.610,-2.139,10,2kr1b1r/pp1np1pp/2p2p2/5q2/3P4/2P1BN2/P1PQ1PPP/1R2K2R w K - 0 14
away_lightning,23,30,0.769,-1.370,2.139,10,r1bq1r1k/ppp1p1bp/3p2p1/3Pnp2/4P3/1QN1PN2/PPP1B1PP/R4RK1 b - - 2 12
hlmr_more1_lightning,56,25,-0.608,1.530,-2.138,9,1r3r1k/1pp2q1p/p3p3/3p2p1/P2PnP1P/2P1QpP1/1P5K/RR5B w - - 0 29
placement_bundle,79,14,-0.877,1.260,-2.137,12,8/8/1p3kp1/2b1p3/1q3P2/6P1/1P2BPK1/1R1R4 b - - 0 40
placement_bundle,56,22,-1.257,0.880,-2.137,10,2r2rk1/B1b5/1p4pp/3p1p2/1PnN2nN/P7/5PPP/R3R1K1 w - - 6 29
placement_bundle,43,22,1.146,-0.990,2.136,9,4r1k1/1p3rpp/4b3/3p4/1B1Q3q/2PB3P/P1Pn1PP1/1R3RK1 b - - 2 22
placement_bundle,28,27,-0.655,1.480,-2.135,12,r3k2r/pp3pbp/2p3p1/3p1p2/3PnB2/2P1P1P1/Pn1N1P1P/R3KB1R w KQkq - 0 15
placement_bundle,30,25,0.645,-1.490,2.135,11,r1b2r1k/1pp3pp/8/p2Bnpq1/P3P3/2P2Q2/1P3PPP/R4KNR w - - 3 16
placement_bundle,63,20,-0.623,1.510,-2.133,11,2k2b2/5pr1/3p1P2/p2Bn1pp/r1p5/2B4P/P5P1/2R2RK1 b - - 0 32
placement_bundle,48,26,-0.903,1.230,-2.133,10,r3r1k1/1pq2pp1/p4b1p/2pP4/P3b2n/N1P1B2P/3Q1PP1/2R1RBK1 w - - 0 25
placement_bundle,16,32,-0.820,1.310,-2.130,9,rnbqkb1r/2p2pp1/3pp2p/p5Pn/Np1PP3/P7/1PP1NP1P/R1BQKB1R w KQkq - 0 9
hlmr_more1_lightning,44,23,-0.598,1.530,-2.128,8,3r1r1k/1pq2p1p/p3pp2/6bQ/1n1P4/2N3P1/PP2BP2/R4R1K w - - 2 23
stack_lightning,19,30,1.268,-0.860,2.128,10,rn1q1rk1/pp2ppbp/3pb1p1/2p5/2BPP3/2N1PN2/PPP1Q1PP/R4RK1 b - - 1 10
placement_bundle,17,30,0.507,-1.620,2.127,9,r1b1k2r/pp1nbppp/2p1p3/q2n4/3P4/3BPNP1/PPQN1P1P/R1B1K2R b KQkq - 1 9
placement_bundle,39,21,0.907,-1.220,2.127,11,rn2r3/pp3ppp/3k2b1/3P4/1p1N4/1B2P3/P5PP/R4RK1 b - - 5 20
stack_lightning,42,24,-0.876,1.250,-2.126,10,2kr3r/1p5p/3p2pb/p3pp2/4n3/BP1BPN2/bKP3PP/3R2R1 w - - 2 22
placement_bundle,44,23,-0.895,1.230,-2.125,11,1qr2rk1/3p1p1p/p3p1pP/2p3Bn/2P1P3/1PN2N2/P3Q3/R4K2 w - - 5 23
hlmr_more1_lightning,23,30,1.213,-0.910,2.123,9,1r2kb1r/pp1qnppp/2n1p1b1/1B1pP1B1/P2N4/2N5/1PP2PPP/R2QR1K1 b k - 8 12
placement_bundle,30,26,-0.513,1.610,-2.123,11,3rkb1r/1b1nqppp/p4n2/3P4/Np6/1B2B3/P2Q1PPP/R3K1NR w KQk - 3 16
placement_bundle,50,26,-1.341,0.780,-2.121,10,1r1rnk2/4qp2/3b2pp/ppp5/2B1pP1P/PQP1P3/1P3P1B/2KR3R w - - 0 26
away_blitz,16,29,-0.799,1.320,-2.119,11,r1b1k2r/pp1pppbp/2n2np1/8/2PN4/2N1B1P1/Pq2PPBP/R2QK2R w KQkq - 0 9
away_blitz,43,21,-0.518,1.600,-2.118,14,2r3k1/1b2bppp/p1n5/4p3/8/2NPB1P1/Pp3P1P/1R3RK1 b - - 1 22
placement_bundle,73,17,0.988,-1.130,2.118,12,1nr4r/8/4k2p/B1Pp1p2/3PpP2/P6P/4R1K1/5R2 b - - 0 37
placement_bundle,21,29,1.087,-1.030,2.117,9,r2qkb1r/1p3pp1/2p1bn2/p2n3p/3B4/1P2PBP1/P2P1P1P/RN1QK1NR b KQkq - 5 11
placement_bundle,24,30,-0.607,1.510,-2.117,10,r1b1k2r/pp2bp2/1q1p1n2/2p1n1pp/4P3/2N1B1P1/PPP2PBP/R2QK1NR w KQkq - 4 13
hlmr_more1_lightning,41,28,0.786,-1.330,2.116,9,1r3r1k/1ppq3p/p1nbp1p1/3p4/P2PpB1P/1Q2PPP1/1PP5/R2R1K1B b - - 0 21
placement_bundle,23,32,1.096,-1.020,2.116,11,r1bqr1k1/1pp1ppbp/1n1p1np1/pP6/3P2P1/B1NQPN1P/P1P2PB1/1R2K2R b K - 4 12
placement_bundle,60,21,-0.596,1.520,-2.116,12,2b1k2r/8/1p2pn1p/1p1pBp2/3P3P/1P4P1/3NRP2/r4K1R w k - 4 31
placement_bundle,46,24,-0.595,1.520,-2.115,10,r3rb2/5k2/1P2nn1p/p2q2p1/4p3/B3P2P/P1BPQPP1/R4RK1 w - - 0 24
placement_bundle,86,29,-1.013,1.100,-2.113,10,4rrk1/4qp1p/1p1pb1n1/p1p1pBQp/P1P1P1n1/1PNPRNP1/5P1R/5K2 w - - 13 44
placement_bundle,23,28,0.783,-1.330,2.113,9,r3k2r/ppq1ppb1/2n1b2p/2pB4/6NP/3P2P1/PPPNQP2/R1B1K2R b KQkq - 0 12
placement_bundle,47,28,0.822,-1.290,2.112,9,1r2r1k1/4qpp1/2ppn1bp/p1b5/N3P1n1/PPB2N2/2B1QPPP/4RRK1 b - - 1 24
placement_bundle,49,20,0.512,-1.600,2.112,11,r3r1k1/pp3p2/1qn3pp/2R5/4R3/2P3P1/PP1N1Q1P/1K6 b - - 1 25
placement_bundle,24,27,-1.211,0.900,-2.111,9,r1b2rk1/ppppqppp/1b6/4P3/6n1/3B1N2/PP3PPP/R1BQ1RK1 w - - 1 13
jun6_blitz,74,22,-1.300,0.810,-2.110,12,2r4k/p3N3/P1rp2p1/1R2p1pp/2p1Pn2/7P/1PPN1b1K/R7 w - - 0 38
hlmr_more1_lightning,28,26,-0.568,1.540,-2.108,10,r4rk1/ppq2ppp/3bpB2/8/1nBP4/2N2b2/PP2QPPP/R4RK1 w - - 0 15
placement_bundle,58,21,-0.655,1.450,-2.105,11,r3k3/2q2p2/pp2B3/n1p1p2r/2b1PQ2/2P2NP1/5P2/2R1R1K1 w q - 0 30
hlmr_more1_lightning,23,30,-1.033,1.070,-2.103,10,r3k2r/pp2ppbp/1q1p2p1/n1pP4/2P1b3/1P3NPP/P2BPPB1/R2QK2R b KQkq - 1 12
placement_bundle,32,27,-1.201,0.900,-2.101,10,r3k1nr/2bp1pp1/2n1p2p/2p5/4P1PP/1p1QPN2/qP1B1PB1/R3K1R1 w Qkq - 0 17
placement_bundle,37,26,0.880,-1.220,2.100,9,r1b1k1r1/1p3p2/2nqp3/p1p4p/2P1B1pN/1Q1PR1P1/PP3P1P/4R1K1 b q - 2 19
nmp_blitz,22,30,1.139,-0.960,2.099,11,r1bq1k1r/pppnb3/4p3/3pPppB/3n4/2N1BP1Q/PPP3PP/R3K1NR w KQ - 0 12
placement_bundle,17,30,0.706,-1.390,2.096,9,rnbqk2r/4ppbp/p4np1/1pQpN3/8/2N3P1/PP1PPP1P/R1B1KB1R b KQkq - 1 9
placement_bundle,24,30,-0.556,1.540,-2.096,10,r4knr/1p2bppp/p2pb3/q3p3/1nP5/NQN1B3/PP2PPPP/R3KB1R w KQ - 2 13
placement_bundle,84,26,-1.045,1.050,-2.095,11,3rk2r/5pb1/2b1p3/q1p1P1p1/2PP2Np/pP3P1n/P2R2P1/B2R1KQ1 w - - 0 43
placement_bundle,34,30,-0.604,1.490,-2.094,11,1r3rk1/1bNnq2p/pp3npb/2p2p2/P1P1p3/1P2P1P1/1BQ1NPBP/R2R2K1 w - - 2 18
placement_bundle,29,28,0.583,-1.510,2.093,11,rn2k2r/pp1b1p2/1q1p1npp/1N1Pp3/4P2P/P3Q3/1P3PPN/2R1KB1R b Kkq - 2 15
placement_bundle,56,20,-1.260,0.830,-2.090,11,4k2r/pp2Pp1P/2r2b2/3p4/3P1B2/2P2P2/qP2QN1R/5K2 w - - 1 29
placement_bundle,90,19,-0.709,1.380,-2.089,10,1rr3k1/7p/2P1qp2/Q4p2/pN1pn2P/6P1/2R2P2/2R3K1 w - - 0 46
placement_bundle,61,23,0.778,-1.310,2.088,11,r1q3kr/1p1n1p2/1P1Q2p1/BB1P3p/3pP3/6P1/3b1P1P/R4K1R b - - 2 31
placement_bundle,80,21,-0.886,1.200,-2.086,10,4n1k1/5pp1/7p/p3PP2/P2p1Q1N/3b2PP/1r1B2BK/nr6 w - - 1 41
placement_bundle,56,20,-1.275,0.810,-2.085,12,6kr/5ppp/p4n2/4q3/PQ1rp2P/7R/1P3PP1/1RB1K3 w - - 0 29
jun6_blitz,33,25,0.534,-1.550,2.084,10,1r3rk1/p1q1b1p1/2p1pn1p/3Pp3/8/1PNQ4/P1P2PPP/1RB1R1K1 b - - 0 17
nmp_standard,39,25,-1.064,1.020,-2.084,12,r1br1nk1/pp2b3/4p3/3pPp2/3N1p1p/3B1N2/PPP2KPP/6RR b - - 5 20
placement_bundle,79,17,0.573,-1.510,2.083,14,b5k1/2q1r3/7p/2N1p1p1/2P1PP2/1P2QP2/7P/3BK3 b - - 0 40
placement_bundle,18,32,-1.022,1.060,-2.082,10,rn2k2r/1b1pppbp/1q3np1/pppP4/2P1P3/5PPN/PP3K1P/RNB1QB1R w kq - 2 10
placement_bundle,21,32,0.922,-1.160,2.082,9,r3k2r/p1qnbppp/bpp1pn2/3p4/2PB4/1P1BPN2/P1QPNPPP/2R1K2R b Kkq - 9 11
placement_bundle,49,30,0.630,-1.450,2.080,12,r1bq1rk1/4np2/1pp2bp1/p1p1p1Np/NPP1P3/P2P3P/3QBPP1/R2R2K1 b - - 0 25
placement_bundle,82,18,-0.586,1.490,-2.076,11,6k1/2rn4/ppn3p1/2p1P2p/q7/2PP1N2/5R2/1Q1KR3 w - - 0 42
placement_bundle,21,28,0.556,-1.520,2.076,10,rnbqk2r/4bppp/p1p5/1p1n4/4N3/3PBB2/PPQ2PPP/R3K1NR b KQkq - 3 11
placement_bundle,54,26,-0.575,1.500,-2.075,11,2krr3/6p1/bppBpp1p/p2pPq1P/P2P3R/2P1P3/1P1Q2P1/R5K1 w - - 2 28
placement_bundle,40,27,-1.085,0.990,-2.075,10,2r1k2r/2bp1pp1/4pn1p/2p5/qn2P1PP/1pB1P3/1P1NQPB1/3RK1R1 w k - 8 21
placement_bundle,59,24,0.513,-1.560,2.073,10,r1r3k1/1q1bpp2/1p1p2p1/p1nP4/8/2Q1PB2/PP2NPP1/2RR1K2 b - - 3 30
placement_bundle,86,24,-1.042,1.030,-2.072,11,3rk2r/5pb1/4p3/q1p1P1p1/2PP2Np/pP3b1P/P2R4/B2R1KQ1 w - - 0 44
placement_bundle,13,31,0.672,-1.400,2.072,11,rnbq1rk1/ppp1bppp/7n/4P3/2Pp4/NQ4P1/PP1PP1BP/R1B1K1NR b KQ - 4 7
placement_bundle,26,28,0.650,-1.420,2.070,11,2kr1b1r/ppp1q2p/2np2p1/7n/2P3p1/PQ2PP2/1P1P1N1P/R1B1KB1R w KQ - 0 14
placement_bundle,15,31,1.230,-0.840,2.070,12,r1bqkb1r/1p2pppp/2n2n2/p1P5/Q1Pp4/5NP1/PB1PPP1P/RN2KB1R b KQkq - 2 8
placement_bundle,39,26,0.939,-1.130,2.069,10,r1b1k1r1/1p3p2/3qp3/p1p4p/2PnB1pN/2QPR1P1/PP3P1P/4R1K1 b q - 4 20
placement_bundle,49,20,0.768,-1.300,2.068,11,r4k2/1p5Q/p2bp3/3n4/1q2n3/1P2P2P/P2R1PP1/2B1K2R b - - 6 25
placement_bundle,14,30,0.518,-1.550,2.068,12,rnbqk2r/pp2ppb1/6p1/2pn3p/2P5/1PN1P1P1/P2P1P1P/R1BQK1NR w KQkq - 0 8
placement_bundle,52,26,-0.506,1.560,-2.066,11,2krr3/6p1/1ppBpp1p/p2pPq1P/P2P4/2PbP3/1P1Q2P1/R5KR w - - 0 27
placement_bundle,24,30,-1.206,0.860,-2.066,9,r2qkb1r/5pp1/pp3n1p/2pp1b2/3P4/1P3NP1/PBnQPPBP/RN1R2K1 w kq - 0 13
away_blitz,32,25,-0.965,1.100,-2.065,10,N4rk1/pb1qbppp/2n5/4p3/1p6/N1Q1B1P1/PP2PP1P/R4RK1 w - - 0 17
hlmr_more1_lightning,33,31,0.825,-1.240,2.065,10,1r3r1k/1ppb2qp/p1nbp1p1/3pNp2/P2PNB1P/3QP1P1/1PP2P2/R2R1K1B b - - 0 17
placement_bundle,46,20,-1.235,0.830,-2.065,10,r7/pp2kppp/n5b1/1N1P4/Bp6/4r3/P5PP/2R2RK1 w - - 6 24
placement_bundle,88,17,-0.674,1.390,-2.064,14,4k3/4p3/1q1pPp1P/5P2/p1p1Pr2/P1P1R3/8/2Q2K2 w - - 1 45
hlmr_more1_lightning,22,30,-1.013,1.050,-2.063,9,r3k2r/pp2ppbp/1q1p2p1/n1pP4/2P1b3/1P2BNPP/P3PPB1/R2QK2R w KQkq - 0 12
placement_bundle,36,26,-0.912,1.150,-2.062,9,1k1rr3/p4ppp/Ppn1p3/1N3q1b/2Pp2n1/1Q3N1P/1P2BP2/2R1R1K1 w - - 0 19
away_lightning,13,32,0.531,-1.530,2.061,9,r1bqkb1r/pp3ppp/2n1pn2/3p4/Q1pP1B2/1PP1PN2/P4PPP/RN2KB1R b KQkq - 0 7
placement_bundle,25,28,0.721,-1.340,2.061,10,r1b2rk1/p1p2pp1/1pnq3p/4p3/4Qn2/NBPP1N2/PP3PPP/R4RK1 b - - 5 13
placement_bundle,31,30,0.670,-1.390,2.060,10,2r2rk1/pp1qbpp1/1nbp1n1p/4p3/2P1P3/2NBBNPP/PPQ2P2/2KR3R b - - 3 16
placement_bundle,24,32,-0.950,1.110,-2.060,10,r1r3k1/ppqbnppp/3bpn2/2p3BP/P2pP3/3P1N2/1PP1BPP1/RN1QK2R w KQ - 4 13
placement_bundle,32,27,-0.610,1.450,-2.060,10,r3kb1r/5ppp/p2p4/1p1Pp3/1n1pP3/qP3B2/P2B1PPP/R2QK2R w KQkq - 0 17
placement_bundle,40,28,-0.589,1.470,-2.059,9,r3r1k1/2q2ppp/ppnb1n1P/4p3/1PPpP3/P7/2QNBPP1/R1B2K1R w - - 2 21
stack_blitz,15,30,0.829,-1.230,2.059,11,rnbq1rk1/ppp1ppbp/1n4p1/8/2BP4/1PN1PN2/P4PPP/R1BQK2R b KQ - 0 8
nmp_standard,25,28,0.677,-1.380,2.057,10,r2qr1k1/pp1b1pbp/2n2np1/2B1p3/Q7/2N2N2/PPP1BPPP/3RR1K1 b - - 4 13
placement_bundle,60,19,1.185,-0.870,2.055,12,2r2q1k/1p1b4/p6p/3B1pp1/3P2N1/2P3P1/PP6/3RR1K1 w - - 1 31
placement_bundle,67,17,0.755,-1.300,2.055,9,2r3k1/5p2/1Bp4R/6p1/P1P1qn2/Q6P/5Pb1/R5K1 b - - 0 34
away_lightning,64,14,-0.974,1.080,-2.054,11,8/pp1k3p/1bp5/3r1N2/6PP/8/P1R2PK1/8 w - - 1 33
placement_bundle,29,26,-0.593,1.460,-2.053,12,r3k2r/pp3pbp/2p3p1/3p1p2/3PNB2/2P1P1P1/Pn3P1P/R3KB1R b KQkq - 0 15
placement_bundle,33,30,0.582,-1.470,2.052,11,r2qk1nr/1p3p2/2p1bbp1/p1p1p2p/2P1P3/PPNP1N1P/3QBPP1/R1R3K1 b kq - 3 17
placement_bundle,36,26,-0.510,1.540,-2.050,10,r3kbnr/pp3p2/q3p2p/2p1Pbp1/2P5/4Q1B1/3NBPPP/2RR2K1 w kq - 2 19
placement_bundle,13,31,0.560,-1.490,2.050,9,r2qkbnr/pbpn1ppp/1p2p3/8/2pP4/PP2PN2/3N1PPP/R1BQKB1R b KQkq - 0 7
placement_bundle,20,30,-0.579,1.470,-2.049,9,rn1q1knr/2p2ppp/pp1bp3/3b4/2QP4/5NB1/PP1NPPPP/3RKB1R w K - 1 11
nmp_blitz,26,29,1.146,-0.900,2.046,11,r1bq1k1r/pp1nb3/4p3/2p1PppB/3p4/2N2P1Q/PPP2BPP/R3K1NR w KQ - 0 14
stack_lightning,43,24,-0.764,1.280,-2.044,11,2kr3r/1p5p/3p2pb/p3pp2/4n3/BP1BPN2/bKP3PP/4R1R1 b - - 3 22
placement_bundle,28,27,-0.873,1.170,-2.043,12,r2qkb1r/pp2p1pp/5pb1/2p1B3/3nP3/2N3P1/PP3PBP/1R1Q1RK1 w kq - 0 15
placement_bundle,62,17,-0.533,1.510,-2.043,11,2b5/1p4k1/2rb1p1p/p2p4/P2N4/2PK1BP1/1P6/5R2 w - - 2 32
hlmr_more1_lightning,43,26,0.962,-1.080,2.042,11,1r3r1k/1ppq3p/p1n1p1p1/3p4/P2PpP1P/1Q3PP1/1PP5/R2R1K1B b - - 0 22
placement_bundle,60,18,-1.272,0.770,-2.042,11,4k1r1/pQ2pp2/3pb2p/1P6/5q2/8/1R1RBNP1/2r3K1 w - - 1 31
away_blitz,36,22,-0.840,1.200,-2.040,15,N4rk1/pb2bppp/2n5/4p3/8/p2PB1P1/PP3P1P/R4RK1 w - - 0 19
placement_bundle,49,23,1.060,-0.980,2.040,12,3q2k1/1Brn1ppp/1p1br3/8/3P1P2/p3B1P1/PP4QP/1R2R1K1 b - - 1 25
placement_bundle,20,28,-0.748,1.290,-2.038,10,r2qk2r/pp3ppp/5n2/2bp1b2/2P1p3/1P2P3/PB2BPPP/RN1QK2R w KQkq - 1 11
placement_bundle,77,23,0.868,-1.170,2.038,10,b2r3k/p5pp/1p2qp2/1P2n3/2P1p1PP/PQB1P3/4BP2/4K1R1 b - - 0 39
placement_bundle,49,28,0.917,-1.120,2.037,9,r1b1k2r/1p2b3/pQ1p2q1/2nBnppp/P1P5/2N1P1N1/1P1B2PP/4RRK1 b kq - 1 25
placement_bundle,27,30,0.557,-1.480,2.037,10,r1bqr1k1/1ppp1ppp/2n2bn1/7P/2P1N3/p2PBNP1/PPQ1P1B1/R3K2R b KQ - 0 14
placement_bundle,52,21,0.932,-1.100,2.032,11,2r1k1r1/1R3p2/4p3/3nbp1p/q2P3P/P2Q1PP1/P2N4/K5R1 w - - 0 27
nmp_lightning,38,27,-0.911,1.120,-2.031,9,r2r2k1/1ppb1pbp/4p1p1/p2qn3/3N4/B1Q1P3/PP2BPPP/3R1RK1 w - - 2 20
placement_bundle,17,30,0.621,-1.410,2.031,10,r1bqk2r/p2pppbp/n1p2np1/8/1P1Q4/P1N2NP1/2P1PP1P/R1B1KB1R b KQkq - 3 9
placement_bundle,69,21,0.550,-1.480,2.030,9,2r5/1p3k2/r2bpp2/3p1n1p/P2P1P2/2BR2P1/1P1N3P/R5K1 b - - 4 35
placement_bundle,19,29,0.550,-1.480,2.030,11,r1bq1rk1/p1p2pp1/1pn2n1p/3Pp3/8/1BPPQN2/PP3PPP/RN2K2R b KQ - 0 10
placement_bundle,46,20,-0.610,1.420,-2.030,11,r1b1knR1/p1b5/2p5/4Pr2/Np6/1P2B2p/P1P1N3/2K4R w q - 2 24
placement_bundle,32,31,-1.239,0.790,-2.029,9,4rrk1/B5p1/npppbb1p/q3pp1P/2P3n1/1PNP1NP1/P2QPPB1/2R1K2R w K - 0 17
placement_bundle,43,25,0.548,-1.480,2.028,10,r4rk1/4b1pp/1Bb2p2/pp2P3/q1p5/P1Q2P2/1PP3PP/2KR1B1R b - - 1 22
placement_bundle,85,15,1.238,-0.790,2.028,13,8/1pk5/8/2NB4/Pp1P1Pbb/1P1K2p1/2R5/4r3 b - - 8 43
placement_bundle,62,19,-0.867,1.160,-2.027,12,6r1/pp6/3r4/2bpkpPp/P1P2R2/1P1RP1P1/8/5NK1 w - - 1 32
placement_bundle,13,31,0.797,-1.230,2.027,12,rnbq1rk1/ppp1bppp/7n/4P3/2Pp4/NQ4P1/PP1PP1BP/R1B1K1NR b KQ - 4 7
placement_bundle,25,30,0.727,-1.300,2.027,10,2r1kb1r/1p1bqp2/2n1p1pp/p1pn3P/2Q5/P2P1NP1/1P1NPPB1/R1B1K2R b KQk - 0 13
placement_bundle,92,14,0.836,-1.190,2.026,15,8/3Bn1k1/7p/4N1pP/1p6/1P2PPPK/1r6/8 w - - 3 47
away_blitz,46,20,-0.525,1.500,-2.025,11,2r3k1/1b2bppp/p7/4p3/N7/3PB1P1/np3P1P/1R3RK1 w - - 0 24
timed_probe,71,16,1.094,-0.930,2.024,11,r3r1k1/8/7R/p2p1q2/6p1/P1Q2PP1/1P2N1P1/4K3 b - - 0 36
placement_bundle,43,22,0.772,-1.250,2.022,10,r4rk1/2p3pp/p3qP2/8/Pp2PB1P/5bP1/1PQ2P1R/R4K2 b - - 0 22
placement_bundle,56,21,1.121,-0.900,2.021,12,3r2k1/6bp/p2rNnp1/P3n3/2p1B3/2P5/1P3P1P/R1BR2K1 w - - 1 29
placement_bundle,88,15,-0.750,1.270,-2.020,13,5k2/8/r3p1pp/P4p2/Rp3P2/2b3P1/6KP/1R6 w - - 0 45
hlmr_more1_lightning,43,25,0.629,-1.390,2.019,8,3r1k2/p1q2pp1/1p2pnp1/1Bp1b3/P6r/Q3BP1P/1P2N1P1/R5KR b - - 3 22
placement_bundle,35,30,0.547,-1.470,2.017,11,r2qk1nr/5p2/1pp1bbp1/p1p1p2p/N1P1P3/PP1P1N1P/3QBPP1/R1R3K1 b kq - 1 18
placement_bundle,44,23,-1.087,0.930,-2.017,9,r3k2r/3q1p2/p1pb4/2ppn2p/Q4B2/P1NP2P1/1P2P3/2KR3R w kq - 0 23
placement_bundle,13,32,0.556,-1.460,2.016,11,rnbq1rk1/p2pppbp/1p3np1/2p5/2PP4/2N2NPP/PP2PP2/R1BQKB1R b KQ - 1 7
placement_bundle,95,15,0.616,-1.400,2.016,10,5R2/6r1/1p1r1n2/2p2B2/2P1pkP1/1P6/P5RK/8 b - - 3 48
placement_bundle,54,22,0.696,-1.320,2.016,11,4qknr/2p5/p1n2p2/1p2p3/P1N4B/1P1R2P1/4PPBP/4K2R w - - 0 28
jun6_standard,58,18,-1.085,0.930,-2.015,14,6k1/p2Rrp2/6p1/n1p1p1b1/4P3/P3P3/1PK3PP/5R2 w - - 6 30
placement_bundle,49,24,0.544,-1.470,2.014,11,2r2rk1/p2q3p/3bp1p1/n4p2/pN1P1P2/2P1P2Q/R5PP/1R2B1K1 b - - 5 25
placement_bundle,37,25,1.234,-0.780,2.014,9,1r2k3/pP2np1p/3p1nr1/q4b2/2PB4/P1P5/4QPPP/R3KBNR b KQ - 4 19
placement_bundle,33,28,0.584,-1.430,2.014,9,r1b1kn2/ppp3qp/3p3b/3N1p1P/2PNnP2/4P1r1/PPQ1B3/R1B1KR2 b Qq - 10 17
placement_bundle,65,23,0.743,-1.270,2.013,11,r5k1/1N1b2p1/7p/p2pprbP/P3p3/2B3P1/1PP1PP1R/R4K2 b - - 1 33
ship_lightning,19,30,1.113,-0.900,2.013,9,r1b1kb1r/2q2ppp/p1np1n2/1p1Bp3/4P3/2NQ1N2/PPP2PPP/R1B2RK1 b kq - 3 10
placement_bundle,35,25,1.052,-0.960,2.012,13,r4rk1/2p1qppp/p1N5/2p1P3/Pb2P1bP/6P1/1PQ2P2/R1B2K1R b - - 1 18
placement_bundle,44,22,-0.692,1.320,-2.012,12,r5k1/p5pp/3b1p2/1p1p1q2/2pP4/P1Q2N1P/1PP2PP1/4R1K1 w - - 2 23
placement_bundle,54,16,-0.581,1.430,-2.011,11,4r1k1/pp3ppp/2p5/q7/3N4/5Q1P/2P2P2/3R2K1 w - - 10 28
placement_bundle,99,22,0.899,-1.110,2.009,12,4r1k1/2p3b1/1p1p3p/1P1P1q1P/r1P1pPpR/1N2P3/2R5/3QK3 b - - 5 50
away_blitz,16,29,-0.799,1.210,-2.009,11,r1b1k2r/pp1pppbp/2n2np1/8/2PN4/2N1B1P1/Pq2PPBP/R2QK2R w KQkq - 0 9
placement_bundle,48,24,-0.725,1.280,-2.005,9,2r1k1r1/p3bp1R/4b3/2n3P1/3pPB2/Pn1P1NQ1/1q2BPP1/4RK2 w - - 1 25
placement_bundle,94,16,-0.735,1.270,-2.005,13,8/4bk2/1p3rp1/p2PR1Bp/8/5P1P/1Pr1K3/7R w - - 11 48
jun6_blitz,50,24,-0.874,1.130,-2.004,11,2r1r1k1/1p3p2/pB1p2p1/3Pp1qp/1PP2b2/1Q5P/P1R2PP1/5RK1 w - - 5 26
placement_bundle,56,26,-1.062,0.940,-2.002,10,r2rn1k1/2q2ppp/2nb3P/4p3/p1PpP3/P5R1/2QNBPP1/1RB2K2 w - - 2 29
placement_bundle,52,22,-1.222,0.780,-2.002,12,2rr2k1/7p/1pb1ppp1/p7/2p1P1n1/P1N2N2/1PPB4/R3RK2 w - - 2 27
placement_bundle,34,24,-1.031,0.970,-2.001,10,3r2kr/1p3ppp/p3b3/qBppQ3/P7/2P1P2P/P2R1PP1/4K2R w K - 0 18
placement_bundle,21,28,0.780,-1.220,2.000,11,r2qkb1r/1ppb2pp/p2p1n2/3Pp3/2P5/1Q2PN2/PP2B1PP/RN2K2R b KQkq - 0 11
placement_bundle,91,14,1.078,-0.920,1.998,11,2r4k/8/2b1R3/3PN2p/5p2/1BP2R1K/P2q4/8 b - - 4 46
placement_bundle,38,30,-0.858,1.140,-1.998,9,2kr3r/2p3p1/1pn2p1p/p2pPqn1/PbbP1B2/1N2Q1PP/1P2NPB1/2R3KR w - - 0 20
placement_bundle,55,21,0.867,-1.130,1.997,9,4r3/r4pk1/1p1Rb1p1/p1n4p/P1P5/BP3NPP/5PB1/6K1 b - - 5 28
placement_bundle,75,18,0.545,-1.450,1.995,12,b5k1/2q1r3/4p2p/2N2pp1/2PQP3/1P3PP1/7P/3BK3 b - - 0 38
placement_bundle,45,21,1.082,-0.910,1.992,9,r4rk1/2p3pp/p3qP2/2Q5/Pp2bB1P/6P1/1P3P1R/R4K2 b - - 1 23
placement_bundle,54,27,-0.921,1.070,-1.991,9,2nqr1kb/r6p/1p1P1pp1/4pbN1/1pR1N3/3PQ1P1/PP3PBP/R5K1 w - - 0 28
placement_bundle,90,15,-0.501,1.490,-1.991,11,6k1/2rnn3/pp4p1/4P2p/2P5/2P2N2/2R5/3KR3 w - - 1 46
placement_bundle,48,26,-0.860,1.130,-1.990,12,4k1r1/4bp2/p2p1n2/q1p1p1pp/Prb1P3/1PNQB2P/5PP1/1R1R2K1 w - - 0 25
placement_bundle,33,29,0.909,-1.080,1.989,9,r3k2r/2qnppb1/2p4p/pp1n4/3PN1bP/P2BBNP1/1PP1QP2/2KR3R b kq - 4 17
placement_bundle,66,23,-0.518,1.470,-1.988,10,4k3/p1rn3r/1pn1q1p1/1Qp1p1Bp/P4P2/2PP2P1/4N3/2K1RR2 w - - 1 34
placement_bundle,19,30,-0.668,1.320,-1.988,11,rn1qk2r/pb1p1p2/1p2pn1p/2b3p1/2P5/2N2NP1/PP1QPPBP/R1B2RK1 b kq - 1 10
placement_bundle,87,14,1.057,-0.930,1.987,11,2r4k/8/2b1R3/3PN2p/5p2/1BP2Rq1/P7/7K b - - 0 44
placement_bundle,96,14,-0.877,1.110,-1.987,12,8/8/r3k1p1/P3Pp1p/1p6/2b2KPP/R7/1R6 w - - 2 49
placement_bundle,26,32,-0.775,1.210,-1.985,11,r1r3k1/ppqb1ppp/2nbpn2/2p3BP/P2pP3/3P1N2/1PPNBPP1/R2QK2R w KQ - 6 14
hlmr_more1_lightning,35,30,0.983,-1.000,1.983,9,1qr2rk1/1b1nbpp1/1pn1p2p/pB1pP3/3P1N2/PN2BP2/1P1Q2PP/2R2K1R b - - 2 18
hlmr_more1_lightning,52,18,-0.662,1.320,-1.982,9,6k1/ppp1q2r/3p2p1/4p3/2n1P3/2P3QP/P7/3R1RK1 w - - 6 27
placement_bundle,44,26,-1.062,0.920,-1.982,9,3k1r1r/1pq5/nNp1p1p1/4p2p/4Pbn1/3P4/PQP1BBPP/R4RK1 w - - 15 23
hlmr_more1_lightning,33,26,-0.991,0.990,-1.981,11,r4rk1/1pp3pp/p1n1p3/P2pp3/1P2P1P1/2PKP2P/3N1q2/RN1Q3R b - - 4 17
placement_bundle,14,31,-0.617,1.360,-1.977,10,rnbqk1nr/1p3ppp/p1p1pb2/8/2p5/2N2NP1/PPQPPPBP/R1B2RK1 w kq - 2 8
placement_bundle,20,30,-0.775,1.200,-1.975,11,r1bqk2r/1p1p1p2/2n1pn1p/p1b5/Q1P3p1/P1NBPN2/1P1B1PPP/R3K2R w KQkq - 0 11
placement_bundle,22,27,-0.815,1.160,-1.975,12,r3k2r/pp3ppp/2n1p3/3q1n1b/Q7/2P2N1P/PP2BbP1/RNBR2K1 w kq - 0 12
placement_bundle,39,27,1.124,-0.850,1.974,11,r4rk1/5pb1/1p1p1np1/pBqPB2p/2p4P/4PN2/PPQ2PP1/2R2K1R b - - 0 20
hlmr_more1_lightning,66,19,-0.683,1.290,-1.973,11,4qk1b/5p2/BQrp2r1/4p1p1/p3P3/2P2R2/1P3P2/1K1R4 w - - 2 34
placement_bundle,28,28,0.763,-1.210,1.973,11,r1bqr1k1/ppb2ppp/n4n2/6N1/1P2p2P/P2BP3/1BQP1PP1/R3K2R w KQ - 0 15
placement_bundle,15,32,1.143,-0.830,1.973,11,1rb1kb1r/ppq1pp1p/2np1np1/1Np5/Q1P5/4P1PP/PP1P1PB1/R1B1K1NR b KQk - 4 8
hlmr_more1_lightning,23,30,0.922,-1.050,1.972,12,r1bq1rk1/pp1n1pbp/2p1p1p1/n7/1QBP4/2N1PN2/PP1B1PPP/R3K2R b KQ - 2 12
placement_bundle,39,24,0.672,-1.300,1.972,12,2r1kb1r/4p1p1/n3bp2/N1n4p/2PB2P1/1PN2P1P/P3P3/3RK1R1 b k - 0 20
placement_bundle,41,25,0.582,-1.390,1.972,10,r4rk1/4bppp/1Bb5/pp2P3/q1p5/P4P2/1PPQ2PP/2KR1B1R b - - 4 21
placement_bundle,23,28,0.952,-1.020,1.972,11,1nbq1rk1/1pp2ppp/r2p1n2/p7/2P2B1P/1QPP1NP1/P3P1B1/R2K3R b - - 4 12
placement_bundle,61,23,-0.651,1.320,-1.971,9,1r2kb2/p2q1p2/2Rppnrp/1P1p4/3B2PR/P3NP2/2Q2P2/4K3 b - - 4 31
placement_bundle,23,32,0.741,-1.230,1.971,9,r3k2r/1p1nppb1/1q3np1/p1pp3p/3P1BbP/2PBPN2/PP1NQPP1/1K2R2R b kq - 0 12
placement_bundle,84,21,-0.640,1.330,-1.970,11,1rr1q1k1/7p/5p2/Q1Pppp2/p3n2P/3NP1P1/2R2P2/2R3K1 w - - 0 43
placement_bundle,52,22,0.600,-1.370,1.970,9,2r1k1r1/1p2b2p/pq2Nnb1/3P4/8/P1B1P3/1P3P1P/2RQR2K w - - 3 27
placement_bundle,15,32,1.170,-0.800,1.970,10,r1bqk2r/pp2b1pp/n1pp1n2/4pp2/2P4P/2NPBNP1/PP2PPB1/R2QK2R b KQkq - 0 8
placement_bundle,29,29,0.609,-1.360,1.969,10,r1b2rk1/ppq3pp/2p1pn2/2n1bP2/2PN4/P2BP2P/NBQP1P2/R3K2R b KQ - 4 15
placement_bundle,26,30,-0.879,1.090,-1.969,9,r3k2r/3nbppp/p1ppbq2/4n1N1/NpP1P3/1P2B2P/P4PP1/R2QKB1R w KQkq - 6 14
nmp_blitz,23,29,1.158,-0.810,1.968,12,r1bq1k1r/pppnb3/4p3/3pPppB/3B4/2N2P1Q/PPP3PP/R3K1NR b KQ - 0 12
nmp_standard,19,26,1.178,-0.790,1.968,13,rnbq1rk1/pp2ppbp/6p1/8/2BPP3/5N2/P4PPP/R1BQK2R b KQ - 0 10
stack_lightning,23,32,0.707,-1.260,1.967,9,r1br2k1/ppp1qpbp/2n1p1p1/1N1p4/2PPn3/1Q1BPN2/PP1B1PPP/3R1K1R b - - 11 12
placement_bundle,22,30,-0.895,1.070,-1.965,10,r1b2rk1/1p1n2bp/Pp1p1np1/2p1pp2/2PP4/2N1P1P1/1P3PBP/R1B1K1NR w KQ - 0 12
placement_bundle,21,30,0.545,-1.420,1.965,9,r1b1k2r/ppqnbpp1/5n1p/3p4/4p2N/P1NPPPP1/1PQ4P/R1B1KB1R b KQkq - 0 11
placement_bundle,66,22,-1.043,0.920,-1.963,12,3k4/3b1n2/1RQ1pprp/2p1q1p1/2P5/r2PP1PP/5PB1/1R4K1 w - - 2 34
placement_bundle,46,25,-0.783,1.180,-1.963,10,3b1k1r/1B3pp1/1p1P1n2/p1r2b1p/3Qp2B/2N5/Pq3PPP/2R2RK1 w - - 0 24
placement_bundle,68,20,0.741,-1.220,1.961,11,4n3/4kppQ/1pb1p3/1q2P3/2pR1P2/2P5/6PP/rBB2K2 w - - 13 35
placement_bundle,29,32,0.831,-1.130,1.961,10,3q1kr1/rp2npb1/2npb2p/pQpNp1pP/2P1P3/3PBNP1/PP3PB1/4RK1R b - - 3 15
placement_bundle,18,32,-0.598,1.360,-1.958,10,rn1qkb1r/1bp2pp1/3pp2p/p5Pn/Np1PP2P/4B3/PPP1NP2/R2QKB1R w KQkq - 1 10
nmp_blitz,17,28,1.137,-0.820,1.957,10,rnbq1rk1/pp2ppbp/6p1/2p5/2BPP3/2P2N2/P4PPP/R1BQK2R b KQ - 1 9
placement_bundle,31,29,0.747,-1.210,1.957,10,2rqk2r/pp2p1bp/4b1p1/2Pp2Nn/P1nB2p1/1NP1P2P/5P2/R1Q1KB1R b KQk - 1 16
placement_bundle,35,26,1.027,-0.930,1.957,10,r2q1rk1/pp3pbp/4p1b1/1B1pP3/3PP1n1/P1N5/1P2Q1P1/R1B1K2R b KQ - 4 18
placement_bundle,41,24,0.596,-1.360,1.956,10,r1b1r1k1/p4ppp/2p2qn1/Q7/3pP3/P2B4/1P2NPPP/R4RK1 b - - 0 21
nmp_blitz,24,29,1.095,-0.860,1.955,14,r1bq1k1r/pp1nb3/4p3/2ppPppB/3B4/2N2P1Q/PPP3PP/R3K1NR w KQ - 0 13
placement_bundle,16,32,-0.553,1.400,-1.953,11,rnb1k2r/1p3ppp/1qpp1n2/p1b1p3/4P3/P1NP1NP1/1PP1QPBP/R1B1K2R w KQkq - 2 9
placement_bundle,72,20,-1.191,0.760,-1.951,10,2r1k3/1bb3B1/p5p1/P1nppp2/1P6/5P1R/5qP1/1Q3B1K w - - 0 37
placement_bundle,82,20,0.700,-1.250,1.950,11,Q6r/4kp2/1p1p4/2qP1Ppp/2Pbr3/3R4/6PP/1B1R3K w - - 2 42
away_lightning,53,24,0.589,-1.360,1.949,10,1k1n1r2/ppp1r3/3q4/P2Pp1pp/1PB2p2/2P2P2/4Q1PP/R3R1K1 b - - 2 27
placement_bundle,92,14,-0.729,1.220,-1.949,13,8/4k3/r5pp/P3Pp2/1p6/2b3P1/R5KP/1R6 w - - 1 47
placement_bundle,66,17,-1.079,0.870,-1.949,10,3rr2k/6q1/p1Q4p/4P3/2pP4/7P/Pn1N2P1/5R1K w - - 3 34
placement_bundle,43,30,0.808,-1.140,1.948,10,2krbr2/1p2q3/1np1pp1p/p2nP1p1/Pb1PB3/1P3NPP/N1QB1P2/R3R1K1 b - - 2 22
placement_bundle,29,28,0.846,-1.100,1.946,8,r1bqk2r/1p2npp1/p2p1n1p/3P4/1bN2B1P/2N3Q1/PP3PP1/2KR1B1R b kq - 1 15
placement_bundle,25,29,0.646,-1.300,1.946,12,2kr1b1r/ppp1q2p/2np2p1/5p1n/2P3P1/PQ2PP2/1P1P1N1P/R1B1KB1R b KQ - 0 13
hlmr_more1_lightning,35,30,0.825,-1.120,1.945,10,1r3r1k/1ppb2qp/p1nbp1p1/3pN3/P2PpB1P/2Q1P1P1/1PP2P2/R2R1K1B b - - 1 18
placement_bundle,64,18,0.524,-1.420,1.944,13,1r2bq1k/1B6/p6p/4Npp1/3P4/2P3P1/PP6/3RR1K1 w - - 1 33
placement_bundle,58,20,-0.632,1.310,-1.942,12,2r2rk1/B7/1p4Np/3p1p2/1PnN2n1/P7/5PPb/R3R1K1 w - - 0 30
placement_bundle,56,19,-0.891,1.050,-1.941,9,1k1r4/1pp2pq1/p7/6N1/3n3r/4Q3/PP1R1PPp/2R4K w - - 7 29
placement_bundle,71,15,-0.951,0.990,-1.941,11,2n2r2/p2R3p/1p4k1/1R1N1p2/2r4P/6P1/5PK1/8 b - - 0 36
placement_bundle,31,30,0.720,-1.220,1.940,9,r1br2k1/pp2qppp/1bp1p3/3p2P1/P1P1n3/1P1QPN1P/1B1PNP2/R3K1R1 b Q - 2 16
placement_bundle,40,21,0.779,-1.160,1.939,9,1rb4r/2q2p1B/p3pk2/p2p3Q/3P4/2P1P3/1P3PP1/RN2K3 w Q - 1 21
placement_bundle,57,25,-0.549,1.390,-1.939,8,2r1kr2/pp2b2p/1q1pb2n/5pp1/4P3/P1N2N1P/1P1Q2PB/R2R3K b - - 5 29
placement_bundle,83,15,-0.979,0.960,-1.939,15,8/1p3kb1/3p2p1/3p1pPp/5P2/1N2K2P/6B1/6n1 b - - 3 42
placement_bundle,62,20,-1.049,0.890,-1.939,10,3kr3/1rq2p1Q/2p5/3p3p/1P1b1pp1/2P5/P5PP/4RR1K w - - 0 32
placement_bundle,37,22,-1.098,0.840,-1.938,14,r3k2r/pp3ppp/2p2n2/4p3/Q7/P1b2PP1/5P1P/R1B2K1R b kq - 1 19
placement_bundle,32,30,-0.827,1.110,-1.937,9,r3k2r/2p2ppn/1pn4p/p2pPq2/PbbP1B2/1N3QP1/1P2NPBP/R5KR w kq - 8 17
placement_bundle,38,26,0.837,-1.100,1.937,9,r1b1k1r1/1p3p2/3qp3/p1p4p/2PnB1pN/1Q1PR1P1/PP3P1P/4R1K1 w q - 3 20
placement_bundle,46,22,-0.527,1.410,-1.937,10,4k2r/pp2Pp2/2r2b1P/3p1b2/2qP1B2/2P5/1P2RP1R/3Q1KN1 w k - 3 24
placement_bundle,55,22,0.767,-1.170,1.937,13,1r1k4/1pp1npr1/p6p/1bRB2pP/3N4/PP2P1P1/5P1R/6K1 b - - 2 28
placement_bundle,44,25,-0.925,1.010,-1.935,10,1r2kn1r/1q2p1b1/3p2pp/p1p5/2pPPPR1/5B2/PPQ1NP2/2KR4 w k - 3 23
placement_bundle,28,30,-0.693,1.240,-1.933,11,2r2k1r/pp1b2pp/1qnbp3/2p2p2/2Pp1P1P/P2PPBP1/1P2N3/R1BQ1K1R w - - 4 15
placement_bundle,50,27,-0.950,0.980,-1.930,11,r1b1k2r/5p2/pp1qp1p1/2Nnb2p/P2p3R/1P1P2PP/3BQPB1/2R3K1 w kq - 1 26
hlmr_more1_lightning,53,14,0.596,-1.330,1.926,14,2k2r2/2p3p1/p7/2N3Bp/3n4/8/P2N2PP/6K1 b - - 0 27
placement_bundle,53,17,0.555,-1.370,1.925,12,3r2k1/5pp1/p1P4r/1p5P/5P2/PB5P/1PP2K2/4R3 b - - 0 27
placement_bundle,45,30,0.685,-1.240,1.925,11,r1bq1rk1/4np2/1pp2bp1/p1p1p1Np/N1P1P3/PP1P1B1P/3Q1PP1/R2R2K1 b - - 11 23
placement_bundle,58,19,-0.625,1.300,-1.925,12,5krr/1p6/2p1nb2/p4pNp/P1R2P1P/5B2/5PK1/3R4 w - - 3 30
hlmr_more1_lightning,19,31,0.552,-1.370,1.922,9,r2q1rk1/pppbbppp/4pn2/n7/2pP4/P1N1B1P1/1P1NPPBP/R2Q1RK1 b - - 0 10
placement_bundle,23,29,1.071,-0.850,1.921,9,r2qkb1r/1p3pp1/4bn2/p1pn3p/8/1P2PBP1/PB1P1P1P/RN1QK1NR b KQkq - 1 12
placement_bundle,70,17,-0.711,1.210,-1.921,13,rk1r4/1p1bR3/p2p2N1/3B1R2/2P4P/1P5p/3b2K1/8 w - - 0 36
placement_bundle,61,21,1.011,-0.910,1.921,11,4r1k1/5pp1/4pn1p/1bq5/p3PQP1/P1B2P1P/BPK5/7R b - - 0 31
hlmr_more1_lightning,64,19,-0.720,1.200,-1.920,9,4qk1b/5p2/BQ1p2r1/2r1p1p1/p3P3/2P2R2/1P3P2/1K4R1 w - - 0 33
away_lightning,23,30,0.989,-0.930,1.919,9,r2qk2r/pp1bppb1/3p2pp/1B2n2n/3NP2Q/2N1B3/PPP2PPP/R4RK1 b kq - 1 12
hlmr_more1_lightning,61,23,-0.959,0.960,-1.919,10,2q2rk1/pp6/2Pp1bpp/P2Pp1r1/4P2N/R1Q3PP/2P5/4R1K1 b - - 2 31
placement_bundle,37,22,1.039,-0.880,1.919,13,7r/N2kppbp/6p1/3p4/1P1Pn3/2N1P2P/1Pb2PP1/2B1K2R b K - 0 19
placement_bundle,23,28,0.579,-1.340,1.919,10,r2q1k1r/pp2bp1p/2npbp2/1N2p3/2P5/3QB3/PP2PPPP/2KR1B1R b - - 3 12
placement_bundle,90,14,1.078,-0.840,1.918,10,2r4k/8/2b1R3/3PN2p/5p2/1BP2R2/P2q3K/8 w - - 3 46
placement_bundle,17,29,0.547,-1.370,1.917,11,r1bqk2r/pp2ppb1/n5p1/2pP3p/8/1PN1P1P1/PB1P1P1P/R2QK1NR b KQkq - 2 9
placement_bundle,63,18,-0.717,1.200,-1.917,11,6r1/pp6/3r4/2bPkpPp/P4R2/1P1RP1P1/8/5NK1 b - - 0 32
placement_bundle,38,23,-1.017,0.900,-1.917,11,2r1kb1r/p1P2p2/5npp/3p4/3Np2P/4P1P1/PP3P2/R1B1K2R w KQk - 0 20
placement_bundle,25,29,0.686,-1.230,1.916,9,r1b2rk1/1p1n1ppp/p2b4/q1Pp2P1/4n3/1PNBPN1P/PB3P2/R2QK2R b KQ - 0 13
placement_bundle,40,23,-1.056,0.860,-1.916,10,4kb1r/1Bp2ppp/pn2p3/8/2q5/P2rP3/1Q3PPP/R1B2RK1 w k - 1 21
placement_bundle,18,32,0.906,-1.010,1.916,12,r2qk2r/1p1nppb1/2p2np1/p2p3p/3P1BbP/3BPN2/PPPNQPP1/2KR3R w kq - 6 10
timed_probe,24,32,-0.565,1.350,-1.915,9,r2q1rk1/ppp3p1/2n1bp1p/3pp2n/1bPP4/2N1PNB1/PPQ2PPP/2RK1B1R w - - 2 13
placement_bundle,52,18,0.544,-1.370,1.914,13,3r2k1/5pp1/p1b4r/1p1P3P/5P2/PB5P/1PP2K2/4R3 w - - 0 27
placement_bundle,88,21,-0.764,1.150,-1.914,11,1rr3k1/7p/2P1qp2/Q3pp2/pN1pn2P/4P1P1/2R2P2/2R3K1 w - - 0 45
nmp_standard,21,26,0.860,-1.050,1.910,12,r1bq1rk1/pp2ppbp/2n3p1/8/2BPP3/4BN2/P4PPP/R2QK2R b KQ - 2 11
placement_bundle,30,25,0.670,-1.240,1.910,10,rq2k2r/1p1n1pp1/3b2b1/p2B3p/3P4/1Q2B1P1/PP2PP1P/R4RK1 w kq - 1 16
placement_bundle,32,30,-0.730,1.180,-1.910,10,1rb2rk1/2Nnq2p/pp3npb/2p2p2/P1P1p3/1P2P1P1/1BQ1NPBP/R4RK1 w - - 0 17
hlmr_more1_lightning,51,15,1.098,-0.810,1.908,13,2k2r2/2p3p1/p7/2p2nBp/8/1N6/P2N2PP/6K1 b - - 1 26
placement_bundle,90,15,-0.808,1.100,-1.908,13,5k2/8/r5pp/P3pp2/1p3P2/2b3P1/R5KP/1R6 w - - 0 46
away_lightning,16,29,-0.648,1.260,-1.908,9,r1b1k2r/pp1pppbp/2n2np1/8/2PN4/2N1B1P1/Pq2PPBP/R2QK2R w KQkq - 0 9
placement_bundle,57,23,1.158,-0.750,1.908,9,r5k1/3n4/3qNpnr/1pp2P1p/3pPP1P/Pp6/1Q6/1RR2BK1 b - - 0 29
placement_bundle,32,24,0.857,-1.050,1.907,11,1r4nr/ppNk2pp/1b2p3/3pP1N1/3n4/8/PP1B1PPP/2R1K2R w K - 9 17
placement_bundle,41,23,0.906,-1.000,1.906,11,r3k2r/1p3p2/2n1P2q/p2p4/3Pp1Qp/2P3P1/PP4BP/R4RK1 b kq - 0 21
placement_bundle,17,32,0.882,-1.020,1.902,12,rn1qk2r/1p2ppb1/2p2np1/p2p3p/3P1BbP/3BPN2/PPPNQPP1/2KR3R b kq - 5 9
placement_bundle,42,24,-0.962,0.940,-1.902,10,r4k1r/p1q1p3/1ppp1nQb/3b2N1/3P1P2/P3P2P/1B6/R1N1K2R w KQ - 1 22
placement_bundle,55,21,1.079,-0.820,1.899,11,r4k1r/1R2pp2/q4bp1/2p5/2P1P2p/P2Q3P/4BPP1/1R4K1 b - - 0 28
placement_bundle,15,29,0.609,-1.290,1.899,12,rnbqk2r/pp2ppb1/6p1/2pP3p/8/1PN1P1P1/P2P1P1P/R1BQK1NR b KQkq - 0 8
placement_bundle,38,21,-1.065,0.830,-1.895,13,r3k2r/pp3ppp/2p2n2/4p3/Q7/P4PP1/5P1P/b1B2K1R w kq - 0 20
hlmr_more1_lightning,15,30,0.764,-1.130,1.894,9,r1b1kb1r/1pqp1ppp/p1n1pn2/8/3NP2P/2NQB3/PPP2PP1/R3KB1R b KQkq - 2 8
placement_bundle,116,14,-0.643,1.250,-1.893,12,8/1b3k2/2r3pp/R1p5/3pP3/3B1P1P/6P1/6K1 w - - 1 59
placement_bundle,39,24,0.603,-1.290,1.893,9,r3k2r/1b3p1p/pp1pN1p1/2q4n/4P3/1Q1B1PPP/PP6/3R1KR1 b kq - 0 20
hlmr_more1_lightning,38,26,-0.693,1.200,-1.893,9,r1r3k1/2pb1ppp/p1q1p3/1pb1P3/8/1QN1P1PB/PP2P2P/2RR2K1 w - - 1 20
placement_bundle,53,22,0.601,-1.290,1.891,12,4k2r/R2b1p2/1Qp1pb2/3p2p1/6Pp/1P1BP3/1P1N1P1q/4K1R1 b k - 0 27
placement_bundle,16,32,-0.761,1.130,-1.891,12,1r2k1nr/1pp2ppp/p1nbpq2/3p1b2/3P3N/1QP3PP/PP1NPP2/R1B1KB1R w KQk - 3 9
placement_bundle,42,19,-1.080,0.810,-1.890,11,r2nk2r/4ppbp/1P4p1/p7/R7/2N5/PB2KP1P/R7 w kq - 0 22
placement_bundle,39,24,0.958,-0.930,1.888,11,3r1r1k/p2n1pbp/2N1n1p1/2p5/2P4N/1q2B1PP/3QPP2/2R1K2R b K - 1 20
placement_bundle,14,30,-0.766,1.120,-1.886,10,r3kb1r/pp3ppp/2n1p2n/2pq4/Q5b1/2P2N2/PP1PBPPP/RNB2RK1 w kq - 2 8
placement_bundle,14,31,0.616,-1.270,1.886,11,r1bq1rk1/ppp1bppp/n6n/4P3/2Pp4/NQ4P1/PP1PP1BP/R1B1K1NR w KQ - 5 8
placement_bundle,21,30,-0.555,1.330,-1.885,11,rn1qk2r/pb1p1p2/1p2pn1p/2b5/2P3pN/2N3P1/PP1QPPBP/R1B2RK1 b kq - 1 11
placement_bundle,30,27,-0.654,1.230,-1.884,11,r3kb1r/2qb1p2/p1p4p/2pp2p1/Q7/P1NPB1PB/1P2PP1n/R3KR2 w Qkq - 0 16
placement_bundle,23,28,0.594,-1.290,1.884,9,r1bq1rk1/p1p2pp1/1pn4p/4p3/4Qn2/1BPP1N2/PP3PPP/RN3RK1 b - - 3 12
stack_lightning,42,21,-0.584,1.300,-1.884,9,r5kb/4pp1p/Bp2b1p1/p1q5/Q3P3/8/P4PPP/1R1R2K1 w - - 4 22
placement_bundle,27,30,0.523,-1.360,1.883,10,3qkb1r/3np2p/r1p2np1/1pP2p2/pQ5P/PbN1BNP1/1P2PP2/2R1KB1R b Kk - 2 14
placement_bundle,25,30,0.872,-1.010,1.882,9,r3k1nr/1pq1bp1p/p1n1p3/3pPbp1/1P6/2P2NB1/P2QBPPP/RN3RK1 b kq - 1 13
placement_bundle,40,29,0.682,-1.200,1.882,9,4rrk1/1bpnq1p1/pp1b3p/3Pp3/2N1pn2/PP3N1P/1BBQ1PP1/R3R1K1 w - - 0 21
placement_bundle,23,30,0.781,-1.100,1.881,9,r1bqk2r/pp1n1pp1/4p2p/2bpP3/2pN4/2N1Q1PB/PPP1PP1P/2KR3R b kq - 4 12
placement_bundle,24,30,-0.969,0.910,-1.879,10,r1bqk2r/5pp1/2nb1n2/1pp4p/p2pP3/P2PBNPP/1PQ2PB1/RN2K2R w KQkq - 0 13
placement_bundle,27,26,0.799,-1.080,1.879,12,rn1k3r/pb2bppp/1p2pn2/1P4B1/2B5/P1N1PN2/5PPP/R3K2R b KQ - 0 14
placement_bundle,87,16,1.089,-0.790,1.879,13,7R/3Bnpk1/3N3p/6pP/1p6/1P2PPPK/r7/8 b - - 0 44
hlmr_more1_lightning,59,25,0.738,-1.140,1.878,9,2r1k1r1/1p3p2/1qn1p3/pN1pP3/P3nB2/bPP1RNP1/6P1/1R1Q2K1 b - - 6 30
hlmr_more1_lightning,43,20,1.037,-0.840,1.877,12,3q1k1r/2p2pp1/4p2p/8/Qb5P/4P1P1/Pr2P3/R2N1K1R b - - 0 22
placement_bundle,67,21,0.995,-0.880,1.875,9,3r2kr/1bq5/p5pp/2P2p2/4p3/pPQ3RP/R2N1PP1/6K1 b - - 1 34
placement_bundle,31,30,0.785,-1.090,1.875,12,r1bqk1nr/1p3p2/2p2bp1/p1p1p2p/2P1P3/PPNP1N1P/3QBPP1/R4RK1 b kq - 1 16
placement_bundle,44,25,-0.734,1.140,-1.874,10,3b1k1r/5pp1/Bp1P1n1p/p1r2b2/3Qp2B/2N5/Pq3PPP/2R2RK1 w - - 5 23
placement_bundle,91,14,-0.723,1.150,-1.873,13,5k2/8/r5pp/P3Pp2/1p6/2b3P1/R5KP/1R6 b - - 0 46
placement_bundle,59,21,-0.612,1.260,-1.872,11,1r2k3/3qp1b1/3pp3/1Ppn2pr/8/P3P3/2QB1P2/2R1KBR1 b - - 1 30
placement_bundle,45,24,0.861,-1.010,1.871,12,r4rk1/p2q3p/2nbp1p1/5p2/pN1P1P2/2P1P2Q/3B2PP/RR4K1 b - - 1 23
placement_bundle,41,25,0.851,-1.020,1.871,11,r4k1r/1p2b2p/p5p1/Q1pq1p2/1n2N3/1P1PPPP1/P6P/R1B2RK1 b - - 0 21
placement_bundle,50,22,0.790,-1.080,1.870,9,r3k1r1/1p2b2p/pq2Nnb1/3P4/8/P1B1P3/1P3PKP/2RQR3 w q - 1 26
placement_bundle,60,25,-0.588,1.280,-1.868,10,r4krb/1p2qp2/3pp1pp/Pbn5/1QPN4/R3P1P1/P3B2P/5RK1 w - - 0 31
placement_bundle,105,19,0.608,-1.260,1.868,11,4r3/1p2r1k1/p1P3p1/P2p1p2/1P1P1Rb1/4P1P1/5R2/5BK1 b - - 0 53
placement_bundle,31,29,-0.637,1.230,-1.867,12,1r1qkb1r/2p2pp1/p4n1p/3Np3/1p1NP3/3P2Pb/PP1Q1PBP/1RB1K2R b Kk - 0 16
placement_bundle,51,22,-1.107,0.760,-1.867,12,2rr2k1/3b3p/1p2ppp1/p7/2p1P1n1/P1N2N2/1PPB4/R3RK2 b - - 1 26
placement_bundle,29,27,0.725,-1.140,1.865,10,r1b1k2b/1p3p2/p1n1p3/P1Pp1qp1/R3n3/3N2P1/1PPBPPB1/1N1QK3 b q - 1 15
placement_bundle,52,21,-0.973,0.890,-1.863,10,2k4r/2q2p2/1rp5/3pbp1p/1P4p1/2P5/P5PP/R1BQ1R1K w - - 0 27
placement_bundle,52,24,-1.083,0.780,-1.863,11,1r1k3r/3Pppb1/1p4pp/p6n/1pP1p3/P3B3/4NPPP/1R1R2K1 w - - 0 27
timed_probe,44,25,-0.793,1.070,-1.863,10,r4rk1/2p1b3/4bq1p/p2pNp2/3p2p1/P1NQP1P1/1P3PP1/2R1K2R w K - 0 23
hlmr_more1_lightning,12,32,-0.642,1.220,-1.862,8,r1bqk2r/ppp2ppp/2n2n2/2bpp1N1/2B1P3/2PP4/PP3PPP/RNBQK2R w KQkq - 0 7
placement_bundle,65,20,0.522,-1.340,1.862,11,q5k1/2P2p2/2bB1bpp/P2n4/8/2p5/2P1BPPP/1R3KR1 b - - 2 33
placement_bundle,23,31,0.572,-1.290,1.862,12,r1b1kb1r/ppq2ppp/1n1p4/2p5/2PpP1n1/N2B1N2/PP1BQPPP/R4RK1 b kq - 1 12
placement_bundle,32,28,-0.772,1.090,-1.862,9,rn1k1b1r/pp4p1/2p1bpB1/4p3/1qP4p/1QN1B1PP/PP2PP2/R3K2R w KQ - 6 17
placement_bundle,72,17,-0.672,1.190,-1.862,10,1r1r2k1/1p6/2p1bn2/7p/1R2p3/4B2P/1P2BP1K/4R3 w - - 2 37
placement_bundle,30,30,0.631,-1.230,1.861,11,r1br2k1/pp2qppp/1bp1p3/3p2P1/P1P1n3/1P1QPN1P/1B1PNP2/R3K2R w KQ - 1 16
hlmr_more1_lightning,21,31,-0.939,0.920,-1.859,11,r3k2r/pp2ppbp/1q1p2p1/n1pP1b2/2P1N3/1P2BNPP/P3PPB1/R2QK2R b KQkq - 0 11
hlmr_more1_lightning,20,32,-0.958,0.900,-1.858,9,r3k2r/pp2ppbp/1q1p2p1/n1pP1b2/2P1n3/1PN1BNPP/P3PPB1/R2QK2R w KQkq - 1 11
hlmr_more1_lightning,20,31,0.757,-1.100,1.857,11,r1bq1rk1/pp3pbp/2p1pnp1/n1Q5/2pP4/2NBPN2/PP1B1PPP/R3K2R w KQ - 0 11
nmp_blitz,29,28,0.857,-1.000,1.857,10,r1bq1k1r/pp2b3/4p3/2p1nppB/3p4/5P1Q/PPP1NBPP/2KR2NR b - - 1 15
placement_bundle,15,32,1.097,-0.760,1.857,9,rnbqkb1r/pp2pp1p/5np1/2p1N3/3p1Q2/1P1PP3/PBP2PPP/RN2KB1R b KQkq - 3 8
placement_bundle,38,24,0.676,-1.180,1.856,13,r3k2r/pBP3bp/1p3pp1/n7/5B1P/P1P3P1/1P1qPP2/R3K2R w KQkq - 0 20
placement_bundle,33,32,0.865,-0.990,1.855,10,r2r2k1/1p1bppbp/1qnp1np1/pPp5/P1PP4/1Q1BPN1P/3BNPP1/R4K1R b - - 3 17
placement_bundle,32,28,-0.785,1.070,-1.855,9,2r1k2r/p2pqp2/1pn1pn1p/4b3/2P2Np1/2N1Q1P1/PP2PP1P/R1BR2K1 w k - 9 17
placement_bundle,30,27,0.615,-1.240,1.855,9,r3k2b/1p1b1p2/p1n1p3/P1Pp1qp1/R3n3/3N2P1/1PPBPPB1/1N1QK3 w q - 2 16
hlmr_more1_lightning,49,16,0.684,-1.170,1.854,12,2k2r2/2p3p1/pp6/2P2nBp/8/8/P2N2PP/N5K1 b - - 2 25
placement_bundle,18,28,-0.514,1.340,-1.854,11,3qkbnr/ppr2ppp/2np4/1Q2pN2/4P3/8/PPP2PPP/RNB1K2R w KQk - 3 10
placement_bundle,22,29,-0.642,1.210,-1.852,12,rn1qk2r/p2p1p2/1p2pn1p/2b5/2P3pN/2N3P1/PP1QPPbP/R1B2RK1 w kq - 0 12
placement_bundle,21,32,0.721,-1.130,1.851,10,r3k2r/1p1nppb1/1qp2np1/p2p3p/3P1BbP/3BPN2/PPPNQPP1/1K2R2R b kq - 9 11
placement_bundle,80,16,-0.569,1.280,-1.849,12,8/r1b1k3/1p4R1/2p2p2/2Pp4/r2P1N2/PR2PK2/8 w - - 1 41
placement_bundle,51,23,-0.527,1.320,-1.847,10,2r2rk1/1q1p3p/p3p1pP/2p2p1n/2P1P3/1PN1BN2/P6Q/3RK3 b - - 1 26
placement_bundle,48,19,-0.735,1.110,-1.845,11,2kr4/1b4pp/p3pr2/2B5/pPn2P2/8/4NKPP/R6R w - - 4 25
placement_bundle,38,30,0.815,-1.030,1.845,11,r2r2k1/1p1b1pbp/1q1p1np1/pP1Pp3/PnP5/1Q1B1N1P/3BNPP1/R4K1R w - - 1 20
placement_bundle,73,17,0.724,-1.120,1.844,10,2r3k1/5pp1/8/1Q1P3p/2p4P/2N4q/3B1PrP/3KR3 b - - 8 37
placement_bundle,39,30,0.664,-1.180,1.844,10,4rrk1/1bpnq1p1/pp1b3p/3Ppp2/2N1Pn2/PP3N1P/1BBQ1PP1/R3R1K1 b - - 1 20
placement_bundle,43,23,0.882,-0.960,1.842,13,r2r2k1/1p1n1pb1/3Bb1p1/p6p/P1P4N/1P4PP/5PB1/R2R2K1 b - - 0 22
placement_bundle,64,24,-0.762,1.080,-1.842,11,2rqr1k1/7p/p1P3p1/3Pnp2/3Qn3/4PpPP/P2P1P2/B1RR2K1 w - - 0 33
placement_bundle,41,27,1.029,-0.810,1.839,10,rq2r1k1/1p3ppp/pn1b4/3P1bP1/3Qp3/PPN1P1R1/1B3P1P/2R1KB2 b - - 2 21
placement_bundle,50,21,-0.859,0.980,-1.839,9,6k1/2q1p2p/r1p2rn1/1pP2p2/p2R4/P5PR/1P1QP1B1/4K3 w - - 0 26
ship_lightning,36,24,-0.947,0.890,-1.837,10,3r2k1/2p2ppp/1p2qn2/pQ2p3/P3Pb2/N1P2P2/1P3PKP/R4R2 w - - 1 19
ship_lightning,46,25,-0.827,1.010,-1.837,8,r2q1rk1/1p3pp1/p1n1b3/3Np1p1/2Q1N1n1/P5P1/4PPBP/R2R2K1 w - - 2 24
placement_bundle,32,25,-1.036,0.800,-1.836,11,r1b1k2r/1pp2ppp/p7/2bn4/5P2/P4N2/1PnBB1PP/1R1N1R1K w kq - 1 17
placement_bundle,22,32,-0.696,1.140,-1.836,12,r1b1kb1r/1pqp1ppp/p3p3/2p1P3/Pn1n4/2NP1NPP/1PP2PB1/R1BQR1K1 w kq - 1 12
placement_bundle,42,25,-0.595,1.240,-1.835,10,r4rk1/1bq2pp1/1pNbp2p/1B1p4/3P2n1/1Q6/P2B1PP1/R2NR2K w - - 3 22
placement_bundle,41,28,0.635,-1.200,1.835,10,4rrk1/1bpnq1p1/pp1b3p/3Pp3/2N1Bn2/PP3N1P/1B1Q1PP1/R3R1K1 b - - 0 21
placement_bundle,33,25,-0.604,1.230,-1.834,12,r3k2r/pp3ppp/2p2n2/4p3/Qbq5/P1N2PP1/3P1P1P/R1B1K2R b KQkq - 0 17
away_blitz,35,27,0.763,-1.070,1.833,11,r3r1k1/1pp2ppp/p1np4/3N4/B1PpP2q/P2P1P1b/1P3R2/R2QN1K1 b - - 2 18
hlmr_more1_lightning,39,27,1.013,-0.820,1.833,8,1r3rk1/2p1qp2/p2p1npp/n1b1P3/P7/2Pp1N1P/BB3PP1/RQ2R1K1 b - - 1 20
placement_bundle,77,15,1.042,-0.790,1.832,11,B1br4/8/p7/1p3pk1/1P1r4/P2PRR2/7P/7K b - - 10 39
placement_bundle,39,23,0.742,-1.090,1.832,13,r3k2r/pBP3bp/1p3pp1/n7/5B1P/P1P3P1/1P1KPP2/R6R b kq - 0 20
placement_bundle,43,20,-0.602,1.230,-1.832,13,2k4r/pp3Qpp/2pr1n2/4p1B1/8/P4PP1/5P1P/b4K1R b - - 0 22
placement_bundle,44,22,-0.670,1.160,-1.830,11,r2qk1r1/4pp2/2pp1n2/pP5p/2PPPN2/3Q4/5Pp1/RR4K1 w q - 0 23
placement_bundle,17,30,1.060,-0.770,1.830,11,r1bqk2r/pp1nbpp1/2p2n1p/3p4/3P4/4BNP1/PPQNPPBP/R3K2R b KQkq - 3 9
placement_bundle,28,30,-0.820,1.010,-1.830,11,r1b1k2r/1p1nqpp1/2p5/p1b3P1/P2pn2p/1PN1PN1P/1BPP2B1/R2QK2R w KQkq - 1 15
placement_bundle,60,20,-0.509,1.320,-1.829,11,2r2rk1/B7/1p4Np/3pbp2/1PnN2n1/P7/5PP1/R3R2K w - - 2 31
placement_bundle,62,19,0.958,-0.870,1.828,13,2r1bq1k/1p6/p6p/3BNpp1/3P4/2P3P1/PP6/3RR1K1 w - - 3 32
placement_bundle,92,17,-0.857,0.970,-1.827,11,2n1k1b1/1R6/2rp3R/p3p2p/P1P1P3/2B4r/2KN4/8 w - - 6 47
placement_bundle,31,28,0.874,-0.950,1.824,10,r3k1nr/1p1n2pp/pq1b2b1/5p2/3P1N2/2BBPp2/PP3PPP/2RQR1K1 b kq - 5 16
hlmr_more1_lightning,17,32,0.763,-1.060,1.823,11,r1bq1rk1/ppp2pbp/4pnp1/nQ1p4/2PP4/2NBPN2/PP1B1PPP/R3K2R b KQ - 5 9
placement_bundle,18,32,-0.673,1.150,-1.823,10,r3k2r/pppb1pp1/2nqpn2/2b3Bp/3pP3/P2P1NPB/1PP2P1P/RN1QK2R w KQkq - 5 10
placement_bundle,75,16,1.042,-0.780,1.822,12,2r3k1/5r2/7p/P1p2qp1/2N5/3PR1PP/5PQ1/6K1 b - - 4 38
placement_bundle,29,26,0.712,-1.110,1.822,9,r1b3k1/p1p2qb1/1p3npp/2n1p3/4P3/2N1BP2/PPPQ2PP/2KR1R2 b - - 0 15
timed_probe,25,31,-0.582,1.240,-1.822,8,r2q1rk1/ppp3p1/2n1bp1p/3Pp2n/1b1P4/2N1PNB1/PPQ2PPP/2RK1B1R b - - 0 13
hlmr_more1_lightning,62,21,-0.597,1.220,-1.817,9,4qk1b/5p2/BQ1p2rp/2r1p1p1/p3P2P/2P2R2/1P3P2/1K4R1 w - - 3 32
nmp_blitz,23,26,0.687,-1.130,1.817,11,r2q1rk1/pp2ppbp/2n3p1/4P3/2BP2b1/4BN2/P4PPP/R2QK2R b KQ - 0 12
placement_bundle,56,20,-0.626,1.190,-1.816,10,5k1B/4q3/n4pp1/p1p2b1p/1PP2P2/P2R4/R3BP1P/6K1 w - - 2 29
placement_bundle,17,28,0.874,-0.940,1.814,10,r3kbnr/pppq1ppp/2n5/5b2/2B5/1QN1PNP1/PP1P3P/R1B1K2R b KQkq - 4 9
placement_bundle,34,25,-0.804,1.010,-1.814,10,r1b1kr2/pp4pp/2n5/5pB1/3qp1nP/PQN5/1P2BPP1/R4K1R w q - 10 18
placement_bundle,22,31,-0.562,1.250,-1.812,10,r2q1rk1/1p3pp1/n1ppbn2/p1b1p1p1/2P1P3/P1NP1N1P/1PQ2P2/R1B1KBR1 w Q - 0 12
placement_bundle,68,15,-1.051,0.760,-1.811,11,2n2r2/p1NR3p/1p4k1/1R3p2/r7/6P1/5PKP/8 w - - 0 35
hlmr_more1_lightning,59,22,0.520,-1.290,1.810,12,2r1r1k1/4qpp1/2p4p/p1Pp4/2nNR3/B4P2/P1Q3PP/5RK1 b - - 0 30
placement_bundle,50,18,1.000,-0.810,1.810,10,1r3n2/3k1N1r/R1n1p2p/2p5/N3P3/6p1/PP5P/2K4R w - - 6 26
placement_bundle,53,23,1.050,-0.760,1.810,11,r1bq2k1/1p4Pp/4nb2/5p2/pPBP4/P4N2/1B1N1PP1/R4K1R b - - 4 27
placement_bundle,14,31,0.530,-1.280,1.810,11,r1bq1rk1/ppp1bppp/2n4n/4P3/2Pp4/NQ4P1/PP1PP1BP/R1B1K1NR w KQ - 5 8
placement_bundle,29,27,-0.570,1.240,-1.810,9,2r2rk1/pp1bbppp/3p1B2/2q5/2P5/PQNn1NP1/1P3PBP/R4RK1 b - - 0 15
stack_blitz,36,25,-0.730,1.080,-1.810,14,2b2rk1/p3bppp/2pp4/4p3/Nrq1P3/1P1QP3/P1P3PP/1K1R1R2 w - - 0 19
hlmr_more1_lightning,36,26,-0.679,1.130,-1.809,9,r3kr2/4p1b1/pqpp3p/4nbp1/2B5/2N3BP/PPP1QPP1/RR4K1 w q - 3 19
placement_bundle,83,22,-0.569,1.240,-1.809,11,1rr1q1k1/7p/5p2/QpPppp2/P3n2P/3NP1P1/2R2P2/2R3K1 b - - 0 42
placement_bundle,17,30,0.849,-0.960,1.809,10,r1bqkbnr/1p2p1pp/p1n2p2/8/3pPB2/3P1N2/PPRN1PPP/3QKB1R b Kkq - 1 9
placement_bundle,46,29,-0.607,1.200,-1.807,10,r1b1k2r/3q1pb1/pp2p1p1/2pnP1Np/P2p3R/1P1P2PP/3BQPB1/2R3K1 w kq - 1 24
hlmr_more1_lightning,50,26,-0.566,1.240,-1.806,9,4k2b/3q1p2/p2pb1rp/1pr1p1p1/PQ2P1P1/2P2N1P/1P2BP2/1K1R2R1 w - - 3 26
placement_bundle,16,31,-0.534,1.270,-1.804,11,rn2kb1r/p3pp1p/1p2bnp1/2Ppq3/1PP5/4PB2/P4PPP/RNBQK1NR w KQkq - 1 9
placement_bundle,13,32,0.930,-0.870,1.800,10,rnbqkb1r/pp2pppn/2p4p/2N5/2Pp4/5NP1/PP1PPPBP/R1BQK2R b KQkq - 3 7
placement_bundle,56,20,-0.660,1.140,-1.800,12,2k2r2/6p1/br5p/1pb1pP2/2pN2P1/2P1P2P/8/1RB1R1K1 w - - 0 29
placement_bundle,13,31,0.579,-1.220,1.799,10,rnb1kb1r/p1q1pp1p/1p3np1/2Pp4/1P6/2P1PB2/P4PPP/RNBQK1NR b KQkq - 1 7
placement_bundle,25,32,0.767,-1.030,1.797,9,r2qk2r/pp3p2/3bpnbp/nPpp2p1/Q5PP/P1PP1N2/4PPB1/RNB1K2R b KQkq - 0 13
placement_bundle,39,21,-0.977,0.820,-1.797,13,r3k2r/pp3ppp/2p2n2/4p3/8/PQ3PP1/5P1P/b1B2K1R b kq - 1 20
nmp_standard,41,25,-1.006,0.790,-1.796,14,r2r1nk1/pp1bb3/4p3/3pPp2/3N1p1p/3B1N2/PPP3PP/5KRR b - - 7 21
placement_bundle,17,32,0.556,-1.240,1.796,12,r1bqk2r/1ppp1pb1/2n3pp/p3p3/2P3nP/P1NPB1P1/1P2PPB1/R1Q1K1NR b KQkq - 5 9
placement_bundle,23,31,-0.936,0.860,-1.796,10,r2qk2r/pp2ppbp/2pp1np1/8/2PPN3/4PNP1/PPnK1P1P/R1BQ1B1R b kq - 0 12
placement_bundle,62,20,-0.526,1.270,-1.796,13,2b1k2r/8/1p2pn1p/1p1pBp2/3P3P/1P4P1/3NRPK1/7r w k - 0 32
stack_lightning,25,27,0.816,-0.980,1.796,11,1rbqkb1r/N4ppp/2pp1n2/4p3/2B1P3/3Q1P2/PPPB2PP/R3K2R b KQk - 0 13
hlmr_more1_lightning,21,30,0.995,-0.800,1.795,10,r2qk2r/pbppbpp1/2n1pn1p/2P1N3/7P/2N1B1P1/PP2PPB1/R2QK2R b KQkq - 0 11
placement_bundle,55,22,1.015,-0.780,1.795,10,q4k2/N3pp2/Qn3bp1/2pn3r/3P2Rp/1PP5/P2B3P/5RK1 b - - 1 28
placement_bundle,40,27,-0.824,0.970,-1.794,10,r1b3k1/pp1p3p/n1p2bp1/5pq1/2P5/P2PrBP1/1P2N2P/RQB1K2R w KQ - 0 21
placement_bundle,24,28,-0.513,1.280,-1.793,10,r1b1kb1r/3nqppp/p4n2/3P4/Npp5/4B3/PPB2PPP/R2QK1NR w KQkq - 2 13
ship_lightning,25,28,0.552,-1.240,1.792,9,r1bq1r1k/ppp1p2p/3p2p1/3Pbp2/2Q1P3/P1N1P3/1PP1B1PP/R4RK1 b - - 0 13
placement_bundle,21,32,0.681,-1.110,1.791,10,2b1k2r/1pppqp2/r4npp/p1b1p3/QnP1B2P/P1NP1NP1/1P2PP2/R1B1K2R b KQk - 9 11
placement_bundle,48,18,-0.521,1.270,-1.791,12,2k4r/pp1r3p/2p2p2/4p3/3b4/P4PP1/Q4P1P/5K1R w - - 0 25
placement_bundle,22,30,-0.531,1.260,-1.791,9,r2qkb1r/p1p2pp1/1pn1p2p/5b2/1n1PN3/1Q2B1P1/PP2PPBP/RN2K2R w KQkq - 6 12
stack_blitz,28,28,-0.871,0.920,-1.791,12,r1b2rk1/pp2b1pp/2n1p3/2qp1p2/2P2P2/2NQ1N2/PP2PPBP/R4RK1 w - - 0 15
hlmr_more1_lightning,34,30,0.550,-1.240,1.790,10,1r3r1k/1ppb2qp/p1nbp1p1/3pN3/P2PpB1P/3QP1P1/1PP2P2/R2R1K1B w - - 0 18
nmp_standard,25,24,0.759,-1.030,1.789,12,r2q1rk1/pp2ppbp/2n3p1/4P3/2BP4/4BP2/P4P1P/R2QK2R b KQ - 0 13
placement_bundle,13,32,0.549,-1.240,1.789,10,r1bqk2r/pppnbppp/3p1n2/3P4/2P1p3/2N1PP1P/PP4P1/R1BQKBNR b KQkq - 0 7
placement_bundle,75,17,0.779,-1.010,1.789,13,1nr1r3/8/4k2p/B1Pp1p2/3PpP2/P6P/4R1K1/3R4 b - - 2 38
placement_bundle,58,19,-0.989,0.800,-1.789,11,4k1r1/pp2pp2/3pb2p/1P6/2r2q2/5Q2/1R1RBNP1/6K1 w - - 0 30
nmp_blitz,17,28,0.968,-0.820,1.788,11,rnbq1rk1/pp2ppbp/6p1/2p5/2BPP3/2P2N2/P4PPP/R1BQK2R b KQ - 1 9
away_blitz,47,25,-0.896,0.890,-1.786,10,2b2r2/rp4kp/p1n1ppp1/2qP3n/6N1/2BQ2P1/4PPBP/R4RK1 b - - 0 24
placement_bundle,30,25,-0.505,1.280,-1.785,10,r3kbnr/pp3ppp/4b3/2pn4/3B3N/N5P1/1PP2PBP/R4RK1 w kq - 0 16
placement_bundle,35,26,0.563,-1.220,1.783,9,r1b1k2r/1p3p2/2nqp3/p1p4p/2P1B1pN/1Q1PR1P1/PP3P1P/R5K1 b kq - 0 18
placement_bundle,89,16,0.803,-0.980,1.783,11,6k1/5pp1/5n1p/4q3/3N4/pr3PP1/3QPK1P/2R5 b - - 5 45
placement_bundle,36,26,-0.703,1.080,-1.783,9,3rr1k1/pp3ppp/1bpq4/3n2Q1/1PBp3P/P2P1PN1/2P2P2/1R3K1R w - - 8 19
placement_bundle,17,31,1.032,-0.750,1.782,10,rnbqnrk1/1p1pbppp/p3p3/4P3/2Pp1B2/5N1P/PP1NBPP1/R2QK2R b KQ - 2 9
placement_bundle,52,27,-0.641,1.140,-1.781,10,2krr3/3q2b1/2pp2p1/pp1b1pN1/n2P1B1p/2P2B1P/2PQ1PP1/3RR1K1 w - - 0 27
placement_bundle,39,25,0.550,-1.230,1.780,10,4kb1r/3n2pp/b1q2p1n/R3p1N1/1p2P3/4BQPP/1PPN1P2/3K2R1 b k - 1 20
placement_bundle,33,26,-0.979,0.800,-1.779,10,r3k2r/ppp3pp/1nb1pp2/7q/P1P5/1Q3NP1/3PPPBP/R3K2R b KQkq - 2 17
placement_bundle,46,22,-0.639,1.140,-1.779,12,3r2k1/p5pp/3b1p2/1p1p1q2/2pP4/P3QN1P/1PP2PP1/4R1K1 w - - 4 24
placement_bundle,17,32,0.648,-1.130,1.778,10,r1bq1rk1/p1p1bppp/1p2pn2/3p4/QnPP1B2/2N2NP1/PP2PP1P/2R1KB1R b K - 1 9
placement_bundle,43,24,0.648,-1.130,1.778,12,4k1nr/p3n1Bp/1pqrb3/5p2/4p2P/Pp5B/1Q2PP1P/2R1K2R b K - 2 22
placement_bundle,50,26,-0.636,1.140,-1.776,11,2krr3/5pp1/1pp1p2p/p2pPq1P/P2P4/B1PbP3/1P1Q2P1/R5KR w - - 1 26
nmp_lightning,54,25,-0.675,1.100,-1.775,9,r2r2k1/2q4p/b1p1p1p1/p1ppPpR1/P2P1P2/1P2PB2/3Q3P/2R4K w - - 0 28
placement_bundle,23,30,0.795,-0.980,1.775,10,r1b1kb1r/1p1nqp2/5n1p/2pp2p1/p1PP4/PP1B1N1P/3N1PP1/R1BQ1K1R b kq - 0 12
placement_bundle,33,24,0.954,-0.820,1.774,11,1r4nr/ppNk2pp/1b2p3/3pP1N1/3n4/4B3/PP3PPP/2R1K2R b K - 10 17
placement_bundle,24,28,-0.584,1.190,-1.774,11,r2qk2r/p2p1p2/1pn1pn1p/2b5/2P3p1/2N3P1/PP1QPPNP/R1B2RK1 w kq - 1 13
placement_bundle,51,19,0.843,-0.930,1.773,13,1k1r3r/1pp3pp/p7/2NR1p2/5PB1/P3B3/1P4PP/7K b - - 0 26
placement_bundle,21,32,0.652,-1.120,1.772,11,r3k2r/pbq2pbp/1pnppnp1/1Np3B1/Q1P1P3/P2P1N1P/1P3PP1/R3KB1R b KQkq - 6 11
placement_bundle,37,29,0.752,-1.020,1.772,9,1nr2k1r/pp4p1/1qbbp3/5p1p/1pPpPP1P/P2P1BP1/1BQ1N3/R4K1R b - - 1 19
placement_bundle,54,21,-0.751,1.020,-1.771,9,r1q1r1k1/5pp1/p1P1p2p/2NnN3/3PQ2P/4P3/5PP1/R5K1 w - - 8 28
placement_bundle,34,26,-0.668,1.100,-1.768,10,r4k1r/ppqn1p1p/4p1pP/n2p4/Q2P4/2P1PN2/1p1N1PP1/1R2K2R w K - 2 18
placement_bundle,34,28,-0.648,1.120,-1.768,10,r2k1b1r/pp1n2p1/2p1bpB1/4p3/1qP3Pp/1QN1B2P/PP2PP2/R3K2R w KQ - 1 18
away_lightning,98,16,-0.917,0.850,-1.767,10,6k1/8/p4p1p/P3rPp1/3q2P1/3b1BP1/3QR2K/8 w - - 5 50
placement_bundle,46,25,-0.796,0.970,-1.766,11,1r2k1r1/3qp1b1/3ppnp1/1Ppn2p1/2B5/P1N1P2P/Q2B1P2/R3K1R1 w Q - 0 24
placement_bundle,32,30,-0.675,1.090,-1.765,11,2r1k2r/pp1bqp2/2n1p1pp/2bpP3/3p1P2/P2B3P/1PPP1QP1/R1BNR1K1 w k - 1 17
placement_bundle,29,29,0.675,-1.090,1.765,9,r1n1kb1r/1pQ2pp1/p1b1p2p/P2qP2P/3n1B2/2NP1N2/1P2BPP1/R3K2R b KQkq - 2 15
placement_bundle,23,28,0.653,-1.110,1.763,12,r2q1rk1/1pp1bppp/2n1B3/p3p3/P3p3/3PBN2/1PP2PPP/R2QR1K1 b - - 0 12
placement_bundle,33,30,0.773,-0.990,1.763,10,2r3k1/pbrnqppp/1p1bpn2/P2p4/2PP4/1PBBQNPP/3N1P2/R4RK1 b - - 0 17
placement_bundle,36,26,-0.623,1.140,-1.763,11,r3k1r1/1p3p1p/1qbpp1pP/p7/2PpP3/P2P4/1P2QPBP/1R3RK1 w - - 1 19
placement_bundle,24,28,0.873,-0.890,1.763,10,1nbqr1k1/1pp2ppp/r2p1n2/p7/2P2B1P/1QPP1NP1/P3P1B1/R2K3R w - - 5 13
hlmr_more1_lightning,19,31,0.552,-1.210,1.762,9,r2q1rk1/pppbbppp/4pn2/n7/2pP4/P1N1B1P1/1P1NPPBP/R2Q1RK1 b - - 0 10
placement_bundle,41,29,0.621,-1.140,1.761,9,r2r2k1/ppq1npb1/6pp/1BBpp3/4P1nP/Q1N2bP1/PP2NP2/3R1RK1 b - - 3 21
nmp_blitz,21,26,0.650,-1.110,1.760,11,rn1q1rk1/pp2ppbp/6p1/8/2BPP1b1/4BN2/P4PPP/R2QK2R b KQ - 2 11
placement_bundle,29,30,0.720,-1.040,1.760,11,r1br2k1/pp2qppp/1bp1pn2/3p2P1/P1P5/1P1QPN1P/1B1PNP2/R3K2R b KQ - 0 15
placement_bundle,62,19,-0.590,1.170,-1.760,9,5k1B/8/n2q1pp1/p6p/1pP2Pb1/P3RB2/5P1P/R5K1 w - - 2 32
placement_bundle,38,29,0.709,-1.050,1.759,9,2kr1n2/ppq2pb1/2p3p1/3pNbNr/3Pn2P/PP2P3/1B3PBP/2RQR1K1 w - - 4 20
placement_bundle,49,19,0.689,-1.070,1.759,12,2B1kr2/1p4b1/2p4p/8/1p1r1pPp/5P2/PP2RP2/2K4R b - - 1 25
hlmr_more1_lightning,27,30,0.608,-1.150,1.758,9,r3r1k1/1ppbqppp/p1np1n2/P3p3/1PB1P3/NQPPPN1P/6P1/R2K3R b - - 2 14
placement_bundle,52,18,1.007,-0.750,1.757,13,1k5r/1pp3pp/p7/2Nr1p2/5PB1/P3B3/1P4PP/7K w - - 0 27
placement_bundle,48,25,-0.776,0.980,-1.756,9,3b1k1r/1B3pp1/1p1Pbn2/p1r4p/3Qp2B/2N5/Pq3PPP/2R1R1K1 w - - 2 25
placement_bundle,17,32,-0.606,1.150,-1.756,11,1r2k1nr/1pp2ppp/p1nbpq2/3p1b2/3P3N/1QP3PP/PP1NPPB1/R1B1K2R b KQk - 4 9
placement_bundle,26,31,-0.605,1.150,-1.755,8,r1bqk1nr/pp2n3/2pp3p/3Pbp1N/2P1p2p/P1N3P1/1PQ1PP2/R1B1KB1R w KQkq - 0 14
placement_bundle,41,31,0.533,-1.220,1.753,10,r1bbr1k1/1p1n2p1/q3p2p/pN1pNp1P/P2pnB2/6P1/1PP1PPB1/R2Q1K1R b - - 1 21
placement_bundle,29,30,0.552,-1.200,1.752,10,rn2nrk1/pbpq3p/1p2pb1B/1N3p2/2PP2p1/3B4/PP1N1PPP/R2Q1RK1 b - - 3 15
placement_bundle,31,27,0.611,-1.140,1.751,9,r2qkb1r/1pp2pp1/4b3/1P2Nn1p/4N3/Pn1PP1P1/RB2Q2P/4KB1R b Kkq - 2 16
placement_bundle,86,18,-0.509,1.240,-1.749,12,8/2n5/3N1kp1/p1P1rp1p/P3p2P/2R1P1P1/1r6/3R1K2 w - - 3 44
away_blitz,24,28,-0.665,1.080,-1.745,10,rnb1qrk1/Bp3ppp/8/1Nb1p3/Q1p3n1/2N3P1/PP2PPBP/R4RK1 w - - 3 13
placement_bundle,59,24,0.583,-1.160,1.743,11,r5k1/ppnnq2p/3p2p1/1PpPp3/1PP1P3/4NBP1/3Q3P/3R2K1 b - - 2 30
placement_bundle,30,31,-0.553,1.190,-1.743,10,2b1k2r/3q1pp1/1P1bpn1p/rNpp4/pn4PP/N1QPP3/1PP1BP2/R1B1K2R w KQk - 3 16
placement_bundle,81,16,0.573,-1.170,1.743,12,b5k1/2q1r3/7p/2N1p3/2P1Pp2/1P3P2/5Q1P/3BK3 b - - 1 41
placement_bundle,30,30,-0.642,1.100,-1.742,9,1k1rr3/p4ppp/Ppn1pn2/1Np2q1b/2P2b2/1Q3N1P/1P1PBPP1/R1B1R1K1 w - - 2 16
placement_bundle,37,25,0.662,-1.080,1.742,9,r5k1/pb3pbp/1p1Nr1p1/4n3/q1P2QP1/P1B4P/1P3P2/2KR1BR1 b - - 0 19
placement_bundle,93,14,0.842,-0.900,1.742,14,3k4/1R6/2Rp4/3Pp3/PP4pP/8/1r3r1P/6K1 b - - 4 47
nmp_lightning,49,23,0.579,-1.160,1.739,11,r2q2k1/2p2p1p/1p4pb/p2bP3/P3NPn1/3Q2P1/1P2B3/R1B3K1 b - - 5 25
placement_bundle,38,30,-0.888,0.850,-1.738,10,3rr1k1/1p2qppp/3b1n2/1bp1n1N1/3pP3/pP1P2P1/P1QB1PBP/R1N1R1K1 w - - 3 20
placement_bundle,41,22,0.547,-1.190,1.737,12,1r2r1k1/p1p2p1p/p5p1/n2p2N1/3P3R/P1P1P1P1/5PP1/2R2K2 b - - 1 21
placement_bundle,35,23,0.557,-1.180,1.737,9,2r1kb1r/N4pp1/1p2p2p/6q1/1n1QB3/6P1/PP2PP1P/R3K2R b KQk - 0 18
placement_bundle,40,22,0.577,-1.160,1.737,12,r3k2r/pnP3bp/1p3pp1/8/5B1P/P1P3P1/1P1KPP2/R6R w kq - 0 21
hlmr_more1_lightning,52,15,0.846,-0.890,1.736,13,2k2r2/2p3p1/p7/2p3Bp/3n4/1N6/P2N2PP/6K1 w - - 2 27
hlmr_more1_lightning,42,27,-0.525,1.210,-1.735,11,r3k2r/p1p1npp1/1pbpp2p/1q6/1N1PPP2/2P3P1/P2Q2BP/R4RK1 w kq - 1 22
placement_bundle,88,16,-0.715,1.020,-1.735,11,8/3b1k2/4p1p1/5p1r/P4Q2/1P5p/5PqP/1BR2K2 w - - 0 45
placement_bundle,33,26,0.933,-0.800,1.733,10,r4rk1/pp1q1pbp/4p1b1/1B1pP3/3PP1n1/P1N5/1PQ3P1/R1B1K2R b KQ - 2 17
placement_bundle,57,18,0.663,-1.070,1.733,11,5r2/pp1b2bk/4p3/7p/2Nn4/6BP/PP3P2/2RK3R b - - 4 29
placement_bundle,30,28,-0.933,0.800,-1.733,8,r2qk2r/5pbp/Pnbpp1p1/2p5/2Q1N3/3P2P1/PP2PPBP/1RB1K2R w Kkq - 3 16
placement_bundle,27,26,0.603,-1.130,1.733,10,rn2kb2/1pq2prQ/3Pp1p1/2P1P3/1p2nP2/4B3/P5PP/RN2K1NR b KQq - 0 14
placement_bundle,38,25,0.563,-1.170,1.733,9,r3k2r/1b3p1p/pp1pp1p1/2q4n/3NP3/1Q1B1PPP/PP6/3R1KR1 w kq - 0 20
placement_bundle,47,22,-0.852,0.880,-1.732,12,2rr2k1/3b1ppp/1p2p3/p7/2p1P1n1/P1N2N2/1PPB2K1/R2R4 b - - 2 24
placement_bundle,43,30,0.631,-1.100,1.731,10,r1bbr1k1/1p1n2p1/1q2p2p/pN1pNp1P/P2pBB2/6P1/1PP1PP2/R2Q1K1R b - - 0 22
hlmr_more1_lightning,42,23,-0.891,0.840,-1.731,9,r4r1k/1pq2p1p/p3pp2/1B4bQ/1n1P4/2N3P1/PP3P2/R4R1K w - - 0 22
away_lightning,63,21,0.690,-1.040,1.730,9,5k2/2p1n2p/1p1q1nr1/3Ppp2/2Q1P3/2P2PPP/P5R1/2K1R3 b - - 2 32
away_lightning,23,32,0.759,-0.970,1.729,8,r1br2k1/1pp1qpbp/p1n1pnp1/3p4/2PP4/1QNBPN2/PP1B1PPP/4RRK1 b - - 3 12
placement_bundle,43,23,-0.738,0.990,-1.728,12,1qr2rk1/3p1p1p/p3pnpP/2p3B1/2P1P3/1PN2N2/P3Q3/R4K2 b - - 4 22
hlmr_more1_lightning,55,25,0.907,-0.820,1.727,9,2r1k1r1/1p1n1p2/1qn1p3/p2pP3/P2N1B2/bPPR1NP1/6P1/1R1Q2K1 b - - 2 28
placement_bundle,23,28,-0.884,0.840,-1.724,10,rn3rk1/1pp3pp/p1q1b3/2b1pp2/3P4/2N1P2P/PP2BPP1/R1BQ1RK1 b - - 0 12
ship_lightning,40,24,-0.754,0.970,-1.724,8,r1b1k2r/1p3p2/1qn1p3/PN5p/1P4np/7R/2p1QPP1/R3KBN1 w Qkq - 0 21
placement_bundle,82,15,-0.513,1.210,-1.723,14,5k2/5p1p/3rp1p1/P7/Rp6/2b3P1/5P1P/4R1K1 w - - 2 42
placement_bundle,13,30,0.602,-1.120,1.722,11,r1bqkb1r/1ppn1ppp/p3pn2/8/P1Q1P3/2N2N2/1P1P1PPP/R1B1KB1R b KQkq - 0 7
placement_bundle,16,32,-0.670,1.050,-1.720,10,rn2kb1r/p3ppp1/1ppp3p/q2n1b2/3P4/1QP1BNP1/PP2PP1P/RN2KB1R w KQkq - 2 9
placement_bundle,43,25,0.647,-1.070,1.717,11,b1r1r1k1/3nqp2/1p4pp/p1N1p3/P1P5/3BP1B1/2Q2PPP/R1R3K1 b - - 0 22
stack_lightning,50,26,0.677,-1.040,1.717,9,3qrrk1/1p1n2bp/2p3p1/p2pP3/P1PP1n2/1P2BN2/N6P/1R2RQK1 w - - 2 26
placement_bundle,51,20,0.606,-1.110,1.716,11,Q5kr/4bpp1/2p1b2p/4p3/7P/P1NP2P1/2q2P2/2B1R1K1 b - - 3 26
placement_bundle,27,32,0.575,-1.140,1.715,10,2rr2kb/pp2pp1p/n4np1/PqppNb2/5B1P/1NPP1BP1/1PQ1PP2/R3K2R b KQ - 4 14
ship_lightning,30,28,-0.804,0.910,-1.714,9,r4rk1/1pq2ppp/p1nb1n2/1Q2pb2/8/2N1B1P1/PPN1PPBP/2RR2K1 w - - 0 16
placement_bundle,32,30,-0.723,0.990,-1.713,10,r1r3k1/4bppp/1pbp4/q1n1p2n/p1P1P3/P1N1BP1P/1P2NQP1/3RKB1R w K - 0 17
placement_bundle,47,24,0.563,-1.150,1.713,12,r4rk1/p2q3p/3bp1p1/n4p2/pN1P1P2/2P1P2Q/6PP/RR2B1K1 b - - 3 24
placement_bundle,59,18,-0.892,0.820,-1.712,10,4k1r1/pQ2pp2/3pb2p/1P6/2r2q2/8/1R1RBNP1/6K1 b - - 0 30
placement_bundle,16,29,-0.641,1.070,-1.711,9,r1bqkbnr/1p3ppp/2n5/p2p4/1P1p4/P5P1/2P1NPBP/RNBQK2R w KQkq - 0 9
placement_bundle,18,28,-0.571,1.140,-1.711,11,r2qk1nr/1p3ppp/p1n1b3/2b5/2Pp4/P2P1N2/4QPPP/RNB1KB1R w KQkq - 0 10
placement_bundle,31,26,0.639,-1.070,1.709,11,3rk2r/1bp2ppp/p3pn2/qp6/3P4/PB2P3/1PQ2PPP/2R2KNR b k - 3 16
placement_bundle,19,32,0.607,-1.100,1.707,10,r1bqk2r/1p2npb1/2np2pp/pQp1p3/P1P4P/2NP1NP1/1P2PPB1/R1B1K2R b KQkq - 2 10
placement_bundle,15,30,0.866,-0.840,1.706,10,rnbqk2r/p3ppbp/5np1/1pQp4/8/2N2NP1/PP1PPP1P/R1B1KB1R b KQkq - 1 8
placement_bundle,52,23,-0.726,0.980,-1.706,11,r1r3k1/1QB2p2/2p1p1p1/p2p2p1/P1nPn3/2P1P2P/2P2P2/1R4K1 w - - 0 27
placement_bundle,62,18,-0.926,0.780,-1.706,12,8/1p3kp1/3r1p2/p1pP1br1/P1P4R/2P4P/5KB1/4R3 w - - 3 32
placement_bundle,26,28,-0.905,0.800,-1.705,11,r3k1nr/1b1p1ppp/1p2pb2/1p2q3/2PpP3/P2Q2P1/5PBP/RNBR2K1 w kq - 0 14
placement_bundle,53,22,0.634,-1.070,1.704,10,r4k2/3b1p2/1p4pb/p2pn1N1/1n5P/1P2P1R1/1P1N1P2/RB3K2 b - - 1 27
placement_bundle,13,30,0.764,-0.940,1.704,10,rnbqkb1r/ppp2pp1/1n5p/4p3/8/2N1P1P1/PP1P1PBP/1RBQK1NR b Kkq - 0 7
placement_bundle,77,17,0.743,-0.960,1.703,13,2r1r3/8/2n1k2p/2Pp1p2/3PpP2/P1B4P/4R1K1/3R4 b - - 4 39
placement_bundle,31,30,0.620,-1.080,1.700,10,r3k2r/1p3pb1/1q2pn1p/1b1pB1p1/pn1P4/2N2NPP/PP1QPPB1/1K1R3R b kq - 5 16
placement_bundle,37,24,0.707,-0.990,1.697,12,2r1kb1r/4p1pp/n3bp2/N1n5/2PB2P1/1PN4P/P3PP2/3RK1R1 b k - 0 19
placement_bundle,17,32,0.777,-0.920,1.697,10,r1bq1rk1/p1p1bppp/1p2pn2/3p4/1nPP1B2/1QN2NP1/PP2PP1P/3RKB1R b K - 1 9
away_blitz,17,29,-0.524,1.170,-1.694,10,r1b1k2r/pp1pppbp/2n2np1/1N6/2P5/2N1B1P1/Pq2PPBP/R2QK2R b KQkq - 1 9
placement_bundle,104,14,0.774,-0.920,1.694,12,4n3/1B3pk1/P6p/5R2/3P2p1/3R2P1/rr6/6K1 w - - 3 53
placement_bundle,40,25,0.534,-1.160,1.694,11,r4rk1/4bppp/2b5/pp2P3/q1p5/P3BP2/1PPQ2PP/2KR1B1R w - - 3 21
placement_bundle,44,25,0.794,-0.900,1.694,11,2r1k1r1/1p3pb1/1q2pn2/3PBp1p/3P3P/p4PP1/PP1NQ3/K3R1R1 w - - 0 23
placement_bundle,42,25,0.933,-0.760,1.693,9,1r3rkb/1B2qp2/1Q4pp/p1N1p3/2PnN3/P2P2P1/4bP1P/1R2K2R w K - 0 22
placement_bundle,42,29,-0.673,1.020,-1.693,10,r1b1kb1r/1p1q1p2/p3p1p1/2pnP2p/P2p3R/3P1NPP/1P1BQPB1/2R3K1 w kq - 2 22
hlmr_more1_lightning,12,32,-0.642,1.050,-1.692,8,r1bqk2r/ppp2ppp/2n2n2/2bpp1N1/2B1P3/2PP4/PP3PPP/RNBQK2R w KQkq - 0 7
hlmr_more1_lightning,24,26,-0.732,0.960,-1.692,10,r3k2r/pb3ppp/2n1pn2/3p4/1P3P2/P1P1qN2/5PPP/RN2KB1R w KQkq - 0 13
placement_bundle,36,25,0.512,-1.180,1.692,11,1r3rk1/2pq2pp/Q1p1pb2/2Pp4/1P1Pb1R1/P3PN2/5P1P/R1B1K3 w Q - 1 19
placement_bundle,23,32,0.780,-0.910,1.690,11,r2qk1nr/1bpn2b1/pp2p2p/3p1p1P/P2P2p1/2PBP1B1/1P1N1PP1/RN1Q1K1R b kq - 0 12
away_lightning,55,22,0.689,-1.000,1.689,11,3q1k1r/p1p1n2p/QB3n2/3Ppp2/4P3/2P2PP1/P5RP/R3K3 b Q - 0 28
placement_bundle,25,32,0.718,-0.970,1.688,9,r4rk1/1pbbqppp/n1p1pn2/p1Pp4/3P3P/PN1BPNP1/1PQ2P2/R1B2K1R b - - 6 13
placement_bundle,37,27,-0.587,1.100,-1.687,10,r1nr2kq/3b1p1p/np4p1/p1pPP3/P4PP1/1Q1P3P/1P3BB1/R3K2R b KQ - 2 19
placement_bundle,48,28,-0.767,0.920,-1.687,10,r1b1k2r/3q1p2/pp2p1p1/2pnb2p/P2pN2R/1P1P2PP/3BQPB1/2R3K1 w kq - 0 25
placement_bundle,18,32,-0.677,1.010,-1.687,10,rnb1kbnr/1p5p/p1qppp2/2p5/N2P2pN/2P3B1/PP2PPPP/R2QKB1R w KQkq - 0 10
placement_bundle,88,27,-0.707,0.980,-1.687,13,4rrk1/4qp1p/1p1pb1n1/p1p1pB1Q/P1P1P3/1PNPRNP1/5P1n/5K2 w - - 0 45
placement_bundle,16,32,-0.575,1.110,-1.685,10,r3k2r/pp2ppbp/1qn1bnp1/2pp4/P7/1NPP1NP1/1P2PPBP/R1BQK2R w KQkq - 7 9
placement_bundle,13,32,0.774,-0.910,1.684,10,r2qkb1r/pp1b1ppp/n1pp1n2/3Pp3/2P5/2N1BN2/PPQ1PPPP/R3KB1R b KQkq - 2 7
jun6_blitz,17,29,-0.524,1.160,-1.684,10,r1b1k2r/pp1pppbp/2n2np1/1N6/2P5/2N1B1P1/Pq2PPBP/R2QK2R b KQkq - 1 9
placement_bundle,32,21,-0.871,0.810,-1.681,11,r3k2r/pR1p1pbp/4p1p1/2P5/8/4PN1P/P1PBKPP1/8 w kq - 1 17
placement_bundle,61,19,0.780,-0.900,1.680,13,2r2q1k/1p1b4/p6p/3BNpp1/3P4/2P3P1/PP6/3RR1K1 b - - 2 31
placement_bundle,73,16,0.550,-1.130,1.680,13,8/p4k1p/2p1np2/P2p4/3P1PR1/r1B1P1P1/3K4/8 b - - 0 37
placement_bundle,16,30,-0.779,0.900,-1.679,11,rnb1k2r/p3ppbp/2p2np1/3q4/Np6/5NP1/PP1PPP1P/R1BQKB1R w KQkq - 0 9
away_lightning,56,21,0.658,-1.020,1.678,11,3q1k1r/2p1n2p/Qp3n2/3Ppp2/4P3/2P2PP1/P5RP/R3K3 w Q - 0 29
placement_bundle,93,18,0.657,-1.020,1.677,13,4k2r/R4p2/3p1b2/p2PrPpp/2P5/8/6PP/1B1R3K b - - 3 47
placement_bundle,31,30,0.665,-1.010,1.675,11,3rkb1r/1bq2pp1/p1n1pn1p/1pp5/4NP2/PPNBP3/1BQP2PP/R3K2R b KQk - 1 16
placement_bundle,16,28,-0.882,0.790,-1.672,11,r1b1k2r/pp1pbppp/1qn2n2/8/2PN4/8/PP2BPPP/RNBQK2R w KQkq - 1 9
placement_bundle,20,30,-0.542,1.130,-1.672,11,r1bq1rk1/p4p1p/1pnb1np1/2pp4/8/1PN1PNP1/PB1P1PBP/R2Q1RK1 w - - 2 11
placement_bundle,24,27,0.511,-1.160,1.671,11,r2qk2r/pb2bppp/3pnn2/8/2P5/2N1P2P/PP3QP1/R1B1KBNR w KQkq - 0 13
placement_bundle,18,29,-0.520,1.150,-1.670,11,r2qkb1r/ppp1pppp/6b1/8/1n2P3/2N2NP1/PPn2PBP/R1BQ1RK1 w kq - 2 10
placement_bundle,21,29,0.870,-0.800,1.670,11,r2qk2r/pp2bppp/2n2n2/1Bp1N3/3P2b1/1PN3P1/P1QP1P1P/R1B1K2R b KQkq - 2 11
placement_bundle,24,27,0.590,-1.080,1.670,11,r2q1rk1/1pp1bppp/2n1B3/p3p3/P7/3PBp2/1PP2PPP/R2QR1K1 w - - 0 13
placement_bundle,39,28,0.668,-1.000,1.668,10,r1r3k1/1q1nbp1p/1p2pnpP/p1p5/3PNBP1/P1N1PP2/1PQ5/3RK2R b K - 1 20
placement_bundle,25,30,0.848,-0.820,1.668,9,r1b1k2r/1p1nqpb1/5n1p/2pp2p1/p1PP4/PP1B1N1P/1B1N1PP1/R2Q1K1R b kq - 2 13
jun6_standard,42,24,-0.667,1.000,-1.667,11,4r1k1/pp3p2/q4bp1/2p1p3/1nr1P3/P1N1Q3/1P1R1PPP/1BK4R w - - 2 22
away_lightning,108,14,0.756,-0.910,1.666,14,8/1pR5/5kpp/1P1p1r2/P3p3/1P4P1/7P/6K1 w - - 1 55
placement_bundle,21,32,0.515,-1.150,1.665,8,r1bq1rk1/pp3pp1/2pbpn1p/2np4/N1P3P1/1P1BPN1P/PBQP1P2/R3K2R b KQ - 1 11
placement_bundle,19,28,-0.515,1.150,-1.665,11,r2qk1nr/1p3ppp/p1n1b3/2b3N1/2Pp4/P2P4/4QPPP/RNB1KB1R b KQkq - 1 10
placement_bundle,30,29,-0.565,1.100,-1.665,11,r3kb1r/5ppp/p2p4/1ppPp3/1n1PP3/qP3b2/P2BBPPP/R2QK2R w KQkq - 0 16
stack_lightning,20,32,0.745,-0.920,1.665,11,r1br2k1/ppp1qpbp/2n1pnp1/1N1p4/2PP4/1Q1BPN2/PP1B1PPP/R4K1R w - - 8 11
placement_bundle,73,21,0.863,-0.800,1.663,11,2r5/7k/1pb3pp/p1q1p3/P1P1Pr2/3BR1Q1/5PPP/2R3K1 b - - 4 37
placement_bundle,67,23,0.663,-1.000,1.663,11,r5k1/3b2p1/7p/p1NpprbP/P7/2B1p1P1/1PP1PP1R/R4K2 b - - 1 34
placement_bundle,37,24,0.640,-1.020,1.660,12,2rk3r/1p3ppp/p3bnn1/N3p3/4P3/P1P2P2/3BB1PP/R3K2R b KQ - 3 19
stack_lightning,52,26,0.750,-0.910,1.660,8,3qr1k1/1p1n2bp/2p3p1/p2pPr2/P1PP1n2/1P2BN2/N6P/1R2RQ1K w - - 4 27
hlmr_more1_lightning,47,19,0.715,-0.940,1.655,11,3r4/r4kpp/1p2bn2/4RP2/8/P1P2P2/1P1N2PP/R5K1 b - - 0 24
placement_bundle,19,32,0.584,-1.070,1.654,10,rnb1k2r/1p2ppb1/q1pp1npp/p7/N1PP1B2/1Q3NPP/PP2PPB1/R3K2R b KQkq - 5 10
placement_bundle,34,30,-0.573,1.080,-1.653,10,r1r3k1/4bppp/1pbp1n2/q1n1p3/p1P1P1P1/P1N1BP1P/1P2NQ2/3RKB1R w K - 1 18
placement_bundle,70,17,-0.802,0.850,-1.652,11,8/p1r5/2pkp1p1/R2p3p/4PP2/3PKP2/P5R1/4r3 w - - 6 36
hlmr_more1_lightning,21,29,-0.860,0.790,-1.650,10,r1bq1rk1/ppp1ppbp/6p1/n2N2N1/1P2p3/8/P1P1BPPP/R1BQ1RK1 b - - 0 11
placement_bundle,22,31,-0.710,0.940,-1.650,11,2kr3r/pp2bppp/2pp1n2/q1n5/P1PpP1b1/R2B1N2/1PQN1PPP/2B2RK1 w - - 7 12
placement_bundle,41,21,-0.609,1.040,-1.649,14,2kr3r/pp3ppp/2p2n2/4p1B1/8/PQ3PP1/5P1P/b4K1R b - - 3 21
placement_bundle,91,14,0.538,-1.110,1.648,11,8/5pk1/5np1/r3pP2/4P1Pp/5B1P/3RK3/8 b - - 0 46
timed_probe,36,25,-0.698,0.950,-1.648,9,3rr1k1/ppq3p1/2n1Pp1p/7n/1b2Q3/2NBP3/PP3PPP/2RK3R w - - 3 19
hlmr_more1_lightning,47,16,0.647,-1.000,1.647,13,2k2r2/2p1n1p1/pp6/2P4p/8/4B3/P2N2PP/N5K1 b - - 0 24
away_lightning,30,28,-0.766,0.880,-1.646,9,2r1kb1r/ppq2pp1/P1n1p3/1B1pPn1p/3P4/2N2P2/1P3P1P/R1BQ1K1R w k - 1 16
placement_bundle,15,30,0.895,-0.750,1.645,10,r1bqkbnr/1p2pppp/p1n5/8/3pPB2/1Q1P1N2/PP2BPPP/RN2K2R b KQkq - 3 8
placement_bundle,87,15,-0.594,1.050,-1.644,14,5k2/7p/r3p1p1/P4p2/Rp3P2/2b3P1/6KP/1R6 b - - 0 44
placement_bundle,21,31,-0.574,1.070,-1.644,10,r1b2rk1/pp1n2bp/PQ1p1np1/2p1pp2/2PP4/2N1P1P1/1P3PBP/R1B1K1NR b KQ - 0 11
stack_lightning,26,27,0.584,-1.060,1.644,9,1r1qkb1r/N2b1ppp/2pp1n2/4p3/2B1P3/3Q1P2/PPPB2PP/R3K2R w KQk - 1 14
nmp_standard,23,26,0.711,-0.930,1.641,12,r2q1rk1/pp2ppbp/2n3p1/4P3/2BP2b1/4BN2/P4PPP/R2QK2R b KQ - 0 12
hlmr_more1_lightning,23,32,0.550,-1.090,1.640,9,r1bq1rk1/1pp1b1pp/2n1p3/p2p1p2/3PnB2/P1NQ1NP1/1PP1PPBP/R4RK1 b - - 2 12
placement_bundle,34,27,-0.750,0.890,-1.640,12,r1n2rkq/3b1p1p/np4p1/p1pP4/P3PPP1/1Q1PB2P/1P4B1/R3K2R w KQ - 1 18
placement_bundle,65,19,-0.739,0.900,-1.639,11,rk1r4/1p1b3R/pb1p2N1/3B1p2/2P3pP/1P5P/6K1/5R2 b - - 4 33
placement_bundle,49,22,-0.818,0.820,-1.638,11,3k1r1r/1pq5/nNp1p1p1/4p3/4P1pB/3P4/PQP3PK/R4R2 b - - 1 25
placement_bundle,74,16,0.818,-0.820,1.638,12,Q1r3k1/5r2/7p/P1p2qp1/2N5/3PR1PP/5P2/6K1 w - - 3 38
placement_bundle,18,29,-0.838,0.800,-1.638,9,rn1qk2r/pp3ppp/2pp4/5b2/1b1Pn3/4BN2/PP2BPPP/RN1Q1RK1 w kq - 3 10
placement_bundle,15,30,0.587,-1.050,1.637,10,r1bqk2r/1ppn1ppp/p2bpn2/8/P1Q1P2P/2N2N2/1P1P1PP1/R1B1KB1R b KQkq - 0 8
placement_bundle,76,18,0.515,-1.120,1.635,12,b5k1/2q1r3/7p/2N1ppp1/2PQP3/1P3PP1/7P/3BK3 w - - 0 39
hlmr_more1_lightning,36,23,-0.852,0.780,-1.632,9,1r3k1r/p1pb1p2/3p1q2/6p1/2B1Q3/b1N3P1/PPP3PP/2KR3R w - - 2 19
jun6_blitz,20,28,0.742,-0.890,1.632,12,r1bqkb1r/4nppp/p2p4/1p1Pp3/8/2N1BN2/PPP2PPP/R2QK2R w KQkq - 1 11
placement_bundle,62,24,-0.762,0.870,-1.632,12,2rqr1k1/5p1p/p1P3p1/2QPn3/4n3/4PpPP/P2P1P2/B1RR2K1 w - - 4 32
placement_bundle,43,26,0.861,-0.770,1.631,11,r1b2k1r/3p1p2/p3pn2/1p2q3/3NP1pp/2PB3P/PP2QPP1/R3R1K1 b - - 0 22
placement_bundle,28,30,-0.701,0.930,-1.631,10,r2qk2r/ppp2pp1/n1n1p3/7p/1b1pQBPP/3PP3/PPP2PB1/R3K1NR w KQkq - 1 15
placement_bundle,78,17,-0.750,0.880,-1.630,13,8/1rb1k3/1p4p1/2p2p2/2Pp4/r2P1N2/PR2PK2/6R1 w - - 2 40
placement_bundle,56,23,-0.750,0.880,-1.630,11,1r2k3/3qp1b1/3ppn2/1Ppn2pr/8/P1N1P3/Q2B1P2/2R1KBR1 w - - 4 29
placement_bundle,60,17,0.769,-0.860,1.629,13,1k6/2p4p/p2r2p1/2N2p2/5P2/P4B2/1P4PP/4r1BK w - - 0 31
placement_bundle,24,30,0.778,-0.850,1.628,9,r1b1k2r/1p1nqpb1/5n1p/2pp2p1/p1PP4/PP1B1N1P/3N1PP1/R1BQ1K1R w kq - 1 13
placement_bundle,29,30,0.507,-1.120,1.627,10,2rqk2r/pp2p1bp/4b1p1/2Pp1p1n/P1nB2P1/1NP1PN1P/5P2/R1Q1KB1R b KQk - 0 15
placement_bundle,37,27,0.757,-0.870,1.627,9,5rk1/2p2ppp/p1qb2n1/1rN1pb2/3P4/BPQ2N2/P1P2PPP/R3R1K1 b - - 0 19
placement_bundle,14,29,-0.816,0.810,-1.626,10,rnb1kb1r/pp2qppp/5n2/2pP4/2p5/2N5/PP3PPP/R1BQKBNR w KQkq - 1 8
placement_bundle,28,32,-0.686,0.940,-1.626,10,r4rk1/pb1n1pb1/3ppqpp/P1pP3n/1pP5/1N2B1P1/1PQ1PPBP/RN2K2R w KQ - 1 15
placement_bundle,33,30,0.675,-0.950,1.625,8,1k1r3r/1p1nbpp1/2n3q1/pQpp1b1p/N6P/P2PPNP1/1P1B1P2/2R1KB1R b K - 0 17
placement_bundle,54,26,-0.644,0.980,-1.624,11,3r1rk1/p6p/1np2pp1/2pbp3/PqN1PQPP/1P1P4/2PN4/2K2R1R w - - 0 28
placement_bundle,44,29,-0.552,1.070,-1.622,9,r1b1kb1r/3q1p2/pp2p1p1/2pnP1Np/P2p3R/3P2PP/1P1BQPB1/2R3K1 w kq - 0 23
placement_bundle,37,23,0.501,-1.120,1.621,10,3qkb1r/5ppp/3p1n2/p2Pp3/1r6/2Q2B1N/R1P2PPP/4R1K1 b k - 1 19
nmp_lightning,44,23,-0.860,0.760,-1.620,9,r1br2k1/1p1nqpb1/pQ2p1p1/8/3NBB2/6P1/PP3P2/3RR1K1 w - - 7 23
placement_bundle,17,29,0.650,-0.970,1.620,9,r3k2r/pp3ppp/1qn2n2/2b1p3/6b1/2N1PNP1/PPQP1PBP/R1B1K2R b KQkq - 4 9
placement_bundle,38,23,-0.559,1.060,-1.619,11,2k3rr/1pq2p1p/2p1p3/p4p2/P1PP4/4Q3/1P2BPPn/3RK2R w K - 4 20
placement_bundle,25,32,0.866,-0.750,1.616,10,r1bqkb1r/1pn4p/2ppppp1/p2n4/P2PNB2/1QP1PNP1/1P2BP1P/R3K1R1 b Qkq - 5 13
placement_bundle,63,21,0.694,-0.920,1.614,11,4k3/r1p1nppr/1b6/4PnP1/pP6/B1N2N2/p4P2/R2R2K1 b - - 0 32
placement_bundle,37,27,0.843,-0.770,1.613,10,r4r2/1pnqNkb1/5n1p/p2p2p1/2P1p3/B2BP2P/P2PQPP1/R4RK1 b - - 0 19
placement_bundle,44,24,0.503,-1.110,1.613,10,r4rk1/p2q3p/2nbp1p1/3N1p2/p2P1P2/2P1P2Q/3B2PP/RR4K1 w - - 0 23
placement_bundle,23,29,0.513,-1.100,1.613,9,rnb2rk1/ppp3p1/3b1q1p/3P1p2/3PpN2/2P2P2/PP2Q1PP/RNB1K2R b KQ - 0 12
placement_bundle,18,32,-0.663,0.950,-1.613,10,1r2k2r/1pp1nppp/p1nbpq2/3p1b2/3P3N/1QP3PP/PP1NPPB1/R1B1K2R w KQk - 5 10
placement_bundle,25,32,0.823,-0.790,1.613,10,r3k2r/1p2ppbp/pqnpbnp1/2p1P3/2P2B2/1PNP1NP1/P1Q2PBP/1R2K2R b Kkq - 0 13
placement_bundle,25,27,0.742,-0.870,1.612,11,1rbq1rk1/2pnpp1p/p5pb/3P4/Q1BP1P2/8/PP2N1PP/R1B2RK1 b - - 6 13
placement_bundle,70,22,-0.519,1.090,-1.609,12,5k1b/6r1/1p2r2p/pN1p1ppP/1n1P4/1P2PN2/1P3P2/R4K1R w - - 0 36
ship_lightning,31,26,0.609,-1.000,1.609,10,r3kb1r/6p1/q1pppn1p/p3p3/4P3/2N1B3/PPPQ1PPP/1R2R1K1 b kq - 3 16
jun6_blitz,62,22,-0.688,0.920,-1.608,13,2r1r1k1/1pq5/p2p2p1/3Ppp2/1PP4p/4R2P/P3QPP1/4R1K1 w - - 2 32
placement_bundle,36,25,0.578,-1.030,1.608,12,r4rk1/2p2ppp/p1N1q3/2p1P3/Pb2P1bP/6P1/1PQ2P2/R1B2K1R w - - 2 19
placement_bundle,39,25,0.678,-0.930,1.608,11,r3k2r/1p3p2/2n1pq1B/p2p1P2/3Pp1Qp/2P3P1/PP4BP/R4RK1 b kq - 0 20
placement_bundle,23,29,0.546,-1.060,1.606,9,1r1qk2r/p1pn1pp1/3bp3/3pNb2/Q2P2p1/2P5/PP1NPPPP/2KR1B1R b k - 1 12
placement_bundle,28,28,-0.525,1.080,-1.605,10,2r2rk1/pp1bbppp/3p1n2/2q3B1/2P5/PQNn1NP1/1P3PBP/R4RK1 w - - 1 15
placement_bundle,32,28,0.563,-1.040,1.603,9,r3k2r/1p1nn1pp/pq1b2b1/5p2/3P1N2/2BBPp2/PP3PPP/2RQR1K1 w kq - 6 17
placement_bundle,30,30,-0.672,0.930,-1.602,10,r3r1k1/1bqn1ppp/1p1b1n2/p1p1p1B1/2P5/2NP1NPB/PP2QP1P/2KR3R w - - 2 16
placement_bundle,19,29,0.832,-0.770,1.602,10,rnbq1rk1/pp4pp/2pb4/3P1pN1/3PpP2/2N5/PPP3PP/R1BQ1RK1 b - f3 0 10
placement_bundle,17,28,0.559,-1.040,1.599,10,r1bqk1nr/1p1nbppp/p3p3/8/2PN4/P4N2/4PPPP/R1BQKB1R b KQkq - 0 9
placement_bundle,37,25,0.529,-1.070,1.599,13,2b2rk1/r1Np1ppp/pp1Pp3/2n5/2P5/2P1R3/P3PPPP/4KB1R b K - 5 19
placement_bundle,21,28,0.539,-1.060,1.599,11,1rbq1k1r/pp3pbp/2p2p1n/3P2p1/2QP4/2N5/PPP3PP/R3KBNR b KQ - 1 11
placement_bundle,27,30,0.669,-0.930,1.599,10,2kr3r/1ppqbp2/p1n1bn1p/3pB1p1/3P4/2NB1N1P/PPPQ1PP1/3RR1K1 b - - 9 14
placement_bundle,20,28,-0.589,1.010,-1.599,11,r3k1nr/1p2qppp/p1n1b3/2b3N1/2Pp4/P2P4/4QPPP/RNB1KB1R w KQkq - 2 11
placement_bundle,18,30,-0.528,1.070,-1.598,10,rn1q1rk1/pppb2pp/4p3/2b1Pp2/5Pn1/3B1N2/PPP1Q1PP/RNB1K2R w KQ - 5 10
hlmr_more1_lightning,19,30,0.588,-1.010,1.598,10,r2qr1k1/ppp2ppp/2n1bn2/2p1p3/2B1P3/1QPP1N2/PP3PPP/R1B2RK1 b - - 1 10
placement_bundle,62,22,-0.778,0.820,-1.598,10,5r2/2k3p1/1pp2p2/rP2p1P1/Pnb1B2p/2N1P2P/4P3/2KR1R2 w - - 3 32
placement_bundle,54,22,0.818,-0.780,1.598,10,q4k2/N3pp2/Qn3bp1/2pn3r/3P2Rp/1PP5/P2B3P/R5K1 w - - 0 28
hlmr_more1_lightning,26,26,-0.737,0.860,-1.597,12,r3k1nr/5ppp/pqp1p1b1/3pP3/PP1N1B2/1P6/5PPP/R2QK2R w KQkq - 1 14
placement_bundle,50,22,-0.727,0.870,-1.597,11,1k6/ppp3pp/5bn1/q2rp2N/3pQ3/P2P1PP1/R6P/4R1K1 w - - 0 26
placement_bundle,36,26,0.827,-0.770,1.597,13,r2qk2r/pBp3bp/1p1P1pp1/n7/5B1P/P1P3P1/1P1NPP2/R3K2R w KQkq - 1 19
ship_blitz,19,28,0.567,-1.030,1.597,10,r1bq1rk1/pp2ppbp/2n3p1/2p5/2BPP3/2P1BN2/P4PPP/R2QK2R b KQ - 3 10
placement_bundle,29,27,0.635,-0.960,1.595,12,1r1q1rk1/1bp1pp1p/pn4pb/3P4/2BP1P2/1QN5/PP4PP/R1B2RK1 b - - 10 15
placement_bundle,29,30,0.564,-1.030,1.594,9,r3r1k1/1p2qpbp/1nppbnp1/p7/P1PP1B2/1PN1QB1P/4NPP1/R4K1R b - - 5 15
placement_bundle,64,15,-0.583,1.010,-1.593,12,2n2r2/p2R1pkp/1p6/1N3R2/r7/6P1/5PKP/8 w - - 8 33
away_lightning,59,21,0.752,-0.840,1.592,11,3q1kr1/2p1n2p/1p3n2/3Ppp2/2Q1P3/2P2PP1/P5RP/2KR4 b - - 3 30
placement_bundle,26,28,-0.822,0.770,-1.592,11,r2qkb1r/pp2pppp/6b1/2p1n3/3nPB2/2N3P1/PP3PBP/1R1Q1RK1 w kq - 0 14
placement_bundle,32,29,-0.742,0.850,-1.592,10,r3r1k1/pp3p1p/nqpb2p1/3p1b2/3Pn2N/P1NBB3/1PQ2PPP/R4RK1 w - - 0 17
placement_bundle,50,25,-0.811,0.780,-1.591,11,2r1rqk1/p7/3b1n1p/2p1pPp1/P2n3R/3P1NPP/1B1N1P2/2R1Q1K1 w - - 0 26
placement_bundle,13,32,0.821,-0.770,1.591,10,rn1qkb1r/pp2pp1p/5np1/2p1Nb2/3p4/1P1PPQ2/PBP2PPP/RN2KB1R b KQkq - 1 7
placement_bundle,33,23,0.650,-0.940,1.590,10,r3k2r/1p1b1p1p/6p1/p1n5/Pq1N4/3BP1P1/1P3P1P/R2Q1K1R b kq - 2 17
placement_bundle,23,32,0.620,-0.970,1.590,9,1r1qk2r/1p1b1pbp/p1np1np1/2p1p3/2P4N/PQNPB1P1/1P2PPBP/R3K2R b KQk - 7 12
placement_bundle,53,28,0.727,-0.860,1.587,10,1q1rr1k1/pp2nppp/5b2/2pnp3/2NPB3/PP2PQPP/1B3P2/3R1K1R b - - 0 27
placement_bundle,17,32,0.695,-0.890,1.585,11,r1bqk2r/1p2bpp1/p1n1pn1p/2pp4/2P2B2/1QNP1NP1/PP2PPBP/R4RK1 b kq - 3 9
away_lightning,70,14,-0.811,0.770,-1.581,12,8/pp1k3p/1bp5/5N1P/6P1/5P2/P1R4K/5r2 w - - 3 36
placement_bundle,23,32,0.611,-0.970,1.581,11,r1bqk2r/1p2npb1/2np2pp/p1p1p2P/P1P5/1QNP1NP1/1P2PPB1/R1B1K2R b KQk - 0 12
hlmr_more1_lightning,37,30,0.560,-1.020,1.580,9,q1r2rk1/1b1nbpp1/1pn1p2p/pB1pP3/3P1N1P/PN2BP2/1P1Q2P1/2R2K1R b - - 0 19
placement_bundle,49,23,0.580,-1.000,1.580,12,r1b3k1/1p4Pp/4nbq1/3B1p2/pP1P4/P4N2/3N1PP1/R1B2K1R b - - 0 25
placement_bundle,56,16,0.509,-1.070,1.579,12,3r1k2/5pp1/p1r5/1p2R2P/5P2/PB5P/1PP2K2/8 w - - 0 29
ship_standard,22,30,-0.529,1.050,-1.579,12,r1bq1rk1/pp4pp/4p3/2bp1p2/1nP1nB2/2N2NP1/PP1QPPBP/R4RK1 w - - 4 12
placement_bundle,61,18,0.807,-0.770,1.577,11,BQ2kb2/3bp3/2Np1p2/6pp/1P2P3/P6P/6PK/4q3 b - - 1 31
placement_bundle,60,15,-0.557,1.020,-1.577,10,8/pp3rk1/2p5/3rq3/P1B5/2N4R/1PP5/1K5R w - - 0 31
hlmr_more1_lightning,15,32,0.686,-0.890,1.576,10,r1bq1rk1/pppp1ppp/2n5/1Bb1p3/4P1n1/2NP1N2/PPP1RPPP/R1BQ2K1 b - - 2 8
placement_bundle,87,28,-0.586,0.990,-1.576,11,4rrk1/4qp1p/1p1pb1n1/p1p1pB1Q/P1P1P1n1/1PNPRNP1/5P1R/5K2 b - - 0 44
placement_bundle,13,32,0.566,-1.010,1.576,11,r1bqk2r/pp1nppbp/2pp1np1/8/2PP3P/3BPN2/PP3PP1/RNBQK2R b KQkq - 0 7
placement_bundle,16,30,-0.635,0.940,-1.575,11,r2qkbnr/1p3ppp/p1n1b3/2p5/1PPp4/P2P1N2/4QPPP/RNB1KB1R w KQkq - 2 9
placement_bundle,35,29,0.684,-0.890,1.574,10,3r1k1r/p4pb1/1pn1q1p1/2pp3p/P3PBnP/1NP3P1/1P1QPPB1/3RK2R b K - 0 18
placement_bundle,75,21,0.634,-0.940,1.574,13,2r1r1k1/2Pn1n1p/p1R3p1/5p2/3P4/4PpPP/P4P2/B2R2K1 b - - 2 38
placement_bundle,32,25,0.523,-1.050,1.573,11,r1b2r1k/1p4pp/2p5/p2Bnpq1/P3P3/2P5/1P2QPPP/R4KNR w - - 0 17
placement_bundle,37,25,0.753,-0.820,1.573,14,r2qk2r/pBP3bp/1p3pp1/n7/5B1P/P1P3P1/1P1NPP2/R3K2R b KQkq - 0 19
placement_bundle,51,24,-0.682,0.890,-1.572,9,2r3k1/pp1b1rpp/7n/4Qp2/Pnq1P3/5BPN/1B3P1P/R2R2K1 b - - 0 26
away_blitz,17,30,0.731,-0.840,1.571,9,r1b1kb1r/1pq2ppp/p1np1n2/4p3/P1B1P3/2NQ1N2/1PP2PPP/R1B1K2R b KQkq - 0 9
stack_lightning,15,30,0.510,-1.060,1.570,10,rnbqk2r/pp2bppp/4p3/2npP3/1P3B2/2N5/P1P2PPP/R2QKBNR b KQkq - 0 8
placement_bundle,35,25,0.720,-0.850,1.570,12,3rkb1r/4p1pp/n1N1bp2/p1n5/2PB2P1/1PN4P/P3PP2/3RK1R1 b k - 0 18
placement_bundle,33,28,0.570,-1.000,1.570,10,r3k2r/1b1nbpp1/pq2p2p/1n1p4/3P1BPP/1NP1PN2/2Q1BP2/R3K1R1 b Qkq - 2 17
placement_bundle,72,16,-0.658,0.910,-1.568,10,4r3/4kp1Q/p3r3/1p6/3p1q2/P4P1P/KP6/2R4R w - - 0 37
placement_bundle,32,28,-0.508,1.060,-1.568,10,r3k2r/1p3pp1/nqpbbn1p/4p3/1PP4P/4PN2/N1QBBPP1/R3K2R w KQkq - 1 17
placement_bundle,24,29,0.648,-0.920,1.568,11,r3kbnr/1p1n2pp/p1q3b1/5p2/3Pp3/3BPN2/PP2NPPP/R1BQR1K1 w kq - 0 13
hlmr_more1_lightning,54,25,-0.687,0.880,-1.567,11,1r3r1k/1pp2q1p/p3p1p1/3p4/P2PnP1P/2PQ1pP1/1P5K/RR5B w - - 3 28
placement_bundle,24,32,-0.747,0.820,-1.567,10,rn3k1r/1pq2ppb/2pbpn1p/pP1p4/5P1N/2N1P2P/PBPPB1P1/1R1Q1RK1 w - - 1 13
placement_bundle,22,26,0.666,-0.900,1.566,10,r3kb1r/pp3ppp/2p1b3/8/4P1n1/5QB1/qPPN1PPP/2KR1B1R w kq - 0 12
placement_bundle,32,29,-0.556,1.010,-1.566,11,r1b1kb1r/1pq2pp1/p3p2p/2ppP3/Pn2R3/3PBNPP/1P2QPB1/1R4K1 w kq d6 0 17
placement_bundle,26,28,-0.516,1.050,-1.566,9,r3k2r/pp1nppb1/1q4pp/3p1b2/3P4/P2PB1P1/2Q1PPBP/RN2K2R w KQkq - 1 14
placement_bundle,77,18,0.562,-1.000,1.562,12,b5k1/2q1r3/7p/2N1ppp1/2P1P3/1P2QPP1/7P/3BK3 b - - 1 39
placement_bundle,89,26,-0.531,1.030,-1.561,11,4rrk1/4qp1p/1p1pb1n1/p1p1pB1Q/P1P1P3/1PNPR1P1/5P1N/5K2 b - - 0 45
hlmr_more1_lightning,36,29,-0.790,0.770,-1.560,9,r4rk1/3qppb1/pppp1npp/3P4/PPn1P2B/2N2N2/2Q2PPP/2R2RK1 w - - 0 19
nmp_blitz,25,26,0.559,-1.000,1.559,10,r4rk1/pp2ppbp/2n3p1/q3P3/2BP2b1/4BN2/P2Q1PPP/R3K2R b KQ - 2 13
placement_bundle,85,21,0.668,-0.890,1.558,11,2rr2k1/1p3pp1/8/n2PN2p/P1B1nB2/1Pb3P1/R4P2/3R1K2 b - - 6 43
placement_bundle,36,30,-0.548,1.010,-1.558,10,r3k2r/3nppb1/1pq2npp/p1pPp3/2P3b1/P1NBBN2/1P3PPP/R2R2K1 w kq - 0 19
placement_bundle,29,31,0.526,-1.030,1.556,11,r3k2r/1bpqbpp1/pn1Pp2n/1p6/3P1P1p/1QPB1N1P/PP2N1P1/R1B2RK1 b kq - 0 15
placement_bundle,23,30,0.526,-1.030,1.556,11,r3kbnr/1pqn2pp/p1P3b1/5p2/3Pp3/3BPN2/PP2NPPP/R1BQR1K1 b kq - 0 12
placement_bundle,50,21,-0.785,0.770,-1.555,10,rr4k1/2q2pp1/p1P1p2p/2NnN3/3P3P/4P3/5PP1/1QR3K1 w - - 4 26
placement_bundle,23,31,0.695,-0.860,1.555,9,r1b1k2r/1p3pb1/p1n1pn1p/P1Pp1qp1/7P/3N2P1/1PPBPPB1/RN1QK2R b KQkq - 0 12
placement_bundle,30,27,-0.522,1.030,-1.552,13,rbb1k2r/1p3ppp/p1n1pn2/2B5/P1q1P3/N4NP1/2P2PBP/R4RK1 w kq - 0 16
placement_bundle,35,25,0.622,-0.930,1.552,9,1r3rk1/2q2pp1/2pb1n1p/Q1p5/2Np4/P2PPP2/1P3P1P/R1B1K2R b KQ - 0 18
placement_bundle,13,30,0.691,-0.860,1.551,11,rnb3nr/pp2kppp/3qp3/1Bpp4/2PP4/4P3/PP3PPP/RN1QK1NR b KQ - 0 7
placement_bundle,46,24,0.591,-0.960,1.551,12,r4rk1/p2q3p/3bp1p1/n4p2/pN1P1P2/2P1P2Q/3B2PP/RR4K1 w - - 2 24
placement_bundle,40,26,-0.550,1.000,-1.550,10,rk5r/pp5p/2bpNn1b/2p1np2/P1P2N1P/4P3/1P2BP2/R1B2KR1 w - - 1 21
placement_bundle,78,18,0.530,-1.020,1.550,12,b5k1/2q1r3/7p/2N1p1p1/2P1Pp2/1P2QPP1/7P/3BK3 w - - 0 40
jun6_standard,59,17,-0.769,0.780,-1.549,19,6k1/p3Rp2/6p1/n1p1p1b1/4P3/P3P3/1PK3PP/5R2 b - - 0 30
placement_bundle,52,23,-0.628,0.920,-1.548,10,r1b1k2r/8/1pp1p2p/1p1n1p2/3P1BnP/1P4P1/3N1PB1/4RK1R w kq - 0 27
placement_bundle,17,32,0.624,-0.920,1.544,11,rnbqk2r/1p2npb1/3p2pp/p1p1p3/P1P4P/1QNP1NP1/1P2PPB1/R1B1K2R b KQkq - 0 9
placement_bundle,88,14,-0.514,1.030,-1.544,17,6k1/5b2/B5p1/2n2p1p/3p1P1P/P7/3B2P1/6K1 w - - 1 45
placement_bundle,29,28,-0.543,1.000,-1.543,11,rbb1k2r/1p3ppp/p1n1pn2/2B5/PqQ1P3/N4NP1/2P2PBP/R4RK1 b kq - 0 15
placement_bundle,41,22,0.703,-0.840,1.543,10,2r1r1k1/pp3pB1/2nb4/5b1N/4nPP1/P1P5/7P/RN1B1RK1 b - - 0 21
placement_bundle,74,23,0.791,-0.750,1.541,12,b2r3k/p4qpp/1p3p2/1P2n3/1BP1p1P1/PQ2P3/4BP1P/4K1R1 w - - 0 38
placement_bundle,13,32,0.641,-0.900,1.541,10,r1bqkb1r/pp1n1ppp/5n2/2pp4/Q1PPp3/2N1P2P/PP2BPP1/R1B1K1NR b KQkq - 4 7
placement_bundle,36,28,-0.710,0.830,-1.540,9,r4rk1/1p3pp1/pq1p1b1p/2pPnb2/P1B2B2/N1P4P/1P3PP1/R2QR1K1 w - - 2 19
away_lightning,21,30,0.739,-0.800,1.539,7,r2qk2r/pp1bppbp/3p2p1/1B2n1Bn/3NP2Q/2N5/PPP2PPP/R4RK1 b kq - 11 11
placement_bundle,35,28,0.669,-0.870,1.539,10,r4rk1/2q2pb1/1p1p1np1/pBpPn2p/7P/1QB1PN2/PP3PP1/2R2K1R b - - 6 18
placement_bundle,53,23,0.538,-1.000,1.538,10,r3k2r/3bb1p1/2p2n2/pP2p3/4P2p/1B1RBP2/1P4PP/1NK4R b kq - 0 27
placement_bundle,59,18,0.686,-0.850,1.536,11,2r3k1/1pp1R3/p1p3bp/6p1/2P1P3/1PK3P1/P6P/6N1 b - - 2 30
placement_bundle,86,15,-0.506,1.030,-1.536,13,5k2/7p/r3p1p1/P4p2/Rp6/2b3P1/5PKP/1R6 w - - 0 44
placement_bundle,38,23,-0.705,0.830,-1.535,12,r4rk1/pp3pbp/6p1/2p5/P2PpB2/2PnP1P1/7P/R3KBR1 w Q - 2 20
placement_bundle,76,17,0.623,-0.910,1.533,13,2r1r3/8/2n1k2p/B1Pp1p2/3PpP2/P6P/4R1K1/3R4 w - - 3 39
placement_bundle,31,23,0.682,-0.850,1.532,12,r3kb1r/1b3ppp/p3P3/1p6/3NnP2/2N5/PP4PP/R1B2K1R b kq - 1 16
placement_bundle,76,19,-0.510,1.020,-1.530,12,2bqk3/rp3p2/4p3/6r1/2PpB1p1/3P2P1/1Q3P2/1R2R1K1 w - - 1 39
placement_bundle,37,28,-0.548,0.980,-1.528,11,r3kb1r/pp1b2pq/2n2p2/2Ppp2p/Q6N/P1NPP1P1/4P1BP/R3K2R b KQkq - 0 19
away_blitz,38,26,-0.597,0.930,-1.527,11,2b2r2/rp1p2kp/pqn1pppN/7n/2P5/2BQ2P1/4PPBP/R3K2R w K - 4 20
ship_lightning,25,32,0.547,-0.980,1.527,9,r1b2rk1/npp1qpp1/1b1p3p/p2Pp3/P1B1P1n1/NQP2N2/1P3PPP/R1B2RK1 b - - 2 13
placement_bundle,20,32,-0.646,0.880,-1.526,10,r2q1rk1/1p3pp1/n1ppbn1p/p1b1p3/2P1P1P1/P1NP1N1P/1PQ2P2/R1B1KBR1 w Q - 4 11
placement_bundle,19,27,0.774,-0.750,1.524,9,r1b1k2r/1p2pp1p/2nq1np1/p7/4P3/1PNP1NP1/P4P1P/R1Q1KB1R b KQkq - 3 10
placement_bundle,16,31,-0.532,0.990,-1.522,10,r1b1k1nr/pp2ppb1/n1pp2pp/6B1/2PPP3/2N2N2/Pq2BPPP/2RQK2R w Kkq - 0 9
placement_bundle,19,28,0.692,-0.830,1.522,11,r3kb1r/pp1bpp2/n2p1p2/2pN3p/3PPN2/8/PPPK1PPP/R4B1R b kq - 2 10
placement_bundle,34,26,-0.510,1.010,-1.520,12,r3kbnr/pp3p2/4p2p/2p1Pbp1/2P5/4QNB1/q3BPPP/2RR2K1 w kq - 0 18
placement_bundle,22,32,-0.529,0.990,-1.519,9,r3k2r/pp2qp2/3pbnpb/2p1p2p/PnP5/1PN1PNPP/1B1P1PB1/R2Q1RK1 w kq - 3 12
placement_bundle,33,27,0.668,-0.850,1.518,10,r1b2kr1/1p1n3q/p1nbpp2/3p3B/5PP1/PN2B3/1PP4P/RN1Q1R1K b - - 4 17
away_blitz,42,26,-0.597,0.920,-1.517,11,2b2r2/rp1pq1kp/p1nQppp1/7n/2P3N1/2B3P1/4PPBP/R3K2R w K - 8 22
placement_bundle,40,24,0.527,-0.990,1.517,11,3r1r1k/pq1n1pbp/2N1n1p1/2p5/2P4N/4B1PP/3QPP2/2R1K2R w K - 2 21
placement_bundle,24,30,-0.535,0.980,-1.515,9,r3k2r/pb1p1p1p/1p1qpnp1/n1pP4/2P1P2P/2N2P2/PP4P1/R1NQKB1R w KQkq - 1 13
placement_bundle,25,32,0.685,-0.830,1.515,10,r2qk1nr/1b1n2b1/pp2p2p/2pp1p1P/P2P2p1/N1PBP1B1/1P1N1PP1/R2Q1K1R b kq - 1 13
placement_bundle,43,21,0.553,-0.960,1.513,12,r1bQ4/1p3pk1/2p4p/p1b1r2n/P7/2P2BP1/1P1N2P1/R2K4 b - - 3 22
placement_bundle,51,25,-0.583,0.930,-1.513,13,1r1k3r/3Pppb1/1p4pp/p1p4n/1PP1p3/P3B3/4NPPP/1R1R2K1 b - - 0 26
hlmr_more1_lightning,26,25,-0.591,0.920,-1.511,12,r3k2r/pb3ppp/2n1p3/3p4/1P3Pn1/P1P1PN2/6PP/RN2KB1R w KQkq - 1 14
placement_bundle,15,32,0.531,-0.980,1.511,12,r1bqkb1r/1ppp1p2/2n3pp/p3p3/2P3nP/P2PB1P1/1P2PPB1/RNQ1K1NR b KQkq - 3 8
placement_bundle,72,16,0.531,-0.980,1.511,13,8/p4k1p/2p1np2/P2p4/3P2R1/r1B1P1P1/3K1P2/8 w - - 1 37
placement_bundle,28,30,-0.500,1.010,-1.510,10,2kr3r/pp2qp2/nnpbb1pp/4p3/1P4P1/P1NPP2P/2Q2PB1/1RB1K1NR w K - 1 15
placement_bundle,33,28,0.549,-0.960,1.509,10,r4rk1/3nbppp/qp2pn2/p1p3N1/3P1BPP/P1N1PP2/1PQ5/3RK2R b K - 1 17
placement_bundle,21,31,-0.759,0.750,-1.509,12,r1bqk2r/2ppppb1/5n1p/pP1Pn3/Q5pN/P3B1P1/1P2PP1P/RN2KB1R b KQkq - 0 11
placement_bundle,40,24,0.578,-0.930,1.508,10,r3k2r/1p3p2/2n1p2q/p2p1P2/3Pp1Qp/2P3P1/PP4BP/R4RK1 w kq - 0 21
hlmr_more1_lightning,29,28,0.637,-0.870,1.507,9,r1b1kr2/4ppb1/pqpp3p/6p1/2B1P1n1/2N2QB1/PPP2PPP/RR4K1 b q - 7 15
placement_bundle,37,27,0.557,-0.950,1.507,11,r3k2r/2qnppb1/2p4p/1p6/p1PPN1bP/P2BPNP1/1P2Q3/2KR3R b kq - 0 19
stack_lightning,23,31,0.725,-0.780,1.505,12,r4rk1/pppbq1pp/2nbp3/3pNp2/3PBB2/2N1P1PP/PPPQ1P2/R4RK1 b - - 0 12
placement_bundle,24,32,-0.542,0.960,-1.502,9,r3k2r/1p2qp2/3pbnpb/pNp1p2p/PnP5/1P2PNPP/1B1P1PB1/R2Q1RK1 w kq - 0 13
placement_bundle,46,16,-0.590,0.910,-1.500,10,4r1k1/ppQ2ppp/2p2q2/8/8/1N5P/2P2P2/3R2K1 w - - 2 24
placement_bundle,85,22,0.599,-0.900,1.499,10,2r1r1k1/5ppp/1n1P4/p1p3B1/7Q/2P2P2/pqP3PP/R2R2K1 b - - 0 43
placement_bundle,17,30,0.668,-0.830,1.498,9,rn2kb1r/ppq1pp1p/5np1/2p1Nb2/8/PP1PPQ2/1BP3PP/RN2KB1R b KQkq - 0 9
nmp_lightning,27,30,0.575,-0.920,1.495,8,rr4k1/2p1q1pp/1pnppn2/pQb1p3/P3P3/2PPBN1P/1PN2PP1/2KR3R b - - 1 14
ship_lightning,34,28,-0.515,0.980,-1.495,9,r4rk1/1pq2pp1/p1nb3p/4pbB1/2Q3n1/2N3P1/PPN1PPBP/2RR2K1 w - - 0 18
placement_bundle,67,24,0.574,-0.920,1.494,9,2k1r2r/5p2/1pbp1b1p/2pN1Pp1/2PqP3/1P1B3R/Q5PP/3R3K b - - 8 34
placement_bundle,16,30,-0.733,0.760,-1.493,10,rnb1k1nr/1p1p3p/pq2pp2/2b5/6p1/2N3B1/PPP1PPPP/R2QKBNR w KQkq - 0 9
hlmr_more1_lightning,72,14,-0.622,0.870,-1.492,12,7k/5p2/p1r1p2p/1p2n2B/8/P1N5/1P4R1/6K1 w - - 0 37
placement_bundle,60,25,-0.561,0.930,-1.491,12,b2r2k1/5ppp/p3p1n1/2qpP2P/2pN1PB1/P3Q1P1/P1P5/1r2R1K1 w - - 0 31
hlmr_more1_lightning,29,30,0.690,-0.800,1.490,9,2r1k1nr/pp3pp1/1qn1p3/3pP2p/Qb1P2bN/1P3P2/PB2B1PP/RN3RK1 b k - 2 15
placement_bundle,71,20,0.609,-0.880,1.489,10,1r4k1/6p1/pqB2nb1/5p1p/3p1P1P/P2P4/2QB2P1/4R2K b - - 5 36
placement_bundle,63,24,-0.589,0.900,-1.489,12,2rqr1k1/5p1p/p1P3p1/3Pn3/3Qn3/4PpPP/P2P1P2/B1RR2K1 b - - 5 32
placement_bundle,48,28,-0.598,0.890,-1.488,9,3rr1k1/1bbn1pp1/2q2n1p/2p1pB2/p1P1N1PP/4BN2/PP2QP2/2KRR3 w - - 1 25
nmp_standard,62,16,-0.535,0.950,-1.485,13,2r3k1/pp3p2/4pqp1/7p/8/P3QP2/3RBP2/5K2 w - - 6 32
placement_bundle,20,32,-0.565,0.920,-1.485,10,r3k2r/pppb1pp1/2nqp3/2b3Bp/3pP1n1/P2P1NPB/1PP1QP1P/RN2K2R w KQkq - 7 11
placement_bundle,47,19,0.662,-0.820,1.482,9,r5k1/2p3pp/p3qr2/8/PQ2bB1P/6P1/1P3P1R/R4K2 b - - 0 24
placement_bundle,26,29,-0.642,0.840,-1.482,11,rbb1k2r/1p3ppp/p1n1pn2/2p5/P1Q1P3/N3BNP1/1qP2PBP/R3K2R w KQkq - 0 14
placement_bundle,54,24,-0.630,0.850,-1.480,11,5rk1/p2r1ppp/4p3/1bbnB1q1/3P4/P4B2/1P3PPP/R3QRK1 w - - 0 28
placement_bundle,37,30,0.687,-0.790,1.477,12,r2qk2r/4np2/1pp1bbp1/p1p1p1Np/N1P1P3/PP1P3P/3QBPP1/R1R3K1 b kq - 3 19
placement_bundle,19,30,-0.677,0.800,-1.477,11,r3k2r/1p1bbppp/1pnp1n2/2p1p3/2P5/1PNPPNP1/P4PBP/R1B1K2R b KQkq - 0 10
placement_bundle,34,28,-0.694,0.780,-1.474,11,rn2kb1r/pb2np1p/6pP/2ppq1P1/4P3/Q1NP4/PP2BP2/R1B1K2R w KQkq - 0 18
placement_bundle,32,30,-0.714,0.760,-1.474,11,r4rk1/1pqn1pp1/p2p1b1p/2pPnb2/P1B5/N1P2N1P/1P3PPB/R2QR1K1 w - - 8 17
placement_bundle,32,29,-0.653,0.820,-1.473,11,2rqr1k1/p2n2pp/b1pBp3/1pPn1p2/3Pp3/PBP5/2Q1NPPP/R4RK1 w - - 8 17
placement_bundle,23,25,0.682,-0.790,1.472,11,rnbqkb1r/7p/p4np1/2p5/2Q1N3/4PN2/PP3PPP/R1B1K2R b KQ - 2 12
hlmr_more1_lightning,50,18,-0.680,0.790,-1.470,11,6k1/ppp1qr2/3p2p1/4p1Q1/2n1P3/2P4P/P7/3R1RK1 w - - 4 26
hlmr_more1_lightning,29,28,0.520,-0.950,1.470,8,r4rk1/pbppqpp1/np1b3p/3P4/3Q3P/P3BNP1/1P2PPB1/R3K2R b KQ - 0 15
hlmr_more1_lightning,57,25,0.549,-0.920,1.469,10,2r1k1r1/1p3p2/1qn1p3/p1npP3/P2N1B2/bPP1RNP1/6P1/1R1Q2K1 b - - 4 29
placement_bundle,14,31,-0.517,0.950,-1.467,11,rn2kb1r/ppq1pppp/3p1n2/1bpP4/4P3/N4P2/PPPB2PP/R2QK1NR w KQkq - 0 8
placement_bundle,34,29,0.516,-0.950,1.466,10,2rqk2r/pp4bp/6p1/2PppbNn/P1nBP1p1/1NP4P/5P2/R1Q1KB1R w KQk - 0 18
placement_bundle,81,16,-0.596,0.870,-1.466,12,1n2r3/1R3k1p/2p2pp1/2r1pP2/6P1/4N2P/3R1K2/8 b - - 9 41
placement_bundle,63,24,0.673,-0.790,1.463,9,2n1rqkb/r6p/1p3pp1/4p3/1pR1N1P1/3PQP2/PP4BP/R5K1 b - - 0 32
placement_bundle,81,18,0.592,-0.870,1.462,11,2k1rN2/2r2pQ1/3R4/p3p1N1/4P1P1/1q5P/1b3P2/6KB b - - 0 41
placement_bundle,14,30,-0.569,0.890,-1.459,9,rn1qkbnr/2p2ppp/p1b1p3/1p6/3PN3/4BQ1N/PPP2PPP/R3KB1R w KQkq - 4 8
placement_bundle,58,21,-0.569,0.890,-1.459,11,2r3k1/p2r1ppp/4p3/2PnB1q1/8/P4B2/1P3PPP/R3QK2 w - - 1 30
placement_bundle,89,14,0.596,-0.860,1.456,11,8/5pk1/4pnp1/r7/4PPPp/5B1P/3RK3/8 b - - 0 45
stack_lightning,54,21,-0.528,0.920,-1.448,9,1r4k1/5p1p/1pB1p1p1/p3b3/4P1b1/1Q6/P2q1PPP/1RR3K1 w - - 4 28
hlmr_more1_lightning,15,32,0.686,-0.760,1.446,10,r1bq1rk1/pppp1ppp/2n5/1Bb1p3/4P1n1/2NP1N2/PPP1RPPP/R1BQ2K1 b - - 2 8
placement_bundle,38,25,-0.696,0.750,-1.446,11,r5kr/5p2/p1n2bp1/4pb1p/PpN1p2P/1N4R1/1PP1BPP1/2KR4 w - - 0 20
placement_bundle,17,30,0.586,-0.860,1.446,9,rnb2rk1/p2pppbp/5np1/qp4B1/3P4/2N2NPP/PP2PP2/R2QKB1R b KQ - 1 9
placement_bundle,25,29,0.685,-0.760,1.445,10,r3kb1r/1b3ppp/pq2pn2/1ppPN3/N3PP2/1Q6/PP1P2PP/R1B2RK1 b kq - 3 13
placement_bundle,13,32,0.625,-0.820,1.445,11,rn1qkb1r/pp2pp1p/5np1/2p1Nb2/3p4/1P1PPQ2/PBP2PPP/RN2KB1R b KQkq - 1 7
placement_bundle,52,24,-0.633,0.810,-1.443,10,2r1rqk1/p7/3b3p/2p1pPp1/P2nn3/3P1NPP/1B1N1P2/2R1Q1K1 w - - 0 27
placement_bundle,18,30,-0.562,0.880,-1.442,11,r1bq1rk1/pp1nbppp/2n1p3/2p1P3/P1P5/6P1/1P2QPBP/RNB1K1NR w KQ - 1 10
away_blitz,23,29,0.641,-0.800,1.441,12,r1bqk2r/1pp3pp/p1p5/2n1Pp2/1b1p1B2/P4N2/1PPN1PPP/R2QR1K1 b kq - 0 12
nmp_standard,17,28,0.551,-0.890,1.441,12,rnbq1rk1/pp2ppbp/6p1/2p5/2BPP3/2P2N2/P4PPP/R1BQK2R b KQ - 1 9
placement_bundle,19,27,0.521,-0.920,1.441,11,rnb1k2r/1pp2pp1/3p3p/p1NP4/8/6PN/PqP1PPBP/R2QK2R b KQkq - 0 10
placement_bundle,16,32,-0.660,0.780,-1.440,10,rn1qk2r/1p2ppb1/2p1bnpp/pP1p4/8/B3PN1P/P1PPBPP1/RN1Q1RK1 w kq - 2 9
hlmr_more1_lightning,81,16,0.508,-0.930,1.438,10,3r2k1/7p/p1R1N1p1/1p2p3/8/3p2P1/1q3P1P/4Q1K1 b - - 1 41
placement_bundle,53,18,0.678,-0.760,1.438,15,1k5r/1pp3pp/p7/2Nr1p2/5P2/P3BB2/1P4PP/7K b - - 1 27
away_lightning,15,32,0.688,-0.750,1.438,8,r1b2rk1/ppppqppp/2n2n2/1Bb1p3/N1Q1P3/5N2/PPPP1PPP/R1B2RK1 b - - 13 8
placement_bundle,25,30,0.608,-0.830,1.438,10,r1b2rk1/pp2qpp1/2pbpn1p/3p4/P1P3P1/3BPN1P/PBQP1P2/2R1K2R b K - 2 13
placement_bundle,43,24,0.577,-0.860,1.437,11,r4rk1/p2q3p/2nbppp1/3N4/p2P1P2/2P1P2Q/3B2PP/RR4K1 b - - 3 22
placement_bundle,68,17,-0.546,0.890,-1.436,12,8/2k3p1/bb3r1p/1p2p3/2p3P1/B1P1P2P/7K/1R2R3 w - - 6 35
hlmr_more1_lightning,36,27,-0.555,0.880,-1.435,10,r1r3k1/2pbbppp/p1q1p3/1p2n3/3P4/1QN1P1PB/PP2P2P/2RR2K1 w - - 0 19
placement_bundle,19,32,0.514,-0.920,1.434,10,r2qkb1r/pp1b1p2/2n1p1pp/2ppPn2/8/2NB1N1P/PPPPQPP1/R1B1R1K1 b kq - 3 10
placement_bundle,19,30,0.543,-0.890,1.433,10,r3k2r/1ppbqppp/p1nbpn2/8/P1BPP3/2N2NP1/1P3P1P/R1BQ1K1R b kq - 0 10
placement_bundle,30,29,-0.530,0.900,-1.430,9,r2qk2r/ppp2pp1/n1n1p3/8/1b1pQBpP/3PP3/PPP2PB1/R4KNR w kq - 0 16
placement_bundle,41,26,0.587,-0.840,1.427,10,r4rk1/1ppnq2p/3p2p1/p2Pp1P1/1nP1N3/4P3/PP2Q1PB/1K1R3R b - - 2 21
placement_bundle,37,29,0.536,-0.890,1.426,11,3brrk1/B5p1/n1ppb2p/p3pp1P/N1P3n1/1P1P1NPR/P3PPB1/2R1K3 b - - 1 19
placement_bundle,59,24,0.596,-0.830,1.426,11,2n3k1/r2r1pp1/1p1pb3/p1p1nN2/P1P1PNP1/1P5P/8/4RRKB b - - 7 30
placement_bundle,33,28,0.525,-0.900,1.425,11,r1q1k1r1/1p1nb2p/p1ppNn2/4p3/2P2p2/1QPB3P/PP1B1PP1/2K3RR b q - 7 17
placement_bundle,65,22,0.545,-0.880,1.425,12,r4k2/3n1p2/2p1p1pr/p2bP3/Pp1PBP2/6P1/1P6/N1R1R1K1 b - - 0 33
placement_bundle,22,32,0.634,-0.790,1.424,10,r2qk1nr/1bpn2b1/pp2p2p/3p1p2/P2P2pP/2PBP1B1/1P1N1PP1/RN1Q1K1R w kq - 0 12
placement_bundle,46,24,-0.584,0.840,-1.424,12,2k4r/pp3p2/P1n3pp/1Nbrp3/n5P1/3PP2P/3B1P2/1R2K1NR w K - 0 24
hlmr_more1_lightning,96,14,-0.613,0.810,-1.423,10,5qk1/5p2/4r1p1/5bP1/P1NQp3/1P6/8/3R2K1 w - - 7 49
placement_bundle,20,26,-0.583,0.840,-1.423,10,r1b1k2r/pp3ppp/2n1p3/2bq4/4Q3/N7/PPPB1PPP/2KR1B1R w kq - 3 11
placement_bundle,51,30,-0.629,0.790,-1.419,13,rn1rbkn1/1p2qpp1/2p1p2p/2PpP2P/p7/P2BPPP1/1P1B3Q/N1R2K1R b - - 0 26
placement_bundle,48,31,-0.629,0.790,-1.419,9,1k4r1/pp2nb2/nq3b1p/1Npppprp/Q1P5/PPBP1BP1/3NPP2/2R1K2R w K - 0 25
placement_bundle,24,30,-0.619,0.800,-1.419,11,rbb1k2r/1p3ppp/pqn1pn2/1Np5/P1Q1P3/4BNP1/1PP2PBP/R3K2R w KQkq - 0 13
placement_bundle,82,19,-0.555,0.860,-1.415,11,r4b2/p2r1k1p/R3p1p1/3p1pPP/3P1P2/4P3/4BK2/R7 w - - 5 42
placement_bundle,23,30,0.581,-0.830,1.411,12,r2q1rk1/pp1bppb1/2p4p/3p2p1/2PPn3/1P2BPP1/P3P1BP/RN1Q1RK1 b - - 0 12
timed_probe,46,24,-0.541,0.870,-1.411,9,r4rk1/4b3/4bq1p/p1ppNp2/3P2p1/P1NQ2P1/1P3PP1/2R1K2R w K - 0 24
nmp_blitz,36,28,0.537,-0.870,1.407,9,4rrk1/1b1q1pbp/pp1p1np1/1p1P2B1/1Q6/2N2N1P/PPP2PPR/2KR4 w - - 0 19
placement_bundle,17,28,0.536,-0.870,1.406,9,r1bqk2r/ppp1bppp/5n2/3n4/8/2NPBN2/PP3PPP/2RQKB1R b Kkq - 1 9
placement_bundle,71,16,0.564,-0.840,1.404,13,8/p4k1p/2p1np2/P2p4/3P2R1/1rB1P1P1/3K1P2/8 b - - 0 36
placement_bundle,41,24,0.593,-0.810,1.403,12,3r1r1k/pq1n1pbp/2N1n1p1/2pQ4/2P4N/4B1PP/4PP2/2R1K2R b K - 3 21
placement_bundle,29,29,-0.523,0.880,-1.403,11,rn1qr1k1/p5pp/b1pBp3/1pPn1p2/3Pp3/PBP5/3QNPPP/R4RK1 b - - 5 15
placement_bundle,30,29,-0.532,0.870,-1.402,10,2r2rk1/pb1pqppp/1p1p4/P1n5/2P1P1nP/2Q2N2/1P1BPPP1/R3KB1R w KQ - 1 16
ship_lightning,37,27,-0.591,0.810,-1.401,8,1r2kb1r/6p1/p1qpbp2/3Np2p/p1P1P2P/Rn2B3/1PQN1PP1/4R1K1 b k - 4 19
placement_bundle,42,27,0.530,-0.870,1.400,10,rq2r1k1/1p1n1ppp/p2b4/3P1bP1/3Qp3/PPN1P1R1/1B3P1P/2R1KB2 w - - 3 22
stack_blitz,89,14,0.600,-0.800,1.400,14,7k/pp1q3p/1b4p1/P3P3/1P6/8/2Q3NP/7K b - - 0 45
placement_bundle,26,26,-0.508,0.890,-1.398,10,r4rk1/p4p1p/2pbb1p1/q2np3/2B5/1PN1P3/PB3PPP/R2Q1RK1 w - - 2 14
placement_bundle,55,23,-0.527,0.870,-1.397,10,1r2k3/3qp1b1/3ppn2/1Ppn2p1/8/P1N1P2r/Q2B1P2/2R1KBR1 b - - 3 28
placement_bundle,20,28,-0.535,0.860,-1.395,9,rn2k2r/1pp3pp/p1q1b3/2b1pp2/8/2NBP2P/PP1P1PP1/R1BQ1RK1 w kq - 2 11
placement_bundle,17,28,0.534,-0.860,1.394,10,rn1qk2r/pppb1ppp/5n2/3P4/3b4/1Q4P1/PP3PBP/RNB1K1NR b KQkq - 0 9
placement_bundle,26,31,-0.502,0.890,-1.392,10,2kr1b1r/pp2n3/1qnpb2p/2p1pp1p/Q1P4N/1PNP2P1/PB2PPB1/R3K2R w KQ - 0 14
placement_bundle,25,29,0.641,-0.750,1.391,10,r3kb1r/p3np1p/1qpp1np1/5b2/P2P1P2/2N1QB2/1PP3PP/R1B1K1NR b KQkq - 0 13
placement_bundle,60,21,-0.511,0.880,-1.391,9,2rr2k1/p4ppp/4p3/2PnB1q1/8/P4B2/1P3PPP/2R1QK2 w - - 3 31
placement_bundle,19,32,0.558,-0.830,1.388,10,r1bq1rk1/pp3ppp/2pbpn2/2np4/2P3P1/1PNBPN1P/PBQP1P2/R3K2R b KQ - 2 10
placement_bundle,62,24,-0.544,0.840,-1.384,12,b2r2k1/4nppp/p3p3/2qpP2P/2pN1PB1/P3Q1P1/P1P5/1R4K1 w - - 1 32
placement_bundle,57,20,0.602,-0.780,1.382,12,8/3nkp2/b3p2p/p4rp1/p1NP4/P1K3PP/1P3PB1/5R2 b - - 0 29
hlmr_more1_lightning,56,25,0.581,-0.800,1.381,9,2r1k1r1/1p3p2/1qn1p3/p1npP3/P2N1B2/bPPR1NP1/6P1/1R1Q2K1 w - - 3 29
placement_bundle,18,29,-0.531,0.850,-1.381,10,r2qkb1r/1b1npppp/p4n2/1pp5/3P4/1P2PN2/1BQ1BPPP/RN2K2R w KQkq - 0 10
placement_bundle,25,30,0.560,-0.820,1.380,11,r2qr1k1/1ppn1p1p/3p1npb/pP3p2/2BP4/B1N1PQ1P/P1P2PP1/1R2K2R b K - 1 13
placement_bundle,52,23,-0.530,0.850,-1.380,10,3rr1k1/1p3pp1/5P2/3n3p/p2p1bq1/5N2/PP1N1PQ1/R1BR2K1 w - - 4 27
hlmr_more1_lightning,46,25,0.607,-0.770,1.377,10,r3r1k1/p1q3p1/1p3p1p/P1pb1P2/2NPnR2/B1P1P3/2Q3PP/R5K1 w - - 1 24
placement_bundle,30,28,-0.546,0.830,-1.376,9,r4rk1/pppb1pp1/4p1qp/b2Pp3/2P1P3/PQN1P1P1/1P4BP/R4RK1 w - - 0 16
placement_bundle,50,31,-0.615,0.760,-1.375,12,rn1rbkn1/1p2qpp1/2p1p2p/2Ppb2P/p2P4/P2BPPP1/1P1B3Q/N1R2K1R w - - 0 26
hlmr_more1_lightning,18,29,-0.594,0.780,-1.374,10,r1b1k2r/p1q2ppp/1pn1pn2/2Pp4/5P2/P1P2N2/1P1Q1PPP/RN2KB1R w KQkq - 0 10
placement_bundle,90,14,0.557,-0.810,1.367,12,8/5pk1/5np1/r3p3/4PPPp/5B1P/3RK3/8 w - - 0 46
placement_bundle,44,22,0.546,-0.820,1.366,12,r2r2k1/1p1n1p2/3Bb1p1/p6p/P1P4N/1P4PP/5PB1/b2R2K1 w - - 0 23
placement_bundle,87,16,0.505,-0.860,1.365,10,6k1/4qpp1/5n1p/5N2/8/pr3PP1/3QPK1P/2R5 b - - 3 44
placement_bundle,38,26,-0.522,0.840,-1.362,11,rk5r/pp1b3p/3pNn1b/2p1np2/P1P2N2/4P2P/1P2BP2/R1B2KR1 w - - 1 20
placement_bundle,33,26,0.550,-0.810,1.360,10,r2r2k1/2p1qppp/1p1pbn2/pR6/2B1PB2/2PQ1P2/P1P3PP/3R2K1 b - - 3 17
placement_bundle,26,28,-0.588,0.770,-1.358,10,r2qk2r/pp3p2/2nb1n1p/2p5/P1Pp2p1/3P1NP1/1B2PP1P/R2QKB1R w KQkq - 0 14
placement_bundle,35,28,0.531,-0.820,1.351,11,r3r1k1/p2n1pp1/bp3n1p/1qpp1B2/5B2/Q2PPNP1/PP3P1P/2R2RK1 b - - 5 18
placement_bundle,48,26,-0.570,0.780,-1.350,11,2r1rqk1/p7/3b1npp/2p1pp2/P2nP2R/3P1NPP/1B1N1P2/2R1Q1K1 w - - 2 25
placement_bundle,25,26,0.560,-0.790,1.350,11,rn2kbr1/1pq2p1Q/4p1p1/2PPP3/1p2nP2/4B3/P5PP/RN2K1NR b KQq - 0 13
placement_bundle,50,22,-0.507,0.840,-1.347,10,r4k2/2q1pp2/2pp1n2/pP4rp/2PPPN2/5Q2/5Pp1/R3R1K1 w - - 6 26
placement_bundle,63,21,-0.535,0.810,-1.345,10,5r2/2k3p1/1pp2P2/rP2p3/Pnb1B2p/2N1P2P/4P3/2KR1R2 b - - 0 32
placement_bundle,67,21,-0.563,0.780,-1.343,13,5k1r/3b1pp1/Bp3n2/p3B1bp/8/2N1pP2/P2RR1PP/6K1 b - - 0 34
hlmr_more1_lightning,31,28,0.592,-0.750,1.342,11,r1b2rk1/pp3pbp/1np3p1/4p3/2nP4/1PNBPN2/P4PPP/R1B1K2R b KQ - 0 16
placement_bundle,21,32,0.523,-0.810,1.333,12,r1bqk2r/p2pnpp1/1pn1pb1p/2p5/2P5/PPNPPNP1/1B3P1P/RB1QK2R b KQkq - 0 11
placement_bundle,19,30,0.581,-0.750,1.331,9,r1bqk2r/1p1n1ppp/p2b1n2/2pp4/3P2P1/1P1BPN1P/PB3P2/RN1QK2R b KQkq - 0 10
placement_bundle,37,28,0.581,-0.750,1.331,11,3qk2r/1ppn1pb1/1n2p1p1/3pP1P1/r2P1B1p/2P2P1B/P2NQ2P/R4RK1 b k - 0 19
jun6_blitz,41,24,-0.580,0.750,-1.330,11,1r2k2r/4npbp/pN1p2p1/3Pp3/1P2b3/4BN2/P4PPP/2RR2K1 b k - 3 21
placement_bundle,23,30,0.569,-0.760,1.329,10,r1b1kb1r/pp3p1p/2n1p3/2p2p2/3p2q1/1P1QPN2/PBPP1PPP/R3KB1R b KQkq - 3 12
placement_bundle,79,24,-0.568,0.760,-1.328,11,r1r1q1k1/1Q5p/2p2p2/pPPppp2/P3n2P/3NP1P1/2R2P2/2R3K1 b - - 0 40
placement_bundle,48,21,-0.565,0.760,-1.325,12,r1r3k1/p4p1p/1p3bp1/P7/R1pP1B2/2PpP1P1/3K3P/1R6 w - - 3 25
placement_bundle,25,27,0.523,-0.800,1.323,8,r2qk2r/1p1n1p1p/p2b1np1/3p2B1/3pP3/1N1B1P2/PPQ2P1P/3R1RK1 b kq - 3 13
placement_bundle,30,28,0.512,-0.810,1.322,10,r1bq1rk1/1p2npp1/p2p1n1p/3P4/1bN2B1P/2N3Q1/PP3PP1/2KR1B1R w - - 2 16
placement_bundle,57,21,-0.551,0.770,-1.321,11,5rk1/p2r1ppp/4p3/2PnB1q1/8/P4B2/1P3PPP/R3QK2 b - - 0 29
placement_bundle,53,20,0.559,-0.760,1.319,13,2r2r1k/p7/1p1nR1np/2p2p2/PP6/1BP2P2/5P1P/5RK1 b - - 1 27
placement_bundle,33,27,0.547,-0.770,1.317,10,1r3rk1/1pq2pp1/2Bb1n1p/p1p5/Q1Np4/P2PPP2/1P3P1P/R1B1K2R b KQ - 0 17
placement_bundle,17,32,0.554,-0.760,1.314,9,rnbqk2r/pp3pp1/4pn1p/2pp4/1bP2B2/2NP1NPP/PPQ1PP2/R3KB1R b KQkq - 1 9
placement_bundle,18,32,-0.544,0.770,-1.314,10,r2qkb1r/1pp2ppp/4pn2/3p4/pnPPb3/N3PN2/PP2BPPP/R1BQ1RK1 w kq - 2 10
placement_bundle,22,30,-0.503,0.810,-1.313,9,2kr1b1r/1p3ppp/2n2n2/p1pp1b2/N5q1/PQ2PN2/1P1P1PPP/R1B1KB1R w KQ - 8 12
placement_bundle,20,32,0.533,-0.780,1.313,11,r3k2r/1p1nppb1/1qp2np1/p2p3p/3P1BbP/3BPN2/PPPNQPP1/2K1R2R w kq - 8 11
placement_bundle,54,19,0.516,-0.790,1.306,14,2r2r1k/p7/1p1nR1np/5p2/Pp6/1BP2P2/5P1P/5RK1 w - - 0 28
placement_bundle,66,17,-0.533,0.770,-1.303,13,2k5/6p1/bb3r1p/1p2p3/2p3P1/B1P1P2P/8/1R2R1K1 w - - 4 34
placement_bundle,13,32,0.500,-0.800,1.300,11,r1bqk2r/pp1pbppp/2n1pn2/2p5/2P5/PPN2NP1/2QPPP1P/R1B1KB1R b KQkq - 0 7
placement_bundle,27,30,0.520,-0.780,1.300,11,r4rk1/1ppqbpp1/2np1n1p/pQ2p3/2P1P2P/P1NPB1P1/1P3P1N/R3K2R b KQ - 7 14
hlmr_more1_lightning,17,32,0.515,-0.780,1.295,9,r1bq1rk1/ppp1b1pp/2n1p3/3p1p2/3PnB2/2NQ1NP1/PPP1PPBP/R4RK1 b - - 3 9
placement_bundle,34,24,-0.529,0.760,-1.289,10,r2q1rk1/pQ1n1ppp/5n2/2p5/4b3/1P3N1P/P2BBPP1/R4RK1 w - - 5 18
placement_bundle,18,32,0.539,-0.750,1.289,11,r1bqk2r/1p2npb1/2np2pp/p1p1p3/P1P4P/1QNP1NP1/1P2PPB1/R1B1K2R w KQkq - 1 10
placement_bundle,49,23,0.518,-0.770,1.288,12,1r2k2r/pp5b/4Nn1p/1P2p1pP/4Pb2/P1P2P2/6B1/R1B1K2R b KQk - 0 25
placement_bundle,21,29,0.525,-0.760,1.285,8,r1bqk2r/pp3ppp/5nn1/1Pb5/2Pp3P/P2P1N2/5PP1/RNBQKB1R b KQkq - 0 11
placement_bundle,36,28,-0.510,0.760,-1.270,10,1r1n1rk1/p3qpp1/Q1ppb2p/2b5/4P1n1/1PN2N2/P1B2PPP/R1B2RK1 w - - 1 19
placement_bundle,42,27,-0.500,0.750,-1.250,9,2r1k2r/p2n1q2/1pnpp1p1/1Qp1p1Bp/P3P3/2PP1P2/1P2N1P1/2K1R2R w k - 6 22
