fen,phase_score,is_endgame,status,result_white,our_total,sf_static_cp,pieces,capture_gains,passed_pawn_support,latent_threat,central,imbalance_white,imbalance_black,pair_bonus,piece_value_boost
r7/2pn2kp/r1pp1n2/6B1/2P1p3/1P3P2/4B1PP/2KR1R2 w - - 2 26,64,0,near_equal,1.0,-569,-25,-622,0,0,1,152,0,0,-100,0
r3k1r1/pp5p/2n1q3/8/2Pb1pbP/3B4/PP6/2KR1QNR b q - 4 20,16,0,black_winning,0.0,6188,-596,4256,535,-260,75,400,0,0,300,882
r3k2r/6p1/p1pbPp2/2p2R2/q1P3p1/P2P4/1B2Q1P1/1R4K1 b kq - 5 26,32,0,near_equal,0.5,-965,9,54,-1060,500,-210,-249,0,0,0,0
1k1r3r/pb1qbp2/1pp1p3/5p1p/Q6P/1PN1PN2/P2P1PP1/4KB1R b - - 0 19,26,0,black_winning,0.0,2726,-411,2008,0,0,-156,350,0,0,100,424
7r/4kppp/4pn2/2N5/2N5/4P2P/r1P1KPP1/2B4R b - - 0 26,74,1,near_equal,0.5,-3852,19,-3502,1190,0,0,0,0,0,-200,-490
2k5/7R/3P3p/p5p1/8/P4pP1/5P1P/6K1 b - - 1 39,117,1,white_winning,1.0,-13006,626,-8214,-1090,200,0,0,0,0,0,-3222
rq4k1/4pN1p/1np2np1/B3p3/5b2/3Q1B1P/1PP2PP1/R3R1K1 w - - 1 24,21,0,white_winning,1.0,-4565,323,-6322,2220,0,-35,350,0,0,-100,-678
r2q1r2/1p4pk/4Q2p/p1p3P1/2n4P/PPp2P2/7N/R1K1R3 w - - 2 28,32,0,near_equal,0.5,-3016,-90,760,-2250,-375,-721,-19,-93,0,0,-318
1rb1k2r/3pbp2/p3pPp1/qp6/2Pp1B1p/1P1P2P1/PQ3PBP/2R2K1R b k - 0 19,21,0,white_winning,1.0,-989,183,-507,0,0,-132,-350,0,0,0,0
8/6k1/P1q1r1pp/8/2Bb1P1P/P2R2P1/2Q5/5K2 w - - 1 39,53,0,white_winning,0.5,-9593,176,-4733,-3450,250,-116,100,0,0,0,-1644
r2r2k1/1p1np1bp/p1n1p1p1/2q5/3pN3/P2BP1QP/1PPB1PP1/R2K3R b - - 1 16,10,0,near_equal,0.0,285,-27,-92,0,0,77,400,0,0,-100,0
r3r1k1/pp2pp2/nqp1bbpB/8/2PPP3/5NP1/P2Q1PBP/R3R1K1 w - - 1 17,10,0,white_winning,1.0,-671,307,-1180,1045,0,-136,-400,0,0,0,0
5R2/2k5/8/1R5p/1prr1P1P/6PK/8/8 b - - 2 44,85,1,near_equal,1.0,-4274,140,-1702,-1135,-248,0,0,0,0,0,-854
r4k1r/3q1ppn/bppbp3/p2pP3/P1PP1B2/1P1Q1BP1/3N1P2/RR4K1 b - - 2 24,10,0,near_equal,1.0,-569,92,-169,0,0,0,-400,0,0,0,0
1r2r3/2nbb2k/3p2p1/2pPp2n/p1p1P3/q3BN1p/1P5Q/1KRN1BR1 w - - 0 39,0,0,near_equal,0.0,-6545,-7,3896,-10000,-500,898,400,0,0,0,-1239
rnbr4/1pq1k2p/p2Np3/2p2p2/4Bp2/P5P1/QPP2P1P/RN1R2K1 b - - 0 18,16,0,near_equal,0.5,-5466,4,-5386,2250,0,61,-400,-1791,0,-200,0
1r5k/3b1rpp/p4n2/2Q4P/PP5R/2NqB1P1/5P2/R5K1 b - - 2 26,21,0,near_equal,0.0,-3639,111,-2713,0,0,-119,-350,0,0,0,-457
r3k2r/1p3pbp/1qpp1np1/p1n1pb2/P1P5/2NPQNPP/RP2PPB1/2B1K2R w Kkq - 0 12,0,0,near_equal,0.0,478,-76,78,0,0,0,400,0,0,0,0
r1bqk2r/1pp1bpp1/2n2n2/p2p3p/3P4/PP2PN2/2QN1PPP/R1B1KB1R w KQkq - 1 10,0,0,near_equal,0.0,-197,33,203,0,0,0,-400,0,0,0,0
8/3Kp3/8/4p3/6k1/1R4P1/8/8 w - - 3 60,117,1,white_winning,1.0,-10331,370,-4933,-1190,-75,0,0,0,0,0,-2883
r3k2r/ppp1qpp1/2npb2p/3n4/3P4/P1PBBN2/2PQ1PPP/R4RK1 w kq - 1 12,10,0,near_equal,1.0,-536,38,-311,200,0,75,-400,0,0,-100,0
rn2k2r/2p1q1pp/p2bN3/1p3B2/3P4/7N/PPP2PRP/R2QK3 b Qkq - 0 14,16,0,white_winning,1.0,-7237,242,-5482,0,0,-269,-400,0,0,-200,-886
3r4/2k2p2/1p2b3/p1p4r/P4R1P/2P1NP2/2P2K2/7R w - - 15 43,74,1,near_equal,1.0,374,43,-61,0,435,0,0,0,0,0,0
1k5r/1pp3p1/8/1P2Rp1p/3q4/6P1/2Pr1P1P/R3Q1K1 b - - 2 23,42,0,near_equal,1.0,131,83,-59,-34,0,44,180,0,0,0,0
8/p2r4/8/P1pkp3/1p3p2/1P1P1P2/3KB3/8 b - - 0 60,112,1,black_winning,0.0,6562,-440,4153,0,0,0,0,0,0,0,1159
2k5/8/4P1p1/7p/p1PK1Q1P/q5P1/8/8 b - - 6 59,85,1,near_equal,1.0,-3792,127,-2646,0,550,0,0,0,0,0,-384
rnbqkb1r/5ppp/p1p2n2/1p2p3/4P3/1BN5/PPPP2PP/R1BQK1NR w KQkq - 0 8,0,0,near_equal,0.5,191,-38,29,0,0,0,162,0,0,0,0
4rr1k/3b3p/1p1npp1P/p7/P1PP4/1P2R3/2BN3R/6K1 w - - 13 42,64,0,near_equal,0.0,-630,84,-452,0,0,-13,-165,0,0,0,0
r7/2p3kp/r1pp4/8/2P1n3/1P6/4B1PP/2K1RR2 b - - 1 28,74,1,near_equal,1.0,-431,-144,-431,0,0,0,0,0,0,0,0
b7/4k3/1p2p3/1P1n2r1/p3B3/P4P2/2R1NK2/3rB3 w - - 0 41,69,1,near_equal,0.0,3090,-129,2141,0,0,0,0,0,0,-300,354
r2q1rk1/p4p1p/2pb1np1/3pp3/P1P3b1/1P1BP3/1B3PPP/RN1QK2R w KQ - 1 12,10,0,near_equal,0.0,563,-130,238,0,0,-75,400,0,0,0,0
7r/1r2kn2/5NR1/1p2p1P1/p1pbP2R/5PPB/P7/5K2 w - - 2 53,64,0,white_winning,1.0,-6114,224,-1183,0,10,-256,-300,-4056,0,0,-329
1R6/2p1k3/p1r5/4p2r/2P3p1/4Bb2/P4P2/5KR1 w - - 0 39,74,1,black_winning,0.5,3989,-282,1390,1135,0,0,0,0,0,0,724
8/8/5R1p/6p1/4p1P1/3p2kP/2r5/5K2 w - - 1 50,106,1,black_winning,0.0,7972,-505,4688,0,140,0,0,0,0,0,1004
3r4/p1k1n3/r1p3p1/2R1Np1p/3N4/1P2P3/P2K1PPP/7R w - - 5 24,69,1,white_winning,1.0,-6522,498,-5767,1045,0,0,0,0,0,-200,-705
rnb1kb1r/p3pp1p/5np1/1qpP4/1P6/4PB2/P4PPP/RNBQK1NR w KQkq - 1 10,0,0,white_winning,0.0,-1816,167,-1226,0,0,0,-400,0,0,0,-190
3nr1k1/2B1b3/4Pp1Q/1q3P1p/ppppB1pP/3P4/3N4/6RK b - - 0 40,37,0,white_winning,1.0,-2324,322,284,-45,-546,-1442,-152,0,0,-300,-123
2k5/7R/3p4/1p1P2p1/p3P1K1/P7/1r3P2/8 w - - 0 53,106,1,near_equal,0.5,-539,18,-449,-90,0,0,0,0,0,0,0
8/7k/2R3p1/2pr2P1/2NbN3/1p6/1P2K3/8 b - - 2 74,90,1,white_winning,1.0,-4454,333,-2466,0,0,0,0,0,0,-200,-803
r1bk1r1b/pp1p3p/2nN3n/2pQq1pN/2P1p3/4P1P1/PP2BP1P/R1B2RK1 w - - 6 17,0,0,white_winning,1.0,-1124,192,-425,-1060,0,-39,400,0,0,0,0
r1b1kb1r/1p6/p3pq2/4np1p/P2p2p1/6P1/1PP1QPBP/R1BNR1K1 b kq - 5 23,10,0,near_equal,0.0,1478,-87,898,0,0,180,400,0,0,0,0
7r/3R1p2/4pk2/8/7P/6P1/2BpK3/8 w - - 5 52,101,1,white_winning,1.0,-8250,349,-2534,-2372,-315,0,0,0,0,0,-2147
4k1nr/rp1bp1b1/p2p1pp1/3N3p/3NP3/3PB3/P1R1BPPP/2R3K1 w k - 0 16,48,0,white_winning,1.0,-4587,691,-3591,0,0,-316,-300,0,0,-200,-180
2kr3r/pppn1p2/4pp1p/2P5/3P4/P2BP3/1P4PP/R4RK1 b - - 0 16,74,1,near_equal,0.0,-1749,60,-1688,0,0,0,0,0,0,0,-61
r3k1nr/p6p/npp3p1/3qNpN1/8/4P3/PPQ2PPP/R1B1K2R b KQkq - 1 13,16,0,white_winning,1.0,-1449,207,-4569,3250,0,-129,-1,0,0,0,0
8/5kp1/p3b3/3n1p1P/r7/B3pP2/pK2N3/R4B2 b - - 1 44,80,1,near_equal,1.0,-2865,-1,2075,-2335,-1350,0,0,0,0,-300,-955
2b5/3k3r/p2ppb1P/2p5/2P1P3/1r1P4/RP2BP2/5K1R w - - 1 30,69,1,black_winning,0.0,4927,-286,1287,1045,1000,0,0,0,0,300,555
8/8/1k2P1p1/1P5p/p2K3P/6P1/8/8 b - - 0 65,128,1,white_winning,1.0,-144,303,-2401,1825,600,0,0,0,0,0,0
r3r1k1/pp3pp1/2p2n1p/q3b3/2B5/1P2P1QP/PB3PP1/R2R2K1 w - - 0 19,21,0,near_equal,1.0,-303,0,-33,0,0,0,30,0,0,-300,0
r3k2r/3q1pbp/1Nnpb1p1/p1p4n/Pp2P3/1N1B2P1/1PP1QP1P/R1BR2K1 b kq - 2 19,0,0,white_winning,0.0,268,231,-128,0,0,75,321,0,0,0,0
1rb1k1nr/pp1p1p2/1qnbp1p1/2p4p/2P1P3/2NP1NP1/PP1BQPBP/R3K2R w KQk - 8 10,0,0,white_winning,1.0,46,166,446,0,0,0,-400,0,0,0,0
r1b1kbnr/1pqp1pp1/p1n1p2p/8/3NP2P/2N1B3/PPP2PP1/R2QKB1R w KQkq - 1 8,0,0,near_equal,1.0,-490,44,-90,0,0,0,-400,0,0,0,0
1NR2br1/5p2/3kp2p/pB4p1/8/PP2PP2/1n2K2P/1R6 w - - 0 32,74,1,white_winning,1.0,-13364,703,-6661,-3250,0,0,0,0,0,0,-2448
r1bqkb1r/5ppp/p1nppn2/1pp5/4P3/2PPB1P1/PP1NNPBP/R2QK2R b KQkq - 1 8,0,0,near_equal,0.0,-37,11,363,0,0,0,-400,0,0,0,0
3rk2r/Bp3ppp/8/bb2p3/8/PP1nP3/3NNPPP/1R1K1R2 w k - 3 23,53,0,black_winning,0.5,-407,-184,-775,0,0,104,164,0,0,100,0
8/8/pkpr4/2p1R3/P1P5/3PKp2/8/8 b - - 1 51,106,1,near_equal,0.5,1326,-51,1392,0,-250,0,0,0,0,0,0
r1bq1rk1/p4p1p/2pb1np1/3pp3/P7/1P1BP3/1BP2PPP/RN1QK2R w KQ - 1 11,10,0,near_equal,0.0,227,-98,-98,0,0,-75,400,0,0,0,0
1k1r3r/pp2npb1/2npb1pp/1Np1p3/2P4P/PP1PPNP1/1B3PB1/3RK2R w K - 3 19,42,0,near_equal,0.5,-157,21,-186,0,0,-75,104,0,0,0,0
1k1r4/1p6/1R4p1/5q1p/8/6P1/2Pr1P1P/R3Q1K1 b - - 0 29,42,0,near_equal,1.0,-218,100,-1565,1025,0,70,252,0,0,0,0
3k4/pp1b4/2pR3P/8/Pr6/5BK1/8/8 w - - 2 44,96,1,white_winning,1.0,1966,239,481,1135,0,0,0,0,0,0,910
4r2k/5r1p/1pbnpp1P/p7/P1PP4/1P1BRN2/5R2/6K1 b - - 2 36,64,0,near_equal,0.0,-679,62,-469,0,0,-41,-169,0,0,0,0
8/8/2k2p2/p3p1p1/3bP1P1/3K4/4R1P1/1r6 b - - 9 64,101,1,black_winning,0.0,10799,-490,7669,0,105,0,0,0,0,0,1820
8/2R5/4qnk1/1p6/p2Q3p/P4P2/1P3KPP/8 w - - 8 39,69,1,white_winning,1.0,-8478,456,-5083,-1180,0,0,0,0,0,0,-1120
rn2k2r/2p1q2p/p2bN1p1/1p3B2/3P4/7N/PPP2PRP/R2QK3 w Qkq - 0 15,16,0,white_winning,1.0,-7272,247,-5517,0,0,-269,-400,0,0,-200,-886
4rrk1/p3b1p1/1q1p1n1p/p1pP1b2/1nP1pN1P/1QN1PP2/1P6/R1BBK2R w KQ - 1 26,0,0,black_winning,0.0,1697,-157,1182,0,0,-75,400,0,0,0,190
3B4/1R3pp1/1b2p1k1/4Pr2/4RP2/6P1/1r6/3K4 b - - 14 65,74,1,near_equal,1.0,5857,-4,300,3450,0,0,0,0,0,0,1212
r2q1k1r/pb2bpp1/np3n1p/3pN1B1/5Q2/P1N3P1/1P2PPBP/3R1RK1 w - - 8 19,0,0,white_winning,1.0,-1481,299,-1018,0,0,-72,-391,0,0,0,0
2kr3r/pp2pb2/1n3bp1/2q2p1p/2p2P1P/1PN1PB2/P1QN1P2/2R1K2R b - - 2 20,10,0,black_winning,0.0,2150,-189,1481,0,0,-75,400,0,0,100,244
r3kb1r/pp1b1ppp/2pp1n2/q2P4/1nP1p3/2N1B3/PP1NPPPP/1QKR1B1R b kq - 1 10,0,0,near_equal,1.0,-734,44,-489,-60,0,82,-267,0,0,0,0
3r3r/1kp2pp1/4b2p/p3N3/2P5/P2BR3/5PPP/R5K1 b - - 1 21,69,1,white_winning,1.0,-5760,433,-4309,0,0,0,0,0,0,0,-711
r2qkbnr/1ppb1pp1/p2p2n1/3Pp2p/4P3/3QBN2/PPP1BPPP/RN3RK1 b kq - 1 9,0,0,near_equal,1.0,-1122,18,-797,0,0,75,-400,0,0,0,0
8/1RR2ppk/1p4rp/4n3/1P6/P3P1P1/5PKP/8 w - - 9 36,90,1,white_winning,1.0,-6649,508,-4325,0,0,0,0,0,0,0,-1339
8/8/3r4/7p/B4nk1/8/5K2/8 b - - 5 43,106,1,black_winning,0.0,12483,-537,7989,0,270,0,0,0,0,0,2729
r3k3/pp2bp1r/2p3n1/7p/1n1B1PbP/4P1P1/P2N4/2R1KBNR b Kq - 1 20,42,0,near_equal,0.5,284,-63,-274,1017,0,-195,-264,0,0,0,0
rnbq1k1r/1p3ppp/p2bp3/2p5/4nB2/P2Q1NP1/1PP2PBP/RN3RK1 b - - 1 11,0,0,white_winning,0.5,1398,218,1269,0,0,0,129,0,0,0,0
rn2k1r1/pp4bp/4q3/4pb2/2P2P2/5Q2/PP5P/2KR1BNR b q - 1 16,16,0,black_winning,0.0,3654,-461,2548,0,0,-124,400,0,0,300,530
r3k2r/p2b1p2/2npp1p1/1N5p/2R1P1n1/P2P1NP1/1bPR1P1P/6KB w kq - 0 21,48,0,near_equal,0.0,2061,-145,2692,-1046,0,112,-56,0,0,300,59
r1bqk2r/pp1pbppp/2n2n2/2p5/4PB2/3Q2P1/PPP2PBP/RN2K1NR b KQkq - 4 8,0,0,near_equal,1.0,-524,19,-124,0,0,0,-400,0,0,0,0
r3kb1r/2p1n1p1/p1nqbp2/3p4/Qp1PP2P/4B3/PP1NNPB1/2R1K2R b Kkq - 3 19,0,0,near_equal,1.0,-986,127,-586,0,0,0,-400,0,0,0,0
rn2qrk1/1p4pp/2pp4/p1b1pbPn/2P5/P1NP1N1P/1PQ2P2/R1B1KB1R w KQ - 2 12,0,0,black_winning,0.0,822,-197,497,0,0,-75,400,0,0,0,0
r3k2r/ppq1bpp1/2pp1nn1/2P4p/1P1Q1PbP/2B1P1P1/P2N4/R3KBNR w KQkq - 1 15,0,0,near_equal,0.5,186,-61,586,0,0,0,-400,0,0,0,0
2kr3r/pp2npb1/2npb1pp/1Np1p3/2P4P/1P1PPNP1/PB3PB1/R3K2R b KQ - 0 14,42,0,near_equal,0.5,-200,-11,-223,0,0,-75,98,0,0,0,0
1k5r/pp3p2/8/3N3p/3P3P/5r2/2K5/4R3 b - - 1 38,90,1,black_winning,0.0,6754,-557,4430,0,187,0,0,0,0,0,1442
r3kb1r/ppp1pp1p/2n2Pp1/3q1b2/P2P4/2PB1N1P/2P2PP1/R1BQK2R b KQkq - 2 10,10,0,near_equal,1.0,59,134,-541,1000,0,0,-400,0,0,0,0
8/5k2/2KR2p1/2P1P2p/1P5P/3r2P1/8/8 b - - 2 48,106,1,white_winning,1.0,-8164,493,-6334,1090,150,0,0,0,0,0,-913
r3k2r/3bn2p/2pQppp1/8/p2N4/3BP2P/1P3PP1/R5K1 b k - 3 29,53,0,white_winning,1.0,-5517,499,-4176,-1056,0,-210,-75,0,0,0,0
4r1k1/2q2pp1/1pp2n1p/pP2r3/2B2Q2/4P2P/P4PP1/2RR2K1 w - - 0 24,32,0,near_equal,1.0,-308,90,-216,0,0,0,-92,0,0,0,0
1n4kr/1p1b1ppp/4p3/1pB1P3/r1Pp2n1/P2P2P1/4P1BP/RN2K2R w KQ - 1 17,53,0,near_equal,1.0,-420,118,-241,56,0,-75,-60,0,0,-100,0
8/1B3p2/6p1/p1P1n2p/1n5P/1PK3P1/5k2/8 w - - 15 49,112,1,black_winning,0.0,5014,-302,2737,0,-80,0,0,0,0,200,1355
r1b1kbnr/1p1npp1p/1q4p1/pN1P4/Q1B5/8/PP3PPP/R1B1K1NR b KQkq - 2 9,0,0,near_equal,1.0,-409,140,-9,0,0,0,-400,0,0,0,0
r4rk1/6p1/p2qpn1p/1p1nN3/3P3P/2Np3R/PP1Q4/1K1R4 b - - 1 25,21,0,black_winning,0.5,903,-185,2905,-1852,-500,0,350,0,0,0,0
2r4k/5rpp/pQb5/7P/PP4nR/4BqP1/5P2/R5K1 w - - 8 32,26,0,black_winning,0.0,1362,-468,1543,-830,0,299,350,0,0,0,0
4k2r/pp2pp1p/3p4/n2r2p1/Pb6/1p1BP1P1/q2NKPP1/4Q2R w k - 0 26,32,0,black_winning,0.0,12166,-480,10287,30,-75,0,167,0,0,0,1757
r1bqk2r/1p4b1/p3p3/5p1p/P4np1/2PpN1P1/1P3PBP/R3RQK1 w kq - 0 28,16,0,black_winning,0.0,1072,-267,3922,-3250,-375,75,400,0,0,300,0
2r1kb1r/pp1bpppp/2np4/3n2N1/Pq2P3/3BB2P/1P3PP1/R2QR1K1 w k - 0 14,5,0,near_equal,1.0,2687,39,4272,-2235,0,75,-34,0,0,200,409
1r5r/p1k1n3/2p3p1/2R1Np1p/8/1P2PN2/P4PPP/4K2R b K - 0 21,69,1,white_winning,1.0,-7249,333,-5441,0,0,0,0,0,0,-200,-913
rnbqkb1r/pp3pPp/8/4p3/2P5/2p5/PP1P1P1P/R1BQKBNR b KQkq - 0 8,10,0,near_equal,0.0,424,110,-1242,1116,150,0,400,0,0,0,0
2k1r3/pp5p/2pb2p1/3b2R1/7r/PP1BN2P/2P1KP2/R7 b - - 0 25,64,0,black_winning,0.0,2829,-260,714,1078,0,-75,300,0,303,300,209
8/8/3Q1nk1/1p6/p1q4p/P4P2/1P3KPP/4R3 b - - 1 35,69,1,white_winning,1.0,-7715,451,-5768,0,0,0,0,0,0,0,-852
1r3nkr/B1R2pp1/8/pP2p3/2P5/6P1/4P3/R5K1 b - - 1 32,74,1,white_winning,1.0,-2250,263,-1367,0,-228,0,0,0,0,0,-67
r3k2r/pp1n1pb1/3pp1p1/q2B1bNp/2P5/P1N1Q1P1/1P2PP1P/2R1K2R w Kkq - 0 15,10,0,near_equal,1.0,-907,-46,288,-1015,0,-147,-133,0,0,100,0
8/8/1r4p1/7p/1PR1P2P/4kPK1/8/8 b - - 4 54,106,1,white_winning,0.5,-5135,223,-3228,0,450,0,0,0,0,0,-952
r3brk1/2q1n2p/3p2p1/1p1P1p2/p1pQ2P1/P3PNRP/BP3P2/R3K3 w Q - 2 24,21,0,near_equal,0.5,-463,-35,156,0,0,-269,-350,0,0,0,0
r1bqkb1r/pp2pp1p/n1p2np1/6B1/3Pp3/2N3PP/PPP1NP2/R2QKB1R b KQkq - 2 7,0,0,near_equal,0.0,1135,-103,1000,0,0,0,135,0,0,0,0
3R4/4nk2/8/2r4P/8/2PK4/2P5/4B3 w - - 9 73,96,1,white_winning,0.5,-5058,301,-4871,1862,-240,0,0,0,0,0,-619
8/8/3pk3/2p1p3/R1b1PbK1/1r3B2/1P3P2/8 b - - 1 47,90,1,black_winning,0.0,10280,-458,5814,1045,0,0,0,0,0,300,1671
r3kb1r/5pp1/p3pn1p/1Pp5/Nn6/1P2Pb2/PB2BPPP/3RK2R w K - 0 16,48,0,near_equal,1.0,883,148,2928,-2427,0,134,48,0,0,200,0
r3k2r/3bn2p/2pQppp1/8/p7/3BPN1P/1P3PP1/R5K1 w k - 2 29,53,0,white_winning,1.0,-4486,604,-4252,0,0,-168,-66,0,0,0,0
r3k2r/pp1q1pb1/2nBp3/2Pp1p2/8/1QP3p1/1P2PPBP/R4RK1 w kq - 0 18,21,0,near_equal,1.0,47,-10,872,-1000,0,125,350,0,0,-300,0
4r1k1/3Q1p2/1p4p1/pNqpr3/P6p/1P2P2P/5PP1/3R2K1 w - - 8 41,48,0,black_winning,0.0,3013,-150,1777,0,0,63,151,0,0,0,1022
2r1k2r/pp1b1pp1/1q2pn1p/1N1p4/Pb1P4/3BPN1P/1PQ2PP1/R4K1R w k - 2 15,10,0,near_equal,0.5,-414,-88,-189,0,0,75,-400,0,0,100,0
5rk1/2K4p/3N2p1/1P2Rp2/2P4r/8/8/8 w - - 2 40,90,1,near_equal,1.0,2852,65,2900,0,-843,0,0,0,0,0,1100
8/5k2/8/1pp1R3/3r1nNr/P1K2P2/8/6R1 w - - 0 42,74,1,near_equal,0.5,-1051,7,725,-1491,-285,0,0,0,0,0,0
4kb1r/pp3ppp/8/2rb4/7P/P1B5/1P3PP1/2KR1B1R w k - 0 23,64,0,near_equal,1.0,211,108,87,0,0,102,22,0,0,0,0
rnb1k1nr/1p2ppbp/p2p2p1/8/3NP3/2N1B3/PqP1BPPP/R2Q1RK1 w kq - 0 9,0,0,near_equal,1.0,17,113,455,0,0,-38,-400,0,0,0,0
3rkbr1/1P3pp1/p2np2p/2N5/8/PP1BPP2/1B1K3P/2R4R w - - 1 25,58,0,white_winning,1.0,-8107,721,-5471,-1066,150,-247,-188,0,0,-300,-985
3k4/8/4P1p1/2q4p/p1P2Q1P/6P1/2K5/8 w - - 1 57,85,1,near_equal,1.0,-627,118,-1942,0,1335,0,0,0,0,0,0
2b1k1nB/rp1n3p/1q2N1p1/p7/Q1B5/8/PP2NbPP/R4K1R b - - 0 17,10,0,white_winning,1.0,-7983,350,-6171,0,0,-400,-400,0,0,0,-1012
1r1qkb2/pp6/2p2ppp/P2Pn3/3N2PP/3P4/5PQ1/R3K2R w KQ - 0 21,37,0,white_winning,1.0,-3210,188,-2574,39,0,0,-300,0,0,0,-375
4k1r1/pb2np1p/4pp2/qp1p4/3P3P/6P1/PP1NPPB1/2Q1K2R b K - 2 18,42,0,near_equal,0.5,795,23,-374,1017,0,-109,261,0,0,0,0
8/6k1/8/2q1NK2/8/8/8/8 b - - 11 59,101,1,black_winning,0.0,14023,-341,9550,0,0,0,0,0,0,0,3068
Nn5r/pb2k1pp/3R1p2/1p4B1/4P3/8/PP3PPP/6KR w - - 1 22,74,1,white_winning,1.0,-9725,347,-7346,0,0,0,0,0,0,0,-1729
r4rk1/5p1p/3p2p1/1N2p3/1PP5/5KPP/5P2/7R w - - 0 27,90,1,near_equal,1.0,932,-136,1760,-1090,262,0,0,0,0,0,0
4Q3/1R2pn1k/3p2p1/B1pP3p/4B3/PK1PP3/8/5q2 b - - 8 52,58,0,white_winning,1.0,-11612,232,-7214,0,105,-49,-38,-2319,180,-300,-1977
r3k2r/1pqn1ppp/2p1pn2/p6b/1bNP4/1Q2PN1P/PP1BBPP1/R4RK1 b kq - 3 13,0,0,near_equal,1.0,-330,37,-5,0,0,75,-400,0,0,0,0
r3k2r/ppq2p1p/1n1bpp2/8/3P4/2NB1P2/PPQ2P1P/R3K2R w KQkq - 0 15,21,0,near_equal,0.0,-7,-20,289,0,0,0,-296,0,0,0,0
2r1k2r/1bq1bppp/pp2p3/4p3/1PP1P2P/P1NBQ3/5PP1/R3K2R b KQk - 3 17,21,0,near_equal,1.0,-311,-36,-269,0,0,0,-342,0,0,300,0
r1b1kb1r/ppq2pp1/3ppn1p/2p5/P1P1PP2/2N1B3/1PP1N1PP/R2Q1RK1 b kq - 1 10,10,0,near_equal,1.0,-628,48,-403,0,0,75,-400,0,0,100,0
7r/pp2k1r1/2b1p3/2p1p3/2P1P3/1P3B1N/1K3P2/7R b - - 0 36,80,1,black_winning,0.0,4967,-542,3124,0,0,0,0,0,0,0,903
8/Q7/3q4/3p4/3P1N2/bk3BPp/5P1K/8 w - - 7 62,69,1,white_winning,1.0,-9759,403,-5697,-1135,-1000,0,0,0,0,0,-1232
2r1k1nr/ppq1ppb1/n2p2p1/1NpP3p/2P1P1bP/P2B4/1PQ2PPN/R1B1K2R b KQk - 3 13,0,0,white_winning,1.0,599,184,999,0,0,0,-400,0,0,0,0
7k/7p/1p5P/p2br3/P2R1p1N/5B2/1r6/5K2 b - - 3 60,80,1,black_winning,0.0,7195,-428,5967,0,-585,0,0,0,0,0,1273
8/1p6/p7/P4p1p/1P1k3P/4p1P1/8/4K3 b - - 1 44,128,1,black_winning,0.0,2262,-410,2424,0,-750,0,0,0,0,0,588
r2q1k1r/1pp1bpp1/2n1bn2/p2p4/3P3p/PP1BPN1P/1BQN1PP1/R3K2R w KQ - 0 14,0,0,near_equal,0.0,-685,82,-210,0,0,-75,-400,0,0,0,0
r1bqk2r/pp1pbppp/2n2n2/2p1p3/2P1P1P1/2N2N1P/PP1P1P2/R1BQKB1R b KQkq - 0 7,0,0,near_equal,0.0,-354,-33,-185,0,0,0,-169,0,0,0,0
3r4/5k2/1p1b3p/pP6/N2PpppP/1P4P1/R4P2/7K b - - 1 38,96,1,black_winning,0.5,1981,-178,1653,-90,375,0,0,0,0,0,43
r1b1k1nr/1p1nbppp/pqp5/4p3/P2P4/1pN1PNP1/1B3PBP/R2Q1RK1 w kq - 0 12,0,0,white_winning,1.0,-573,155,1377,-1000,-625,75,-400,0,0,0,0
r1b1k1nr/1p1n3p/1q2p1p1/pNb5/Q1B2B2/8/PP2NPPP/R3K2R b KQkq - 3 12,0,0,white_winning,1.0,-265,188,-751,1015,0,-129,-400,0,0,0,0
8/p3k3/R1np3r/1Rr5/1p3N1P/1P4P1/P4PK1/8 w - - 5 41,74,1,white_winning,1.0,-4404,476,-3253,0,360,0,0,0,0,0,-661
2r5/4kp2/4p3/8/B6P/3R2P1/3p4/3K4 w - - 11 55,101,1,white_winning,1.0,-7705,264,-2064,-2335,-525,0,0,0,0,0,-2131
2k4r/p6p/2P3p1/2r1pp2/3N4/4P1P1/b2K1PBP/7R w - - 0 29,80,1,black_winning,0.0,3475,-288,1501,0,750,0,0,0,0,0,574
7r/5R2/2k2Pp1/3p4/3p1BP1/PP1K1P1p/7P/8 b - - 0 43,101,1,white_winning,1.0,-14638,512,-7653,-1825,-887,0,0,0,0,0,-2750
r1b1kb1r/1pq1pp1p/2pp1np1/p7/3P1P2/2P2N2/PPQNBPPP/R3R1K1 w kq - 0 12,10,0,near_equal,1.0,-911,5,-686,0,0,75,-400,0,0,100,0
r3k2r/2qn1ppp/2p1p3/p1Bp4/1P1Pn3/Q3PN2/P4PPP/2RR2K1 b k - 5 19,21,0,near_equal,1.0,-608,40,-733,200,0,75,-350,0,0,200,0
6r1/1pk1bp2/2p2n2/p4bBp/P1P1p2P/1PR5/3NPPB1/4K3 w - - 7 30,74,1,near_equal,0.0,679,-17,679,0,0,0,0,0,0,0,0
1kn1N3/1p2q1b1/2p3p1/7p/p1B1P3/2P3PP/PPK2Q2/8 w - - 4 29,64,0,near_equal,1.0,775,4,-1407,1207,397,-50,-158,0,786,0,0
1r3k2/3b1p2/p5p1/2q1p1N1/B7/P1P4r/4P1QP/5R1K w - - 0 31,37,0,white_winning,1.0,1181,191,2606,-1544,0,-26,145,0,0,0,0
4kb1r/Qpqnp2p/p4pp1/8/8/5N2/PP2NPPP/6KR w k - 6 27,42,0,black_winning,0.0,635,-168,717,0,0,75,43,0,0,-200,0
1B2r1k1/Q3q3/4p3/p2p2pp/2p5/8/P5PP/2R2R1K w - - 2 40,48,0,white_winning,1.0,-7192,674,-4672,-1069,-625,380,136,0,0,0,-1342
8/5kq1/4p3/2Qp1p2/8/8/5K2/5B2 b - - 11 71,80,1,near_equal,0.5,533,-9,968,0,-435,0,0,0,0,0,0
1r1qkb1r/ppp1n1p1/2n1ppp1/1B1p4/3P2PP/4PQ2/PPPN1P2/R1B1K2R b KQk - 1 10,10,0,near_equal,1.0,-561,76,-767,0,0,0,306,0,0,-100,0
8/5pk1/pR5p/P4p2/4pP1P/4P1P1/2r5/5K2 b - - 3 47,106,1,near_equal,0.5,-1457,0,-367,-1090,0,0,0,0,0,0,0
R4rk1/3P4/4R1p1/1rp3P1/1nNb4/1p6/1P3N2/5K2 b - - 4 68,64,0,white_winning,1.0,3427,199,-677,3922,-30,-406,77,0,0,-200,741
r2rn1k1/pp3ppp/4bn2/2R5/4p2P/1P1PP1P1/1P1B1PB1/4NK1R w - - 1 20,53,0,near_equal,0.0,-771,8,-758,56,0,-6,37,0,0,-100,0
2k5/pR6/R1np3r/8/1N5P/1P4P1/P1r2PK1/8 w - - 1 44,74,1,white_winning,1.0,-6007,481,-4364,0,285,0,0,0,0,0,-1188
r7/1p1r4/2p5/2kn2Q1/p3B3/4P2P/PP3PP1/R5K1 w - - 1 42,64,0,white_winning,1.0,-11197,814,-9880,0,0,0,-245,-30,0,0,-1042
6k1/7p/2N3p1/1r4P1/5p2/2P1nP2/P4QBq/2K3R1 w - - 1 37,48,0,near_equal,0.5,-5956,53,-5050,0,0,122,-100,0,0,0,-928
r3k2r/1bqp1p2/pp2p1p1/4n2p/2P1Pb1P/5N1R/PPQ1NPP1/3RKB2 b kq - 3 17,10,0,near_equal,0.0,2183,-131,1092,1045,0,0,-307,0,0,100,253
7k/5rpp/p1r5/7P/PP4nR/4BqP1/5P2/R5K1 w - - 0 33,53,0,black_winning,0.0,8563,-352,7368,0,0,192,87,0,0,0,916
8/6k1/P1q1B1pp/8/3b1P1P/P2R2P1/2Q5/5K2 b - - 0 39,64,0,white_winning,0.5,-9089,271,-10263,6550,250,-767,-33,-2835,0,0,-1991
6R1/1k6/1pb5/pNp2p1r/P1P2R1P/4rP2/2P5/2K5 w - - 7 55,74,1,near_equal,1.0,897,58,-478,1090,285,0,0,0,0,0,0
4k2r/pp2pp1p/3p4/n1rP2p1/P7/qpbBP1P1/3N1PP1/1Q2K2R w Kk - 0 23,32,0,black_winning,0.0,10316,-490,7750,1090,-75,0,-219,0,0,0,1770
5k2/R7/8/4PP2/8/5K2/8/2r5 w - - 5 63,106,1,white_winning,1.0,-6059,413,-4395,0,520,0,0,0,0,0,-1052
r2k3r/1pq5/1npp2p1/4ppPp/p2P4/2P2QP1/PP2RPNP/4R1K1 w - - 0 25,32,0,near_equal,1.0,-894,126,142,-1045,0,75,-66,0,0,0,0
3r4/R4pkp/4p1p1/8/p2pP3/2r3P1/R4P1P/3B1K2 w - - 4 35,80,1,white_winning,1.0,-4709,289,-112,-1825,-920,0,0,0,0,0,-1112
2r1kb1r/pp1bpppp/2np1n2/3N2N1/Pq2P3/3BB2P/1P3PP1/R2QR1K1 b k - 12 13,0,0,near_equal,1.0,1270,127,580,1015,0,75,-400,0,0,0,0
2r2k1r/p2qpp1n/Q2p2p1/BPpP2Pp/7P/P2PP3/5P1b/1R2KR1B b - - 4 27,21,0,white_winning,1.0,-1787,252,-1062,0,0,-75,-350,0,0,-300,0
6rr/3k4/p6p/3n2B1/7P/P2P4/5bP1/R2K3R w - - 0 30,69,1,black_winning,0.0,3077,-323,2090,0,0,0,0,0,0,0,292
3r4/2k2p2/1p2b3/p1p4r/P4R1P/2P1NP2/2P1K3/7R w - - 5 38,74,1,near_equal,1.0,350,37,-85,0,435,0,0,0,0,0,0
r1b1k2r/pp1pppb1/n5p1/q1P4p/2P5/2N1Q1P1/PP2PPBP/2R1K1NR b Kkq - 2 10,10,0,near_equal,1.0,-608,12,-1233,1060,0,-135,-400,0,0,100,0
1b4r1/1N2kp2/1p4pp/p2bP3/8/3rP1P1/6BP/1R3RK1 b - - 5 37,64,0,black_winning,1.0,3675,-288,2246,974,105,-113,-300,-69,0,300,532
8/5ppp/3p1k2/r1p5/1p2Bn1b/5P1P/1PP2P1R/2K1R3 b - - 3 26,80,1,black_winning,0.0,-902,-167,143,-1045,0,0,0,0,0,0,0
r7/8/3BP3/p5kp/R7/4P1K1/8/8 w - - 1 62,101,1,white_winning,1.0,-9229,577,-5128,0,-695,0,0,0,0,0,-1536
8/pk2n3/r1pr2p1/2R2p1p/P2N4/1P1NP3/3K1PPP/7R w - - 3 26,69,1,white_winning,1.0,-7964,588,-5911,0,0,0,0,0,0,-200,-913
3q1rk1/1p4pp/p1p5/2p1pr1P/2P5/PNb1BN1P/R1Q2P2/5K1R w - - 4 22,21,0,white_winning,1.0,-5752,318,-3343,-1245,0,0,350,0,0,-200,-1314
r2kr3/p2p4/bpn4n/2p1b1N1/2P2Np1/4P1PP/PP2BP2/R1BR2K1 b - - 0 24,42,0,white_winning,1.0,-3385,341,-2851,0,0,75,-49,0,0,0,-560
r1b3k1/1p2r3/p3p3/5p1p/P4qp1/2P1R3/RP2QPBP/6K1 w - - 3 37,32,0,near_equal,0.0,105,-15,-121,0,0,105,121,0,0,0,0
8/pp2rp1p/2r2Nk1/5R2/P1PPp1P1/1P2K3/7b/5R2 w - - 2 41,74,1,white_winning,1.0,-4739,313,-237,-1825,-845,0,0,0,0,0,-537
r3rk2/1p4nQ/2p3B1/3nq1p1/p7/4P2P/PP3PP1/R2R2K1 w - - 0 36,26,0,white_winning,1.0,444,170,328,-535,0,101,350,0,0,200,0
4k2r/2r1Ppbp/n1p3p1/3q4/P2P4/1NQ2NP1/1P3P1P/R3R1K1 b k - 4 25,21,0,white_winning,1.0,-3362,331,-5103,2097,417,-62,-350,0,0,-200,-161
7r/pp2k1r1/2bpp3/2p1p3/2P1P3/1P1P3N/1K2BP2/7R w - - 1 34,80,1,black_winning,0.0,5306,-423,3492,0,0,0,0,0,0,0,874
3r2k1/5p2/2pBp1p1/r6p/p1R2P1P/2P3P1/P1P1B3/2KR4 b - - 2 32,74,1,white_winning,1.0,-10968,597,-8106,0,0,0,0,0,0,-300,-1977
8/2k5/2pp1p2/4p1p1/p3r3/B1R5/8/3K4 b - - 1 48,101,1,black_winning,0.0,8061,-377,6710,0,-452,0,0,0,0,0,1108
r7/8/pp2R1p1/4B1P1/2nPk3/P7/4K3/8 b - - 0 46,96,1,near_equal,0.5,-1625,-10,-1581,0,45,0,0,0,0,0,-89
3nk3/8/R5P1/1p1Bp3/3bP2P/p1p2P2/P3K3/8 b - - 0 62,101,1,white_winning,1.0,-5816,505,-3695,0,-300,0,0,0,0,0,-1080
8/4p2k/6p1/1p2Q3/4PP1P/q1P5/3K4/8 b - - 8 64,85,1,near_equal,0.5,-2267,53,-1883,0,0,0,0,0,0,0,-384
4r3/4P3/3K4/7p/2b5/7k/8/3R4 b - - 0 80,101,1,black_winning,0.5,7394,-161,4188,0,593,0,0,0,0,0,1608
2r1r1kb/ppnb1p2/q2p2p1/2pPp1Nn/2P1P3/P1NBBP1p/1P5Q/1K2R1R1 w - - 4 25,0,0,near_equal,0.0,-733,137,2035,-1852,-500,-16,-400,0,0,0,0
3r1k2/1pqbnp1r/4p1pp/p3p2n/P1PpP3/1P1B1QPP/2NB1P2/2R1R1K1 w - - 0 23,10,0,near_equal,0.0,-403,46,84,0,-646,-20,279,0,0,-100,0
r3k2r/ppp1qpp1/2npb2p/8/3P4/P1PBnN2/2PQ1PPP/R3R1K1 w kq - 0 13,16,0,near_equal,1.0,80,68,3224,-3250,0,75,-169,0,0,200,0
8/8/2kp4/2p1pp2/p3r1p1/6R1/1B6/3K4 w - - 0 52,101,1,black_winning,0.0,8530,-422,7788,0,-1737,0,0,0,0,0,1108
r3r1k1/1pq2ppp/2p2n2/3n4/p2Pp3/N3P2P/PPQ1BPP1/R2R2K1 b - - 5 23,21,0,near_equal,1.0,966,-34,366,0,0,50,350,0,0,200,0
2b2knr/1pNn3p/rq2p1p1/p7/Q1B2B2/8/PP2NbPP/R4K1R w - - 4 15,0,0,white_winning,1.0,55,255,943,-735,0,16,-169,0,0,0,0
rn1qk2r/p3ppbp/1ppPb1pn/8/3P4/1QP2N2/PP2BPPP/RNB1K2R w KQkq - 1 10,0,0,near_equal,1.0,-1287,80,-887,0,0,0,-400,0,0,0,0
7k/5rpp/p2r4/7P/PP1B2nR/5qP1/5P2/R5K1 w - - 2 34,53,0,black_winning,0.0,8467,-317,7244,0,0,221,86,0,0,0,916
r2qk2r/1p3pp1/2n2n1p/p1p1p2b/2P4P/P2BPPP1/1PQ4N/R1B1K2R b KQkq - 0 15,10,0,near_equal,0.5,-111,-70,-411,0,0,0,400,0,0,-100,0
r2q1k1r/pb3pp1/1p5p/2nNQ3/8/P5P1/1P2PPBP/3R1RK1 w - - 1 22,21,0,white_winning,1.0,-3141,424,-2364,0,0,-204,-350,0,0,0,-223
r2q1k2/p2pbB1r/1p2pnQp/2p1N3/2PP4/1PN1P1P1/P4P1P/R1B1K2b b Q - 0 14,16,0,white_winning,0.5,-2810,200,-1778,0,0,-381,-400,0,0,-200,-51
5k2/4p3/8/1K3P1P/4Q3/2q5/8/8 w - - 1 78,85,1,near_equal,0.5,-1310,9,-1434,0,200,0,0,0,0,0,0
r1bqk2r/pp1nbppp/2np4/2p1p1P1/2P1P3/2N2N1P/PP1P1P2/R1BQKB1R w KQkq - 1 9,0,0,near_equal,0.0,665,-51,-216,860,0,0,21,0,0,0,0
2r1k3/pb6/8/1p2p2p/4P2P/5P2/PP2RK2/3R4 w - - 0 35,90,1,white_winning,1.0,-5288,516,-3649,0,0,0,0,0,0,0,-944
1r1bk2r/p2q1p2/Rpn1p3/1QPp1p2/5P2/2P1P1B1/1P4BP/5RK1 w k - 2 23,21,0,near_equal,1.0,-695,38,-239,0,0,75,-231,0,0,-300,0
8/2q1bpk1/4p3/3pN2p/Q2P2p1/P2B2PP/5PK1/8 b - - 2 44,69,1,white_winning,1.0,-5602,388,-3951,0,0,0,0,0,0,0,-711
r3k1nr/ppq1ppbp/1nppb1p1/P7/3PP3/2N2N1P/1PP1BPP1/R1BQ1RK1 b kq - 0 9,0,0,white_winning,1.0,-397,175,-72,0,0,75,-400,0,0,0,0
5k2/p1q1p3/6p1/1p1P1p2/2rb3r/1QB3RP/1P2PP2/3RK3 b - - 14 38,32,0,near_equal,0.5,856,-92,407,0,0,149,300,0,0,0,0
2r3k1/1b1rnpp1/1p1bp2p/1P1p2P1/p1PP3P/P2BBP2/3N4/2R3KR b - - 1 24,53,0,near_equal,0.0,-108,-133,3,56,0,-126,-41,0,0,0,0
r3r3/1pp2pk1/p1nb3p/6p1/3P4/4N3/PPP1BPPP/2KR3R b - - 2 20,64,0,white_winning,1.0,-1424,153,-1354,0,0,0,-70,0,0,0,0
rn1qk2r/pp2ppbp/2p1b1p1/3n4/2pP1B2/2N1PNPP/PPQ2P2/R3KB1R b KQkq - 0 9,0,0,near_equal,0.0,-854,-144,415,-869,0,0,-400,0,0,0,0
r1bqkb1r/1p1p1ppp/p1n1p3/8/P1BQP3/7P/1PP2PP1/RNB1K2R w KQkq - 3 9,10,0,near_equal,0.5,-572,-3,-172,0,0,0,-400,0,0,0,0
r1b1kbnr/1pq1pppp/2pp4/p7/3P1n2/2P1PN2/PPQNBPPP/R4RK1 w kq - 0 10,5,0,black_winning,1.0,-538,-193,2737,-3250,0,75,-400,0,0,300,0
r2r2k1/pp2bppp/4bn2/2pnp3/7P/1PNPP1P1/1P1B1PB1/2R1NK1R b - - 3 16,42,0,near_equal,0.0,1228,-83,928,0,0,0,300,0,0,0,0
1r6/k7/6p1/6P1/5P1R/1P6/5rP1/3K4 w - - 1 67,96,1,black_winning,0.0,4462,-359,2898,0,0,0,0,0,0,0,869
r1bqk2r/ppp2ppp/2n2b2/3np3/1P6/P3P1P1/3P1P1P/RNBQKBNR w KQkq - 1 8,0,0,near_equal,0.5,769,-51,369,0,0,0,400,0,0,0,0
r1bqk1nr/pp1pbppp/2n5/2p5/4P3/3Q2P1/PPP2PBP/RNB1K1NR b KQkq - 2 7,0,0,near_equal,1.0,-392,33,8,0,0,0,-400,0,0,0,0
r1b1kb1r/1p1npp1p/pqp2np1/8/P1BP4/4PN2/1PQ2PPP/RNB1K2R b KQkq - 0 9,0,0,near_equal,0.0,-1023,48,-623,0,0,0,-400,0,0,0,0
rnb1k1nr/3q1pb1/2p1p1pp/1p6/pPPP1B2/P1N2N2/2B1QPPP/R3R1K1 w k - 3 18,0,0,white_winning,1.0,-2613,425,-1879,-155,0,-149,-400,0,0,0,-30
r4k1r/pp1bqpp1/2p2n2/P3p1Np/R3P2P/1PN1Q1P1/2P2PB1/4K3 b - - 2 22,26,0,black_winning,0.0,1809,-182,2052,0,0,-75,-350,0,0,-200,382
rn2k2r/pp2ppbp/1qP2np1/5b2/3P4/1QN1P3/PP3PPP/R1B1KBNR b KQkq - 0 8,0,0,near_equal,0.0,-2013,100,-2290,1000,0,-133,-400,0,0,0,-190
8/pp6/3kp3/8/2P1pr2/1NK5/5P2/8 w - - 2 48,112,1,black_winning,0.0,7637,-483,4602,0,0,0,0,0,0,0,1785
2r1k2r/1p3p2/2bqpnpp/3p4/Pp1P3P/1Q1BP3/1P3PP1/R3NK1R b k - 1 20,21,0,near_equal,0.5,524,8,99,0,0,75,350,0,0,0,0
r3kb1r/pp1b1ppp/n3p3/8/3N4/1PB1P3/P2N1PPP/R3K2R b KQkq - 1 15,53,0,near_equal,0.5,-905,-47,-771,0,0,0,-234,0,0,100,0
r2qkb1r/pQp1npp1/2n4p/3p1b2/3P4/P1N2N2/1P2PPPP/R1B1KB1R b KQkq - 0 8,0,0,near_equal,0.5,-1178,61,-1451,0,0,0,273,0,0,0,0
6k1/7p/6p1/4R3/4P1b1/1r4P1/3K1P1P/8 w - - 6 51,101,1,black_winning,0.5,2173,-169,1611,0,-83,0,0,0,0,0,645
2Q2b1r/1p3kpn/p2q4/3np3/P7/4B2p/1PP1BPPP/R3R1K1 b - - 0 22,26,0,white_winning,1.0,-7501,401,-6094,-815,0,0,350,0,0,-100,-842
1kr5/p3pb2/1p3bp1/2q2p1p/2r2P1P/2N3R1/PQ3P2/1NR1K3 b - - 3 29,21,0,black_winning,0.0,7855,-657,3811,2090,0,504,350,0,0,100,1000
r1b1kb1r/ppp1pp1p/2n2Pp1/3q4/P7/2P2N1P/2PP1PP1/R1BQKB1R w KQkq - 1 9,10,0,white_winning,1.0,-396,161,-733,0,0,0,337,0,0,0,0
8/1p5p/3R2p1/1kp5/p7/8/7r/4K3 w - - 0 54,106,1,black_winning,0.0,12225,-636,8068,0,420,0,0,0,0,0,2272
rn1qk1nr/1p2bppp/p2pb3/2pQ2B1/2B1P3/2N5/PPP2PPP/R3K1NR w KQkq - 4 8,0,0,near_equal,0.0,-2462,-16,-759,-1015,0,-95,-400,0,0,0,-193
rn2kb1r/1pq1pp1p/p1p2np1/3p1b2/2PP4/4PN1P/PPBN1PP1/R1BQK2R b KQkq - 2 8,0,0,near_equal,0.5,-184,7,206,0,0,0,-390,0,0,0,0
8/R5p1/1p3kp1/p1p1p3/P1Pn4/6P1/1B5P/6K1 w - - 4 39,106,1,white_winning,1.0,-4968,449,-2900,0,90,0,0,0,0,0,-1308
r2qkb1r/1p2pp1p/p1n1bnp1/2Pp4/3N1B2/P1N4P/1PP1PPP1/R2QKB1R b KQkq - 2 8,0,0,near_equal,0.0,-977,46,-1290,0,0,0,313,0,0,0,0
8/p2p1k2/1p2p3/4P3/2P1P3/1Pp4r/P3R2P/2K5 w - - 2 28,106,1,near_equal,0.5,-942,22,58,0,-1000,0,0,0,0,0,0
3r4/1B6/2Pk2p1/p1rbpp1p/7P/R3PPP1/3NK3/8 b - - 0 41,80,1,black_winning,0.0,6851,-455,2703,2102,-85,0,0,0,0,0,1265
r1b1k2r/p4pp1/1p1bpn1p/3p4/1nPP4/1P2BN2/P2N1PPP/RB3K1R w kq - 0 13,42,0,near_equal,0.0,46,-23,6,0,0,75,-35,0,0,0,0
r1bqk2r/pp2bppp/8/2p5/1P2pB2/6P1/PP1Q1P1P/RN2K1NR b KQkq - 0 12,16,0,near_equal,1.0,58,148,-1641,1000,0,199,400,0,0,100,0
k2r3q/1p6/pQb5/4R3/1P1PP3/P4PPB/8/4K3 b - - 0 42,53,0,near_equal,0.5,-4334,114,-6168,3450,193,-697,-300,0,0,0,-812
3r1k1r/5pp1/1pp1p3/p2qP3/P2P1B2/2b2PP1/5Q2/1R1R2K1 w - - 8 39,32,0,near_equal,1.0,1291,-143,1596,6,0,-30,-281,0,0,0,0
2r3k1/p4ppp/4p3/P1rqb3/R7/2P1P2P/1BQ2PP1/2R3K1 w - - 3 29,32,0,near_equal,1.0,564,22,-773,1060,0,0,277,0,0,0,0
r1b1kb1r/pp3p2/3ppnpp/2p5/1q1nP3/P1NP1NP1/1PPQ1PBP/R1B1R1K1 b kq - 0 11,0,0,near_equal,0.0,3,98,25,0,0,75,-97,0,0,0,0
1r5r/5kp1/1p1bpn1p/pP1p1p2/3P3P/1P2N1P1/4PPB1/R4K1R b - - 0 27,64,0,black_winning,0.5,844,-168,756,0,0,0,88,0,0,0,0
1nr1kb1r/pp1b1ppp/3p4/q2n4/3BN3/P1NQ4/1P2PPPP/2KR1B1R b k - 2 15,0,0,near_equal,1.0,-316,48,9,0,0,75,-400,0,0,0,0
6bk/7p/1p5P/p3r3/PR3p2/5B2/6N1/5K2 b - - 0 62,90,1,near_equal,0.0,2356,-42,-844,3175,-825,0,0,0,0,0,850
2rqk1nr/1p3ppp/3p4/1N2p3/1PPpP3/2P5/5PPP/1R1QK2R w Kk - 1 17,32,0,near_equal,1.0,226,118,116,45,0,0,65,0,0,0,0
r2q1rk1/1p4p1/3n2Qp/p1p3P1/2P4P/PPp2P2/7N/R1K1R3 b - - 3 26,32,0,black_winning,0.5,-1311,-156,391,0,-500,-998,-204,0,0,0,0
r1r3k1/4n1b1/pp1q2p1/P1pPp2p/2Q1Pp2/2N2P2/1P3BPP/3R1RK1 w - - 1 25,21,0,white_winning,0.5,-913,199,-1063,0,500,0,-350,0,0,0,0
r3k2r/1pp2pp1/2n1b2p/p2P4/2P5/P2BRN2/5PPP/R5K1 b kq - 0 18,64,0,white_winning,1.0,-525,316,-182,0,0,-43,-300,0,0,0,0
r3k2r/5p2/4p3/pP1pP1pp/Q1p1P3/4q3/P5PP/B1RR3K b - - 1 28,37,0,white_winning,1.0,-1197,317,-2114,1000,-280,497,-300,0,0,0,0
2r1kbnr/pp3ppp/q1n1p3/2ppP3/P2P2Q1/2P1B2P/1P2NPP1/RN2K2R b KQk - 6 11,10,0,near_equal,1.0,-437,-14,-37,0,0,0,-400,0,0,0,0
4k1n1/4b3/8/2qQPprp/1p3N2/3R3P/1P1N1PP1/6K1 w - - 0 32,42,0,white_winning,1.0,-5506,520,-3900,0,160,-638,-300,0,0,-200,-628
r3k2r/3n3p/p2qNbp1/1PpP4/4BP2/2P4N/1P4RP/R2Q1K2 b kq - 0 21,16,0,white_winning,1.0,-6766,641,-6524,1000,517,-254,-400,0,0,-200,-905
8/2r1k3/1R2p1pb/7p/p1Nr3P/1P1p1R2/P4PP1/3K4 w - - 0 38,74,1,near_equal,0.0,1737,0,2189,135,-700,0,0,0,0,0,113
4kbnr/p5p1/2p1N3/3pPp1p/qn1P4/1R2B2P/1P3PP1/1N1Q2K1 b k - 0 22,32,0,white_winning,1.0,-1447,325,-1654,0,650,-143,-300,0,0,0,0
1k1r3r/pp2n1b1/4b1pp/1NP1np1P/3p4/B2P2P1/3N1PB1/2R1K2R w K - 1 26,42,0,near_equal,0.5,3053,-42,1327,1034,0,3,252,0,0,0,437
3r1k1r/pp1bq1p1/2p2p2/P3p2p/R3P1nP/1PN2NP1/2P1QPB1/4K3 w - - 2 25,26,0,black_winning,0.0,2690,-233,2616,0,0,-75,-33,0,0,-200,382
2r1kb1r/pp2pppp/2npbn2/q7/P3P3/2NBBN1P/1P3PP1/R2Q1RK1 w k - 7 11,0,0,near_equal,1.0,712,82,910,0,0,75,-273,0,0,0,0
7r/pN2kp2/R3p1p1/1R2P2p/4n3/P1r1bBP1/8/4K3 b - - 0 34,64,0,black_winning,0.0,5625,-366,2825,1078,0,740,-181,-726,1053,0,836
r7/p2pkq1r/1p2pnQ1/4P1B1/2PpP3/1PN3P1/P6P/R3K2b w Q - 0 20,32,0,white_winning,0.5,10354,170,2133,6750,-500,-139,-300,0,0,0,2410
r3k2r/pp2bppp/n1pp1n2/q7/2PPp1b1/1PN1P1N1/PB1Q1PPP/R3KB1R w KQkq - 6 10,0,0,near_equal,1.0,-441,122,653,-1060,0,0,-34,0,0,0,0
8/8/8/2p1kp2/p1rp2p1/4p1R1/1B6/3K4 b - - 5 63,101,1,black_winning,0.0,10104,-442,8916,0,-2427,0,0,0,0,0,1108
r3k2r/ppp1n1bp/1n1q1pp1/3P1b2/2PN4/2B3P1/PP2QPBP/RN2K2R b KQkq - 0 12,0,0,white_winning,0.5,-1412,291,-875,0,0,-137,-400,0,0,0,0
rnb2rk1/1pp4p/3p1n2/p7/2PNp3/5P2/PP1B2PP/R3KB1R b KQ - 2 13,53,0,near_equal,1.0,-185,21,-120,0,0,-75,110,0,0,-100,0
4n1k1/2r2pp1/1pP4p/p1rB4/8/4P2P/P4PP1/2RR2K1 b - - 1 28,74,1,white_winning,1.0,-2072,179,-2441,0,750,0,0,0,0,0,-381
1r4k1/4n1pp/Qn1Rp3/2p1Pq2/4N3/2N3P1/PPP2r1P/2K4R b - - 2 18,21,0,white_winning,0.0,-5691,209,-2235,-2190,0,0,-302,0,0,0,-964
2r1r1k1/ppnb1pb1/1q1p1npp/2pPp3/2P1P1P1/P1NBB2P/1PQN1P2/1K1R2R1 w - - 0 19,0,0,white_winning,0.0,-386,188,14,0,0,0,-400,0,0,0,0
1r2k3/1q1n1p2/p2p2p1/4pb2/B1P5/P1P2N1r/4PQ1P/3R1RK1 b - - 1 25,21,0,near_equal,1.0,-100,-121,464,-1030,0,133,333,0,0,0,0
r4k1r/1p3pp1/p1nbb2p/2pp3P/1P5R/2P1NNn1/1P2PPB1/R1B1K3 b Q - 0 19,42,0,near_equal,1.0,211,-71,1292,-1250,0,-75,244,0,0,0,0
2r5/5pk1/p6p/P4p2/1R2pP1P/4P1P1/R1p2K2/8 w - - 0 44,96,1,near_equal,0.5,-5414,-80,-3413,0,0,0,0,0,0,0,-1481
r5k1/1pq1r3/p3b3/4pp1p/P7/1PPQ1R2/R5BP/6K1 w - - 1 41,32,0,near_equal,0.0,2701,-110,988,1030,-660,624,218,0,0,0,501
2k2r1r/pp1bb1pp/2pp4/8/2PP1P2/1PNn1BPP/P4P2/R1B2K1R b - - 0 22,53,0,white_winning,1.0,-2697,207,-2057,200,0,0,-297,0,0,0,-543
1r4k1/p4ppp/Prp1q3/R2nP1b1/2QP4/1p4P1/1P2N1NP/5R1K w - - 2 33,21,0,near_equal,1.0,689,-47,1239,0,0,0,-350,0,0,-200,0
8/8/4pk2/2r2p2/1RPR3P/2r5/8/5K2 b - - 0 67,85,1,near_equal,0.0,1604,-145,1439,0,165,0,0,0,0,0,0
r3k2r/1p1np1bp/p1n1p1p1/2qp4/5B2/P1N3QP/1PP1PPP1/R2K1B1R w kq - 0 13,10,0,black_winning,0.0,225,-171,-380,0,0,305,400,0,0,-100,0
3q1rk1/1p4pp/p1p5/2p1p2P/2P5/PNQ1Br1P/R4P2/5K1R w - - 0 23,32,0,white_winning,1.0,-6935,226,-3631,-2099,0,50,300,0,0,0,-1555
2k5/R7/4PK2/5P2/8/8/8/4r3 w - - 5 67,106,1,white_winning,1.0,-8526,566,-4488,0,-780,0,0,0,0,0,-1052
1r2k2r/pq1n1pb1/3pp1p1/1B3bN1/2P3p1/P1N1Q3/1P2PP1P/2R2RK1 b k - 6 19,10,0,black_winning,1.0,1133,-152,461,0,0,172,400,0,0,100,0
r3k2r/5p2/1q2p3/pPppP1pp/Q2Bn3/4PP2/P5PP/2RR2K1 w - - 1 26,32,0,white_winning,1.0,-2804,257,-114,-2250,265,172,-300,0,0,0,-577
r3k2r/pp2ppbp/2npbnp1/q1p5/2P3P1/2NPBN1P/PP2PPB1/1R1QK2R b Kkq - 2 10,0,0,near_equal,1.0,347,15,337,0,0,0,10,0,0,0,0
4kb1r/pp3ppp/4b3/2rp4/4P2P/P1B5/1P3PP1/2KR1B1R w k - 0 22,64,0,near_equal,1.0,-172,99,-106,-118,0,103,-51,0,0,0,0
3r2k1/4b3/2n1Pp2/pqp2P1p/1p1pQ1pP/3P4/BnPN3B/6RK w - - 4 35,32,0,white_winning,1.0,240,153,2040,0,-316,-1474,90,0,0,-100,0
4k1r1/pb2np1p/q3pp2/1p1p4/3P3P/1P4P1/3NPPB1/2Q1K2R w K - 1 20,42,0,near_equal,0.5,998,-42,786,0,0,0,212,0,0,0,0
r1b2rk1/4qppp/p1pb1n2/4p3/Np1PP3/1B3N2/PPP3PP/R2Q1RK1 w - - 0 14,10,0,near_equal,0.5,768,9,223,845,0,0,-400,0,0,100,0
3r4/8/5k1p/6p1/2BpKn1P/8/4P3/8 w - - 0 38,106,1,black_winning,0.0,11077,-561,7223,0,0,0,0,0,0,0,2494
3k4/8/3p3r/8/P6P/1R4P1/5PK1/8 w - - 0 53,106,1,white_winning,1.0,-6787,560,-5039,0,375,0,0,0,0,0,-1428
r3k2r/ppp1npbp/1n1q2p1/3Ppb2/2P5/2BP1NP1/PP2QPBP/RN2K2R b KQkq - 4 10,0,0,white_winning,0.5,-2534,188,-707,-1045,0,0,-400,0,0,0,-382
r4rk1/6p1/p2qpn1p/1p2N3/1n1P3P/2Np3R/PP1Q4/1K1R4 w - - 2 26,21,0,near_equal,0.5,2086,-97,2753,-798,-500,0,350,0,0,0,281
1r4k1/6pp/Qn1Rp3/2pnPq2/8/2N3P1/PPP2N1P/2K4R b - - 0 19,32,0,white_winning,0.0,-5087,252,-7596,3250,0,57,111,0,0,0,-909
8/1Q2p1k1/6p1/1p2q3/7P/2P2P2/3KP3/8 b - - 4 54,85,1,near_equal,0.5,-1368,33,-1368,0,0,0,0,0,0,0,0
r1b2rk1/1p1p2pp/p1P1p3/q1p4P/2P5/P1b1BN1P/R2N1P2/3QKB1R b K - 0 16,10,0,white_winning,1.0,-4841,287,-4500,1000,0,-75,-174,0,0,-200,-892
8/8/5pp1/p1P5/1n2B2P/1PK2np1/5k2/8 w - - 2 53,112,1,black_winning,0.0,9960,-358,5441,45,860,0,0,0,0,200,1912
7r/5k1p/6pQ/7n/Pp2P3/1P3Pb1/1P3Rq1/R1B1K3 b - - 8 42,37,0,black_winning,0.0,-2077,-241,-6165,5000,410,-179,-300,-843,0,0,0
4r1k1/2B1b3/2n1Pp2/pqpB1P1p/1p1pQ1pP/3P4/1nPN4/6RK b - - 7 36,32,0,white_winning,1.0,1250,207,1869,0,-116,-332,-71,0,0,-100,0
4R3/7k/1p3p1p/8/1P2PP2/P4nPK/7P/8 w - - 0 45,112,1,white_winning,1.0,-9743,603,-6493,0,0,0,0,0,0,0,-2065
6k1/6P1/8/1p2p3/4N1KP/5R2/1q6/8 w - - 2 37,90,1,near_equal,0.0,6827,-6,1132,2335,608,0,0,0,0,0,1702
2r2rk1/pq3ppp/3bp3/8/2N5/P1P1P2P/2Q2PP1/R1B1R1K1 b - - 0 20,26,0,white_winning,1.0,-969,237,-4091,3250,0,0,-128,0,0,0,0
r7/5Npp/8/8/4KN1k/4P2P/n1r5/2B2R2 w - - 3 38,74,1,near_equal,0.5,-55,82,-3305,3450,0,0,0,0,0,-200,0
8/5p2/6p1/4b2p/2k1P2P/p4KP1/N7/8 w - - 4 52,117,1,black_winning,0.0,5133,-524,3467,0,-200,0,0,0,0,0,616
8/8/8/4pk2/R7/P4P1K/1r4r1/6B1 b - - 4 54,90,1,black_winning,0.0,7226,-272,497,3450,0,0,0,0,0,0,1739
8/8/8/4P2p/7P/5k2/6RK/r7 b - - 1 66,106,1,near_equal,0.5,-2784,-3,-1922,0,0,0,0,0,0,0,-526
2r1kb1r/pp1bpppp/2np4/3P2N1/Pq6/3BB2P/1P3PP1/R2QR1K1 b k - 0 14,10,0,white_winning,1.0,1110,181,420,1015,0,75,-400,0,0,0,0
r3kb1r/1p1n1p2/2p1bnpp/p3p3/P1P3P1/1PN1BN1P/2R1PPB1/5RK1 b kq - 1 18,42,0,near_equal,0.0,-450,-27,-473,0,0,75,-52,0,0,0,0
rn2kb1r/pb3p1p/1q2pp2/1p1p4/7P/3P2P1/PPQ1PPB1/RN2K1NR b KQkq - 0 10,10,0,near_equal,0.5,-28,-99,-528,0,0,0,400,0,0,100,0
2r1k2r/1p3p2/2bqp1pp/3p4/Pp1Pn2P/1Q1BP3/1P3PP1/R3N1KR b k - 7 23,21,0,near_equal,0.5,693,4,214,0,0,129,350,0,0,0,0
2r1k2r/1p1q1pp1/3p1n2/1N5p/1PPQP3/8/5PPP/3R1RK1 b k - 0 21,32,0,white_winning,1.0,-3791,323,-1906,-1030,0,-63,-300,0,0,0,-492
rnbq1rk1/pp2ppb1/2p2npp/3p4/2PP1B2/1P3NP1/P3PPBP/RN1Q1RK1 b - - 1 8,0,0,near_equal,1.0,-610,1,-210,0,0,0,-400,0,0,0,0
8/8/1N5p/1P4k1/4Rb2/1P1r1Pp1/6K1/8 b - - 0 48,96,1,near_equal,0.5,791,-56,-10,1310,-250,0,0,0,0,0,0
2R5/8/3Rp3/1r2P3/4kP2/6P1/5b2/2K5 w - - 11 82,90,1,white_winning,1.0,-6957,330,-4628,232,0,0,0,0,0,0,-1401
3r4/8/7p/6k1/2BpKn2/8/4P3/8 w - - 0 39,106,1,black_winning,0.0,11344,-502,7378,0,0,0,0,0,0,0,2606
r1b1kbnr/1pq1pppp/2pp1n2/p7/3P1B2/4PN2/PPPNBPPP/R2Q1RK1 w kq - 2 8,0,0,near_equal,1.0,-884,134,-559,0,0,75,-400,0,0,0,0
r1bqkb1r/pp1n1pp1/4pn1p/3p4/8/2N1PN1P/PPQP1PP1/R1B1KB1R w KQkq - 0 8,0,0,near_equal,0.5,-306,18,-706,0,0,0,400,0,0,0,0
2kr3r/pp3ppp/n1ppbb2/8/1qPP4/1PN1P2P/PB1QBPP1/R3K2R w KQ - 0 14,10,0,white_winning,1.0,-648,286,-173,0,0,-75,-400,0,0,0,0
rnbqk1nr/ppp3pp/3p4/8/2P1p3/2Q2N2/PP3PPP/R1B1KB1R w KQkq - 0 9,10,0,near_equal,1.0,-545,73,657,-1015,0,0,-87,0,0,-100,0
r3k1r1/pp4bp/2n1q3/5b2/2P2p1P/5Q2/PP2B3/2KR2NR b q - 0 18,16,0,black_winning,0.0,3209,-541,4239,-1637,-600,100,400,0,0,300,407
rn1qk2r/pp3pbp/8/4pb2/2P5/2B2Q2/PP3P1P/R3KBNR b KQkq - 3 11,10,0,near_equal,0.0,643,12,243,0,0,0,400,0,0,0,0
3r4/8/7p/6k1/2B2n2/4K3/8/8 b - - 0 40,106,1,black_winning,0.0,11163,-450,7029,0,0,0,0,0,0,0,2729
r1b1k2r/ppqn1pp1/2p2b1p/5N2/P3B3/2B4P/1PP1QPP1/R3K2R w KQkq - 3 16,10,0,white_winning,1.0,-2611,212,-986,-1015,0,0,-400,0,0,0,-210
8/8/8/2p2p2/p1r2kp1/3pp3/1B6/3K2R1 w - - 0 65,101,1,black_winning,0.0,9140,-469,8327,0,-2699,0,0,0,0,0,1108
r2qk2r/1bpn1pb1/1p1ppnp1/p3P2p/2PP1B2/2NB1N2/PP3PPP/R2QR1K1 b kq - 0 11,0,0,white_winning,1.0,-1117,193,-792,0,0,75,-400,0,0,0,0
r1bqkbnr/1p1p1ppp/p3p3/8/P2QP3/7P/1PP2PP1/RNB1KB1R b KQkq - 0 7,10,0,near_equal,0.5,-679,42,-279,0,0,0,-400,0,0,0,0
8/pk6/r1pr2p1/3nRp1p/P2N4/1P1NP3/3K1PPP/7R w - - 5 27,69,1,white_winning,1.0,-7335,633,-5282,0,0,0,0,0,0,-200,-913
rnbqk1nr/ppp3Qp/3p4/8/2P1p3/5N2/PP3PPP/R1B1KB1R b KQkq - 0 9,10,0,white_winning,1.0,-4169,190,-635,-2750,0,-120,78,0,0,-100,-642
8/4p3/8/2PKp1kP/8/4R1P1/2r5/8 b - - 6 47,106,1,white_winning,1.0,-5112,247,-2981,427,-385,0,0,0,0,0,-315
r1b2k1r/ppq2p2/2p4p/2n5/P3B3/2P3NP/2P1QPP1/R3K2R b KQ - 2 19,21,0,near_equal,1.0,-1814,118,-1488,200,0,-129,-218,0,0,0,-179
6k1/5p2/4p3/1P1p4/p3QP2/P7/q6p/2KB4 w - - 0 39,80,1,near_equal,0.5,-3786,-99,-568,-1180,-585,0,0,0,0,0,-924
1k1r3r/1Pp2pp1/4b2p/p7/2P5/P2BRN2/5PPP/R5K1 b - - 0 20,69,1,white_winning,1.0,-4778,432,-6697,2335,600,0,0,0,0,0,-431
r6k/1ppn3p/2bp1n1B/8/2PNp3/rP3P2/4BRPP/2KR4 w - - 5 23,53,0,near_equal,1.0,-304,20,-230,-200,0,87,139,0,0,-100,0
8/4kp2/4p3/2r5/B6P/3R2P1/3K4/8 w - - 1 56,101,1,white_winning,1.0,-6475,302,-4164,0,75,0,0,0,0,0,-1536
r1b2rk1/1p1p2pp/p1P1pb2/2p4n/1qP5/P3BN1P/1P1N1PP1/R2QKB1R b KQ - 0 13,5,0,white_winning,1.0,-649,416,-2519,2015,0,-75,130,0,0,-200,0
r4rk1/5p1p/3N2p1/4p3/1PP5/5KPP/5P2/7R b - - 0 27,90,1,near_equal,1.0,-373,-26,-403,0,30,0,0,0,0,0,0
r1b1k2r/1p1p1ppp/p3p3/2b5/P3P3/1BN2PqP/1PPQ1P2/R1B2R1K b kq - 2 14,16,0,near_equal,0.5,-2372,-49,-2724,1030,0,183,-400,0,0,0,-461
8/Q1pk1p1p/4q1p1/2p5/P1P5/6B1/2P2P1K/8 w - - 0 33,80,1,white_winning,1.0,-5536,404,-2324,-1045,-83,0,0,0,0,0,-1234
2kr1b1r/pp3p1p/n1p1bpp1/8/3qN3/P1N3PP/1PPQ1P2/R3KB1R w KQ - 0 13,10,0,black_winning,0.0,2600,-163,1931,0,0,-75,400,0,0,100,244
8/5k2/6pp/8/3B1P2/1p6/1PNp1P1P/3Kb3 w - - 0 36,112,1,white_winning,1.0,-7101,479,-2646,-1200,-600,0,0,0,0,0,-1960
rn2k2r/pp1b4/1q1p1bp1/5p1p/7P/1NN3P1/PP2PPB1/R2QK2R b KQkq - 1 14,10,0,near_equal,1.0,-302,110,-604,0,0,0,202,0,0,100,0
r1b1kb1r/pp3pp1/2n1p2p/2P5/1q6/1PN2NP1/3QPPBP/2R1K2R b Kkq - 0 13,10,0,near_equal,1.0,890,-49,-909,2099,0,0,-400,0,0,100,0
1r4k1/p2r2pp/4bp2/R7/7P/1P1nP1P1/1P1p1PK1/3B3R w - - 2 30,69,1,black_winning,0.0,5342,-488,4710,0,-600,0,0,0,0,0,492
r1b1k1nr/3p1pp1/p1p1pq1p/8/1bB1P3/2N1B3/PPPQ1PPP/2KR3R b kq - 3 10,10,0,near_equal,1.0,-1197,149,-872,0,0,75,-400,0,0,0,0
R7/8/8/4p2K/P4r2/4k3/6r1/8 b - - 5 61,96,1,black_winning,0.0,10679,-563,7121,0,90,0,0,0,0,0,2173
5r2/2R2pk1/4p3/6PP/5K2/5B2/8/8 b - - 0 64,101,1,white_winning,1.0,-8171,480,-5766,0,800,0,0,0,0,0,-1536
3brrk1/p2b2p1/1q1p1n1p/p1pP4/1nP1pN1P/1QN1PP2/1PB5/R1B1K2R b KQ - 6 28,0,0,black_winning,0.0,2254,-251,818,1000,0,-75,130,0,0,0,381
r2qk2r/pp1nppbp/2pp2pn/8/2PP2b1/1P2BNP1/P3PPBP/RN1QK2R w KQkq - 5 8,0,0,near_equal,1.0,-443,20,-43,0,0,0,-400,0,0,0,0
8/1p6/p4k1p/P2ppp2/1P1Pp3/4P1P1/5K1P/8 w - - 0 36,128,1,black_winning,0.0,1415,-165,1415,0,0,0,0,0,0,0,0
4k1nr/rp1bp3/p2p1pNb/7p/3NP3/3PB3/P1R1BPPP/2R3K1 b k - 0 17,48,0,white_winning,1.0,-5865,518,-4609,0,0,-288,-300,0,0,-200,-468
2r1kb1r/1bqp1ppp/pp2p3/4n3/1PPQP2P/P1N5/5PP1/R1B1KB1R w KQk - 2 14,10,0,near_equal,1.0,1080,-15,435,1045,0,0,-400,0,0,0,0
8/8/pkpr4/2p1R3/P1P2pp1/3P4/4K1P1/8 b - - 4 49,106,1,near_equal,0.5,1011,-119,1011,0,0,0,0,0,0,0,0
r5Q1/n2k3p/2pr1pp1/8/R7/4P2P/1P3PP1/6K1 w - - 4 38,69,1,white_winning,1.0,-11044,481,-3633,-5000,0,0,0,0,0,0,-1761
r2qkb1r/1b1n1ppp/p2p1n2/P1pN4/1p2PB2/3Q1N1P/1PP2PP1/R3KB1R b KQkq - 1 11,0,0,near_equal,0.0,-1418,56,-1018,0,0,0,-400,0,0,0,0
2R5/3R4/4p3/4P3/3bkP2/6P1/1r6/2K5 b - - 8 80,90,1,white_winning,1.0,-6891,223,-4312,0,0,0,0,0,0,0,-1419
2b1k3/4nrp1/rRp1p2p/p3B2P/2P1B3/5P2/P1P3P1/4K2R w K - 1 25,64,0,white_winning,1.0,-2826,401,-1778,0,0,-230,-169,0,0,-300,-349
4qk1r/5pbp/3R2p1/p1p4n/PpBnP3/1P2Q1P1/1P3P1P/R1B3K1 b - - 2 27,26,0,white_winning,0.0,-4799,299,-3707,0,0,0,-350,0,0,-100,-642
q4k1r/pp1b1pb1/3Pp1pp/2p5/P1P2P2/2P1Q3/1P2N1PP/R2R2K1 b - - 0 19,37,0,white_winning,1.0,-4866,336,-3412,-1045,375,0,-300,0,0,300,-784
5rk1/3b1pbp/p2N2p1/1p6/1n3P1N/1P2n1P1/1P2BR1P/R5K1 b - - 1 22,58,0,near_equal,0.0,-125,-91,-1517,1033,0,0,59,0,0,300,0
7r/pp2k3/2bpp3/2p1p1r1/2P1P3/1PKP3N/P3BP2/n6R w - - 1 32,74,1,black_winning,0.0,-4417,-208,5977,-8250,0,0,0,0,0,0,-1094
r2qk1nr/ppp2ppp/1b1pb3/4p3/1PBnP3/P1NP4/2P2PPP/1RBQK1NR w Kkq - 1 8,0,0,near_equal,1.0,234,10,32,0,0,0,202,0,0,0,0
1kN4Q/1pn5/r7/2p2pP1/p7/2P3PP/qP3P2/4R1K1 w - - 2 39,53,0,white_winning,1.0,-2838,434,-3302,1028,-40,0,-14,0,0,0,-510
r1b2rk1/4qppp/p1pb1n2/4p3/Np1PP3/1B1Q1N2/PPP3PP/R4RK1 b - - 1 14,10,0,near_equal,0.5,-405,-16,-105,0,0,0,-400,0,0,100,0
6k1/2r4p/5p2/p7/8/1R1N4/1PP3PP/2b2K2 b - - 1 35,96,1,near_equal,0.5,405,103,-816,1221,0,0,0,0,0,0,0
r3k2r/1pp1qpp1/2n4p/p2b4/2PP4/P2BQN2/5PPP/R3R1K1 b kq - 0 16,21,0,white_winning,1.0,-5584,180,-1088,-3450,0,75,-350,0,0,0,-771
2r5/5pk1/2pBp1p1/7p/r4P1P/pKP3P1/P1P1B3/3R4 w - - 0 36,85,1,white_winning,1.0,-12136,406,-1954,-6225,0,0,0,0,0,-300,-2717
2r3k1/6pp/2q5/1p2pbPn/7P/P1N2N2/1P3K2/4RB1R b - - 3 25,48,0,black_winning,0.0,2569,-426,2633,0,-153,0,289,0,0,-200,0
8/2b1rBk1/4P3/6N1/1p5P/8/1P4K1/3R4 b - - 1 37,90,1,white_winning,1.0,-9780,398,-7369,0,495,0,0,0,0,0,-1966
4k3/1p2p3/5r2/p3p2P/2P1K3/1P4P1/P2R4/8 b - - 2 37,106,1,white_winning,1.0,-6400,321,-2405,-1435,-100,0,0,0,0,0,-1106
rnb1kbnr/1p1p3p/pq2pp2/2p5/3P2p1/2N3B1/PPP1PPPP/R2QKBNR w KQkq - 2 8,0,0,near_equal,1.0,-590,84,-190,0,0,0,-400,0,0,0,0
r1b1k1nr/3p1pp1/p1p1p1q1/7p/2B1P3/2P1BP2/P1PQ2PP/2KR3R w kq - 0 13,21,0,white_winning,1.0,-1254,267,-511,0,0,-93,-350,0,0,-300,0
rnb1k2r/1pp3pp/p2qpn2/5pN1/3P1P2/8/PPPQ1P1P/R3KBNR w KQkq - 3 10,10,0,near_equal,0.5,596,24,494,0,0,0,102,0,0,0,0
r2qk2r/pbpn1ppp/1p1bpn2/3p4/2PP4/P3PN1P/1P2BPP1/RNBQK2R w KQkq - 1 8,0,0,near_equal,1.0,740,-12,340,0,0,0,400,0,0,0,0
r2r2k1/pp3p1p/4p1p1/q1b1P3/b1p1PQ2/2P3P1/1P3N1P/R4RKB w - - 0 22,21,0,near_equal,1.0,1147,-120,1503,0,0,-306,-350,0,0,300,0
r3kbnr/pbpq1ppp/1pn1p3/8/2B5/1P2P3/PB1P1PPP/RN1QK1NR w KQkq - 6 8,0,0,near_equal,0.0,-265,-22,-362,0,0,0,97,0,0,0,0
r4rk1/q2b3p/3p2p1/1p1P1n2/p1pQ4/P3PNRP/1PB2P2/R3K3 w Q - 0 27,21,0,near_equal,0.5,-783,-72,-76,0,0,-357,-350,0,0,0,0
6bk/7p/1p5P/p3r3/P2R1p2/5B2/1r4N1/5K2 b - - 5 61,80,1,black_winning,0.0,6332,-417,5104,0,-585,0,0,0,0,0,1273
8/4r2k/4pR2/3pB1p1/p1p4p/8/P5PP/4R2K w - - 0 44,90,1,white_winning,1.0,-6678,624,-4408,0,-550,0,0,0,0,0,-1915
8/6k1/R7/1Ppr1P1P/4K3/P1P5/8/8 b - - 1 54,106,1,white_winning,1.0,-10900,587,-7452,0,480,0,0,0,0,0,-1818
r2qkb1r/1p1b1ppn/p2p2n1/3Np1N1/P3P3/3QB2p/1PP1BPPP/R3R1K1 w kq - 1 15,0,0,white_winning,1.0,-3451,173,-1936,-1000,0,75,-400,0,0,0,-190
4Q3/2k5/1q4p1/4P2p/p1P4P/6P1/2K5/8 w - - 4 52,85,1,near_equal,1.0,-5258,76,-1718,-1862,275,0,0,0,0,0,-1100
1r4k1/p2nbppp/2n1p3/1qppPP2/1p3BP1/1B1P1N1P/1PP1Q3/5RK1 b - - 2 21,32,0,near_equal,1.0,860,-60,1250,0,0,-212,-78,0,0,-100,0
r2qk1nr/p2pbp2/1p2p1Bp/2p1N2Q/2P5/1PN1P1P1/P2P1P1P/R1B1K2b b Qkq - 0 11,16,0,white_winning,0.5,2275,237,-128,2450,0,-98,-400,0,0,-200,651
1k1r3r/pp2npb1/2np2pp/1Np1pb2/2P4P/PP1PPNP1/1B3PB1/3RK2R b K - 2 18,42,0,near_equal,0.5,-205,4,-246,0,0,-75,116,0,0,0,0
2k5/p1p2p1p/2p2rp1/8/P1P3q1/5NB1/2P1BPK1/b3Q3 b - - 4 23,53,0,white_winning,1.0,1042,162,1401,0,0,-62,3,0,0,-300,0
4rkr1/p3pp1n/Q2p2p1/BPpP2Pp/4B2P/P2PP2q/5P1b/1R2KR2 w - - 13 32,21,0,white_winning,1.0,-2773,273,-1823,30,0,-75,-350,0,0,-300,-255
1kr5/p3pb2/1p3bp1/5p1p/7P/2N2r2/P7/1NRK3R w - - 2 37,64,0,black_winning,0.0,8529,-523,6567,0,83,144,300,0,0,100,1335
6k1/5bp1/8/p3Bp1P/1n3P2/4p3/p3K3/2R2B2 b - - 3 55,96,1,white_winning,1.0,-5060,277,-401,-885,-1862,0,0,0,0,-300,-1247
3rk2r/2p1bp1p/p1q1p3/1p2P1pn/2b3P1/2P1QN1P/PP3P2/RBB1K2R b KQk - 4 19,10,0,black_winning,0.5,718,-152,818,0,0,0,-100,0,0,0,0
2k5/2p5/p7/3B1P2/p2q4/2N5/2K1Q3/8 b - - 17 56,74,1,white_winning,1.0,-11393,466,-6761,-1310,-440,0,0,0,0,0,-2023
r3k2r/pp1b1pp1/4p2p/4N3/1q1b4/1PNQ2P1/4PPBP/2R2RK1 b kq - 0 17,16,0,white_winning,1.0,1024,256,-3031,4280,0,75,-400,0,0,100,0
1r1qkb1r/pQp1npp1/2n4p/3p1b2/3P4/P1N2N2/1P2PPPP/R1B1KB1R w KQk - 1 9,0,0,near_equal,0.5,-940,-23,-1213,0,0,0,273,0,0,0,0
1r1qk2r/p1p1npb1/2n3pp/3p4/QP1Pb3/P1N1PN2/5PPP/R1B1KB1R b KQk - 2 12,0,0,white_winning,0.5,-727,174,-1127,0,0,0,400,0,0,0,0
r1b1k1nr/1p1nbppp/pqp5/4p3/P2PN3/1p2PNP1/1B3PBP/R2Q1RK1 b kq - 1 12,0,0,near_equal,1.0,494,120,1319,0,-500,75,-400,0,0,0,0
rnb1kb1r/pp1ppppp/1q3n2/8/3P1B2/PpP2N2/4PPPP/RN1QKB1R b KQkq - 3 8,0,0,near_equal,0.0,318,-48,968,0,-250,0,-400,0,0,0,0
2r1kb1r/1bq2ppp/pp1pp3/4B3/1PPQP2P/P1N5/5PP1/R3KB1R b KQk - 0 15,16,0,near_equal,1.0,-593,61,-3474,3450,0,-169,-400,0,0,0,0
7r/1r2kn1R/5NR1/pp2p1P1/2pbP1B1/5PP1/P5K1/8 w - - 1 50,64,0,white_winning,1.0,-4723,336,-1170,0,-110,-210,-300,-4347,1743,0,-329
2R5/2p1k3/p5r1/P1P1p3/2b3p1/4Br2/3K1P2/6R1 b - - 4 44,74,1,near_equal,0.5,1286,-72,2331,-1045,0,0,0,0,0,0,0
1r4k1/2R3pp/5p2/8/3rP2P/1b4P1/1n3PK1/3B3R b - - 0 34,69,1,black_winning,0.0,7871,-354,2377,3450,0,0,0,0,0,0,1304
6k1/5p2/4p3/1P1p4/p4P2/P7/2K4p/3B2qQ w - - 6 42,80,1,black_winning,0.5,-25,-231,1089,0,-610,0,0,0,0,0,0
r2r2k1/p1q1bppp/2p2n2/8/Pp1pP1b1/1nP1QNP1/1P2N1BP/1RB2RK1 w - - 0 17,0,0,black_winning,1.0,1371,-242,2149,-800,0,0,22,0,0,0,0
r2r2k1/p1q1bppp/2p2n2/2n1p3/Pp1PP1b1/2P1QNP1/1P2N1BP/R1B2RK1 b - - 2 15,0,0,near_equal,1.0,1400,-110,755,1045,0,0,-400,0,0,0,0
r2q1rk1/1pp2p2/p1nb1n1p/3pB1p1/3P4/2NB2Q1/PPP2PPP/2KR3R w - - 5 14,10,0,white_winning,1.0,-1595,208,-1095,0,0,0,-400,0,0,-100,0
r3k2r/1p4p1/2pp1p2/q1n1p3/p1P1P3/2NPB1P1/PPQ4P/5RK1 b kq - 1 20,37,0,black_winning,0.0,2180,-252,1974,0,0,75,-235,0,0,0,366
1r2k2r/pB1n1pb1/3pp1p1/q4bN1/2P3p1/P1N1Q3/1P2PP1P/2R1K2R w Kk - 1 17,10,0,black_winning,1.0,1019,-288,519,0,0,0,400,0,0,100,0
1nbqkbnr/1pp2p2/4p1pp/r2p4/p2PP3/P1PB1N2/1P1N1PPP/R1BQ1RK1 w k - 0 10,0,0,white_winning,1.0,-537,228,-212,0,0,75,-400,0,0,0,0
r3k1nr/p4p1p/npp3p1/3qb3/4N3/4PN2/PPQ2PPP/R1B1K2R w KQkq - 2 12,10,0,white_winning,1.0,-753,151,-459,-200,0,0,-94,0,0,0,0
6k1/2q1rpp1/1pP2n1p/p3r3/2B2Q2/4P2P/P4PP1/2RR2K1 w - - 1 25,32,0,white_winning,1.0,258,315,-1762,1852,375,0,-207,0,0,0,0
8/1p5p/pP4p1/2p5/P2k3r/1r6/2R5/4K1R1 w - - 4 43,85,1,black_winning,0.0,7491,-434,5190,0,-105,0,0,0,0,0,1111
r2qkbnr/1ppb1ppp/p2p2n1/3Pp3/4P3/3Q1N2/PPP1BPPP/RNB2RK1 b kq - 6 8,0,0,near_equal,1.0,-784,3,-459,0,0,75,-400,0,0,0,0
6k1/5bp1/8/3nBp2/p4P2/8/B2K4/2R5 b - - 0 59,96,1,white_winning,1.0,-6746,434,-3576,0,-800,0,0,0,0,-300,-1285
1r4kr/2Rn1pp1/1p6/1P2p3/P1P5/6P1/4PB2/R5K1 b - - 0 30,74,1,white_winning,1.0,-2128,299,-1734,0,0,0,0,0,0,0,-394
4k3/1p6/p3r2p/4Pp2/R2B3R/8/4PK2/1r6 b - - 0 43,80,1,white_winning,1.0,-676,323,-1501,0,825,0,0,0,0,0,0
3r1k1r/5pp1/1Rp1p3/p3P3/P1qP1B2/2b2PP1/5Q2/3R2K1 w - - 1 40,32,0,near_equal,1.0,2748,-89,472,2090,0,-30,-300,0,0,0,516
rnb4r/1pq1k2p/p2bp3/2p2p2/2N1Bp2/P5P1/QPP2P1P/RN1R2K1 b - - 1 17,10,0,near_equal,0.5,-1392,2,-1853,0,0,166,195,0,0,100,0
r1bq1kn1/1pp5/p2p1p2/4p2N/1PP1P1p1/P2P2P1/3Q1P2/R3KB2 w Q - 0 21,42,0,near_equal,0.5,-424,50,-182,0,0,-103,-139,0,0,0,0
rn2k2r/1pq1pp1p/p1p2npb/3p1b2/2PP4/4PN1P/PPBN1PP1/R1BQK2R w KQkq - 3 9,0,0,near_equal,0.5,314,27,437,0,0,0,-123,0,0,0,0
r3k1r1/4ppb1/bp5p/p1q3p1/P1p5/1Q1RP1P1/1P1N1PP1/2R3K1 w - - 0 31,26,0,black_winning,0.0,5438,-356,5038,-1069,0,75,296,0,0,300,798
2r1k2r/1p1b1pp1/1q2pn1p/pN1p4/Pb1P4/1Q1BPN1P/1P3PP1/R4K1R w k - 0 16,10,0,near_equal,0.5,-469,-15,-244,0,0,75,-400,0,0,100,0
2r1kb1r/pp1bpppp/2np1n2/q5N1/P3P3/2NBB2P/1P3PP1/R2QR1K1 b k - 10 12,0,0,near_equal,1.0,185,16,510,0,0,75,-400,0,0,0,0
8/r7/3BP3/p5kp/R7/4P1K1/8/8 b - - 0 61,101,1,white_winning,1.0,-9095,455,-5066,0,-695,0,0,0,0,0,-1536
b1r1k3/p6p/5pn1/1p6/4P1pP/5PB1/PP3KP1/3RR3 b - - 7 30,80,1,white_winning,1.0,-6221,428,-4652,0,0,0,0,0,0,0,-874
rnb1k1nr/1p1p3p/pq2pp2/2b5/N5p1/6B1/PPP1PPPP/R2QKBNR b KQkq - 1 9,0,0,near_equal,1.0,750,25,350,0,0,0,400,0,0,0,0
2r1k2r/1p3pp1/2bqpn1p/3p4/Pp1P3P/1Q1BPN2/1P3PP1/R4K1R b k - 0 19,21,0,near_equal,0.5,-237,10,-662,0,0,75,350,0,0,0,0
3r4/1p2kpr1/p1p1pn1p/R4p2/2RP4/P3PBP1/1P4KP/8 w - - 4 26,74,1,black_winning,0.0,1114,-155,1114,0,0,0,0,0,0,0,0
4k2r/pp2pp1p/3p4/n1rP2p1/P7/qpbBP1P1/3NKPP1/1Q5R b k - 1 23,32,0,black_winning,0.0,11756,-464,9114,1090,-75,0,-143,0,0,0,1770
8/k2r4/6p1/6P1/5P1p/1P1N3R/r2p2P1/3K4 w - - 24 59,90,1,black_winning,0.0,543,-221,2323,-1180,-600,0,0,0,0,0,0
rn2k1r1/pp3pbp/4q3/4Bb2/2P2P2/6Q1/PP5P/R3KBNR b KQq - 0 14,10,0,black_winning,0.0,-1736,-155,-449,0,0,-675,-400,0,0,0,-212
4k1n1/p3b2r/2p3p1/3pPp1p/qn1P1N2/1R5P/1P1B1PP1/1N1Q2K1 w - - 4 25,32,0,white_winning,1.0,-2364,371,-1011,-1030,280,-196,-168,0,0,0,-239
8/2q1bpk1/4p3/3pN2p/1Q1P2p1/P2B2PP/5PK1/8 w - - 1 44,69,1,white_winning,1.0,-7331,440,-4462,-1000,0,0,0,0,0,0,-929
2b1rrk1/p3n1bp/2p3p1/5p2/2q5/1NN1Q1P1/PP3PBP/1K1RR3 w - - 0 25,10,0,near_equal,0.5,-1268,96,-340,-1015,0,0,-13,0,0,100,0
2b4B/rp1nnk1p/1q2N1p1/pN6/Q1B5/4b3/PP4PP/R4K1R w - - 5 20,10,0,white_winning,1.0,-13452,427,-7267,-1750,0,-86,-400,-2583,0,0,-1366
rn2kb1r/pp3ppp/1qp1pn2/7b/3P4/1Q2PN2/PP1N1PPP/R1B1KB1R w KQkq - 0 9,0,0,near_equal,1.0,-357,12,43,0,0,0,-400,0,0,0,0
r3k2r/pbqn1ppp/3bp3/2pn4/8/P1NBPN1P/1PQ2PP1/R1B1K2R b KQkq - 3 12,0,0,near_equal,1.0,-407,-9,208,-1015,0,0,400,0,0,0,0
r1b1k2r/1p1nbppp/1q1pp3/pQ6/2PPP3/1PNB1N2/P5PP/R4RK1 b kq - 1 14,10,0,near_equal,0.0,-1455,25,-1045,0,0,-110,-400,0,0,100,0
r3k2r/ppq1bpp1/2pP1nn1/7p/1P1Q1PbP/2B1P1P1/P2N4/R3KBNR b KQkq - 0 15,0,0,near_equal,0.5,1263,125,-942,1871,871,-137,-400,0,0,0,0
2r1kbr1/5pp1/pP2p2p/1np5/N7/PP1BPP2/1B1K3P/2R4R w - - 5 23,58,0,white_winning,1.0,-4769,676,-3821,0,125,-197,-55,0,0,-300,-521
r1b1kb1r/1p3qp1/n3ppQp/pN1pB2n/P7/2P1N1P1/1P2PP1P/R3KB1R w KQkq - 4 16,0,0,near_equal,0.5,-1422,125,-906,0,0,-116,-400,0,0,0,0
8/5p2/6p1/p2pk3/3r3p/r4P1P/1R2K1P1/8 w - - 4 68,96,1,black_winning,0.0,13851,-582,9888,0,121,0,0,0,0,0,2592
3k4/pp1b3P/2pR4/8/r7/5BK1/8/8 w - - 0 45,96,1,white_winning,1.0,2041,349,1777,0,0,0,0,0,0,0,852
7n/2B3R1/8/5pP1/6k1/8/8/K7 b - - 2 96,106,1,white_winning,1.0,-10233,405,-7222,0,125,0,0,0,0,0,-2424
4r1k1/4b3/2n1Pp2/pqp2P1p/1p1pQ1pP/3P1N2/BnP4B/6RK b - - 1 33,32,0,near_equal,1.0,4278,139,2082,2250,-145,-587,-143,0,0,-100,921
2r5/3k4/p6p/3n3P/8/P1b5/2RB2r1/3K3R b - - 3 34,69,1,black_winning,0.0,6868,-418,5412,0,0,0,0,0,0,0,761
2r1k3/pb6/8/1p2p2p/4P2P/5P2/PP2RK2/6R1 b - - 1 35,90,1,white_winning,1.0,-5153,485,-3514,0,0,0,0,0,0,0,-944
5k2/3r4/R5R1/7p/5P2/4PK2/8/8 w - - 4 71,96,1,white_winning,1.0,-11689,626,-8369,0,120,0,0,0,0,0,-2500
4k3/Bp2bp1r/2p3n1/7p/1n3PbP/4P1P1/3N4/4KBNR b K - 0 23,64,0,near_equal,0.5,236,-116,312,0,0,-49,-27,0,0,0,0
8/8/8/2k5/2P2R2/K1P5/8/1r6 w - - 39 108,106,1,near_equal,0.5,-4649,4,-2417,0,225,0,0,0,0,0,-1052
8/p6r/2bkpp2/2p2p2/Pp5P/1P1PP3/3NBP2/4K3 b - - 2 35,101,1,black_winning,0.0,6609,-412,2790,1435,285,0,0,0,0,0,1204
1k6/8/p1p1Q3/5P2/p1Bq4/2N5/K7/8 w - - 12 64,74,1,white_winning,1.0,-15580,458,-5922,-4395,-1080,0,0,0,0,0,-3062
8/p7/k1pB3p/6p1/P7/3b2P1/1R4K1/4r3 w - - 0 37,96,1,near_equal,0.5,4497,-139,2940,0,0,0,0,0,0,0,817
r3k2r/pp1b1pbp/n2ppnp1/q1pP4/2P1P3/P1NB1N1P/1PQB1PP1/2KR3R b kq - 10 12,0,0,near_equal,0.0,-677,138,-352,0,0,75,-400,0,0,0,0
r1b1kb1r/q2n1p2/ppp1p1p1/P2n3p/1PBP4/1QN1PN2/5PPP/R1B1K2R w KQkq - 2 14,0,0,white_winning,0.0,-120,151,-765,1045,0,0,-400,0,0,0,0
r1b1k1nr/1pqp1pp1/p1n1p2p/8/1b1NP2P/2N1BQ2/PPP2PP1/R3KB1R w KQkq - 3 9,0,0,near_equal,1.0,-333,43,67,0,0,0,-400,0,0,0,0
2n2rk1/1pr3pp/2b1pp2/p7/2PP2P1/1P1BRN1P/P7/R6K b - - 0 25,64,0,near_equal,0.0,-2185,-19,-537,-1079,0,-148,-249,0,0,0,-172
r1b2rk1/1p1pb1pp/pqn1pP2/2pP3n/2P5/4BN1P/PP1N1PP1/R2QKB1R b KQ - 0 11,0,0,white_winning,1.0,-143,240,-648,1000,0,-95,-400,0,0,0,0
r1b1kB1r/pppp1pp1/2n1qn2/1B2p2p/8/1P2P3/P1PP1PPP/RNQ1K1NR b KQkq - 0 7,5,0,near_equal,0.0,38,-16,-3512,3450,0,0,400,0,0,-300,0
r2r3k/1ppb1Bpp/p4n2/4q2P/Pn5R/1QN3P1/1P3P2/R1B2K2 w - - 0 19,10,0,near_equal,0.0,-3768,123,22,-3250,0,-109,400,0,0,-100,-731
8/5r2/pkp4R/2p5/P1P5/3P1p2/5K2/8 b - - 7 54,106,1,near_equal,0.5,1105,-43,1855,0,-750,0,0,0,0,0,0
q6r/pbQ2ppk/1p5p/2n5/8/P5P1/1P2PPBP/3R1RK1 w - - 2 26,37,0,white_winning,1.0,-5138,489,-4404,0,0,0,-71,0,0,0,-663
1rbqk1n1/1p3p1r/p1n1p1pp/3Np3/Q1PpP3/3B2PP/PP1B1P2/2R1K2R w K - 0 15,10,0,near_equal,0.0,2635,-26,121,2250,-646,0,400,0,0,-100,610
8/p2r4/8/P1p1p3/1p1k1p2/1P1P1P2/3K4/5B2 b - - 2 61,112,1,black_winning,0.0,6720,-415,4111,0,0,0,0,0,0,0,1159
1r2k1nr/pp1qppbp/n2p2p1/2pP4/2P1P1bP/P1NB1N2/1P3PP1/R1BQK2R b KQk - 0 10,0,0,near_equal,1.0,-838,76,-297,0,0,-141,-400,0,0,0,0
6k1/5p2/p1p3pp/8/P2b1P2/6P1/R3K2P/1r6 w - - 0 36,101,1,black_winning,0.0,9354,-461,6956,0,0,0,0,0,0,0,1748
4r3/6k1/2pr1p2/R5p1/P1PP4/1P2PR2/3K2P1/8 b - - 0 40,85,1,white_winning,1.0,-6130,503,-4036,0,-83,0,0,0,0,0,-1071
r1bqk1nr/1pp2ppp/p1nbp3/8/P1BP4/4PNP1/1P3P1P/RNBQK2R b KQkq - 0 7,0,0,near_equal,0.0,-516,2,-116,0,0,0,-400,0,0,0,0
r1n1k1r1/3b3p/2p1ppp1/8/pQBN4/4P2P/1P3PP1/R5K1 b - - 7 31,53,0,white_winning,1.0,-6256,550,-3928,-2173,0,-46,-81,0,0,0,-28
q5kr/pb3pp1/1p1Q3p/2n5/8/P5P1/1P2PPBP/3R1RK1 w - - 0 25,37,0,white_winning,1.0,-4241,540,-3389,0,0,-23,-166,0,0,0,-663
r1b1kb1r/5p2/p2pp3/1qp1n1pp/2P1PN2/3PN1P1/RP3PBP/3QK2R b Kkq - 0 15,10,0,near_equal,0.0,12,-56,312,0,0,0,-400,0,0,100,0
6kr/1p3ppp/2n1p3/1pB1P3/r1Pp2n1/P2P2P1/3NP2P/R3K2R w KQ - 0 19,64,0,near_equal,1.0,101,55,-303,156,0,25,23,0,0,200,0
8/2Qqk2p/2Rp2p1/1p1P3r/p7/P3P3/1P2KP2/8 w - - 12 46,64,0,near_equal,0.5,-590,65,-167,1156,0,-331,-135,-2172,1059,0,0
r4k1r/1p3pp1/p1n1b2p/4bn1P/6R1/R7/2N1PPB1/1NB1K3 b - - 4 26,42,0,black_winning,1.0,4101,-252,3154,0,0,54,300,0,0,0,593
8/8/8/2p4R/2P2p2/5Pkn/3K1b2/8 w - - 0 53,106,1,black_winning,0.0,4136,-283,2065,0,0,0,0,0,0,0,821
8/4Pr1p/pk6/n1p5/5B1R/2P4P/P1P2K2/8 b - - 0 36,96,1,white_winning,0.5,-2160,271,-4112,2372,0,0,0,0,0,0,0
rnb2rk1/1pp4p/3p1n2/p7/2PNp3/5P2/PP4PP/R1B1KB1R w KQ - 1 13,53,0,near_equal,1.0,-76,63,-33,0,0,-75,132,0,0,-100,0
r1bqk1nr/pp1p3p/2n2bp1/2p2p2/2P1p3/N3P1P1/PP1PBPNP/R1BQ1RK1 b kq - 3 9,0,0,near_equal,1.0,458,-4,-17,0,0,75,400,0,0,0,0
r1b1k2r/1pq1npb1/p2ppnp1/2pP3p/P1P1P3/2NQ1N2/1P2BPPP/R1B1K2R b KQkq - 0 12,0,0,near_equal,0.5,-86,60,314,0,0,0,-400,0,0,0,0
r2q1k1r/npp1bpp1/4bn2/p2p4/3P3p/PP2PN1P/1BQN1PP1/R3KB1R b KQ - 3 15,0,0,near_equal,0.0,-260,18,215,0,0,-75,-400,0,0,0,0
r1bqk2r/pp3p2/2np1npb/2p1p1B1/Q1P1P3/2NP1N1P/PP3PB1/R3K2R b KQkq - 1 14,0,0,near_equal,0.0,-688,-113,-423,0,0,0,-265,0,0,0,0
2r1k1r1/pQ2ppbn/2npb1p1/q1p3Pp/2P5/P1NP1N1P/1P1BPPB1/1R2K2R w K - 0 16,0,0,white_winning,1.0,-844,266,-913,0,0,0,69,0,0,0,0
r1b1k1nr/1p5p/p2p1p2/2b1p3/1q1n3R/P1NQ2B1/1PP1PPP1/2KR1BN1 b kq - 0 16,0,0,white_winning,1.0,215,216,-335,0,0,150,400,0,0,0,0
1rnqkb1r/ppp3p1/2n1ppp1/3p4/3P2PP/3BPQ2/PPPN1P2/R1B1K2R b KQk - 3 11,10,0,near_equal,1.0,-2011,94,-393,-1030,0,0,-243,0,0,-100,-245
r3k2r/1p1n1pbp/2pp1np1/p3Pb2/P1P5/2N1qNPP/RP2PPB1/2B1K2R w Kkq - 0 14,21,0,black_winning,0.0,912,-294,9509,-9000,0,280,123,0,0,0,0
N3k2r/1q3pbp/3p2p1/p1p4n/Pp1nP3/1P1BQ1P1/1P3P1P/R1BR2K1 b k - 2 22,21,0,white_winning,0.0,-2396,153,-5547,3250,0,75,350,0,0,-100,-424
6k1/6pp/8/1rppP3/2n1N3/2N1q1P1/PPP4P/3K3R w - - 0 24,69,1,black_winning,0.0,6403,-349,4932,112,0,0,0,0,0,-200,1178
5k2/3r4/R2R4/7p/5P2/4PK2/8/8 b - - 5 71,96,1,white_winning,1.0,-11718,501,-8488,0,210,0,0,0,0,0,-2500
2rk4/p2p1n2/1pn1rN2/2p5/3bPBP1/3R2P1/P4P2/3R2KB w - - 4 35,53,0,near_equal,1.0,-2380,115,-1649,0,-240,75,-124,0,0,-100,-342
rn1qk2r/pp2pp2/2p3pb/3p1b1p/3PnP1N/2P1Q1P1/PP2P2P/RNB1KB1R b KQkq - 0 9,0,0,near_equal,1.0,1171,-105,1152,0,0,0,19,0,0,0,0
r4rk1/6p1/p2qpn1p/1p1nN3/3P3P/3p3R/PP1QN3/1K1R4 w - - 0 25,21,0,near_equal,0.5,869,-118,2839,-1852,-500,32,350,0,0,0,0
r2r2k1/pp3p1p/4p1p1/2b1P3/2p1PQ2/1qPb2P1/1P3NBP/R4R1K b - - 9 26,21,0,black_winning,1.0,4715,-203,1686,2565,0,-306,-350,0,0,300,820
r3r1k1/pp3ppp/4qP2/6Q1/Pb1Pp3/1P6/R1P1N1PP/6KR b - - 1 28,32,0,near_equal,1.0,939,-36,-141,1000,46,0,34,0,0,0,0
2r2k1r/4np2/1q1Bpbpp/2P5/P1QPB3/5P2/6PP/R2R2K1 w - - 1 40,21,0,white_winning,1.0,-16580,474,-3758,-10000,545,0,-350,0,0,-300,-2717
1r4k1/p4ppp/Prp4b/R3P3/1nqP4/1p3QP1/1P2N1NP/R6K w - - 14 39,21,0,near_equal,1.0,1046,-52,709,1075,0,-188,-350,0,0,-200,0
r2q1rk1/1pp2p2/p1nb1n1p/3pB1p1/3P4/2N3Q1/PPP1BPPP/2KR3R b - - 6 14,10,0,near_equal,1.0,-911,112,-974,200,0,0,-37,0,0,-100,0
r1b2rk1/4qppp/p1pb1n2/8/Np1pP3/1B1Q1N2/PPP3PP/R4RK1 w - - 0 15,10,0,near_equal,0.5,1336,59,1252,-15,0,0,-1,0,0,100,0
8/p2p1k2/1p2p3/4P3/1PP1P3/2p4r/P3R2P/2K5 b - - 0 28,106,1,near_equal,0.5,-862,1,138,0,-1000,0,0,0,0,0,0
r4rk1/1pqn1ppp/2p1pn2/8/p2P4/1Q2PB1P/PP1N1PP1/R2R2K1 w - - 0 17,21,0,near_equal,1.0,-401,50,-251,0,0,0,-350,0,0,200,0
8/pb1kr3/8/1p2p1Rp/1P2P2P/5P2/P1R2K2/8 w - - 5 39,90,1,white_winning,1.0,-6673,540,-3324,-1135,0,0,0,0,0,0,-1364
rnb1k2r/1pqpnpbp/p3p1p1/2pP4/P1P5/4PB2/1P3PPP/RNBQK1NR w KQkq - 2 8,0,0,near_equal,0.5,-425,90,-116,0,0,0,-309,0,0,0,0
r1b1k2r/p3pp1p/2P3p1/3P4/1n6/2b1PBP1/P2N1P1P/1R2K1NR b Kkq - 0 17,53,0,near_equal,0.0,-2558,136,-3065,1028,250,-199,-258,0,0,100,-414
k7/1p2n1q1/2p1B1p1/7p/p3PQ1P/2P3P1/PPK5/8 b - - 0 32,74,1,white_winning,1.0,-4764,258,-3800,0,247,0,0,0,0,0,-381
2r1kb1r/pp1n1ppp/3pb3/q2n4/3BN2P/P1N3Q1/1P2PPP1/2KR1B1R b k - 0 17,0,0,near_equal,1.0,-358,-102,-237,0,0,75,-196,0,0,0,0
r7/1np1r1k1/5p1p/p5p1/3P3P/1R2P3/PPP3P1/2K4R w - - 0 27,80,1,near_equal,1.0,-2447,-115,1492,-3250,0,0,0,0,0,0,-689
8/k4b1r/7P/pRp3R1/P7/2K2PN1/2P3r1/8 b - - 5 70,74,1,white_winning,1.0,-4183,267,-2806,-205,750,0,0,0,0,0,-737
1n4kr/1p1b1ppp/4pn2/1pB1b3/r1Pp1P2/P2P2P1/4P1BP/RN2K2R w KQ - 1 16,48,0,near_equal,1.0,242,-51,3422,-3404,0,-75,99,0,0,200,0
r3kb1r/pp1b1ppp/n2p4/q2n4/3Bp3/P1N5/1P1NPPPP/1QKR1B1R b kq - 1 13,0,0,near_equal,1.0,274,-33,859,-1060,0,75,400,0,0,0,0
2r3k1/p5pp/4pp2/P2r4/2PQ3P/R3PqP1/5P2/2R3K1 w - - 3 36,42,0,near_equal,1.0,-6734,88,-1201,-5017,216,338,-7,0,0,0,-1063
2r1kbnr/pp4pp/q3p3/3pPp2/P2P4/4BQ1P/1Pn1NPP1/RNR3K1 b k - 3 15,10,0,near_equal,1.0,4796,46,-900,5000,0,75,-400,0,0,0,1021
r1b1k2r/pp3pbp/n2ppnp1/q1pP4/2P1P3/P1NB3P/1PQB1PP1/2KR2NR b kq - 8 11,0,0,near_equal,0.0,-437,124,-112,0,0,75,-400,0,0,0,0
r2qk2r/2p1bppp/p3p3/1p1bn2n/3P4/2PB1N2/PP2QPPP/R1B1K2R w KQkq - 0 14,5,0,near_equal,0.5,466,-46,3718,-3250,0,0,-202,0,0,200,0
1nbq1k1r/rp3ppp/2pbpn2/p2p4/2PP4/PP1BPN2/2QN1PPP/R1B1K2R w KQ - 1 10,0,0,near_equal,1.0,-116,135,359,0,0,-75,-400,0,0,0,0
r1bqkbnr/pp3p1p/2N3p1/3pp3/8/1P2P3/P1P1BPPP/RNBQK2R b KQkq - 0 7,5,0,near_equal,0.0,-383,145,-3833,3250,0,0,400,0,0,-200,0
8/4r1rp/pk3P2/n1p5/5B1R/2P4P/P1P2K2/8 b - - 0 35,85,1,near_equal,0.5,4336,70,2240,0,500,0,0,0,0,0,991
8/8/R2p1k2/2p1p3/2P1PbK1/1r3B2/1P3P2/5b2 b - - 3 45,90,1,black_winning,0.0,8166,-398,3955,1090,0,0,0,0,0,300,1371
r2r2k1/1p1np1bp/p1n1p1p1/3q4/3pN3/P2BP1QP/1PPB1PP1/R2K3R w - - 2 17,10,0,near_equal,0.0,266,-48,-87,0,0,53,400,0,0,-100,0
1r3k2/R5pp/5p2/8/4r2P/6P1/1n3PK1/3b1R2 b - - 1 37,74,1,black_winning,0.0,11123,-553,8270,0,0,0,0,0,0,0,2113
1rb1k1nr/pp1p1p2/2nbp1p1/q1p4p/2P1P3/2NP1NP1/PP1BQPBP/R3K2R b KQk - 7 9,0,0,near_equal,1.0,-197,137,203,0,0,0,-400,0,0,0,0
1R6/6RP/7r/3k4/5PK1/1p4P1/4r3/8 b - - 2 54,85,1,white_winning,1.0,-5316,329,-3129,0,-255,0,0,0,0,0,-800
qr4k1/6b1/P2rn1pp/3n1p2/2BP4/P1B1PR2/2QN2PP/4R1K1 b - - 2 28,10,0,white_winning,0.5,-3595,276,-3494,200,700,0,-276,0,0,-100,-625
r4rk1/p1qbb1p1/1ppp1n1p/P2P4/QnP1p2P/2N1P2N/1P2BP2/R1B1K2R b KQ - 5 21,0,0,black_winning,0.0,2014,-176,499,1000,0,-75,400,0,0,0,190
r3r1kb/pp2pp2/nqp1b1pB/4P3/2PP4/5NP1/P2Q1PBP/R3R1K1 w - - 1 18,10,0,white_winning,1.0,-1226,336,-1655,1045,0,-216,-400,0,0,0,0
8/4k3/2pr1pp1/prN5/2RpP1pP/1P4P1/2K2P2/8 w - - 0 43,90,1,black_winning,0.0,4966,-335,3835,0,-800,0,0,0,0,0,982
r4rk1/2q1p1bp/1npppnp1/p7/3PP3/2NQ1B1P/1PP2PP1/R1B1R1K1 w - - 0 16,10,0,white_winning,1.0,-1396,160,-896,0,0,0,-400,0,0,-100,0
4kb1r/Qpqnp2p/p4pp1/8/8/8/PP1NNPPP/6KR b k - 7 27,42,0,black_winning,0.0,706,-261,707,0,0,75,124,0,0,-200,0
4rr1k/p5p1/3p3p/p1pP3q/2P1NPn1/R2B2b1/1P1B4/2Q3K1 w - - 18 46,26,0,black_winning,0.0,704,-381,4646,-4504,0,1212,-350,0,0,-300,0
rnb1k1nr/1p2ppbp/pq1p2p1/8/3NP3/2N5/PPP1BPPP/R1BQ1RK1 w kq - 4 8,0,0,near_equal,1.0,-760,104,-302,0,0,-58,-400,0,0,0,0
r1b1kbnr/3p1pp1/p1p1pq1p/8/4P3/2N1B3/PPPQ1PPP/R3KB1R w KQkq - 0 9,10,0,white_winning,1.0,-235,170,165,0,0,0,-400,0,0,0,0
1r4k1/6pp/Qn1Rp3/2pnPq2/4N3/2N3P1/PPP2r1P/2K4R w - - 3 19,21,0,near_equal,0.0,-3448,149,-2068,-690,0,-121,50,0,0,0,-619
2kr3r/ppp2pp1/8/q3p2p/PB1n4/2N5/2PP1PPP/R2QR1K1 b - - 0 16,26,0,white_winning,1.0,1747,243,-2475,3450,0,186,350,0,0,0,236
8/5k2/2NR1bp1/2P4p/rP2KP1P/6P1/8/8 b - - 0 44,96,1,white_winning,1.0,-7889,583,-5048,0,210,0,0,0,0,0,-1108
2r1kb1r/1bqp1ppp/pp2p3/4n3/1PPQPB1P/P1N5/5PP1/R3KB1R b KQk - 3 14,10,0,near_equal,1.0,891,31,246,1045,0,0,-400,0,0,0,0
5rk1/p4p1p/4p1pP/1p2P3/2p1PQP1/2Pr4/1P3RBK/3q4 b - - 0 33,48,0,black_winning,1.0,3990,-258,3998,0,0,-1704,-275,0,714,0,1257
8/8/1p2kp2/1Pb1p1p1/P1RrP1P1/2K5/6P1/8 b - - 8 52,101,1,black_winning,0.0,6538,-380,4286,0,0,0,0,0,0,0,1002
8/5k2/6pp/8/pp1B1P2/N7/PP1p1P1P/3Kb3 w - - 0 34,112,1,white_winning,1.0,-5025,437,-2359,0,-600,0,0,0,0,0,-1371
1r2r3/4b2k/3p2p1/2pPpb1n/8/pq2B2p/1PR4Q/1K1NNBR1 b - - 3 44,5,0,black_winning,0.0,2149,-304,1129,758,-716,453,400,0,0,-200,325
rnb1k1nr/p3p2p/1qp2ppb/p1Np4/3P4/4PNBP/1PP2PP1/R2QKB1R w KQkq - 7 13,0,0,white_winning,1.0,-1024,221,-624,0,0,0,-400,0,0,0,0
2r5/1pr2pk1/p2bp2p/P2p1p2/5P1P/2P1P1P1/1PR1BK2/3R4 w - - 6 35,74,1,near_equal,0.5,-589,3,-589,0,0,0,0,0,0,0,0
1R6/2n1kp2/1p5p/p7/P4P1P/2r1PK2/8/1R6 w - - 5 47,90,1,white_winning,1.0,-5513,457,-2281,-1090,0,0,0,0,0,0,-1092
1nbqk2r/rp3ppp/2pbpn2/p2p4/2PP4/P2BPN2/1PQN1PPP/R1B1K2R w KQk - 4 9,0,0,near_equal,1.0,-235,64,165,0,0,0,-400,0,0,0,0
8/1Bk5/2P3p1/2r1pp1p/p1b1P2P/5PP1/3K4/1N6 b - - 3 46,101,1,black_winning,0.0,5557,-510,3271,0,490,0,0,0,0,0,687
rnbqk2r/1p3ppp/2pbpn2/p2p4/2PP4/P2BPN2/1PQN1PPP/R1B1K2R b KQkq - 3 8,0,0,near_equal,1.0,-230,34,170,0,0,0,-400,0,0,0,0
3qkb1r/1p2pp1p/p4np1/3nQ3/2r2B2/2N2N2/PP3PPP/R3K2R w KQk - 0 17,10,0,near_equal,0.0,1030,-69,1135,0,0,0,-105,0,0,0,0
1qb1rrk1/p3n1bp/2p2pp1/8/n1PNN3/2B3P1/PP2QPBP/1K1RR3 w - - 8 19,0,0,white_winning,0.5,-2466,171,-1872,0,0,0,-400,0,0,0,-194
r3k2r/p1q1p1bp/1npppnp1/8/3PP3/2NQ3P/1PP1BPP1/R1B2RK1 w kq - 2 14,10,0,white_winning,1.0,-930,230,-817,0,0,75,-88,0,0,-100,0
1r1qkb2/ppp3p1/1nn1pppr/3p4/3P2PP/1N1BPQ2/PPP2P2/R1B1K2R w KQ - 6 13,10,0,white_winning,1.0,-662,164,-572,0,0,0,10,0,0,-100,0
2kr3r/pppn1pp1/4pQ1p/2P5/3P4/P2Bb3/1P3PPP/R4RK1 b - - 0 15,48,0,white_winning,0.0,-441,184,-6926,6550,0,0,-65,0,0,0,0
8/6R1/1p4p1/p1p1pk2/P1Pn4/6P1/1B3K1P/8 b - - 0 40,106,1,white_winning,1.0,-6775,382,-3808,0,-45,0,0,0,0,0,-1717
3k4/pR6/R1np3r/2r5/1p3N1P/1P4P1/P4PK1/8 w - - 7 42,74,1,white_winning,1.0,-4907,482,-3821,0,270,0,0,0,0,0,-661
r4q2/p2pkB1r/1p2pnQ1/4b1B1/2PpPP2/1PN3P1/P6P/R3K2b w Q - 1 19,21,0,near_equal,0.5,1124,-76,1800,0,-400,-13,-263,0,0,0,0
8/p1k5/1rpr2p1/2N1Rp1p/PR1N4/4P3/3K1PPP/8 w - - 1 31,74,1,white_winning,1.0,-10894,589,-7859,0,0,0,0,0,0,-200,-1940
q2r2k1/p2P1pb1/Pp2p1pp/2p5/bPP1NP2/2P1Q3/3R2PP/3R2K1 w - - 3 30,37,0,white_winning,1.0,-4659,310,-3185,-1000,300,0,-300,0,0,300,-774
1r4k1/7p/3N2p1/1PK1Rp2/2P4P/7r/8/8 w - - 3 38,90,1,near_equal,1.0,254,72,761,0,417,0,0,0,0,0,0
2R5/5bP1/1k1N1K2/r7/8/8/2P5/8 b - - 8 81,96,1,white_winning,1.0,-6366,385,-3479,0,-60,0,0,0,0,0,-808
r1b1kb1r/pp1n1ppp/1q1pp3/2p5/Q1PPP3/1PNBPN2/P5PP/R3K2R b KQkq - 0 11,10,0,near_equal,0.0,-970,-34,-530,0,0,-140,-400,0,0,100,0
2b1k2B/rp1nn2p/1q2N1p1/p7/Q1BN4/4b3/PP4PP/R4K1R w - - 3 19,10,0,white_winning,1.0,-7903,366,-6311,0,0,-180,-400,0,0,0,-1012
8/7p/4kp2/6p1/2R1p1P1/3p3P/4r3/5K2 b - - 4 45,106,1,black_winning,0.0,9541,-562,6160,0,280,0,0,0,0,0,1363
3brrk1/p2b2p1/1q1p3p/p1pP4/2P1BN1P/2NnP3/1PQ2R1n/R1BK4 b - - 2 33,0,0,black_winning,0.0,3646,-352,980,2795,0,-467,-400,0,0,0,738
3rkbr1/1P3pp1/3np2p/p1N5/8/PP1BPP2/1B2K2P/2R4R w - - 0 26,58,0,white_winning,1.0,-6934,670,-5492,0,150,-247,-222,0,0,-300,-823
2r1k1nr/pp1qppb1/n2p2p1/2pP3p/2P1P1bP/P1NB1N2/1PQ2PP1/R1B1K2R w KQk - 0 12,0,0,near_equal,1.0,-320,141,80,0,0,0,-400,0,0,0,0
8/3k3p/1R1p4/1p1P2p1/p3P2r/P4K2/1P3P2/8 b - - 3 49,106,1,near_equal,0.5,-264,9,-264,0,0,0,0,0,0,0,0
8/q3p2k/6p1/1p2Q3/4PP1P/2P5/2K5/8 b - - 4 62,85,1,near_equal,0.5,-1924,40,-1540,0,0,0,0,0,0,0,-384
6k1/6P1/8/4pK2/1p2N2P/8/5R2/2q5 w - - 0 39,90,1,near_equal,0.0,6507,-82,1946,900,1060,0,0,0,0,0,1174
3r2kb/pP1P1p2/P3p1pp/8/2P1NP2/1qP1Q3/6PP/3RK3 w - - 5 39,53,0,white_winning,1.0,-5304,618,-4799,355,345,-75,-250,0,0,0,-880
2kr1b1r/pp2np2/1qnpb1pp/1Qp1p3/2P4P/1PNP1NP1/PB2PPB1/R3K2R b KQ - 1 12,0,0,near_equal,0.5,-583,3,-610,0,0,-75,102,0,0,0,0
r1bqk2r/1p1p1pp1/2n1pn1p/p1b5/2P4P/P1N1PNP1/1P3P2/R1BQKB1R w KQkq - 1 10,0,0,near_equal,0.5,-96,28,304,0,0,0,-400,0,0,0,0
r2qkb1r/pp3ppp/1nb1pn2/4B3/3P4/3B1N2/PPQ2PPP/RN2K2R b KQkq - 4 11,0,0,near_equal,0.0,-362,-47,38,0,0,0,-400,0,0,0,0
rn2r1k1/1pp4p/3p1n1B/p7/b1PNp3/5P2/PP4PP/2KR1B1R w - - 7 16,53,0,near_equal,1.0,-384,98,-326,0,0,0,42,0,0,-100,0
8/8/5p2/pk2p1p1/3bP1P1/3K4/2R3P1/1r6 b - - 11 65,101,1,black_winning,0.0,10998,-487,7578,0,195,0,0,0,0,0,1820
4k3/B4p1r/2pb2n1/1p5p/1n2NPbP/4P1P1/5K2/5BNR b - - 3 25,64,0,near_equal,0.5,736,96,929,0,-112,-120,39,0,0,0,0
8/2k3r1/p1p5/P1P1p3/2K4R/4r1P1/8/1R6 b - - 1 52,85,1,near_equal,0.5,2040,-4,233,1285,8,0,0,0,0,0,514
rnb5/1pq1k2p/p2rp3/2p2p2/4Bp2/P5P1/QPP2P1P/RN1R2K1 w - - 0 19,21,0,near_equal,0.5,-2156,0,-1672,-1000,0,166,350,0,0,0,0
4k2r/5ppp/4pn2/r1b5/2N5/4PN1P/P1P2PP1/2B1K2R b Kk - 1 22,69,1,near_equal,0.5,851,-133,-114,1165,0,0,0,0,0,-200,0
7r/3R1p2/4pk2/8/7P/6P1/2Bp4/3K4 b - - 6 52,101,1,white_winning,1.0,-7977,234,-2346,-2335,-315,0,0,0,0,0,-2131
r1bqkb1r/1ppp1p2/p1n3np/4p1p1/1PP1P3/P1NP1NP1/5P2/R1BQKB1R w KQkq - 0 11,0,0,near_equal,0.5,190,0,590,0,0,0,-400,0,0,0,0
7r/3R2p1/3r1k1p/8/3p1P1P/7B/2K1P3/7n b - - 2 32,85,1,black_winning,0.0,8218,-474,5424,0,0,0,0,0,0,0,1699
r2bk2r/1p1n4/p2Bp1p1/5pN1/3P1P2/4n2P/PP1KN3/2R4R b kq - 1 26,53,0,near_equal,0.5,325,-10,802,0,0,-407,-70,0,0,0,0
8/p2p1k1r/1p2p3/4P3/2P1P1rB/1Pp3P1/P6P/2K4R w - - 3 25,90,1,near_equal,0.5,335,-86,-50,1135,-750,0,0,0,0,0,0
rn1qk2r/pp3pbp/8/4pb2/2P5/2B5/PP3P1P/R2QKBNR w KQkq - 2 11,10,0,near_equal,0.0,654,15,254,0,0,0,400,0,0,0,0
r3q1k1/6pp/n2p4/pp2pbPn/7P/P1NPBN2/1P3K2/R4B1R w - - 2 19,37,0,black_winning,0.0,3990,-381,3599,0,0,0,98,0,0,-300,593
2k4r/ppp3p1/8/1P2Rp1p/5q2/6P1/2Pr1P1P/R3Q1K1 b - - 0 21,42,0,white_winning,1.0,1400,158,1112,0,0,206,82,0,0,0,0
8/3k4/3q4/3p4/3P1N1Q/b5Pp/4BP1K/8 b - - 0 58,69,1,white_winning,1.0,-10550,476,-5440,-2065,-750,0,0,0,0,0,-1445
rn3rk1/pp2ppb1/2p2npp/q2p1b2/2PP1B2/1PN2NP1/P3PPBP/R2Q1RK1 w - - 4 10,0,0,near_equal,1.0,3333,36,-125,3250,0,0,-400,0,0,0,608
r2k3r/1pq1p3/1npp2p1/5pPp/p2P4/2P2QP1/PP2RPNP/4R1K1 b - - 3 24,32,0,white_winning,1.0,-902,218,338,-1015,0,75,-300,0,0,0,0
r4rk1/2qbn2p/3p2p1/1p1P1p2/p1pQ2P1/P3PNRP/1P3P2/RB2K3 w Q - 4 25,21,0,near_equal,0.5,-208,-10,322,0,0,-180,-350,0,0,0,0
3r1k1r/pp4p1/2p2p2/P3p2p/R1bPP2P/1P3BP1/4QP1n/3NK3 b - - 0 30,53,0,near_equal,0.0,3002,112,-4391,6466,0,-75,-14,0,0,0,1016
4k1r1/2r1Ppb1/n5pp/2p1N3/P1qP4/1N4P1/1P3P1P/2R1R1K1 w - - 0 29,42,0,near_equal,1.0,-3563,-144,5114,-7888,435,-133,-300,0,0,-200,-591
4k1nr/rp1bp3/p2p1pN1/7p/3NP3/3Pb3/P1R1BPPP/2R3K1 w k - 0 18,53,0,white_winning,1.0,-2659,320,-297,-1750,0,-195,-270,0,0,100,-247
r3k2r/6p1/p1p1Pp2/2p2R2/q1P3p1/P2P4/1B2Q1Pb/1R3K2 b kq - 3 25,32,0,near_equal,0.5,-2847,-30,-19,-2105,375,-536,-289,0,0,0,-273
2q2rk1/ppr2ppp/8/3pp3/b5P1/1N3Q2/3RB2P/4K2R b K - 0 24,26,0,black_winning,0.0,2424,-355,3821,-1325,-650,125,350,0,0,0,103
r1b1kb1r/ppq2pp1/3pp2p/2p5/P1P1PPn1/2NQB3/1PP1N1PP/R4RK1 b kq - 3 11,10,0,near_equal,1.0,-1026,51,-868,200,0,-58,-400,0,0,100,0
3qkb1r/1p2pp1p/pn3np1/3P4/2rQ1B2/2N2N2/PP3PPP/R3K2R w KQk - 2 16,10,0,near_equal,0.0,-739,-76,-339,0,0,0,-400,0,0,0,0
r4k1r/1p3pp1/p1nbb2p/3p3P/1p5R/2P1NNn1/1P2PPB1/R1B1K3 w Q - 0 20,42,0,near_equal,1.0,-237,-55,1884,-2250,0,-75,204,0,0,0,0
6RN/rpk1p3/p2p1p2/2b4B/4P3/3P4/P4PPP/6K1 w - - 1 23,90,1,white_winning,1.0,-7265,434,-5140,0,0,0,0,0,0,0,-1430
8/8/1p4r1/6k1/P1PP2P1/1P2NK2/7R/8 b - - 4 55,101,1,white_winning,1.0,-14508,713,-10607,0,420,0,0,0,0,0,-2871
2r5/3k4/p6p/3n3P/3b4/P7/R2B2r1/3K3R b - - 1 33,69,1,black_winning,0.0,5989,-526,5865,-1090,0,0,0,0,0,0,519
r7/5Npp/4p3/2N4k/1n2K3/4P2P/6r1/2B2R2 b - - 4 35,74,1,near_equal,0.5,-4228,-13,-1025,-1090,0,0,0,0,0,-200,-618
r3k2r/1b3pp1/1pnbpn1p/p2p4/1PPP4/P2BBN2/3N1PPP/R4K1R w kq - 0 16,42,0,near_equal,0.0,1195,-52,167,1000,0,75,-47,0,0,0,0
k6r/1p6/pQb5/5R2/1P1PP3/P3KP1B/7q/8 b - - 13 51,53,0,near_equal,0.5,-715,-55,-4091,3450,255,-629,-300,-183,783,0,0
1kr5/p3pb2/1p3bp1/2q2p1p/2r2P1P/2N5/PQ3P2/1NR1K1R1 w - - 2 29,21,0,black_winning,0.0,5150,-596,3654,0,0,512,350,0,0,100,534
8/q7/3Q1nk1/1pR5/p7/P4PPp/1P2K2P/8 w - - 13 47,69,1,white_winning,1.0,-10178,515,-6838,-1135,0,0,0,0,0,0,-1110
1Rb3k1/4nrp1/r1p1p2p/2P1B2P/4B2R/p4P2/P1PK2P1/8 w - - 4 29,64,0,white_winning,1.0,-2802,445,-1461,0,0,-538,-154,0,0,-300,-349
2k5/pp1b3p/2pp4/7P/2Pr4/1P3B2/P3KP2/1R6 w - - 0 33,96,1,near_equal,1.0,-162,5,-162,0,0,0,0,0,0,0,0
8/5q2/1R3nk1/4Q3/pp6/P4PPp/1P3K1P/8 w - - 0 51,69,1,white_winning,1.0,-9698,533,-6524,-1000,0,0,0,0,0,0,-1079
8/p3k3/R1np3r/1R6/1p3N1P/1P4P1/P4PK1/2r5 b - - 4 40,74,1,white_winning,1.0,-4653,515,-3337,0,195,0,0,0,0,0,-661
r1bq1k1r/1pp1np2/p2p1N2/4p2R/1PP1P1p1/P2P2P1/5P2/R2QKB2 b Q - 0 18,21,0,near_equal,0.5,-2755,26,-738,-1060,0,-376,-350,0,0,0,-231
2r1k2r/pp1bppbp/3p4/n2P2p1/PqP1n3/1p2P1B1/3N1PPP/RN1QKB1R w KQk - 2 17,0,0,black_winning,0.0,5285,-465,2082,2795,-100,152,-400,0,0,0,756
r4rk1/p1q1p1bp/1npppnp1/8/3PP3/2NQ3P/1PP1BPP1/R1B1R1K1 w - - 4 15,10,0,white_winning,1.0,-968,176,-901,0,0,0,33,0,0,-100,0
1k1r3r/pp2n1b1/2n1b1pp/1N3p1P/1pPp4/P2P2P1/1B1N1PB1/2R1K2R w K - 0 24,42,0,near_equal,0.5,1472,-52,1141,0,0,31,300,0,0,0,0
8/4kp2/1prr2pp/pR6/4P3/6P1/6KP/1R6 b - - 0 43,85,1,black_winning,1.0,4706,-415,3101,0,-75,0,0,0,0,0,740
8/6k1/3Q4/1p6/2q4p/P7/1P6/1K6 b - - 6 51,85,1,near_equal,0.5,611,-10,251,0,-200,0,0,0,0,0,0
r2qk2r/pb1n1ppp/3bp3/2pn4/8/P3PN1P/1PQ1BPP1/RNB1K2R w KQkq - 0 11,0,0,near_equal,1.0,1000,14,600,0,0,0,400,0,0,0,0
r1b1k1nr/4p2p/2p2ppb/p1pp4/2P5/4PNBP/1P3PP1/3QKB1R b Kkq - 0 17,42,0,white_winning,1.0,-3244,475,-3177,0,0,-119,52,0,0,0,0
8/2k5/6p1/3r2P1/5P1p/1P1N3R/r2pK1P1/8 b - - 11 52,90,1,black_winning,0.0,1219,-170,2531,-1180,-300,0,0,0,0,0,0
3R4/8/5p2/2p1b3/2P5/3p1P1n/5P1k/5K2 b - - 3 47,106,1,black_winning,0.0,5886,-191,3333,0,0,0,0,0,0,0,783
rnb1k2r/pp2bpp1/2pp1n1p/q3p3/P2PP3/2N2N1P/1PPB1PP1/R2QKB1R b KQkq - 2 8,0,0,near_equal,1.0,-591,53,-195,0,0,0,-396,0,0,0,0
1b6/5k2/1p1r3p/pP6/N2PpPpP/1P6/4RP2/7K b - - 2 40,96,1,near_equal,0.5,693,-36,-312,255,750,0,0,0,0,0,0
r2q1k2/p2p1B1r/1p1bpnQp/2p1N3/2PP4/1PN1P1P1/P4P1P/R1B1K2b w Q - 1 15,16,0,white_winning,0.5,-2889,214,-1535,0,0,-703,-400,0,0,-200,-51
2k1r3/ppp2p1p/2Pr2p1/7q/P1P5/3BBN2/2P2PK1/b1Q1R3 b - - 0 19,32,0,near_equal,1.0,2000,72,1715,1075,0,-316,-264,0,0,-300,90
r2qk2r/pp1nppbp/3p2p1/P4n2/2Pp4/1P3BPP/3BPP2/RN1QK2R b KQkq - 1 12,10,0,near_equal,1.0,833,-132,533,0,0,0,400,0,0,-100,0
4rkr1/Q3pp1n/3p2p1/BPpP2Pp/4B2q/P2PP3/5P1b/1R2KR2 w - - 0 33,21,0,white_winning,1.0,-3339,234,-1689,0,-664,-75,-350,0,0,-300,-261
2r1k2r/Bp3ppp/8/bb2p3/8/PP1nP3/3NNPPP/1R1K1R2 b k - 2 22,53,0,black_winning,0.5,-299,-248,-672,0,0,142,131,0,0,100,0
r3k2r/pp3ppp/2p5/1P1bP3/8/P1R3P1/8/2B1R1K1 w kq - 2 25,74,1,black_winning,0.5,3614,-237,2394,0,0,0,0,0,0,0,635
2r2k2/1p1q1pp1/3N4/7r/1PP2Q1p/7R/5PPP/3R2K1 w - - 1 29,37,0,white_winning,1.0,-10416,479,-5552,-2810,0,0,-300,0,0,0,-1754
7r/1p3k1p/p1p1qp1Q/P1RB4/8/1p2P1P1/5P2/1R4K1 b - - 0 28,48,0,white_winning,1.0,-11320,598,-8341,1542,-375,-150,-183,-2538,0,0,-1275
4k3/pp2p3/4rp2/4P3/2P1R2P/1P2pKP1/P7/8 b - - 0 33,106,1,white_winning,1.0,-5050,342,-1986,-1102,-250,0,0,0,0,0,-955
r4k1r/1p3pp1/p1nn3p/4bb1P/R7/8/R1N1PPB1/1NB1K3 b - - 8 28,42,0,black_winning,1.0,4144,-204,3197,0,0,54,300,0,0,0,593
8/8/5p2/2p1b3/2Pp1nR1/5P2/5P1k/3K4 w - - 6 43,106,1,black_winning,0.0,5477,-195,3959,0,-360,0,0,0,0,0,783
2b1k2B/rp1nn2p/1q2N1p1/p7/Q1B5/8/PP2NbPP/R4K1R w - - 1 18,10,0,white_winning,1.0,-7529,395,-6003,0,0,-114,-400,0,0,0,-1012
3r1k1r/pp1b2p1/2p2p2/P1q1p2p/R3P1nP/1PN3P1/2PNQPB1/4K3 w - - 4 26,26,0,black_winning,0.0,2845,-227,2648,0,0,-75,90,0,0,-200,382
r1bqk2r/p4p1p/2pb1np1/3pp3/P7/1P1BP3/1BP2PPP/RN1QK2R b KQkq - 0 10,10,0,near_equal,0.0,-51,-102,-451,0,0,0,400,0,0,0,0
1r4k1/p4ppp/Prp4b/4P3/1n1P4/1p3RP1/1P2N1NP/R6K b - - 0 41,64,0,near_equal,1.0,-327,-37,149,0,0,-32,-244,0,0,-200,0
rnb4r/1p2k1pp/pq1bp3/2p2p2/2Q1nB2/P4NP1/1PP2PBP/RN1R2K1 w - - 4 14,0,0,white_winning,0.5,-558,205,-1383,1015,0,75,-265,0,0,0,0
r3k3/pp2pp2/n2p1bp1/2pPr3/2P1P2P/P1N1B1P1/1P1R2P1/2K4R b - - 2 25,64,0,near_equal,1.0,-1800,138,-1291,0,0,75,-285,0,0,0,-299
k2r2q1/1p6/pQb5/4R3/1P1PP3/P5PB/5P2/4K3 b - - 0 41,53,0,white_winning,0.5,-8012,182,-5954,0,268,-681,-300,0,0,0,-1345
r1b1k1nr/1p5p/p1np1p2/2b1p3/1q5R/2NQ2B1/PPP1PPP1/2KR1BN1 b kq - 1 15,0,0,white_winning,1.0,35,198,-511,0,0,146,400,0,0,0,0
r4rk1/p3n1bp/1npq1pp1/5b2/2PN4/2B3P1/PP1NQPBP/R3K2R w KQ - 0 15,0,0,white_winning,0.5,-1064,324,-530,-200,0,-75,-259,0,0,0,0
2rr2k1/1p2p1bp/p3p1p1/3qnn2/8/P1NB3P/1PPB1PPQ/1RK4R b - - 5 21,10,0,black_winning,0.0,625,-301,298,0,0,27,400,0,0,-100,0
4rrk1/p2bb1p1/1q1p1n1p/p1pP4/1nP1pN1P/1QN1P3/1P3P2/R1BBK2R w KQ - 4 25,0,0,near_equal,0.0,1467,-89,1142,0,0,-75,400,0,0,0,0
2k1r3/pp5p/2p1b1p1/2b2p2/r7/P2BN1PP/1PP2P2/R3K2R w KQ - 4 20,64,0,near_equal,0.0,1196,-125,540,0,0,56,300,0,0,300,0
r3k2r/pp2ppbp/3p1np1/3P1q2/3Q4/4B1P1/PP2PPBP/R3R1K1 w kq - 5 15,21,0,near_equal,1.0,-802,77,-227,0,0,75,-350,0,0,-300,0
8/8/4k3/4Pp2/r4P2/6K1/2R4P/8 b - - 2 44,106,1,white_winning,1.0,-5294,278,-3605,0,600,0,0,0,0,0,-1000
1r5r/3k3p/p7/3n2B1/8/P2P3P/5bP1/R2K3R b - - 0 28,69,1,black_winning,0.0,2249,-446,1957,0,0,0,0,0,0,0,292
r3k2r/1bpnqpb1/1p2pnp1/pN2N2p/2PP1B2/3B4/PP3PPP/R2QR1K1 b kq - 2 13,0,0,white_winning,1.0,-2234,166,-562,-1015,0,-64,-400,0,0,0,-193
1q4k1/3npN1p/2B2np1/R3p3/5b2/3Q2PP/1PP2P2/4R1K1 b - - 0 26,37,0,white_winning,1.0,-12775,396,-9610,-1145,0,60,-20,0,0,200,-2260
8/r4B2/4Pk2/b2R2NP/8/1p3K2/1P6/8 b - - 0 41,90,1,white_winning,1.0,-12492,446,-8810,0,-40,0,0,0,0,0,-1966
3r1k1r/pp1b2p1/2p2p2/P1q1p2p/R1N1P1nP/1PN3P1/2P1QPB1/4K3 b - - 5 26,26,0,black_winning,0.0,2640,-231,2561,0,0,-75,-28,0,0,-200,382
4r2r/ppk2p2/5Q2/3p1p1p/3P3P/P3PP2/3KN3/q5R1 b - - 2 32,48,0,near_equal,0.0,3547,-149,2564,23,0,190,-82,-1809,1311,0,1350
rnb1kb1r/p1q1pp1p/1p3np1/2Pp4/1P6/2P1PB2/P4PPP/RNBQK1NR b KQkq - 1 7,0,0,near_equal,0.0,-1238,-52,-1114,155,0,0,-279,0,0,0,0
3q1k2/3Pp3/2r3p1/1p6/5p1r/2P1QPRP/4P3/3RK3 w - - 0 46,42,0,near_equal,0.5,-2058,146,-1675,0,300,-147,-224,0,0,0,-312
r1b2rk1/1p1p2pp/p1P1p3/q1p4n/2P3P1/P3BN1P/Rb1N1P2/3QKB1R b K - 1 15,5,0,white_winning,1.0,175,374,-1463,2030,0,-75,-117,0,0,-200,0
8/8/7k/3R2p1/2pB1r1p/p6P/P5P1/2R4K b - - 0 50,90,1,white_winning,1.0,-13514,675,-9131,0,-825,0,0,0,0,0,-2618
r2r2k1/5pq1/2pBp1p1/p3Q2p/3RpP1P/2P3P1/P1P1B3/2K4R b - - 7 27,32,0,white_winning,1.0,-10817,546,-6096,-1637,-300,-506,-300,0,0,-300,-1678
r2qk2r/pb1n1ppp/1p1bp3/2Pn4/8/P3PN1P/1PQ1BPP1/RNB1K2R b KQkq - 0 10,0,0,near_equal,1.0,540,-23,-860,1000,0,0,400,0,0,0,0
r3k2r/pp2ppbp/3q1np1/2ppnb2/P2P3N/1NP3P1/1P2PPBP/R1BQK2R b KQkq - 0 10,0,0,near_equal,0.5,1570,68,893,0,0,277,400,0,0,0,0
4k2r/1p1n3p/p4pp1/4p3/1b6/2NQ4/Pq1N1PPP/6KR w k - 2 31,42,0,black_winning,0.0,2287,-228,1671,0,0,-22,169,0,0,-200,669
5k1r/1p5p/p3qp2/P1Rp3Q/8/1p2P1P1/5P2/1R4K1 w - - 2 30,53,0,white_winning,1.0,-6025,656,-3397,-1089,-375,-101,80,0,0,0,-1143
r1b1k2r/1p2b1pp/p1p2n2/P1n5/1q1NN3/Bp2P1P1/5PBP/R2Q1RK1 b kq - 1 17,0,0,white_winning,1.0,-614,248,86,0,-375,75,-400,0,0,0,0
r1b1kb1r/q2n1p2/ppp1p1p1/P2n3p/1PBP4/BQN1PN2/5PPP/R3K2R b KQkq - 3 14,0,0,near_equal,0.0,-1578,122,-1178,0,0,0,-400,0,0,0,0
rnbqkb1r/1pp2p2/p1n1p2p/3p4/3P2pN/2P3P1/PP1B1P1P/RN1QKB1R w KQkq - 1 11,0,0,near_equal,1.0,1289,19,1949,-1060,0,0,400,0,0,0,0
r1b1kb1r/5p2/p2pp3/1qp1n1pp/2P1PN2/3Pn1P1/RP3PBP/3QKN1R w Kkq - 0 15,5,0,near_equal,0.0,1333,-124,4198,-3295,0,129,1,0,0,300,0
6k1/8/p5pp/2p2p2/P2b1P2/6P1/R2K3P/2r5 b - - 3 39,101,1,black_winning,0.0,9524,-388,7103,0,23,0,0,0,0,0,1748
r1b1k1nr/2qp1pp1/p1p1p2p/8/4P2P/2P1BQ2/P1P2PP1/R3KB1R w KQkq - 0 11,21,0,near_equal,1.0,-548,139,228,0,0,-126,-350,0,0,-300,0
r3k2r/1p1np1bp/p1n1p1p1/2qp4/8/P1N3QP/1PPBPPP1/R2K1B1R b kq - 1 13,10,0,black_winning,0.0,582,-204,39,0,0,243,400,0,0,-100,0
1r1q2k1/4n1pp/Qn1pp3/2p1P1N1/8/2N5/PPP2rPP/2KR3R w - - 0 16,21,0,white_winning,0.0,-1356,285,-1335,-30,0,-86,95,0,0,0,0
4kb1r/1p2pp1p/p2q1np1/8/2Q5/2N2N2/PP3PPP/4K2R b Kk - 2 20,42,0,near_equal,0.0,766,-114,1120,0,0,0,-154,0,0,-200,0
3rnk1r/5p2/1q2p1p1/4P1P1/2PpP1Qp/3B3P/5R2/4R2K w - - 1 46,32,0,near_equal,0.0,-439,104,420,0,-184,-375,-300,0,0,0,0
4k3/2p1P3/p3p3/1p1r3r/5Bp1/1PP2bRP/P4P2/4RK2 b - - 1 32,74,1,near_equal,0.5,-568,-80,-2368,1200,600,0,0,0,0,0,0
8/4k1p1/2pr1p2/pr6/2RpP1pP/1P1N2P1/2K2P2/8 w - - 2 42,90,1,black_winning,0.0,5168,-276,4091,0,-800,0,0,0,0,0,982
4k2r/pp2pp1p/3p4/n2r2p1/Pb3P2/1p1BP1P1/q2NK1P1/4Q2R b k - 0 26,32,0,black_winning,0.0,12120,-543,10446,30,-75,0,-38,0,0,0,1757
6kr/1p1n1ppp/4p3/1P2n3/r2B4/PN1P2P1/4P2P/R3K2R w KQ - 1 22,64,0,white_winning,1.0,-1243,245,-1512,0,0,53,16,0,0,200,0
r3k2r/pb3p1p/1qn1pp2/1p1p4/1b5P/3P1NP1/PPQNPPB1/R3K2R b KQkq - 4 12,10,0,near_equal,0.5,158,-87,-342,0,0,0,400,0,0,100,0
rn2kbnr/pp3ppp/4p3/1qppP3/P2P4/2P4P/1P3PP1/RNBQK1NR b KQkq - 0 8,10,0,near_equal,1.0,-170,9,188,0,0,0,-358,0,0,0,0
4kbnr/p5pp/q1p1p3/3pPp2/Pn1P4/1R2BQ1P/1P2NPP1/1N4K1 w k - 2 20,32,0,white_winning,1.0,-195,195,-1013,1045,0,-38,-189,0,0,0,0
2Q2b1r/1p3kp1/p4n2/3np1B1/P1B5/7p/1PP2PPP/4R1K1 b - - 0 26,58,0,white_winning,1.0,-11148,425,-8533,-1033,0,0,105,0,0,-100,-1587
r1bqk2r/1p4b1/p3p3/5p1p/P4Pp1/2PpN3/1P3PBP/R3RQK1 b kq - 0 28,21,0,near_equal,0.0,398,-99,661,0,-375,75,-263,0,0,300,0
8/8/6pp/5k2/3B1P2/1N6/1P1p1P1P/3Kb3 w - - 1 38,112,1,white_winning,1.0,-9660,472,-4328,-1200,-600,0,0,0,0,0,-2527
3k4/R4p1r/p4Pp1/2rp4/3p2P1/1P1K1P1p/P2B3P/2R5 b - - 2 37,80,1,white_winning,1.0,-6955,555,-3652,0,-1312,0,0,0,0,0,-1096
r3k2r/3bn2p/2p1pppb/p1Bp4/2P5/1Q1BPN1P/1P3PP1/4K2R b Kk - 0 22,42,0,white_winning,1.0,-3979,328,-4077,0,0,0,98,0,0,0,0
3nr1k1/2B1b3/4Pp1Q/1q1B1P1p/pppp2pP/3P4/1nPN4/6RK w - - 0 39,32,0,white_winning,1.0,-526,341,2159,-2045,-246,-158,-136,0,0,-100,0
r4k1r/1q1nnpb1/2b1p1pp/2N1N3/1PQP1B2/P7/2B2PPP/R1R3K1 b - - 7 26,0,0,white_winning,1.0,-3910,389,-3356,0,235,0,-400,0,0,0,-389
r1bq1k1r/pp3pp1/2nbpn1p/2pp4/2P4P/PPNP1NP1/R3PP2/2BQKB1R b K - 0 9,0,0,near_equal,0.0,482,-38,157,0,0,-75,400,0,0,0,0
1r4k1/p4p2/2p3pp/8/P1qPQP2/1rb3P1/R6P/1R4K1 w - - 0 31,37,0,black_winning,0.0,4550,-441,4138,0,0,-336,-104,0,0,0,852
6k1/5p2/p5p1/n3n2p/2P4P/1P2K1P1/8/3B4 w - - 5 39,112,1,black_winning,0.0,5683,-213,3173,0,150,0,0,0,0,200,1355
r4rk1/pp1n1pp1/2pb1n1p/q2pp3/2PP4/1P1BPQ1P/PB1N1PP1/R2R2K1 w - - 0 14,10,0,near_equal,1.0,-603,84,-388,0,0,0,-115,0,0,-100,0
r1bqkb1r/pp3ppp/2pp1n2/4n3/2PQ4/1PB1P1P1/P4P1P/RN2KBNR b KQkq - 0 9,0,0,near_equal,0.5,155,-76,137,0,0,0,18,0,0,0,0
2r5/5pk1/2pBp1p1/r6p/2R2P1P/pKP3P1/P1P1B3/3R4 w - - 2 35,74,1,white_winning,1.0,-12644,673,-7851,-1225,0,0,0,0,0,-300,-2328
r1bqk2r/ppp1bppp/2n5/3np3/1P6/P3P1P1/3P1P1P/RNBQKBNR b KQkq - 0 7,0,0,near_equal,0.5,567,-94,167,0,0,0,400,0,0,0,0
r2rn1k1/pp3ppp/4bn2/2R5/7P/1PBpP1P1/1P3PB1/4NK1R w - - 0 21,53,0,near_equal,0.0,81,-105,465,28,-125,-16,-171,0,0,-100,0
1k4r1/pp3rb1/7p/2P2n1p/2Pp4/BR3BP1/5P2/5K1R b - - 4 36,64,0,near_equal,0.5,-283,113,1446,-1118,-200,-139,28,0,0,-300,0
3k1b1r/1r1p1p2/p3pPp1/1q6/3Q1B2/1P1P1PPp/P1R4P/5K1R w - - 3 27,32,0,near_equal,1.0,-2563,147,-1298,0,0,-730,-300,0,0,0,-235
1n2k2r/r3Ppbp/2p3p1/q7/PpQP4/1N3NP1/1P3P1P/R2R2K1 b k - 3 22,21,0,white_winning,1.0,-2349,374,-4067,2097,507,-336,-350,0,0,-200,0
2k5/Q1pr1p1p/6p1/2p5/P1P1q3/6B1/2P2PB1/6K1 b - - 1 29,64,0,white_winning,1.0,-1193,254,-435,0,-83,-451,76,0,0,-300,0
2k5/2p5/pq6/3B1P2/p7/2NQ4/8/3K4 w - - 14 55,74,1,white_winning,1.0,-11711,509,-6660,-1862,-440,0,0,0,0,0,-2209
2k5/p4R2/R1np3r/8/1N5P/1P4P1/P1r2PK1/8 b - - 2 44,74,1,white_winning,1.0,-983,565,-4518,3250,285,0,0,0,0,0,0
8/2k5/2n5/4r2p/5R2/2P1B1KP/2P5/8 w - - 2 55,96,1,white_winning,0.5,-4723,268,-2690,0,0,0,0,0,0,0,-938
8/1RR2pp1/4p1k1/4P3/5P2/b5P1/1r6/3K4 w - - 9 71,90,1,white_winning,1.0,-4704,253,-1726,-1045,0,0,0,0,0,0,-1038
1B2r1k1/Q7/4pq2/p2p2pp/2p5/8/P5PP/2RR3K w - - 0 39,48,0,white_winning,1.0,-7068,610,-4630,-1069,-559,313,219,0,0,0,-1342
8/3q4/5nk1/1pR1Q3/p7/P4PPp/1P2K2P/8 w - - 7 44,69,1,white_winning,1.0,-8673,502,-5333,-1135,0,0,0,0,0,0,-1110
2k4r/1p4p1/2pp1p2/2n1p2r/2P1P3/q1NPB1P1/P1Q2R1P/6K1 b - - 3 26,37,0,black_winning,0.0,2840,-274,2612,0,0,0,-147,0,0,0,375
r1b1kb1r/pp3p1p/1qnppnp1/2p5/4P3/2NP1NP1/PPP1QPBP/R1B2RK1 b kq - 3 8,0,0,near_equal,0.0,218,35,174,0,0,75,-31,0,0,0,0
8/k7/6p1/3r2P1/5P1p/1P1N3R/r2p2P1/3K4 b - - 23 58,90,1,black_winning,0.0,576,-209,2356,-1180,-600,0,0,0,0,0,0
r2qk1nr/ppp2ppp/1b1p4/4p3/1PPnP3/P1N1B3/2P2PPP/1R1QK1NR b Kkq - 0 9,10,0,near_equal,1.0,62,-9,264,0,0,0,-202,0,0,0,0
r3k2r/3p4/pp2P1pb/4np1p/4P2P/7R/PPN2PP1/3RKB2 b kq - 0 23,64,0,near_equal,0.0,335,86,-500,1000,0,-196,31,0,0,0,0
r1b1k2r/1p1p1ppp/p3p3/2b5/P3P3/1BN4q/1PPQ1P2/R1B2RK1 b kq - 9 21,16,0,near_equal,0.5,-594,-78,-289,0,0,95,-400,0,0,0,0
4q3/7k/P2r2pp/8/2Bb1P2/P1R3P1/2Q3KP/8 b - - 0 35,53,0,white_winning,0.5,-1023,153,-3736,1550,250,72,44,0,1593,0,-796
3q4/k7/1pQ3p1/P1p1P2p/2P4P/6P1/2K5/8 b - - 0 47,85,1,white_winning,1.0,-4366,261,-2424,-90,-80,0,0,0,0,0,-419
5k2/p1q1p3/6pr/1p1Pbp2/1Br5/1Q2R2P/1P2PP2/3RK3 b - - 10 36,32,0,near_equal,0.5,182,-55,-115,0,0,122,175,0,0,0,0
8/3b4/3pk3/2p1p3/4PbK1/1r3B2/RP3P2/8 w - - 4 49,90,1,black_winning,0.0,9002,-422,5970,0,0,0,0,0,0,300,1282
r2r2k1/1p2p1bp/p3p1p1/3qnn2/4N3/P2B3P/1PPB1PPQ/1RK4R b - - 3 20,10,0,black_winning,0.0,1847,-307,139,1200,0,0,400,0,0,-100,208
rn2kb1r/pp1b1ppp/Q3p3/8/3N4/1PB1P3/P4PPP/RN2K2R b KQkq - 0 14,32,0,white_winning,0.5,-874,179,-10583,10000,0,-91,-300,0,0,100,0
2r1k2r/1bq1bppp/p3p3/1pP1p3/1P2P2P/P1NBQ3/5PP1/R3K2R b KQk - 0 18,21,0,near_equal,1.0,34,56,-516,0,600,0,-350,0,0,300,0
r2qkb1r/pp3ppp/1n2pn2/4B3/3P4/3B1b2/PPQ2PPP/RN2K2R w KQkq - 0 12,5,0,near_equal,0.0,399,-148,3847,-3450,0,0,-198,0,0,200,0
r2qk2r/1Q1nn1pp/p2pp3/2p5/4P3/2N5/PPP2PPP/R3K1NR w KQkq - 0 11,21,0,white_winning,0.0,-693,152,-1011,0,0,0,318,0,0,0,0
r3kb1r/5pp1/pP2p2p/1np5/N7/PP1BPP2/1B1K3P/3R3R b - - 2 21,58,0,white_winning,1.0,-4659,516,-3792,0,125,-131,-40,0,0,-300,-521
1k1r4/1bp5/p7/3n1P2/p1QPN3/2P5/3q1P2/1K3R1B b - - 5 38,42,0,near_equal,1.0,-1209,45,-924,0,-100,115,-300,0,0,0,0
rn2k2r/7p/p1pqN1p1/1p1Pb3/4B3/2P4N/PP3PRP/R2Q1K2 b kq - 0 18,16,0,white_winning,1.0,-6076,642,-5608,1015,0,-194,-400,0,0,-200,-689
2q2rk1/ppr2ppp/8/3pp3/b7/1N3QP1/3RB2P/4K2R w K - 2 24,26,0,black_winning,0.0,2418,-238,3815,-1325,-650,125,350,0,0,0,103
r7/7k/p1RP4/1ppP1r1P/2P3P1/P1PK4/8/8 w - - 0 50,96,1,white_winning,1.0,-9987,210,-1319,-6135,2006,0,0,0,0,0,-2139
r1b1k2r/1p3pp1/p1nbpn1p/2pp4/7P/NqPP1NP1/PP2PPB1/R1B1K2R w KQkq - 0 11,21,0,black_winning,1.0,789,-331,10324,-10000,0,115,350,0,0,0,0
1nr1kb1r/pp3ppp/3pb3/q2n4/3BN3/P1N3Q1/1P2PPPP/2KR1B1R b k - 4 16,0,0,near_equal,1.0,-133,-67,192,0,0,75,-400,0,0,0,0
rnb2rk1/ppq2ppp/3b1n2/3pN3/P3pP2/1P2P3/1BPNB1PP/R2QK2R b KQ f3 0 11,0,0,near_equal,1.0,382,-66,57,0,0,-75,400,0,0,0,0
3r4/pP1k4/P5pp/5p2/2P2P2/2K4P/6P1/2R5 b - - 1 48,106,1,white_winning,1.0,-6594,555,-4750,0,600,0,0,0,0,0,-869
r1n1k3/1p6/p3p1p1/2B3P1/3P4/5p2/PP1KNR2/8 b q - 1 34,90,1,white_winning,0.5,-1743,312,-3165,2250,-750,0,0,0,0,0,-78
4k2r/1p5p/p4pp1/2n1p3/8/N4Q2/P4PPP/2q1bNKR b k - 9 34,42,0,black_winning,0.0,3074,-334,2230,0,0,75,300,0,0,-200,669
r3kb1r/2n2pp1/p3p2p/1Pp5/N7/PP2PP2/1BnKBP1P/3R3R w - - 3 19,53,0,white_winning,1.0,-3392,475,-309,-2250,0,0,-71,0,0,-100,-662
2rq1k1r/5pp1/1p2bn2/p2p4/P4Q1p/1P2PN1P/3NBPP1/R5K1 b - - 0 25,26,0,near_equal,0.0,788,-133,1975,-1060,0,0,73,0,0,-200,0
r5k1/4r1p1/2R1p2p/2P4P/4R3/p1KB1P2/P1P3P1/8 b - - 6 35,80,1,white_winning,1.0,-10608,423,-7832,0,220,0,0,0,0,0,-1732
6k1/5p2/p5p1/n3n2p/2P4P/1P4P1/3K4/3B4 b - - 6 39,112,1,black_winning,0.0,5534,-385,3179,0,150,0,0,0,0,200,1355
r1b2rk1/1p1p2pp/pqP1pb2/2p4n/2P5/4BN1P/PP1N1PP1/R2QKB1R b KQ - 0 12,5,0,white_winning,1.0,-2269,287,-2593,1000,0,-75,36,0,0,-200,-437
8/8/5p2/pk2p1p1/3bP1P1/1r6/2RK2P1/8 b - - 13 66,101,1,black_winning,0.0,10880,-540,7615,0,195,0,0,0,0,0,1820
4rrk1/3b1pbp/pp3np1/3P4/1nB1pP1N/1PN1P1P1/1P1B3P/R4RK1 w - - 0 18,42,0,near_equal,0.0,-2217,-39,-1187,-834,300,0,-100,0,0,0,-396
2r1kb1r/pp3ppp/3pb3/2N5/7P/P1B5/1P2PPP1/2KR1B1R b k - 0 20,58,0,near_equal,1.0,-435,48,-3641,3250,0,75,-119,0,0,0,0
r1r3k1/3qb1Pp/p1b1pp2/1pP1p3/PP2P3/2NBQ2R/5PP1/1R2K3 w - - 1 25,21,0,white_winning,1.0,1771,225,-1406,2097,900,-169,49,0,0,300,0
1rbq1k1r/5ppp/n3pb2/3p4/Q2P4/P4NP1/1P2BP1P/R1B2RK1 b - - 0 21,10,0,white_winning,1.0,-1099,256,-1345,0,0,0,246,0,0,0,0
rn3rk1/1bp3p1/pp1qp2p/5p2/3P1n1P/2PB1N2/PP1Q1P2/2KR2NR w - - 0 16,10,0,near_equal,0.5,1789,-128,1185,0,0,0,400,0,0,0,204
r3k2r/1pq1ppb1/2ppbn1p/p5pn/P1PP1B2/1Q1BPN2/1P1N1PPP/R1R3K1 w kq - 0 15,0,0,near_equal,0.0,3120,-44,-651,3450,0,75,-400,0,0,0,646
r3kb1r/5ppp/p1b1pn2/q1p5/p1QP4/2N1PN2/P1PB1PPP/1R2K2R b Kkq - 1 13,10,0,near_equal,0.5,-1310,17,-1010,0,0,0,-400,0,0,100,0
r2qkb1r/1p1b1pp1/p1pp1nn1/3Pp1N1/P3P3/2NQB2p/1PP1BPPP/R3R1K1 b kq - 2 13,0,0,near_equal,1.0,-1905,0,-1343,-200,0,75,-400,0,0,0,-37
4kb1r/B2bpppB/1p1p4/3P2N1/Pq6/5Q1P/1n3PP1/2r1R1K1 w k - 0 19,21,0,near_equal,1.0,40,0,5445,-4961,0,-94,-350,0,0,0,0
8/3k4/p1r4p/b6P/7R/P3B3/1r6/3K4 w - - 2 38,85,1,black_winning,0.0,8690,-410,6174,0,0,0,0,0,0,0,1821
rn2kb1r/pp1b1ppp/4p3/q7/1n1N4/1PBBP3/P2Q1PPP/RN2K2R b KQkq - 0 12,0,0,near_equal,0.5,-920,42,-720,200,0,0,-400,0,0,0,0
1b1rb1r1/p3kp2/1p1N2pp/4P3/3R4/1P2P1P1/6BP/R5K1 b - - 4 30,64,0,near_equal,1.0,-3669,16,-512,800,0,-1194,-300,-2763,0,300,0
2rq1k1r/5pp1/1p2bn2/p2p4/P4Q1p/1P2PN1P/3NBPP1/n4RK1 w - - 0 25,21,0,black_winning,0.0,1436,-288,5673,-4310,0,0,73,0,0,0,0
2r4r/4nk2/1P1Bpbpp/8/P2PB3/5P2/6PP/R2R2K1 w - - 1 42,64,0,white_winning,1.0,-7040,527,-5391,0,-190,0,-174,0,0,-300,-985
6k1/3n1p2/p1b2Pp1/7p/1nPN4/1P2K1P1/7P/3B4 b - - 1 34,101,1,black_winning,0.0,5962,-307,2436,1025,225,0,0,0,0,200,1271
r1b1k2r/1p1p1ppp/p3p3/2b5/P3P3/1BN2q2/1PPQ1P2/R1B2RK1 b kq - 1 17,16,0,near_equal,0.5,-414,-80,-271,0,0,257,-400,0,0,0,0
4r3/1RBqpp1k/3p2p1/2pP2np/2Q5/P2PP3/3K4/5R1B w - - 11 46,37,0,white_winning,1.0,-10096,475,-6245,0,-45,-75,-300,-1581,0,-300,-1550
4k1r1/4np1p/2b2p2/ppQpp3/1P1P3P/q3PBP1/3N1P2/4K2R w - - 0 26,42,0,near_equal,0.5,1272,60,418,1000,0,-257,111,0,0,0,0
r4k1r/3n1pp1/bp2p3/p1p4B/P1P1Nq2/B7/6PP/R1RQ2K1 w - - 0 24,16,0,white_winning,1.0,-793,247,-979,0,0,101,385,0,0,-300,0
r2qk1nr/pp1bb1pp/n1pp4/5pN1/P1PPp2P/2N1P3/1P1QBPP1/R1B1K2R w KQkq - 1 13,0,0,near_equal,0.0,-1391,80,-991,0,0,0,-400,0,0,0,0
r1bqkb1r/pp3pp1/4pn1p/1Nnp4/8/4PN1P/PPQP1PP1/R1B1KB1R w KQkq - 2 9,0,0,near_equal,0.5,231,91,-169,0,0,0,400,0,0,0,0
2kr3r/ppp2p2/4pp1p/2n5/3P4/P2BP3/1P4PP/R4RK1 w - - 0 17,74,1,near_equal,0.0,-4332,-29,237,-3250,0,0,0,0,0,0,-779
2kr3r/pp2p1b1/1n2b1p1/2q2p1p/2p2P1P/2N1PB2/PPQN1P2/2R1K1R1 b - - 1 18,10,0,near_equal,0.0,858,-144,1372,-1030,0,16,400,0,0,100,0
r4rk1/p1q1p1bp/1npppnp1/8/3PP3/2NQ1B1P/1PP2PP1/R1B1R1K1 b - - 5 15,10,0,white_winning,1.0,-1689,152,-1149,0,0,0,-400,0,0,-100,-40
r1bqkb1r/1p3pp1/4pn1p/pNnp4/P1N2B2/2P3P1/1P2PP1P/R2QKB1R b KQkq - 1 11,0,0,near_equal,0.5,3700,69,-255,3250,0,0,85,0,0,0,620
5rk1/1p3ppp/8/3p4/4p1P1/1br5/3R3P/3BR1K1 b - - 3 30,74,1,black_winning,0.0,7722,-470,6600,0,-986,0,0,0,0,0,1271
r3k2r/6p1/p1p1Pp2/2p4p/q1P3P1/P2P2b1/1B2Q1P1/1R3RK1 b kq - 0 23,32,0,near_equal,0.5,-1205,137,-828,0,375,-452,-300,0,0,0,0
2rqk1nr/1p3ppp/3p4/1N2p3/1PPpP3/2PQ4/5PPP/1R2K2R b Kk - 2 17,32,0,near_equal,1.0,-346,81,-325,0,0,0,-21,0,0,0,0
8/7R/2n1k3/2r3B1/8/2P2K1P/2P5/8 w - - 3 62,96,1,white_winning,0.5,-6785,159,-4216,0,0,0,0,0,0,0,-1364
6kr/1p3ppp/4p3/1PB1n3/r2p2n1/PN1P2P1/4P2P/R3K2R b KQ - 1 20,64,0,near_equal,1.0,894,121,194,0,0,226,274,0,0,200,0
5kr1/4np1p/2b2p2/qpQpp3/3P3P/4P1P1/3N1P2/3BK2R w - - 2 28,42,0,near_equal,0.5,995,4,980,0,-210,-75,300,0,0,0,0
2r5/4kp2/p3p1p1/P6p/RrN5/2b1P3/5PPP/5RK1 w - - 3 30,74,1,black_winning,0.0,955,-174,955,0,0,0,0,0,0,0,0
2r3k1/pp3pbp/2r1p3/3p1p2/P4Bn1/2P1PPP1/1P5P/R2R1BK1 b - - 0 22,64,0,near_equal,0.5,-479,26,-376,0,0,0,197,0,0,-300,0
r1b1k1nr/1p2ppbp/nqpp2p1/p7/P1P5/2NP2PP/1P2PPB1/R1BQK1NR w KQkq - 1 8,0,0,near_equal,0.0,-483,-32,-83,0,0,0,-400,0,0,0,0
3qkb1r/pp1bpppp/1nrp1n2/8/2P1P3/5NP1/PPQ2P1P/RNB1KB1R w KQk - 0 9,0,0,near_equal,0.0,318,28,718,0,0,0,-400,0,0,0,0
r2r2k1/pp2bppp/2b1pn2/q1p1B3/P3P3/2P3PN/1P2QPBP/R4RK1 w - - 1 16,10,0,near_equal,1.0,1308,13,263,1045,0,0,0,0,0,0,0
3r4/5k2/1p1b3p/pP2pp2/3Pp1pP/1P2P1P1/RN3PK1/7r w - - 0 36,85,1,near_equal,0.5,3679,-95,7667,-5000,0,0,0,0,0,0,72
4k3/rp2bp1r/2p3n1/7p/1n1B1PbP/4P1P1/3N4/4KBNR w K - 0 23,53,0,black_winning,0.5,539,-464,5740,-5000,0,-116,-85,0,0,0,0
4k3/pp2pp2/n1r5/2p1PN2/3Pp1p1/2P1P1P1/PP4KP/5R2 b - - 1 25,96,1,white_winning,1.0,-3248,182,-2200,0,0,0,0,0,0,0,-353
2r1kb1r/B2bpppB/1p1p4/3P2N1/Pq6/5Q1P/1n3PP1/2R1R1K1 b k - 1 18,10,0,white_winning,1.0,-704,213,-217,39,0,-126,-400,0,0,0,0
2b5/3k3r/pr1p3P/2p1p3/2P1PbR1/3P4/RP3P2/3B1K2 b - - 1 34,69,1,black_winning,0.0,6236,-387,1599,2065,750,0,0,0,0,300,782
1r2k3/pr3n2/6R1/1ppNp1P1/3bP1B1/6P1/P4P2/3R2K1 b - - 3 43,64,0,white_winning,1.0,-2421,257,-1521,0,-150,-289,-132,0,0,0,-329
r2r3k/1ppbqBpp/p4n2/4b2P/Pn5R/1QN2NP1/1P3P2/R1B2K2 w - - 1 18,0,0,white_winning,0.0,-4211,155,13,-3250,0,-337,7,0,0,0,-644
R7/6k1/5r2/P1P2p2/5Rp1/3KP3/6P1/8 b - - 1 56,96,1,white_winning,1.0,-14265,616,-9629,0,-20,0,0,0,0,0,-2692
1k1r3r/pb3p2/2pbp3/5p1p/Pp5P/1P2PN2/3P1PP1/3NKB1R b - - 1 23,69,1,black_winning,0.0,3277,-314,2275,0,0,0,0,0,0,100,407
2br1k1r/3n1pp1/1p1Np3/p1p5/P1P5/5B2/1B4PP/R1R3K1 b - - 4 27,58,0,white_winning,1.0,-1569,357,-1089,0,0,0,-180,0,0,-300,0
2Q2b1r/1p3kp1/p4n2/3np1B1/PqB5/7p/1PP2PPP/3RR1K1 b - - 6 25,26,0,white_winning,1.0,-4806,472,-5581,1045,0,0,264,0,0,-100,-434
1k1r4/1bp5/p7/1p1n1P2/3P4/2PQ2Nq/P4P2/1K1R3B b - - 3 34,42,0,near_equal,1.0,-3313,57,-2555,0,200,0,-300,0,0,0,-658
4r1k1/2B1b2p/1nn1Pp2/pqp2Pp1/1p1p2R1/3P1N1P/BPP1Q3/7K b - - 1 29,32,0,near_equal,1.0,44,80,130,0,500,-377,-109,0,0,-100,0
2r1k2r/p2p1pp1/1p2pn2/1N5p/1PP5/P2Bb3/3QNPbq/R3K1R1 w Qk - 0 17,10,0,black_winning,0.5,1371,-187,5073,-4465,263,0,400,0,0,100,0
8/r3k3/4P1B1/b2R2NP/8/1p3K2/1P6/8 b - - 2 42,90,1,white_winning,1.0,-12424,458,-9082,0,-30,0,0,0,0,0,-1966
5rk1/1r3ppp/p1N1P3/8/1p6/1R6/1PP1R1PP/2b3K1 b - - 2 30,74,1,near_equal,0.5,-1216,17,-36,-1180,0,0,0,0,0,0,0
r1bqk2r/ppp2ppp/5b2/1P1nn3/8/P2pP1P1/R4P1P/1NBQKBNR w Kkq - 0 11,0,0,black_winning,0.5,103,-227,1948,-1652,-852,259,400,0,0,0,0
7r/8/4k3/5p2/4PP2/5K2/2R4P/8 b - - 0 41,106,1,white_winning,1.0,-5042,215,-2837,0,0,0,0,0,0,0,-1000
1r5r/1PQ2pk1/4p1q1/p2pP1pp/2pB4/8/P5PP/2RR3K b - - 6 33,37,0,white_winning,1.0,-3862,329,-2561,0,-296,204,-143,-708,0,0,-358
1n3k1r/rp1b1ppp/pq2pn2/1Pp1b3/Q1Pp1P2/P2P2P1/3BP1BP/RN2K2R w KQ - 0 13,5,0,near_equal,1.0,2676,-62,4174,-2450,0,192,400,0,0,200,160
5r2/1k4p1/2p4p/p1Pb1p2/5N2/P2R4/5PPP/3R2K1 w - - 2 29,85,1,white_winning,1.0,-9068,627,-5145,-1200,0,0,0,0,0,0,-1983
1r5r/4kp2/p3p1p1/P6p/2N5/2b1P3/R4PPP/5RK1 b - - 0 28,74,1,near_equal,0.0,885,-76,885,0,0,0,0,0,0,0,0
r2r2k1/pp3p1p/4p1p1/4P3/2p1PQ2/1qP3P1/1P3RBP/7K b - - 0 28,48,0,black_winning,1.0,1438,-264,3267,-1023,0,-506,-300,0,0,0,0
2r1k2r/1p3p2/2bqpnpp/3p4/Pp1P3P/1Q1BPN2/1P3PP1/R4K1R w k - 0 20,21,0,near_equal,0.5,-133,52,-558,0,0,75,350,0,0,0,0
r3kb1r/3qpppp/p1p5/2pp1b2/2P2Pn1/1PN1PN2/PB1PQ1PP/R3K2R w KQkq - 2 11,10,0,near_equal,0.5,-630,147,-346,0,0,0,-384,0,0,100,0
1r4k1/2R3pp/5p2/8/3rP1BP/1b4P1/1n3PK1/3r3R w - - 0 34,58,0,near_equal,0.0,11158,-128,8362,-448,0,-399,62,0,1923,0,1658
r2qk2r/pp3ppp/4b3/2b5/4pB2/6P1/PP1Q1P1P/RN2K1NR w KQkq - 0 14,16,0,white_winning,1.0,-743,233,-1438,0,0,195,400,0,0,100,0
7r/8/8/2k5/2P1R3/2P5/3K4/8 b - - 24 100,106,1,near_equal,0.5,-5253,-8,-3296,0,300,0,0,0,0,0,-1052
2rr2k1/3qb1pp/p1b1pp2/1pP1p2P/PP2P3/2NBQ2R/5PP1/1R2K3 w - - 0 23,21,0,near_equal,1.0,1550,32,375,0,600,-75,350,0,0,300,0
1r3b1r/1pNb1kp1/4pp1p/p2p3n/P2P4/4N1P1/1P2PPBP/3R1K1R b - - 2 22,53,0,near_equal,0.5,450,-92,-584,1084,0,0,-150,0,0,100,0
r2q1k2/1p2n3/p2B1p2/8/1Q4b1/8/3K1PP1/3R1BN1 w - - 1 28,37,0,white_winning,1.0,-5718,366,-386,-3450,0,51,-126,0,0,-300,-1507
r3kbnr/pp1b2pp/n1pp4/q4pN1/2PPp2P/P1N1P3/1P1QBPP1/R1B1K2R b KQkq - 3 11,0,0,near_equal,0.0,-1257,132,-857,0,0,0,-400,0,0,0,0
4r1k1/4b2p/1nn1Pp2/pqpp1Pp1/1p3B2/3P1N1P/BPP1Q3/6RK w - - 0 28,32,0,white_winning,1.0,868,177,535,0,500,-217,150,0,0,-100,0
rnbk4/1pq4p/p3p3/5p2/2p2p2/P5P1/QPP2P1P/RN1B2K1 w - - 1 22,42,0,near_equal,0.5,1413,1,706,0,0,407,300,0,0,0,0
2r5/5p2/4pkp1/p3N2p/1b3P2/4P3/1R3KPP/8 b - - 3 35,96,1,black_winning,0.0,4011,-194,2430,0,15,0,0,0,0,0,471
q2r1k1r/4np2/3Bpbpp/2P5/2QP4/P4P2/2B3PP/R2R2K1 b - - 8 35,21,0,white_winning,1.0,-4237,214,-3478,0,380,0,-350,0,0,-300,-489
r3k2r/1p5p/p1p1qp2/P1R5/8/1p2P1P1/5PBP/3Q1RK1 w kq - 0 23,37,0,white_winning,1.0,-4247,548,-3090,0,-125,-127,-300,0,0,0,-605
r2qk1nr/1p3ppp/3p4/pN2p3/1PPpP3/P1P5/5PPP/1R1QK2R b Kkq - 0 15,32,0,near_equal,1.0,-899,76,96,-1000,0,0,5,0,0,0,0
2rqkb1r/pp1bpp1p/1n3np1/1B1P4/5B2/2N2N2/PP3PPP/R2QK2R w KQk - 11 13,0,0,near_equal,0.0,-649,21,-249,0,0,0,-400,0,0,0,0
8/8/8/2B1pk2/R7/P4PK1/1r2r3/8 w - - 1 53,90,1,black_winning,0.0,-250,-193,-250,0,0,0,0,0,0,0,0
6R1/rpk1p3/p4pN1/2bp3B/4P3/3P4/P4PPP/6K1 w - - 0 24,90,1,white_winning,1.0,-8402,416,-4940,-1000,0,0,0,0,0,0,-1767
r1b1k1nr/1pqp1pp1/p1N1p2p/8/4P2P/2P1BQ2/P1P2PP1/R3KB1R b KQkq - 0 10,16,0,near_equal,1.0,-1439,54,-3704,3250,0,-285,-400,0,0,-300,0
8/6k1/P3B1pp/8/3R1P1P/P5P1/2q5/5K2 b - - 0 40,90,1,near_equal,0.5,-4749,-2,-2880,0,0,0,0,0,0,0,-569
3r4/5k2/R1p1rp2/1PP3p1/P2P4/4PR2/3K2P1/8 w - - 1 45,85,1,white_winning,1.0,-7397,561,-3991,-1000,-83,0,0,0,0,0,-1428
3r4/1Pr2k2/P3p3/3nP1pp/4B3/5P2/5KPP/1R1R4 w - - 0 49,74,1,white_winning,1.0,-9886,639,-6774,0,550,0,0,0,0,0,-1017
3rk2r/p2b1pp1/1p2p2p/4b3/1q2NP2/1P1Q2P1/4P1BP/2RR2K1 b k - 0 20,21,0,near_equal,1.0,836,71,1028,0,0,-142,-350,0,0,300,0
q2r1k1r/4npb1/3Bp1pp/2P5/B1QP4/P4P2/6PP/1R1R2K1 w - - 5 34,21,0,white_winning,1.0,-4554,416,-3675,0,260,0,-350,0,0,-300,-489
r2N2k1/1q2pr1p/1np2npb/B3p3/8/3Q1B1P/1PP2PP1/R3R1K1 b - - 1 22,10,0,white_winning,1.0,-789,429,-1089,0,0,0,400,0,0,-100,0
1r2kb2/pp6/2pqNppp/P2Pn3/6PP/3P4/5PQ1/R4K1R b - - 3 22,37,0,white_winning,1.0,-1346,191,-2214,1000,0,75,-207,0,0,0,0
8/8/4qnk1/1pR5/p2Q4/P4PPp/1P3K1P/8 b - - 0 40,69,1,white_winning,1.0,-8698,527,-5358,-1135,0,0,0,0,0,0,-1110
1q3k1r/5p1p/6p1/2R4n/PpB1P3/1P2QP2/1Pn3Kb/R1B5 w - - 1 36,26,0,white_winning,0.0,1038,189,-900,0,-30,48,-350,0,2370,-100,0
6k1/1R5p/5p2/3p2p1/4p1P1/8/r6P/6K1 b - - 4 40,106,1,black_winning,0.0,8214,-464,5516,0,330,0,0,0,0,0,1363
1r1qkb2/ppp3p1/2n2ppB/P2p4/2npP1PP/1N1B1Q2/1PP2P2/R3K2R b KQ - 0 16,21,0,white_winning,1.0,-1524,249,-5378,3465,0,139,350,0,0,-100,0
r1br2k1/1pp1qppp/p1nbpn2/7P/P1BP3R/2N1PNP1/1P3P2/R1BQK3 b Q - 2 11,0,0,near_equal,0.0,-278,-55,197,0,0,-75,-400,0,0,0,0
r1b1k2r/b5pp/p1n2n2/3B4/1p3N2/3Q3P/PPP2qP1/R1BK3R b kq - 0 19,5,0,black_winning,0.0,2899,-170,1995,200,0,-183,192,0,0,200,495
r1bqk2r/pp2ppbp/2n2np1/2pp4/P7/2PP1NP1/1P1NPPBP/R1BQK2R b KQkq - 4 7,0,0,near_equal,0.5,228,-27,-172,0,0,0,400,0,0,0,0
6k1/1pq5/p7/4pb1p/P1P2p2/1P3R1P/3Q1R2/3r1BK1 b - - 0 47,42,0,white_winning,0.0,1300,197,-3858,5000,-746,660,244,0,0,0,0
r3k2r/1pq1n1b1/p5p1/2pPpp1p/P3P3/2N1B3/1P2QPPP/3R1RK1 b kq - 1 20,21,0,white_winning,0.5,-799,226,-1124,0,600,75,-350,0,0,0,0
2r3k1/p4ppp/4p3/P2qb3/2r5/2P1P2P/1BQ2PP1/R1R3K1 w - - 1 28,32,0,near_equal,1.0,679,-2,-858,1172,0,65,300,0,0,0,0
r1n1k3/1p6/p3p1p1/2B3P1/3P1p2/8/PP1KN1nR/8 w q - 0 33,85,1,white_winning,0.5,-3457,211,1077,-3250,0,0,0,0,0,200,-884
1n3bk1/pr3p2/6p1/1rpPP1p1/2N4P/1pRN4/1P6/R6K w - - 0 54,64,0,near_equal,1.0,-89,96,1265,-1000,180,-34,-300,0,0,-200,0
r7/p3kp2/R3p1p1/N3P2p/1P6/4r1n1/8/3K4 w - - 0 42,85,1,black_winning,0.0,16598,-481,11599,1180,90,0,0,0,0,0,3034
5k2/p6p/6p1/1p2Bp2/8/4N1P1/PP1pKP1P/4b3 b - - 1 28,112,1,white_winning,1.0,-4423,561,-2246,0,-600,0,0,0,0,0,-949
r1b1kb1r/ppq2pp1/3pp2p/2p5/P1P1PP2/2N1Q3/1PP1N1PP/R4RK1 b kq - 0 12,21,0,near_equal,1.0,-721,74,-546,0,0,75,-350,0,0,100,0
3rr3/pp3p1p/3b2k1/5p1N/P2Pp3/1PP1K3/5RPP/5R2 w - - 10 37,74,1,near_equal,1.0,5879,132,744,3160,-506,0,0,0,0,0,1108
r6r/1p3k1p/p1p1qp1Q/P1R5/8/1p2P1P1/5PBP/5RK1 w - - 4 25,37,0,white_winning,1.0,-6456,527,-4244,0,-125,-162,-300,-1020,0,0,-605
r1b1kb1r/5pp1/ppn1pn1p/2p5/2P5/BPNBPN2/P4PPP/3RK2R w K - 2 12,42,0,near_equal,1.0,-930,25,-630,0,0,0,-300,0,0,0,0
rn1k3r/pp6/2bp2p1/3Nbp1p/3N3P/4P1P1/PP3PB1/R3K2R w KQ - 3 19,53,0,near_equal,1.0,-451,125,-499,-200,0,241,-93,0,0,100,0
8/5k2/8/1pp4r/3r1nNP/P1K2P2/4R3/6R1 w - - 1 41,74,1,near_equal,0.5,-304,-29,-229,0,-75,0,0,0,0,0,0
4r3/pp3p1p/2r3k1/5R1N/P1PPp1P1/1P2K3/7b/5R2 w - - 0 40,74,1,white_winning,1.0,-1899,302,90,-1045,-665,0,0,0,0,0,-279
1rb1k1nr/3pbp2/p3p1p1/1p2P3/1qPpNB1p/1P1P2P1/P3QPBP/2R2K1R w k - 0 17,10,0,white_winning,1.0,-1262,190,-762,0,0,-100,-400,0,0,0,0
rnbqkb1r/5ppp/p1p2n2/4p3/Np2P3/1B3N2/PPPP2PP/R1BQK2R b KQkq - 1 9,0,0,near_equal,0.5,64,61,61,0,0,0,3,0,0,0,0
1b1r2r1/p3kp2/1p1Nb1pp/4P3/5R2/1P2P1P1/6BP/R5K1 w - - 7 32,64,0,near_equal,1.0,-1909,-31,-253,0,0,-720,-300,-936,0,300,0
r1b2rk1/3nqppp/p1pb1n2/4p1B1/Np1PP3/1B3N2/PPP3PP/R2Q1RK1 w - - 3 13,0,0,near_equal,0.5,-667,81,-267,0,0,0,-400,0,0,0,0
r3k2r/3b3p/2p1ppp1/p1Qn4/8/3BPN1P/1P3PP1/R5K1 b k - 0 27,53,0,white_winning,1.0,-5134,423,-3949,-1089,0,-76,-20,0,0,0,0
8/7R/8/2n2rN1/7P/6k1/8/4K3 b - - 0 49,96,1,near_equal,0.5,-1154,1,-996,0,-158,0,0,0,0,0,0
2r1k2r/p2p1pp1/1p2pn2/1Nb4p/1PP5/P2BB3/3QNPbq/R3K1R1 b Qk - 0 16,5,0,near_equal,0.5,483,144,1191,-1015,263,0,244,0,0,-200,0
2r1kbnr/pp4pp/q3p3/3pPp2/Pn1P4/4BQ1P/1P2NPP1/RN3RK1 b k - 1 14,10,0,near_equal,1.0,-914,58,-589,0,0,75,-400,0,0,0,0
8/2q2pk1/4pb2/3pN2p/1Q1P2p1/P2B2PP/5PK1/8 b - - 0 43,69,1,white_winning,1.0,-6551,390,-4643,-200,0,0,0,0,0,0,-768
8/7R/1prb2r1/3N2k1/P1PPp1P1/1P2K3/8/5R2 b - - 0 46,74,1,white_winning,1.0,-7416,562,-4186,-390,-283,0,0,0,0,0,-1107
r4rk1/1p2q1p1/3n2Qp/p1p3P1/2P4P/PPp2P2/7N/R2KR3 b - - 1 25,32,0,black_winning,0.5,126,-208,936,0,-500,-207,-103,0,0,0,0
1R6/2p1k3/p5r1/P1Pbp3/6p1/4B2r/4KP2/6R1 b - - 0 42,74,1,black_winning,0.5,3343,-170,2154,0,0,0,0,0,0,0,339
8/7R/2k2r2/5P2/5KP1/8/8/8 b - - 3 63,106,1,white_winning,1.0,-6134,490,-3783,0,455,0,0,0,0,0,-1052
4k1r1/pb2np1p/q4p2/1p1pp3/3P3P/1P2P1P1/3N1PB1/2Q1K2R w K - 0 21,42,0,near_equal,0.5,740,-21,544,0,0,0,196,0,0,0,0
2r4r/pN1bkp2/4p1pb/4n2p/3RP1n1/P1PP1NP1/5P1P/1R4KB b - - 6 26,48,0,black_winning,0.0,1220,-491,-92,1237,0,75,-300,0,0,300,0
r1b1kb1r/1pq1pp1p/2pp1np1/p7/3P1P2/2P2N2/PPQNBPPP/3RR1K1 b kq - 1 12,10,0,near_equal,1.0,-1125,-14,-900,0,0,75,-400,0,0,100,0
4k2r/1p4pp/nK3p2/2r1B3/8/PP2P3/2bR1PPP/2R5 b k - 10 34,69,1,near_equal,0.5,98,-136,1143,-1045,0,0,0,0,0,0,0
8/8/6p1/k1r1p2p/p3P2P/6P1/2NK4/8 b - - 5 54,112,1,black_winning,0.0,6607,-576,4115,0,-400,0,0,0,0,0,1309
4R3/6pk/1p4rp/5R2/1P2PP2/P5PK/7P/4n3 b - - 0 42,90,1,white_winning,1.0,-10052,574,-6998,0,-173,0,0,0,0,0,-1696
r3k2r/ppq2ppp/1n1bpn2/4B3/3P4/2NB1P2/PPQ2P1P/R3K2R w KQkq - 3 14,10,0,near_equal,0.0,-124,8,376,0,0,0,-400,0,0,-100,0
2r5/1R3pk1/p6p/P4p2/1b2pP1P/2p1P1P1/R4K2/8 w - - 0 43,90,1,near_equal,0.5,-5454,51,391,-3450,-250,0,0,0,0,0,-1481
rnb1k2r/bp3ppp/p3pn2/3P4/2B5/2NQ3P/PPP1NqP1/R1BK3R b kq - 13 14,0,0,near_equal,0.0,585,-97,101,1015,0,-131,-400,0,0,0,0
r3kb1r/1bqp1ppp/pp2p3/4n3/1PPQP2P/P1N5/5PP1/R1B1KB1R b KQkq - 1 13,10,0,near_equal,1.0,-117,-26,283,0,0,0,-400,0,0,0,0
8/2Qqk2p/2Rp2p1/1p1P4/p7/P3P3/1P2KP1r/8 b - - 11 45,64,0,near_equal,0.5,-2047,55,-186,0,0,-549,-196,-2172,1056,0,0
1Q6/1pn5/k1r1q3/2p1NpP1/p7/2P3PP/1P3P2/4R1K1 w - - 10 43,53,0,white_winning,1.0,-7060,414,-3958,-1750,-40,0,15,-357,0,0,-970
r3r1kN/pp2p3/2p3pB/1nP1P3/q1bP1Q2/6PB/P4P1P/3RR1K1 b - - 0 24,16,0,white_winning,1.0,-5172,379,-7119,4265,0,-1354,-400,0,0,-300,-264
r2qk2r/1Q1nn1pp/p2pp3/2p5/4P3/2N5/PPP2PPP/2KR2NR b kq - 1 11,21,0,near_equal,0.0,-2037,143,-1892,0,0,75,-1,0,0,0,-219
4k1r1/4rpb1/n5pp/2p5/P1NP4/1N4P1/1P3P1P/2R1R1K1 w - - 0 30,64,0,white_winning,1.0,-5075,449,-2763,-1000,45,-216,-174,0,0,-200,-767
8/p7/7R/k1p1B1pp/P7/3b2P1/6K1/3r4 b - - 3 41,96,1,black_winning,0.5,4747,-271,2955,0,195,0,0,0,0,0,857
r3k2r/pp2bpp1/2p2nn1/3Q3p/1P3PbP/2B1P1P1/P2N4/1R2KBNR b Kkq - 0 17,21,0,white_winning,0.5,-763,153,-10036,10000,0,-377,-350,0,0,0,0
rnbqk1nr/1p2ppbp/p2p2p1/8/2PpP3/2N2NPP/PP3P2/R1BQKB1R w KQkq - 0 8,0,0,near_equal,0.0,-1706,-80,1089,-1637,-637,0,-400,0,0,0,-121
r2r2k1/1p1np1bp/p1n1p1p1/2qp4/8/P1N1P1QP/1PPB1PP1/R2K1B1R w - - 1 15,10,0,near_equal,0.0,858,-147,436,0,0,122,400,0,0,-100,0
rnbq1rk1/pp2bppp/4pn2/2pp4/P3PB2/3P2P1/1PP1QPBP/RN2K1NR b KQ - 2 7,0,0,near_equal,1.0,65,-30,-53,0,0,-75,193,0,0,0,0
1r2r3/3bb2k/3p2p1/2pPp2n/p7/1q2BN1p/1P5Q/1KRN1BR1 b - - 0 42,5,0,near_equal,0.0,-74,-78,803,-792,-806,521,400,0,0,-200,0
8/2k5/p1bR4/4K2P/1P2P3/5P2/P7/8 b - - 0 51,112,1,white_winning,1.0,-13405,693,-8651,0,-233,0,0,0,0,0,-2522
2r1k1nr/1p1q1ppp/3p4/1N2p3/1PPPP3/3Q4/5PPP/1R2K2R b Kk - 0 18,32,0,white_winning,1.0,-2370,177,-1692,0,0,-142,-300,0,0,0,-236
4k2r/pp2pp1p/3p4/n1rP2p1/Pb6/1p1BP1P1/q2NKPP1/2Q4R w k - 4 25,32,0,black_winning,0.0,8611,-394,8951,-1015,-200,-139,-296,0,0,0,1310
8/8/2k5/3R4/2P5/2P5/1K6/4r3 w - - 1 89,106,1,near_equal,0.5,-4820,2,-2928,0,210,0,0,0,0,0,-1052
3k4/pp5p/2pp4/5b1P/2P2K2/1P1r1B2/P4P2/7R w - - 6 36,96,1,near_equal,1.0,-5667,87,233,-3450,0,0,0,0,0,0,-1355
4r3/1R4R1/7r/3k1P2/6P1/5K2/8/8 b - - 0 59,85,1,white_winning,1.0,-6546,327,-3614,0,-88,0,0,0,0,0,-833
1r1qkb2/ppp3p1/2n2ppr/P2pp3/2nP2PP/1N1BPQ2/1PP2P2/R1B1K2R w KQ - 1 15,10,0,white_winning,1.0,-912,154,-1212,0,0,0,400,0,0,-100,0
rnbq3r/1p2k1pp/p2bp3/2p2p2/4nB2/P2Q1NP1/1PP2PBP/RN1R2K1 w - - 2 13,0,0,white_winning,0.5,-1369,268,-1171,0,0,75,-273,0,0,0,0
1k1r4/p3N3/1p6/4Rp1p/3P3P/5r2/8/2K5 b - - 1 41,90,1,black_winning,0.0,7938,-484,5553,-25,353,0,0,0,0,0,1517
2k3r1/1p3p2/2p1bn2/p5Bp/PbP1p2P/1P6/2RNPPB1/6K1 b - - 0 26,74,1,near_equal,0.0,562,-52,562,0,0,0,0,0,0,0,0
r2qkbnr/1ppb1pp1/p2p2n1/3Pp2p/4P3/3Q1N2/PPP1BPPP/RNB2RK1 w kq - 0 9,0,0,near_equal,1.0,-590,34,-265,0,0,75,-400,0,0,0,0
8/4pk2/8/1p3P1P/4Q3/2P1K3/8/3q4 b - - 2 74,85,1,near_equal,0.5,-208,8,-1902,1862,0,0,0,0,0,0,0
7r/pN1bkp2/3Rp1pb/7p/4P1n1/P1rn1NP1/5P1P/1R4KB w - - 0 28,48,0,black_winning,0.0,5778,-473,2773,2069,0,16,-198,0,0,300,818
6k1/5p2/4p3/1P1p4/p4P2/P4B2/2K4p/6qQ b - - 7 42,80,1,near_equal,0.5,401,-146,1425,0,-520,0,0,0,0,0,0
1r4k1/p5pp/5p2/R7/3rP1BP/1b1n2P1/1P1p1PK1/7R w - - 2 32,69,1,black_winning,0.0,7019,-497,5346,90,-240,0,0,0,0,0,747
r3k3/pp2pp2/n2p1bp1/1NpP3r/2P1P2P/P3B1p1/1P1R1PP1/2K4R w - - 0 24,64,0,near_equal,1.0,-430,57,-307,118,0,-33,-208,0,0,0,0
r2r2k1/1p2q1n1/2p5/3nP1p1/p3Q3/3BP2P/PP3PP1/R2R2K1 b - - 3 33,26,0,near_equal,1.0,-781,43,-1151,0,637,-117,-350,0,0,200,0
rnbqk2r/pp2ppbp/2pp2pn/4P3/3P4/2P2N2/PPQ1BPPP/RNB1K2R w KQkq - 0 8,0,0,near_equal,1.0,-416,58,-16,0,0,0,-400,0,0,0,0
2k2b1r/pp1b3p/2pp1r2/7P/2PP1P2/1P3B2/P3NP2/2R2K1R b - - 0 27,64,0,near_equal,1.0,-3348,68,-3046,0,407,-122,-300,0,0,300,-587
rn2k2r/1p1nppb1/p1q3pp/6P1/3P4/4PN1P/PPQN1P2/R1B1K2R w KQkq - 0 14,10,0,near_equal,0.5,-1437,107,-1037,0,0,0,-400,0,0,0,0
rn1r2k1/pp1bbppp/4pn2/q1p1N3/P3PB2/2P3PN/1P2QPBP/R3K2R b KQ - 8 13,0,0,near_equal,1.0,807,13,237,1045,0,-75,-400,0,0,0,0
r3k2r/ppp1n1bp/1n1q1pp1/3Ppb2/2PP4/2B2NP1/PP2QPBP/RN2K2R b KQkq - 0 11,0,0,white_winning,0.5,-799,176,-399,0,0,0,-400,0,0,0,0
r3kb1r/2Bq2p1/p3bp2/3n4/1Q1Pp2P/pP3P2/3NN1B1/2R1K2R w Kkq - 1 28,5,0,near_equal,1.0,-4550,-109,-3217,0,-98,-180,-400,0,0,-200,-455
8/8/4p1k1/2Qpqp2/8/8/5KB1/8 b - - 5 68,80,1,near_equal,0.5,1386,-10,1731,0,-345,0,0,0,0,0,0
r3k2r/1p1n1pbp/2p1bnp1/p3p3/P1P3P1/2N1BN1P/RP2PPB1/4K2R w Kkq - 1 16,42,0,near_equal,0.0,626,-43,-453,1051,0,0,28,0,0,0,0
8/1p1r4/p1p1pk1p/2RrRp2/P2Pp3/4P1P1/1P3K1P/8 w - - 3 32,85,1,black_winning,0.0,1327,-188,1327,0,0,0,0,0,0,0,0
8/4p3/2P2k2/3Kp2P/8/4R1P1/2r5/8 b - - 0 48,106,1,white_winning,1.0,-7798,265,-2689,-1435,-345,0,0,0,0,0,-1217
2r1r1k1/ppnbbp2/1q1p2p1/2pPp1Nn/2P1P3/P1N1BP1p/1P5Q/K1R2BR1 b - - 15 30,0,0,white_winning,0.0,-315,175,2437,-1852,-500,0,-400,0,0,0,0
1r2k3/pq1n1p2/3pp1p1/1B2bb2/2P5/P1N1QN1r/1P2P2P/2R2RK1 w - - 1 22,10,0,near_equal,1.0,1326,-127,787,-200,0,267,372,0,0,100,0
r1b3k1/1p2r3/p3p3/5p1p/P4qp1/1PP1R3/R3QPBP/6K1 b - - 0 37,32,0,near_equal,0.0,21,-26,-167,0,0,104,84,0,0,0,0
r1bqkbnr/p4p1p/2p3p1/3pp3/8/1P2P3/P1P1BPPP/RNBQK2R w KQkq - 0 8,10,0,near_equal,0.0,239,-12,-161,0,0,0,400,0,0,0,0
1r1k4/2b1qQp1/p1p1Pp2/2p5/2P3pr/P1BP4/5RP1/4R1K1 b - - 23 35,32,0,near_equal,0.5,507,67,46,0,350,411,-300,0,0,0,0
rn2kb1r/1bqp1ppp/pp2pn2/8/2P4P/3QPN1R/PP3PP1/RNB1KB2 w Qkq - 2 9,0,0,near_equal,0.0,147,-89,246,0,0,0,-99,0,0,0,0
r1b1k2r/pp3pb1/3pp1pp/q1p5/3nP1n1/P1NP1NP1/1PPQ1P1P/1RB1R1KB w kq - 5 14,0,0,near_equal,0.0,376,13,187,0,0,75,114,0,0,0,0
r1b2rk1/1p1p2pp/p1P1pb2/2p4n/1qP5/4BN1P/PP1N1PP1/R2QKB1R w KQ - 1 13,5,0,white_winning,1.0,-1607,495,-2477,1015,0,-75,130,0,0,-200,0
1rb1k1nr/pp1pbp2/1qn1p1p1/2p1P2p/2P2B2/2NP1NP1/PP2QPBP/R3K2R b KQk - 2 11,0,0,near_equal,1.0,-1051,133,-651,0,0,0,-400,0,0,0,0
r2q1r2/1pp2pk1/p1nb1n1p/3pBQp1/3P4/2N5/PPP1BPPP/2KR3R b - - 10 16,10,0,white_winning,1.0,-2852,164,-2552,200,0,0,-400,0,0,-100,0
r1bqkb1r/1p1n1ppp/p2p1n2/P1p5/4P3/3Q1N1P/1PP2PP1/RNB1KB1R b KQkq - 1 8,0,0,near_equal,0.0,-749,71,-679,0,0,0,-70,0,0,0,0
r1bqkbnr/1p2ppp1/2pp4/2n3Bp/p1P5/3P1NP1/PP2PPBP/RN1Q1RK1 w kq - 1 8,0,0,near_equal,0.0,-236,117,89,0,0,75,-400,0,0,0,0
1k1r2r1/pp2n1b1/2nN3p/2P2p1p/2Pp4/B5P1/5PB1/1R3K1R b - - 6 32,53,0,near_equal,0.5,3163,129,2824,0,-100,-86,49,0,0,-100,576
r4rk1/ppp1n1bp/1n1q1pp1/3P1b2/2PN4/2B3P1/PP2QPBP/RN2K2R w KQ - 1 13,0,0,white_winning,0.5,-796,325,-121,-200,0,-75,-400,0,0,0,0
1rbq1k1r/5ppp/nn2pb2/Q2p4/N2P4/P4NP1/1P2BP1P/R1B1K2R w KQ - 1 20,0,0,white_winning,1.0,-4595,304,-844,-3250,0,-75,400,0,0,0,-826
r4rk1/pp2ppbp/5n2/3p1p2/P1n2B2/1NP3P1/1P2PPBP/R4RK1 b - - 0 15,53,0,near_equal,0.5,429,2,-663,1028,0,0,164,0,0,-100,0
rnb1k2r/p4ppp/8/1pbNq3/3PP3/8/PP3PPP/R1B1QK1R b kq - 0 13,16,0,near_equal,1.0,2570,80,686,1335,447,-388,-400,0,0,300,590
8/ppk4p/2p3p1/8/P3b3/1P2r2r/2P1B3/1R3KR1 w - - 4 33,74,1,black_winning,0.0,6620,-463,3835,1045,0,0,0,0,0,0,1000
8/1p6/p7/P4p1p/1P5P/3kp1P1/8/4K3 w - - 2 45,128,1,black_winning,0.0,2516,-372,2378,0,-450,0,0,0,0,0,588
2r1k2r/pp2ppbp/3p4/n2P2p1/PqP5/Rp2P1P1/3N1PP1/1Q2KB1R b Kk - 0 20,21,0,black_winning,0.0,6151,-296,1787,3985,-225,-137,-350,0,0,0,1091
1R6/4bpp1/4p1k1/4P2r/4RP2/6P1/8/3K4 w - - 3 68,90,1,white_winning,1.0,-3691,152,-2176,0,0,0,0,0,0,0,-620
8/p1k1pb2/1p3bp1/5p1p/7P/P5R1/8/3K4 w - - 3 44,106,1,black_winning,0.0,14519,-583,9639,1135,-75,0,0,0,0,300,2825
r7/5Npp/8/8/4KN1k/4P2P/n1r5/2B3R1 b - - 4 38,74,1,near_equal,0.5,-1258,55,-3463,2405,0,0,0,0,0,-200,0
r5k1/7p/3N2p1/1PK1Rp2/2P4P/7r/8/8 b - - 2 37,90,1,near_equal,1.0,-129,40,459,1135,-183,0,0,0,0,0,0
