fen,target_ks,target_total,our_total_base,our_ks_base,tier,phase_bucket,split
8/6p1/3K4/5k1p/8/8/8/8 b - - 1 90,0.0,-3.05,-5.716,0.0,calm,adveg,val
5k2/1p2r3/p1p2p2/P5p1/1R4Pp/5K2/P4P2/3B4 w - - 1 44,0.0,2.5,-0.791,0.0,calm,endgame,val
8/3R4/p3k2p/1r1p2b1/7p/8/PPR2PK1/8 w - - 6 47,0.0,1.52,-0.1,0.0,diverse,endgame,val
1k1r4/8/1prp3p/6p1/6B1/8/6RP/Q5NK b - - 0 43,1.65,9.46,11.653,1.65,calm,endgame,train
1k1r4/3p2Q1/1pr4p/6p1/6B1/q7/6RP/3R2NK b - - 9 41,1.24,5.56,7.289,0.0,target,midgame,val
r2k1r2/2pp2pp/ppn1p3/2Pn1q2/1P1P4/P3PN2/Q2BB1KP/R5R1 w - - 3 24,-4.14,2.32,-2.452,-4.14,diverse,opening,val
r1b1kbnr/1p3pp1/p1npp2p/q7/3PP2P/4B3/PP1NNPP1/2RQKB1R b Kkq - 4 9,0.0,0.87,-0.027,0.0,calm,opening,val
8/1k5p/1p4p1/5p2/3p2Pb/3PnPB1/1P5r/4K1R1 b - - 4 37,-4.67,-8.42,-9.226,0.0,target,endgame,val
2k3r1/2pp2r1/1p2p3/p3Pp1p/2PQnP2/P1B1P1pq/2P1B2P/R3K2R w - - 2 27,-1.62,-0.97,0.24,-1.62,diverse,midgame,val
2r3k1/4bpn1/6p1/3qPbPp/Qn3B1P/2PP1N2/1K1N4/R4R2 b - - 0 34,-3.42,-0.81,-2.699,-3.42,diverse,opening,train
8/5p1k/4p1p1/pp2P3/5K1p/P6P/8/8 b - - 2 66,0.0,-4.22,-7.315,0.0,diverse,adveg,val
8/8/4k3/2pR4/2P1pp2/1P6/4K3/8 w - - 4 70,0.0,4.91,7.53,0.0,diverse,adveg,train
8/1pk1r3/p1p2p2/P5p1/6Pp/8/PRB2PK1/8 w - - 7 47,0.0,2.02,-0.651,0.0,diverse,endgame,train
6k1/6p1/3b2Q1/p2Pp1pP/8/4Pq2/PP6/6KR w - - 4 37,-2.57,0.0,6.687,0.0,target,endgame,train
2b5/1p3k2/2r2B2/3R1P2/8/2P2P1p/PK6/4R3 w - - 0 32,0.0,6.81,11.043,0.0,calm,endgame,train
5bk1/3r4/2R1p3/4Pp2/rP4pP/8/3B1P2/4R1K1 w - - 1 40,0.0,0.33,2.459,0.0,diverse,endgame,train
2r3k1/4bp2/4n1p1/3qPbPp/Q4n1P/2P2N2/3N4/2RK1R2 b - - 3 37,-2.7,-8.9,-7.051,-2.7,diverse,opening,train
rn1qn1k1/1p3pp1/3bb2p/4p1P1/3p4/3P1N2/PPPBQP1P/1NKR3R b - - 1 17,0.0,-3.66,3.057,0.0,diverse,opening,train
8/3k4/7P/2p5/4P3/1P2P3/4K3/8 b - - 0 43,0.0,6.26,8.361,0.0,calm,adveg,train
8/3n4/2p1p3/5p1k/2KP4/8/8/8 b - - 1 61,0.0,-6.5,-11.104,0.0,diverse,adveg,train
7R/3k4/4pn2/2p2p2/P1Pp4/1P3K2/8/8 w - - 3 53,0.0,1.88,-1.179,0.0,diverse,adveg,train
5k2/1p1r1pp1/2p5/P7/2P1P1NP/R4Pq1/8/5B1K w - - 2 46,-2.16,-5.3,-5.328,0.0,target,endgame,train
6k1/8/2R1p3/4Pp1P/1P3bp1/r7/2R2P2/3rB1K1 w - - 7 45,-2.79,-1.31,-1.869,0.0,target,endgame,train
3r2k1/5pp1/p3b3/P7/7P/4r1bP/6B1/R5KR w - - 0 38,-1.86,-7.44,-7.994,0.0,target,endgame,train
r3kb2/5p2/pB1ppn1p/7p/4b3/5n2/PP2NPB1/2RK3R w - - 3 31,-1.17,0.67,-4.322,-1.17,diverse,midgame,train
8/2p2p2/4k3/8/7R/7P/6PK/8 w - - 1 60,0.0,6.27,10.206,0.0,diverse,adveg,train
3B4/5pk1/2B3p1/p3n2p/2p4P/P2p2P1/1n1K1P2/8 w - - 4 46,-3.59,0.0,-6.013,0.0,target,adveg,val
1r1r2k1/1p3qp1/8/pPN2b1p/4pQ1P/P3P3/5PPR/2R2K2 b - - 1 28,0.0,-3.52,2.174,0.0,calm,midgame,val
5rk1/1p4b1/2p3bp/p1Pp4/P2Pp3/PN2Pp2/2KBq3/1RR4B b - - 3 35,-3.6,-7.14,-10.066,-3.6,working,midgame,val
rnbqnrk1/p1p2ppp/1p2p3/4p1N1/2PP3P/5Q2/PP1N1PP1/R3KB1R b KQ - 0 11,0.0,0.63,4.101,0.0,diverse,opening,train
rn2k2r/pp1bnpbp/6p1/q1pp4/8/NQPPBNP1/PP3P1P/2KR1B1R b kq - 1 10,0.0,-1.25,0.817,0.0,diverse,opening,val
5k2/P4p2/q2P3p/5p2/8/3R3P/4K3/8 b - - 0 46,-2.32,-4.03,-8.392,0.0,target,endgame,val
8/6p1/3kP2p/p2P4/PbB5/6P1/5PKP/3b4 b - - 2 58,1.52,-2.72,1.289,0.0,target,adveg,train
8/5pk1/2B2np1/p5Bp/2p4P/P2pK1P1/1n3P2/8 w - - 0 44,-3.1,0.61,-7.388,0.0,target,adveg,train
r7/2k4p/R1n1p3/4Pr2/5p2/2P5/5KB1/R7 b - - 0 33,2.13,-0.3,-3.72,0.0,target,endgame,train
r1b2qk1/1p3pb1/2p3pp/p2pp3/P2P4/PNP1B1P1/4PPBP/R4RK1 b - - 0 18,0.0,-2.89,-2.318,0.0,calm,midgame,train
3rr3/2bnk3/Rn2pppB/pPp1P3/1p6/1B3NP1/PP3PK1/3R4 w - - 2 34,1.14,1.73,2.182,1.14,working,midgame,train
rnbqnrk1/p4ppp/1pp1p3/4p1N1/2PP3P/5Q2/PP1N1PP1/R3KB1R w KQ - 0 12,0.0,0.58,0.088,0.0,diverse,opening,train
5k2/4pp1p/8/1pP3P1/6P1/p2K4/8/8 b - - 1 50,0.0,-5.7,-5.51,0.0,calm,adveg,train
8/5pk1/P2q1p1p/3P4/8/8/5K1P/3R4 w - - 1 42,-1.97,-3.79,-7.954,0.0,target,endgame,train
8/6k1/1n3pp1/P6p/1BpnB2P/3p2P1/5P2/4K3 b - - 2 53,-1.32,0.59,-2.893,0.0,target,adveg,train
2b5/1p2bk2/2r5/3R1P1p/5BP1/p1P2P1P/PP6/2K1R3 b - - 1 28,1.23,5.59,8.911,0.0,target,endgame,train
2nr1b2/5pr1/Qnk5/3pP1p1/P1pP2B1/2P3p1/3B1P2/6K1 w - - 0 33,2.94,1.74,1.998,2.94,diverse,midgame,train
4r3/2b1k3/Rn1rpnpB/pP6/1pB5/5NP1/PP3PK1/4R3 w - - 1 37,0.0,2.57,3.182,0.0,diverse,midgame,train
r2k1b1r/pp2p1p1/3qb2p/2pnNp2/Q2P4/2P3P1/P3PPBP/R1B2RK1 b - - 0 15,2.52,3.68,2.569,2.52,diverse,opening,train
r1bqkb1r/ppp4p/3p2p1/1N2n3/2P2Q1N/8/PP3p2/R1BK1B1R b kq - 3 13,-1.08,-2.28,0.679,-0.18,target,opening,val
8/8/2K5/8/8/2kp4/8/8 w - - 0 58,0.0,-48.47,-5.331,0.0,calm,adveg,train
8/8/3k2p1/PP1p4/3Kn3/4P1P1/7P/8 w - - 2 48,0.0,2.91,2.314,0.0,diverse,adveg,val
8/8/8/8/2nn4/3k4/K7/8 b - - 25 79,0.0,0.0,-13.927,0.0,calm,adveg,train
2b5/1p2bk2/2r5/5P1p/5BP1/p1P2P1P/PP6/2KRR3 w - - 0 28,1.17,5.33,9.823,0.0,target,endgame,train
3k1b1r/1B2p1p1/p2qb2p/2r1Np2/Q4P2/2P5/P3PP1P/3R1RK1 b - - 1 20,2.88,7.07,4.633,2.88,diverse,opening,train
4rk1r/pp1qp1b1/2n2nQp/3p2p1/2PP4/BP4P1/P2NRPBP/R5K1 b - - 0 19,3.06,4.35,5.111,3.06,diverse,opening,train
8/8/2kp2p1/5p2/5P1p/8/PPP2P2/4R1K1 w - - 0 31,0.0,7.56,10.238,0.0,calm,adveg,val
8/8/8/8/8/5kp1/6r1/R6K b - - 15 81,-3.31,0.0,-4.685,0.0,target,adveg,train
8/3k1p2/7R/1p1n3P/1P6/PK6/8/3r4 w - - 0 67,-1.99,-3.45,-4.609,0.0,target,endgame,val
5rk1/5ppp/3p1q2/2pp4/Pr6/4QPP1/5P1P/R4K1R w - - 1 23,-2.02,-1.99,-2.741,0.0,target,midgame,train
r3kbr1/1p1nnp2/p6p/3pPpp1/2pP1B1P/2P5/P1Q2PP1/3B1NK1 w q - 0 19,0.0,2.56,-1.637,0.0,diverse,midgame,train
4rk1r/pp1qp1b1/2n2npp/3p2p1/2PP4/BP4P1/P2NRPBP/RQ4K1 w - - 7 19,1.8,3.65,3.687,1.8,working,opening,val
7Q/P5p1/8/2b4p/2p5/n3k2P/8/5K2 b - - 0 48,1.31,5.63,1.775,0.0,target,endgame,train
2r1kb1r/1pqn1ppp/p3b3/6P1/Q2pP2P/P1N2P2/1PP1B3/2KR3R w k - 0 20,-1.62,-3.03,-4.066,-1.62,working,opening,train
n7/P3k3/5pp1/7p/7P/6P1/3R1P2/7K w - - 0 50,2.38,7.05,6.663,0.0,target,adveg,val
8/6k1/1pr4p/pNp2p2/2b2P2/P1N1P2P/8/4K2R w - - 0 31,0.0,2.4,1.052,0.0,calm,endgame,train
2r1r1k1/1p1bqpp1/8/p1pn2p1/Pb1P4/1Q1BP2P/1P1N1P2/2R1K1R1 w - - 0 22,-2.96,-4.78,-2.359,0.0,target,opening,train
1rb1k2r/1p1nqpbp/p2p1np1/2pP4/5Q2/P1N1P1PP/1P2NPB1/R1B2RK1 b k - 6 14,0.0,-0.81,1.129,0.0,calm,opening,train
4r3/5k2/1p4Rp/p4P1P/P1pN4/2Nbp3/8/4K3 w - - 4 47,0.0,2.43,0.325,0.0,diverse,endgame,train
1k1r4/4q1p1/1p1rp3/4Q3/2PP1R1p/7P/3N1P1K/7B w - - 1 51,2.41,4.96,2.332,0.0,target,midgame,train
2b2b1r/1p2kppp/8/r1PBB3/p7/2P3P1/PP2PP1P/R3K2R b KQ - 0 16,1.14,3.65,7.078,1.14,working,endgame,val
rn2k3/3pbpr1/pq4p1/2pBP1Np/5Q1P/1P3PP1/1BN3K1/R7 b q - 0 22,1.62,5.77,3.812,1.62,diverse,opening,val
1bbqk2r/r4pp1/p1p4p/1p2PPn1/1P1p1N2/PB6/2P1Q1PP/R1B2RK1 b k - 2 21,1.44,0.84,2.586,1.44,working,opening,train
rnb1qrk1/4bpp1/p1p1p2p/1p1nN3/3P4/P4NPB/1PQBPP1P/2RR1K2 w - - 0 17,0.0,2.04,2.522,0.0,diverse,opening,train
8/8/k3P3/3p2P1/7p/4PKP1/8/8 w - - 0 58,0.0,8.64,8.376,0.0,diverse,adveg,train
8/8/4pPk1/6B1/6p1/P6p/7K/8 b - - 0 49,1.91,1.73,0.196,0.0,target,adveg,train
5k2/5p2/7p/3Bp1p1/4P1P1/r4P1P/6K1/8 w - - 6 43,0.0,-2.85,-1.804,0.0,diverse,adveg,train
1B6/1p2p2p/5r2/5k2/1K3P2/P6n/1P5P/5R2 w - - 5 38,0.0,1.19,3.214,0.0,calm,endgame,train
5k1r/1q3p2/3b2pp/pprN1R1Q/8/6P1/PP3P1P/4R1K1 w - - 0 30,2.88,2.66,3.633,2.88,diverse,midgame,val
r1b1r1k1/1pp2pp1/3b3p/p2R4/2N1q3/P1Q1B2P/1PP2PP1/3R2K1 w - - 0 21,-1.26,0.98,-0.484,-1.26,working,opening,train
2r1rk2/ppn2ppQ/4q3/8/1PnpB1P1/P3b3/3BR3/1KR5 w - - 1 32,0.54,-4.9,-7.101,0.54,diverse,opening,train
r1bqkb1r/1pp2pp1/p3n2p/3N4/1PBpP3/P7/2P1QPPP/R1B1K2R b KQkq - 2 15,0.0,0.45,0.719,0.0,diverse,opening,train
r1bqk2r/pp2bpp1/2n1pn1p/8/2BP4/PP3N2/5PPP/RNBQK2R w KQkq - 1 10,0.0,-0.36,0.213,0.0,diverse,opening,train
5B2/R7/8/p6p/1p4k1/2nKP3/P1P5/8 w - - 2 43,1.14,6.48,9.222,0.0,target,adveg,train
4r3/1p3p1k/6p1/1P5n/2P5/5P2/P3Bq1p/1KQ1R3 w - - 2 52,0.0,-3.01,0.119,0.0,calm,midgame,train
qk1r4/p5p1/Bpbrpn2/Rp2Q1B1/2PP3p/7P/5PP1/1R3NK1 w - - 2 33,2.01,6.28,4.306,0.0,target,opening,train
r1bqkb1r/pppn3p/3p1np1/4pp2/2PP2P1/2N1PN1P/PP3P2/R1BQKB1R b KQkq - 1 7,0.0,0.0,0.344,0.0,calm,opening,train
8/8/8/5b2/4k2p/7P/6K1/8 w - - 4 70,0.0,-3.45,-8.352,0.0,calm,adveg,train
5k2/3R4/1r6/4K3/8/8/8/8 b - - 37 105,1.24,0.0,0.616,0.0,target,adveg,train
8/1p1nbr1k/p3p1rP/3p3R/1P1P1BP1/2P1PP2/3K4/6R1 w - - 13 35,0.0,-0.6,2.358,0.0,crowded_safe,endgame,val
r2r2k1/3n1p2/2p3p1/p1qpp2p/7Q/1PP1P1PP/P2N1Pb1/2RR2K1 b - - 1 22,0.0,-3.21,-2.797,0.0,calm,midgame,train
2r2k2/3rn1bp/1p2qpp1/1N2p2P/Q7/2P1B1P1/1P1N1PB1/R5K1 b - - 0 27,0.0,2.86,2.613,0.0,diverse,opening,val
1nbk1r2/1p4qn/r2p2p1/pNpPpp1p/P1P1PP1b/5RPP/1PQB2B1/5RK1 w - - 0 21,1.22,2.01,0.317,0.0,target,opening,train
8/8/p2k1p1p/P2p4/1p3pPP/1P1K1P2/8/8 w - - 11 48,0.0,-1.65,-1.553,0.0,calm,adveg,train
5r1k/6p1/1p2B2P/p2p4/1n5b/4Pp2/3K4/2R5 w - - 0 36,-1.54,-6.06,-12.408,0.0,target,endgame,train
4rrk1/2q2pp1/b3p2p/p2nN3/PbNP4/1R4PB/4PP1P/Q1R2K2 b - - 8 34,0.0,-0.32,1.084,0.0,diverse,opening,train
8/8/3k4/p3RP2/P3KR1p/7P/2P3r1/8 w - - 1 42,0.0,7.8,15.493,0.0,calm,endgame,val
1R6/2p1kp2/8/4r3/2r4p/5Q1P/6PK/8 w - - 0 51,6.85,6.6,8.454,0.0,target,endgame,train
2r5/p3n1k1/1r4p1/p5Pp/2Q5/P1b3P1/5PN1/3R2K1 w - - 5 37,1.77,2.25,4.386,1.77,diverse,midgame,train
5rk1/npr2pp1/p3p2p/P2pP1b1/3P2PN/1qB4P/1P1QNP2/R3R1K1 w - - 1 28,0.0,-0.1,5.244,0.0,calm,opening,train
r1bqk2r/pp3ppp/5B2/nPpn4/8/P3P3/3P1PPP/RN1QKBNR b KQkq - 0 10,0.0,-0.4,3.383,0.0,calm,opening,train
r1b1kb1r/1p1n1pp1/p3p3/q2p2B1/3Qn2P/N4N1P/PPP1PPB1/R4K1R b kq - 0 12,0.0,-1.55,0.074,0.0,calm,opening,val
8/8/3P3k/1p4p1/P4p2/1P6/5PP1/5K2 w - - 0 49,0.0,6.98,7.225,0.0,diverse,adveg,train
1K6/8/p7/P7/6k1/8/8/5R2 w - - 0 61,1.96,6.13,9.733,0.0,target,adveg,train
8/8/3K4/6p1/5k2/8/6Bp/4r3 b - - 11 98,-1.53,-7.66,-9.663,0.0,target,adveg,val
6r1/8/p3Nk2/P2P4/1PP2Pp1/2K5/4R3/8 w - - 1 41,0.0,8.32,14.09,0.0,calm,endgame,train
1R6/2p1kp2/8/2r5/2r4p/Q6P/6PK/8 w - - 2 52,4.73,6.65,8.692,0.0,target,endgame,train
rr4k1/4b1pp/bP1p4/B2PPp2/3R4/p4N1P/5PP1/4K2R b K - 2 26,0.0,-1.67,1.168,0.0,diverse,endgame,train
rnb2k1r/1p3pbp/3p1Qp1/2pP4/p7/2N1PNPP/PP3P2/3RKB1R b K - 0 14,3.6,-0.26,10.301,3.6,calm,midgame,train
6r1/8/8/P2P1k2/1PP2P2/2KN2p1/6R1/8 b - - 4 45,0.0,8.12,17.724,0.0,calm,endgame,train
6r1/8/1R1pPk2/p3nP2/P3KR1p/7P/2P3P1/8 b - - 0 37,1.14,6.54,11.701,0.0,target,endgame,val
N5k1/8/5p2/5bpq/P2P4/1P2P1P1/2rB1K1P/4Q3 w - - 7 34,-2.64,-2.14,-2.786,-2.64,working,midgame,train
8/2k5/2rq4/2b5/7p/p6P/B4PP1/2R1QR1K b - - 2 38,2.52,6.47,12.845,2.52,working,midgame,train
1k1r3r/pp3p2/1qp1pPpb/3P4/2P4p/1P3Q1N/PB4KP/R2R4 w - - 0 26,-1.98,4.7,-0.654,-1.98,diverse,midgame,train
1r1bk2r/3nn1p1/P2Qp1P1/2p3Np/1p6/4B3/P1P2P2/2K3RR b - - 0 30,2.34,7.52,13.182,2.34,calm,midgame,val
2kr1br1/ppq2p2/4p3/N3n3/nP1BP1pp/2P3P1/P1NQBP1P/3RR1K1 b - - 1 21,0.0,3.02,9.193,0.0,diverse,opening,train
r2qk1nr/2pbbppp/p1n1p3/4p3/Np1PB3/5N2/PPP1QPPP/R1B1K2R w KQkq - 2 10,0.0,1.59,0.118,0.0,calm,opening,train
8/6P1/8/8/3k3K/8/8/8 b - - 0 71,0.0,5.29,4.36,0.0,calm,adveg,train
1R6/6p1/4k2p/2p5/pPPpN3/P7/1K6/7r b - - 8 47,2.15,2.44,-0.416,0.0,target,endgame,train
7r/2p5/1p1pPk2/p3nP2/P1P1KR1p/7P/2P3P1/1R6 w - - 2 35,1.09,5.1,9.607,0.0,target,endgame,train
4r1k1/1p2qpp1/4b3/pQ4p1/P7/3Bp2P/1P3P2/3KR3 b - - 3 27,-1.14,-4.48,-5.222,-1.14,working,midgame,train
8/2kq4/2r5/2b1p2Q/7p/p6P/B4PP1/2R2R1K w - - 0 37,2.16,7.13,11.185,2.16,working,midgame,val
2Q5/6pk/p3p3/3pP1q1/3P3p/5P1P/4r1P1/5K2 w - - 0 59,-7.8,-4.1,-0.968,0.0,target,endgame,train
8/2R5/2p1r1kp/p3p2p/4Np1K/P2PbP2/2P4P/8 w - - 2 40,0.0,1.47,-1.731,0.0,diverse,endgame,val
3r4/5rpp/p3k3/1p4PN/4p2P/3bP1Q1/7K/8 b - - 0 39,3.49,-0.28,-4.924,0.0,target,endgame,train
3r1rk1/2q2b1p/3b2p1/p1P5/P2B4/3QP2P/8/2RK2R1 b - - 0 32,2.34,-2.44,-1.208,2.34,diverse,midgame,train
r6r/1bkpq1pp/1pn5/8/1p3n2/PN2PB2/6PP/2QR1RK1 b - - 0 25,1.98,-2.89,-2.954,1.98,diverse,opening,train
r1bqk1nr/2p1bpQp/p3p3/1p6/8/2NP4/PP3PPP/R1B1K1NR b KQkq - 0 10,0.0,-1.04,3.588,0.0,diverse,opening,train
8/7p/p2Pk2K/1p6/1P4P1/8/8/8 b - - 0 50,0.0,-0.72,0.202,0.0,calm,adveg,train
8/6r1/1Rnk3p/p2p1p1P/Pb2p3/6P1/8/1K6 b - - 7 43,0.0,-10.93,-19.559,0.0,calm,endgame,train
4k1r1/R2n1ppp/1p1Bp3/3b4/8/P5P1/1P4pP/6K1 w - - 3 26,0.0,-5.02,-10.413,0.0,diverse,endgame,train
2r1rk2/p4p2/n6p/2p5/1P1p2P1/P2Rb3/2K5/4R3 w - - 0 38,0.0,-7.69,-14.499,0.0,calm,endgame,train
2rk1r2/5p1p/1q1p2p1/pB3b2/pPQ5/7P/P5P1/n6K w - - 3 27,2.16,-8.02,-17.974,2.16,calm,midgame,train
4rr2/pp1q2pk/3b2pp/3P4/2n5/2N1P2P/PP2Q1P1/3R2KR w - - 0 23,-2.16,-6.66,-2.665,-2.16,working,midgame,train
r1b1k2r/1p1pPpp1/p1n1q2p/2B5/8/6P1/5PBP/2RQ1RK1 w kq - 1 19,1.98,3.07,1.055,1.98,calm,opening,train
3rr1k1/p1p1nppp/1p2pn2/P2q2P1/2bP3P/3BPN2/1P1R1P2/3QK2R b - - 0 22,0.0,-4.54,-6.789,0.0,diverse,opening,val
rnbqr1k1/1p3ppp/p2ppb2/2p5/2P5/1P1P1NPP/P4P2/RNBQKB1R w KQ - 0 10,-1.15,-0.24,0.234,0.0,target,opening,train
rnbqk2r/1p2bppp/2p1pn2/p2p4/2PP4/4PNP1/PPQN1P1P/R1B1KB1R b KQkq - 3 7,0.0,0.2,0.131,0.0,calm,opening,train
6k1/2N2ppp/p1p5/P1pp4/4n2P/6r1/1P6/1R5K w - - 0 37,-7.85,-4.25,-8.444,0.0,target,endgame,val
1k2r3/pp3p2/2p3pr/3p2n1/1P1P1Nb1/4PPPp/P3BK1R/2R5 b - - 1 27,0.0,-0.24,-2.002,0.0,crowded_safe,endgame,train
4nk2/3n3p/1p2qppN/p5P1/4pB2/2Q4P/4rPB1/3R2K1 w - - 0 33,2.16,4.8,0.229,0.0,target,midgame,train
r4rk1/1bp2pbp/p3p1p1/n2q4/NpN5/4Q1B1/1P2BPPP/R4RK1 w - - 1 21,-1.45,-1.04,-1.376,0.0,target,opening,val
rnbqk2r/1p2bppp/4pn2/p1pP4/3P4/4PNP1/PPQN1P1P/R1B1KB1R b KQkq - 0 8,1.62,-0.16,3.122,1.62,working,opening,train
8/1k6/8/2PK3p/6p1/4N3/7P/8 b - - 2 59,1.31,4.52,9.036,0.0,target,adveg,train
8/2pk4/4R3/p5p1/P4bP1/1Pr2P2/6K1/8 w - - 5 68,-2.54,-4.93,-4.905,0.0,target,endgame,train
1k1r1q2/6p1/1p1rp3/4Q2n/2PP1B1p/R6P/3N1P1K/7B w - - 23 49,3.42,6.21,10.412,3.42,diverse,midgame,train
r4rk1/2qp2pp/1p1np3/p1p5/1nP2p1P/NQ1B1P2/PP1B1P2/1K1R3R b - - 1 19,0.0,2.23,1.377,0.0,calm,opening,train
rn1q3r/4kpb1/1p2p1pp/pQ2N2n/3Pp3/P1N5/1P1B1PP1/3R1K1R b - - 1 16,2.16,0.93,3.889,2.16,working,opening,val
1r3knr/2p2qp1/b1np4/p1pN1pBp/2B5/P3QN1P/1P3PP1/R4K1R w - - 6 19,1.62,3.94,8.691,1.62,working,opening,train
8/8/4pb2/8/k1KN3p/7P/8/8 b - - 7 59,0.0,0.28,-0.886,0.0,crowded_safe,adveg,val
8/2pk4/8/R5p1/P4bP1/1r3P2/6K1/8 b - - 0 69,-2.78,-4.09,-5.685,0.0,target,endgame,train
6k1/q4p2/4p1p1/pp2P3/6Pp/P4Q1P/2r5/5R1K w - - 0 56,-1.53,-3.35,-4.661,-1.53,diverse,endgame,train
6k1/1b3pp1/8/4r3/PP1nP2P/2R2P2/3r2PK/2R5 b - - 0 40,0.0,-3.69,-6.49,0.0,calm,endgame,val
4q1k1/5p2/p4npp/3pb2r/P7/4P2P/1BQ1NPP1/2R3K1 w - - 1 29,0.0,2.65,-0.662,0.0,diverse,midgame,val
r5kr/5ppp/1npNp2n/p3P3/p2P3q/B1P1P2P/2Q3P1/R4RK1 w - - 7 24,0.0,3.2,-0.64,0.0,diverse,opening,train
rn1qkb1r/5ppp/1p2pn2/p2p4/3P3P/PQN1PN2/1P3PP1/R1B2K1R b kq - 0 10,0.0,-0.01,1.052,0.0,diverse,opening,train
8/8/P7/3k4/1P6/8/8/6K1 w - - 1 43,0.0,4.02,6.134,0.0,diverse,adveg,train
3B4/8/8/p2k3p/1p4p1/1K6/6P1/8 w - - 2 60,0.0,0.08,-0.89,0.0,crowded_safe,adveg,train
8/6N1/3k4/3p4/p1p5/4R3/r7/2K5 w - - 2 70,2.38,-0.14,-3.319,0.0,target,endgame,train
7n/7P/2p1k3/6B1/2Np4/3B4/8/1K6 w - - 9 96,0.0,8.1,12.389,0.0,calm,adveg,val
3r4/1p2pk1p/1Bb5/6n1/5p2/P1K5/1P4PP/1R2R3 b - - 0 30,0.0,0.1,1.041,0.0,diverse,endgame,train
4kb2/r3np1r/p4Bp1/1p2P2p/1NpPQ3/8/P4P1P/5K2 w - - 1 29,1.26,6.4,-0.036,1.26,working,endgame,train
rn1qk1nr/5ppp/1pp1p3/p3P3/2pP4/P1N1P3/1PQ3PP/R1B1K2R w KQkq - 0 13,0.0,2.8,-1.086,0.0,diverse,opening,train
1R6/P3kp1p/3np3/7P/6P1/5P2/6K1/8 b - - 0 60,0.0,9.74,7.98,0.0,diverse,adveg,val
5q2/8/1p4k1/p3Qp2/P1p1pKp1/4P3/7R/8 w - - 6 60,5.82,4.87,-0.722,0.0,target,endgame,train
2r5/1p2pk1p/1Bb5/6n1/5p2/P1K3P1/1P5P/1R2R3 b - - 0 31,0.0,0.13,2.226,0.0,diverse,endgame,train
r1b4R/ppkn2Q1/3r1p2/P2Rp1p1/4P1P1/4K3/1PP2P1P/8 w - - 2 32,3.75,10.35,9.642,3.75,diverse,midgame,train
r3k3/1pq1pp2/1nppbn2/7p/3PP3/1pPBQ2P/P2NNPr1/1R3K1R b q - 1 18,0.0,-0.02,-2.971,0.0,diverse,opening,train
4k3/n1R2p1p/P3p3/7P/6P1/5P2/6K1/8 b - - 2 57,0.0,7.37,7.219,0.0,calm,adveg,train
8/2p5/5r2/p2p4/1p1kn3/3N3R/PPP1KP2/8 b - - 2 40,0.0,0.0,-0.387,0.0,crowded_safe,endgame,train
r1q3k1/5ppp/P2p1n1n/1B1Pp3/4P1P1/1p5P/3BQP2/1R4K1 w - - 4 39,0.0,3.0,0.826,0.0,calm,midgame,train
r3r1k1/5pp1/2R5/B2p1q2/3PnNb1/1P2P1Pp/P6P/4QRK1 w - - 1 21,-1.18,-0.75,1.805,0.0,target,opening,train
rnbqkb1r/pp3ppp/5P2/4p3/2Pp4/2N5/PP1P1P1P/R1BQKBNR b KQkq - 0 7,0.0,0.65,1.434,0.0,diverse,opening,val
rbbqr1k1/pp3pp1/5n1p/3pn3/P2N4/1P2PN1P/2Q2PP1/R1B1KB1R w KQ - 2 14,0.0,0.12,-0.53,0.0,diverse,opening,train
8/8/8/3k4/1R1P1K2/1P6/8/8 w - - 3 58,0.0,12.9,13.891,0.0,calm,adveg,train
1r4k1/5p1p/6p1/8/p7/P4P2/1P5P/2q1QK2 b - - 2 38,-3.21,-8.59,-10.5,0.0,target,endgame,val
r3k3/3b4/p1nR2p1/P4p2/Bp2p2p/5R1P/5PP1/6K1 w - - 0 34,1.38,1.04,-1.04,0.0,target,endgame,train
3r1k1b/R2q2rp/1p3p1Q/1N1Bp3/2P5/4N1P1/5P2/6K1 b - - 26 46,3.06,8.06,6.027,3.06,diverse,midgame,train
8/p6p/5p2/4p1k1/4P1P1/p2P1K2/8/8 w - - 0 46,0.0,-6.5,-6.166,0.0,calm,adveg,train
8/p7/8/5B1P/3kp1P1/8/4PK2/2q5 b - - 0 50,-4.99,-6.8,-10.527,0.0,target,endgame,train
7r/6R1/4p3/P3p3/1PPbPn2/5P1p/2Pk4/1R3K2 b - - 1 64,-1.0,-8.81,1.426,0.0,target,endgame,train
rn3rk1/1bq1ppbp/p5p1/8/2PP1P2/1Q2B3/PP4PP/R3KBNR w KQ - 4 12,0.0,0.89,1.551,0.0,diverse,opening,train
r1b1r1k1/pppq1pp1/1n5p/4b3/nP3P2/P1NP4/2QBP1BP/1R1K2R1 w - - 0 18,-1.42,-0.79,-0.861,0.0,target,opening,train
r1bqk2r/pp1n1pp1/2pb1n1p/3p4/8/2NBPNPP/PPQP1P2/R1B1K2R b KQkq - 2 9,0.0,-1.02,0.403,0.0,calm,opening,val
5r2/2k1b3/4p3/2p1p1pp/P3P3/1P1P1P1P/2PK2nR/5R2 b - - 2 34,0.0,-0.91,1.129,0.0,calm,endgame,train
rn2k2r/1bq1ppbp/p5p1/8/2PP1P2/4B3/PP4PP/R2QKBNR w KQkq - 2 11,0.0,2.12,1.738,0.0,diverse,opening,train
rn2kb1r/pp2qppp/8/2pPnb2/2p5/2N1B3/PP1Q1PPP/R3KBNR w KQkq - 7 11,0.0,1.69,-0.788,0.0,calm,opening,train
7R/5p2/2K2P2/6kp/2p5/2P5/8/8 w - - 3 44,1.17,5.48,8.344,0.0,target,adveg,train
4B3/8/1p3k1p/1P2pP1P/4P3/r7/6K1/8 b - - 18 70,0.0,-3.05,0.152,0.0,diverse,adveg,train
5r2/2k5/4p3/2b1p1pp/P1P1P2n/1P3P1P/2P1KR2/5R2 w - - 3 38,0.0,-0.41,3.15,0.0,crowded_safe,endgame,train
3r2k1/pp3p1p/6p1/8/3P4/P2q2Pb/1P2NP1P/R1B2RK1 w - - 3 22,-1.0,-3.45,-0.976,0.0,target,midgame,train
r1b1q1k1/ppp1B1pp/3p4/8/4P2Q/5N2/PPK2PPP/R6R b - - 0 19,0.0,5.35,10.416,0.0,calm,midgame,train
4r1kr/ppp3p1/8/7p/4q3/5n2/PP1B1PQb/3R1R1K w - - 0 20,-1.09,-6.62,-8.527,0.18,target,midgame,val
r1b2rk1/pp4pp/1q6/3p4/4N3/2N2n2/PPQ1KP1P/3R1B1R w - - 0 18,-4.86,-0.13,-3.943,-4.86,working,opening,train
rn1qk1nr/pp3ppp/2p5/3p4/2PPp1b1/2B1P3/PP2NPPP/R2QKB1R w KQkq - 2 8,0.0,0.68,1.207,0.0,calm,opening,train
2kr1b1r/pp1nqppp/8/2pPnb2/2p5/2N1BN2/PP1Q1PPP/2KR1B1R w - - 11 13,-1.26,1.63,-1.7,-1.26,working,opening,train
8/8/5n2/8/5K1P/k7/6P1/8 w - - 3 78,0.0,0.63,-0.91,0.0,calm,adveg,train
8/8/8/5Nq1/4p1p1/3kN3/5PK1/8 b - - 5 75,0.0,-5.11,-9.186,0.0,diverse,endgame,val
3r3k/6p1/5pnp/8/3PP1P1/2Q4P/3N3q/3K1B2 w - - 13 53,-1.05,-1.34,0.475,0.0,target,midgame,train
1n4r1/5pk1/p3p3/N6p/3b4/1B6/5PP1/2RR2K1 b - - 3 36,0.0,4.48,4.36,0.0,calm,endgame,train
1r1qk3/1R6/1Nnppnr1/p1p1p2p/4P1pP/P1PP2B1/3Q1PP1/1R4K1 w - - 16 29,2.5,3.71,0.427,0.0,target,opening,train
1Qbqkb1r/1p1n2p1/1N1P1p2/1B2B2p/4p3/8/PP3PPP/2R2RK1 b k - 0 22,2.34,8.58,12.257,2.34,calm,opening,train
rn2k2r/3q2pp/p1p1b3/Bp3p1N/3Pn3/Q2BP3/p5PP/R4RK1 w kq - 0 19,2.7,3.67,1.843,2.7,diverse,opening,train
rn2k3/1b1pbpr1/pq3np1/2p1P1Np/2B2Q1P/1Pp2PP1/1PN3K1/R1BR4 b q - 0 19,2.34,4.28,0.745,2.34,diverse,opening,val
8/8/8/6p1/3kp3/4NqN1/5P2/5K2 b - - 23 65,0.0,-3.51,-9.626,0.0,calm,endgame,train
8/2p2pk1/3p3p/Pp1P1bp1/1N6/KP6/1R6/6q1 w - - 15 60,0.0,-6.93,-15.78,0.0,calm,endgame,train
5rk1/5ppp/3p4/3P2P1/r6q/4Bb1P/P4P1K/R5Q1 b - - 1 26,-2.16,-6.65,-12.93,-2.16,diverse,midgame,train
r1bk3r/1p2bpBp/p7/2n5/2P5/4PN1P/P4PP1/R3K2R b KQ - 0 16,1.13,-1.86,-1.862,0.0,target,midgame,train
5r1k/4n1p1/6rp/3pP2q/3P1p2/P1P4b/3B1PPP/RR1QN1K1 b - - 4 32,-1.24,0.0,4.074,0.0,target,opening,train
rn2kb1r/pb1ppp2/5np1/q1pP3p/1pP4P/N4PP1/PP2PK2/R1BQ1BNR w kq - 0 9,0.0,0.4,-1.214,0.0,diverse,opening,train
4k3/1p2r3/nQ6/P3p2P/2P1P3/1P2K3/5PP1/8 b - - 0 54,0.0,7.71,14.808,0.0,calm,endgame,val
8/1pp2pk1/3p3p/3P2p1/PK6/1P1b4/N5R1/q7 b - - 13 47,0.0,-8.5,-16.374,0.0,calm,endgame,train
r3kb1r/p1p3p1/3p1p2/2p1p2p/2P1n3/BP3NPP/P7/R3K1R1 w Qkq - 0 20,0.0,-4.37,-4.605,0.0,diverse,endgame,train
r1b1r3/1p2bp1p/pk6/2n1B3/2P5/4PN1P/P4PP1/3R1RK1 b - - 6 19,1.77,-1.76,-0.774,0.0,target,midgame,train
r2q1k1r/1p2pp2/1n3np1/6N1/5Qp1/2B5/P1B3PP/R3R2K b - - 0 25,1.62,2.2,5.499,1.62,diverse,opening,train
r2q2r1/b2n1k1p/2ppbn2/pp4B1/4PQ1P/P1NP1PP1/1PP3B1/R3K2R w KQ - 3 18,2.7,0.71,4.175,2.7,diverse,opening,train
8/8/6p1/5pBp/3k1P1P/8/r7/2K5 w - - 68 95,-3.43,-3.77,-6.776,0.0,target,adveg,train
8/1p6/1Pr1k3/1R1pp3/4n3/6P1/8/6K1 w - - 2 52,-1.12,-7.27,-9.673,0.0,target,endgame,train
3n1k2/8/8/2N1R2n/1PP3p1/8/P4PP1/6K1 b - - 2 46,4.32,6.89,12.565,0.0,target,endgame,val
r1b1r3/1pk1bpBp/p7/2n5/2P5/4PN1P/P4PP1/3RK2R w K - 3 18,1.02,-2.61,-0.682,1.02,working,midgame,train
2kr3r/p3pp1p/2pn1bp1/8/q1p2BP1/4QN1P/P4P2/1R3RK1 b - - 0 22,2.16,-0.77,-2.49,2.16,working,opening,train
8/4k3/4p1P1/3p4/1P1P4/5P2/2K4p/8 w - - 0 47,0.0,-2.28,0.733,0.0,diverse,adveg,train
8/4B3/6p1/3k1p1p/5P1P/8/r7/2K5 w - - 70 96,-2.0,-3.52,-5.853,0.0,target,adveg,train
5k2/5n2/1R6/2p4P/2P1Nnp1/1P6/P4PP1/6K1 b - - 0 42,1.27,6.33,11.964,0.0,target,endgame,train
5r1k/4R3/1pp3pp/4R3/4N1q1/8/5PP1/6K1 b - - 2 37,-1.84,-1.84,-6.925,0.0,target,endgame,train
5rk1/5p1p/p3p1p1/1p2P3/1P1q1P1Q/5B2/P1n3PP/4R2K w - - 2 36,0.0,-1.91,-0.186,0.0,diverse,midgame,train
5rk1/3n4/1pp3pp/2r4P/4R1q1/2N5/4RPP1/2Q3K1 b - - 0 30,-1.26,-0.29,-4.42,-1.26,calm,midgame,train
r3r3/1p1bbp2/pk6/2n1B2p/2PR4/4PN1P/P4PP1/3R2K1 b - - 1 21,1.32,-2.02,0.027,1.32,working,midgame,train
5knr/2p3p1/B2p4/p1pqnpBp/5P1N/Pr5P/1P3QP1/R4K1R b - - 2 22,-2.52,2.96,-0.742,-2.52,diverse,opening,train
8/4k1P1/4p3/3p4/1P1P4/5P2/2K4p/8 b - - 0 47,0.0,-1.5,1.06,0.0,diverse,adveg,train
8/6Bp/2k5/4pp1P/p1P5/Pr4P1/2K2P2/8 b - - 1 38,-1.04,-2.86,-1.669,0.0,target,adveg,val
8/4kn2/1R6/2N4n/2P3p1/1P6/P4PP1/6K1 w - - 1 44,1.93,6.91,12.58,0.0,target,endgame,train
8/1p1kpp1p/1B1p2p1/4b3/4PnKP/6P1/r1r5/3R1R2 b - - 1 24,0.0,-8.0,-9.568,0.0,calm,endgame,train
6k1/1R6/8/7P/4K3/p7/P7/6b1 w - - 3 45,3.03,4.73,6.164,0.0,target,adveg,train
8/4ppkp/3p2p1/2pP2P1/3nB3/3P2P1/4r3/5K2 w - - 6 47,0.0,-8.37,-14.152,0.0,calm,adveg,val
8/3nkp2/2p1p3/8/2BP1r2/2P4q/1P2Q2P/7K w - - 0 31,-1.53,-6.14,-7.47,-1.53,working,endgame,train
2r1kb1r/pp2pp1p/3p2p1/8/3nP3/5PP1/PP4KP/R1B4R w k - 1 15,0.0,-5.49,-6.735,0.0,diverse,endgame,train
r3k1r1/1q2pp1p/2n3pB/5bN1/1p6/4P3/1R2BPPP/3Q1RK1 b q - 1 20,1.8,5.26,6.229,1.8,working,opening,val
2r1kb1r/1pq2ppp/p3bn2/4p1P1/3pP2P/PQN1BP2/1PP1B3/2KR3R w k - 1 18,0.0,-1.16,0.453,0.0,calm,opening,train
rnb1k2r/1p2pp2/1qp2npB/p2p3p/3P3P/3BPN2/PPPN1PP1/1R1QK2R b Kkq - 0 9,0.0,1.1,4.068,0.0,diverse,opening,val
r1b1r1k1/1p2qpb1/2pp1npp/p7/PnPNP3/BPN1P1P1/3Q1PBP/R4K1R w - - 0 15,0.0,0.8,1.161,0.0,diverse,opening,train
8/8/p4p1p/P1kp4/1p3pPP/1P1K4/5P2/8 w - - 3 42,0.0,-1.69,-2.414,0.0,calm,adveg,train
6k1/2p3P1/3p3p/2p5/8/6R1/r7/4K3 b - - 3 47,-1.45,-4.86,-4.362,0.0,target,adveg,train
2k5/2p2R2/p1P5/p2Pp3/1b2P1n1/3K2N1/PP6/8 w - - 2 37,0.0,7.15,6.68,0.0,calm,endgame,train
6k1/7p/3pN1p1/p1r1b3/q1P2p2/5N2/3Q1PPP/3R2K1 b - - 1 33,0.0,4.82,2.837,0.0,diverse,midgame,val
3r2k1/1p1q1p2/6p1/2nPp2b/p1P2b2/P4N1P/1P2QPKP/1B1R4 w - - 15 36,-2.52,-3.93,-6.093,-2.52,diverse,midgame,train
r3kb1r/pp2p1pp/2nppn2/8/PQ2P3/2N1B2P/1P3PP1/R3KB1R b KQkq - 0 12,0.0,0.23,5.935,0.0,calm,midgame,val
rb2r1k1/pp1q1pp1/5n1p/3pn3/P2N4/1P2PN1P/1BQ2PP1/R3K2R b KQ - 1 16,0.0,0.15,-0.281,0.0,calm,opening,val
6R1/1k6/2p5/4K3/2P3p1/4B3/4rPP1/8 b - - 4 65,2.03,5.97,10.419,0.0,target,endgame,train
3kn1R1/2p3N1/p1P5/p2Pp3/1b2P3/3K4/PP6/8 b - - 9 40,8.88,7.71,6.642,0.0,target,endgame,val
7r/2kp2pp/1p6/4n3/1R6/5b2/6nP/6K1 w - - 0 33,0.0,-9.02,-22.602,0.0,calm,endgame,train
R2n2k1/5r2/1Np1bppp/1pP1p3/1P2P2P/8/4BPP1/6K1 b - - 2 31,0.0,0.9,-0.126,0.0,diverse,endgame,train
6r1/3nkp2/2pbp3/1B6/3P4/2P2pPq/1P1Q3P/2B1N2K w - - 0 27,-1.82,-2.71,3.108,0.0,target,midgame,train
r1b4r/1p2kp1p/3N2p1/1BpPn3/2N5/4P1PP/Pp6/3RK2R b K - 0 21,2.79,2.7,9.435,2.79,diverse,midgame,train
r1bq1rk1/1ppp1pp1/7p/p2P4/Pb1B4/3P2P1/1PQ1PPBP/R4K1R b - - 0 15,0.0,1.35,1.646,0.0,calm,opening,train
rnb1k2r/pp2ppbp/2p3pn/4P3/2pqB3/5N2/PP1NQPPP/R1B1K2R b KQkq - 1 9,0.0,-0.54,-2.873,0.0,calm,opening,train
5k2/4r3/8/2Q4p/4pp2/4P3/4K1PP/8 w - - 0 45,2.17,7.84,11.997,0.0,target,endgame,train
3nr3/R2N4/2p5/1pP2bk1/1P2p2p/4K3/2B2PP1/8 w - - 8 45,0.0,0.24,-0.451,0.0,crowded_safe,endgame,train
Q2nk1r1/1pq3p1/4p2p/4Np2/8/2P5/PP3PPP/3R1RK1 b - - 4 23,2.7,8.02,10.945,2.7,calm,midgame,train
rn2k1nr/1bq3pp/4p3/2ppbpN1/1p1P4/4P1P1/PP3PBP/R1BQ1RK1 w kq - 0 14,1.12,0.18,-1.497,0.0,target,opening,val
5k2/8/6p1/6Bp/1p6/1P1Pp3/1PP3PP/6K1 b - - 2 40,0.0,6.15,8.539,0.0,diverse,adveg,train
8/pp6/P1pnpp2/6k1/3P3p/1K1N4/8/8 b - - 0 49,0.0,-7.85,-12.553,0.0,diverse,adveg,val
5k2/2R5/8/p5N1/6KP/6P1/P3r3/8 b - - 0 46,4.92,6.68,10.388,0.0,target,endgame,train
3rr3/2p2k1p/5p1p/p4N2/p7/Kb2pP2/8/2R5 b - - 1 39,0.0,-8.82,-19.116,0.0,calm,endgame,val
3r2k1/5ppp/4p3/4P3/bpR1P2P/3B2P1/1q6/4NK1R b - - 7 38,-1.05,-5.84,-4.106,0.0,target,midgame,val
3rr1k1/p1p2ppp/1p2p3/P6P/2bPqn2/4PN2/1P1R1P2/3QK1R1 b - - 2 26,-1.26,-5.42,-9.823,-1.26,diverse,midgame,train
2q2rk1/p4pb1/1pn3pp/3r4/P6N/3PBPP1/1P5P/R2QR1K1 w - - 0 23,0.0,-1.53,1.792,0.0,diverse,opening,train
r4rk1/p3bppp/B3b3/2Ppn3/1P2nN2/2p1P1P1/P4P1P/R1B1K2R w KQ - 1 18,-1.36,-4.27,-4.465,0.0,target,midgame,train
5rk1/1p1nqp1p/r4np1/pN3bB1/P3p3/2P3P1/4PPBP/R1QR2K1 w - - 1 17,0.0,2.01,0.883,0.0,calm,opening,train
r1bq1rk1/1ppp1pp1/2nb1n1p/p2Np3/2P5/P2P1NP1/1PQ1PP1P/R1B1KB1R w KQ - 0 9,0.0,0.31,-0.269,0.0,calm,opening,train
8/7p/5p2/2k1n1pP/8/6K1/8/8 w - - 0 68,0.0,-6.57,-12.505,0.0,calm,adveg,train
5k2/R7/8/4K1P1/p3N2P/8/6r1/8 b - - 0 52,4.73,6.5,10.291,0.0,target,endgame,train
5k2/8/R2n1p2/3P3P/pP2bPp1/P3K1P1/2r3B1/8 b - - 10 52,-11.12,-2.73,0.324,0.0,target,endgame,train
3r2k1/1p1r1ppp/5n2/p1q5/P1Pp4/1P1R1Q1P/2N2PP1/R5K1 b - - 3 27,0.0,0.2,-0.816,0.0,calm,midgame,train
3r4/pq3pbk/2n3pp/1r6/7N/R2PBPPP/1PQ5/4R1K1 b - - 0 28,0.0,-1.19,2.067,0.0,calm,opening,val
B3k1nr/P3bp2/4bqp1/6Np/1nPp4/3P4/5PPP/RNBQ1RK1 b k - 0 17,0.0,7.2,9.477,0.0,calm,opening,train
1k1r3r/p1pbbpp1/Bp1qpn2/nP5p/R7/2PP1NNP/4QPP1/2B1R1K1 b - - 2 22,0.0,0.97,-0.596,0.0,diverse,opening,train
8/1pp2ppp/p7/6PP/1P3P2/Pk2K3/8/8 w - - 1 36,0.0,-2.02,-0.97,0.0,diverse,adveg,train
8/5pk1/4p1p1/p5Pp/7P/P7/r3B3/4K3 w - - 2 56,-1.71,-5.92,-8.502,0.0,target,adveg,train
8/1p6/p5p1/2QpB2p/P5q1/1k1P4/6P1/7K w - - 0 39,7.5,3.13,4.693,0.0,target,endgame,val
3n1k2/2R5/1p2p2p/p1p2p1B/2P1b3/4P3/PP3PPP/6K1 b - - 2 24,1.32,4.19,5.158,0.0,target,endgame,train
5k2/R7/3n1p2/3P1b1P/pP3Pp1/P1r3P1/6B1/6K1 w - - 5 50,0.0,-1.85,2.098,0.0,diverse,endgame,train
4k3/2q2p2/B1p3rp/3n4/P2Pp2B/Q3P1R1/1P5K/8 w - - 1 39,0.36,3.45,4.442,0.36,diverse,midgame,train
6r1/1p2k3/3np1r1/4n3/1P2PR2/8/P3N3/1B1RK3 w - - 9 41,0.0,-1.24,2.275,0.0,calm,endgame,train
3k1b1r/2n1p1p1/pr6/1p1n2p1/6BP/P2Q2P1/1P3P2/2B2K1R w - - 1 26,1.51,5.63,4.53,0.0,target,midgame,train
2r1r1k1/ppn2ppp/2n5/3q4/1PNp2Pb/P6Q/3B1P2/1KR2BR1 b - - 1 26,-1.38,-1.49,-4.135,0.0,target,opening,train
8/1pp1kppp/p7/8/1P4PP/P3KP2/8/8 b - - 0 32,0.0,-1.71,-0.916,0.0,calm,adveg,train
6k1/2p3Pp/1p1p1r2/p2R4/2P1rPR1/P7/1P6/3K4 w - - 2 36,0.0,-1.5,1.637,0.0,calm,endgame,train
5k2/8/R2n1p2/3P3P/pP2bPp1/P3K1P1/2r3B1/8 b - - 14 54,-11.12,-2.73,0.324,0.0,target,endgame,train
r5k1/1pq3p1/2p3pr/p3P3/4PP1p/P1Q4P/1P4P1/3R1RK1 w - - 1 26,0.0,4.08,2.617,0.0,diverse,midgame,val
6k1/1r4pp/5p2/p2pp3/2b3RP/5P2/q2B2P1/3BK2R w - - 2 33,-2.34,-7.86,-8.138,-2.34,diverse,midgame,train
2k2br1/1ppr3p/p1n2pp1/3p1b2/3P1B1P/P3P1PB/1P3P2/2R2KNR w - - 0 19,0.0,0.66,-0.035,0.0,calm,midgame,train
q2r2k1/1bp2p1p/2n1p1pP/2b1P3/2N5/1nP2N2/rRQ2PP1/4KB1R b K - 7 27,-3.85,-8.63,-6.922,0.0,target,opening,train
8/1p6/p4k2/3P2p1/8/P1K4p/8/8 b - - 1 53,0.0,-6.72,-6.204,0.0,calm,adveg,train
8/8/7p/p2p1p1K/5P1P/1k3P2/1P6/7R b - - 0 36,0.0,7.4,8.846,0.0,calm,adveg,val
8/1pp5/1n3k2/2pP4/p3P3/6NK/7p/8 w - - 0 52,0.0,-6.86,-7.645,0.0,diverse,adveg,train
4n1k1/3R4/r4p2/p2K2pp/3N4/PP2P1PP/5P2/8 b - - 10 43,0.0,4.31,5.585,0.0,calm,endgame,train
5kr1/3P1p1p/pp5q/b1p1R3/6n1/3P1Q2/1PP3P1/R5K1 b - - 0 29,1.98,4.53,-1.841,1.98,diverse,midgame,train
4r1k1/1p3rp1/5n2/2P2b2/p2Ppb2/P7/1P2QPPP/R4RK1 w - - 1 25,0.0,0.67,2.921,0.0,calm,midgame,train
8/p3pp2/1p6/3Pk3/2K3Pp/P6P/1P6/8 b - - 4 47,0.0,-1.81,0.339,0.0,calm,adveg,train
8/8/7P/3p1pK1/5P2/5P2/pk6/7R b - - 0 40,1.0,8.67,9.655,0.0,target,adveg,train
8/1P4k1/1NK4p/6PP/5P2/1r6/8/8 b - - 2 77,-1.46,4.05,6.478,0.0,target,adveg,val
8/6p1/p7/1p1k2p1/3P2P1/P7/2r2P1b/R3K3 w - - 0 32,0.0,-6.26,-8.009,0.0,calm,endgame,train
6r1/2kn1RP1/p7/1bp1N3/4p2p/PP6/6PP/3R2K1 w - - 1 40,0.0,8.12,6.717,0.0,diverse,endgame,val
r1b1r1k1/1p3pp1/2pq4/p2pn1Pp/PP5P/1Q1B4/2PPN1P1/R4K1R w - - 0 25,0.0,-2.52,-0.922,0.0,diverse,opening,train
r3r1k1/pp3p1p/2nP1qp1/4pb2/2B5/2P2N1P/PP2QPP1/RN2K2R b KQ - 0 14,0.0,0.49,3.582,0.0,diverse,opening,val
2kr3r/p3ppbp/2p3pn/3b4/q1p1B3/5N1P/P3QPP1/1RB2RK1 b - - 0 18,2.41,1.08,-3.006,0.0,target,opening,train
8/3k4/N7/5R1p/3Pn1p1/P3P1P1/r6P/5K2 b - - 6 49,-2.14,1.28,5.92,0.0,target,endgame,train
3r4/2p1b1p1/2P1P1kp/p5p1/P5P1/1PR1RP2/7r/6K1 b - - 1 55,-2.68,-4.94,-1.561,0.0,target,endgame,train
r5r1/pp3p1p/4p3/2kn2B1/4R2P/2P3P1/PK3P2/3R4 b - - 4 23,1.26,0.14,0.834,0.0,target,endgame,val
1k3b2/6p1/pn1rp3/3n3P/p3Qr2/5BP1/1P3P2/3R3K w - - 0 38,0.0,5.83,2.102,0.0,diverse,midgame,train
2bq1rk1/1p3pbp/r1pp1np1/2n1p3/2P1P3/2NP1N2/P2BBPPP/1R1Q1RK1 w - - 5 15,0.0,-0.69,0.302,0.0,calm,opening,train
8/6k1/p3ppp1/8/5P1p/2P5/2pK4/3N4 b - - 1 48,0.0,-2.96,-8.327,0.0,diverse,adveg,train
8/3k1p2/pp3P2/4K1p1/2P2n2/P4P2/2B5/8 w - - 3 33,0.0,0.54,-0.169,0.0,calm,adveg,train
8/7k/5Q2/8/K4N2/4P3/8/1q6 b - - 0 84,4.08,4.67,8.675,0.0,target,endgame,train
4k3/R7/4N3/p2p1p1p/3Pn1p1/Pr2P1P1/5PKP/8 w - - 4 42,9.11,1.94,1.492,0.0,target,endgame,train
5k2/6q1/6pQ/p2B1p2/1p2n2p/P7/8/3R3K w - - 4 52,-0.63,3.73,-1.094,-0.63,diverse,endgame,train
6r1/5p1p/2r1p3/ppkn2B1/4R2P/P1P3P1/2K2P2/1R6 w - - 6 28,0.0,0.0,0.533,0.0,crowded_safe,endgame,val
4kr2/4q1p1/p3p3/1p1pP1pp/n1rP4/R1P1R1BP/P4PP1/2Q3K1 b - - 1 39,1.01,-1.21,0.864,0.0,target,midgame,train
4kb1r/1p3ppp/r1n5/p1pRP1N1/5B2/2P3PB/PP2PK1P/7R w - - 1 18,1.89,7.39,8.276,1.89,diverse,midgame,train
r1bqk2r/2pn1pp1/pp2pn1p/3p4/PP1P1b2/2PBPN2/3N1PPP/R2QK2R w KQkq - 0 10,0.0,0.68,-2.6,0.0,calm,opening,train
8/2B5/P4k2/2p3pp/5p2/1P3P2/6PP/6K1 b - - 0 48,0.0,8.88,9.118,0.0,diverse,adveg,train
2r1b3/8/k1p5/2BP4/2PK2p1/8/1R3PP1/8 w - - 3 57,5.08,4.43,5.457,0.0,target,endgame,train
3rk3/4p1bN/6p1/1p3r2/1n1PQ3/1P5P/5PP1/5RK1 w - - 0 29,1.89,4.85,5.814,1.89,working,midgame,train
5b1r/1p2k2p/r1n1B1p1/p1pR2N1/5B2/2P1K1P1/PP2P2P/7R b - - 0 21,4.56,7.12,20.937,4.56,diverse,midgame,val
r4rk1/pbp2ppp/1p1bpq2/8/2n1P3/PPN3P1/1B1PQP1P/2KR3R w - - 0 16,-1.15,-1.8,-2.676,0.0,target,opening,train
3r1rk1/p1q2pb1/1p3npp/4p3/3n4/2NPB1P1/PPP2PNP/R2QR1K1 b - - 2 17,0.0,-0.29,0.522,0.0,diverse,opening,train
rnb1kb1r/ppqn1p2/4p1pp/4p1N1/2B2P2/2P4P/P3Q1P1/RNB1K2R w KQkq - 0 13,0.0,-2.12,-2.479,0.0,calm,opening,train
8/8/8/P7/3p1kp1/7p/5K1P/8 b - - 0 54,0.0,0.0,-4.179,0.0,crowded_safe,adveg,train
8/8/8/3kbP1R/8/p7/P3KPPP/8 b - - 0 39,0.0,7.01,10.263,0.0,calm,adveg,train
3R4/5k2/2N4P/2p5/4r1P1/8/2K5/8 w - - 2 63,3.81,6.1,9.473,0.0,target,endgame,train
1r3k2/4qp2/1rpp1b2/Q4B2/2PRpP2/1P2P1P1/p6P/K1N5 b - - 1 35,1.32,-2.63,-0.567,0.0,target,midgame,train
2kr3r/p1q5/4pp1n/1p6/2N1Q1Pp/P1p3P1/1P1bB2P/1K2R2R w - - 1 26,2.7,0.0,1.376,2.7,working,opening,train
1r3rk1/2p1qpp1/2B2n2/3p4/1P1N3p/PQPbP1nP/6P1/R2KR3 b - - 3 23,-2.39,-5.75,-4.13,0.0,target,opening,val
r1bqk2r/pp2bp1p/1nnpp1p1/4P3/3P1P2/2NBBN1P/PP4P1/R2Q1RK1 b kq - 5 12,0.0,1.07,1.419,0.0,calm,opening,val
1r6/3kp2p/4n1p1/8/p2p2P1/4B2P/PbK2P2/1R1R4 b - - 1 29,-2.91,0.96,0.071,0.0,target,endgame,val
r1b1kr2/6pp/p3p3/Np2n3/8/1p6/P2RB1PP/2KR4 w q - 0 24,2.73,-1.36,-3.467,0.0,target,endgame,train
5rk1/3n4/1pp3pp/2rb3P/4N1q1/2N1R3/4RPP1/2Q3K1 b - - 2 29,-1.26,-0.25,-5.382,-1.26,calm,opening,train
1r3rk1/2p2pp1/2B2n2/3pq3/1P1Nn2p/PQPbP2P/6P1/R1K1R3 w - - 6 25,-1.44,-4.95,-5.784,-1.44,diverse,opening,train
r1b2rk1/1pp1bpp1/p3qn2/3pp2p/1P6/P1NBPP1N/1QPP2PP/R3K2R w KQ - 1 15,0.0,-1.38,-0.055,0.0,calm,opening,train
r3kb1r/ppq2p2/b2p1np1/4p1Bp/3nP3/PPN2PN1/2P3PP/R2KQ2R b kq - 6 16,-2.52,-4.94,-9.032,-2.52,working,opening,train
8/5b2/p7/P7/5Bp1/4Kp2/5PkP/8 w - - 15 82,0.0,0.0,-0.382,0.0,crowded_safe,adveg,train
1r3k2/5p1p/2pP2p1/4P3/3nNP2/6PP/8/3K4 w - - 3 34,-1.32,-3.8,-5.316,0.0,target,adveg,train
r7/1p1R2R1/kprNp3/2p1Pp2/P1K3p1/7p/7P/8 b - - 12 53,0.0,0.92,-2.029,0.0,diverse,endgame,train
6k1/8/br1p2pp/5p2/1n5P/RN2P1P1/2r2P2/2NK3R b - - 4 33,-1.02,-2.59,-2.622,-1.02,diverse,endgame,train
1rb1k2r/pp6/1qn1p1pp/8/4NR2/b1P4P/PnKNQ1P1/5R2 w k - 3 24,-0.72,-4.22,-13.703,-0.72,calm,opening,train
1r3rk1/1p1bbp1p/1q2p1p1/p1n5/1nBN4/4PN2/P3QPPP/1R1RB1K1 b - - 1 20,0.0,0.0,0.276,0.0,diverse,opening,train
8/8/7p/6p1/1Pk2pP1/2n4P/5K2/8 b - - 6 56,-1.18,-6.01,-10.113,0.0,target,adveg,train
8/8/p1bB4/P7/5Kp1/5p1k/5P1P/8 b - - 26 87,0.0,0.0,-0.725,0.0,crowded_safe,adveg,train
6k1/8/br1p2pp/3n1p2/3N3P/R3P1P1/5r2/2NK3R w - - 2 35,-2.12,-2.88,-2.63,0.0,target,endgame,train
1rbk3r/pp6/1qn1p1pp/8/5RN1/b1P3QP/PnKN2P1/5R2 b - - 10 27,-2.88,-5.2,-16.221,-2.88,calm,opening,train
r1b2rk1/pp2ppb1/3q3p/1PnNp3/2P2PnN/7P/P1Q2PB1/3R1RK1 b - - 0 21,1.62,-0.92,-1.347,1.62,working,opening,train
1rb2rk1/pp2bp1p/1qn1p1p1/1Nn5/2B5/4PN2/PPQ2PPP/R2RB1K1 b - - 16 16,0.0,0.74,1.225,0.0,diverse,opening,train
8/8/7p/3k2p1/1P3pP1/2n2K1P/8/8 b - - 4 55,0.0,-5.02,-8.733,0.0,diverse,adveg,val
8/8/p7/P3B3/3K2p1/5p2/b4PkP/8 w - - 37 93,0.0,0.0,-0.123,0.0,crowded_safe,adveg,val
8/R7/5k2/5P2/1p6/8/p5r1/3NK3 w - - 0 52,1.69,-0.66,0.465,0.0,target,endgame,train
5rk1/pR4pp/8/8/4r3/8/PP1K1P1P/1b5R b - - 0 26,-3.44,-4.54,-5.674,0.0,target,endgame,train
2r3k1/8/br1p2pp/5p2/1n5P/RN2P1P1/3K1P2/2N4R b - - 2 32,-2.04,-2.94,-6.273,-2.04,diverse,endgame,train
1rb1k3/p1q1ppb1/np6/4N3/P2P1P2/4P3/2Q2P2/R3K2B w Q - 3 25,1.92,-0.8,-2.311,0.0,target,midgame,val
rnb2rk1/pp3p1p/3bp1p1/3n2B1/3P4/1B3N2/PP3PPP/RN2R1K1 w - - 5 13,0.0,0.58,0.664,0.0,diverse,midgame,train
r1b1k2r/ppq2Np1/3bpn1p/3p4/8/2N3P1/PP2QPBP/R1B2RK1 b kq - 0 12,1.98,0.48,1.651,1.98,working,opening,train
1rb1k2r/pp2bp1p/1qn1pnp1/1N6/2B5/1Q2PN2/PP3PPP/R1BR2K1 w k - 9 13,1.53,1.43,1.461,0.0,target,opening,train
8/8/p7/P3B3/6p1/1b2Kp2/5PkP/8 w - - 11 80,0.0,0.0,0.189,0.0,crowded_safe,adveg,train
8/p4k2/2p5/1p3P2/4R3/4N3/3r2P1/5K2 w - - 0 44,1.32,2.91,4.619,0.0,target,endgame,val
4r1k1/R4R2/P7/8/6PP/r7/5PK1/8 w - - 3 50,3.96,6.86,6.905,0.0,target,endgame,train
4r3/p2kP2r/4p3/Pp2P1N1/2p5/2P1B1P1/1P6/R2K4 w - - 0 32,0.0,4.63,14.903,0.0,calm,endgame,val
3nk1r1/2R5/1p2p1Np/p1p2p1B/2P1b3/4P3/PP3PPP/6K1 b - - 0 22,3.26,2.13,1.333,0.0,target,endgame,train
3r2k1/2Q2p2/p4p2/3q3r/3R3p/P1B5/1P3PPP/4R1K1 b - - 0 32,2.15,7.19,6.699,0.0,target,midgame,train
r1b1k2r/ppq1bp1p/2n1pnp1/8/2BN4/1QN1P3/PP3PPP/R1BR2K1 w kq - 5 11,0.0,0.69,1.549,0.0,calm,opening,val
8/8/4k3/p1p5/2P1KP2/6P1/P7/8 b - - 0 45,0.0,3.26,6.44,0.0,calm,adveg,train
6k1/5p2/1p3rp1/3Bp3/7p/3K4/8/8 b - - 1 45,0.0,-8.59,-12.724,0.0,diverse,adveg,train
8/3B1N1k/6pP/5p2/4p3/2r5/5K2/8 b - - 3 60,-2.2,-2.6,-1.836,0.0,target,adveg,train
r4k2/1R1R2p1/4p1r1/2P1P3/3P2Pp/5K1P/4P3/8 w - - 7 40,1.63,6.42,6.683,0.0,target,endgame,train
2r5/8/4k3/PR2pr2/6p1/2NR4/6PP/6K1 w - - 1 45,3.75,5.25,7.507,0.0,target,endgame,train
3nk1r1/2R3p1/1p2p2p/p1p1Np2/2P1b3/4P3/PP2BPPP/6K1 w - - 2 21,2.04,2.53,0.055,0.0,target,endgame,val
r1b4r/1p1nkp1p/3p2p1/1BpPb3/2N1N3/p3P1PP/PP3P2/3RK2R w K - 2 19,1.47,0.53,3.345,1.47,crowded_safe,midgame,val
1r3b1r/3k2pp/p2ppq2/2p1n3/2P2N2/2N5/PP4PP/R1BQR1K1 b - - 1 16,1.98,4.52,6.68,1.98,working,opening,val
r3r1k1/1q1n1p2/6p1/1b1n3p/1P1bpB2/1Q2P2P/3N1PP1/2R1KBNR b K - 0 28,-1.37,-2.71,-0.244,0.0,target,opening,train
8/5N1k/4B1pP/5p2/4p3/4P3/1r6/5K2 w - - 8 48,-1.64,-0.1,1.453,0.0,target,adveg,train
r4k2/1R1R2p1/4p1r1/2P1P3/3PK1Pp/7P/4P3/8 b - - 8 40,2.23,6.64,7.311,0.0,target,endgame,train
3nk1r1/1bR3p1/1p2p2p/p1p1Np2/2P5/4P3/PP2BPPP/6K1 b - - 1 20,2.02,2.48,0.276,0.0,target,endgame,train
r4b1r/p2k2pp/3ppq2/1Np1n3/5N2/8/PPP2KPP/R1BQR3 w - - 1 14,-1.62,1.98,0.685,-1.62,working,opening,train
r7/8/6pP/pppp4/4kP2/PP2P3/4K3/8 w - - 1 37,0.0,-7.79,-9.162,0.0,diverse,adveg,train
5k2/1p3ppp/3p4/p2P4/3R4/p5KP/4r1P1/8 w - - 0 33,-1.23,-6.23,-8.245,0.0,target,adveg,val
5k2/7p/3N2PP/3Bpp2/8/4P3/7r/4K3 b - - 0 42,2.1,-0.15,4.438,0.0,target,adveg,train
8/p5pp/1p1k1p2/3P4/1PR5/6PP/r3r3/5KB1 b - - 1 37,0.0,-5.75,-5.882,0.0,diverse,endgame,val
6r1/7p/2r5/pk1nppB1/3R3P/P1PK2P1/5P2/8 w - - 0 31,-2.34,-1.14,-1.854,0.0,target,endgame,train
r5k1/1pp1p1bp/p3b1p1/P3r3/R1B5/NP5P/3P4/3K4 b - - 3 32,0.0,-7.12,-11.361,0.0,calm,endgame,train
r5k1/1pp2pp1/p4q1p/2P2b2/Qn1P4/4rN1P/PP1R2B1/2K5 b - - 2 22,-3.15,-8.9,-8.975,0.0,target,midgame,train
3q1rk1/r3bpp1/p1R2n2/3p3p/3P1B2/1Q1B1P2/PP4PP/4R1K1 b - - 2 19,0.0,2.21,4.191,0.0,diverse,opening,val
2r1r1k1/pp2bppp/3p1n2/2pP4/1Q6/2N2PNP/P1Pn1BP1/R3R1K1 b - - 0 19,0.0,-0.9,4.324,0.0,calm,midgame,val
3rk2r/np1qbpp1/p3p2p/P2pPn2/3P4/5NPP/1P1BNP2/R2QR1K1 b k - 2 21,0.0,-0.1,1.113,0.0,calm,opening,train
8/8/5Pk1/4p1B1/P5p1/7p/7K/8 b - - 0 50,1.9,2.04,0.056,0.0,target,adveg,train
5k2/1p3ppp/3p4/p2P4/R7/p5KP/4r1P1/8 b - - 1 33,-1.23,-7.33,-6.12,0.0,target,adveg,train
8/p5pp/1p1k1p2/3P4/1PR5/6PP/r5r1/5KB1 w - - 2 38,1.22,-5.88,-6.318,0.0,target,endgame,train
6k1/6pp/p3pp2/8/1Pb2P2/R3nN1P/4r1P1/6K1 b - - 1 38,-1.9,-6.56,-8.896,0.0,target,endgame,val
3rnk2/R3R3/1p4qp/2p2p2/1nP4P/1N3Q2/PP3PP1/6K1 w - - 3 33,2.34,5.16,8.135,2.34,diverse,midgame,train
3rk2r/1p1qbpp1/p1n1p2p/P2pPn2/Q2P4/5N1P/1P1BNPP1/R3R1K1 w k - 14 20,0.0,0.0,0.994,0.0,calm,opening,train
r3k2r/1pqbbp2/2Pp1np1/p3p1B1/1nP1P2p/1BN4P/PP1QNPP1/R3K2R b KQkq - 0 14,0.0,0.83,0.002,0.0,diverse,opening,train
6k1/8/1p2p1p1/p6p/5P2/1P2K1P1/P6P/8 w - - 0 33,0.0,1.71,0.22,0.0,diverse,adveg,train
5k2/4b1pp/5p2/p6P/r2N2P1/4P3/5K2/8 w - - 0 41,0.0,-7.29,-10.672,0.0,calm,adveg,val
4k3/7R/2rBK3/5p2/1p6/4n3/PP6/8 b - - 7 55,1.26,0.99,0.454,0.0,target,endgame,train
8/3k3p/5qP1/1r1pR3/3PpN2/7K/5PN1/8 b - - 0 48,-2.13,-3.42,-7.127,0.0,target,endgame,train
1k1r3r/2qb1p2/p6p/3R2p1/3QP3/1P4P1/P4PB1/3R2K1 w - - 3 27,1.62,5.5,5.517,1.62,diverse,midgame,train
r1b2rk1/5ppp/2qb4/1pp5/4P1n1/2PPB3/1PQ2PPP/RN2K2R w KQ - 0 14,0.0,-4.09,-4.926,0.0,calm,opening,train
1n1kr3/3bq2n/rp4pB/pNpPpp1p/P1P1P2P/2Q3RP/1P4B1/5RK1 b - - 3 26,2.34,4.62,4.147,2.34,working,opening,train
8/8/P4Pk1/8/6p1/7p/7K/4B3 b - - 0 54,1.77,5.03,5.143,0.0,target,adveg,train
8/3k1p2/2p3p1/1p1p3p/7P/2PQ4/q7/6K1 b - - 11 59,-1.74,-5.1,-9.126,0.0,target,endgame,train
2Qq4/k1p5/ppn3p1/8/3p1B1P/3P2P1/PPP2PB1/1K6 w - - 8 40,0.0,7.65,9.512,0.0,calm,endgame,train
3r2k1/1p3r1p/2p3p1/p1q2p2/P4P1P/2N1P3/1P2BP2/2K4R b - - 4 30,-1.38,-7.34,-14.276,-1.38,calm,endgame,train
3qk2r/rp2bpp1/p1n2n1p/3p4/3P4/1Q1BBN2/PP3PPP/R3R1K1 w k - 2 14,0.0,1.68,2.862,0.0,calm,opening,train
1r2k2r/3b1pp1/p3pb1p/q2p4/1n3Q2/2N2N2/PP1BBPPP/1R1R2K1 b k - 1 20,1.18,4.01,3.228,0.0,target,opening,train
1nb1k2r/1pq2pb1/r2ppnp1/p1pP2Np/P1P5/R1N3PP/1P2PPB1/2BQK2R b Kk - 3 11,0.0,1.32,0.163,0.0,calm,opening,val
5k2/8/1p2p3/pK5p/5P2/1P6/P6P/8 b - - 0 36,0.0,1.43,0.194,0.0,calm,adveg,train
6k1/5p2/1p2pPp1/7p/p1b4P/P5P1/3K4/r4BR1 w - - 4 36,-3.26,-3.6,-0.722,0.0,target,endgame,train
4rrk1/pp4pp/1q1R4/8/4N3/8/PP2bP1P/1Q2K2R b - - 1 23,-3.6,-4.53,-4.901,-3.6,working,midgame,val
4r1k1/p3qpbp/P3r1p1/2pp4/5P2/1R2P2P/n1NQ4/1K2R3 b - - 1 32,-1.44,-8.32,-8.221,-1.44,working,midgame,train
r3r1k1/1p3ppp/p3b3/q2pN3/2PQn3/1P4PP/P4P2/RN3K1R b - - 0 22,-1.69,-3.69,-1.625,0.0,target,opening,train
1nbk1r2/1p3qbn/r2p2p1/pNpPpp1p/P1P1PP1N/R5PP/1PQB2B1/4K2R b K - 2 18,1.34,2.31,0.117,0.0,target,opening,val
3rr1k1/5pp1/7p/1Q1p3P/P7/1BP5/K5b1/8 b - - 2 55,-1.26,-2.57,-0.077,0.0,target,endgame,val
8/5kpp/p2b4/1p1P1p2/8/P2RBKP1/2r1rP1P/1R6 b - - 1 28,-1.88,-0.57,1.122,0.0,target,endgame,train
4r1k1/1b4qp/1p1R2p1/p4p2/PrPN4/1P4pP/K2Q4/3B4 b - - 1 62,0.0,-3.92,-6.705,0.0,diverse,midgame,train
4r1k1/p3qpbp/r5p1/2p5/4pP2/1R5P/n1NQ4/1K2R3 w - - 0 34,-3.06,-8.24,-15.002,-3.06,calm,midgame,train
2r1kb1r/1p2pppp/2n2n2/pN1p4/3P1B2/2P2BP1/P4P1P/2R1K2R b Kk - 0 13,0.0,-0.01,0.328,0.0,calm,midgame,train
r1b1k2r/pp3ppp/5q2/nPpn4/8/P3P3/R2P1PPP/1N1QKBNR b Kkq - 1 11,0.0,-0.53,0.858,0.0,diverse,opening,train
1n1qk1nr/rp2bppp/p1p1b3/3p4/2PP4/1QNB1N2/PP3PPP/R1B1K2R w KQk - 4 9,0.0,1.17,1.018,0.0,calm,opening,train
2b5/p2Bp3/p1Pk4/8/7p/8/6K1/8 b - - 4 55,0.0,-3.42,-6.822,0.0,calm,adveg,train
7k/6Rp/1p2N1p1/3P4/8/4PK1P/6P1/1r6 w - - 5 40,0.0,8.93,10.643,0.0,diverse,endgame,train
3r2k1/5pp1/7p/Q2p3P/P1p5/2P4b/KPB5/4r3 b - - 1 52,0.0,-2.04,-0.987,0.0,diverse,endgame,train
3r2k1/1p3pp1/2p1n1p1/q3P3/p1P5/N2r1P2/3pQBPP/3R1R1K b - - 0 28,0.0,-1.16,0.154,0.0,calm,midgame,train
2rk3r/1p2bpp1/2n1pn1p/pN1p4/3P1B2/2P2BP1/P4P1P/1R2K2R w K - 0 17,1.02,-0.17,-0.051,0.0,target,midgame,train
8/3K4/8/5P1p/k1pP4/8/7P/1R6 w - - 1 52,2.54,9.93,12.5,0.0,target,adveg,val
8/kp6/p1p4p/2N2p2/3P1K2/P1P5/1P6/1b6 b - - 1 41,-1.16,-0.46,-1.82,0.0,target,adveg,train
1r4k1/5pp1/7p/3pr2P/P3b3/2PQ4/K7/3B4 w - - 7 58,-1.55,-2.77,-0.4,0.0,target,endgame,train
r4rk1/2R2p1p/p2Bp1p1/n7/Np1b4/8/1P3PPP/R5K1 b - - 2 26,0.0,-1.73,-3.256,0.0,calm,endgame,train
r3k2r/1p1q4/2n1p3/pB1p1p2/1b1P2Qp/2N1P2P/PP3P2/2R1K2R w Kkq - 0 17,1.0,0.75,0.337,0.0,target,opening,train
2kr2r1/1bpp1pPp/1pn1p3/p5B1/1q1P4/2N2B2/PP3PPP/2RQ1RK1 b - - 0 15,0.0,4.78,0.865,0.0,diverse,opening,train
r2qr1k1/1p3ppp/2p1nn2/p1bpp3/2P1P1B1/P2P3P/1P3PP1/RNBQ1RK1 w - - 0 14,0.0,-0.4,-1.191,0.0,calm,opening,train
r1bqk2r/pp2bppp/8/nPpnp3/8/P3P3/1B1P1PPP/RN1QKBNR w KQkq c6 0 9,0.0,-0.5,0.195,0.0,calm,opening,train
r4Bk1/2R5/8/3K1p2/2Pp2p1/pP1P2P1/P4P2/8 b - - 0 39,3.61,5.45,9.233,0.0,target,endgame,train
r3r1k1/1R2pb2/5ppQ/p1p5/3p4/P2P1PP1/4P2P/6K1 b - - 0 32,1.51,2.64,3.499,0.0,target,endgame,train
4k3/5p2/2p3Bp/3n4/P2Pp2B/Q3P2K/1P3R2/6q1 b - - 10 46,2.04,5.86,10.269,2.04,calm,midgame,train
r5k1/4pp2/1p4pb/2p1Pq1p/P2rRP1P/1Q1P2R1/1P3N2/7K w - - 7 39,0.0,-1.17,-0.325,0.0,calm,midgame,val
5rk1/1r1q1pp1/2np1n2/pR2p2p/2P1P3/P1PPBQ2/5PPP/1R4K1 b - - 2 23,0.0,-1.5,-0.804,0.0,calm,midgame,train
5rk1/ppp2ppp/3p4/4q3/8/3Q1PP1/PPP4P/R5K1 w - - 0 23,-1.23,-2.1,-1.27,0.0,target,endgame,val
4r1k1/1R2pb2/r4p2/2p2Q2/p2p4/P2P2P1/4PK1P/8 b - - 2 36,2.27,3.69,4.892,0.0,target,endgame,train
5rk1/1pq2ppp/4pn2/p7/2B5/2n1P2P/P1P1QPP1/4K2R w K - 2 22,0.0,-6.7,-5.292,0.0,calm,midgame,train
r1b1k1nr/pp1p1ppp/2q1p3/8/8/1N3P2/PPPQP1PP/R3KB1R b KQkq - 0 9,0.0,0.49,-0.14,0.0,diverse,opening,train
2kr3r/1ppnn1pp/p2Q1b2/4p3/2P1B3/2N1B2P/PP4P1/R4R1K b - - 0 21,2.16,0.84,10.704,2.16,calm,midgame,train
3rr1k1/p1p1nppp/1pb1pn2/3q4/P1NP3P/3BPN2/1PQR1PP1/4K2R b - - 0 18,0.0,0.0,-0.392,0.0,diverse,opening,val
r2qkb1r/pppNpp1p/4b1p1/3n4/8/6P1/PP1PPPBP/RNBQK2R b KQkq - 0 7,0.0,-0.27,2.016,0.0,calm,opening,train
r1bqkb1r/1p3pp1/p1npp2p/8/2N1P1nP/2P1B3/PP2NPP1/R2QKB1R b KQkq - 6 10,0.0,-0.89,0.328,0.0,calm,opening,val
8/8/P6p/3kppp1/8/1PK2P2/6PP/8 w - - 0 44,0.0,5.31,3.146,0.0,calm,adveg,train
r3r1k1/1R2pb2/5ppQ/p1p5/3p4/P2P2P1/4PP1P/6K1 w - - 0 30,1.69,3.03,3.412,0.0,target,endgame,train
2Q1bk2/p3n1p1/6q1/8/2B1p2p/2P5/P4KPP/4R3 w - - 2 32,-3.39,2.3,-2.497,-3.39,diverse,midgame,val
4qk1r/4b1p1/p4r1p/1p1QR3/8/PB6/1PP3PP/4R1K1 b - - 1 28,1.44,4.57,6.062,1.44,working,midgame,train
3r2k1/qp3ppp/4p3/2b1P3/b6P/3B1NP1/3BKP2/R6R w - - 5 31,-2.34,-4.5,-6.499,-2.34,working,midgame,train
r1b1kr2/pp1n2pp/4p3/3p4/5q2/1N6/PPPQ2PP/2KR1B1R w q - 4 18,0.0,-0.71,-1.148,0.0,calm,opening,train
4r1k1/4bppp/p1ppbn2/P7/1r2P1P1/2NqBP1P/4N3/R2R2K1 w - - 0 24,0.0,-2.15,-7.457,0.0,calm,midgame,train
rn1qrk2/pp3pp1/5n1p/2bpp3/8/1B1P1P1P/PPP3RP/RNB1Q2K b - - 1 16,0.0,-0.87,-0.871,0.0,calm,opening,train
1qbQ1b1r/3n1k2/2B2p1p/5r1n/N5p1/2B3P1/PP3P1P/R3R1K1 w - - 0 31,1.26,5.17,3.947,1.26,diverse,opening,train
3Q4/5pp1/1P2p1kp/2P5/3P4/4q2P/6PK/3r4 w - - 4 45,-5.89,-4.1,-4.634,0.0,target,endgame,train
8/pp2ppkp/6p1/2P1P3/2B1b1P1/P1R4P/3r4/6K1 b - - 1 35,-3.28,-3.21,-1.905,0.0,target,endgame,train
8/2k3r1/6p1/6R1/1RNK2P1/7p/6bP/8 w - - 1 47,3.14,6.85,8.571,0.0,target,endgame,val
8/5R2/4p2p/pp2B1k1/1b1P2p1/1br5/4K2P/6R1 b - - 1 44,2.92,-1.08,-2.547,0.0,target,endgame,train
3q1rk1/5ppp/3p4/3P4/N2Qb1P1/4B2P/P1r2P2/R5K1 b - - 2 21,-1.65,-3.08,-0.741,0.0,target,midgame,train
r1b1k2r/pp1p1ppp/2q1pn2/8/8/1N3P2/PPPQP1PP/R3KB1R w KQkq - 1 10,0.0,0.58,-0.72,0.0,diverse,opening,train
rn1qr1k1/pp3pp1/2p2n1p/2bpp3/4P3/1B1P1PRP/PPP4P/RNB1Q2K b - - 4 14,0.0,-0.33,-1.023,0.0,diverse,opening,train
2kr3r/pb1pqp1p/np2p1pb/2pP4/2P1NN2/8/PP2BPPP/R1BQ1RK1 b - - 0 13,1.19,3.73,4.231,0.0,target,opening,train
r2qkbr1/pp1n1p1p/1nb1p3/4N3/3BP1p1/2PB2P1/PPN2P1P/R2QR1K1 b q - 1 15,0.0,1.93,2.514,0.0,diverse,opening,train
8/8/1KP2p2/5k2/8/4rP2/8/8 b - - 0 54,0.0,-3.03,-7.651,0.0,diverse,adveg,train
2r5/1RP3p1/4p3/3p1k2/5P1p/B2nPK1P/2p5/1n6 w - - 10 42,0.0,-7.01,-9.311,0.0,diverse,endgame,train
1r3rk1/p3b1pp/B3p3/2Pp4/1P2nPn1/2p1P1P1/P6P/R1B2RK1 w - - 3 21,0.0,-4.02,-3.463,0.0,diverse,midgame,train
bnq3kr/2n3p1/2P2p1p/1P1pp3/3N4/1NQB1P2/5KPP/R7 w - - 0 30,-1.26,5.4,-2.108,-1.26,calm,midgame,val
3r1k1r/2q1bbp1/1pn2p2/p1p1p2p/P3P2P/R1QPBNPB/1P3P2/2R3K1 w - - 4 24,0.0,-0.83,-0.045,0.0,diverse,opening,val
rn1q1rk1/pp1b1ppp/2pb1n2/3pp1N1/4P3/1B1P1P2/PPP3PP/RNB1QRK1 w - - 1 10,-2.62,-0.83,-0.615,0.0,target,opening,train
8/1pp2ppp/p7/3k3P/1P3PP1/P3K3/8/8 b - - 0 34,0.0,-1.76,-0.829,0.0,calm,adveg,train
8/2b5/2p1k3/p1p2p1p/2Pp1PpP/PP1P2P1/4K3/4N3 b - - 18 51,0.0,0.0,0.669,0.0,calm,adveg,val
8/8/1p3k1p/pP3p2/P3rn1P/1K2b3/8/5R2 w - - 4 47,0.0,-9.19,-14.508,0.0,calm,endgame,val
6k1/4pp1p/3p2p1/2pP2P1/3nB3/1p1P2P1/r1R5/1R2K3 b - - 0 41,0.0,-0.52,-4.031,0.0,diverse,endgame,train
5kr1/3P1p1p/pp6/b1p5/8/3PRQ2/1PP3Pq/R4K2 b - - 0 31,1.8,9.29,5.483,1.8,diverse,midgame,train
1r4k1/2p2p1p/p3b3/3pN1PP/3P1P2/q3BB2/P6r/2Q2K2 b - - 4 31,-0.54,-4.94,-6.655,-0.54,diverse,midgame,train
bnq2k1r/2n3p1/2P1pp1p/1P1p4/3N4/1NQ2P2/4BKPP/7R w - - 1 28,1.32,6.02,-1.181,0.0,target,midgame,val
r1kr4/1pp2pp1/p1bbq3/2PN4/1P2B1Pp/P7/1B3P1P/R2QR1K1 b - - 0 23,1.82,5.36,5.336,0.0,target,opening,train
rnbqk2r/pp3ppp/2pb1n2/3Pp1N1/8/1B1P4/PPP2PPP/RNBQK2R b KQkq - 0 7,-1.67,-0.95,0.511,0.0,target,opening,val
r4rk1/1bb1qppp/p3p3/n3P3/PpBPnR2/1P1QP2P/N1P3P1/R1B4K b - - 2 19,-1.38,-4.7,-3.313,0.0,target,opening,train
rn1qnrk1/pbppb1pp/1p2p3/4Pp2/2PP4/3BBN2/PPQ2PPP/RN2K2R b KQ - 3 9,0.0,-0.18,0.48,0.0,calm,opening,train
8/7p/6p1/3kp3/PK4pP/8/8/8 b - - 0 60,0.0,-5.15,-6.54,0.0,diverse,adveg,val
3R3R/1p2bkp1/p1p2p1p/3p4/q2P2P1/2B2N1P/1P3P2/1b4K1 w - - 2 32,1.02,-2.38,2.274,1.02,diverse,endgame,val
r3kb1r/1pp2pp1/4p3/p2pP2P/5P1q/2N1P3/PPP4P/R2Q1RK1 b kq - 0 14,-1.26,-2.83,-0.872,-1.26,working,midgame,train
3r3k/p4pp1/5n1p/PPp5/2Pq1Pb1/R2Br1P1/5Q1P/5RK1 w - - 0 27,-1.46,-5.51,-4.292,0.0,target,midgame,train
r4r1k/pp2q2n/2nbp3/3p1p1Q/3P4/2NBP1P1/PP3P1P/2R1K2R w K - 0 19,1.98,-1.44,1.176,1.98,diverse,opening,train
2k4r/ppq1ppb1/3rb2p/2p5/1nN2B1P/1N1P2P1/PP2QPB1/R4RK1 w - - 6 19,1.85,6.77,6.852,0.0,target,opening,train
r2qnrk1/pbp1bppp/1pnpp3/4P3/2PP4/3B1N2/PP3PPP/RNBQR1K1 w - - 0 10,0.0,0.73,1.078,0.0,diverse,opening,train
8/7k/4R2p/6pK/8/6P1/6P1/8 b - - 7 54,1.09,6.41,10.947,0.0,target,adveg,train
8/4R1p1/4p1k1/pp2P2p/5P2/5K2/1r6/8 w - - 0 47,0.0,-4.74,-5.915,0.0,diverse,adveg,train
6k1/p4pp1/2B5/7p/P4n1P/6n1/7K/8 b - - 0 41,-1.66,-6.06,-10.255,0.0,target,adveg,train
6k1/4b2p/pp6/3pP1p1/3Pn1r1/PP4P1/8/2R3K1 w - - 0 33,0.0,-7.37,-12.252,0.0,calm,endgame,train
r3kn2/4n1Q1/2p3p1/p3N3/2pP1p2/2P4P/PP3PP1/6K1 b q - 1 25,5.95,7.31,9.785,0.0,target,endgame,train
7k/6p1/p1B1b1np/2R2pq1/P3p3/B3P3/5PPP/2R3K1 w - - 12 41,0.0,1.98,-0.095,0.0,diverse,endgame,train
r4r1k/p4pp1/2p2n1p/P3q3/1PP5/3BP1Pb/5P1P/1R1QK2R w K - 0 19,-1.71,-4.22,-2.506,0.0,target,midgame,train
6k1/1pR2pp1/4qn1p/1N1p4/1b1P4/1P1BBn2/r4P1P/5Q1K w - - 2 24,-1.62,-2.95,-2.656,-1.62,working,midgame,val
2r2k2/1b2Rppr/q4n2/1N6/P1p1P2p/3P1N1P/PB3QP1/5RK1 b - - 0 34,1.24,5.46,1.511,0.0,target,opening,train
1k5r/1p4R1/2p5/2Pp4/5P2/2PKP3/PP6/8 w - - 1 46,0.0,5.03,6.101,0.0,calm,adveg,train
5k2/r1pp2p1/ppB1p2r/4P1pp/2PP4/P5P1/4PP1P/R4RK1 b - - 0 21,0.0,1.52,2.994,0.0,diverse,endgame,train
2kr4/ppq5/4p2Q/2npP3/2pB2Pp/8/PP2B3/5RK1 w - - 1 28,-1.27,3.36,1.879,0.0,target,midgame,train
6r1/R2n2rk/3p1p1p/2pPp3/4P2P/2PP1BPb/1R1B1K2/8 w - - 1 41,0.0,2.85,0.388,0.0,diverse,endgame,train
r3k2r/pp2qpp1/3pbn1p/2p1p3/2PNP3/3PB1PP/PP3PB1/R2Q1RK1 b kq - 0 13,0.0,0.46,2.85,0.0,diverse,opening,train
3rr1k1/p1qn1pp1/1p3n2/P1p2b1p/2P5/3pPNPP/1R1N1PB1/QR4K1 w - - 1 22,0.0,-0.76,-2.085,0.0,calm,opening,train
rn2k1nr/pp3pb1/2p1p1p1/3p2qp/P2P1N2/4P3/1PPN1PBP/R1BQ1RK1 b kq - 3 14,0.0,3.95,3.9,0.0,calm,opening,val
8/2p2pK1/2p5/p4p1P/3k4/8/PP3P2/8 w - - 0 35,0.0,2.58,1.366,0.0,diverse,adveg,train
2r2krR/1R6/8/2P4p/4p3/6P1/5PK1/8 w - - 4 52,1.5,2.87,1.229,0.0,target,endgame,train
6k1/6pp/p7/R3Rp2/4BP2/4P1K1/1p1r2P1/3q4 w - - 0 36,-4.52,-7.25,-4.914,0.0,target,endgame,train
3r4/RR1n2rk/3p1p2/2pPp2p/4P1PP/2PP1B1b/3B1K2/8 w - - 0 43,0.0,3.67,1.412,0.0,diverse,endgame,train
r3k2r/4np1p/5b2/1p1p2Nn/1Q6/7P/PP3PP1/R4RK1 b kq - 0 24,2.52,4.17,6.035,2.52,working,midgame,train
4k2r/1p1q1p2/4bp2/p2p3p/1b5N/2r3PP/PQ2PPB1/R2R2K1 b k - 5 20,0.0,-0.15,-2.048,0.0,calm,opening,train
r1b1kn1r/1p3p2/pn4p1/3pP2p/1P1N4/3B4/P2N1PPP/R1B2RK1 w kq - 1 16,0.0,4.94,5.945,0.0,diverse,midgame,train
r2qr1k1/1p2bppp/p3b3/3pp3/2P1n3/1P2QNPP/PB3P2/RN2K2R w KQ - 2 19,-2.52,-5.05,-6.132,-2.52,working,opening,train
1n5r/qpk2p2/1Np2b1p/P6K/1p1rn1p1/1Q2NbP1/1B3p1P/R1R2B2 b - - 3 31,-0.72,-2.97,-10.362,-0.72,diverse,opening,train
2r3k1/1R5R/2P5/6r1/4p3/6P1/5PK1/8 w - - 1 56,1.78,4.25,4.694,0.0,target,endgame,val
r1bk1b1r/1p3ppp/2n5/p1pNP3/4nB2/2P2NP1/PP2PP1P/R3KB1R b KQ - 0 12,0.0,3.0,3.423,0.0,diverse,midgame,val
8/5pp1/4k2p/pp2P2P/3K1P2/8/8/8 b - - 5 50,0.0,-4.16,-5.542,0.0,calm,adveg,train
8/8/6p1/1p3p2/2k2N1P/p5P1/4KP2/8 w - - 2 47,0.0,-1.04,2.75,0.0,diverse,adveg,train
2k5/8/8/BPP1p1Pn/4P2P/3K4/8/8 b - - 2 55,1.31,8.76,13.987,0.0,target,adveg,train
8/2k5/6pp/2N5/P1nPP3/2B2PK1/1P6/8 b - - 0 46,0.0,7.09,14.768,0.0,calm,adveg,train
8/5k2/5p2/3n1K2/8/8/8/8 w - - 4 58,-2.62,-3.77,-10.209,0.0,target,adveg,val
1R6/4p3/p5pp/4k3/7P/1P2n3/r7/6K1 b - - 5 40,-3.32,-8.16,-10.684,0.0,target,endgame,train
3r4/6kp/6p1/4qp2/Pp2b3/2p1P3/4R1PP/Q6K b - - 1 31,-1.1,-9.39,-8.385,0.0,target,midgame,train
3r2k1/5p2/3P1b2/3P4/2P5/p4PPK/4pqB1/2R1R3 b - - 0 47,-1.65,-7.07,-7.056,-1.65,diverse,endgame,val
2k2br1/1pp3pp/6q1/pPnQ4/3B3P/P3P3/5P2/3RK3 b - - 4 29,1.26,-4.14,-1.8,1.26,diverse,midgame,train
5k1r/3b2b1/p3qp1p/4p2Q/1N1pP1pP/3P2B1/PPR2PP1/6K1 w - - 0 24,1.36,2.28,1.789,0.0,target,midgame,val
1r1qk2r/p1pn1p1p/2Q2np1/2Ppp3/7N/3BP3/PP1B1PPP/1R3RK1 b k - 1 14,0.0,3.97,6.231,0.0,diverse,opening,val
3rr1k1/1p1qnppp/p2p1n2/P1pP1b2/2N5/N5P1/1P3PBP/3QRRK1 w - - 1 23,0.0,-0.72,-2.237,0.0,calm,opening,train
r1b2rk1/1pq1ppb1/1np4p/3p2p1/p2P2nP/P1PQBNP1/1P1NPPB1/R1R3K1 b - - 0 17,0.0,-0.77,1.978,0.0,calm,opening,train
8/8/1p6/4k3/2Pp4/5K2/1PP5/8 w - - 0 44,0.0,1.13,0.811,0.0,diverse,adveg,train
8/R3p3/p5pp/3nk3/7P/1P6/r7/6K1 w - - 2 39,-1.67,-6.68,-10.822,0.0,target,endgame,train
2k5/1R3pr1/4R3/p1Np4/2p4p/P7/1P3PPP/5K2 b - - 0 32,0.0,9.8,11.139,0.0,calm,endgame,train
3r4/6kp/pp4p1/2p1qp2/2P1b3/P3P3/4R1PP/2Q3K1 b - - 0 26,-1.17,-5.59,-7.266,-1.17,working,midgame,train
1r2k3/1bQn1pp1/pp2p2r/3P3p/3PP3/6P1/P2K1P1P/2R1R3 w - - 2 23,1.95,5.59,7.687,1.95,diverse,midgame,train
3q1rk1/1b2npp1/pN2p2p/2R1P3/Pp1p4/1Q1P4/1P2BPPP/6K1 w - - 1 24,0.0,1.14,0.983,0.0,calm,midgame,train
r2qr1k1/4bppp/1p6/p1Pp4/5N2/P1Q1PbP1/1P1B1P1P/R4KR1 w - - 0 20,0.0,-1.3,-0.467,0.0,diverse,opening,train
8/8/1p6/8/2Pp4/5k2/1PPK4/8 w - - 4 46,0.0,2.24,0.905,0.0,diverse,adveg,val
8/1p1r2pp/p3k3/1pB1P3/5P2/1P4PP/P3K3/8 b - - 0 33,0.0,-2.5,1.073,0.0,calm,adveg,train
8/3n1pk1/3R4/5pB1/1n1P4/5BP1/5PKP/1r6 b - - 6 37,1.16,4.43,7.269,0.0,target,endgame,train
1r2k2r/1bQn1pp1/pp2p3/3P3p/3PP3/6P1/P2K1P1P/2R1R3 b - - 1 22,1.95,5.89,6.731,1.95,diverse,midgame,train
1k1r4/2p2pp1/pp2qn2/n2p4/5Q1P/3PB1P1/PPP2PB1/1K1R4 b - - 4 26,0.0,2.63,1.044,0.0,diverse,midgame,train
1r2k3/4p1bN/2n3p1/1p3r2/1n1PQ3/BP5P/5PP1/5RK1 b - - 0 27,1.98,5.51,6.148,1.98,working,midgame,train
1qr1r1k1/5ppp/2P2b2/p1Q5/3p1N2/P3PbP1/1P1B1P1P/2R2KR1 w - - 2 25,-1.07,-0.94,-0.723,0.0,target,opening,train
5b1k/2R5/6p1/4P2p/5P2/6PP/q2QK3/8 b - - 15 51,-1.31,4.64,8.049,0.0,target,endgame,train
5rk1/p2b1p1p/3p2p1/3Pp3/1q2P1PP/1Pn2P2/2B4R/Q3K3 b - - 1 30,-1.3,-5.63,-4.943,0.0,target,midgame,train
2r1k3/q2n1p1r/2p1p1pp/8/2P5/2BQ2P1/PP2PP1P/R2R2K1 b - - 1 22,1.18,4.26,3.514,0.0,target,midgame,train
r2qr1k1/1p2bppp/8/p1Pp4/4bN2/P1Q1P1P1/1P3P1P/R1B1K1R1 w Q - 2 18,0.0,-2.29,-1.078,0.0,diverse,opening,train
1rb1k1nr/1pq2p2/pN1ppbp1/3P3p/2P4P/P3B1PB/5P2/1R1Q1K1R w k - 4 18,1.21,2.39,0.122,0.0,target,opening,val
r1b1kbnr/1p3p1p/p1N2q2/2Pp2p1/5B2/6P1/PPP1PP1P/RN1QKB1R b KQkq - 0 9,0.0,0.78,3.872,0.0,diverse,opening,train
8/6rp/1ppk4/p1p5/P1P1R3/1P1r4/5K2/8 w - - 4 45,0.0,-7.63,-12.512,0.0,calm,endgame,train
3r4/kp4Rp/p1p2pb1/8/3P4/2P2N2/PP3K2/4r3 w - - 0 30,-1.58,-0.97,-7.526,0.0,target,endgame,val
2r4k/p2n1p1p/1p2pp2/8/3PQ3/4P1P1/PP2KP2/R1B3q1 w - - 13 27,-1.47,-0.47,-3.509,-1.47,working,midgame,train
8/8/4k3/p5K1/P3p3/4P3/5P2/8 b - - 9 55,0.0,1.41,1.231,0.0,diverse,adveg,train
8/8/pN1n4/6p1/3k2p1/1P6/P4PPP/4K3 w - - 0 37,0.0,2.5,5.352,0.0,calm,adveg,val
8/1kp5/3p4/p1pP2P1/qrP1Q3/6K1/5P2/8 b - - 2 51,-4.66,-6.68,-6.422,0.0,target,endgame,train
5b1k/2R2Q2/6p1/4P3/5PP1/5K2/8/1q6 b - - 0 57,14.34,10.32,8.13,0.0,target,endgame,train
5b1r/1p1k2p1/3P2R1/3n3p/5B2/p3P3/P4PPP/4K2R w K - 3 29,1.81,4.65,7.631,0.0,target,endgame,train
r5k1/4b1pp/3p4/2qPp3/2N5/1P2P3/r1P3PP/1K1R3R b - - 1 25,-2.28,-11.31,-13.028,-2.28,calm,midgame,train
5k2/p2q3p/1n1p2p1/2r1bp2/2PN4/P2Q1N2/1P3PPP/4R1K1 w - - 1 28,0.0,2.8,1.544,0.0,diverse,midgame,val
1nq2k1r/1b4p1/2P1pp1p/1P1p4/1b1Nn3/1N6/1BQ1BPPP/5K1R b - - 2 23,0.0,3.25,-0.407,0.0,calm,opening,train
8/2p5/8/p1k5/P7/8/8/4K3 w - - 1 73,0.0,-1.5,-1.528,0.0,calm,adveg,train
6k1/2R4R/2pp1pP1/3b4/p2P2P1/P6P/1rP5/6K1 b - - 0 36,3.92,6.39,6.497,0.0,target,endgame,train
r7/1p2rkpQ/p3N3/2P5/5Pp1/4P3/qB4PP/5RK1 b - - 0 24,8.64,1.33,15.969,8.64,diverse,midgame,train
Nqb2rk1/pp3p1p/2n3p1/2Qp4/4p2P/2P3P1/PP2PPB1/R3K2R w KQ - 4 17,0.0,3.88,4.786,0.0,calm,midgame,train
r1b1k2r/pp2Npp1/2n3q1/4p3/2PpN2p/P2P1Q1B/1P3PPP/R4RK1 b kq - 0 18,1.62,0.42,3.999,1.62,working,opening,train
r1b2rk1/pp4pp/2p2n2/q3np2/1bP5/1P2PNPP/P1Q1NPB1/R4K1R b - - 4 19,0.0,-3.76,-4.086,0.0,calm,opening,val
5k2/5p2/1p6/p7/5K2/1P6/8/8 b - - 3 59,0.0,-2.38,-5.031,0.0,calm,adveg,train
8/5p2/pp1b1P2/5kPK/PP6/8/8/8 b - - 0 60,0.0,-4.49,-6.507,0.0,calm,adveg,train
8/8/p7/1n2N1p1/2K3p1/1P6/k4PPP/8 w - - 2 46,0.0,2.55,5.344,0.0,diverse,adveg,train
3R4/8/8/4p3/3bP3/3k1K2/r7/8 w - - 20 68,-1.03,-3.41,-8.22,0.0,target,endgame,val
2R1qk2/6R1/p4B1p/3n1p2/P7/4P2P/5PP1/6K1 w - - 5 52,9.82,6.93,6.484,0.0,target,endgame,train
3Q4/5ppk/7p/8/3P4/1q2n3/1r4P1/4N1NK w - - 6 43,-1.05,-4.77,-3.896,0.0,target,midgame,train
r4rk1/1ppbq1pp/5p2/p1b1p3/2P1P3/PP1P1N1P/1Q2B1P1/R3K2R b KQ - 2 22,0.0,-3.03,-1.472,0.0,diverse,opening,train
1r1q1rk1/1p1b1pb1/p1np2pp/2p4n/2P2p1P/P1NPP1P1/1PQN1PB1/R2K3R w - - 0 16,-1.66,-4.87,-3.27,0.0,target,opening,train
r3k3/1ppbq1r1/3p1n1b/p1n5/2PN3P/2N1P1Q1/PP3P2/R1B1KB1R w KQq - 3 16,0.0,-2.22,2.894,0.0,diverse,opening,val
5b2/5p2/pp1k1P2/3P2P1/P7/1P6/6K1/8 w - - 1 56,0.0,-2.91,-0.372,0.0,calm,adveg,train
4k3/1p5r/p7/P1PPp3/1R2p2P/4K3/7P/8 b - - 0 36,0.0,4.64,2.726,0.0,calm,adveg,val
8/1Q2nk2/3p4/p2p2P1/P4p2/1P6/4RPPK/1q6 b - - 6 39,8.08,0.0,4.808,0.0,target,endgame,train
1rq4r/6k1/8/p4p2/P1bRB2P/2P2PP1/8/4K2R w K - 0 29,0.0,-7.46,-8.587,0.0,calm,midgame,train
r1r3k1/4n2p/1p4p1/5p2/P2qp3/7P/2B1QPP1/1R3K1R w - - 0 26,0.0,-0.88,-1.951,0.0,diverse,midgame,train
8/p4p2/1p2pk2/P1p4R/5P1p/1PPK4/3P3r/8 b - - 1 33,0.0,-1.78,-4.26,0.0,diverse,adveg,train
1R6/2pk2pp/1b6/4p3/NPP5/P7/2r5/7K b - - 4 37,-3.18,-4.0,-3.519,0.0,target,endgame,train
3r2k1/pp3ppp/2pP4/8/P6P/5Pq1/1P4P1/n2Q1K1R w - - 2 34,-1.14,-3.78,-2.983,0.0,target,midgame,train
2rr2k1/ppp2p1p/8/2b5/P4N2/1n1P2PP/1P3PQq/1RBK4 b - - 2 24,-1.26,-6.08,3.419,-1.26,working,midgame,val
r3k2r/1p1q1pp1/p1n2n2/2bp1b1p/8/5NPP/PPN1PPB1/R1BQ1RK1 w kq - 0 13,0.0,-0.04,-2.084,0.0,diverse,opening,train
3k4/5p2/R5p1/8/1P6/3K1Pb1/P5P1/8 w - - 1 44,0.0,6.14,7.192,0.0,diverse,adveg,train
8/8/1p2p3/4Pkp1/4Nn1p/2B5/PP5K/8 w - - 1 37,0.0,1.72,0.348,0.0,diverse,adveg,val
1R6/2pk2pp/8/4p3/NPPb4/P7/2r5/7K w - - 5 38,-3.25,-4.07,-3.767,0.0,target,endgame,train
kq1r4/1R6/pQ2P3/3p4/2pB2P1/5K2/PP6/8 b - - 0 41,0.87,9.69,2.185,0.87,diverse,midgame,train
2k1r3/1p3p2/1Bn3p1/4P2p/P1P1BP2/1P4Pb/3R1K1P/8 w - - 1 40,0.0,5.15,6.379,0.0,diverse,endgame,train
2r2rk1/ppp1bp1p/8/8/P2n1N2/6PP/1P1P1P1q/R1B1KQ2 w Q - 0 21,-2.52,-4.69,-8.243,-2.52,diverse,midgame,train
3kn2r/pr1npQ2/1p3b2/2p1p2p/1BP1N3/6PB/PP5P/3R3K w - - 2 25,2.7,9.59,9.59,2.7,diverse,midgame,val
r4knr/3bq1p1/1RpNp1Q1/4Pp1p/3P4/p1NB4/P4PPP/5RK1 w - - 0 26,1.83,6.82,6.354,0.0,target,opening,train
r2qkb1r/2p1np1p/p1n3p1/1p1p2N1/8/1BP2Q2/PP3PPP/RNB2RK1 b kq - 2 14,2.34,5.89,7.186,2.34,working,opening,val
3r3k/4R3/8/R6p/8/3p4/3K4/8 b - - 0 51,1.27,4.59,5.016,0.0,target,endgame,val
2r2k2/4b3/PB3p2/3Kp3/7p/2P5/8/R6R b - - 4 39,0.0,6.91,9.535,0.0,diverse,endgame,train
2k1r3/1p3p2/1Bn3p1/3BPb1p/2P2P2/PP4P1/3R1K1P/8 b - - 6 37,0.0,5.13,6.568,0.0,calm,endgame,train
4r1k1/5qr1/2pR3p/2p2p2/2P1pPp1/PPQ1P3/1B5P/3R2K1 w - - 4 40,1.8,7.62,10.266,1.8,diverse,midgame,train
r2q1rk1/pp2bpp1/3p3p/2pPp3/8/PP1PnNP1/3QPP2/2R1K2B w - - 0 20,0.0,-3.97,-5.221,0.0,calm,midgame,val
1rb1k2r/1p2b1pp/p4q2/3Q1p2/2B1p3/P1N5/1PP2PPP/3R1RK1 w k - 4 17,2.67,2.96,1.933,0.0,target,opening,train
rnbqk2r/1p2bppp/5n2/p1pp4/3P4/3BPNP1/PP1N1P1P/R1BQK2R w KQkq - 0 9,1.4,-0.33,0.678,0.0,target,opening,train
8/8/5k2/5P2/6K1/8/8/8 b - - 0 71,0.0,0.0,4.418,0.0,calm,adveg,train
8/r7/8/8/2k5/8/7K/3R4 b - - 0 76,1.1,0.0,0.025,0.0,target,adveg,train
2r3k1/5ppp/5n2/ppPbN3/3P4/4RPP1/r7/2R3K1 w - - 0 36,0.0,-5.35,-5.799,0.0,diverse,endgame,train
1r3k1r/3Qnpp1/1p1Np3/p2nP1Bp/8/8/PP2BPPP/R5K1 w - - 2 22,1.26,9.97,13.027,1.26,calm,midgame,train
8/8/5R2/8/8/1k6/3K4/1r6 w - - 23 88,-1.04,0.0,-0.1,0.0,target,adveg,train
5k2/1R4p1/5p1p/r1p1p3/n1K5/3NP2P/5PP1/8 b - - 0 38,0.0,0.01,-2.019,0.0,crowded_safe,endgame,train
r5k1/1R6/3N1n2/p7/3N4/6K1/PP6/8 w - - 0 39,0.0,5.1,8.517,0.0,diverse,endgame,train
2r3k1/p1q2p2/6pp/3pp3/8/P1PnPP1P/3NK1P1/1R5R b - - 2 24,0.0,-7.65,-8.167,0.0,calm,endgame,val
2r3k1/pp3ppp/5n2/4Nb2/3P4/2P2RP1/P3rP2/2R3K1 b - - 7 31,0.0,-5.21,-5.708,0.0,diverse,endgame,val
2k5/1p2q2r/rn2p3/p1p1N1pp/P1P1P3/1P1Q4/R4PPP/3R2K1 w - - 3 35,1.8,4.12,4.823,1.8,working,midgame,train
r1b1k2r/1p2b3/pq6/3p4/PP3P2/2PBRQP1/8/1N4K1 b kq - 4 26,1.26,-4.57,-1.15,1.26,diverse,midgame,train
r1bqr1k1/pp3pp1/7p/2Rp4/1n3Q2/1P1P1NP1/P2NPnBP/2K4R b - - 1 15,-2.4,-3.96,0.25,0.0,target,opening,val
1r6/8/5kN1/2R4P/5PK1/8/8/8 w - - 7 63,6.48,6.27,12.791,0.0,target,endgame,train
5k2/pr3p2/2K5/R1p2N1p/P1b5/2P1P3/6PP/8 b - - 4 31,-5.7,2.07,0.536,0.0,target,endgame,train
r3r1k1/pp3ppp/8/2N5/3P4/P4b2/6PP/5R1K w - - 0 28,0.0,-5.22,-7.602,0.0,calm,endgame,train
1n1r3k/1P5p/r1p1BppB/4N3/p3P3/P2P2P1/6KP/5R2 b - - 0 30,4.24,9.23,5.226,0.0,target,endgame,train
2brr1k1/5pp1/7p/Q2p3P/P1p5/2P1q3/1PB5/1K3R1R w - - 2 49,0.0,-0.76,-1.246,0.0,calm,midgame,train
r1b1k2r/1p6/p6q/3p2b1/PP3P2/2PB1QP1/R7/1N4K1 b kq - 0 24,0.18,-3.08,-2.59,0.18,diverse,midgame,train
r1bqr1k1/pp3pp1/5n1p/2pp4/1n3Q2/1P1P1NP1/P2NPPBP/2RK3R b - - 8 13,-1.26,-2.9,-1.696,-1.26,working,opening,train
rn1q1rk1/p1p1b1pp/4bp2/8/2P1Q1PP/P3P3/1B3P1N/nN2KB1R b K - 1 16,1.62,-2.33,3.362,1.62,working,opening,train
r1bqr1k1/pp3pbp/n2p2p1/2p3Pn/2Pp4/1NN1PP2/PP5P/R1BQKBR1 w Q - 0 13,-1.04,-3.95,-1.251,0.0,target,opening,train
8/8/4k3/6Kp/7P/8/8/8 b - - 3 61,0.0,0.1,0.35,0.0,diverse,adveg,train
8/ppk5/2p5/2P4p/8/1P3BP1/7P/6K1 w - - 3 47,0.0,5.29,7.319,0.0,calm,adveg,train
8/r4p2/8/5R2/5p1N/4kP1P/6K1/8 w - - 1 43,3.07,3.74,7.709,0.0,target,endgame,train
4rk2/p4ppp/1p6/r7/3P4/P1N2P2/7P/3R3K w - - 8 33,0.0,-4.84,-4.451,0.0,diverse,endgame,train
B7/6kp/3p2p1/8/4pp1P/P5R1/2r1r3/R5K1 b - - 0 41,-2.28,-3.12,-5.05,0.0,target,endgame,val
3r3r/pp1k1pp1/2n1p3/3pP3/Pp1P1P1p/4P2P/1R1NK1P1/7R b - - 0 22,0.0,-2.28,-1.389,0.0,calm,endgame,train
3q1k2/6rp/Q2p1ppB/2p4n/4P1P1/1N1P4/1PP4P/5RK1 b - - 0 27,1.12,7.09,8.287,0.0,target,midgame,val
3nk2r/pp1b2p1/2q1p2p/2N2p2/3Q4/2P5/PP3PPP/3R1RK1 b k - 3 19,1.26,5.74,5.143,1.26,working,midgame,train
1r2kb2/p4pp1/1qp1p2r/3p2Np/3P2n1/2N3P1/PPP1QP1P/R1B1R1K1 w - - 5 18,1.42,5.2,4.696,0.0,target,opening,train
r1bqr1k1/pp3pp1/5n1p/2pp4/1n3Q2/1P1P1NP1/P2NPPBP/2R1K2R w K - 7 13,-1.2,-1.8,-0.161,0.0,target,opening,train
rnbqk1nr/2p3pp/pp1Bpp2/3p4/3P4/P4NP1/1PP1PP1P/RN1QKB1R b KQkq - 0 7,0.0,0.36,4.319,0.0,calm,opening,train
r2qr1k1/pp3p1p/3p2p1/2p1bbPn/1nP1N3/1N1B1P2/P2BQ2P/1R2K1R1 w - - 6 19,-1.32,-5.01,-4.038,0.0,target,opening,train
8/5p2/8/3K3p/6kP/6P1/8/8 b - - 4 48,0.0,-1.14,0.211,0.0,diverse,adveg,train
8/p1k5/1pp5/2P4B/8/1P4P1/7P/6K1 w - - 0 48,0.0,6.07,8.742,0.0,calm,adveg,train
3k4/8/3pbP2/pB5p/2P2K2/6P1/7P/8 b - - 3 56,0.0,2.32,2.679,0.0,calm,adveg,train
3k4/3r4/P5p1/3B1p1p/2PP4/8/5PPP/R4K2 b - - 0 39,0.0,7.81,12.628,0.0,calm,endgame,train
8/1R4pp/4kp2/4p3/6P1/5P2/2r3r1/4R2K b - - 13 55,0.0,-2.35,-3.301,0.0,calm,endgame,train
7r/p7/1p2ppp1/3p1n2/k4P2/r6P/R2R2K1/N7 w - - 4 50,0.0,-5.42,-8.221,0.0,calm,endgame,val
3r2k1/7p/p1p1bp2/1p6/1P1qP1P1/2N1P2P/2P5/R1B2K1R b - - 0 25,-1.98,-3.39,-3.985,0.0,target,midgame,train
2bqk2r/p3b1pp/2p1p3/2p2p2/Pr6/3P2P1/1PPBNP1P/R2Q1RK1 b k - 3 13,0.0,0.27,-0.687,0.0,calm,opening,train
8/4ppk1/6p1/1pr4p/1R2b3/P3P3/4K1PP/8 w - - 0 33,-2.25,-1.44,-4.981,0.0,target,endgame,train
8/p3kp2/1p6/2p5/2PnN3/PP1Pp3/1Q2P1K1/4q3 w - - 1 39,-2.76,-2.39,-1.072,0.0,target,endgame,train
8/1pp3k1/p1nbR1p1/5P2/2qPQ3/2P5/5PK1/8 w - - 2 38,3.79,0.93,-2.17,0.12,target,endgame,train
1rbq1rk1/p3b2p/2p1p3/2p2pp1/P4N2/2BP2P1/1PP1QP1P/R4RK1 b - - 1 16,1.55,1.35,-0.661,0.0,target,opening,val
r2r2k1/2n1ppbn/3p2p1/q1pP4/2P3P1/2P1PP1R/3Q4/3RBKN1 b - - 2 28,0.0,-3.97,-3.225,0.0,calm,opening,train
r3k2r/pp1bppbp/2Np1np1/q7/2P1P3/2N4P/PP2BPP1/1RBQ1RK1 b kq - 0 11,0.0,0.83,2.072,0.0,diverse,opening,train
3k4/p7/2p5/2p4B/7P/1P4P1/5K2/8 w - - 2 50,0.0,5.97,8.127,0.0,calm,adveg,val
4kb2/8/5P2/8/1p1K3P/8/1R6/8 b - - 0 54,1.14,4.52,6.387,0.0,target,adveg,train
8/p3k3/1p6/2P5/2Pn2q1/P1NPpp2/1Q2P3/7K w - - 0 45,-8.3,-0.15,-0.391,0.0,target,endgame,train
6k1/5p2/1p2pPp1/2r4p/p1b4P/P2rP1P1/6B1/2R1K2R w K - 1 31,-1.53,-2.68,-0.889,0.0,target,endgame,val
6k1/p4pp1/2qb4/P7/6nr/3Q3P/6R1/3N3K b - - 0 33,-2.52,-7.25,-10.165,-2.52,diverse,midgame,train
1rqr3k/p1p3p1/4p3/1Q1R2B1/4p2p/6PB/PP2PPKP/4R3 b - - 0 24,0.0,5.3,4.379,0.0,calm,midgame,train
3r2k1/3qb2p/p4pp1/1p2pP2/2b1N3/P1Q1PB2/1B3P2/4K2R b - - 0 30,-1.62,-4.01,-0.599,-1.62,diverse,midgame,val
rq3rk1/3bppbp/pp4p1/3P4/3pPB2/P5P1/1PQ1BP1P/R2R2K1 b - - 2 19,0.0,0.5,0.798,0.0,calm,opening,train
rn2k2r/pb1q2bp/1p1ppnp1/2p3N1/2P5/2NBPQ2/PP3PPP/R1B2RK1 w kq - 4 12,1.05,1.13,0.456,0.0,target,opening,train
4k3/8/5P2/2bK4/1p1p3P/8/1R6/8 b - - 1 53,1.43,4.48,2.653,0.0,target,adveg,train
8/6pp/p7/1p1kp3/r3b1P1/P1P1R2P/4PK2/8 b - - 1 31,0.0,-5.89,-7.89,0.0,diverse,endgame,train
6k1/7p/2p3p1/p1b4P/1p2r3/5NP1/P1p2P2/2B4K b - - 0 36,0.0,-7.48,-10.882,0.0,diverse,endgame,train
r4bk1/5ppp/2p5/2P5/3q4/P4P2/2Q2P1P/R4K1R b - - 0 24,-1.71,-0.63,-1.715,0.0,target,midgame,train
5k1r/p3bpp1/2q2n2/7p/8/3Q2P1/P5RP/3N2K1 b - - 1 28,-1.98,-6.59,-8.737,-1.98,working,midgame,train
r1b3k1/ppp3p1/3p4/8/1PPNq1pP/5r2/P3N3/R3K1bR w - - 0 24,-5.4,-11.55,-18.979,-5.4,calm,midgame,train
2kr3r/pb1nqppp/1p1ppn2/8/3N4/2PPB3/PP2QPPP/2KR1B1R w - - 0 14,0.0,0.63,0.387,0.0,diverse,opening,train
2kr1b1r/pp2qppp/n1pp1n2/6N1/2PPp3/2N1P3/PPQ1bPPP/R1B2RK1 w - - 0 11,0.0,0.95,-0.632,0.0,diverse,opening,train
rn2k2r/pb1q2bp/1p1ppnp1/2p3N1/2P5/2NBP2Q/PP3PPP/R1B2RK1 b kq - 5 12,1.62,1.4,2.329,1.62,diverse,opening,val
8/6B1/8/5k1K/7P/8/8/8 b - - 2 88,0.0,3.89,10.811,0.0,calm,adveg,train
4k3/1pr2r2/p4R2/P2Pp3/1RP1p2P/8/5K1P/8 w - - 1 34,0.0,2.63,1.835,0.0,calm,endgame,train
r4R2/ppnk3r/3pp2p/8/P7/3P1Q2/1P1B2PP/7K w - - 1 29,1.79,8.18,7.919,0.0,target,endgame,train
8/2k3pr/1p2pp1p/n1bb4/1p3P2/3PP1R1/1B1NK1PP/R7 b - - 4 27,0.0,0.95,-1.38,0.0,calm,endgame,train
1rb4r/1pNk1ppp/p2P4/2p1n3/8/1P4P1/1bP1NPBP/5K1R b - - 3 25,1.89,-6.06,-3.154,1.89,diverse,endgame,train
2k2b1r/ppqrnp2/2p2p2/7p/2N2B2/3B2QP/PP3P1P/R4RK1 b - - 1 16,0.0,3.66,4.813,0.0,diverse,opening,train
8/3Pk3/8/5p2/4p3/3pKPP1/8/8 w - - 0 53,0.0,-0.75,-3.04,0.0,diverse,adveg,train
8/8/pp3ppp/3k4/P5P1/2B4P/3K4/8 w - - 0 49,0.0,2.95,4.132,0.0,calm,adveg,train
8/6pp/p2k4/1p1b4/3Rp1P1/r1P4P/4P3/4K3 w - - 0 35,0.0,-6.28,-8.293,0.0,calm,endgame,train
4r1k1/5p1p/2pP2p1/4P3/3n1P2/6PP/r2N1R2/3K4 w - - 0 31,-2.28,-4.79,-5.181,0.0,target,endgame,train
1r1r2k1/5q1p/3P2pP/1N2pp2/1Q5P/4P3/1B4B1/3K4 b - - 2 36,0.0,0.69,1.551,0.0,diverse,midgame,train
r1b4r/pp1k1ppp/3P4/2pBn3/8/NP4P1/1bP1NP1P/5K1R w - - 9 23,1.42,-5.52,-5.397,0.0,target,endgame,train
rn1qk2r/p2b1p1p/1p1ppnpb/2pP4/Q1P5/2NBPN2/PP3PPP/R1B1K2R w KQkq - 4 9,0.0,0.71,0.924,0.0,diverse,opening,train
8/8/p2p2pp/P1p1k3/2P1r3/2R4P/2K5/8 b - - 5 53,0.0,-3.27,-4.972,0.0,diverse,adveg,train
6k1/p4rp1/P3p3/1p5p/2pP1P2/2nqPQ2/1P6/4R2K w - - 0 39,0.0,-1.88,-3.291,0.0,diverse,midgame,train
1k5r/3n1pp1/4p2p/R1B5/2P5/5b1P/PP3P2/R5K1 b - - 0 32,4.6,3.97,4.134,0.0,target,endgame,train
r4r2/1b1pqpkp/ppn3p1/2p5/2P5/1P2PN2/P2QR1PP/5RK1 b - - 3 18,1.26,-4.69,-3.155,1.26,calm,midgame,val
2r1k3/pp2pp2/3p4/q1pPbb1p/PnB4P/R1N3P1/1P1Q2P1/3K3R b - - 3 20,-2.34,-1.36,-4.722,-2.34,working,midgame,train
8/8/3B4/8/8/p7/K7/3k4 b - - 7 63,0.0,-0.01,8.053,0.0,diverse,adveg,val
1R6/5p2/4n3/P3Pkpp/8/4KP2/6PP/8 w - - 1 44,0.0,6.93,9.372,0.0,diverse,adveg,train
8/p4pk1/n3pN2/8/3P2P1/8/Pr4PP/4RRK1 w - - 0 37,0.0,7.25,11.051,0.0,calm,endgame,train
3Bk3/Q3nb2/2p4p/p1Np1p2/1p6/1P4P1/2P2PBK/3q4 b - - 0 40,1.77,5.1,-3.548,1.77,diverse,midgame,train
r1b3k1/1p3ppp/p7/8/1bnrp2P/q1N3Q1/P4PPN/2R2RK1 w - - 0 21,0.0,-5.51,-8.922,0.0,calm,opening,val
rnb1kb1r/3pqppp/2p5/pPP5/3Q4/4nNP1/1P2PP1P/RN2KB1R w KQkq - 0 10,-1.26,0.29,-2.159,-1.26,working,opening,train
8/ppk2ppp/8/8/8/P2KP1P1/5P1P/8 w - - 1 33,0.0,-0.29,0.282,0.0,calm,adveg,train
8/8/1B6/8/8/p7/K7/2k5 b - - 13 66,1.07,0.0,7.95,0.0,target,adveg,val
3k4/R1p5/6p1/1P2K3/2P1P2r/8/8/8 b - - 4 46,0.0,1.95,3.755,0.0,calm,adveg,train
4q2k/R3n1p1/5r1p/4N3/1p2Q3/1P6/2P2PPP/6K1 b - - 9 48,3.64,5.49,4.062,0.0,target,midgame,train
5rk1/p6p/p5p1/5p1q/P3PQn1/1bN2P2/6P1/4R1K1 b - - 0 27,-1.8,-5.18,-7.408,-1.8,diverse,midgame,train
r1bqkbnr/1p3ppp/p2p4/3QP3/4p3/P7/1PP1BPPP/RNB1K2R w KQkq - 0 10,0.0,1.62,1.898,0.0,diverse,opening,train
r1b1k3/1pqpPp1r/p1n2n1p/6p1/2B5/1PN2N2/P4PPP/R1BQR1K1 w q - 0 16,3.24,9.21,8.938,3.24,working,opening,train
r1bqk2r/pp2bppp/2n2n2/1N1p4/3PpB2/PN6/1PP1BPPP/R2QK2R b KQkq - 7 11,0.0,0.0,-0.05,0.0,diverse,opening,train
8/8/1k2p1pp/p1p2p2/P4P1P/1P1KPP2/8/8 b - - 2 39,0.0,0.0,-0.106,0.0,diverse,adveg,train
8/8/8/8/3B4/p4k2/K7/8 w - - 2 61,1.06,0.0,7.846,0.0,target,adveg,train
5R2/P2k4/8/1P2PP2/2K5/7p/5r2/8 b - - 0 58,3.81,8.28,10.276,0.0,target,adveg,train
8/3b4/4p3/1pB2pp1/pP3kP1/8/1KB5/8 w - - 2 54,0.0,-1.12,-0.109,0.0,calm,adveg,val
6k1/5pp1/7p/p2N1P2/6r1/8/1p3K2/1n2N3 b - - 0 50,0.0,-7.39,-13.006,0.0,diverse,endgame,val
4q2k/6p1/1n5p/4N3/1p3r2/1P2Q3/2P2PPP/R5K1 b - - 3 45,0.0,4.13,3.966,0.0,diverse,midgame,val
2b1k2r/4ppbp/2pp2p1/8/3nPB2/7P/1P3PP1/3K1BNR b k - 0 21,-1.01,-3.2,-1.893,0.0,target,endgame,val
r1bqkb1r/pp3ppp/3P1n2/4p3/2N5/8/PP2BPPP/R1BQ1RK1 w kq - 1 14,1.8,3.68,3.145,1.8,working,opening,val
8/8/1k2p1p1/p1p2p1p/P1K1PP1P/1P3P2/8/8 b - - 0 48,0.0,0.0,-0.324,0.0,crowded_safe,adveg,train
2k5/8/5R2/4P3/P1K2P1p/1P4rP/8/8 b - - 0 51,1.16,5.91,9.637,0.0,target,adveg,train
7k/5Q2/7b/8/1P1r4/P6P/5PP1/6K1 b - - 0 39,5.08,6.65,14.011,0.0,target,endgame,train
8/1k1B2pp/8/4r3/4P3/5P1P/b1K5/4b3 b - - 1 48,0.0,-6.79,-13.452,0.0,calm,endgame,val
6k1/2R2p2/3p2r1/pP5p/B7/P1N2b1P/1P5K/8 w - - 1 34,-2.91,5.5,6.155,0.0,target,endgame,train
1r3k2/4b1pp/1r3p2/p2B3P/P5P1/1PR2N2/5P2/3b2K1 w - - 1 36,0.0,-4.88,-6.859,0.0,calm,endgame,train
q2r2k1/P3Q3/4n1pp/3b1p2/2r1p3/2B1P1P1/1P3P1P/R2R2K1 w - - 0 39,2.16,1.52,-0.356,2.16,working,midgame,val
1rb1kb1r/Qp1n1pp1/3P4/4B1qp/2N1p3/8/PP2BPPP/2R2RK1 w k - 0 20,0.0,3.36,3.348,0.0,diverse,opening,val
1rbq1rk1/pp2bppp/2n2n2/1N1p4/3PpB2/PN6/1PP1BPPP/R2QK2R b KQ - 11 13,0.0,0.0,-0.556,0.0,calm,opening,train
3r4/2k5/5p2/p7/2KpP2p/1P3P1P/P2R2P1/8 w - - 2 38,0.0,3.66,5.443,0.0,calm,adveg,train
4k3/R4p2/1r4np/3p1N2/1p4PP/3PK3/PP3P2/8 b - - 2 45,3.32,4.49,5.646,0.0,target,endgame,train
8/p4k2/1pp5/3r1P2/1q2p1R1/4N3/6P1/2Q2K2 b - - 1 41,2.19,3.49,6.917,2.19,working,midgame,train
1r3rk1/2p5/2p1q1p1/2p3Pp/p6P/P5P1/1PQ1P1K1/3RR3 b - - 2 35,-0.54,0.0,-3.75,-0.54,working,midgame,train
3rk2r/1R2pp2/8/p1Np4/P1nP4/6P1/2P3BP/4R1K1 b k - 2 25,2.28,5.31,7.45,0.0,target,endgame,train
q2r2k1/P1n1Q3/6pp/3bPp2/2r1p3/2B1P1P1/1P3P1P/R2R2K1 w - - 3 38,1.26,2.21,-0.148,1.26,working,midgame,train
5k2/5P2/5K2/p6p/P7/P7/8/8 w - - 0 47,0.0,0.02,2.763,0.0,diverse,adveg,train
2k5/4r3/5p2/8/PK2PP1p/1P5P/3R2P1/8 w - - 3 47,1.1,5.91,8.653,0.0,target,adveg,train
5rk1/pp3pp1/4p1p1/6P1/4B2P/b7/qQP2P2/2KR4 w - - 0 31,-0.81,-4.96,-3.138,-0.81,diverse,midgame,train
3r2k1/1p2prbp/p5p1/P1P3B1/3p4/1qP1QP1P/8/2R2RK1 w - - 0 25,0.0,-2.58,0.255,0.0,calm,midgame,train
r4rk1/3p1ppp/2nPp3/2n5/1PP5/pQ1P1qPP/p4P2/R1N1K1R1 w - - 0 26,-1.26,-5.56,-1.091,-1.26,working,midgame,train
1r4k1/2p1rpp1/Q1Bb3p/P4q1P/1p1P2nR/5NP1/3B1P2/R4K2 b - - 0 31,-2.16,0.07,2.382,-2.16,diverse,opening,train
r2qkb1r/1ppnppp1/8/p2p1b1p/3P1B2/4P3/PPP1BPPP/RN1QK2R w KQkq - 0 8,0.0,0.75,0.233,0.0,calm,opening,train
1r2kb1r/1b4pp/1q1ppn2/pNB5/2P5/P2B1N2/4QPPP/R4RK1 b k - 0 20,1.8,4.3,5.172,1.8,diverse,opening,train
r2qkb1r/pQpnppp1/7p/3p1bB1/3n4/2P5/PP1NPPPP/R3KBNR w KQkq - 0 8,-1.09,0.47,-0.898,0.0,target,opening,train
5k2/R4p2/2P5/6K1/5P2/8/8/7r w - - 1 52,-1.6,3.94,4.609,0.0,target,adveg,val
8/6p1/1pp2pp1/3p1k2/2nP3P/3RBPK1/5P2/7r b - - 4 38,-1.3,-5.19,-6.051,0.0,target,endgame,val
5rk1/1p3ppp/8/p2p4/4n3/2nQPP1P/1qP3P1/4R1K1 b - - 0 27,0.0,-6.99,-11.569,0.0,calm,midgame,train
r3qk1r/1p3pp1/1np3b1/p3BB2/1b1PP1Qp/2N4P/PP3PP1/R4RK1 b - - 2 18,1.62,2.49,3.841,1.62,working,opening,train
5k2/R4p2/2P5/5Kp1/5P1r/8/8/8 w - - 0 51,-1.03,3.85,4.549,0.0,target,adveg,train
8/6p1/2p2pp1/1p1p1k2/2nP1B1P/3R1PK1/5P2/1r6 w - - 0 40,0.0,-4.73,-5.888,0.0,calm,endgame,train
5rk1/1p3ppp/8/p1np4/8/2n1PP1P/1qPQ2P1/4R1K1 b - - 2 28,0.0,-7.11,-11.62,0.0,calm,midgame,train
2R2r2/5k1p/1pn2b2/4pp2/4bN2/2B5/PP2KP1P/2R5 w - - 6 27,1.53,2.83,0.384,0.0,target,endgame,train
q3kb1r/3b3p/r4p2/p2ppN2/P7/5Q1P/1P1B1PP1/1RR3K1 w - - 14 28,3.67,3.8,-0.202,0.0,target,opening,train
2k1q2r/pb1p4/np1B4/2pP4/2PbNQ2/3N4/PP4PP/R4R1K b - - 4 29,1.8,7.34,11.169,1.8,calm,opening,train
r2qkb1r/1ppn1pp1/4p3/p4b2/2pP1B1p/4P2P/PP2BPP1/RN1Q1RK1 w kq - 0 11,0.0,0.55,-0.124,0.0,calm,opening,train
rq3rk1/1b2pp1p/ppn2npb/2p5/2P5/P1N1PN2/1P2BPPP/RQBR2K1 w - - 2 13,0.0,0.43,0.141,0.0,calm,opening,val
8/5p2/5k2/7p/1p5P/1K4P1/8/8 w - - 0 46,0.0,-1.22,-1.053,0.0,diverse,adveg,train
5k2/5p1p/8/p1P3P1/5P1P/1P3K2/R7/4r3 b - - 1 45,-1.15,4.69,5.388,0.0,target,adveg,train
r6k/pp3R2/4p1Rp/2q5/2P5/1P1Pp3/P3Q3/7K b - - 0 32,3.27,10.67,10.308,3.27,diverse,midgame,train
4k2r/2R4p/1pn2b2/4pp2/4bN2/2B5/PP2KP1P/2R5 b k - 3 25,1.62,1.78,-0.506,0.0,target,endgame,train
3r2k1/1pq2pp1/3b1n1p/pP6/P2Q1P2/2B1PbPP/3R1R2/5K2 b - - 8 30,-1.26,-2.29,-2.16,0.0,target,midgame,train
q3kb1r/7p/r1b2p2/p2ppN2/P7/5Q1P/1P1B1PP1/1RR3K1 b - - 13 27,3.19,3.4,-0.202,0.0,target,opening,train
r2qr1k1/1pp2ppp/2n5/p2n4/5B2/2P2N2/P1Q1BPPP/R3K2R w KQ - 0 14,0.0,2.12,2.879,0.0,calm,opening,train
r2q1knr/1p1bppb1/1n4p1/3P2Np/8/p1N5/PPB1QPPP/R1B2RK1 w - - 0 17,1.9,1.31,1.284,0.0,target,opening,val
8/6pp/3kp3/p1p2p2/5P2/1P1KP3/P4P1P/8 b - - 0 31,0.0,0.0,-0.353,0.0,calm,adveg,train
8/8/8/8/8/8/3p3N/1k1K4 w - - 18 94,0.0,0.0,6.59,0.0,diverse,adveg,val
8/n7/8/1p1B4/1P1P2pk/2P5/4KPPP/8 b - - 0 51,0.0,6.54,10.66,0.0,diverse,adveg,train
Q7/6p1/3p2k1/1q1Ppp2/1p6/3P2P1/4BK2/1r6 b - - 9 41,-2.19,-7.24,-7.372,0.0,target,endgame,train
8/4k1p1/1R3b1p/1N3p2/P4P2/7P/1r2B3/6K1 b - - 0 39,1.76,0.11,3.939,0.0,target,endgame,train
2rr2k1/6pp/1p2p3/p1b2p2/5P2/P4P2/1P2NP1P/R2R2K1 b - - 2 27,0.0,-1.59,-1.249,0.0,calm,endgame,train
3nk3/3bqr2/5p2/Q7/p2p1NP1/5RP1/6KP/2R5 b - - 0 35,2.41,3.99,-0.788,0.0,target,midgame,val
rq1k4/3bb1p1/2p1p2p/pP2P3/1np1B3/2N2r2/1P2QPPP/R2R2K1 w - - 0 21,2.22,2.46,1.002,0.0,target,opening,train
r1b1k1nr/1ppp2pp/2n2q2/p4p2/1bPP4/5N1P/PP2BPP1/RNBQ1K1R b kq - 2 9,0.0,1.68,0.294,0.0,calm,opening,train
8/8/8/8/8/3pN3/3K4/1k6 b - - 19 77,0.0,0.0,7.178,0.0,calm,adveg,train
6k1/p6p/6p1/1P6/P1R1p3/4K3/3r2PP/8 b - - 2 34,-2.56,1.98,-0.099,0.0,target,adveg,train
4nr2/1p3k2/2p1Rp1p/2p5/p3R3/2PP4/PP4PP/6K1 b - - 5 28,2.7,4.78,5.415,0.0,target,endgame,val
5k2/2p2ppp/3p4/p7/2r2P2/1R6/4NP1P/q2NK2R b - - 1 29,0.0,-3.6,-3.607,0.0,diverse,endgame,train
4k3/4n3/p3RKp1/5p2/1NpP2p1/2P3b1/PP3r2/1R1Q4 b - - 6 34,-0.57,9.91,6.171,-0.57,calm,midgame,train
rn3rk1/p4pp1/7p/1p5q/4QPbb/PP2PB2/4K2P/1RB4R b - - 8 24,-1.59,-5.28,-0.473,0.0,target,opening,train
1rbq1rk1/p3bpp1/1p2p3/3pP1P1/Pn6/5NP1/1PP1Q3/R1B1KB1R b KQ - 1 17,1.26,1.42,0.88,1.26,working,opening,train
4rrk1/1p3ppp/p1q1bn2/8/3nNb2/3B2PP/PPPB4/3QRK1R w - - 0 19,-1.62,-5.21,-3.211,0.0,target,opening,train
r1bq1rk1/2p3pp/1pnp1n2/p7/PbPPp3/1QN1B2P/1P2BPP1/R4KNR w - - 0 14,0.0,-1.12,-0.623,0.0,calm,opening,train
8/8/4N3/8/8/3p4/3K4/1k6 w - - 26 81,0.0,0.01,7.201,0.0,calm,adveg,train
6k1/p6p/6p1/1P6/P1R1p3/4K3/6rP/8 w - - 0 35,-1.14,1.05,-1.213,0.0,target,adveg,train
7k/2rB4/5pbp/p5p1/3P4/P4R1P/1R3PP1/6K1 b - - 0 37,0.0,5.87,7.526,0.0,calm,endgame,train
1rr3k1/5ppp/3p4/3P4/q1Np2P1/1P5P/P1PQ4/1K3B1b w - - 0 28,-1.07,-4.58,-7.577,0.0,target,midgame,train
rn3knr/1p2qp2/3N2p1/p2p3p/P7/4Q3/1PP1BPPP/R4RK1 w - - 1 17,0.0,1.75,1.639,0.0,diverse,opening,train
r1bq1rk1/1p2ppbp/3p2p1/p7/NnPpnB2/Q4NPP/PP3P2/3RKB1R w K - 2 13,-2.7,-5.01,-4.876,-2.7,working,opening,train
5k2/1b3p2/5p2/p2p1N2/3K4/1PP2PP1/8/8 b - - 1 42,0.0,2.28,1.281,0.0,diverse,adveg,train
7R/8/8/1p6/p1n5/2k5/6r1/K7 w - - 6 62,-5.08,-7.55,-13.371,0.0,target,endgame,train
2r1k1r1/4B2R/8/2P3np/4p3/6P1/5PK1/1R6 w - - 8 49,0.0,2.26,4.688,0.0,diverse,endgame,train
1r4k1/2r2ppp/3N4/3P4/q2p2P1/1P5P/P1PQ4/1K3B1b w - - 1 29,-1.8,-4.96,-10.048,-1.8,working,midgame,val
r4rk1/ppp2pp1/3p1n1p/4p3/q1PnP1bP/P1QPN1P1/1P3PB1/R3K1NR w KQ - 5 17,-1.68,-1.17,-0.592,0.0,target,opening,train
r1b2rk1/1p2bppp/1q2p3/p1ppN3/P2n4/N2P2P1/1PP2PBP/R1B1QRK1 w - - 0 13,0.0,3.57,2.275,0.0,calm,opening,train
8/1p4pp/3k1p2/p4P2/3P4/1P2KP2/7P/8 w - - 2 37,0.0,-1.05,0.257,0.0,diverse,adveg,train
8/pp3k2/8/8/1PK2p2/P7/5N1p/3r4 w - - 0 57,-1.11,-8.38,-7.106,0.0,target,adveg,val
4k1r1/4n2p/Q7/6p1/2P5/7P/PP3PP1/6K1 b - - 0 29,3.4,5.81,12.44,0.0,target,endgame,train
6k1/p5p1/4pr2/qp6/4PPQP/8/6K1/6R1 w - - 0 38,0.12,-1.48,-1.825,0.12,diverse,endgame,train
5r2/6kp/8/q1p2p2/2b1P2P/P2p1P2/5PK1/3R3R b - - 1 32,0.0,-8.25,-16.712,0.0,calm,endgame,val
6k1/1p2pp1p/p1n5/P3P2p/3P2q1/2B3r1/1P1RQ3/1K6 b - - 0 40,-1.29,-4.0,-4.54,-1.29,diverse,midgame,train
r2q1rk1/5ppp/1p2p3/pNb5/Q7/P1n1PP2/1P3P1P/R2R2K1 w - - 0 21,-3.07,-0.06,-5.439,0.0,target,midgame,train
3r2k1/1p3pp1/2p1n1p1/q1b1P3/p1Pr4/P4PB1/3pQ1PP/1N1R1RK1 w - - 1 26,0.0,-4.1,-1.648,0.0,calm,opening,val
4r1k1/2p1qpb1/p2p2pp/2n5/P1P2nbP/2N1P3/1r2NP2/2RQKB1R w K - 0 22,-3.78,-7.57,-9.609,-3.78,diverse,opening,train
r1bq1rk1/1p2ppbp/n2p1np1/p7/N1PpPB2/1Q3NPP/PP3P2/3RKB1R b K - 1 11,0.0,-2.6,0.146,0.0,calm,opening,train
8/5k2/5p2/5K2/1n6/8/8/8 b - - 3 57,0.0,-3.23,-9.705,0.0,calm,adveg,val
4k3/4n2p/Q5r1/6p1/2P5/7P/PP3PP1/6K1 w - - 1 30,1.83,5.97,11.756,0.0,target,endgame,train
1rq3k1/5ppp/p7/2p1p3/2P1P2b/2N2P2/P2Q3P/K2R4 b - - 4 30,-1.07,-1.67,-0.708,0.0,target,midgame,train
2rr3k/1q5B/4p3/4P2Q/2p4P/p1b2RP1/P3PP2/3b1K2 b - - 0 32,2.88,-5.95,-5.978,2.88,working,midgame,train
5rk1/1p3p1p/p3p1pP/2bqP3/b2r4/4QPP1/R7/4N1KR w - - 5 32,1.98,-8.09,-5.726,1.98,diverse,midgame,train
2r1k2r/pp1b2p1/2nQp2p/1q3pB1/8/1NP5/PP3PPP/R4RK1 w k - 0 16,1.62,0.93,1.994,1.62,diverse,opening,val
r4rk1/pppq1pp1/3p1n1p/4p3/2PnP1bP/P1QPN1P1/1P3PB1/R3K1NR b KQ - 4 16,-1.07,-1.7,-0.666,0.0,target,opening,val
3q1rk1/2pb1pb1/p2p2pp/2n4n/2P2P1P/2N1P3/Pr2NPB1/2RQK2R b K - 0 18,-1.38,-5.85,-5.557,0.0,target,opening,train
8/5pp1/8/7p/1p1kPP1P/6P1/2K5/8 w - - 2 41,0.0,-1.78,-0.345,0.0,calm,adveg,train
8/5pk1/8/5K2/1n6/8/8/8 b - - 7 55,0.0,-3.32,-9.605,0.0,calm,adveg,train
3b2k1/5pp1/3p3p/3Np3/4P3/3r1PPP/6K1/8 b - - 0 45,0.0,-6.35,-10.396,0.0,calm,adveg,train
8/8/p1n1p1kr/2bpP3/P1p5/2P3K1/7P/4R3 b - - 3 37,0.0,-8.2,-12.654,0.0,calm,endgame,train
8/5q1k/p1Q4p/1p6/2p5/P7/1Pr2r2/KR6 w - - 0 46,0.0,-6.75,-9.467,0.0,calm,midgame,val
1rq3k1/5ppp/p7/2p1p1b1/N1P1P3/5P2/P3Q2P/K2R4 w - - 9 33,-1.38,-2.14,-1.528,0.0,target,midgame,train
5rk1/3p1p1p/1p1pr1b1/6Q1/1PqB1P2/4P3/1R4PP/4R1K1 b - - 7 31,2.16,2.35,3.793,2.16,working,midgame,train
8/7p/3kp1p1/p1p2p2/2K2P2/1P2P3/P4P1P/8 b - - 1 32,0.0,0.0,-0.584,0.0,crowded_safe,adveg,train
6R1/4k3/8/P1K1pP2/7P/8/1p6/8 w - - 0 47,0.0,7.27,13.042,0.0,calm,adveg,train
8/3r1kpp/2p2pb1/1p6/6P1/PR6/1KP5/8 w - - 0 39,0.0,-6.03,-9.601,0.0,diverse,endgame,train
r7/P3k3/6pp/1N3p2/R4P1P/4b3/6K1/8 b - - 6 60,0.0,0.63,0.638,0.0,calm,endgame,train
7R/3p1p2/p4kp1/2p5/q1P1nNP1/8/P4P2/3R1K2 w - - 3 30,-1.33,-1.82,-1.841,0.0,target,endgame,train
Q1bk3r/2p1n3/pp3R1p/3P4/4N3/2P4P/PP4P1/6K1 b - - 0 33,0.0,10.22,14.557,0.0,calm,endgame,train
2Rq2k1/5p2/rp1p3p/3Nn1pB/3QP3/P6P/5PP1/6K1 b - - 1 33,12.55,8.27,-0.355,0.0,target,midgame,val
2r3k1/3p1p1p/1p1prBb1/6Q1/1Pq2P2/4P3/5RPP/4R1K1 w - - 4 30,2.16,2.82,2.068,2.16,working,midgame,train
r1r3k1/5pbp/p5p1/1PQ2b2/6q1/2P1B3/P2N1P2/K2RR3 w - - 3 32,-3.28,-4.29,-0.578,0.0,target,opening,train
r2qkbnr/1b3p2/6p1/3pP3/p6p/6P1/PPP2PBP/R1BQK2R w KQkq - 0 13,-2.02,-2.45,-3.015,0.0,target,opening,train
r4rk1/pp2ppbp/2n1bnp1/3q2N1/3P1B2/1PQ1PP2/2P1B1PP/R3K2R b KQ - 0 15,0.0,-3.5,-3.518,0.0,calm,opening,train
r1bqkb1r/1p3pp1/p1n1pn1p/2p5/3pP3/NQPP1N2/PP2BPPP/R1B1R1K1 b kq - 5 9,0.0,-0.61,0.184,0.0,calm,opening,train
8/8/1k2p1p1/p1p1Pp1p/P4P1P/1P1K1P2/8/8 b - - 2 50,0.0,0.0,-0.396,0.0,diverse,adveg,train
8/8/8/P4Kp1/4B3/7k/1p6/8 w - - 0 64,0.0,3.95,7.821,0.0,diverse,adveg,val
8/7p/2p1k2P/1P3r2/p2B4/4P3/4K3/8 b - - 0 44,0.0,-2.41,-3.923,0.0,calm,adveg,val
6k1/1p3ppp/2p3b1/r3P3/8/P5P1/2P5/3K2R1 w - - 0 33,-2.38,-5.9,-7.611,0.0,target,endgame,val
2r5/3b2kp/Pp4p1/3p4/4p2R/1p1N1P2/6P1/5K2 b - - 1 44,0.0,-4.92,-10.044,0.0,calm,endgame,train
3r2k1/5ppp/p7/P1p3P1/4r2P/2Rn2B1/8/1R5K b - - 1 44,0.0,-2.7,-2.973,0.0,diverse,endgame,val
2r2k2/1bqp1p1p/1p1prB2/p4p2/2P2P2/PP1QP3/6PP/R4RK1 w - - 1 21,1.08,0.45,1.522,0.0,target,midgame,train
2r3k1/1p1b1ppp/1q2p3/2b1P3/7P/2BB1NP1/4rP2/1R3K1R w - - 0 28,0.0,-3.69,-5.238,0.0,calm,midgame,train
r2r2k1/1b2qppp/4p3/p3bn2/P1PP2R1/1pPQP2P/N5P1/R3B1K1 w - - 0 26,-1.85,-5.94,-4.04,0.0,target,opening,train
2krr3/1ppq1pp1/p1nbbn1p/3p4/3N4/2NPB1PP/PPP1QPB1/2KR3R w - - 12 13,0.0,0.33,-0.145,0.0,calm,opening,train
8/b1r3pp/p3kp2/p3p3/2P1P3/1K4P1/4R2P/4N3 w - - 1 38,-1.26,-3.17,-4.941,0.0,target,endgame,train
R5n1/1BR1ppr1/3pk2p/P5p1/8/4P3/5PPP/6K1 w - - 2 33,2.0,8.17,10.479,0.0,target,endgame,train
2r3k1/3p1p1p/1p1prB2/5Q2/1Pq1bP2/4P3/5RPP/4R1K1 w - - 2 29,3.24,1.83,3.426,3.24,working,midgame,train
7r/p3k1pp/P1b2r2/2bp4/2n3B1/2P3PP/Rp3P1R/1N3K2 b - - 2 29,0.0,-6.8,-5.843,0.0,calm,midgame,train
8/6pp/5p2/pp1k1P2/3P3P/1P3P2/3K4/8 w - - 2 39,0.0,-2.13,-0.916,0.0,calm,adveg,train
8/pp6/8/P6P/8/8/r7/4K1k1 w - - 1 71,-1.59,-5.77,-10.553,0.0,target,adveg,train
8/1B6/1p6/1P2kp2/8/4P1p1/2r5/5K2 b - - 1 60,-2.06,-5.62,-7.079,0.0,target,adveg,train
r3r1k1/1R2n2p/2p3pB/4N3/p2P4/8/PP3PPP/R5K1 w - - 1 30,0.0,7.09,8.679,0.0,diverse,endgame,train
3rk2r/4qpp1/p1nb4/1p3Q1p/2Bp4/4P3/PP3PPP/R1BR2K1 w k - 0 19,0.0,0.76,1.372,0.0,calm,opening,val
r3k1r1/pp1bpp2/3p4/q1pP1P1p/PnBb3P/R1N3N1/1PPQ1PP1/4K2R b Kq - 6 14,0.0,-0.17,0.117,0.0,calm,opening,train
2bqk1nR/p2p1pb1/nr2p1p1/2pP4/1pP1N3/6P1/PP2PP2/R1BQKBN1 b Q - 0 11,3.13,0.9,0.682,0.0,target,opening,val
8/pp6/8/P6P/8/8/1r6/4K1k1 b - - 0 70,-1.59,-5.83,-9.363,0.0,target,adveg,train
8/1p2kp2/3p4/P1r2p1p/5P2/8/3K4/5N2 w - - 0 48,-1.95,-7.07,-9.617,0.0,target,adveg,train
6k1/p1p5/6Pp/2ppP3/4p3/P1B1P3/1P3qP1/2R4K b - - 0 33,-1.78,-3.19,-2.176,0.0,target,endgame,train
2b5/1p1k4/5pp1/1N2n3/2PpB2P/3P2P1/5P2/6K1 w - - 0 37,1.16,2.9,4.292,0.0,target,adveg,val
5bk1/5pp1/2pp2p1/p1n1p3/P1P1P1q1/8/1Q2NP2/3K4 b - - 5 35,0.0,-7.74,-12.354,0.0,calm,endgame,val
r1bq1rk1/1p2bp2/p3p1p1/4n2p/2p5/2PPB1PP/PP2QP2/2K1RB1R w - - 0 16,-1.26,-3.1,-4.897,-1.26,working,opening,train
2r1kb1r/ppp1qpp1/2n1b3/1N5p/4QB2/8/PPP1NPPP/2KR1B1R w k - 1 13,2.16,5.42,7.642,2.16,working,opening,val
8/8/8/1Pk3p1/4P3/5PK1/8/8 b - - 4 94,0.0,2.05,4.307,0.0,calm,adveg,train
r5k1/pp3ppp/2pr4/4P3/P1b4P/5Pq1/1PBQn1P1/R4K1R w - - 0 29,-2.16,-3.53,-1.854,-2.16,diverse,midgame,val
2q2rk1/Q4ppp/3p4/p7/3nNPbP/P2PRNP1/1r4B1/3K3R w - - 0 24,-4.68,-8.54,1.346,-4.68,diverse,opening,train
r1b1kb1r/p3pp1p/q1pp1np1/1N6/2P5/4B1P1/PP2PPBP/R2QK2R b KQkq - 3 10,0.0,1.46,-0.288,0.0,diverse,opening,train
2r1kb1r/ppp1qpp1/2n1b3/1N5p/3NQB2/8/PPP2PPP/2KR1B1R b k - 2 13,1.62,5.6,7.841,1.62,working,opening,train
r1b1kb1r/3nn1p1/2p3qp/1p3p2/p1B2B2/2N2N1P/PP2QPP1/R3R1K1 w kq - 0 18,2.7,5.91,4.396,2.7,diverse,opening,train
8/8/8/1Pk3p1/4P3/5P2/5K2/8 w - - 3 94,0.0,2.35,6.512,0.0,calm,adveg,train
8/8/6R1/5p1K/5k1P/1p6/1P4r1/8 b - - 1 45,0.0,-1.26,-1.453,0.0,diverse,adveg,train
8/8/4k3/pp6/3pPnKp/1P1P2bP/2B5/8 b - - 5 46,-1.75,-4.51,-7.372,0.0,target,adveg,train
k2r4/pp2pp2/7p/2R4P/P4B2/7r/1P3P2/4K3 b - - 0 29,-1.22,-3.89,-3.408,0.0,target,endgame,train
2k1r3/p6p/2pn4/B4PP1/4b3/1P1PK3/P1P5/6R1 w - - 0 30,-1.49,1.97,1.01,0.0,target,endgame,val
8/3k1pp1/p1pb4/3n2r1/PP1R2b1/2P5/5P2/R1K5 w - - 5 25,0.0,-5.84,-10.947,0.0,calm,endgame,train
3r2k1/p1pq2pp/4b3/8/2P1Q1P1/P3P3/4Bb1N/7K b - - 1 27,0.0,-6.47,-8.102,0.0,calm,midgame,train
r1N1kbr1/1q1n1pBp/8/pp6/4p3/2N3PP/PPP2P2/R2Q1RK1 w q - 1 18,1.44,5.83,4.323,1.44,working,opening,train
8/8/8/1p4kn/1B3p2/5K1p/7P/8 b - - 19 79,0.0,-1.93,-5.983,0.0,diverse,adveg,train
6k1/6b1/3P3p/2P2R2/3r2PP/4K1P1/8/8 b - - 4 48,-1.4,3.17,3.354,0.0,target,endgame,train
4r2k/R7/2p1qp1p/P5p1/3P2P1/2P4P/1P4P1/5QK1 b - - 0 36,-2.61,3.48,5.043,0.0,target,endgame,train
4r1k1/6pp/p2p4/1p1P4/b2QP2P/q2B4/2P5/1K6 b - - 0 39,-2.43,-6.63,-10.994,-2.43,working,endgame,train
2q2knr/2p5/1pBp1p1p/6p1/4P2Q/4B3/RPP2PPP/6K1 w - - 0 19,3.2,7.18,5.5,0.0,target,midgame,train
8/1p4k1/1pp3p1/4p3/P1P3PP/1P2K3/8/8 w - - 1 45,0.0,2.12,0.367,0.0,calm,adveg,train
6k1/6b1/2PP3p/5R2/6rP/4K1P1/8/8 b - - 0 49,-3.88,6.33,2.556,0.0,target,endgame,train
6k1/6pp/p1Q5/1p6/8/1PP3Pq/P2K4/4rN2 b - - 1 33,-1.41,-4.06,-5.305,0.0,target,endgame,train
7r/p1r2kp1/5p1p/2N2b2/5P2/2P5/PP1R2PP/3R2K1 w - - 3 32,0.0,2.27,1.888,0.0,calm,endgame,train
1r2r1k1/3q2pp/5p2/8/2Npn1PP/Q2R1P2/P7/2R3K1 b - - 3 34,-1.04,-1.27,-1.715,0.0,target,midgame,train
3r2r1/pp1n4/2p2kbR/3n4/2pP4/P4NP1/1PBK1P2/4R3 w - - 4 33,2.49,-1.54,1.258,2.49,diverse,midgame,train
3r1rk1/p1p4p/1p1pPqp1/5p2/1PPb4/PN1n1PPB/6KP/1RBQ1R2 b - - 1 19,-1.26,3.54,-1.514,-1.26,working,opening,train
8/1p6/2p1k1p1/1PP1p3/1P2K1PP/8/8/8 b - - 0 48,0.0,2.61,0.446,0.0,calm,adveg,val
8/1pB1b3/p7/P4k2/6pp/8/6K1/8 w - - 2 60,0.0,-5.76,-8.958,0.0,diverse,adveg,train
2b2Q2/8/2k1pnp1/5p2/2NP1P2/4r3/2K3PP/8 b - - 3 42,7.53,6.56,6.143,0.0,target,endgame,val
6k1/5pp1/Q1N1pq1p/1p2N2n/PP6/2n3P1/4PPKP/2r2B2 b - - 1 29,-2.34,-1.03,-6.337,-2.34,diverse,midgame,train
r4rk1/pp1b3p/2p5/q3n1p1/1bP1QP1N/1P2P1PP/P3N3/R4K1R b - - 0 23,1.62,-4.08,-2.247,1.62,diverse,opening,train
rn2k1r1/p1q1ppBp/4b1p1/3n4/1P6/4PN2/P3BPPP/2RQ1RK1 b q - 2 14,1.26,4.12,4.727,1.26,diverse,opening,val
r1bq1rk1/ppp1bppp/1n6/3N4/2B5/P2P3P/1P1N1PP1/R1BQK2R b KQ - 0 13,0.0,-0.17,1.392,0.0,calm,opening,train
r3kb1r/pp1b1ppp/q1n1pn2/8/3P3P/1B3N2/PP3PP1/RNBQK2R w KQkq - 3 11,-2.7,-0.38,-2.681,-2.7,working,opening,train
8/5p1p/1q2pk2/8/Q7/1p2PP1P/P5K1/8 b - - 0 43,1.38,-3.36,0.174,0.0,target,endgame,train
8/5bk1/1R1R4/p5p1/3r4/P6P/5PP1/6K1 b - - 1 41,1.23,5.12,4.897,0.0,target,endgame,train
6Q1/p1r1k1p1/1p1qpp2/7p/P7/1P6/2pP2PP/2R2R1K w - - 0 31,2.61,5.16,8.162,2.61,diverse,midgame,train
5r1k/1B3pp1/pq1pb3/2p1P3/8/P1b2P2/1PP3PP/1K1R3R w - - 1 22,-1.77,-9.81,-10.715,-1.77,calm,midgame,train
r5k1/1p2pp1p/r3b1p1/8/PBpPN3/Q3bNqP/6P1/3R1K1R b - - 6 23,-1.98,0.35,-1.358,-1.98,working,opening,val
r1b1r1k1/pp3pp1/2n4p/q3p3/1bP1B1P1/2N2N2/PP1Q1P1P/2K1R1R1 b - - 3 17,0.0,-1.27,-0.211,0.0,diverse,opening,train
7k/4P3/3n1p2/2Np4/3P1KP1/7P/8/8 w - - 1 63,0.0,5.88,7.851,0.0,diverse,adveg,train
3r4/8/1bp2p1k/P7/3p4/P4P2/1BPP2PP/4K3 b - - 0 31,0.0,-3.04,-3.813,0.0,calm,adveg,train
8/3pk3/3r4/R4p2/4b3/4K1PN/7P/8 b - - 0 52,-3.93,0.0,-1.921,0.0,target,endgame,train
r6k/1pp2p2/p3Pq1b/2n5/6Q1/P2B2P1/1P3P1P/R1B1R1K1 w - - 0 25,3.06,8.9,13.62,3.06,calm,midgame,val
r2qkb1r/pp2pp2/2n2npp/2pp1b2/8/P1PP1NP1/1PQ1PPBP/RNB2RK1 b kq - 0 8,0.0,-0.14,-0.881,0.0,calm,opening,train
3K4/5r2/1p4k1/1P6/8/8/5p2/5R2 w - - 6 81,0.0,-3.21,-4.695,0.0,diverse,adveg,val
8/8/r2b1p1k/2pK4/P2p4/5P2/1BPP2P1/8 w - - 8 41,0.0,-4.11,-7.322,0.0,diverse,adveg,train
3r2k1/p1p4p/1p2ppp1/2r5/1N6/P7/1P2BKPP/7R w - - 2 37,0.0,-1.94,-1.838,0.0,diverse,endgame,train
R2r2k1/1P3pp1/8/2p1p3/8/2P3nP/1P1Bb1B1/6K1 b - - 1 31,0.0,4.21,1.36,0.0,diverse,endgame,train
3r1rk1/pp3ppp/1q6/2pBP3/2Pb4/1P1P1QP1/8/4RN1K b - - 2 29,-1.69,-4.03,-3.422,0.0,target,midgame,train
1rb1k2r/4n1pp/p1p1pp2/q7/N1pP4/2P1PN2/P4PPP/R2Q1RK1 w k - 0 14,0.0,1.62,0.821,0.0,calm,opening,train
1r1q1k1r/1bNpn1p1/1Q3p2/p3p2p/R3P2N/8/1PP1BPPP/3R2K1 b - - 9 22,1.62,4.58,6.439,0.0,target,opening,train
r1bk1b1r/1pq2p2/1npp1N1p/p3P1p1/8/3BP3/PPPN1PPP/R2Q1RK1 b - - 0 17,1.25,0.77,0.941,0.0,target,opening,train
6k1/2p2pp1/3p4/3Pp1b1/4P2p/P4P2/2K5/8 w - - 0 41,0.0,-8.74,-10.832,0.0,diverse,adveg,train
8/p4R2/1p6/1P4P1/4k2K/5p2/8/r7 b - - 0 63,0.0,-5.15,-0.96,0.0,diverse,adveg,train
6k1/2R1Qp2/1p2q1p1/7p/pP6/P3P2P/6P1/7K b - - 0 44,3.08,6.46,8.448,0.0,target,endgame,train
1rb2rk1/4n1pp/p1p1ppq1/8/N1NPPP2/2P5/P5PP/R2Q1RK1 w - - 1 18,0.0,2.16,0.971,0.0,calm,opening,val
r3kb1r/pp1b1ppp/1qn1p3/8/3NN3/2P5/PP3PPP/R1BQ1RK1 w kq - 1 11,0.0,1.08,0.038,0.0,diverse,opening,train
r1bqk2r/pp2ppb1/5npp/nP1p4/8/P1PP1NPP/2QN1PB1/R1B2RK1 b kq - 2 13,0.0,0.53,0.478,0.0,calm,opening,train
8/8/2k1B3/p3p2R/8/6P1/P2NK2P/2r5 w - - 1 33,0.0,7.09,14.939,0.0,calm,endgame,train
1r4k1/p5pp/4bp2/q1pp4/1r6/3BPN1P/P1P3P1/3R1RK1 b - - 1 25,0.0,-6.25,-11.352,0.0,calm,midgame,train
r1r3k1/pp1b1ppp/q1n1pn2/8/3P1B1P/1BP2N2/P1Q2PP1/2KR3R b - - 0 15,-1.62,-1.88,0.932,0.0,target,opening,train
r4rk1/pp1q2pp/2p5/b2pB3/2P1n3/1P2PN1b/P1Q1BP2/RN4KR w - - 0 18,-4.14,-3.16,-1.39,-4.14,diverse,opening,train
2kr1n1r/ppq1ppbp/2ppbnp1/P5N1/1PPP4/2NBP2P/5PP1/R1BQ1RK1 b - - 0 13,1.06,3.11,0.505,0.0,target,opening,train
1k6/pp3ppp/8/8/8/P2KP1P1/5P1P/8 b - - 0 32,0.0,-0.3,0.447,0.0,calm,adveg,train
5k2/7p/p7/5p2/3p4/1P1PpN2/P3P3/5K2 b - - 1 41,0.0,3.54,4.178,0.0,calm,adveg,train
6k1/P1n5/5p2/8/3P4/2P4R/6PP/6K1 b - - 0 43,1.89,8.3,13.518,0.0,target,adveg,train
3r2k1/7p/2p3p1/p1b4P/1p2r3/5NP1/P1p2P2/2B3KR b - - 0 34,0.0,-8.08,-7.389,0.0,calm,endgame,train
6rr/6Rp/p7/2n5/2N1k1p1/5nB1/P5KP/8 w - - 1 32,3.85,-4.36,-9.039,0.0,target,endgame,val
1r4k1/p5pp/4bp2/2pp4/P7/2qBPN1P/1rP3P1/3R1RK1 w - - 1 27,0.0,-6.45,-10.776,0.0,calm,midgame,train
5rk1/pp1bb3/4p1q1/4P3/3B1n2/5N1r/PP3PPR/R2Q2K1 w - - 0 27,-1.26,-3.35,-3.354,-1.26,working,opening,train
r1bqk2r/pp2ppbp/1npp1np1/8/2PP4/3BPN1P/PP3PP1/RNBQ1RK1 w kq - 4 8,0.0,1.11,0.376,0.0,diverse,opening,train
8/8/3kp1pp/p1p2p2/P1K2P1P/1P2PP2/8/8 b - - 6 41,0.0,0.0,-0.321,0.0,crowded_safe,adveg,train
4n3/5k2/P7/3p3p/5N2/1p3P1P/1P3K2/8 w - - 1 45,0.0,5.96,5.905,0.0,calm,adveg,train
6k1/p4pp1/2B5/7p/5n1P/P1n5/3r3R/6K1 b - - 4 37,-2.8,-6.28,-9.117,0.0,target,endgame,train
r3r1k1/3p3p/6p1/p1P1B3/1ppP3P/5N2/Pb3PPK/7R b - - 0 27,0.0,-4.29,-5.075,0.0,diverse,endgame,train
1r4k1/p1p3pp/4bp2/q2p4/3r4/3BPN1P/P1P1K1P1/3R1R2 b - - 1 23,-2.16,-6.51,-14.639,-2.16,calm,midgame,train
2rr2k1/2qbbppp/4p3/1p2P3/2p1BQ1P/pPNR2P1/P3PP2/2KR4 w - - 0 23,1.26,-1.25,0.199,1.26,diverse,opening,val
1r3rk1/2pq1pp1/1pnp1n1p/pR1Bp3/2P1P1b1/P2P1N2/2P1QPPP/2B1R1K1 w - - 2 17,0.0,0.11,0.639,0.0,calm,opening,train
3k4/8/4p1p1/p1p1Pp1p/P1K2P1P/1P3P2/8/8 b - - 28 63,0.0,1.61,0.125,0.0,calm,adveg,val
5k2/7R/3p1N2/pP1Pp3/P1r1P1p1/8/5KPP/8 b - - 6 43,11.09,7.42,11.423,0.0,target,endgame,train
8/p2bk3/Pp5p/5Pp1/2PNN3/r7/4KP2/8 b - - 4 40,0.0,-4.09,-3.99,0.0,diverse,endgame,val
5rk1/1pp3p1/p6p/1P1pp1n1/6b1/P4P2/2P1BK2/6N1 w - - 0 32,0.0,-7.44,-14.824,0.0,calm,endgame,val
r4rk1/pp2p2p/3p2q1/2pPb2p/P5bQ/2P1B3/1P1N1PP1/R2R2K1 w - - 3 19,1.26,-1.74,1.788,1.26,diverse,opening,train
r3qrk1/1pp2ppp/8/p2P1nBb/P3n1PP/2P2P2/BP2K3/R2Q1NbR w - - 0 17,-2.16,-4.8,-6.569,-2.16,diverse,opening,train
8/8/4k3/2pp4/4nB2/1P1KP3/8/8 b - - 11 61,-1.19,-0.08,-0.222,0.0,target,adveg,train
8/p2bk3/rp5p/5Pp1/2PNN3/8/4KP2/8 w - - 0 41,1.12,-4.4,-4.538,0.0,target,endgame,train
2r5/pp1b4/1q2pk2/3p4/3P1P2/2P3Q1/PPN4P/2K5 w - - 0 30,3.69,-2.85,3.533,3.69,working,endgame,train
2qr3k/pp3p2/4b3/2Nn1p1p/3P4/P4Q2/1P1B2PP/4RRK1 b - - 3 30,1.52,7.03,9.534,0.0,target,midgame,val
r4rk1/pp2p2p/3p2q1/2pPbb1p/P3Q3/2P1B3/1P1N1PP1/R2R2K1 w - - 1 18,-1.62,-2.12,-1.62,-1.62,diverse,opening,train
rn1q1rk1/p1pp1ppp/bp2pn2/8/Q1PP4/5NP1/PP2PP1P/R1B1KB1R b - - 4 8,0.0,-0.51,0.972,0.0,diverse,opening,train
r1bqkb1r/1pp1p2p/2n2pp1/3p4/2NPB3/1p4P1/P1P1PP1P/RNBQ1RK1 w kq - 0 10,0.0,0.49,5.333,0.0,calm,opening,train
r1bq1rk1/pp1nnpbp/2p3p1/4p3/P7/2NQBN1P/1PP1PPP1/2KR1B1R b - - 5 10,0.0,-0.65,1.222,0.0,calm,opening,train
8/6pp/5p2/pp1k1P2/3P3P/1PK2P2/8/8 b - - 3 39,0.0,-2.24,-0.212,0.0,calm,adveg,train
5k2/8/6pp/p2Rp3/P7/7P/1P3PP1/6K1 b - - 1 32,0.0,7.88,11.051,0.0,calm,adveg,train
8/8/8/2pp1kP1/4n3/1P2P2P/1B6/6K1 b - - 0 47,0.0,0.12,3.965,0.0,crowded_safe,adveg,val
r7/4kpp1/p1R5/8/6Pp/4B2P/PP3P2/6K1 w - - 1 29,2.82,6.03,7.835,0.0,target,endgame,train
2b1k1r1/1p3p1p/rQn1p1p1/7P/1p6/8/PPP2PP1/2KR3R w - - 0 18,0.0,5.29,5.071,0.0,diverse,midgame,train
r2k1q1r/pp1n4/2p1R2p/6p1/1P3N2/6P1/P1B2K1P/1RBQ4 w - - 0 22,3.24,8.39,11.501,3.24,calm,opening,val
1k1r3r/pP2ppb1/1qppnnpp/1P6/2PP4/2NBP2P/5PP1/R1BQ1RK1 b - - 0 17,2.88,4.13,2.533,2.88,diverse,opening,val
rnbqkb1r/5ppp/pp2pn2/2pP4/1P6/P1N1PN2/3P1PPP/R1BQKB1R b KQkq - 0 7,0.0,0.27,0.559,0.0,diverse,opening,train
2r3k1/4B1P1/8/pp2pp2/8/P3P2p/3K4/5N2 w - - 0 55,0.0,-2.7,-3.492,0.0,calm,adveg,train
7k/3p1p2/p5p1/2p5/q1P1n1P1/4NP2/P7/3R1K2 b - - 0 32,0.0,-6.58,-11.631,0.0,calm,endgame,train
6k1/1b3pp1/7p/p3rP2/1p1Nn1P1/4N3/8/R4K2 b - - 3 43,-2.21,-5.26,-8.418,0.0,target,endgame,val
8/3br1k1/6pp/2RB1pb1/2P5/4P2P/6R1/r4N1K w - - 1 38,0.0,-3.73,1.102,0.0,diverse,endgame,train
5rk1/1p3pp1/1r1q4/1Pb5/1n1pB3/4PQP1/PB1P3P/R4RK1 b - - 0 25,0.0,1.24,2.924,0.0,diverse,opening,train
4r1k1/1p2pp1p/2bpq1p1/6n1/2P2BP1/2b1Q2P/r3PPB1/2R2K1R w - - 0 24,-2.16,-2.21,-1.834,-2.16,diverse,opening,train
8/8/8/8/7k/6p1/8/6K1 b - - 5 84,0.0,0.0,-4.635,0.0,calm,adveg,train
8/4P3/3k1P2/2b4p/1p1pK2P/rR6/8/3B4 b - - 2 48,0.0,5.49,4.988,0.0,diverse,endgame,train
3r2k1/p1p4p/bp2ppp1/8/3r4/P2N1N2/1PP1BKPP/7R b - - 1 32,0.0,-0.88,-1.138,0.0,calm,endgame,train
8/3b2k1/6pp/2R2p2/2P2b2/4r2P/6B1/r4NRK w - - 2 40,0.0,-3.48,-0.813,0.0,diverse,endgame,train
r3k2r/4qp2/p1p2p2/p1Nb4/3P1N2/P7/1PQB2PP/2R3K1 b kq - 0 25,2.63,5.91,4.893,0.0,target,midgame,train
r3k2r/p4ppp/np2pn2/4N1B1/1bP5/2N3P1/P3PPKP/R2R4 w kq - 1 16,0.0,1.08,-0.199,0.0,calm,midgame,train
N3kbr1/1p1b1p1p/n1qp1Bp1/1p2p3/PP2P3/7P/2P1BPP1/R2Q1RK1 b - - 0 16,1.45,6.66,5.993,0.0,target,opening,val
rn1qk2r/1p1b1ppp/5n2/pB1p4/Q2N4/P3P1P1/1P3P1P/R1B1K2R b KQkq - 0 13,0.0,-0.01,1.556,0.0,calm,opening,train
r1b1kb1r/ppp2pp1/2nq3p/4p3/3pP2B/2PP1B2/PP3PPP/RN1QK1NR b KQkq - 1 8,0.0,2.72,4.392,0.0,calm,opening,train
r1bqkb1r/1p1p3p/p1n1p2n/5p2/4P1pN/2N3B1/PPPQ1PPP/2KR1B1R b kq - 0 11,0.0,1.59,1.284,0.0,diverse,opening,train
1k6/2p2p2/5Rp1/8/P2P3p/8/2P1KPPP/8 b - - 1 36,0.0,8.27,14.451,0.0,calm,adveg,val
3k4/3q1p2/p7/2Q1P3/8/1P4P1/P4PB1/6K1 w - - 5 35,0.0,7.82,12.478,0.0,calm,endgame,train
8/1rp1k3/2p1prQ1/3p4/p1bP4/2P5/PP3PPP/1R4K1 w - - 1 36,3.0,4.86,7.698,0.0,target,endgame,train
2r3k1/Qb3ppp/1r6/p7/1q6/1P2P3/P1P3PP/3RN1K1 b - - 2 25,0.0,-5.41,-5.189,0.0,diverse,midgame,val
4rk2/2Q2p2/pp2b1p1/3p1nqp/1P1P4/P7/4RPPP/3N1BK1 w - - 8 35,0.0,0.16,-0.215,0.0,calm,midgame,val
1qb1kr2/p1p3pp/5rn1/2Np1p2/1P1NpP2/3P4/P1PQ2PP/R4RK1 b - - 4 18,0.0,0.77,0.973,0.0,diverse,opening,val
1r3rk1/p1pqb1pp/4bp2/4B3/2P1Q1PP/P3P3/5P1N/1N2KB1R b K - 0 20,0.0,-3.11,2.139,0.0,calm,opening,train
1r4k1/B6p/4p1p1/3p4/1P6/PR3r2/1K1p4/8 w - - 0 42,0.0,-7.64,-1.109,0.0,diverse,endgame,train
1n5b/2k5/1Rp1p2r/7P/1R1PBP2/4P3/3B1K2/8 b - - 4 36,0.0,9.52,12.035,0.0,calm,endgame,train
5rk1/pp3pp1/1q1p3p/2pPb3/6r1/PP1RP1P1/4P3/2Q1KN1B w - - 4 27,-2.39,-4.83,-4.681,0.0,target,midgame,train
1n3rk1/r1B2p1p/3P1np1/1B1p4/p3p2N/4P3/PPR2PPP/3R2K1 b - - 1 26,0.0,5.44,7.364,0.0,calm,midgame,train
rnb1kbnr/1p1p3p/pq2pp2/2p5/3P2p1/2N3B1/PPP1PPPP/R2QKBNR w KQkq - 6 10,0.0,0.82,0.59,0.0,diverse,opening,train
8/6p1/8/8/1p2kpP1/8/2K5/8 w - - 0 74,0.0,-4.84,-7.79,0.0,diverse,adveg,train
6k1/4R3/4p3/3b1pKp/5P1P/6P1/8/8 w - - 7 60,2.54,4.17,3.722,0.0,target,adveg,train
8/4kpp1/2p1p3/6p1/1b6/4K3/PP3P1P/3RR3 w - - 2 33,0.0,6.69,11.214,0.0,diverse,endgame,val
6R1/2p5/2P5/6pp/1n1k1p2/4p2P/3r2P1/2R3K1 w - - 4 43,1.4,-2.92,-3.8,0.0,target,endgame,train
6k1/Bp3pp1/3b4/3p2pP/8/5P2/P1r1r3/3R1K2 b - - 0 28,0.0,-7.92,-11.091,0.0,calm,endgame,val
1k1r2n1/1pp3Qp/1b2p1p1/2P5/8/3r1B1P/R4PP1/1R4K1 b - - 0 34,3.42,8.01,11.776,3.42,calm,midgame,train
1rr3k1/p3bppp/4p2n/q1ppP3/P5P1/3PQN1P/3N1P2/R1R4K b - - 7 29,0.0,-1.94,-1.393,0.0,calm,opening,train
8/6pp/p6P/2Pk1p2/1p1P4/3p2P1/3Kp3/8 b - - 0 41,0.0,-8.1,-10.61,0.0,diverse,adveg,val
6k1/4R3/4p3/3b1p1K/5P1P/6P1/8/8 b - - 0 60,2.21,4.43,6.057,0.0,target,adveg,val
8/3n1kr1/1p6/p4N1R/P3B3/6P1/1P3P1P/6K1 b - - 2 38,0.0,7.37,12.499,0.0,calm,endgame,train
r5k1/3bpp1p/3p2p1/1p1P2P1/1b3P1P/4PB2/6R1/1q1N2K1 w - - 0 39,0.0,-8.33,-14.994,0.0,calm,endgame,train
1r4k1/q3b1pp/3p4/2nPp3/8/1PQ1P3/r1PN2PP/1K1R3R b - - 8 23,-2.7,-8.25,-4.835,-2.7,diverse,midgame,train
rn1q1r2/4ppkp/p1p3p1/1p3P2/P3Bn2/1P3N1P/2QP1P2/R4K1R b - - 0 17,2.7,-1.28,4.772,2.7,diverse,opening,train
r4rk1/pp1qbpp1/7p/3bQn2/4N3/3BPNPP/PP1B1P2/n2K3R w - - 0 20,-1.26,-3.85,-6.6,-1.26,diverse,opening,train
r3k2r/3bnpbp/p2q1np1/3p4/7Q/2BBNN1P/PP3PP1/R4RK1 b kq - 9 18,0.0,1.96,0.543,0.0,diverse,opening,train
6k1/2p2pp1/3p4/3Pp1bp/4P3/P4P2/2K5/8 b - - 1 40,-1.02,-7.64,-10.052,0.0,target,adveg,train
6k1/p2p1pp1/1p5p/P7/4r2P/1b3N2/6PK/R7 b - - 0 32,0.0,-4.64,-5.819,0.0,diverse,endgame,train
r4r2/1p2Nkpp/p3b3/2P5/3NQPp1/4P3/qB4PP/5RK1 b - - 8 22,3.6,5.08,5.453,3.6,diverse,midgame,train
r4rk1/pp1bbppp/4p3/q1p5/2P2P2/P2PQ1P1/1P1N2BP/1R3RK1 b - - 0 18,0.0,-0.53,0.021,0.0,diverse,opening,val
r2k1b1r/1p4p1/p1qpbp2/6QB/2p1P3/P1N5/1PP2PPP/1RBR2K1 w - - 1 21,3.7,5.79,6.401,0.0,target,opening,train
r4rk1/1p3pbp/1np1b1p1/p1Q1p3/Pq6/1NNR2PP/1PP1PP2/2K2B1R w - - 2 17,-1.26,-3.77,-4.127,-1.26,working,opening,train
r1b1kb1r/pp1ppp1p/n1p3p1/q7/P1PP4/2n2NP1/1P2PPBP/R1BQK2R w KQkq - 0 8,0.0,0.5,-2.146,0.0,calm,opening,val
8/8/8/7k/5K1P/8/6P1/8 w - - 1 58,0.0,2.26,4.465,0.0,calm,adveg,train
8/5k2/2B5/p1p4P/6P1/1P2K3/8/8 b - - 0 54,0.0,7.4,11.473,0.0,diverse,adveg,train
2k5/8/2B5/2P5/1P2p3/4K3/5Pb1/8 b - - 2 59,1.07,4.6,7.148,0.0,target,adveg,train
3r1b1k/7p/1pp1RP2/p1p3r1/2P2p2/1P1P1K2/P7/5R2 b - - 0 35,-1.54,-3.91,-3.68,0.0,target,endgame,train
rn1qkb1r/pp3pp1/2p1pn1p/8/3P3Q/5N2/PPPB1PPP/R3KB1R b KQkq - 1 9,0.0,0.3,0.461,0.0,calm,opening,train
rn2kb1r/pp2pppp/1q3n2/3p4/3P4/5bPP/PPPB1PB1/RN1QK2R w KQkq - 0 9,-1.26,-0.33,-4.452,-1.26,working,opening,train
rnbq1rk1/1p2p1bp/p5pn/2ppP3/P2P4/N1P2N2/1P4PP/R1BQKB1R w KQ - 0 10,0.0,-0.32,0.869,0.0,calm,opening,train
8/3k4/8/1pP2b1B/1P2p2p/4K3/5PP1/8 w - - 2 55,0.0,3.43,3.855,0.0,calm,adveg,train
8/8/8/6q1/4p1p1/3kN1N1/5P2/6K1 w - - 22 84,0.0,-3.27,-10.159,0.0,calm,endgame,train
Q7/3qkpp1/4p2p/1PP5/3P4/5N1P/1r4P1/5K2 w - - 5 38,-6.68,0.0,3.979,0.0,target,endgame,train
3r4/5k1p/1ppbRP2/p1p5/P1P1Rp2/1P1r4/5K2/8 w - - 0 40,0.0,-6.36,-8.743,0.0,diverse,endgame,train
2bk3r/5pp1/2R4p/p2N4/8/bP6/2P2PPP/4R1K1 w - - 1 28,2.54,5.43,4.331,0.0,target,endgame,val
5bk1/pp1r1p1p/6p1/8/4QP2/1q2P3/2n3PP/2B2R1K b - - 0 29,0.0,-5.72,-6.16,0.0,calm,midgame,train
r5k1/2pQ1bp1/3bN3/3p1qpp/P2P4/2P5/1P3PPP/4RRK1 b - - 0 25,0.0,3.87,5.381,0.0,calm,midgame,train
5k2/3r2br/3Ppnpn/pp2p1P1/8/P2PB2p/1P2PP1P/2RQ1RK1 b - - 0 25,1.18,6.29,5.0,0.0,target,midgame,train
8/p5pp/1p3p2/3k4/3P2P1/PKB4P/8/8 w - - 8 44,0.0,3.54,5.622,0.0,diverse,adveg,train
7r/2ppkpp1/b1p1p3/p5P1/P2PP1nP/7R/2r3P1/1R2K3 w - - 4 20,0.0,-8.93,-12.659,0.0,calm,endgame,train
5rk1/2pQ1bp1/3bp3/3p1qpp/3P1N2/2P5/PP3PPP/4RRK1 w - - 0 24,0.0,2.54,5.204,0.0,diverse,midgame,train
r3r1k1/5q2/2pR2pp/p1p2pb1/2P1pN2/PPB1P1P1/2Q4P/1R4K1 b - - 11 33,1.98,4.2,7.069,1.98,diverse,midgame,train
r4rk1/1b3pp1/p1nbpn1p/qp1pN3/2pP4/P1N1Q1PP/1PP1PPB1/1K1R3R b - - 3 18,0.0,-4.56,-5.668,0.0,diverse,opening,train
r3kb1r/1pq2pp1/p1n1pn1p/3p4/P2Pb3/2N1PN2/1P1BBPPP/R2QK2R w KQkq - 0 12,0.0,-0.15,-1.095,0.0,calm,opening,train
8/pp6/8/2pkP3/P4P2/7K/P2B4/5n2 b - - 2 42,0.0,-5.77,0.658,0.0,diverse,adveg,train
1k6/1pR2p2/p3qp1p/r7/2QPp3/4P3/PP4PP/6K1 w - - 3 31,1.14,0.74,2.234,1.14,working,endgame,val
5k1r/5pp1/1pp3p1/3p4/r1nP4/2R1BPK1/4RP1P/8 w - - 2 29,0.0,-3.24,-3.951,0.0,diverse,endgame,train
rn5r/1ppkq2p/p3pb1n/3p1p2/3P1P2/2P2N2/PP2Q1PP/RNB1R1K1 w - - 4 13,0.0,1.63,1.738,0.0,calm,opening,train
rn1qkb1r/1bp2ppp/3pp3/p5Pn/Np1PP3/8/PPP1NPBP/R1BQK2R w KQkq - 0 9,0.0,0.76,-0.349,0.0,calm,opening,val
k2r4/1R5R/r1p5/p3PK2/P2P2P1/8/1PP5/8 w - - 5 44,0.0,7.66,10.066,0.0,calm,endgame,val
r1bk3r/2n2p2/pp2p1pp/8/4P3/PP1BQ3/5PP1/5R1K b - - 0 22,1.92,3.99,1.543,0.0,target,midgame,train
1rbqr1k1/5ppp/5n2/p1p1bn2/3p1P1P/P2B1Q2/1PP3P1/R1BNK2R w KQ - 0 18,0.0,-5.2,-5.603,0.0,diverse,opening,train
8/8/6p1/7p/4K1kP/8/8/8 b - - 2 114,0.0,-2.33,-3.289,0.0,diverse,adveg,train
8/8/6k1/p4p1p/5K2/1P1P1N2/P3P3/8 w - - 2 49,0.0,7.43,9.384,0.0,diverse,adveg,val
k5r1/1R5R/r1p5/p3P3/P2PK1P1/8/1PP5/8 w - - 3 43,0.0,6.96,9.631,0.0,calm,endgame,train
8/1p5p/3pk2b/2p1p2P/4P3/1N6/2R4r/3KR3 b - - 3 41,0.0,2.25,0.614,0.0,diverse,endgame,train
4r1k1/5ppp/pp6/2b5/P1p5/2N4q/1PPB1RRP/5K2 w - - 4 32,-2.49,-6.93,-7.62,-2.49,working,midgame,val
8/8/8/8/2k5/1p6/1K6/8 w - - 0 80,0.0,0.0,-4.888,0.0,calm,adveg,train
8/5k1p/6p1/1pp1rpP1/2b2N1P/5P2/2R3K1/r1B5 w - - 0 43,0.0,-4.73,-7.385,0.0,calm,endgame,train
1k1q4/1p2rp2/3r1np1/PQR4p/2PPp3/4P2P/4NPP1/1R4K1 w - - 1 32,2.7,6.48,7.103,2.7,diverse,midgame,val
r2r2k1/pp3ppp/4b3/8/1b4n1/2NP1NP1/PP2KP1P/RR6 b - - 3 21,0.0,-5.13,-4.263,0.0,diverse,midgame,train
5rk1/1q5p/2p3pb/2Pp4/3PpnbP/1Q2B3/3NPP2/3K1B1R b - - 1 27,-1.68,-2.96,-0.976,0.0,target,midgame,val
8/7R/4k1p1/4p3/3b2PP/p2K4/P7/8 w - - 1 37,0.0,2.82,0.565,0.0,calm,adveg,train
8/8/R3bk1p/7P/5pp1/8/6K1/4r3 w - - 0 54,-4.38,-7.84,-13.067,0.0,target,endgame,train
4k2r/p3bpp1/r3p3/2N2b2/3B1P1p/1P1PPqnP/2PQ4/R3K1R1 b k - 2 30,-2.02,-5.0,-4.97,0.0,target,opening,train
8/7R/4k1p1/4p3/6P1/p6P/P1K2b2/8 w - - 1 35,0.0,2.58,0.766,0.0,calm,adveg,val
4k3/2R5/8/p3K3/4N1PP/8/6r1/8 b - - 2 50,9.61,5.96,8.82,0.0,target,endgame,train
1r6/1p3kb1/3p2pp/1PpN4/p1P3P1/P2KPP2/8/1R6 w - - 6 36,0.0,1.59,0.716,0.0,calm,endgame,train
r5k1/p4pp1/7p/4P3/3q1P1b/3p1R2/P1rB2P1/3Q3K w - - 2 28,0.0,-6.21,-8.922,0.0,diverse,midgame,train
3r2k1/pp3pp1/4p2p/P7/1Q2Nq1n/R4P1P/1P1r1P2/5B1K w - - 5 38,-1.26,-4.75,-4.019,-1.26,working,midgame,train
4Qbk1/5ppp/p2pp3/p2b2P1/n2Pn3/1r3N1P/1P2P1B1/2K2R2 b - - 3 29,-1.14,2.13,-1.407,-1.14,working,midgame,train
4kb2/1r1b1r2/2n1qp1p/pp1N4/3pP1P1/P2Q2P1/1P1B2BP/2R2RK1 w - - 0 26,1.22,4.34,1.399,0.0,target,opening,train
r1b1k2r/1pp2ppp/n3pn2/pN2Nq2/1bQP4/4BBP1/PP2PP1P/R4RK1 b kq - 0 13,1.62,2.41,3.0,1.62,working,opening,train
3R4/5ppk/1B2p2p/4q3/2b1Pb2/5P1P/2r3P1/6QK w - - 2 52,-4.65,-6.53,-4.41,0.0,target,midgame,train
1n3rk1/5ppp/1q2p3/8/2pP1P2/5N2/p5PP/1n1NQRK1 w - - 6 29,0.0,-5.43,-3.955,0.0,calm,midgame,val
r1bqkbn1/pp2ppp1/3p4/2p5/1nP5/2NPPPP1/PP4B1/RQB1K1Nr w Qq - 0 11,-3.48,-0.18,-1.489,0.0,target,opening,train
rnb1k1nr/1pp2ppp/4p3/p6q/1bpP4/2N1BNP1/PPQ1PPBP/R4RK1 w kq - 6 10,0.0,2.77,0.562,0.0,diverse,opening,train
6k1/2Pb1p2/6p1/p7/3KP1P1/5P2/8/8 b - - 1 47,0.0,-1.9,-1.928,0.0,diverse,adveg,train
1r3k2/R2R2pp/8/4p1p1/2P5/6P1/5K1P/8 b - - 6 35,2.0,6.93,8.6,0.0,target,endgame,train
8/p7/P1p3p1/3k2Np/2np3P/4r3/2P5/1K5R b - - 5 45,-1.99,-3.96,-5.797,0.0,target,endgame,train
1r6/p3k1pp/p2bbp2/P1P1p3/4P3/2PRNN2/6PP/K7 b - - 2 25,0.0,-2.04,-2.258,0.0,calm,endgame,train
6k1/5pp1/4p2p/4P3/2bBPb2/5P2/r3q1PP/3R2QK w - - 2 47,-1.49,-4.54,-3.819,0.0,target,midgame,train
1n3rk1/5ppp/4p3/8/2pP1P2/5N2/pq3NPP/1n2QRK1 w - - 4 28,0.0,-5.19,-4.446,0.0,calm,midgame,train
8/3k4/4r3/8/4pP1Q/4K3/6PP/8 w - - 1 49,0.0,8.09,12.615,0.0,calm,endgame,val
8/p7/7R/1r6/3p4/3N1nk1/K1P4p/8 b - - 5 62,1.97,-5.07,-6.338,0.0,target,endgame,val
r7/p2bk1pp/p1p2p2/P3p3/4P3/3R1N2/1PP2bPP/1K1N4 b - - 1 20,1.0,-1.28,-1.789,0.0,target,endgame,train
6k1/5pp1/4p2p/4P3/2bBPb2/5P1P/2rq2P1/1R4QK w - - 1 49,-1.17,-4.52,-4.069,0.0,target,midgame,train
3r2kr/2Q2p2/p4p2/3q4/3nR2p/P1B5/1P3PPP/4R1K1 b - - 1 31,2.0,3.77,1.831,0.0,target,midgame,train
rn3knr/q3b3/p3ppp1/N2b3Q/B3pB1P/2P5/PP3PP1/R4RK1 w - - 0 18,1.12,6.37,2.687,0.0,target,opening,val
r1bq1rk1/pp3ppp/2nbpn2/8/2BP4/1QN1B3/PP2NPPP/R4RK1 w - - 1 12,0.0,-0.35,1.115,0.0,calm,opening,train
8/p3kp2/4p3/4P2p/4KP2/6P1/r7/8 w - - 2 47,0.0,-7.37,-11.165,0.0,calm,adveg,train
8/pp6/2pnpp2/P5kp/3P4/1K1N4/8/8 b - - 3 48,0.0,-6.62,-10.59,0.0,calm,adveg,train
B7/2B5/4p3/5pk1/b4n2/3r4/8/4K3 b - - 13 44,0.0,-6.8,-12.709,0.0,calm,endgame,train
6nr/4ppk1/1N4p1/p1p4p/2P1P3/3R1rPP/PP6/3RKB2 b - - 2 23,-1.0,4.52,5.064,0.0,target,endgame,train
4r1k1/5p2/3p1np1/2pP2B1/1nPbP1P1/q4P2/4QN2/5K1R b - - 7 44,0.0,-4.0,-3.693,0.0,diverse,midgame,train
2k5/1p2r2p/r1pqnpp1/p3nP2/4B3/P1QPB3/1P4PP/2R1R1K1 b - - 2 31,1.4,2.93,1.199,0.0,target,opening,train
r4rk1/ppqn4/2p1p2p/5p2/P1NP1Pn1/2B1P1p1/1P1NQ1Pb/R4K1R w - - 0 19,-1.26,-0.8,-1.932,-1.26,diverse,opening,train
8/pp5p/2p1pp2/Pn4k1/2KP4/8/8/4N3 b - - 3 46,0.0,-6.01,-10.292,0.0,diverse,adveg,train
7r/pp2k3/3N1pp1/3Pp3/qP1p3P/3P1NR1/2R2P2/2b1K3 w - - 2 30,-1.02,-3.08,1.577,-1.02,diverse,midgame,train
2kr3r/1ppb1ppp/p7/4N3/1bP5/2n1P3/PP2BPPP/R1K4R w - - 0 17,0.0,-2.86,-1.556,0.0,diverse,midgame,val
r1bq1rk1/pp3pbp/2n1p1p1/2p5/3p1PP1/2P1NBB1/PP1Q3P/RN2K2R w KQ - 0 17,0.0,1.56,1.4,0.0,diverse,opening,val
8/8/6k1/p6p/p3K2P/P4PP1/1P6/8 w - - 5 62,0.0,3.68,6.675,0.0,calm,adveg,train
4k3/p4p2/4b3/4P1p1/Pp3PP1/2P4P/8/5K2 b - - 0 43,0.0,-5.05,-0.749,0.0,diverse,adveg,train
8/pp5p/2p1ppkP/8/P2P4/2n2K2/8/4N3 w - - 2 43,-1.06,-5.05,-11.14,0.0,target,adveg,train
1n2r3/4kp2/ppQ1p1P1/3p1p1p/P2P1N2/1P2PP2/6P1/6K1 w - - 1 31,0.0,7.66,13.252,0.0,calm,endgame,train
3rbk2/R1R5/4p1p1/1p1pNr2/1P1P3p/4PP1P/1P4P1/6K1 w - - 2 44,2.28,5.42,3.162,0.0,target,endgame,train
4k2r/Q2r1pp1/2N1b3/3q3p/1Bp5/8/PP3PPP/4RRK1 w k - 1 26,3.6,11.17,9.939,3.6,diverse,midgame,train
2kr3r/ppq2pbp/2ppb3/8/3PR1B1/1Q2P1P1/PP1n1PN1/R3K3 w Q - 0 18,0.0,0.31,-1.571,0.0,calm,opening,train
3r1rk1/ppq5/4pn1p/2n2p2/P1NB1P2/3QPNp1/1P4Pb/R3KR2 w - - 0 25,-1.44,0.92,-2.075,-1.44,diverse,opening,train
rnbqk2r/pp4p1/1npb3p/4pp2/8/2N2NP1/PPBPPP1P/1RBQK2R w Kkq - 2 10,0.0,0.62,0.331,0.0,calm,opening,train
4r3/3nkp2/ppQ1p1P1/3p1p1p/P2P1N2/1P2PP2/6P1/6K1 b - - 0 30,2.45,7.4,11.621,0.0,target,endgame,train
5r2/7p/2k1b3/1p3p2/P1pB1K2/3BPP2/7P/2R5 b - - 0 36,0.0,4.61,5.467,0.0,calm,endgame,train
6k1/2r2ppp/8/3P4/qr1p2P1/1P5P/P1P1Q3/1K3B1b w - - 2 31,-1.62,-7.12,-14.791,-1.62,calm,midgame,train
1nkr4/1pp3N1/Q6p/1R6/3p2p1/2bP4/5PPP/2R3K1 b - - 0 32,2.19,0.86,5.353,2.19,calm,midgame,train
4r1kr/1p2bppp/p2q4/3PN3/1p2Q3/1P6/P3RPPP/4R1K1 w - - 9 22,0.0,2.41,2.105,0.0,diverse,midgame,train
rn3k1r/p4p2/3Np2p/N7/1p1PnBp1/8/PP3PPP/2R2RK1 b - - 0 25,2.34,5.75,5.403,0.0,target,midgame,val
r3kb1r/2pq4/3ppPpP/p7/Np1N1Pn1/8/PPP4P/R1BQ1RKb b kq - 0 18,-1.26,0.9,-10.955,-1.26,working,opening,val
r1bqr1k1/ppp2pp1/nn5p/8/5P1b/P1NP4/1PQ1P1BP/1RBK2NR w - - 3 13,-1.44,-1.81,-1.571,-1.44,working,opening,train
8/6kP/8/p3K2P/P7/8/P7/8 b - - 2 58,0.0,4.44,6.332,0.0,diverse,adveg,train
6r1/8/5k2/8/p2P3P/8/2p4K/2B5 w - - 0 48,0.0,-5.23,-5.623,0.0,calm,adveg,train
3k4/4p3/1p6/1N1P2r1/6p1/6K1/P4R2/8 w - - 3 40,1.13,3.29,3.044,0.0,target,endgame,val
2r1b3/8/k2K4/5B1p/2pB1P2/4P3/7P/1R6 b - - 0 45,5.01,8.45,9.22,0.0,target,endgame,train
3r1k1r/1p2bppp/p2q4/3P4/1p2Q3/1P3N2/P3RPPP/4R1K1 b - - 6 20,1.08,2.82,0.84,0.0,target,midgame,train
r1bQ1bk1/pp3p1p/6p1/8/2P1r3/4PN2/1qnB1PPP/3R1RK1 w - - 2 21,0.0,-2.58,-4.692,0.0,diverse,opening,train
rn1q1rk1/p2b1p1p/1p1ppnp1/2pP4/2P1P3/1QNB1N2/PP3PPP/R1b1K2R w KQ - 0 11,0.0,0.27,-1.127,0.0,calm,opening,train
r1bq1rk1/1p3ppp/2nb4/2n1p3/p1Pp3P/B2P1NP1/PQ2PPB1/RN2K2R w KQ - 3 14,-1.6,-0.91,-0.574,0.0,target,opening,train
8/8/8/p1pp1kp1/Pp1p4/1P1P2K1/2P3N1/8 w - - 2 47,0.0,1.88,0.062,0.0,diverse,adveg,val
1n2r2k/8/2pK4/8/N1p2R2/8/1PP5/8 b - - 0 35,-2.94,2.11,0.908,0.0,target,endgame,train
r5k1/1pp2ppp/1p6/1n6/1P3p1P/P1Pq4/1B3P2/2KBR3 b - - 2 27,0.0,-10.5,-14.899,0.0,calm,endgame,train
2r1k1r1/1q4P1/2p2p1B/p2np2p/8/3B1N2/PPQ2PPP/3R2K1 w - - 3 28,1.47,7.0,5.306,0.0,target,midgame,train
1r4k1/3bbppp/2pp1n2/8/rq2Pp2/1P1P2PP/2P3B1/1NKRQ2R w - - 0 22,-1.28,-4.15,-1.755,0.0,target,opening,train
1r1q1rk1/1pp2p1p/p1n1bnp1/3pN3/3P1P1P/1Qb1P3/PP1BB1P1/2R1K2R w K - 0 14,0.0,-1.02,-1.348,0.0,diverse,opening,train
8/1pp5/1n3k2/2pP4/4P3/p5N1/7K/8 w - - 0 53,0.0,-7.42,-6.272,0.0,diverse,adveg,train
1n5r/4Rr1p/4R1pk/8/P7/2P5/1P3P1P/5K2 w - - 0 41,0.0,1.1,5.824,0.0,calm,endgame,val
r2b2k1/5ppp/4p3/3pP3/2r5/pp2PN1P/3R1KP1/1R6 w - - 0 34,0.0,-6.52,-6.84,0.0,diverse,endgame,val
5k1r/p2b2p1/1p2p3/2b1n3/3N2p1/PB2P3/1P5P/R1BK4 w - - 0 23,0.0,-2.73,-0.863,0.0,diverse,endgame,train
1n1r1qk1/1p3p2/1Q2b2p/2p3n1/2Pp2pN/3P2P1/P3RPBP/4R1K1 w - - 2 34,0.0,3.93,3.436,0.0,calm,midgame,train
r3k2r/1p1b1ppp/nnN1p3/pN6/1b1P2P1/4BP2/PPQ2P1P/R4RK1 w kq - 3 18,0.0,5.81,10.844,0.0,calm,midgame,val
8/7k/5pp1/7p/5K1P/4P1P1/B4P2/8 b - - 19 56,0.0,5.88,9.584,0.0,diverse,adveg,train
1rr3k1/4bppq/4bn1p/pp5P/2P2P2/P3P1P1/1P2Q1B1/2R1K1NR w K - 0 24,0.0,-4.83,-3.004,0.0,diverse,opening,train
3r2k1/6pp/p1n1q3/1pQ1p3/4pP2/2P3PP/PP5N/2K1R3 w - - 0 27,-1.62,-0.28,-1.481,-1.62,working,midgame,train
r4k1r/1N1Rn3/8/p3p1pp/8/6P1/PP2PPBP/2R3K1 w - - 0 25,0.0,8.46,8.434,0.0,diverse,endgame,train
r7/3r3p/5n2/pp2kP2/4P2P/P1NP2P1/1PP2bq1/R2KR3 w - - 1 27,3.24,-9.25,-1.644,3.24,calm,midgame,train
2rq1rk1/pb1p1ppp/1pnp1n2/4p3/2P4P/P2P1N2/1PQ1PPP1/R1B1KB1R w KQ - 1 10,0.0,-0.66,0.213,0.0,calm,opening,val
8/8/pp3p2/n1k2P2/2P5/P1K5/4B3/8 w - - 9 48,0.0,-0.38,0.208,0.0,crowded_safe,adveg,train
5nr1/8/8/2k1pBP1/R6P/6K1/2PP4/8 w - - 1 50,1.46,6.56,9.447,0.0,target,endgame,train
6k1/6pp/p1n5/1p1r4/4pp2/1PP3Pq/P4Q2/2K1RN2 w - - 0 30,-1.2,-2.0,-3.281,0.0,target,midgame,train
5bnr/5kpp/4pp2/1b2P3/qn1P4/5N2/3BQPPP/3NK2R w K - 1 21,-3.6,-6.52,-6.274,-3.6,diverse,midgame,train
5K2/8/8/1p6/1k6/5R2/8/8 w - - 0 63,0.0,0.47,7.861,0.0,calm,adveg,val
2k5/3R4/3K4/P2n4/1P6/8/8/8 w - - 5 77,1.11,5.64,13.909,0.0,target,adveg,train
3k4/R4p2/p7/5r2/2P5/1P3pPp/R4K1P/8 b - - 0 41,0.0,6.99,9.375,0.0,diverse,endgame,train
8/8/1n1k4/2R2BPP/2PP1K2/8/8/4r3 w - - 3 59,0.0,7.87,14.434,0.0,diverse,endgame,train
1r4k1/p1b2p1p/2p1b3/2N5/4P3/6P1/P4P1P/R2R2K1 w - - 1 27,0.0,3.73,3.528,0.0,calm,endgame,train
5qk1/p1r2ppp/1p1rpn2/3p3P/1Q1P1P2/P1PBPP2/8/2R2K1R b - - 8 24,0.0,-0.35,0.003,0.0,calm,midgame,train
r3r2k/ppp2pp1/8/3q4/P2n1B2/3BP3/1P1b1PPP/1Q3K1R b - - 1 19,-1.26,-5.57,-6.549,-1.26,working,midgame,train
2kr1b1r/1pq2pp1/p4n1p/8/P1pPp3/B1P1P2P/1Q2NPP1/RR4K1 b - - 1 18,1.62,0.51,2.762,1.62,working,opening,train
3R4/1k6/1Pb5/p1pB2p1/6pr/2N5/5P1P/6K1 b - - 3 56,8.54,2.54,3.707,0.0,target,endgame,train
6k1/5qrp/p1n1p2Q/2bpP3/P1p5/2P5/1r4PP/1B1R2RK w - - 2 32,1.62,-4.98,-3.538,1.62,diverse,midgame,train
r1b1kb1r/3nn1p1/5q1p/1p3p2/p4B1N/2N4P/PP2QPP1/R3R1K1 w kq - 0 20,2.7,3.21,0.607,2.7,diverse,opening,val
r2qk2r/1p1n1p2/2p1pnpp/p4b2/1bNP1B2/2PB1N1P/PP3PP1/R2QR1K1 b kq - 0 13,1.26,1.8,1.132,0.0,target,opening,train
3B4/8/p1p1kp2/P1Kb2p1/6p1/8/5P1P/8 b - - 4 45,0.0,0.0,-6.017,0.0,crowded_safe,adveg,train
8/6pp/4k3/1p2p3/rb5P/1R2BPK1/5P2/8 b - - 3 38,0.0,-2.37,-1.995,0.0,calm,endgame,train
3R4/1k6/1P2B3/p1p3p1/4b1pr/8/4NP1P/6K1 w - - 0 55,8.22,3.19,3.644,0.0,target,endgame,val
6k1/pbpp1ppp/1p3q2/3P4/P7/6PP/r4PB1/2R2RK1 b - - 6 27,0.0,-7.15,-8.237,0.0,calm,endgame,train
2q5/1prn1k2/2p1pp1r/P1Pp1p1P/3P1N2/P3P1Q1/1R3PP1/1R4K1 w - - 3 38,1.44,3.97,7.071,1.44,working,midgame,val
5k1r/1p1b1pb1/6pp/1Nr1n2n/p7/5NP1/PP1QPPBP/5RK1 w - - 0 24,0.0,4.15,4.077,0.0,diverse,midgame,val
r1r3k1/pp1b1ppp/q1n1pn2/8/3P1B1P/1Bb2N2/PPQ2PP1/2KR3R w - - 0 15,-1.21,-4.64,-2.782,0.0,target,opening,val
rnbqkb1r/pp2pp2/2p2npp/8/3P4/2NB1N2/PPP2PPP/R1BQK2R b KQkq - 1 7,0.0,0.65,0.43,0.0,diverse,opening,train
8/8/p7/P7/5Kp1/5pBk/2b2P1P/8 w - - 21 85,0.0,0.0,-1.182,0.0,crowded_safe,adveg,train
4R3/5pk1/6p1/3Pb3/6P1/3bB3/r7/7K b - - 2 43,-7.0,-4.93,-6.301,0.0,target,endgame,train
4r1k1/6p1/2p2r1p/1b3P2/p1pPBKPP/2P5/P7/1R2R3 w - - 4 33,0.0,3.33,1.606,0.0,calm,endgame,train
r2q1bk1/5ppp/2p5/2P5/8/PQ3P2/1Br2P1P/R4K1R b - - 0 22,-1.29,-3.21,-0.851,0.0,target,midgame,train
2b3k1/1p5r/2p2q2/3pNP1p/r2P4/PN6/6PP/R2Q1RK1 w - - 3 27,1.26,5.54,7.296,1.26,working,midgame,train
3r2k1/pp3pp1/4p2p/P2rq3/1R1b3n/Q4PNP/1P3P2/R4B1K b - - 11 33,-1.45,-4.25,-3.231,0.0,target,opening,train
r1b2rk1/p1q1bpp1/2p4p/2ppn3/Q3P2P/2PPBN2/PP3PP1/R3K2R w KQ - 0 13,-1.07,-4.01,-3.384,0.0,target,opening,train
2kr1n1r/ppq1ppb1/2ppNnpp/P7/1PPP4/2NBP2P/5PP1/R1BQ1RK1 b - - 0 14,1.68,3.83,2.224,0.0,target,opening,train
5rk1/1R4p1/r1p5/1b3PP1/2pPBK2/p1P5/P7/1R6 b - - 2 38,1.02,3.65,3.166,0.0,target,endgame,train
1r4k1/3p1ppp/2q1p3/8/2P2N1P/pr3nP1/5P2/2QR1K1R b - - 6 37,-1.62,-6.53,-5.3,-1.62,working,midgame,train
5rk1/3q1p1p/1pp3p1/2b2b2/2B1p3/1N2P3/2QB1PPP/R5K1 w - - 1 22,0.0,3.26,2.074,0.0,calm,midgame,train
1q3rk1/pp3pp1/4p2p/P2r1n2/2QPN3/5P1P/1P3P1b/R2R1B1K w - - 5 25,-1.98,-0.66,-2.305,-1.98,working,opening,train
2kr1b1r/ppp2ppp/2nqp3/8/8/P3NN2/1PPP2PP/R1BQ1RK1 b - - 1 12,0.0,2.59,1.889,0.0,calm,opening,train
1rbqkb1r/p1p1n1pp/2p1p3/3p1p2/4P3/1P3N2/P1PPQPPP/RNB2RK1 w k - 0 8,0.0,0.97,-0.268,0.0,diverse,opening,train
1nbqk2r/4ppbp/1n1p2p1/1p1P4/rQ1N4/N1P3P1/P3PPBP/R1B1R1K1 w k - 1 16,1.21,2.86,2.557,0.0,target,opening,train
8/5p2/8/p1p1k3/Pp3p2/1P1K4/8/8 w - - 0 61,0.0,-4.97,-8.474,0.0,diverse,adveg,train
2k5/2p5/pp6/3P4/1P6/P6r/2K5/8 b - - 3 50,-2.06,-7.38,-10.381,0.0,target,adveg,val
8/8/p3b3/P3B3/6p1/4Kp2/5PkP/8 b - - 10 79,0.0,0.0,0.168,0.0,crowded_safe,adveg,train
8/4k1p1/7p/5R2/2Pb1N2/1P6/5PPP/6K1 b - - 0 40,0.0,7.82,14.208,0.0,calm,adveg,train
k7/b3B3/8/1RpP4/2P1p1PP/PP1r4/5K2/8 b - - 0 57,-2.24,6.22,7.749,0.0,target,endgame,train
8/5p2/pR3N2/6k1/8/1PbbPP2/r5P1/6K1 b - - 6 38,0.0,-4.18,-7.527,0.0,diverse,endgame,val
2q3k1/5p2/rp1p3p/3Nn1pB/3QP3/P6P/5PP1/6K1 w - - 0 34,1.64,0.63,-2.94,0.0,target,midgame,val
r4rk1/3p1ppp/2nPp3/2P4q/2P5/p1QP2PP/p4P2/R1N1K1R1 b - - 2 27,-1.44,-3.99,-1.146,-1.44,working,midgame,train
3rr1k1/1p3p1p/p1n2bp1/3q2P1/5Q1P/BP5R/P2NpP2/2R1K3 b - - 0 25,-1.98,-5.26,-4.94,-1.98,working,opening,train
1k1r1r2/ppp1b1pp/2n1p3/3qNp2/3P4/P1P2N2/1P4PP/R1BQ1RK1 w - - 5 17,0.0,3.82,1.641,0.0,diverse,opening,train
4k3/5p2/2p3p1/pp6/P4P2/1P4Kp/8/8 b - - 1 53,0.0,-4.02,-4.622,0.0,diverse,adveg,train
5k2/1p3ppp/3p4/p2P4/Pp1R4/6KP/4r1P1/8 b - a3 0 32,-1.23,-6.33,-6.657,0.0,target,adveg,train
1b1B4/k7/8/1RpPp3/2P5/PP2r1P1/7P/6K1 b - - 4 53,6.3,5.1,7.382,0.0,target,endgame,train
3R4/kpN5/7r/p1p1r3/P3P3/3P2Pp/1PP4P/5RK1 b - - 6 37,0.0,7.6,10.605,0.0,calm,endgame,val
2rkr3/p2np3/1p1Q4/6Bp/7p/1P4P1/P3PP2/b2R2K1 b - - 0 26,2.34,7.74,5.541,2.34,diverse,midgame,train
5k1r/r4ppp/p1nN4/2bRp1B1/8/2P3P1/5PKP/R7 b - - 2 25,0.0,1.05,-0.983,0.0,diverse,endgame,train
3rr1k1/1p3pbp/p1nB2p1/q7/5QPP/1P5R/P2NpP2/2R1K3 b - - 2 23,-2.88,-5.26,-5.473,-2.88,diverse,opening,train
8/2p5/2P5/p2k4/P7/3n4/2K5/8 b - - 23 70,-1.0,-3.74,-7.692,0.0,target,adveg,train
1k6/6p1/5p2/PP2p2p/2P5/5K1P/b4P2/2R5 w - - 0 44,0.0,6.68,8.261,0.0,diverse,adveg,val
1b1B4/1k6/5R2/2pPp3/2P5/PP2r1P1/7P/6K1 w - - 1 52,3.15,5.14,7.418,0.0,target,endgame,val
r3r1k1/1p3pbp/pqn3p1/8/5Q1P/BP4PR/P2NpP2/3RK3 w - - 0 21,-3.24,-5.81,-5.759,-3.24,diverse,opening,val
5k2/5N2/6pP/3B1p2/4p3/4P3/7r/5K2 b - - 1 44,-2.14,-0.05,1.681,0.0,target,adveg,train
4r3/ppp5/3k1b2/6p1/P1R1P3/4K1P1/4N3/7r b - - 2 33,0.0,-6.69,-11.277,0.0,calm,endgame,train
3R4/rpb1pp1p/p3bp1k/7N/6P1/8/PPP1B2P/1K5R w - - 1 24,1.36,6.11,6.852,0.0,target,endgame,train
r2qk2r/pp3p2/3bbp1p/2p1n3/2PpPN2/P2P2P1/1P4BP/RN1Q1RK1 w kq - 2 14,0.0,0.43,-0.49,0.0,calm,opening,train
r4rk1/pp1b1ppp/n3p3/q1b1Q3/8/2n1BN2/PP2PPPP/3RKB1R w K - 0 13,0.0,-3.96,-1.557,0.0,calm,opening,train
r2qkb1r/ppp2ppp/2n5/3b1nN1/3pN3/P2P4/1PP1BPPP/R1BQK2R b KQkq - 0 10,0.0,-0.5,-0.62,0.0,calm,opening,train
8/8/5p2/6p1/4p2p/7P/6P1/4k2K w - - 0 62,0.0,-4.64,-6.515,0.0,diverse,adveg,train
8/5p2/2pp2p1/1p3k1p/3Q1P1P/2P3P1/q7/6K1 b - - 6 49,2.8,-3.0,-4.537,0.0,target,endgame,train
8/5k1p/p1r1pp1P/3p2p1/3P4/P1P3Pq/1p1B1P2/1N2R1K1 w - - 1 39,0.0,-6.37,-11.311,0.0,diverse,endgame,train
1r3rk1/p1pq1p2/4pBp1/np2P2p/3Pp3/1Q2P3/PPP3PP/2R2RK1 w - - 2 23,1.41,1.19,0.221,0.0,target,midgame,train
2kr3r/4b3/p1n3p1/1p3pN1/2pP1Kp1/N1P5/PP5P/R2QR3 b - - 0 26,-3.6,0.26,2.403,-3.6,crowded_safe,midgame,train
r4k1r/2p2pp1/1pnqpn2/1B5p/2NP4/P4N2/P4PP1/R2Q1RK1 b - - 4 18,0.0,3.4,1.462,0.0,diverse,opening,train
r1bq1rk1/ppp1bppp/2n5/3p1n2/P5B1/2N4P/1PPP1PP1/R1BQK1NR b KQ - 0 9,0.0,-2.85,-0.625,0.0,calm,opening,val
8/8/4K3/6pp/6k1/6P1/7P/8 b - - 1 46,0.0,-1.09,0.089,0.0,calm,adveg,train
8/4Pbk1/7p/4K3/7P/8/8/8 w - - 1 58,0.0,-1.54,-4.46,0.0,diverse,adveg,train
5k2/4R3/2rP1N2/p7/P7/2p3P1/2P3KP/8 w - - 3 39,0.0,7.71,12.238,0.0,calm,endgame,train
8/6k1/1pr5/2n5/1PP3pB/P3R3/5PP1/6K1 b - - 0 46,1.31,4.39,5.542,0.0,target,endgame,train
8/5k2/p3pp1p/P2p1qp1/r2P1P2/2P3P1/1p1B1K2/1N2R3 w - - 4 45,0.0,-8.68,-12.187,0.0,calm,endgame,train
2k5/pp4pp/2p2b2/2P2p2/1P4nP/P2rPN2/1r4P1/R4K1R w - - 1 28,-7.76,-7.65,-6.195,0.0,target,endgame,train
r2r1bk1/1p1q1p1n/2n1b2p/1Np5/2Pp2pN/1Q1P2P1/P2B1PBP/1RR3K1 w - - 1 25,0.0,0.14,0.012,0.0,diverse,opening,train
8/8/6p1/7p/3k3P/5P2/8/6K1 b - - 38 107,0.0,0.0,-0.524,0.0,diverse,adveg,train
2r5/6k1/np6/4R3/2P3pB/PP6/5PP1/6K1 b - - 0 44,1.83,4.16,5.955,0.0,target,endgame,val
n5r1/5r1k/1pR3p1/p5Qp/3PP3/P7/1P3PPP/6K1 w - - 4 37,1.3,6.32,10.086,0.0,target,endgame,train
5rk1/5p1p/p3P1p1/r2p2P1/P1q2P2/2p2NP1/1pQ5/1K2R3 b - - 0 30,-3.6,-6.36,-12.523,-3.6,diverse,midgame,train
4k3/rppn1p1p/2np2rB/5N2/2PP3Q/pP6/P3P1B1/5RK1 w - - 1 36,1.98,9.05,12.592,1.98,calm,midgame,train
8/8/P1k3pp/2p5/4P3/8/5KPP/8 b - - 0 43,0.0,2.95,3.953,0.0,diverse,adveg,train
8/8/1kp5/8/1pPP4/1P1N2Kp/6b1/8 b - - 4 56,0.0,0.08,-0.948,0.0,crowded_safe,adveg,val
5rk1/3R4/4p3/1p1p2p1/1P1P2Np/4PP1P/1P3KP1/8 w - - 1 49,1.88,7.85,9.165,0.0,target,endgame,train
5r2/2p1k3/2n2p2/1p2pP2/p2pN1P1/P2P1B2/1PP2K1P/5R2 w - - 2 37,0.0,6.56,7.576,0.0,calm,endgame,train
3k4/1pp2pNp/2np3B/r3n3/p1P3r1/3P4/PP1QP1B1/5RK1 w - - 4 31,0.0,5.41,9.444,0.0,calm,midgame,val
2r1k2r/p2qp3/1pnp2pb/2p2pN1/2P4P/PQNPP1n1/1P3P1P/R2R2K1 w k - 0 22,0.0,-2.07,-1.877,0.0,calm,opening,train
8/8/1kp5/4N3/2PPb3/1P4Kp/8/8 b - - 4 59,1.15,0.17,1.008,0.0,target,adveg,train
8/6pp/p7/1p6/3Q4/1PP3Pk/P2K4/4rq2 w - - 14 41,-8.75,-9.17,-8.528,0.0,target,endgame,train
2r3k1/5ppp/p3p3/1p5r/2NP1P2/N7/PP1R3P/4K3 w - - 0 27,-1.03,-1.44,0.355,0.0,target,endgame,train
4rkn1/2pR1pp1/1b6/p3P3/6Pr/P1B2P1p/1P5P/3R1K2 w - - 0 40,0.0,-1.5,-4.407,0.0,diverse,endgame,train
4k3/3n1p2/2qB2rp/pN3Q2/r3p3/6PP/PPP2P2/3RR1K1 b - - 3 24,3.96,8.55,11.904,3.96,diverse,midgame,train
r1b3k1/ppp3p1/3p3b/8/1PPNq1pP/4Pr2/P2KN3/R5QR b - - 4 22,-1.62,-3.8,-6.395,-1.62,working,opening,val
r1b1k2r/ppppqppp/2n2n2/8/3P4/2PBBN2/P1P2PPP/R2QK2R b KQkq - 2 8,0.0,0.6,0.806,0.0,calm,opening,train
r2qr1k1/pp1b1pbp/n2p1np1/2p1p3/2P1P3/1PNPBNPP/P2Q1PB1/3R1RK1 b - - 0 16,0.0,0.41,0.86,0.0,calm,opening,train
8/8/4k2p/8/7P/5p2/5K2/8 b - - 2 96,-1.37,0.0,-1.496,0.0,target,adveg,val
2b1k3/R4p2/2p2Bp1/2r1P2p/7P/P2BKP2/8/8 b - - 0 45,4.46,6.59,7.141,0.0,target,endgame,val
r4k2/1p2Rp1r/2q3p1/p2p3p/3P4/1P1N2P1/P2Q1P1P/4R1K1 w - - 3 31,1.73,6.62,5.952,0.0,target,midgame,train
r3k1br/p2q4/6pp/4ppN1/2PP2n1/5Q2/PP3PPP/4RRK1 w - - 0 25,3.01,0.74,1.632,0.0,target,midgame,train
r1b4r/pp2k1p1/4p3/2b1n3/3N2p1/1B2P3/PP4RP/R1BK4 b - - 3 19,0.0,-2.22,0.302,0.0,calm,midgame,train
r1bqkb1r/p4ppp/2p5/2p1p3/8/P2P2P1/1P2PP1P/RNBQK1NR w KQkq - 0 9,-1.01,2.9,4.33,0.0,target,opening,val
rnb2rk1/pp2ppb1/1q4pp/3p4/3P1B2/1PPB1N2/P4PPP/R2QK2R w KQ - 1 12,0.0,0.69,0.636,0.0,calm,opening,train
8/p4p2/4p1k1/P3K3/8/7P/6P1/8 b - - 1 49,0.0,0.14,-0.068,0.0,crowded_safe,adveg,train
8/8/8/6k1/3pBp1p/5P1K/6P1/8 b - - 1 80,0.0,3.15,5.212,0.0,diverse,adveg,val
6k1/3R3p/1p2N1p1/3P4/8/4PK1P/6P1/1r6 w - - 3 39,2.69,9.58,10.095,0.0,target,endgame,train
2r5/5p2/4pkp1/pp1pR2p/3P1P2/1Pr2P1P/P2R1K2/8 w - - 0 29,0.0,-3.71,-3.03,0.0,calm,endgame,val
r5k1/1p3R1r/3q2p1/p2pN2p/3P1Q2/1P4P1/P4P1P/4R1K1 b - - 0 33,3.24,6.83,10.972,3.24,diverse,midgame,train
5r1r/p2bk1p1/1p2p3/2b1n3/3N2p1/PB2P3/1P3R1P/R1BK4 w - - 1 22,0.0,-2.88,-0.053,0.0,calm,midgame,train
3rk3/pP1np1b1/BqpB2p1/3p1b1p/3P3P/1N2PP2/1PP4Q/R1K3R1 b - - 0 26,1.62,4.28,8.982,1.62,diverse,opening,train
8/2b1k3/2p5/p1p2p1p/2Pp1PpP/PP1P2P1/2NK4/8 b - - 36 60,0.0,0.0,0.813,0.0,calm,adveg,train
8/1n2rp1p/1p3pp1/p7/2k3PP/2PR4/2PB1PK1/8 b - - 1 34,5.38,-2.42,-1.84,0.0,target,endgame,train
3b2k1/1b1q3p/3Pp2p/8/p7/Q4RP1/6K1/8 b - - 0 53,0.0,-5.44,-6.161,0.0,diverse,endgame,train
q4k1r/2p1n3/1pBp1p1p/6pQ/4P3/4B3/1PP2PPP/6K1 w - - 0 21,1.17,7.33,6.619,1.17,working,midgame,train
4r1k1/R1PNnpp1/3np2r/7p/3P4/4PB2/3K1PPP/1R6 w - - 3 32,-1.0,5.59,4.596,0.0,target,endgame,train
1r1qk2r/1p3pp1/p1n1p1p1/2bp4/6P1/P3PQ1P/1PPN1P2/R1BK3R w k - 0 15,0.0,-1.42,-0.836,0.0,calm,opening,val
r4Nk1/1p2n1b1/pqnp2p1/4p3/2P5/3P2P1/PP1BPPB1/R2QK2R b KQ - 0 19,1.8,4.71,9.21,1.8,calm,opening,train
1r3rk1/2p1qpp1/2Bb1n2/3p1b2/QP1p3p/P1P1BNnP/5PP1/RN2K1R1 w Q - 0 19,-3.24,-3.78,-4.736,-3.24,working,opening,train
8/7p/1kp2p2/8/1P5P/5P2/5K2/r7 w - - 0 42,-1.22,-7.47,-9.962,0.0,target,adveg,train
3r2k1/1R6/3rpp2/p5pp/2B5/1P1pKP2/P5PP/3R4 b - - 3 32,0.0,4.01,2.912,0.0,diverse,endgame,val
rn1qk2r/pb3ppp/1p1p4/3p4/3P4/P3PN2/1P3PPP/R2QKB1R w KQkq - 1 11,1.73,1.42,0.779,0.0,target,opening,train
rn1q2r1/bp3k1p/2pp1n2/p5B1/N3PQbP/P2P2P1/1PP2PB1/R3K2R b KQ - 2 15,2.52,0.03,3.842,2.52,diverse,opening,train
6r1/1p1kpp2/p7/P3Pp1Q/1Pp1q2N/2P4P/3r2P1/5R1K b - b3 0 37,1.62,-3.87,2.817,1.62,diverse,midgame,val
r7/pbpk3r/8/2p1RpBp/2Np2p1/P2P2P1/1PP2K1P/R7 b - - 0 25,1.14,4.62,6.081,0.0,target,endgame,train
r5k1/1pB3b1/4pnnp/3p4/Pp1P2P1/4PB2/1P1N4/4K2R b - - 0 27,0.0,-0.11,1.08,0.0,calm,endgame,train
1r3rk1/6pp/p2p1b1q/n1pPp3/2P5/P2PpBP1/P3Q3/1R2KR2 w - - 8 28,-3.24,-7.2,-10.289,-3.24,working,midgame,val
r2k1n1r/1b2q2p/1p1p1p2/pB1p2p1/3P4/PQ2PN2/1P3PPP/2R2RK1 w - - 0 19,1.62,3.97,3.328,1.62,working,opening,train
2k4r/2Pr1pp1/p1Rbq2p/4Bb2/P2p3P/3N2P1/4PPB1/3Q1RK1 b - - 4 27,3.96,8.0,5.535,3.96,diverse,opening,val
r3kbr1/1pqb1Npp/p2p1B2/4pp2/3nP3/1BN5/PPP2PPP/R2Q1RK1 b - - 0 16,1.26,4.27,3.685,1.26,diverse,opening,train
4qk1r/Q3b3/6p1/3B1p1p/2P2P2/4R2P/PP4K1/8 b - - 0 28,1.95,4.2,4.392,1.95,diverse,midgame,train
4n1k1/6b1/1B2p1np/3p4/rp1P2P1/4PB2/1P1N4/4K2R b - - 0 30,0.0,-0.19,0.902,0.0,calm,endgame,train
r4rk1/6pp/p2p2q1/n1pPp3/2P2p1b/P2PPBP1/P3Q3/1R2K1R1 b - - 1 23,-1.62,-4.94,-8.185,-1.62,working,midgame,train
q2r2k1/1bp2p1p/2n1p1pP/2b1P3/2N5/1nP2N2/r1Q2PP1/1R2KB1R w K - 6 27,0.54,-6.5,-2.439,0.54,diverse,opening,train
r1bqkb1r/pp3ppp/1n3n2/2pP4/3Pp3/2N1P2P/PP2BPP1/R1BQK1NR w KQkq - 1 8,0.0,0.65,-0.263,0.0,calm,opening,train
1k6/1p4R1/2p2P2/2Pp4/8/2PKP3/PP5r/8 b - - 0 47,0.0,7.64,6.182,0.0,diverse,adveg,train
5rk1/1p2p1bp/4b1p1/3pN3/3P2P1/2P1P3/2qNKP2/R6R b - - 0 31,-1.8,-7.99,-9.331,-1.8,working,midgame,train
r1b1k2r/pp1pp2p/n4qp1/2pPbp2/R1N5/1P1QP1N1/5PPP/4KB1R w Kkq - 10 20,0.0,-1.51,-2.193,0.0,diverse,opening,train
8/6p1/5p2/p2k2p1/1p6/1P1K1P1P/6P1/8 b - - 0 46,0.0,-2.26,-1.418,0.0,calm,adveg,train
6n1/7P/6p1/k7/8/4PK1P/P2P4/8 b - - 0 50,0.0,7.8,5.833,0.0,diverse,adveg,train
8/2p5/2k5/2P1R1pp/4p1r1/P7/8/7K b - - 3 46,-1.0,-4.69,-5.32,0.0,target,adveg,train
3r2k1/1R5R/5p1p/6p1/p3P3/P2p1P2/1P1K1PbP/8 w - - 6 41,2.79,5.34,1.793,0.0,target,endgame,val
8/5k2/4b3/p3bp1p/P7/BP1Bn1P1/4R2P/5RK1 b - - 1 33,0.0,6.57,7.923,0.0,calm,endgame,train
2rq1rk1/p3nppp/1p1ppn2/1B6/3P3P/P1N1PP2/1PQ2P2/2R1K2R w K - 5 16,0.0,0.0,0.342,0.0,diverse,opening,train
r3r1k1/1b2q2p/1B1pn1pQ/pBPp1p2/8/P4N2/1P3PPP/R4RK1 b - - 1 24,0.0,5.05,3.43,0.0,diverse,opening,val
rnb1k2r/pp1pp2p/1q4p1/2pPbp2/R7/1P1QP1N1/3N1PPP/4KB1R b Kkq - 7 18,0.0,-1.26,-2.188,0.0,diverse,opening,train
8/p4pp1/8/4k1p1/2K1P3/6PP/P7/8 b - - 0 50,0.0,-1.75,0.011,0.0,calm,adveg,val
8/8/2p5/2P1R1pp/2k1p1r1/P7/8/7K w - - 2 49,-2.3,-4.94,-5.444,0.0,target,adveg,train
8/1p5p/4k2b/2p1p3/4P3/3r4/1R2K3/4R3 b - - 3 46,-2.57,0.0,-3.721,0.0,target,endgame,train
1r4k1/7p/p2p2p1/2p1bb2/P1P5/2NP3P/R2K2B1/8 b - - 1 32,0.0,-3.42,-1.85,0.0,diverse,endgame,train
4r1k1/7p/1b2N1p1/p4p2/1qNpnP2/3P2PP/2P4K/4R1Q1 w - - 7 42,0.0,0.72,-1.064,0.0,calm,midgame,train
1rkqR2r/1p2bp2/p4N1p/2pP1b2/P6Q/1P6/2PP1PPP/R5K1 w - - 2 25,1.59,2.15,0.659,0.0,target,midgame,train
8/p5p1/8/1K3pp1/4k3/6PP/P7/8 w - - 0 52,0.0,-2.39,-1.352,0.0,diverse,adveg,train
8/1p2b2p/1P2kp2/N3pp2/p3nP1P/P3P1P1/2r5/3RK3 b - - 3 35,0.0,-5.47,-7.986,0.0,diverse,endgame,train
8/6k1/p2p2pp/P1p2b2/2Pb4/1r1P3P/R2K1NB1/8 w - - 1 36,-2.52,-3.19,-3.382,0.0,target,endgame,train
1n3rk1/3bQ3/pqpNp1p1/R3Pp1r/1P1P3B/7P/5PP1/4R1K1 w - - 1 35,2.34,4.0,4.29,2.34,diverse,opening,train
r4knr/1p1pq2p/2nN1pp1/p2Q4/5B2/6P1/PP2PPBP/R2R2K1 b - - 4 18,1.72,6.74,7.631,0.0,target,opening,train
rnbq1rk1/5ppp/2pbpn2/p2p4/3P1P2/PNBBP3/2P3PP/R2QK1NR b KQ - 1 11,0.0,-1.15,0.071,0.0,calm,opening,train
6k1/pp6/7p/r3n2p/2P2Q2/P7/1PP2PPP/4K3 w - - 1 29,2.9,7.65,10.911,0.0,target,endgame,train
8/1r4p1/RpB1p1kp/4K3/4PP2/P7/bP5P/8 b - - 8 34,0.0,3.53,1.172,0.0,calm,endgame,train
1r2k2r/p2qbp2/Q1pp2p1/7p/5B2/5NP1/PP3P1P/2R2RK1 w k - 3 21,0.0,3.83,4.154,0.0,calm,midgame,train
4k2r/1r1q1p2/2Npp1pp/1B1b4/Q7/P3B2P/1b3PP1/R4RK1 b k - 0 25,1.81,4.23,2.935,0.0,target,opening,train
r1bqk2r/1p2pp1p/5npb/p1p1n3/2N5/1P1P2P1/PB2PPBP/R2QK2R w KQkq - 0 11,0.0,0.58,-1.707,0.0,diverse,opening,train
rn1qk2r/p3bppp/bpp1pn2/3p4/2PP4/4PNP1/PP1N1PBP/R1BQ1RK1 b kq - 3 8,0.0,0.0,-0.225,0.0,calm,opening,train
6B1/2r5/pp4R1/7b/2P5/8/5kp1/2K5 w - - 0 56,1.48,-5.85,-5.401,0.0,target,endgame,train
8/pp4k1/4p1p1/4p3/bpPnP3/P2P2p1/1Q4B1/4KNq1 b - - 0 37,-2.16,-10.56,-6.552,-2.16,diverse,endgame,train
3r1k1r/2R1n3/4qp1p/4p2B/pQ6/4P1P1/PP3P1P/2R3K1 b - - 5 27,1.8,6.11,4.676,1.8,diverse,midgame,train
2rq1rk1/pp3pp1/7p/P2p4/3npP1P/3P1nP1/1P3P2/R1BQ1K1R b - - 0 24,-2.9,-5.87,-6.515,0.0,target,midgame,val
r1q2k2/5p2/2p1pnp1/1PPpNb1r/P2P3p/2Q1P2P/3N1PP1/R4RK1 b - - 0 24,0.0,4.31,2.852,0.0,diverse,opening,train
r3k1nr/pp5p/3p2p1/2qNbPB1/3p2Q1/6P1/PP3PBP/2R2RK1 b kq - 0 15,1.62,9.6,8.822,1.62,diverse,opening,val
2kr3r/pp3pbp/2n2np1/q1p1p3/N1P5/1Q2BBP1/PP2PP1P/R4RK1 w - - 0 13,1.8,2.12,3.3,1.8,working,opening,train
r1b2rk1/1p2ppbp/3p2p1/p1qP3n/2P1P1n1/PQ1B1NP1/R6P/1N2K1R1 b - - 0 20,-1.98,-8.3,-9.375,-1.98,diverse,opening,train
8/5k2/5p2/6pp/8/6P1/5K2/8 b - - 1 63,0.0,-2.59,-5.163,0.0,calm,adveg,train
8/8/R1K4k/1P4p1/7p/r7/P3R3/8 b - - 1 58,0.0,5.49,8.336,0.0,calm,endgame,val
8/6rp/ppb2R2/6pP/2P5/4k3/8/2KB4 b - - 5 49,2.05,-2.72,-5.198,0.0,target,endgame,val
4R3/3r2kp/1p4p1/3B1b2/2P5/1N6/7P/6K1 w - - 0 45,2.27,3.45,5.352,0.0,target,endgame,train
4n1kr/2n2pp1/7p/8/1PP3B1/R3B3/P4PPP/6K1 w - - 1 38,0.0,6.35,8.155,0.0,calm,endgame,train
r4k1r/4n3/1q3p1p/2R1p2B/p7/2Q1P1P1/PP3P1P/R5K1 w - - 0 25,1.15,4.35,2.706,0.0,target,midgame,train
3r4/5kpp/2p5/1p2p2P/2b1P2Q/2PnqB2/1p3R2/1r4RK w - - 0 38,1.98,-8.12,3.877,1.98,calm,midgame,val
r3k1nr/pp5p/3p2p1/2qNbpB1/3pP1Q1/6P1/PP3PBP/2R2RK1 w kq - 0 15,3.08,8.92,5.596,0.0,target,opening,train
2kr3r/pp2ppbp/2n2np1/q1p5/N1P5/1Q2BBP1/PP2PP1P/R4RK1 b - - 4 12,1.8,1.72,3.071,1.8,working,opening,train
8/1k6/1p2p3/p3P1R1/1P3n1P/P4P2/5P1K/8 w - - 0 40,0.0,6.84,8.768,0.0,calm,adveg,train
8/1r4pp/ppb2k2/4pp2/2P2PPP/8/1R6/3BK3 w - - 0 40,0.0,-3.05,-5.438,0.0,calm,endgame,train
5rk1/4Rp1R/r7/1p3BP1/1Pp2P2/p2pK3/P7/8 w - - 2 44,2.93,4.34,1.57,0.0,target,endgame,train
3Q4/p5bk/1p1Nq3/2p5/2P4P/rP2P1P1/5P2/5NK1 w - - 4 45,1.62,1.67,7.14,1.62,working,midgame,train
r7/1p3pkp/4p1p1/2ppPnP1/3P1Q2/1qn2N1P/5PK1/4R3 w - - 0 33,1.98,-5.85,-5.433,1.98,calm,midgame,train
r3r1k1/1p5p/2p1qnpB/p3NR2/3P4/4Q3/PP3PPP/R5K1 b - - 0 25,2.88,1.06,6.444,2.88,working,midgame,train
2r1rk2/1b3p2/pp3qp1/3pb2p/1P1Nn3/P2BP2Q/1RR2PPP/3N2K1 w - - 7 27,0.0,-0.66,-1.042,0.0,diverse,opening,train
r3k2r/p2N1p1p/bp1qpn1b/3P2p1/3p4/1PN3P1/P1P2PBP/R1BQR1K1 b kq - 0 13,1.44,5.29,4.104,1.44,diverse,opening,train
5k2/1P4p1/8/2K5/3B2rp/6P1/5P2/8 b - - 0 60,-1.07,2.83,0.797,0.0,target,adveg,train
8/1p3pkp/4p1p1/2PpPnP1/r3n3/1q3N1P/3Q1PK1/4R3 w - - 3 35,-1.44,-7.36,-10.532,-1.44,working,midgame,val
6k1/5pp1/q1rb3p/3pp3/2nP4/P1RQ2PP/5P2/2BN2K1 b - - 1 44,0.0,-1.79,-0.571,0.0,calm,midgame,train
3r1rk1/pp2pp1p/6p1/2q5/2P5/3P1BPb/nQ3P1P/3RK2R b - - 1 22,-2.16,-6.52,-4.911,-2.16,working,midgame,train
rn3k2/1bqp1p1r/pp4pp/3PB3/2P5/PP6/2B2PPP/R2QR1K1 b - - 0 19,2.17,5.15,3.561,0.0,target,opening,val
2r1k2r/pp1bppbp/3p4/q4p1P/8/P1n2NP1/1P1QPP2/R3KB1R w KQk - 0 15,0.0,-4.83,-5.953,0.0,diverse,opening,train
2q1k1nr/1pp2pp1/2npBb2/2rN3p/p1P5/4QNP1/PP1BPP1P/R4RK1 b k - 0 14,1.44,1.16,2.99,1.44,diverse,opening,val
r1bqk2r/ppp1bppp/5n2/3P4/1nB5/1QN2N2/PP1P1PPP/R1B1K2R b KQkq - 6 8,1.8,-0.03,3.852,1.8,working,opening,val
4k3/8/6K1/8/7P/8/8/8 b - - 2 84,0.0,0.0,2.724,0.0,calm,adveg,train
8/5kp1/6p1/p3K3/1p1B3P/P5P1/1P3P2/6r1 w - - 3 49,-1.1,-0.02,-0.591,0.0,target,adveg,val
8/pp5p/b5k1/5pp1/P7/3PPBP1/3rP2P/6K1 w - - 2 39,0.0,-5.38,-7.905,0.0,diverse,adveg,train
r7/pp1q1p1k/3p3p/P1pPb3/2P3R1/1RNnB2P/1P3PP1/6K1 b - - 5 24,0.0,-5.15,-3.118,0.0,calm,midgame,train
3r1rk1/pp2pp1p/2n3p1/2q5/2P5/2QP2Pb/P3BP1P/2R1K2R w - - 2 20,-1.44,-6.46,-6.917,-1.44,working,midgame,train
r1b1kb1r/1p1npppp/pq3n2/3p4/5B2/2P2N2/PP1NPPPP/R2QKB1R w KQkq - 4 8,0.0,-0.03,0.093,0.0,calm,opening,val
8/6p1/8/7P/4k1p1/8/3K4/8 b - - 1 52,0.0,-3.05,-2.807,0.0,diverse,adveg,val
6k1/p1p3pp/4pp2/1q6/1rN1P3/7P/1P3PP1/2Q3K1 w - - 1 29,0.0,-4.44,-4.68,0.0,calm,endgame,train
6k1/pp3ppp/2n5/5br1/q7/P1Q1P2P/1P4P1/4RK1R w - - 1 25,-1.98,-4.96,-5.457,-1.98,diverse,midgame,train
r5k1/pp2q3/3pR3/P1pP4/2Pb4/1RNn3P/1P1B1p2/5K2 b - - 1 31,-1.14,-7.65,-7.901,-1.14,diverse,midgame,train
3r2k1/pp2pp1p/6p1/2q2b2/2Pr4/2Qn1BP1/3R1P1P/5K1R b - - 1 27,-1.92,-9.44,-8.321,0.0,target,midgame,train
r1r5/3p1kn1/p3pb1p/1p5q/P2P1P2/NB2Q2P/4N3/2BK4 b - - 0 32,-0.54,-5.99,-4.067,-0.54,working,midgame,train
1r3knr/2p2ppp/p2b4/4p1N1/q7/Pp1P2P1/1PnBPPKP/1R1Q3R b - - 1 19,0.0,-3.58,-6.556,0.0,diverse,opening,train
r1b3k1/pp2bppp/2p2n2/4pq2/2Pr4/P2P1B1P/1P3PP1/1NRQK1NR w K - 0 15,0.0,-2.76,-2.593,0.0,diverse,opening,train
5k2/8/6pp/p3R3/4BPK1/1r6/6PP/8 w - - 0 40,0.0,5.36,8.322,0.0,diverse,endgame,train
4r3/1p3kpp/8/pr1p1p1P/2n5/2P1P3/4RK2/3R4 b - - 0 37,0.0,-7.69,-10.316,0.0,calm,endgame,train
7R/bP1n3p/4b3/p3B1pk/4B3/6PP/1P3P2/3K4 b - - 6 35,3.5,7.9,4.147,0.0,target,endgame,train
rq1k3r/1pp1n2p/2npB1p1/p5Q1/2P5/6P1/PP2PP1P/R2R2K1 b - - 0 22,1.8,-0.53,0.413,1.8,diverse,midgame,val
r1bqkb1r/p1p5/4pp2/2p4p/3p2p1/P2P1NP1/1PPN1K1P/R1BQ3R w kq - 0 14,-1.44,1.94,-1.7,-1.44,calm,opening,train
4rbkr/pp3p1p/1q3npB/2p2N2/2P2Q2/8/PPn2PPP/RN1R2K1 w - - 5 20,1.18,0.0,-5.985,0.0,target,opening,train
1r3k2/R4p2/2K5/P4P1p/2p5/2P5/6PP/8 b - - 0 35,-1.1,4.38,5.678,0.0,target,adveg,train
3r4/p4k2/7p/3qpp1P/1b6/1P3P2/3NR1N1/2B1K3 b - - 4 47,-1.53,-7.67,-8.097,-1.53,diverse,endgame,val
1n2r1k1/3p1ppp/1q6/2pPb3/r3Q3/3RB1PP/pPK2PB1/7R w - - 0 25,-4.68,-5.24,-3.891,-4.68,diverse,opening,train
4r1k1/1pp2ppp/8/3P4/2nb3P/2nb1BPR/4NP2/r1B2KN1 w - - 2 27,0.0,-8.68,-9.674,0.0,calm,midgame,train
4rbkr/pp3p1p/1q3npB/2p1QN2/1nP5/8/PP3PPP/RN1R2K1 w - - 3 19,1.68,-0.79,0.884,0.0,target,opening,train
8/8/8/1p3p2/1P1K2k1/4P3/4b3/8 w - - 14 55,0.0,-3.81,-7.412,0.0,diverse,adveg,train
8/pp3p2/2p5/4k1p1/P1P1Bn1p/1P5b/5P1K/8 w - - 3 42,0.0,-8.96,-11.498,0.0,diverse,adveg,train
1B3b2/p2r1k2/P1R2p2/R5pp/1p6/3n1P1P/1P4K1/8 b - - 6 61,0.0,1.19,0.665,0.0,diverse,endgame,train
r1b4r/pp2Q1pk/4p2p/1B1PNp2/8/8/PPP3PP/2K4R b - - 0 23,0.0,9.14,11.936,0.0,calm,midgame,val
5rkq/1p3pp1/7R/r4B1p/p1p5/2P1B1Q1/P1P2PPP/R5K1 w - - 2 26,1.8,9.63,14.282,1.8,calm,midgame,train
3r3k/1p2p1bp/1qp2np1/p1n1B3/P1B1P3/4Q3/1PP2PPP/3R1RK1 b - - 7 24,1.26,4.59,3.849,0.0,target,midgame,train
r3r1k1/1pp2ppp/P7/3P2B1/2nb3P/2nb1BPR/4NP2/5KN1 b - - 0 25,-3.84,-7.92,-9.266,0.0,target,midgame,train
r4rk1/ppqn1ppp/3p1b2/2p5/1PPpP1b1/Q4N2/PB1N1PPP/1R3RK1 w - - 6 16,0.0,-2.57,-2.329,0.0,calm,opening,train
4k3/1p6/6p1/p6p/5P2/6P1/PP3K1P/8 w - - 0 32,0.0,2.18,1.543,0.0,diverse,adveg,train
8/3p4/3P1p2/7p/5k1p/3R1P2/2r5/5K2 w - - 0 50,-1.2,-4.43,-5.191,0.0,target,adveg,train
1B6/p2rbk2/P1R2p2/R5pp/1p5P/5P2/1n6/6K1 b - - 2 63,0.0,0.11,-1.122,0.0,diverse,endgame,train
4r1k1/Qp3pp1/3q3p/B1p2b2/7P/PP1p4/4rPP1/3R2KR w - - 2 28,-1.26,-4.95,-3.354,-1.26,working,midgame,train
r5kr/3nB1p1/pp1pN3/3Pqp1B/8/1P6/P4PPP/3Q1RK1 b - - 0 24,1.62,4.72,6.578,1.62,diverse,midgame,train
r5kr/1p1q1pp1/pnbBp3/3P2Np/P1B5/5QP1/1P3P1P/R3R1K1 b - - 0 19,1.24,3.77,7.01,0.0,target,opening,train
rnbqr1k1/bp1p1p1p/2p2n2/p3N1p1/N3PB2/P2P2P1/1PP2PBP/R2QK2R w KQ - 0 11,0.0,0.32,2.832,0.0,diverse,opening,train
8/8/8/pP1k1P2/5K2/8/1P6/8 b - - 0 41,0.0,4.02,6.991,0.0,calm,adveg,train
8/8/8/1p1K1p2/1P6/4Pk2/8/1b6 w - - 20 58,0.0,-3.88,-7.258,0.0,calm,adveg,val
2r4k/5R2/6p1/p2p1p2/P4P2/2PP2PP/5KB1/8 w - - 3 44,0.0,6.76,9.408,0.0,diverse,endgame,train
4r1k1/2R3pp/8/1P6/2N1p3/7P/2n2PP1/6K1 b - - 0 38,0.0,3.57,4.015,0.0,diverse,endgame,train
3k4/1Q3pp1/2pbp3/6p1/4q3/8/PP1K1P1P/3RR3 b - - 10 30,-2.34,5.84,0.207,-2.34,diverse,midgame,train
1r1R3r/5k2/1p2p3/pBp1Pp1p/8/1P2B3/1K4PP/3R4 w - - 1 30,0.0,7.89,11.087,0.0,calm,endgame,val
3r1kn1/p2q4/6Q1/1pp2p2/1P1np3/4B2P/P3PPK1/3RR3 w - - 1 32,1.62,3.65,3.034,1.62,working,midgame,val
r2k3r/2qn1p2/2pNb3/p1P1p2p/1n1p2pN/QP1P2P1/P3PPBP/2R2RK1 w - - 0 26,2.53,2.8,1.455,0.0,target,opening,train
rnb1kb1r/ppq2ppp/4p3/2pN4/3P4/1P2P1P1/P4P1P/R1BQKBNR b KQkq - 0 8,1.62,0.33,3.006,1.62,working,opening,train
r1bqk1nr/pp1pbppp/2n5/2pQ4/4PB2/6P1/PPP2PBP/RN2K1NR b KQkq - 2 7,1.26,0.38,1.983,1.26,calm,opening,train
8/k5p1/p6p/p6P/4K1P1/8/1P3P2/8 w - - 0 50,0.0,2.26,0.667,0.0,calm,adveg,train
8/8/pN6/2k3p1/8/1n2K3/5PPP/8 w - - 24 63,0.0,0.34,1.525,0.0,crowded_safe,adveg,train
6k1/6q1/2p5/p1p5/P1P1Q1p1/3NP1Pp/5P1P/6K1 w - - 1 49,1.14,6.98,10.506,0.0,target,endgame,train
4R3/3r2Bp/1r4kP/6p1/8/K3pP2/8/8 w - - 2 61,-1.99,-5.89,-1.926,0.0,target,endgame,val
2r1k3/3Rp3/1p6/7r/4N1p1/P2R4/6PP/6K1 b - - 8 38,1.04,4.07,5.742,0.0,target,endgame,train
1r4k1/5Rp1/2Q1p2r/2P1PpNp/3P4/3R4/5KPP/2q5 w - - 1 34,-6.48,2.02,-2.803,-6.48,working,midgame,train
rn3rk1/1Q3pp1/3qpn1p/3pNb2/3P4/p3B1P1/PP2PPBP/R4RK1 b - - 0 16,0.0,0.91,1.51,0.0,calm,opening,train
r3kb1r/ppq2p2/b2p1np1/4p2p/3nP3/PPN2PN1/2P3PP/R1BKQ2R w kq - 5 16,-2.52,-5.06,-9.21,-2.52,working,opening,train
8/8/8/8/4kp2/8/4K3/8 w - - 0 118,0.0,0.0,-5.001,0.0,calm,adveg,train
8/8/8/6p1/p1k1K3/1n6/2N2PPP/8 w - - 6 69,0.0,0.0,0.375,0.0,crowded_safe,adveg,train
8/5k2/4p1R1/pB1pKp1p/P1pPn3/2P1P3/1P6/8 w - - 10 49,1.1,6.61,8.364,0.0,target,adveg,train
B7/p6R/1p6/4kp1p/P5p1/3n3P/1r6/K7 b - - 1 51,-1.06,-5.57,-6.961,0.0,target,endgame,train
6k1/6pp/p3pp2/3b1n2/RP3P2/4PN1P/4r1P1/5K2 b - - 6 36,-3.66,-5.6,-8.065,0.0,target,endgame,train
4rrk1/p3qppp/p4n2/3p1b2/3P3P/1PN1PP2/P2Q2R1/2B1K3 b - - 0 23,-1.29,-5.55,-7.135,0.0,target,midgame,val
2rqr1k1/pp3pp1/1b5p/3n4/1P1P4/1Rp2PP1/P1N2Q1P/R3B1K1 w - - 0 28,0.0,-3.31,-1.25,0.0,diverse,opening,val
5k1r/1p1rnp2/1BN1b1pp/4P1b1/B2p4/5N2/PP3PPP/1R1R2K1 b - - 0 25,0.0,3.5,2.638,0.0,diverse,midgame,train
r2k1b1r/1pqb1Bpp/p1np1n2/4ppN1/4P3/2N5/PPP2PPP/R1BQ1RK1 w - - 6 13,1.44,3.24,1.84,1.44,working,opening,train
8/6k1/pp6/2p2KP1/P1P5/8/8/8 b - - 2 42,0.0,1.53,1.174,0.0,diverse,adveg,train
8/pp6/b1p5/P1P4R/3k4/7P/5r2/7K w - - 2 41,-1.97,-4.73,-7.557,0.0,target,endgame,train
B7/p6R/1p6/4kp1p/P7/3n2pP/1r6/K7 w - - 0 52,-1.05,-5.61,-7.519,0.0,target,endgame,val
7B/4k2p/1p2p2P/2p3pB/8/1b1Pn1P1/3r4/1K6 w - - 4 41,0.0,-7.15,-11.596,0.0,calm,endgame,train
1n3r2/r4ppk/2pR3P/1p2p3/2p1P3/P1N2P2/1PPK4/7R b - - 0 21,-1.29,0.61,1.382,0.0,target,endgame,train
1r2qk2/1PRRpp1r/6p1/p3N2p/7Q/1P4P1/P3PP2/6K1 b - - 3 32,3.2,9.17,7.288,0.0,target,midgame,train
4rrk1/p3qppp/p4n2/3p1b2/3P4/1PN1PP2/P2Q2RP/2B1K3 w - - 4 23,-1.34,-5.61,-7.109,0.0,target,midgame,train
2r1r1k1/ppb2pp1/7p/P2n2q1/1P1P4/1Rp2PP1/2N2Q1P/R3B1K1 w - - 1 30,-1.23,-2.82,-0.664,0.0,target,opening,val
r4rk1/ppn1pp2/6pn/1q1P3p/N2BP3/PP1P2PP/6B1/R2Q1R1K w - - 1 21,1.09,6.5,7.331,0.0,target,opening,train
4k1r1/1p1qp1bp/1nr1p1p1/p6n/8/B1PP1QPB/P4P1P/RN2R1K1 b - - 7 23,2.7,1.48,4.498,2.7,working,opening,train
8/6k1/pp6/2p3P1/P1P2K2/8/8/8 w - - 7 45,0.0,1.33,0.828,0.0,diverse,adveg,val
6k1/p6p/1p4p1/1B3p2/3r4/P3n2P/KP6/R7 b - - 1 39,0.0,-3.26,-4.811,0.0,calm,endgame,train
7B/4k2p/1p2p2P/2p3p1/8/1b1PnBP1/3r4/1K6 b - - 5 41,0.0,-8.42,-11.767,0.0,calm,endgame,train
r1b2k1r/1pP2p2/8/P2Qpp2/1P1p2np/8/5PPP/R3R1K1 w - - 0 28,1.95,5.99,7.435,1.95,working,midgame,train
4k1r1/1p1qp1bp/1nr1p1p1/p6n/4R3/B1PP2PB/P3QP1P/RN4K1 b - - 3 21,1.45,1.58,1.025,0.0,target,opening,train
rnbqkb1r/3p1p1p/pp2pnp1/2p5/2PP4/1PNBPN2/P4PPP/R1BQK2R b KQkq - 1 7,0.0,0.19,0.887,0.0,diverse,opening,train
8/4k1p1/8/4PK1P/8/8/8/6r1 b - - 1 62,-1.79,-4.59,-7.265,0.0,target,adveg,train
8/3k3p/5q2/1r1pR1pP/3PpN2/7K/5PN1/8 w - g6 0 48,-1.98,-3.46,-8.192,0.0,target,endgame,train
1r3b1r/2k2p2/1p1p1p2/p1pP4/B1P4p/1R5P/3B1PP1/4R1K1 b - - 3 37,1.43,5.04,5.672,0.0,target,endgame,train
2b4r/1p2k1pp/2n1pp2/3r4/1p2NP2/3R4/PPP1B1PP/3R2K1 b - - 4 20,0.0,0.0,0.413,0.0,diverse,endgame,val
4qknr/1pp2pp1/1pnp3p/1B4B1/3NP2Q/8/RPP2PPP/6K1 b - - 2 15,1.43,5.06,1.207,0.0,target,midgame,train
3r1rk1/pp2bppp/1B3n2/3pp2b/4P3/2NB4/PP1N1PPP/R3R1K1 b - - 0 18,0.0,-0.55,-0.118,0.0,calm,midgame,train
4k1r1/1p1qp1bp/1nr1p1p1/p6n/4R3/B1PP2PB/P1Q2P1P/RN4K1 w - - 2 21,1.39,1.95,1.412,0.0,target,opening,train
r1bq1rk1/pp3pb1/2n3pp/3Np3/1P6/3P1NP1/3BPP1P/1R1QKB1R b K - 0 12,0.0,-0.33,3.049,0.0,calm,opening,val
7R/3k4/2p5/3p4/8/3K4/8/8 b - - 4 71,1.4,3.56,5.536,0.0,target,adveg,val
1r4k1/5pp1/7p/3pr2P/P7/2PQ4/K5b1/3B4 b - - 6 57,-1.24,-2.32,-0.954,0.0,target,endgame,train
r4rk1/5ppp/1p2pq2/p1b5/4Q3/P1N1PP2/1P3P1P/R2R2K1 b - - 2 22,-1.11,-0.49,0.017,0.0,target,midgame,train
2kr3r/1b3ppp/p1n1pn2/2p5/8/2PBBN1P/PP3PP1/R2R2K1 b - - 2 22,1.2,2.05,1.828,0.0,target,midgame,val
r1bqk2r/pp3ppp/2n1pn2/2pp4/1bPP4/2NBP3/PP1BNPPP/R2Q1RK1 b kq - 3 8,0.0,0.07,0.59,0.0,calm,opening,train
8/3k4/8/7K/7P/6P1/8/8 w - - 1 48,0.0,2.89,5.709,0.0,diverse,adveg,train
5R2/8/2p1k3/3p4/8/8/4K3/8 b - - 0 69,1.44,3.37,5.614,0.0,target,adveg,train
3k4/5Rp1/6p1/3p4/3p1b2/3P2P1/PP3PKP/4r3 w - - 0 29,1.17,0.77,0.954,0.0,target,endgame,val
r3r1k1/p3p3/4bpp1/2p5/3p4/P2P2P1/3QPP1P/1R4K1 w - - 0 28,0.0,2.83,2.757,0.0,diverse,endgame,train
5nk1/Q2qbppp/4p3/4P3/2p2P2/p5PP/5B2/2N3K1 w - - 4 46,0.0,-4.45,-4.997,0.0,diverse,endgame,train
4k3/2p1n1Br/1q1ppn2/2p3Qp/p1P5/5RP1/PP2PP1P/R5K1 w - - 9 25,1.44,4.19,6.98,1.44,working,midgame,train
r4rk1/1pq3p1/2p1pP1p/2nn4/PpNN4/1P6/2P1QPPP/R3R1K1 b - - 0 23,1.25,0.57,1.638,0.0,target,opening,train
r1r3k1/1pqb1pp1/2n4p/p3N3/2P1QB2/2PB4/P4PPP/R4RK1 b - - 0 18,5.94,7.12,6.914,0.0,target,opening,val
rnbq1k2/2b3p1/pp3P1r/3p2N1/1PP1B2p/P4Q2/1B4PP/4RRK1 b - - 0 20,3.78,8.25,5.151,3.78,diverse,opening,train
r1bqk1nr/1p3pp1/2pBpn1p/p7/2PP4/3BPN2/P4PPP/RNQ2RK1 b kq - 0 12,0.0,2.41,4.693,0.0,diverse,opening,train
8/6K1/4k3/8/7P/6P1/8/8 w - - 5 50,0.0,2.84,6.231,0.0,diverse,adveg,train
8/1p6/1Pr3kp/3pp3/1Q6/2n2PPq/1R6/6K1 w - - 0 42,-4.54,-6.76,-5.276,0.12,target,midgame,train
6kr/2R2pp1/r3bB1p/3p4/p2N4/P2PP2P/1P3PP1/R5K1 b - - 0 34,0.0,4.7,5.541,0.0,calm,endgame,train
1q2k1n1/2p1n1Br/3pp3/2p3Qp/p1P5/3R2P1/PP2PP1P/R5K1 b - - 6 23,1.44,3.56,6.135,1.44,working,midgame,train
2b1k1r1/1p2bN2/2p1p1pQ/3nNp2/3P1P2/1P2P3/3RK1PP/r7 b - - 0 30,1.44,2.82,2.349,1.44,calm,midgame,train
rn4k1/p2bb1p1/4pr1p/5p2/2Bp4/2q2N2/P3QPPP/1R3K1R w - - 6 23,0.0,-4.57,-7.262,0.0,calm,opening,train
rnbqk3/2b3p1/ppp1pp1r/6N1/1PPPBP1p/P4Q2/1B4PP/4RRK1 b q - 1 17,1.36,3.56,-0.067,0.0,target,opening,train
1B6/6kp/5p2/5p2/3P4/5P2/1P4PP/6K1 b - - 0 48,0.0,7.0,10.879,0.0,diverse,adveg,train
3r1rk1/R7/1Pp2p1R/3b4/3Pp3/4P2P/4BPP1/6K1 w - - 1 40,4.37,7.77,5.905,0.0,target,endgame,train
4kr2/pr2b1Q1/5p1B/5b2/2Rp4/7P/PP3PP1/6K1 w - - 1 26,1.22,5.47,2.995,0.0,target,midgame,train
2q1k1nr/2p3p1/3pp3/2p1n2p/p1P5/2B1Q1P1/PP2PP1P/R4RK1 b k - 1 19,0.0,2.84,1.172,0.0,diverse,midgame,train
r4rk1/5ppp/7n/1NbpP2P/5q2/3Q4/P2p1PP1/R5KR w - - 2 29,-1.44,-6.3,-8.113,-1.44,diverse,midgame,val
r1bb2k1/p4p1p/1p6/3qP2N/6n1/1PB3P1/P4P1P/R1QR2K1 b - - 1 25,-1.8,5.26,1.963,-1.8,working,midgame,val
rnb3k1/p5p1/3bpr1p/q3Np2/2Bp3P/7R/P3QPP1/1R3K2 w - - 3 26,0.0,-4.59,-6.824,0.0,calm,opening,train
r2q1rk1/p3bppp/bp2p3/3pP1P1/1n1P3P/2N1PQ2/PP4B1/R1B1K2R w KQ - 3 16,-2.88,-1.2,-3.28,-2.88,working,opening,val
8/8/4k1p1/6P1/p5Pp/1p2P3/1P4P1/2K5 w - - 2 36,0.0,-1.21,0.424,0.0,calm,adveg,train
3r2k1/1RR5/1p4p1/p4p1p/P1K1p2P/1P2P3/5PP1/8 b - - 4 41,1.32,8.54,9.865,0.0,target,endgame,train
8/5pk1/2r2bp1/7p/P6P/3R2P1/1pB1PP2/1K6 w - - 7 45,-1.57,0.39,-0.571,0.0,target,endgame,train
2r5/R5p1/2P1p1k1/3p3p/4nP2/B3PKnP/2p5/8 w - - 6 35,-3.26,-5.66,-8.774,0.0,target,endgame,train
r1b3k1/pp3ppp/1q4n1/2bB4/5P2/2P3PP/P2N4/R1BK3R b - - 0 19,-1.11,-7.18,-6.911,0.0,target,midgame,train
2kr3r/1p1nb3/p1p1QBp1/4p2p/1q2P3/1PNR4/P1P1NPPP/5RK1 b - - 0 19,0.0,4.48,6.357,0.0,diverse,opening,train
r2q1rk1/p3bppp/1p2p3/3pP1P1/3P3P/P1NbPQ2/1Pn3B1/R1BK3R w - - 1 18,-1.26,-1.39,-2.029,-1.26,diverse,opening,val
8/8/6p1/2k3P1/p3P1Pp/1pK5/1P4P1/8 w - - 1 40,0.0,-0.85,0.732,0.0,diverse,adveg,train
8/8/6p1/7k/4B3/5K2/8/8 w - - 2 92,0.0,0.0,6.523,0.0,diverse,adveg,val
8/8/6pp/2kNpp2/2P1P1P1/p1K5/8/6b1 w - - 0 55,0.0,-5.44,-4.355,0.0,calm,adveg,train
R7/4p3/5pp1/2r2k1p/p2rpP1P/R5P1/1P6/1K6 w - - 2 44,-1.45,-4.34,-3.694,0.0,target,endgame,val
5k2/1pp2p1p/1P1p1p1P/4p3/1qP1Pn2/3P1P2/2K2P2/r1Q2BR1 b - - 4 26,-3.93,-9.73,-13.99,-3.93,diverse,midgame,train
1r1r2k1/2q5/2p2p1p/2p1bPp1/p1P2p2/P2B2P1/1P2RP1P/2QR2K1 b - - 2 29,0.0,-1.39,0.144,0.0,calm,midgame,train
r1b3k1/pp3ppp/1qp3n1/2bP4/5P2/2P3PP/P2N2B1/R1BK3R b - - 0 18,-1.14,-6.6,-7.265,0.0,target,midgame,train
r1br2k1/pp2pp1p/1q4p1/1B1P2N1/4N1n1/PQ4P1/3B1P1P/R5K1 b - - 2 23,1.13,2.74,2.709,0.0,target,opening,train
2bk1b1r/rp1nppp1/3n4/2PN3p/1P3B2/p3PN2/P4PPP/R3KB1R b KQ - 0 17,1.37,3.79,2.439,0.0,target,midgame,val
8/6k1/6P1/4K3/8/8/8/8 w - - 11 95,0.0,0.0,1.664,0.0,calm,adveg,val
8/8/1p2k3/1pp1P3/4K2p/2PN4/4n3/8 w - - 2 39,0.0,-4.53,-6.252,0.0,diverse,adveg,train
6k1/4bppp/4p3/8/r7/8/4NPPP/6K1 w - - 0 32,0.0,-6.83,-11.246,0.0,calm,adveg,train
4k3/2bn1p2/7r/p2B2p1/3P4/PP2PP1P/4K2P/2R5 w - - 0 30,0.0,4.83,5.107,0.0,calm,endgame,val
1k6/pp2qrb1/2p5/3p4/3P1N2/4P1P1/PPQK1P2/R7 b - - 2 26,-2.1,1.93,-0.445,-2.1,working,midgame,train
2R2b1r/3kp2p/5pp1/q7/3P1B2/5bP1/1p3P1P/2R3K1 w - - 0 23,2.34,-8.41,-3.577,2.34,calm,midgame,val
2rqkbn1/4pp1r/p1p1P1p1/6Bp/P2P1N2/5Q2/1P3PPP/R4RK1 b - - 1 16,1.26,3.99,2.863,1.26,diverse,opening,train
r2r2k1/pp1bpp1p/1q4p1/1B1P2N1/4N1n1/PQ4P1/3B1P1P/R5K1 w - - 3 24,0.0,2.88,2.311,0.0,diverse,opening,train
2q2k1r/p4n1p/1p1p2p1/3Nn3/2b1BRPb/4P2P/PP1B4/R2Q2K1 b - - 5 25,0.54,2.85,2.726,0.54,calm,opening,train
8/5p1p/4k1p1/pp3p2/P2P1P2/1K4PP/8/8 b - - 0 40,0.0,-2.89,-0.958,0.0,calm,adveg,train
7R/8/8/8/8/6kp/6p1/6K1 w - - 19 77,3.41,1.6,0.561,0.0,target,adveg,train
8/5k2/3P1p2/1q4p1/8/8/1B1R4/1K6 b - - 0 59,-3.06,-3.01,-5.821,0.0,target,endgame,train
4r3/ppp2Nk1/1bn1Bp2/3Np3/3p4/P2P2P1/1PP2P1P/5RK1 w - - 2 26,1.46,4.8,7.902,0.0,target,endgame,train
rnk1r3/3b1R2/2p1p3/8/1P1P1B2/p4B2/P4PP1/4R1K1 b - - 0 33,1.26,4.87,5.04,1.26,working,endgame,train
6k1/3nbpp1/4p2p/qb1p4/3P1P2/Pp3BPP/1Br1P3/Q4RK1 w - - 6 33,0.0,-5.68,-6.317,0.0,diverse,midgame,train
rnb1rk2/pp1p1p1p/2p1q3/7B/8/6Q1/PPPB1PPP/R5KR w - - 6 17,3.06,6.71,4.133,3.06,diverse,opening,train
r4rk1/pb2qppp/1p2pn2/4b3/1Pp5/P1N1P3/1B3PPP/2R1KQ1R b K - 5 17,0.0,-5.82,-8.065,0.0,diverse,opening,train
q2b1knr/pp4pp/2npbp2/3Np3/2P5/4B1P1/PP2PP1P/R2QKB1R w KQ - 0 13,0.0,2.14,1.107,0.0,calm,opening,val
6k1/1p6/6p1/1pPK2P1/1P5P/8/8/8 w - - 7 54,0.0,3.19,4.703,0.0,calm,adveg,train
1r2r2k/6pp/5p2/8/P2p2P1/5P2/5R2/4qQ1K b - - 3 48,-1.15,-10.19,-9.663,0.0,target,midgame,train
r3k3/pp3p2/1q2p2p/3p4/3P1P1b/PP3P1P/3NB3/R4RK1 b q - 0 22,-1.99,-4.27,-3.175,0.0,target,midgame,train
r5k1/pb3ppp/1p2p3/8/PPpbPPn1/2Nr2Pq/1B2Q2P/2R1K2R w K - 1 23,-3.96,-8.26,-12.301,-3.96,diverse,opening,val
2rq1rk1/1p1b1ppp/p2pp3/7n/2PQ1P1b/4P3/PP1BN1P1/R2K1B1R w - - 4 15,-1.33,-2.01,-0.7,0.0,target,opening,train
r4rk1/qpp1ppbp/p1npb1p1/P6n/R3PP2/NPP3PP/3P1NB1/2BQK2R b K - 2 15,0.0,-2.23,-1.06,0.0,diverse,opening,train
8/1p6/2p1k1p1/1pP1p3/PP2K1PP/8/8/8 w - - 0 48,0.0,2.02,0.154,0.0,calm,adveg,train
8/5B1k/8/6K1/7P/8/8/8 b - - 26 85,1.3,0.89,0.0,0.0,target,opening,train
8/8/8/1pBk4/1P2pp2/7K/1r6/8 b - - 3 50,-2.91,-7.91,-10.636,0.0,target,adveg,train
6k1/p7/8/2B2p2/8/6Pp/7P/4K1Qq b - - 37 57,-1.36,2.58,6.288,0.0,target,endgame,train
2k5/1n1n4/R7/2pNp2p/4P3/4PPP1/P6P/6K1 w - - 0 49,4.61,6.53,9.356,0.0,target,endgame,train
1r2r2k/6pp/5p2/8/Pq1p2P1/5P2/5R2/5Q1K w - - 4 49,-2.28,-6.88,-10.322,0.0,target,midgame,train
rn1k3r/3b4/2p1pR1p/6p1/3P3P/pP3B2/P4PP1/2B1R1K1 b - - 2 28,1.13,3.58,1.088,0.0,target,endgame,val
rnbr1k2/pp1p1p1p/2p1q3/7B/8/2B3Q1/PPP2PPP/R5KR w - - 8 18,3.96,11.28,6.164,3.96,diverse,opening,train
2rk3r/2qn1P2/p2pQ2p/4b3/PP1NB1P1/6P1/3B1P2/RN4K1 b - - 0 23,3.96,5.16,10.346,3.96,diverse,opening,train
r4rk1/qpp1p1bp/p3b1p1/P1P2n2/R4PQ1/NP1p3P/3PnNB1/2B1K1R1 w - - 3 23,0.0,-4.84,-1.359,0.0,diverse,opening,train
8/1p2k3/1pp3p1/4p3/P1P4P/1P2K1P1/8/8 b - - 0 43,0.0,1.57,0.276,0.0,calm,adveg,val
8/p6p/1n1Pk3/1PB5/2p5/P1K3P1/7P/8 b - - 5 49,0.0,3.38,5.575,0.0,diverse,adveg,train
6k1/p7/2Q5/2B2p2/1K6/6Pp/q6P/8 b - - 11 44,-1.29,3.15,4.812,0.0,target,endgame,train
2Q5/3P2bk/6p1/1p1r4/8/1P1n3P/5PP1/4R1K1 w - - 1 37,0.0,8.22,11.923,0.0,diverse,endgame,train
4k1r1/R3n3/2r1pR2/3PB3/1P4pP/4P3/4PK1P/8 b - - 0 50,4.85,7.38,5.228,0.0,target,endgame,train
2k2r1r/pp1np2n/2p3pp/2P2b2/4N2N/2b1Q1P1/P4PBP/1R4K1 w - - 0 25,1.33,4.09,6.565,0.0,target,midgame,train
2Rqkb1r/1b3pp1/p3nn1p/1p1p1N2/1P6/P3P3/1B1NBPPP/3Q1RK1 b k - 0 16,2.37,2.48,2.61,0.0,target,opening,val
R7/8/8/4kp2/3p4/2r3P1/3K3P/8 b - - 2 63,-1.13,0.0,-1.773,0.0,target,adveg,train
8/5k2/1B1K4/2Q2p2/1q6/6Pp/7P/8 b - - 22 69,-2.33,2.88,7.037,0.0,target,endgame,train
6k1/2R5/6p1/p2r3p/3b1B2/1P4PP/P3KP2/8 b - - 8 37,1.36,2.81,3.075,0.0,target,endgame,train
r3kn2/4n1Q1/2p3p1/p7/2pP1p2/2P2N1P/PP3PP1/6K1 w q - 0 25,1.94,6.17,9.055,0.0,target,endgame,val
r3k3/3R1p1p/5p1r/3N4/4PP2/6P1/2P3BP/1R4K1 b - - 0 31,0.0,7.69,11.351,0.0,calm,endgame,train
2r3k1/6pp/2q2p2/3p3Q/p1rPp3/6P1/2n4P/1R1R3K w - - 4 67,0.0,-6.44,-10.67,0.0,calm,midgame,train
2kr1b2/pp2r3/n1p1p1Rp/3pN2R/3P4/2P1P3/PP1N1P2/2K5 b - - 3 24,0.0,2.1,0.396,0.0,calm,endgame,train
5rk1/pp1b1pp1/q3p2p/7P/3PP1n1/1Q2b3/PPN1R1P1/2r1NK1R b - - 15 26,-2.52,-9.98,-8.622,-2.52,diverse,opening,val
1nbqk1nr/r4p1p/pp1P1p2/2p1p3/P1B1P3/1Q3N2/1P3PPP/R1B2RK1 w k - 1 16,0.0,3.55,2.196,0.0,diverse,opening,train
8/5p2/8/7p/5K2/7k/8/8 w - - 2 51,0.0,-1.79,-5.522,0.0,calm,adveg,train
6k1/8/5K2/7B/7P/8/8/8 w - - 1 73,1.18,0.63,0.0,0.0,target,opening,train
8/7p/2p2k2/3p3P/3p1PB1/3P4/1r6/6K1 w - - 1 42,-1.18,-4.87,-5.018,0.0,target,adveg,val
5k2/2R5/5bp1/p4r1p/4KB2/1P4PP/P4P2/8 b - - 16 41,1.32,3.09,3.559,0.0,target,endgame,train
3rk2N/pp4pp/8/8/8/2N1P1P1/Pn1nPK1P/3R4 w - - 0 23,0.0,-3.84,1.864,0.0,diverse,endgame,train
2r1k3/pp3p2/q3p2b/3p4/1B1P4/1P2P1P1/P3NP2/R4KN1 w - - 1 20,0.0,-3.89,-3.063,0.0,calm,endgame,train
1N3k1r/p2Qnr2/3bppp1/5b1p/2pN1P2/4P3/P1PP2PP/5RK1 w - - 0 22,2.75,5.54,6.759,0.0,target,midgame,val
r4rk1/1p3ppp/pqb1pn2/n7/P1BP4/1P1Q4/3NNPPP/R2R2K1 b - - 4 17,0.0,-0.75,0.908,0.0,calm,opening,train
5rk1/1bpnrppp/pp1b3q/3p4/3P4/PP3BP1/1B1N1P1P/R2Q1KNR w - - 2 17,-1.09,1.62,1.758,0.0,target,opening,train
4k3/pp3p2/4p2b/3p4/1B1P4/PP2P1P1/2r1NPq1/3RK1N1 b - - 6 24,-1.65,-4.69,-4.74,-1.65,working,endgame,train
1N3k1r/p3nrp1/3bpp2/1Q3b1p/2pN1P2/4P3/P1PP2PP/5RK1 w - - 5 21,1.41,5.13,4.056,0.0,target,midgame,train
3r2k1/1p3p2/4q3/1pn5/3bppPP/r7/4QP2/1R1N1KNR w - - 0 27,-1.62,-5.35,-5.916,-1.62,working,opening,train
r3kb1r/1b3ppp/p3pn2/q7/P2B4/4Q2P/3N1P2/R3K1R1 b Qkq - 0 22,0.0,-4.71,-7.405,0.0,diverse,opening,train
r1b1kb1r/pp3ppp/2n1p3/1NP5/2B3n1/4P3/PP3P1P/R1BK2NR w kq - 0 11,0.0,-0.46,-0.8,0.0,diverse,midgame,train
2kr3r/pb1pqp1p/np2p1pb/2p5/2PPNN2/8/PP2BPPP/R1BQ1RK1 w - - 0 13,1.1,3.74,4.165,0.0,target,opening,train
8/4p3/2b1kp2/1pB3p1/pP2P1P1/b1P2B2/2K5/8 w - - 4 42,0.0,0.32,-1.878,0.0,crowded_safe,adveg,train
3qk1r1/1r3ppp/Q2P4/5b2/1p1Rp3/B1P5/PK2BP1P/4R3 w - - 0 26,2.88,8.24,10.31,2.88,working,midgame,train
r2r2k1/pp3p2/4q3/1Pn5/3bppPP/8/P3QP2/1R1NK1NR b K - 0 24,-2.7,-5.29,-4.047,-2.7,diverse,opening,train
2q2rk1/3nb1pp/5p2/Q1p1pP2/3pb3/PP1N4/3BB1PP/1R3RK1 w - - 0 22,0.0,3.25,4.951,0.0,calm,opening,train
1q1k1b1r/5ppp/P3rnb1/3pBN2/Rp6/1P1BPQ1P/3P2P1/1N3RK1 b - - 0 27,1.57,6.73,4.507,0.0,target,opening,train
8/5p2/8/5k1p/1K5P/6P1/8/8 w - - 1 47,0.0,-1.0,0.283,0.0,diverse,adveg,train
4k3/2R2N2/pp4p1/8/5P2/1P2pb2/P7/4K3 b - - 4 45,7.06,5.11,5.273,0.0,target,adveg,train
8/2pk1p1p/1q3pp1/3P4/4P3/3p1K1P/r4PP1/3Q1R2 b - - 5 25,-1.53,-2.69,-2.756,-1.53,diverse,endgame,val
2r5/5pkp/pp2q3/3p2P1/3Pb3/6Q1/3R4/3K4 b - - 1 37,-2.93,-7.12,-8.451,0.12,target,midgame,train
8/4r2p/p1Bp3P/1p6/r1nR2p1/2P1k3/5p2/1K1R4 b - - 3 44,1.85,-7.24,-8.188,0.0,target,endgame,train
2r3k1/7p/2pBpnp1/1p1pN3/3P4/3BPP1P/1q4PK/4Q3 b - - 0 29,1.31,3.8,0.036,0.0,target,midgame,train
r1bqk2r/pp3ppp/2n2n2/3p4/4p3/1NbP2PP/PP2PPB1/R1BQ1RK1 w kq - 0 12,0.0,0.54,-1.367,0.0,diverse,opening,train
8/7p/4Q1p1/2p2p2/8/6PP/3pr3/3k3K w - - 6 55,1.76,-1.45,2.854,0.0,target,endgame,train
4k3/2R2N2/pp4p1/7b/5P2/1P2p3/P7/4K3 w - - 5 46,7.3,5.48,6.101,0.0,target,adveg,train
8/5p2/1p3kp1/p3pr1p/R4R1P/P7/7r/6K1 b - - 1 43,0.0,-6.22,-7.004,0.0,calm,endgame,train
2q1kn2/3r1pp1/4p3/1Q2n1N1/2P4p/7P/P2R1PP1/3R2K1 w - - 3 34,3.31,6.82,8.659,0.0,target,midgame,train
r3kbr1/1pqb1Npp/p2p1B2/3Npp2/4P3/1n6/PPP2PPP/R2Q1RK1 b - - 1 17,1.62,6.25,2.066,1.62,diverse,opening,val
2kr3r/pp2ppb1/3qb2p/2p5/1nN4P/1N1P2P1/PP2QPB1/R1B2RK1 b - - 3 17,1.34,4.23,3.571,0.0,target,opening,val
1rbqk2r/2pnbppp/2n1p3/1p2P3/8/2P2N2/1P1NQPPP/R1B1KB1R b KQk - 1 13,0.0,-0.47,0.315,0.0,calm,opening,train
6k1/5R2/4p3/8/1p2p3/4Pb2/1P3P1P/4K3 w - - 1 31,1.1,3.87,5.488,0.0,target,adveg,train
4r2k/2R3p1/5q2/Q2pr2p/p2P1pP1/P2B4/1P3PP1/6K1 w - - 0 37,-1.0,5.23,2.803,0.0,target,midgame,val
r2q1rk1/pp6/6Nb/2pP3p/1n2P3/1P2P1P1/1B2QPbP/R3K2R b K - 0 19,-1.62,-4.29,-2.451,0.18,target,opening,train
r1q1kbr1/1p3N1Q/p2pbBp1/3Npp2/4P3/1n6/PPP2PPP/R4RK1 w - - 1 20,2.16,7.62,8.35,2.16,diverse,opening,train
8/8/8/8/4k2P/8/5PK1/8 w - - 3 48,0.0,2.21,5.623,0.0,calm,adveg,train
8/kpp5/p7/3nN1P1/P4R2/1bPP4/7P/7K w - - 1 36,0.0,5.43,8.721,0.0,diverse,endgame,train
r1b2rk1/1p2qpbp/4p1p1/p1P1N3/3Q4/1P4PP/P4PB1/3RR1K1 b - - 0 23,0.0,1.44,1.01,0.0,diverse,opening,train
r3k2r/p4ppp/np2p3/2p5/P1BPn2q/1P2P3/2Qb1PRP/R1B2K2 b kq - 5 19,-1.44,-4.65,-6.648,-1.44,diverse,opening,train
r1q1kbr1/1p1b1N1Q/p2p1Bp1/3Npp2/4P3/1n6/PPP2PPP/R4RK1 b - - 0 19,2.52,8.55,6.785,2.52,diverse,opening,train
8/3k1p2/1R4p1/P6p/2P5/1P3P2/2b1K1PP/8 w - - 0 38,1.13,8.81,10.908,0.0,target,adveg,train
2r3k1/5ppp/p3p3/q2p3P/5B2/3n2P1/1P1N1P2/1K5R w - - 2 34,0.0,-9.88,-15.174,0.0,calm,endgame,val
r1b4R/ppp2kpp/8/4p3/2P1Bb1r/P1N5/1P3P2/4RK2 w - - 0 26,0.87,-0.88,2.248,0.87,working,endgame,train
3r2k1/5pp1/p1p3p1/2q1p3/b3P2P/3PnP2/3QNR2/1rN1K3 w - - 0 33,-2.7,-7.51,-13.97,-2.7,calm,midgame,train
1q2k2r/4bppp/ppbp1n2/8/N1P5/5B2/PPQ2PPP/4RRK1 b k - 1 22,1.55,3.25,2.009,0.0,target,midgame,train
r3k2r/p4ppp/np2p3/2p5/PbBPn2q/1P1QP3/5P1P/R1B2KR1 w kq - 2 18,-3.42,-3.66,-5.465,-3.42,diverse,opening,val
1nbrkb1r/1q4p1/p1p1ppN1/8/1PNPPQ1p/2B4P/5PP1/R3R1K1 b k - 1 25,1.62,3.66,2.674,1.62,working,opening,train
rnbk2nr/p1q1p1b1/1ppp2B1/7p/2PP2P1/1P2PQ1P/P2N1P2/R1B1K2R w KQ - 1 14,1.0,1.42,-1.117,0.0,target,opening,train
rn2kbnr/2p3pp/p2qp3/1p1b1pN1/P2P1N2/3BB3/1PP2P1P/R2QK1R1 b Qkq - 0 11,1.62,2.11,1.521,1.62,working,opening,train
4r2k/1P1R4/5p1N/4p1pp/8/4P2P/5PP1/6K1 w - - 1 46,2.43,8.78,9.321,0.0,target,endgame,train
1n4k1/4B1r1/p3p1pQ/1p2Pp2/3P4/7P/5PP1/3R2K1 b - - 0 43,0.0,9.96,14.748,0.0,calm,endgame,train
3q1k2/1Q1b1p1p/3r1p2/p2p4/P2N4/2P2P2/1P4PP/4R1K1 b - - 0 29,1.05,2.35,2.094,0.0,target,midgame,train
1k2r3/1p1rn1p1/1B1p1b1p/1P2p3/4B3/7P/P5P1/3R1RK1 w - - 9 34,1.01,-0.11,-0.913,0.0,target,endgame,val
r6r/p3kppp/1p2p3/1Bp5/Pn1Pn2q/1Pb1P3/5PRP/R1BQ1K2 w - - 10 22,-1.33,-4.38,-3.804,0.0,target,opening,train
1nb1kb1r/1r3pp1/p1p1p2p/1q6/1PNPP3/3Q1N1P/3B1PP1/R4RK1 b k - 0 19,0.0,3.45,0.618,0.0,calm,opening,train
8/8/8/5k2/3K1P2/8/5n2/8 w - - 25 81,0.0,0.0,-6.676,0.0,calm,adveg,train
5k2/1R4n1/8/4P3/4K1pp/8/6PP/8 w - - 0 61,2.22,5.38,7.331,0.0,target,adveg,val
5bk1/5ppp/2p5/2q5/7P/5P2/r4P2/4QK1R b - - 3 32,-1.62,-5.69,-8.332,-1.62,diverse,midgame,train
r1r3k1/3p1p2/4p1pp/4q3/2bR3P/2Q2P2/p1P3P1/K3R3 b - - 1 25,-2.88,-6.95,-11.428,-2.88,diverse,midgame,val
4knn1/8/pR2p3/2p4r/P3b1Np/4P3/1P3PPP/RN1r1BK1 w - - 3 22,0.0,1.06,3.622,0.0,diverse,midgame,train
r1r1b1k1/1qP3p1/4Nb1p/PP1pp3/R7/B7/4BPPP/Q2R2K1 b - - 1 28,1.13,5.67,5.767,0.0,target,opening,train
8/8/5k1p/P1Pb2p1/3Kp3/6PB/7P/8 b - - 1 45,0.0,3.24,2.921,0.0,calm,adveg,train
R7/1p6/5kp1/7p/Pr6/r7/6PK/8 w - - 4 57,0.0,-6.74,-11.979,0.0,calm,endgame,train
6k1/P5p1/1R6/4K1p1/2p3r1/8/6b1/4R3 w - - 5 49,0.0,2.96,0.703,0.0,calm,endgame,train
R7/ppnk3r/3pp2p/8/P7/3P1Q2/1P1B2PP/7K b - - 0 29,0.0,8.52,12.898,0.0,calm,endgame,train
r1r3k1/3p1p2/4p1pp/q7/2bR3P/5P2/pQP3P1/K3R3 w - - 4 27,-3.78,-10.79,-12.101,-3.78,working,midgame,train
N2q1kr1/pp3p2/4b2p/3pP1p1/2p2P2/P6P/1PP1BPP1/R2Q1RK1 w - - 1 19,0.0,6.4,9.041,0.0,calm,midgame,train
3rk3/1pq2p2/n1p1pnpr/p1PpNb1p/3P3P/P2BPN2/1PQ2PP1/1R3RK1 b - - 3 16,1.22,1.94,0.677,0.0,target,opening,val
2k5/p1n5/1p2p3/4P1p1/1P4R1/P4P1P/5P2/6K1 b - - 2 36,0.0,5.25,8.052,0.0,diverse,adveg,train
3r2k1/1pp1p2p/p5p1/P7/3bR3/1P2N2r/3P4/3K4 w - - 4 37,0.0,-7.56,-12.902,0.0,calm,endgame,val
k7/p1n2r2/4pBp1/2R1P2p/7P/6P1/4rPK1/1R6 b - - 8 35,1.49,1.35,0.274,0.0,target,endgame,train
6k1/1p1b1rp1/pq2p1R1/3pP3/3N4/2PQ3P/2P2r2/2K1R3 w - - 5 31,-0.36,0.23,-1.699,-0.36,working,midgame,train
rn2kbr1/pp2p1pp/3P4/2p1N3/2b2P2/5B2/PPP3PP/R2Q2K1 w q - 0 20,2.88,8.82,10.992,2.88,working,midgame,val
6k1/pppb2pp/1bn5/2qp3n/4r3/P2PBNPP/1PP2PB1/4RK1R b - - 2 19,0.0,-6.57,-11.822,0.0,calm,midgame,train
6k1/1p6/6K1/1pP3P1/1P5P/8/8/8 w - - 1 58,0.0,5.55,8.061,0.0,diverse,adveg,val
2r3k1/5ppp/2b1p3/8/1bp1P3/4RP1P/6P1/rBKR4 w - - 0 33,-2.63,-7.55,-8.614,0.0,target,endgame,train
3q2k1/1p1b1rp1/p3p1R1/3pP3/3N4/2PQ3P/2P2r2/2K1R3 w - - 13 35,1.98,0.05,1.53,1.98,diverse,midgame,train
r1b1kb1r/pp3pp1/2npp2p/2q2P1Q/P3P3/2Np4/BPP3PP/R1B2R1K w kq - 1 15,0.0,3.23,1.036,0.0,diverse,opening,train
r3k1nr/3qb3/p1n3p1/1p1p1pN1/2pPP1p1/N1P5/PP2B2P/R1BQR1K1 w kq - 0 20,-0.36,1.8,3.507,-0.36,working,opening,train
2R5/5k2/1p2pPp1/5p1p/1PPp3P/5P2/6P1/4K3 w - - 1 45,3.77,7.79,7.943,0.0,target,adveg,train
1k6/1b2R3/p7/P7/5P2/8/7K/8 w - - 1 67,0.0,4.37,5.04,0.0,diverse,adveg,train
8/6kp/p7/2r2pp1/1p6/1Pr5/2P2R1P/2K5 b - - 1 40,0.0,-7.43,-12.376,0.0,calm,endgame,train
5rk1/5p2/p2pp1pp/8/6q1/1PQ1PN2/P4PB1/2R3K1 b - - 1 24,-1.47,5.82,4.297,-1.47,diverse,midgame,train
1r1k1r2/2pB4/1p3p2/p7/2b2Q1n/P5P1/1P2PP2/3R2K1 b - - 1 25,2.79,7.02,5.178,2.79,working,midgame,train
1r4k1/1r1b1ppp/2p5/3p1Pbn/4P3/1P1P1R1P/2PN4/1K1R1B2 w - - 8 31,0.0,-4.89,-3.95,0.0,diverse,midgame,train
1rbr2k1/4qp1p/2p2p1b/p1p5/2Pp2p1/1P1P2P1/P1QNPPNP/R3R1K1 w - - 10 18,0.0,0.34,-0.048,0.0,calm,opening,val
r1bq1rk1/bppp1ppp/8/p1P5/1n2Nn2/PQ1PPNP1/1P4BP/2R1K2R w K - 0 15,-2.16,0.15,-3.953,-2.16,working,opening,val
2r2rk1/pbqn1ppp/1p2p3/7n/1bPP4/3B1NP1/PB1NQP1P/1R1R2K1 b - - 0 16,0.0,-0.02,0.895,0.0,calm,opening,train
8/1k6/4p1p1/p1p2p1p/P4P1P/1P1KPP2/8/8 w - - 6 47,0.0,0.0,-0.342,0.0,diverse,adveg,train
8/6k1/p3ppp1/1q5p/5P2/2Pp4/3K1R2/3N4 w - - 2 44,-1.23,-5.61,-13.756,0.0,target,endgame,train
2Rnr1k1/8/8/1P3B2/4PP2/p3K3/P7/8 w - - 3 51,0.0,7.11,8.649,0.0,diverse,endgame,train
5k2/4bP2/6p1/p4pNp/2p2P1P/P3R1P1/1B1K4/7q b - - 5 46,3.83,-0.67,-3.125,0.0,target,endgame,train
4r1k1/1q3p2/p3pQpp/3pN3/8/1P2P2B/P4P2/2R3K1 w - - 6 28,1.1,7.01,5.544,0.0,target,midgame,train
2kr3N/p6p/bp4qb/3p2p1/3p4/1P4P1/P1P2PBP/R1BQR1K1 b - - 0 17,0.0,7.06,8.804,0.0,calm,midgame,val
1k5r/1p1b4/4pp1r/3p4/q4PQ1/3B1R1P/2P1R1PK/8 w - - 0 1,0.0,1.57,-1.214,0.0,sts_guard,midgame,val
1r1r2k1/4pp2/1PR3p1/p2P1n1p/1p1q1Q2/5P1P/2B1RPPK/8 w - - 0 1,-1.26,1.51,-3.271,-1.26,sts_guard,midgame,train
1r3rk1/qn2n2p/3p1p2/pp1Pp1p1/1N2P3/QP5P/P1R2PP1/2R2NK1 w - - 0 1,0.0,1.44,0.446,0.0,sts_guard,opening,val
1r6/5pk1/Qp1rnqp1/3B3p/1R2P2P/6P1/5PK1/1R6 w - - 0 1,-1.98,0.34,-1.221,-1.98,sts_guard,midgame,train
2qb1rk1/1brn1pp1/3p3p/1B1Pp3/4P1P1/R3BN1P/4QP1K/1R6 w - - 0 1,0.0,1.54,-0.327,0.0,sts_guard,opening,train
2r2rk1/4pp2/Qp3qp1/3B3p/3nP3/8/P4PPP/1R1R2K1 b - - 0 1,0.0,-0.55,0.707,0.0,sts_guard,midgame,train
2r3k1/4np2/p3p1p1/1q1r1n1p/1p1P4/PN5R/1P2NPPP/3RQ1K1 b - - 0 1,0.0,-1.41,-0.428,0.0,sts_guard,opening,train
3q4/5ppk/2p1n2p/2n1pN1P/4P3/Q1P2PP1/6BK/8 w - - 0 1,0.0,0.01,-0.502,0.0,sts_guard,endgame,val
3r2k1/6pp/1pq5/p2pR3/3Q4/P5P1/1P3P1P/6K1 w - - 0 1,0.0,0.34,-0.389,0.0,sts_guard,endgame,train
3r3k/p4p1p/b4Prp/1p2R3/1P1p4/6PP/P4PB1/3R2K1 w - - 0 1,0.0,1.9,0.581,0.0,sts_guard,endgame,train
4b3/p2nP1k1/1r2R1p1/q1p5/2Br2P1/1P2QP2/P1P5/4R1K1 b - - 0 1,3.24,0.0,6.4,3.24,sts_guard,midgame,train
4rk2/4p2p/3p1pp1/1p1P4/1Pq2P1P/P2RQ3/2r3P1/4R1K1 b - - 0 1,0.0,-0.82,-0.016,0.0,sts_guard,midgame,val
5r2/6k1/3p3p/1p1Qbbp1/1PP5/6NP/1q5P/4RB1K w - - 0 1,0.36,-0.21,0.961,0.36,sts_guard,midgame,train
1qr2k1r/pb3pp1/1b2p2p/3nP3/1p6/3B2QN/PP3PPP/R1BR2K1 b - - 0 1,0.0,-1.09,-0.659,0.0,sts_guard,opening,train
1r4k1/3q2pp/2np4/2p1pp2/2P1P3/R1BP1Q1P/5PP1/6K1 b - - 0 1,0.0,-0.29,-0.215,0.0,sts_guard,midgame,train
2qn4/p5k1/1p1Qbpp1/1B1p3p/3P3P/2P5/P4PP1/4N1K1 w - - 0 1,0.0,0.26,0.984,0.0,sts_guard,endgame,train
2r2rk1/2qbnppp/1p2p3/p2pPn2/P5QP/2PB1N2/2PB1PP1/1R2R1K1 w - - 0 1,0.0,1.93,0.819,0.0,sts_guard,opening,train
2r3k1/pp2p1b1/q2pP1p1/3pnrPp/P7/1P5P/2PB1PB1/2RQR1K1 w - - 0 1,-1.44,0.83,-1.03,-1.44,sts_guard,opening,val
3bn1k1/1bq1npp1/3p3p/1p1Pp3/1Pp1P3/2P1B1NP/2BN1PPK/Q7 b - - 0 1,0.0,-0.6,-0.177,0.0,sts_guard,midgame,train
3qr1k1/5r1p/p1p1n1p1/Ppp1Q3/4Pp2/1P1P1N1P/2P2RPK/R7 b - - 0 1,0.0,-0.39,-0.777,0.0,sts_guard,midgame,train
3r2k1/2q1rp2/4p1p1/2p1P2p/1p3Q2/1P1bP1PP/P4RBK/2R5 w - - 0 1,0.0,1.13,-0.613,0.0,sts_guard,midgame,val
3rb1k1/2q1b1p1/pp2p3/5p1p/1PP1p3/P3Q1PP/4P1RK/3N1R2 b - - 0 1,0.0,-2.18,-0.702,0.0,sts_guard,midgame,train
4r1k1/p4bpp/1p6/1P6/2PQ4/4rPq1/PR2PRB1/6K1 b - - 0 1,-2.34,-0.81,-2.229,-2.34,sts_guard,midgame,train
4rr1k/2q5/1pnn1b1p/p1p2b2/N1PppPp1/PP1P4/2QBPPBP/3R1RNK b - - 0 1,0.0,-1.9,-0.413,0.0,sts_guard,opening,train
5r2/3br1kp/3q2p1/1pNp4/1P1Pnp2/5B2/2P1R1PP/2Q2RK1 b - - 0 1,0.0,-0.25,0.636,0.0,sts_guard,opening,train
6k1/5p1p/1p1n2pP/1n6/q1rP4/2pQP3/r1N2PP1/BRR3K1 b - - 0 1,0.0,-1.47,0.285,0.0,sts_guard,opening,train
rnb1r1k1/pp2bppp/2p2n2/8/1q1Q1B2/2N2NPP/PP2PPB1/R4RK1 w - - 0 1,0.0,0.78,1.145,0.0,sts_guard,opening,train
r7/4bpkp/4p1p1/pq1nP3/Q2P3P/5PP1/3BNK2/R7 b - - 0 1,0.0,-1.23,1.209,0.0,sts_guard,midgame,train
r3r1k1/p1pp1p2/1pn2n1p/2P3p1/3P4/2P1B1P1/P1Q1qPNP/2RR2K1 b - - 0 1,0.0,-0.99,0.07,0.0,sts_guard,opening,val
r2r2k1/5pp1/2bPp3/p1N4p/1qQ5/2P2P2/BP4PP/1K1R4 b - - 0 1,0.0,-1.42,0.107,0.0,sts_guard,midgame,train
r1r3k1/p4ppp/4p3/3p4/3B3P/6P1/P1q2PB1/R2Q2K1 w - - 0 1,0.0,1.43,-1.731,0.0,sts_guard,midgame,val
r1bq1rk1/1p2bppp/p1n1pn2/2P5/P1B5/2N1PN2/1P3PPP/R1BQ1RK1 w - - 0 1,0.0,0.34,0.787,0.0,sts_guard,opening,train
r1b2k1r/pp3ppp/4p3/1B6/1b6/2q5/P1Q2PPP/R1B2RK1 w - - 0 1,0.0,1.08,-1.39,0.0,sts_guard,opening,train
8/r1q2p1k/1Q1p1p1p/p3pP2/4P1R1/1P5P/2P3PK/8 w - - 0 1,0.0,0.78,3.172,0.0,sts_guard,endgame,train
6k1/ppp1rppp/7q/2Npr3/P4Q2/3B2P1/1PP4P/5RK1 b - - 0 1,0.0,-0.48,-0.421,0.0,sts_guard,midgame,train
6k1/1p3pp1/p1rpq2p/3Q4/P1P2P2/1P6/3R1KPP/8 w - - 0 1,-1.53,0.42,-2.629,-1.53,sts_guard,endgame,val
5r1r/4k2p/p3qp2/2b1pQ1N/1p1p4/8/PPP3P1/1K2RR2 w - - 0 1,1.98,0.48,1.902,1.98,sts_guard,midgame,train
4rk2/5pp1/p3n2p/1prNR3/2q2P1P/6P1/PP2Q3/1K2R3 w - - 0 1,-1.26,-0.06,-0.76,-1.26,sts_guard,midgame,train
4r1k1/3b1pp1/pB6/P2r3p/1q1P1P2/2Q5/1P2p1PP/2R1R2K b - - 0 1,0.0,-0.82,1.384,0.0,sts_guard,midgame,train
1b2r1k1/1bqn1pp1/p1p4p/Pp2p3/1P2B3/2B1PN1P/5PP1/1Q1R2K1 b - - 0 1,0.0,-0.97,-0.052,0.0,sts_guard,midgame,val
1q2rb2/3b1r1k/p1p4p/B3p1p1/1PPpN3/3P1P1P/3QR1P1/4R1K1 w - - 0 1,0.0,0.88,1.61,0.0,sts_guard,opening,train
1r1r3k/p4pp1/3nb2p/2p1q3/8/P1PBPP2/2Q3PP/R1B2RK1 b - - 0 1,0.0,-0.92,0.387,0.0,sts_guard,opening,train
1r4k1/p3pr1p/1qbp1pp1/2p5/2P5/1PN1Q2P/P2R1PP1/3R3K b - - 0 1,0.0,-0.68,-0.374,0.0,sts_guard,midgame,train
2r1n1k1/1p1R1r1p/2q1pp1B/p5p1/6P1/Q1P4P/PP6/1K1R4 b - - 0 1,1.44,-0.19,-3.952,1.44,sts_guard,midgame,train
2r2r1k/1bqnbppp/p3p3/1p1pP3/3B1P2/P1NB4/1PP2QPP/R4R1K w - - 0 1,0.0,0.93,0.646,0.0,sts_guard,opening,val
2r5/1r2nkp1/p3p2p/1p1b1p1P/8/PP3P2/1KPRB1P1/R5B1 w - - 0 1,0.0,0.78,-0.205,0.0,sts_guard,endgame,train
3b2rk/5pp1/2q2n1p/1p2BP2/7P/2NQ4/1PP5/1K4R1 b - - 0 1,0.0,-0.77,1.917,0.0,sts_guard,midgame,train
3r2k1/1p2bpp1/pNrppnqp/8/1PPBP3/P4Q1P/5PP1/3RR1K1 w - - 0 1,0.0,0.92,1.151,0.0,sts_guard,opening,train
3rr1k1/1q2bp1p/2b3pB/3npP2/1p6/5B2/NPP3PP/3RQR1K w - - 0 1,0.0,-0.22,-0.722,0.0,sts_guard,opening,train
4rk2/2p1rpp1/pbn3bp/1p2P3/PP6/1BP2NNP/5PP1/2R1R1K1 w - - 0 1,0.0,1.06,-0.165,0.0,sts_guard,midgame,train
5r2/5r1k/p2pN1p1/1p1Pn2p/2q1P2b/P4pR1/1PPQ1B1P/1K2R3 w - - 0 1,0.0,0.0,1.669,0.0,sts_guard,opening,train
6k1/1p1n1rbp/r2n1pp1/4p3/4P3/4B1P1/PP2N1BP/R4RK1 w - - 0 1,0.0,0.64,0.848,0.0,sts_guard,midgame,val
1b3rk1/5ppp/2p2rq1/1p1n4/3P2P1/1BPbBP2/1P1N2QP/R3R1K1 w - - 0 1,0.0,0.37,0.8,0.0,sts_guard,opening,train
1r1r2n1/1pb3pk/p1p3bp/4Np2/3P2P1/2N1RB1P/PP3PK1/4R3 w - - 0 1,0.0,0.78,-0.261,0.0,sts_guard,midgame,train
1r4k1/6pp/2b3n1/Nnq1p3/4Pp2/3B2PP/4QP1K/2B1R3 w - - 0 1,0.0,0.25,-1.243,0.0,sts_guard,midgame,train
2k5/1p1nbqpp/pPprp1b1/P1p1p3/2P1P2N/4BP1P/1Q1N2P1/3R2K1 w - - 0 1,1.26,0.83,0.528,1.26,sts_guard,midgame,train
2n2rk1/p2b2bp/3p2p1/q1pPp2n/P1P1P3/1QN5/3BBNPP/1R4K1 w - - 0 1,0.0,1.56,0.483,0.0,sts_guard,opening,val
2rq1rk1/1p1npp1p/p2pb1p1/3N4/3QP3/1BP2P2/PP4PP/R4R1K b - - 0 1,0.0,0.02,0.708,0.0,sts_guard,opening,train
2rqr1k1/1b3p1p/pn1p1bpB/2p5/3P4/1P3N1P/P2QBPP1/2RR2K1 b - - 0 1,0.0,0.52,-0.357,0.0,sts_guard,opening,train
3qr2k/p5r1/1pRp1n1b/1P1Pp2p/1P3p1P/2N1nP1Q/1R3BP1/5BK1 w - - 0 1,0.0,0.71,-0.192,0.0,sts_guard,opening,train
3rk2r/1p2bp2/p1n1q2p/3pPbp1/3B4/2P3Q1/BN3PPP/R3R1K1 b k - 0 1,0.0,-0.76,0.13,0.0,sts_guard,opening,train
4r1k1/p4p1p/1p2q1pB/1Q2Pn2/P3B2P/5P2/bR3P2/6K1 w - - 0 1,0.0,0.04,-0.085,0.0,sts_guard,midgame,train
6r1/r2Nbnk1/2R3pp/p4p2/PpB2PP1/1P6/6K1/3R4 w - - 0 1,0.0,0.8,0.658,0.0,sts_guard,endgame,train
1k1r4/4bp2/p1q1pnr1/6B1/NppP3P/6P1/1P3P2/2RQR1K1 w - - 0 1,0.0,1.24,-0.049,0.0,sts_guard,opening,val
1n1rr1k1/1pq2pp1/3b2p1/2p3N1/P1P5/P3B2P/2Q2PP1/R2R2K1 w - - 0 1,0.0,0.69,0.838,0.0,sts_guard,opening,train
1r3b2/3R2pk/6q1/3Q1p2/p6P/4B2P/1P3P1K/8 w - - 0 1,2.76,0.2,5.545,2.76,sts_guard,midgame,val
2b2q1k/2p4p/1rNn1p2/1p1P4/p3p3/P1P5/1P1Q2PP/1B1R2K1 w - - 0 1,0.0,1.16,0.797,0.0,sts_guard,midgame,train
2r1rbk1/pp2p2p/6p1/n4p2/1NbP4/4PBBP/P4PP1/2RR2K1 w - - 0 1,0.0,0.91,0.89,0.0,sts_guard,midgame,train
2r3k1/p2npp2/p2p1bp1/3P4/1qN1PQ1P/1P2B3/r5P1/1R3R1K b - - 0 1,0.0,0.26,-0.017,0.0,sts_guard,opening,train
2rq1k1r/pp3p2/7p/1BPp1bp1/1P6/P1N1P3/3Q1PPP/2R1K2n w - - 0 1,0.0,0.0,-3.358,0.0,sts_guard,midgame,train
3r1bk1/3q1p2/4bP1p/pp4pP/2pP4/2P3B1/P1Q3P1/4RRK1 w - - 0 1,2.34,0.75,4.921,2.34,sts_guard,midgame,train
3r2k1/3r1pp1/2QP4/pP5p/1qN5/4R1P1/4PK1P/8 w - - 0 1,0.0,0.04,-0.936,0.0,sts_guard,midgame,val
4k3/p1p3p1/1pbp2qp/n3p3/2P3PB/2PPQ2P/P3P1B1/6K1 w - - 0 1,0.0,0.0,-0.352,0.0,sts_guard,endgame,train
4r1k1/p5b1/P2p1pp1/q1pP3p/2Pn1BbP/2NP2P1/3Q2BK/1R6 w - - 0 1,0.0,0.1,-0.813,0.0,sts_guard,midgame,train
5n2/kbr3p1/5n1p/Pp2pP2/4P1PP/2p5/P1Br4/2RNRNK1 b - - 0 1,0.0,-0.04,0.369,0.0,sts_guard,midgame,train
5rqk/3b2pp/1pnNp3/3r4/6P1/PQ2B1RP/5PK1/3R4 b - - 0 1,0.0,-0.08,-2.066,0.0,sts_guard,opening,train
1k2r3/1p1bP3/2p2p1Q/Ppb5/4Rp1P/2q2N1P/5PB1/6K1 b - - 0 1,-3.06,-2.15,-6.902,-3.06,sts_guard,midgame,train
1r2rqk1/8/bn1p3p/B1p2p2/p1PnpP2/P3R2Q/1P3NPP/2R2BK1 b - - 0 1,1.62,-0.89,1.446,1.62,sts_guard,opening,train
2k2r1r/1b4p1/1nq1p3/1p5p/5P2/1Pp1B1KP/2B1QRP1/R7 w - - 0 1,-2.34,1.47,-4.026,-2.34,sts_guard,opening,val
2r1b3/p3kpp1/7p/3P4/7P/2p1KPP1/P7/1BR5 w - - 0 1,0.0,0.0,0.354,0.0,sts_guard,endgame,train
2r2k2/p4pp1/b3n2p/8/1pp1P2P/4NPP1/PPB3K1/3R4 w - - 0 1,0.0,0.11,0.418,0.0,sts_guard,endgame,val
3b4/3k1p2/4p1p1/p1rpP1Pp/R4P2/1P3K2/P2B1P2/8 b - - 0 1,0.0,-1.15,-1.519,0.0,sts_guard,endgame,train
3r1k2/4qp1p/6p1/p3p1P1/P2nQ2P/1B1R4/5PK1/8 b - - 0 1,0.0,-1.33,-4.341,0.0,sts_guard,midgame,train
3r2k1/1rq2p2/2bp2pP/p3p2n/4P3/1BN2P2/1PP5/R2RQK2 b - - 0 1,0.0,-1.49,1.018,0.0,sts_guard,opening,train
3R4/6pk/p4p1p/1r1p3P/2pP4/2P1PN2/4bPP1/6K1 w - - 0 1,0.0,0.29,0.531,0.0,sts_guard,endgame,train
3rr3/p1k4p/1p3p1b/2p2p1n/5P2/2P1BR2/PP1N3P/1K2R3 b - - 0 1,0.0,-1.14,-0.09,0.0,sts_guard,endgame,train
4r1k1/2q1p3/2p2pp1/1p1b4/p7/P1Q3R1/1P3PP1/4R1K1 b - - 0 1,1.62,0.37,1.652,1.62,sts_guard,midgame,val
4r3/2R1pk2/3p2pp/2bP1p2/8/1R4P1/5PK1/8 b - - 0 1,0.0,-0.01,0.246,0.0,sts_guard,endgame,train
4rbk1/p2R1p2/2p2p1p/5p2/8/PR2p3/2P3PP/5K2 w - - 0 1,0.0,0.84,-1.073,0.0,sts_guard,endgame,val
1k2r2r/1bq2p2/pn4p1/3pP3/pbpN1P1p/4QN1B/1P4PP/2RR3K b - - 0 1,0.0,-1.4,-2.221,0.0,sts_guard,opening,train
1r1r4/R3pk2/4n1p1/2p2p2/8/4B3/Pn2BPPP/5RK1 b - - 0 1,0.0,-0.66,0.383,0.0,sts_guard,endgame,train
1r6/1q2b1k1/pn1pb3/B1p1p1pp/2P1Pp2/NP3P1P/1R2Q1PN/6K1 b - - 0 1,0.0,-2.13,0.349,0.0,sts_guard,midgame,train
2b5/2p1r2k/1pP2q1p/p2Pp3/4R3/1PN1Q2P/P2KP3/8 w - - 0 1,0.0,2.42,1.677,0.0,sts_guard,midgame,train
2r3k1/p1r1qpb1/1p2p1p1/nR2P3/P2B4/2P5/3NQPP1/R5K1 w - - 0 1,0.0,0.4,0.707,0.0,sts_guard,opening,train
2rr4/Bp3k1p/5pp1/8/2n3b1/P1N5/1PP2PPP/R1R3K1 w - - 0 1,0.0,0.83,1.614,0.0,sts_guard,endgame,train
3r2k1/2q2ppp/p1p1bn2/1p2b1B1/4P3/1PN2B1P/P1Q2PP1/2R4K w - - 0 1,0.0,0.15,-1.175,0.0,sts_guard,midgame,train
3rb1k1/4qpbp/1p2p1p1/1P3n2/Q1P2p2/2N2B1P/6PK/1NR2R2 b - - 0 1,0.0,1.16,0.664,0.0,sts_guard,opening,train
4k2r/1r2np2/2q1p1p1/p2pP3/n1pP1PP1/1pP1NNK1/1P2Q3/R4R2 w k - 0 1,0.0,0.99,-2.04,0.0,sts_guard,opening,val
4r1k1/3q1pp1/3p1n2/rp2nP1p/3B1R2/2N5/2PQ2PP/4R1K1 w - - 0 1,0.0,-0.09,-0.446,0.0,sts_guard,opening,train
5r1k/2p3q1/1p1npr2/pPn1N1pp/P1PN4/R4PPP/4Q1K1/3R4 w - - 0 1,0.0,0.87,-0.798,0.0,sts_guard,opening,train
6k1/3pbpp1/p3p2n/r3P2p/2rBNP2/2P3PP/P3R3/3R3K b - - 0 1,0.0,-0.4,0.706,0.0,sts_guard,endgame,train
8/1q6/3pn1k1/2p1p1p1/2P1P1Pp/1rBP1p1P/2Q2P2/R5K1 b - - 0 1,0.0,-1.11,1.826,0.0,sts_guard,midgame,train
1R3b2/r4pk1/2qpn1p1/P1p1p2p/2P1P2P/5PP1/6K1/1Q1BB3 w - - 0 1,0.0,1.12,-0.97,0.0,sts_guard,midgame,val
1q1rb1k1/5p1p/p3pnpb/P1r5/2B1P3/1P3P2/2R1N1PP/R2NQ2K b - - 0 1,0.0,-0.74,0.024,0.0,sts_guard,opening,train
1r3rk1/1nqb1p1p/p3p1p1/1ppPb3/2P1N3/1P1Q2PP/P2B2BK/1RR5 w - - 0 1,0.0,1.12,-1.39,0.0,sts_guard,opening,train
1rb1r1k1/2q1bp1p/3p1np1/p1nPp3/4P3/1PRB1N1P/3BQPP1/1R3NK1 w - - 0 1,0.0,0.67,0.288,0.0,sts_guard,opening,val
2r1r1k1/1bq1bpp1/pp1pp1n1/2n3P1/2P1PP1p/BPN1QB1P/P1R5/3RN1K1 w - - 0 1,0.0,0.08,-0.039,0.0,sts_guard,opening,train
2r2n2/6k1/1pNBbb2/3p1p2/3P1P2/P4KP1/2R5/4N3 w - - 0 1,0.0,1.08,1.193,0.0,sts_guard,endgame,train
2r3k1/p2q1pp1/2p4p/1p1p1b1n/2PP4/P1QP1PP1/3B3P/4RBK1 b - - 0 1,0.0,-0.53,0.468,0.0,sts_guard,midgame,train
2rr2k1/1p3pp1/p3b2p/3pP2Q/3B4/bqP5/1P1RB1PP/1K3R2 b - - 0 1,-1.8,-1.18,-2.328,-1.8,sts_guard,opening,train
3r1rk1/4q1pp/1pb1p3/p1p1P3/P3pP2/1P2P3/4Q1PP/N2R1RK1 b - - 0 1,0.0,-1.47,-0.399,0.0,sts_guard,midgame,train
3r3k/p3bppp/4q3/2p1P1Bb/3p4/P6P/1P1Q1PP1/1B2R1K1 w - - 0 1,0.0,0.1,-0.415,0.0,sts_guard,midgame,train
4r1k1/2R3p1/p4qnp/8/2P2p2/1Pn2Q2/5BPP/5N1K b - - 0 1,0.0,-1.11,0.666,0.0,sts_guard,midgame,train
4r3/q4pkp/2p1bnp1/p3p3/PbP1P2P/4NNP1/1RQ2P2/5BK1 b - - 0 1,0.0,-0.92,1.019,0.0,sts_guard,midgame,val
5k2/4rpp1/pp6/4b2p/4N1q1/2NRB1P1/BP3P1P/6K1 b - - 0 1,0.0,-0.56,-0.168,0.0,sts_guard,midgame,train
1b1r4/3rkp2/p3p2p/4q3/P5P1/2RBP3/P1Q4P/1R3K2 b - - 0 1,-1.26,-1.99,-0.198,-1.26,sts_guard,midgame,train
1r3k2/8/R7/4pPP1/P1p5/1nP5/R5P1/3rB1K1 w - - 0 1,0.0,4.24,6.482,0.0,sts_guard,endgame,val
1r6/8/1r5p/p2pk3/4p3/2P4P/RP2B1n1/1RK5 b - - 0 1,0.0,-3.35,-3.883,0.0,sts_guard,endgame,train
2r3k1/1b1n1npp/1pq2p2/8/1P1QP3/6P1/1B1NBP1P/3R2K1 w - - 0 1,0.0,2.42,2.516,0.0,sts_guard,midgame,train
3b2k1/1p1b4/4p2B/1n1p1p2/pN6/P2P4/1PR3PP/7K w - - 0 1,0.0,2.28,2.28,0.0,sts_guard,endgame,train
3r1r2/p5k1/1pnpP2p/6p1/2P3P1/4P3/P1B1K1P1/3R3R w - - 0 1,0.0,2.8,3.031,0.0,sts_guard,endgame,train
3r4/3pkpp1/4p3/2p3q1/6r1/1P6/P5B1/2R1RQK1 b - - 0 1,0.9,-2.62,3.552,0.9,sts_guard,midgame,train
4b2k/1q2bprp/pr6/3pP3/2pP4/P4N2/1P3RPQ/3N1RK1 b - - 0 1,0.0,-1.24,-0.303,0.0,sts_guard,opening,train
4r1k1/R5p1/4b2p/1p2P3/7P/P1nP4/6PK/4R3 w - - 0 1,0.0,0.69,0.326,0.0,sts_guard,endgame,train
5r1k/6p1/p1n1pr1p/2P1p2q/P5RN/4Q2P/5PP1/2R4K w - - 0 1,0.0,0.91,0.024,0.0,sts_guard,midgame,val
6k1/1b3p2/p2q2p1/P2Pp2p/1p2Pb1P/1Br5/Q4PP1/3RN1K1 b - - 0 1,0.0,-1.22,-0.482,0.0,sts_guard,midgame,train
1k1r4/1p3p2/p1bq1p1p/4p3/3r1P1Q/P5P1/1PP1B2P/K2RR3 b - - 0 1,0.0,0.0,-0.078,0.0,sts_guard,midgame,train
1qr1r1k1/5pp1/1p2p2p/1Qbn3b/2R5/3P1NPP/3NPPB1/1R4K1 w - - 0 1,0.0,0.58,-0.883,0.0,sts_guard,opening,train
1r2r1k1/2qn1pb1/3p2pp/p1pP4/PpQ1PP2/1P4PP/1B4B1/3RR1K1 w - - 0 1,0.0,0.51,0.736,0.0,sts_guard,opening,val
1r3rk1/1p3ppp/pN2bn2/P1p5/4P3/2P5/1P2B1PP/R4RK1 w - - 0 1,0.0,0.58,-0.444,0.0,sts_guard,endgame,val
1rb2rk1/2q2pb1/3p1np1/1pnP2Bp/4P3/1pN2PN1/3QB1PP/1RR3K1 w - - 0 1,0.0,-0.62,0.977,0.0,sts_guard,opening,train
2b1r1k1/pp2rppp/2p3q1/3p4/1P1P4/P1N1PP2/5QPP/4RRK1 w - - 0 1,0.0,0.3,-0.037,0.0,sts_guard,midgame,train
2r1r1k1/5npp/3q4/1QpP1p2/1p6/4PP2/1B2R1PP/2R3K1 w - - 0 1,0.0,0.0,-0.592,0.0,sts_guard,midgame,train
2r3k1/4Qp1p/3p2p1/3q4/b1p5/P1b3P1/R3PP1P/1R3BK1 w - - 0 1,0.0,0.65,0.466,0.0,sts_guard,midgame,val
2rrb1k1/1p3pp1/p1p4p/P5q1/2BP4/1P1RPQP1/5P2/3R1K2 w - - 0 1,0.0,0.6,0.961,0.0,sts_guard,midgame,train
3r2k1/1pp1q2p/p5pb/2n1p2r/5PQ1/P1PP3P/1P5K/1BBR1R2 w - - 0 1,-1.26,0.66,-2.601,-1.26,sts_guard,opening,train
4r1k1/1p1r1ppb/1qpp1n1p/p7/P1PRPN2/2Q2P2/1P4PP/1B1R2K1 b - - 0 1,0.0,0.06,0.957,0.0,sts_guard,opening,train
5k2/4pp1p/r2p2p1/8/6P1/5P2/1R3B1P/2r2BK1 b - - 0 1,0.0,-0.16,0.516,0.0,sts_guard,endgame,train
r1b1kb1r/1p1ppppp/p2q2n1/2pN3Q/8/8/PPPP1PPP/R1B1RBK1 w kq - 0 1,0.0,0.62,-0.058,0.0,sts_guard,opening,train
1k1r1r2/p1p5/Bpnbb3/3p2pp/3P4/P1N1NPP1/1PP4P/2KR1R2 w - - 0 1,0.0,1.03,0.381,0.0,sts_guard,midgame,train
1r2r1k1/pb1n1pp1/1p1p2np/2P1p1q1/P1P1P3/2P2PP1/2QNBB1P/1R1R3K b - - 0 1,0.0,-0.14,0.363,0.0,sts_guard,opening,val
1r3rk1/p1qnppbp/p5p1/2pPP3/2P5/4R2P/PP2Q1P1/1RBN3K b - - 0 1,0.0,0.25,-0.341,0.0,sts_guard,opening,train
2r2r1k/1q1nbpp1/p3p2p/2P1P3/1p1N1B1P/6Q1/PP3PP1/R2R2K1 b - - 0 1,0.0,-0.2,1.337,0.0,sts_guard,opening,train
2r3k1/1p1nqp1p/1P4p1/Q2Pp3/1RbnP3/5P1P/3N2P1/5B1K w - - 0 1,0.0,0.8,-0.817,0.0,sts_guard,midgame,train
2rq1rk1/4ppbp/p5p1/1p1b4/2NP4/P3B3/1P3PPP/1BRQR2K b - - 0 1,0.0,-0.9,3.399,0.0,sts_guard,opening,train
3r1r2/pkp4p/1np1p3/3P4/1b2N3/1P3P2/1B4PP/2R2RK1 b - - 0 1,0.0,-0.77,0.207,0.0,sts_guard,endgame,train
3rr1k1/p4bbp/1p1p4/3p1BPp/P2p1N1P/2P1P1K1/R1P5/3R4 w - - 0 1,0.0,0.13,0.139,0.0,sts_guard,endgame,train
b2r1r2/6bk/p1n2ppp/q2p4/1p2PN2/1B2B1P1/P3QP2/1R1R2K1 w - - 0 1,0.0,0.58,0.635,0.0,sts_guard,opening,train
q1rb2rk/1b3ppp/2n1p2n/p2pP3/B2P1PP1/Bp2RN1P/1RPNQ3/6K1 w - - 0 1,0.0,1.57,0.066,0.0,sts_guard,opening,val
1b1qrr2/1p4pk/1np4p/p3Np1B/Pn1P4/R1N3B1/1Pb2PPP/2Q1R1K1 b - - 0 1,1.98,-0.69,3.384,1.98,sts_guard,opening,train
1k1r4/5qp1/p1b2n1p/1p2p3/2p1P2P/P1N1P1P1/1PB1Q3/3R2K1 b - - 0 1,0.0,-1.86,-0.553,0.0,sts_guard,midgame,train
1r1q1n2/2p2ppk/p2p3p/P1b1p3/2P1P3/3P1N1P/1R1B1PP1/1Q4K1 b - - 0 1,0.0,-0.53,1.846,0.0,sts_guard,midgame,val
1r3r2/3q2kp/p2p1pp1/2pPp3/4Pn2/P2P1N1P/2Q2PP1/1R2R1K1 w - - 0 1,0.0,0.56,1.296,0.0,sts_guard,midgame,train
1r4r1/4kp1p/3p1p1b/2q1pP2/Bn2P3/2N5/1PPNQ1PP/1K1R4 b - - 0 1,0.0,-0.66,2.066,0.0,sts_guard,midgame,train
1rb2nk1/8/1p1PNbrp/3Pp1pq/p3Pn1P/P2N1PB1/4B3/R2Q1R1K w - - 0 1,-1.26,0.92,-0.666,-1.26,sts_guard,opening,train
2r1r1k1/1p1q1bbp/pn3pp1/n2p4/3P1B1P/2NB1N2/PPQ1RPP1/4R1K1 w - - 0 1,0.0,0.54,1.255,0.0,sts_guard,opening,train
2r3k1/pp3pp1/4q2p/4p3/bB2Pn2/P4P2/1P1Q2PP/2R2BK1 w - - 0 1,0.0,0.49,0.199,0.0,sts_guard,midgame,train
2rq1rk1/1p2bpp1/4p3/pP1pP1np/P2P4/R3BP2/3Q2PP/1NR3K1 w - - 0 1,0.0,0.73,0.795,0.0,sts_guard,opening,train
3q4/pp2b1k1/2r5/4p2p/P1RpN3/1P3PP1/1Q2P1K1/8 w - - 0 1,0.0,0.7,0.403,0.0,sts_guard,midgame,train
3r4/5pk1/4rqp1/p2p4/Pb1Q3p/1Pp1P2P/2R1BPP1/3R2K1 b - - 0 1,0.0,-0.96,1.435,0.0,sts_guard,midgame,val
4r1k1/1p5p/1r4p1/2pq1p2/P4P2/3P2Q1/1bP3RP/4R1BK b - - 0 1,0.0,-1.63,-1.101,0.0,sts_guard,midgame,train
4r3/1pn3k1/4p1b1/p1Pp3r/3P2NR/1P3B2/3K2P1/4R3 w - - 0 1,0.0,0.6,0.143,0.0,sts_guard,endgame,train
6k1/p2pp2p/bp4n1/q1r4R/1RP1P3/2P2B2/P2Q2P1/4K3 w - - 0 1,1.8,2.98,4.019,1.8,sts_guard,midgame,train
5r1k/5rp1/p1n1p1qp/2P1p3/P7/4QN1P/5PP1/2R1R2K w - - 0 1,0.0,1.0,0.641,0.0,sts_guard,midgame,train
1q1k2r1/p2bn3/1r3n2/2QPp1Rp/2P4P/2PB1P2/2K1N3/R7 w - - 0 1,3.06,0.92,1.36,3.06,sts_guard,opening,val
4r1k1/1pb3p1/p1p3q1/3n4/1P1P4/P3pRP1/4Q1K1/2B2R2 b - - 0 1,-1.98,-1.42,-3.467,-1.98,sts_guard,midgame,train
3q1r1k/5ppp/1pR1pn2/p7/B1PP4/P3QP1P/5PK1/8 w - - 0 1,0.0,0.49,-2.15,0.0,sts_guard,midgame,val
q5k1/p2p2bp/1p1p2r1/2p1np2/6p1/1PP2PP1/P2PQ1KP/4R1NR b - - 0 1,-1.44,-1.16,-1.836,-1.44,sts_guard,midgame,train
1r5r/1p6/p2p2p1/P2P1pkq/1R1Qp3/2P1P1bP/1P2R3/5BK1 b - - 0 1,0.0,-2.76,2.216,0.0,sts_guard,midgame,train
6rk/5q1p/p2p4/P1nP1p2/2B2N1Q/1Pb1pPR1/7P/7K w - - 0 1,1.98,0.99,1.614,1.98,sts_guard,midgame,train
r2r2k1/5p1p/6nQ/ppq5/2p1P3/P4P2/1P4PP/R1N2R1K b - - 0 1,0.0,-0.79,-0.102,0.0,sts_guard,midgame,train
8/3k4/2p5/3r4/1PQBp1pq/4P3/P4PpP/6K1 w - - 0 1,0.0,0.84,-0.304,0.0,sts_guard,endgame,val
r3r1k1/2q3p1/p2p1p2/3P2p1/n2B2P1/8/P1PQ3P/K2R1R2 b - - 0 1,0.0,-1.71,0.34,0.0,sts_guard,midgame,val
5b1k/r7/Pq5p/2p5/3p3N/R2Q2P1/5PK1/8 w - - 0 1,1.47,2.44,-0.322,1.47,sts_guard,midgame,train
1kr5/3n4/q3p2p/p2n2p1/PppB1P2/5BP1/1P2Q2P/3R2K1 w - - 0 1,0.0,3.05,-0.069,0.0,sts_guard,midgame,train
1q4k1/5p1p/p1rprnp1/3R4/N1P1P3/1P6/P5PP/3Q1R1K w - - 0 1,0.0,1.02,1.058,0.0,sts_guard,midgame,train
1r2n1rk/pP2q2p/P2p4/4pQ2/2P2p2/5B1P/3R1P1K/3R4 w - - 0 1,-1.62,3.63,-2.049,-1.62,sts_guard,midgame,train
1r4k1/p1rqbp1p/b1p1p1p1/NpP1P3/3PB3/3Q2P1/P4P1P/3RR1K1 w - - 0 1,0.0,1.49,0.761,0.0,sts_guard,opening,train
1rbqnrk1/6bp/pp3np1/2pPp3/P1P1N3/2N1B3/1P2Q1BP/R4R1K w - - 0 1,0.0,1.35,0.331,0.0,sts_guard,opening,train
2b2rk1/2qn1p2/p2p2pp/2pPP3/8/4NN1P/P1Q2PP1/bB2R1K1 w - - 0 1,0.0,1.65,0.136,0.0,sts_guard,midgame,val
2q5/1pb2r1k/p1b3pB/P1Pp3p/3P4/3B1pPP/1R3P1K/2Q5 b - - 0 1,0.54,-0.13,0.699,0.54,sts_guard,midgame,train
2r2rk1/3q3p/p3pbp1/1p1pp3/4P3/2P5/PPN1QPPP/3R1RK1 b - - 0 1,0.0,0.27,0.278,0.0,sts_guard,midgame,train
r2qkb1r/1b1n1ppp/p3pn2/1pp5/3PP3/2NB1N2/PP3PPP/R1BQ1RK1 w kq - 0 1,0.0,0.24,0.771,0.0,sts_guard,opening,train
3Rb3/5ppk/2r1r3/p5Pp/1pN2P1P/1P5q/P4Q2/K2R4 b - - 0 1,0.0,-0.17,2.945,0.0,sts_guard,midgame,train
3r1bkr/2q3pp/1p1Npp2/pPn1P3/5B2/1P6/2P2PPP/R2QR1K1 w - - 0 1,0.0,1.76,2.536,0.0,sts_guard,opening,train
4k3/r2bbprp/3p1p1N/2qBpP2/ppP1P1P1/1P1R3P/P7/1KR1Q3 w - - 0 1,0.0,1.79,0.564,0.0,sts_guard,opening,val
4rrk1/p6p/2q2pp1/1p6/2pP1BQP/5N2/P4PP1/2R3K1 w - - 0 1,0.0,1.6,1.248,0.0,sts_guard,midgame,train
4r3/pp2rk2/2pR1p2/6p1/P3R1Pp/5K2/P1B2P2/8 w - - 3 37,0.0,3.03,0.703,0.0,passer_blowup_guard,endgame,val
5k2/pp2r2Q/2n2q1p/3p2p1/8/BN4P1/P4P1P/4R1K1 b - - 4 33,0.0,7.35,6.369,0.0,passer_control,midgame,val
2k5/2rp4/1pP4p/6p1/5r2/4qN2/2Q1B1RP/5R1K b - - 0 36,0.0,4.34,7.717,0.0,passer_under_fire,midgame,val
6k1/2R5/KN6/P4r2/8/8/8/8 b - - 6 85,0.0,5.31,9.555,0.0,passer_blowup_guard,endgame,train
8/8/pk5p/5R2/1r5p/1P1R1PbK/P7/8 b - - 4 62,0.0,4.77,0.591,0.0,passer_blowup_guard,endgame,train
8/P4pk1/3q3p/3P1p2/8/7P/5K2/3R4 b - - 0 43,0.0,-5.18,-7.873,0.0,passer_under_fire,endgame,val
8/6p1/2BkPb1p/3P1P2/pK2b1P1/7P/8/8 w - - 5 73,0.0,-3.77,-0.051,0.0,passer_blowup_guard,adveg,val
r2qr1k1/p4ppp/b1n1pb2/2Pp4/N7/3p1NPP/P4P2/1RBQKB1R b K - 1 15,0.0,-2.9,-0.313,0.0,passer_under_fire,opening,val
8/8/3k2p1/PP1p4/3Kn3/4P1P1/7P/8 w - - 2 48,0.0,4.76,2.314,0.0,passer_under_fire,adveg,val
5k2/2R5/6p1/5r2/8/6K1/8/8 b - - 3 56,0.0,-0.15,-1.099,0.0,passer_control,adveg,val
2r3k1/4bp2/4n1p1/3qPbPp/Q4n1P/2P2N2/3N4/R2K1R2 w - - 2 37,0.0,-7.01,-8.166,0.0,passer_under_fire,opening,train
8/p4p2/Pp2p3/2p5/8/1PPk4/3P4/4K3 b - - 5 44,0.0,-8.47,-1.544,0.0,passer_under_fire,adveg,train
7R/8/3B2k1/8/1P3P2/2r5/5K1P/8 b - - 3 63,0.0,6.0,12.528,0.0,passer_blowup_guard,endgame,train
8/6k1/1n3pp1/P6p/1BpnB2P/3p2P1/5P2/4K3 b - - 2 53,0.0,2.82,-2.893,0.0,passer_blowup_guard,adveg,val
4r1k1/1p3p2/6p1/1P5n/P1P5/5q2/2Q4p/1K1R4 b - - 0 55,0.0,-7.34,-7.473,0.0,passer_control,midgame,train
8/p7/Pp6/2p5/4pp2/1PPk4/3P4/3K4 w - - 0 48,0.0,-10.73,-4.929,0.0,passer_under_fire,adveg,train
8/4k1p1/4P2p/p4B2/PbrP4/5bP1/5P1P/1R4K1 w - - 9 51,0.0,-4.83,-1.456,0.0,passer_blowup_guard,endgame,val
8/1p6/pb4k1/8/1P4PB/P1Nr3p/2n4P/5R1K b - - 2 47,0.0,-1.21,-2.799,0.0,passer_under_fire,endgame,train
r2qkr2/1pp1b2p/p2p2p1/4n3/2PN2bN/8/PPK4Q/R1B2B1R b q - 1 17,0.0,-3.53,-1.072,0.0,passer_under_fire,opening,val
8/2p2p1p/3bp3/3k4/p4R2/2RPrNK1/8/8 w - - 0 39,0.0,-1.48,0.182,0.0,passer_under_fire,endgame,train
8/1k6/2p1p3/R1p1Bp1n/NrP5/1P2bK2/P7/8 b - - 1 45,0.0,1.99,-1.858,0.0,passer_blowup_guard,endgame,val
4k2r/3nb1p1/P3R1P1/2pn2Np/1p6/4B3/P1P2P2/2KR4 b - - 2 34,0.0,7.17,4.517,0.0,passer_under_fire,endgame,val
5r1k/6p1/1p2B2P/p2p4/1n5b/4Pp2/3K4/2R5 w - - 0 36,0.0,-5.56,-12.408,0.0,passer_blowup_guard,endgame,train
2b5/1p2bk1p/2r5/5P2/5BP1/p1P2P1P/PP6/2KRR3 b - - 0 27,0.0,5.1,8.669,0.0,passer_blowup_guard,endgame,train
6r1/2p2prp/1k2p3/pPbq4/3N1R2/1R1PP1P1/2Q4P/6K1 b - - 0 31,0.0,-2.2,7.901,0.0,passer_under_fire,midgame,train
3rr3/2b1k3/Rn2pnpB/pPp5/1p6/1B3NP1/PP3PK1/3R4 w - - 0 35,0.0,4.06,3.157,0.0,passer_control,midgame,train
8/8/8/3k4/2pp4/1p6/8/2K5 b - - 0 58,0.0,-11.65,-12.124,0.0,passer_control,adveg,train
3r4/6pk/3P1p1p/1B6/2n1P1P1/7P/8/3K4 w - - 0 60,0.0,-4.04,-2.559,0.0,passer_control,adveg,train
2r5/6R1/8/1p2B2k/5P1p/P4K1n/1P5P/8 b - - 9 55,0.0,3.88,6.301,0.0,passer_blowup_guard,endgame,train
5r2/6k1/1p2B3/p2p4/1n5b/4Pp2/3K4/2R5 w - - 0 37,0.0,-5.98,-12.959,0.0,passer_blowup_guard,endgame,train
5r2/1R4pk/7p/3QP2q/3P1n2/P1P2pPb/5P1P/4R1K1 w - - 1 41,0.0,-2.46,8.137,0.0,passer_blowup_guard,midgame,val
8/8/p6p/P2pkP1P/1P3p2/2K2P2/8/8 b - - 0 54,0.0,7.54,0.526,0.0,passer_under_fire,adveg,train
8/4R3/6r1/1p2B3/5Pkp/P3K2n/1P5P/8 w - - 2 52,0.0,3.34,6.117,0.0,passer_blowup_guard,endgame,val
5r2/1R4pk/6np/3QP2q/3P4/P1P2pPb/5P1P/4R1K1 b - - 0 40,0.0,-2.68,4.884,0.0,passer_blowup_guard,midgame,train
8/8/p1k2p1p/P2p4/1p1K1pPP/1P3P2/8/8 w - - 3 44,0.0,-4.58,-1.289,0.0,passer_under_fire,adveg,train
5b1r/Q5p1/P7/7p/2p5/n4k1P/8/5K2 b - - 0 45,0.0,0.0,-4.696,0.0,passer_under_fire,endgame,val
8/5r1p/p2r2p1/1p2k1PN/4p2P/3bP3/6QK/8 w - - 0 42,0.0,0.18,-5.109,0.0,passer_blowup_guard,endgame,train
7R/5k2/8/3P1p2/pP1K1Pp1/8/2b5/8 w - - 1 69,0.0,6.01,2.602,0.0,passer_under_fire,adveg,val
5k2/5r2/p4NpP/1p6/2r1p2P/3bP1K1/1Q6/8 w - - 7 51,0.0,10.0,-0.114,0.0,passer_blowup_guard,endgame,train
2Q5/6pk/p3p3/3pP3/3P3p/5P1P/4K3/6q1 b - - 3 61,0.0,-3.18,-1.322,0.0,passer_under_fire,endgame,val
3R4/1k3p2/p2b3p/1p1P3P/nP3P2/P2R4/5r2/1K6 b - - 11 48,0.0,-2.84,-0.765,0.0,passer_blowup_guard,endgame,train
8/8/5Pk1/8/P5pB/4p2p/7K/8 w - - 0 52,0.0,7.58,0.379,0.0,passer_blowup_guard,adveg,train
8/8/8/6b1/3kp2p/7P/4K1N1/8 b - - 25 74,0.0,0.0,-6.168,0.0,passer_blowup_guard,adveg,train
8/8/8/5r2/pkpp4/6R1/4K3/4N3 b - - 7 90,0.0,-0.75,-5.659,0.0,passer_blowup_guard,endgame,train
7r/2p5/1p1pPk2/p1P1nP2/P3KR1p/7P/2P3P1/1R6 b - - 0 35,0.0,4.46,8.493,0.0,passer_blowup_guard,endgame,val
7R/8/8/2k5/p1pp4/8/4K3/4Nr2 b - - 1 87,0.0,-0.5,-5.345,0.0,passer_blowup_guard,endgame,train
6k1/1p1Q2p1/8/2Pn4/p2P2P1/P5KP/1P2rr2/8 b - - 1 47,0.0,-5.1,-0.385,0.0,passer_blowup_guard,endgame,train
5r1k/1b3pp1/8/q3r3/Pn3Q1P/1PR1PP2/6P1/5K1R w - - 1 27,0.0,-4.49,-3.777,0.0,passer_control,midgame,val
r7/1p2kr2/p2p4/q3n1pQ/2Pp2B1/4b3/PPK5/4R2R b - - 1 26,0.0,-5.01,-16.883,0.0,passer_blowup_guard,midgame,train
2q1k3/8/1ppPp3/3n3p/r2P4/2PB2QP/5PK1/1R6 w - - 0 30,0.0,5.96,3.485,0.0,passer_under_fire,midgame,train
3qr2k/1b1r1pp1/4n3/8/P3P2P/1P2RPQ1/6P1/6KR b - - 8 34,0.0,-5.06,-5.093,0.0,passer_control,midgame,train
5r2/8/2k1p3/4p1p1/P1P1Pn1p/1Pb2P1P/2P4R/1R3K2 b - - 1 44,0.0,-2.09,3.1,0.0,passer_blowup_guard,endgame,train
N5k1/8/5p2/6pq/P2P4/1P2P1Pb/2rB1K1P/4Q3 b - - 6 33,0.0,-4.87,-1.737,0.0,passer_blowup_guard,midgame,val
1r1r3k/2p1b1p1/7p/p1PqP1p1/P1R3P1/1PQ1RP2/7P/6K1 w - - 7 46,0.0,-4.2,-0.82,0.0,passer_blowup_guard,midgame,train
kqr1r3/4Pp2/p1p2Pp1/Bp6/2P1R2p/PP1R1Q1P/5N2/2b2K2 w - - 8 48,0.0,6.45,4.479,0.0,passer_under_fire,midgame,val
4k1r1/6qp/b1p5/P1n1np2/2p1p2P/4P3/PN1K1P2/1R3BNR b - - 0 26,0.0,-7.87,-14.637,0.0,passer_under_fire,midgame,train
4k1r1/1q3p1p/2n1p1pB/1r3bN1/1p6/1Q2PB2/1R3PPP/5RK1 w - - 2 23,0.0,5.73,4.262,0.0,passer_control,opening,val
5r2/2k5/4p3/4p1pp/PbP1P2n/1P3P1P/2P1K2R/5R2 w - - 5 39,0.0,-0.43,3.234,0.0,passer_blowup_guard,endgame,train
N5k1/8/5p2/6pq/P2P4/1P2P1Pb/2rB3P/4Q1K1 w - - 5 33,0.0,-5.01,2.243,0.0,passer_blowup_guard,midgame,val
8/8/3p2k1/3n3p/3N2p1/R2bP3/1r3r2/4K2R w - - 0 42,0.0,-5.88,-9.699,0.0,passer_blowup_guard,endgame,val
8/8/3Pk3/2P5/p3p1P1/8/PP1K4/8 b - - 0 63,0.0,8.88,8.573,0.0,passer_control,adveg,train
5k2/p4p1B/2P5/2qn4/4p3/6P1/4P1KP/4R3 b - - 2 38,0.0,-5.7,-8.585,0.0,passer_under_fire,endgame,train
5k2/p4p1p/8/N1Pn1pb1/2R1p3/4P1P1/1q2PKBP/R7 w - - 0 27,0.0,-6.15,-3.391,0.0,passer_blowup_guard,endgame,train
8/3N2k1/1PK4p/6PP/p4P2/r7/8/8 w - - 0 74,0.0,7.13,4.946,0.0,passer_under_fire,adveg,val
3r4/1kr5/1p2R1R1/1Bp3pp/P2b4/5P1P/2K5/8 b - - 8 40,0.0,0.24,-3.951,0.0,passer_blowup_guard,endgame,train
2b2rk1/6pp/1qp1pP2/1p1nP3/r7/P4BP1/1BQ2P1P/R4RK1 b - - 0 23,0.0,2.75,2.327,0.0,passer_control,opening,val
8/p6p/5p2/4p1k1/4P1P1/p2P1K2/8/8 w - - 0 46,0.0,-9.34,-6.166,0.0,passer_under_fire,adveg,train
r1b1k2r/1p1pPpp1/p1n2q1p/2B5/7P/6P1/5PB1/2RQR1K1 b kq - 0 20,0.0,4.08,2.712,0.0,passer_control,opening,val
6k1/8/8/5PPP/8/5K2/8/8 w - - 1 44,0.0,12.66,10.023,0.0,passer_under_fire,adveg,train
5k2/7R/8/5PPP/1b2K3/p7/P4P2/8 w - - 1 47,0.0,11.62,13.925,0.0,passer_blowup_guard,adveg,train
2r5/1pr4k/p3p2P/1n1p2P1/1P1P1P2/1RPKP3/2R5/8 w - - 23 52,0.0,-0.59,2.589,0.0,passer_blowup_guard,endgame,train
4r1k1/1p1q1p2/6p1/3P4/2P1nb2/Pp3Q1P/5PKP/4R3 b - - 0 41,0.0,-6.52,-10.837,0.0,passer_under_fire,midgame,val
r3kb1r/p1p5/3p1p2/2p1p2p/2P1n2N/1P4Pp/PB2K3/R5R1 w kq - 0 23,0.0,-4.63,-8.761,0.0,passer_blowup_guard,endgame,train
4k3/2R5/8/p3K1N1/6PP/8/6r1/8 w - - 1 50,0.0,5.74,9.609,0.0,passer_blowup_guard,endgame,val
5k2/1R3n2/1p6/2p4P/2P1Nnp1/1P6/P4PP1/6K1 w - - 3 42,0.0,6.21,9.409,0.0,passer_blowup_guard,endgame,train
8/5Q2/1kn3N1/5pPp/P2b4/6PK/8/2r5 w - - 11 73,0.0,4.19,7.167,0.0,passer_blowup_guard,endgame,train
5rk1/1p1qbppp/2n5/r3p3/p1PpN1PP/B2b1P2/PQ1N2B1/2R1K2R b K - 0 21,0.0,1.14,-0.594,0.0,passer_blowup_guard,opening,val
8/8/p4p1p/P1Kpk2P/1p3pP1/1P3P2/8/8 b - - 0 50,0.0,0.0,-1.51,0.0,passer_blowup_guard,adveg,val
4q1k1/6b1/1pr2pp1/p7/P1p1pQ2/2B1P2P/6R1/5RK1 w - - 8 47,0.0,4.44,4.804,0.0,passer_control,midgame,val
5rk1/4R3/1pp3pp/2r4q/6n1/2N1Q3/4RPP1/6K1 w - - 4 33,0.0,-1.67,-3.879,0.0,passer_blowup_guard,midgame,val
5rkr/5p1p/1n1NpR1n/p2pP2q/p3P1p1/B1P3RP/6Q1/6K1 b - - 1 31,0.0,3.21,-2.949,0.0,passer_blowup_guard,opening,train
8/8/p4p1p/P2pk2P/1P3pP1/2K2P2/8/8 b - - 0 53,0.0,0.0,0.062,0.0,passer_control,adveg,train
3k4/8/2PK4/8/7N/6P1/8/8 b - - 2 65,0.0,12.54,13.418,0.0,passer_control,adveg,val
1n6/p1r4k/1p1R2R1/2p1PP1p/2P5/2P5/P4KPP/8 b - - 0 41,0.0,7.91,11.791,0.0,passer_blowup_guard,endgame,train
r6r/1p2kp1p/3N2p1/1BpPn3/2N5/4P1PR/Pp6/3RK3 b - - 0 22,0.0,3.32,12.484,0.0,passer_under_fire,endgame,train
8/8/p4p1p/P1kp4/1p3pPP/1P1K1P2/8/8 w - - 5 45,0.0,-4.29,-1.63,0.0,passer_under_fire,adveg,train
2k5/6p1/4pp1p/5b2/PPP5/7P/5PK1/3R4 b - - 0 38,0.0,5.53,6.572,0.0,passer_control,adveg,train
2r1Bk2/4Rp2/1q4p1/3p3p/P2P4/1P2QP2/6PP/6K1 w - - 3 33,0.0,10.67,11.053,0.0,passer_control,midgame,train
r3k2r/3q2pp/p1n1b3/Bp1p3N/4p3/Q3P3/R5PP/5RK1 w kq - 0 22,0.0,2.68,0.0,0.0,passer_blowup_guard,opening,train
8/7k/5Q2/8/1K3N2/4P3/8/3q4 b - - 2 85,0.0,3.94,9.346,0.0,passer_blowup_guard,endgame,train
r3qk1r/1p4p1/2p3p1/p3P3/4P1Qp/P1b4P/1P3PP1/R4RK1 w - - 0 22,0.0,2.01,5.51,0.0,passer_blowup_guard,midgame,train
8/8/7p/4k3/1p1p2P1/1P2pK2/7P/8 w - - 1 43,0.0,-7.48,-6.675,0.0,passer_control,adveg,train
8/3K3k/4P3/6Q1/5N2/2q5/8/8 b - - 4 93,0.0,5.93,10.644,0.0,passer_blowup_guard,endgame,val
8/7p/3k2p1/2ppb3/2b2N1P/1p3KP1/8/3R4 b - - 3 54,0.0,-5.61,-7.225,0.0,passer_blowup_guard,endgame,train
2r5/3n2b1/p5kp/P2P1N1R/5P2/2P5/1P1K1P2/8 w - - 1 32,0.0,0.12,3.375,0.0,passer_blowup_guard,endgame,train
r5k1/1p1R2pr/1qp1P1p1/8/p3PP1p/P1Q4P/1P3RP1/6K1 w - - 0 29,0.0,8.77,4.102,0.0,passer_under_fire,midgame,val
8/8/P6p/3kppp1/8/1PK2P2/6PP/8 w - - 0 44,0.0,7.79,3.146,0.0,passer_under_fire,adveg,val
4r2r/p2kb2R/4pP2/Pp2P1N1/2p5/2P1B1P1/1P6/R2K4 w - - 2 31,0.0,7.26,14.612,0.0,passer_blowup_guard,endgame,train
2nR4/2P5/4k3/8/1p1P4/1P4K1/8/8 w - - 3 54,0.0,10.67,12.587,0.0,passer_blowup_guard,adveg,train
3k4/R4p2/p7/5r2/2P5/1P3pPp/R4K1P/8 b - - 0 41,0.0,6.97,9.375,0.0,passer_blowup_guard,endgame,train
8/2R1n1r1/1k3b1p/p2p1p1P/P3pB2/6P1/8/2K5 b - - 2 37,0.0,-6.07,-10.932,0.0,passer_blowup_guard,endgame,val
5R2/8/4k2p/3N2p1/2Pb4/1P6/5PPP/6K1 b - - 3 42,0.0,7.33,14.326,0.0,passer_blowup_guard,adveg,train
8/8/8/3p1pKP/5P2/5P2/pk6/7R w - - 0 40,0.0,9.19,9.398,0.0,passer_control,adveg,train
8/8/5K2/1k1Np1p1/1P2P1Pp/4P2P/8/8 b - - 0 65,0.0,9.25,12.533,0.0,passer_blowup_guard,adveg,train
8/3B1N1k/6pP/5p2/4p3/2r5/5K2/8 b - - 3 60,0.0,-1.94,-1.836,0.0,passer_control,adveg,train
1r3b1r/3k2pp/p2ppq2/1Np1n3/2P2N2/8/PP4PP/R1BQR1K1 w - - 0 16,0.0,4.51,6.671,0.0,passer_under_fire,opening,train
8/5N1k/4B1pP/5p2/4p3/4P3/1r6/5K2 w - - 8 48,0.0,-0.15,1.453,0.0,passer_blowup_guard,adveg,train
1k1rb3/4R3/2pP4/2B5/2PK2p1/8/5PP1/8 b - - 2 60,0.0,5.67,5.659,0.0,passer_control,endgame,val
8/1pk5/1pr1p1p1/2p1Pp2/7r/PRKp3p/3N3P/1R6 w - - 1 39,0.0,0.05,-4.084,0.0,passer_blowup_guard,endgame,train
8/1p1kpp1p/1B1p2p1/4b1K1/4Pn1P/r5P1/2r5/3R1R2 b - - 3 25,0.0,-8.13,-10.915,0.0,passer_blowup_guard,endgame,train
8/1pk5/1pr1p3/2p1Ppp1/r1N5/P1K4p/1R5P/3R4 b - - 0 43,0.0,0.42,-2.008,0.0,passer_blowup_guard,endgame,train
6k1/3R4/8/1p1p4/1r1P1N1p/4PP1P/3K2P1/8 w - - 0 56,0.0,5.9,11.077,0.0,passer_blowup_guard,endgame,train
5b1r/1p2k3/r1n3p1/p1pR2N1/5B1p/2P1K1PB/PP2P2P/5R2 w - - 0 25,0.0,9.06,19.94,0.0,passer_blowup_guard,midgame,val
8/8/1P2k3/2P1p1P1/2K1Pn1P/2B5/8/8 b - - 2 58,0.0,9.17,14.27,0.0,passer_blowup_guard,adveg,val
2R5/5k1p/8/1p2BP2/5p2/3nbK2/PP5P/8 w - - 6 36,0.0,5.66,5.439,0.0,passer_control,endgame,train
8/p7/1p6/3pkPp1/P7/1PP1K2p/7P/8 b - - 0 45,0.0,-5.21,0.02,0.0,passer_blowup_guard,adveg,train
8/1k6/3R4/4p1p1/4p3/Pb2K2P/6P1/8 w - - 0 43,0.0,6.35,3.957,0.0,passer_blowup_guard,adveg,train
8/r5k1/1P2KN1p/3R3P/p4PP1/P1r5/8/8 b - - 0 68,0.0,4.45,6.059,0.0,passer_blowup_guard,endgame,val
r3k2r/p4ppp/b1nbp3/Pq1p4/8/2n2NPB/RpP1PP1P/1N2QK1R w kq - 0 18,0.0,-3.91,-5.435,0.0,passer_blowup_guard,opening,train
5K2/7Q/8/3kq1P1/8/8/8/8 b - - 10 76,0.0,0.0,1.819,0.0,passer_blowup_guard,endgame,train
6R1/8/4p1p1/3pP1k1/3P2b1/3r4/8/6K1 b - - 3 49,0.0,-6.39,-9.411,0.0,passer_blowup_guard,endgame,train
1r4k1/5pp1/7p/3pr2P/P2Qb3/2P5/K7/3B4 b - - 8 58,0.0,-2.52,-1.028,0.0,passer_control,endgame,train
2R5/5ppk/7p/1N5q/1b1PpP2/1P6/r6P/4nQBK w - - 2 38,0.0,-6.35,0.224,0.0,passer_blowup_guard,midgame,train
8/8/4k3/p1p3P1/2P1KP2/8/P7/8 b - - 0 47,0.0,10.08,7.511,0.0,passer_under_fire,adveg,train
1r3k2/R4p2/2K5/P4P1p/2p5/2P5/6PP/8 b - - 0 35,0.0,4.37,5.678,0.0,passer_control,adveg,val
8/8/4p1p1/3pP3/5kb1/1R6/6K1/3r4 b - - 5 52,0.0,-8.09,-12.374,0.0,passer_blowup_guard,endgame,train
1r4k1/5pp1/7p/3pr2P/P3b3/2PQ4/K7/3B4 w - - 7 58,0.0,-2.42,-0.4,0.0,passer_blowup_guard,endgame,train
8/3k4/p2b4/1p1P1p1p/6P1/PR1RBKP1/2r1rP2/8 b - - 0 33,0.0,-2.52,0.493,0.0,passer_blowup_guard,endgame,val
8/4P3/3nKpk1/3p4/3P2P1/7P/8/8 w - - 0 67,0.0,10.02,5.997,0.0,passer_under_fire,adveg,train
6k1/5p2/1p2pPp1/3b3p/p6P/P5P1/3K4/r4BR1 b - - 3 35,0.0,-5.25,-5.427,0.0,passer_control,endgame,train
8/6r1/1k4p1/4N1R1/1p1K2P1/7p/6bP/1R6 b - - 1 44,0.0,5.78,8.139,0.0,passer_under_fire,endgame,train
r1b1r1k1/5ppp/p4n2/q1N5/6P1/1P1pP2P/2RN1P2/1Q2KB1R b K - 0 21,0.0,-3.46,-0.318,0.0,passer_under_fire,opening,train
1Q1n1k2/5p2/4b3/3p2pp/3q4/P3N3/4RPPP/5BK1 b - - 0 43,0.0,6.53,8.466,0.0,passer_blowup_guard,midgame,val
4r1k1/p3qpbp/r5p1/2p5/4pP2/1R5P/n1NQ4/1K2R3 w - - 0 34,0.0,-8.23,-15.002,0.0,passer_blowup_guard,midgame,train
4kbr1/r2q1pp1/p2P1B2/np1NpN1p/4P3/8/PPQ2PPP/R2R2K1 w - - 1 20,0.0,12.2,10.552,0.0,passer_under_fire,opening,val
2kr1br1/1pp3pp/8/pP2Q3/7P/Pn1PP2b/1Bq1BP2/3RK1R1 w - - 2 23,0.0,-3.28,-4.262,0.0,passer_control,opening,train
8/4n3/6p1/1R6/P2K1k2/8/1P3P2/8 b - - 0 47,0.0,6.69,8.516,0.0,passer_blowup_guard,adveg,train
1r2r2k/6pp/5p2/8/Pq1p2P1/5P2/5R2/5Q1K w - - 4 49,0.0,-6.4,-10.322,0.0,passer_under_fire,midgame,train
1r1qk2r/3b1pp1/p1n1pb1p/3p4/4NQ2/5N2/PP1BBPPP/1R1R2K1 w k - 4 22,0.0,4.67,4.89,0.0,passer_control,opening,train
5k2/5P2/6p1/p4pbp/2K2P1P/P3R1P1/1B5q/8 w - - 0 49,0.0,-5.17,-9.707,0.0,passer_under_fire,endgame,train
2n3k1/5Npr/4ppBp/2B5/1P6/4P3/5PPP/6K1 b - - 0 34,0.0,7.52,7.582,0.0,passer_control,endgame,train
5kr1/3P1p1p/pp6/b1p5/7q/3PRQ2/1PP1K1P1/R7 b - - 4 33,0.0,7.43,3.417,0.0,passer_under_fire,midgame,train
1n5r/qpk2pb1/1Np4p/P5pb/1p1rn3/4N1P1/QB3pKP/R1R2B2 w - - 0 28,0.0,3.59,-6.119,0.0,passer_blowup_guard,opening,val
5k2/5P2/6p1/p4pbp/2KB1P1P/P3R1P1/7q/8 b - - 1 49,0.0,-5.92,-8.601,0.0,passer_under_fire,endgame,val
6kr/6p1/1n1BppBp/4N3/8/4P3/1P3PPP/6K1 w - - 4 32,0.0,5.72,6.603,0.0,passer_control,endgame,val
5rk1/5ppp/3p4/3P4/N1r3Pq/4Bb1P/P4P2/R4QK1 w - - 7 24,0.0,-5.53,3.659,0.0,passer_blowup_guard,midgame,val
1r4k1/3R4/1pPNp3/1P3p1p/P7/5KPP/3b4/8 b - - 0 44,0.0,6.95,4.823,0.0,passer_under_fire,endgame,train
1k3b1r/2p2q2/3rpPpP/p2p4/NpPQ1P2/1P2B3/P4R2/R5K1 b - - 6 26,0.0,4.52,2.586,0.0,passer_under_fire,midgame,train
8/8/1p6/3p4/PP3kp1/7p/5K1P/8 b - - 0 52,0.0,-4.01,-4.443,0.0,passer_control,adveg,train
8/8/7p/2kNpP2/2P5/2K5/p7/6b1 w - - 0 57,0.0,-5.29,-1.508,0.0,passer_under_fire,adveg,val
8/p7/2p2pkp/4P1pN/6P1/5N1q/5K2/8 b - - 0 43,0.0,-6.23,-13.375,0.0,passer_blowup_guard,endgame,train
3r4/6kp/6p1/1p2qp2/2p1b3/P3P3/4R1PP/2Q4K w - - 0 29,0.0,-6.46,-7.927,0.0,passer_control,midgame,train
4q1r1/7k/7b/p1B2pRQ/2pP1P1P/8/7K/8 w - - 4 40,0.0,-0.14,5.502,0.0,passer_blowup_guard,midgame,val
5rk1/3qnppp/8/1r2p3/3p2PP/p2p1P2/P2N4/1QR1KB1R w K - 2 27,0.0,1.07,-0.555,0.0,passer_blowup_guard,midgame,train
8/8/8/1pBkpp2/1P6/1r6/6K1/8 b - - 3 47,0.0,-6.24,-8.523,0.0,passer_blowup_guard,adveg,train
2k5/8/8/8/8/3nrP2/6KP/R7 b - - 2 50,0.0,0.06,-1.678,0.0,passer_under_fire,endgame,train
r4bk1/5ppp/2p5/2P3q1/P7/5P2/2Q2P1P/5K1R b - - 2 27,0.0,-5.0,-4.059,0.0,passer_control,midgame,train
Q1bk2r1/2p1n1b1/pp5p/5P2/3PN3/2P4P/PP4P1/5RK1 w - - 1 31,0.0,8.09,10.676,0.0,passer_blowup_guard,endgame,val
1k3b1r/p4p1p/1q3np1/2N5/QPP5/3r2P1/P4PBP/4R2K w - - 0 23,0.0,6.76,6.382,0.0,passer_control,midgame,train
6k1/q5n1/4np1p/PRp5/2Pp2QN/3P2P1/5P1P/6K1 w - - 0 46,0.0,6.34,7.673,0.0,passer_control,midgame,val
Q7/8/6pp/1pp1q1p1/8/2Ppk2P/8/6K1 w - - 8 52,0.0,-8.08,-11.048,0.0,passer_blowup_guard,endgame,train
5r1k/p7/1p1p3p/3Pp1b1/7q/2NQ1r1P/PPP5/1K2R1R1 w - - 10 28,0.0,0.0,0.301,0.0,passer_control,midgame,train
r2r2k1/q4p1p/p3b1p1/3p4/2p4Q/3n2PP/PP1B1PB1/3RR1K1 w - - 8 27,0.0,3.95,-2.299,0.0,passer_blowup_guard,opening,val
8/4K3/k3B3/1b5p/2pP1P2/8/7P/1R6 w - - 3 49,0.0,9.11,11.803,0.0,passer_blowup_guard,adveg,val
5k2/P3b3/1B3p2/4p3/4K2p/6r1/8/R6R w - - 3 42,0.0,11.92,8.576,0.0,passer_blowup_guard,endgame,train
8/3rbk2/4p2p/4Rp1P/1p1r1P2/4K3/8/4N3 b - - 3 50,0.0,-7.49,-13.09,0.0,passer_blowup_guard,endgame,val
8/8/6k1/2R3P1/7p/7K/8/8 b - - 6 61,0.0,63.99,12.074,0.0,passer_under_fire,adveg,train
1k6/2p1PK2/4R3/1P4p1/2P5/8/8/4r3 b - - 8 56,0.0,12.53,5.49,0.0,passer_under_fire,adveg,val
5b1k/2RQ4/6p1/4P2p/5P2/6PP/5K2/q7 b - - 5 46,0.0,3.67,8.284,0.0,passer_blowup_guard,endgame,train
2q2r2/5pkp/ppB5/3pP1P1/3Pb3/4Q3/7R/3K4 b - - 0 33,0.0,-5.17,1.242,0.0,passer_under_fire,midgame,val
5b1r/1p1k2p1/3P2R1/3n3p/5B2/p3P3/P4PPP/4K2R w K - 3 29,0.0,4.89,7.631,0.0,passer_blowup_guard,endgame,train
r1bq1rk1/pp2b1pp/2p2n2/2n1Pp2/2P5/2N1P1PP/PPQN1PB1/R3K2R b KQ - 2 15,0.0,-3.76,-3.467,0.0,passer_control,opening,val
r2q2k1/6pp/p1p1bn2/1p6/1bn1P3/2N2Q1P/PBPP2P1/R3K2R w KQ - 5 19,0.0,-4.84,-5.106,0.0,passer_control,opening,train
8/3n2R1/3k1pp1/1P1Np2p/4P2P/6P1/p6K/r7 b - - 1 60,0.0,-8.38,-1.008,0.0,passer_blowup_guard,endgame,train
5k2/p4p2/n2NR3/8/3P2P1/8/r5PP/5RK1 b - - 1 39,0.0,10.12,12.613,0.0,passer_blowup_guard,endgame,train
2r1k3/3n1p1r/P1p1p1pp/B3q3/2P5/4Q1P1/1P2PP1P/R2R2K1 w - - 5 28,0.0,6.07,2.963,0.0,passer_under_fire,midgame,val
7k/R7/2P2N1p/8/1r3p2/8/2b2KPP/8 w - - 0 47,0.0,6.79,2.703,0.0,passer_under_fire,endgame,val
8/pp6/2p4p/3kb1p1/1P2R3/5P1n/r3N3/5K2 w - - 0 47,0.0,-7.49,-12.572,0.0,passer_blowup_guard,endgame,val
5rk1/pp4pp/n7/2b5/2N1P3/P1N5/1PP3qP/2KR3R b - - 0 22,0.0,-4.43,-4.47,0.0,passer_control,midgame,train
1r2kb2/pp1b2p1/2np4/2pN3r/2P1P3/Q2P1pq1/PP1R1R2/2K2B2 w - - 0 24,0.0,-4.3,-5.922,0.0,passer_blowup_guard,opening,val
6k1/p4rpp/2p5/8/5P2/1P1QPK2/7q/8 w - - 2 33,0.0,-5.79,-10.245,0.0,passer_under_fire,endgame,train
2r1k3/1p5r/p3pR2/P6p/1RPPp3/8/6PP/6K1 b - - 0 29,0.0,1.25,0.072,0.0,passer_control,endgame,train
7k/5Q2/7b/8/1P6/P6P/5PPK/r7 w - - 3 41,0.0,6.86,13.67,0.0,passer_blowup_guard,endgame,train
6nk/2R3p1/8/3r2N1/1P1p1P2/8/5KPP/8 b - - 8 40,0.0,3.95,3.998,0.0,passer_control,endgame,train
8/1p2kp1p/3p4/P1r2p2/5P2/8/3K4/5N2 b - - 5 47,0.0,-6.65,-10.357,0.0,passer_blowup_guard,adveg,val
7k/5R2/5n2/6N1/1P1r1P2/3p4/6PP/4K3 b - - 2 43,0.0,3.94,4.888,0.0,passer_control,endgame,train
7r/p7/1p2ppp1/3p1n2/k2P1P2/2r4P/1R2R1K1/N7 b - - 1 47,0.0,-7.41,-7.737,0.0,passer_control,endgame,train
2r4k/pp2pp2/1q1p4/1B1Pb2P/Pnp3p1/R1Nb4/1P1Q2P1/2K2R2 w - - 8 29,0.0,-0.85,-0.545,0.0,passer_control,midgame,train
2r5/p1r2pp1/kpn1p3/1R1pP3/Pp1P1P1p/1N2PK1P/6P1/1R6 w - - 6 30,0.0,-1.97,-0.223,0.0,passer_under_fire,endgame,val
1r4r1/pp6/1np2kbR/3n4/2pP4/P4NP1/1P3P2/2KBR3 w - - 0 31,0.0,-0.75,1.962,0.0,passer_blowup_guard,midgame,val
1n6/2R5/p3r3/2R1p1kp/8/3PPK2/5PPP/8 w - - 4 39,0.0,6.06,7.5,0.0,passer_under_fire,endgame,val
R7/2R1ppr1/3pknpp/8/P7/4PB2/5PPP/6K1 w - - 3 31,0.0,7.21,9.461,0.0,passer_blowup_guard,endgame,train
1r4r1/1p1n4/p1p2kbR/3n4/2pP3N/P5P1/1PB2P2/1K2R3 b - - 5 36,0.0,-1.27,1.625,0.0,passer_blowup_guard,midgame,train
3rr1k1/pp3p1p/1q4p1/2p2bP1/1pB1Nb2/1N3P1n/P1Q3RP/2R1K3 w - - 6 26,0.0,-5.63,-4.626,0.0,passer_under_fire,opening,train
8/8/6p1/1p3p2/2k4P/3N2P1/p3KP2/8 w - - 0 48,0.0,-6.5,0.247,0.0,passer_under_fire,adveg,train
1r6/8/2k4p/5Rp1/P1P3P1/1P2p2P/4K3/8 w - - 1 39,0.0,5.25,5.764,0.0,passer_control,adveg,val
r2r2k1/2p2ppp/1p2p3/8/1n3N2/4PP1P/p2N1P2/QqBK3R w - - 6 28,0.0,-8.95,-7.435,0.0,passer_under_fire,midgame,train
r1bk3r/3qb2p/p4p2/3pp2N/P7/7P/1PQ2PP1/R1B2RK1 w - - 3 19,0.0,1.87,-0.051,0.0,passer_blowup_guard,opening,val
4r1k1/pp4pp/5p2/3P4/q7/3r1N2/P4PPP/2Q3KR w - - 1 33,0.0,-6.47,-5.242,0.0,passer_control,midgame,train
8/5k2/7p/2p1R1p1/P3p1P1/8/P3KP2/8 b - - 0 39,0.0,8.1,9.61,0.0,passer_blowup_guard,adveg,train
8/7p/6p1/2p2p2/8/2Q3PP/3pr3/4k2K b - - 9 56,0.0,-5.65,1.468,0.0,passer_under_fire,endgame,val
7R/8/8/1p6/p1n5/2k5/6r1/K7 w - - 6 62,0.0,-6.13,-13.371,0.0,passer_blowup_guard,endgame,val
6k1/p4rp1/P3p3/1p5p/2pP1P2/3qPQ2/6R1/7K b - - 3 41,0.0,-3.17,-2.422,0.0,passer_control,endgame,val
5k2/4n3/2r4p/1Q4p1/PPP5/7P/5PP1/6K1 w - - 1 33,0.0,6.75,12.322,0.0,passer_blowup_guard,endgame,train
6k1/1p3p1p/p1n1p3/P3P2p/3P2q1/2B3r1/1PKRQ3/8 b - - 1 41,0.0,-4.03,-7.37,0.0,passer_blowup_guard,midgame,train
8/1p6/1pp2kp1/4p3/P1P1K1PP/1P6/8/8 w - - 3 46,0.0,5.51,0.29,0.0,passer_blowup_guard,adveg,train
7k/8/3nPp2/2Np4/3P1KP1/7P/8/8 b - - 0 61,0.0,5.09,7.619,0.0,passer_blowup_guard,adveg,train
6k1/Q5p1/3p4/1q1Ppp1B/1p6/1r1P2P1/8/6K1 b - - 3 38,0.0,-5.93,-8.654,0.0,passer_blowup_guard,endgame,val
r5k1/1p5p/3ppr2/pPP1p1NP/2n1P3/8/4KpP1/7R b - - 0 37,0.0,-6.43,-14.593,0.0,passer_blowup_guard,endgame,train
2r2rk1/p4pbp/p3b1p1/q2N4/P3P1nP/1P3Q2/2P1NPP1/3RR1K1 b - - 12 18,0.0,-3.69,-2.18,0.0,passer_blowup_guard,opening,train
3B4/1k6/3pB3/2pPb2P/2P2p2/8/5PP1/6K1 w - - 1 54,0.0,6.73,10.926,0.0,passer_blowup_guard,adveg,val
r1b1k3/1pqpPp1r/p1n2npp/8/2B5/2N2N2/PP3PPP/R1BQR1K1 w q - 3 15,0.0,6.76,8.948,0.0,passer_blowup_guard,opening,train
6k1/2p2pp1/3p4/3Pp1bp/4P3/P4P2/2K5/8 b - - 1 40,0.0,-7.77,-10.052,0.0,passer_under_fire,adveg,train
8/p3kp1N/1p5P/2p1r3/6P1/5P2/PP6/6K1 w - - 0 37,0.0,-1.65,-0.618,0.0,passer_control,adveg,train
8/8/1pK5/r7/8/8/6k1/3R1q2 w - - 0 91,0.0,-4.01,-11.252,0.0,passer_blowup_guard,endgame,train
8/p4p1p/8/Pp5P/1n1k1P2/1Kp5/8/8 w - - 0 48,0.0,-12.81,-10.714,0.0,passer_under_fire,adveg,val
6k1/8/r3np2/1P6/3P4/2P4R/6PP/6K1 w - - 0 42,0.0,7.45,8.01,0.0,passer_control,endgame,train
R7/ppp2kpp/4b3/3Bp3/2P4r/P1N5/1P3P2/4b1K1 w - - 0 29,0.0,-0.59,-1.672,0.0,passer_control,endgame,train
4k1r1/3N1p2/p1p1q2p/3n4/P2Pp3/Q3P1B1/1P2B1K1/5R2 b - - 0 33,0.0,3.65,4.383,0.0,passer_control,midgame,val
3q1rk1/3nb1pp/r2p4/3Pp3/8/2Q1PN2/1PP3PP/2KR3R w - - 0 18,0.0,-4.31,-1.558,0.0,passer_blowup_guard,midgame,train
8/8/p5k1/5p1p/5K2/1P1PpN2/P3P3/8 b - - 4 46,0.0,6.64,7.419,0.0,passer_control,adveg,train
6k1/pp4p1/4p3/q4r2/6QP/4P3/5PK1/6R1 w - - 0 36,0.0,-1.4,-2.846,0.0,passer_control,endgame,val
8/Rpp2kpp/4b3/3Bp3/2P4r/P1N5/1P3P2/4b1K1 b - - 0 29,0.0,-1.91,-2.082,0.0,passer_control,endgame,train
3rk2r/4pp2/1p3R2/p1Np4/P2P4/6P1/1nP3BP/4R1K1 w k - 0 24,0.0,5.16,7.587,0.0,passer_blowup_guard,endgame,train
6r1/2pk3r/2p1pQ2/3p3P/p2P4/1bP5/1P3PP1/4R1K1 b - - 8 45,0.0,4.44,6.125,0.0,passer_blowup_guard,endgame,train
r1bqkb1r/pp3ppp/3P1n2/8/2N1p3/1Q6/PP2BPPP/R1B2RK1 w kq - 0 15,0.0,5.78,1.705,0.0,passer_under_fire,opening,train
6k1/p1p5/6Pp/2p1P3/4R3/P1Pq4/6P1/7K w - - 1 38,0.0,-6.1,-6.195,0.0,passer_control,endgame,val
8/8/4k3/pp6/3pPn1p/1P1P1KbP/2B5/8 w - - 4 46,0.0,-6.46,-7.027,0.0,passer_control,adveg,val
4k3/4n3/p3R1p1/4Kp2/1NpP2pb/2P5/PP3r2/1R1Q4 b - - 4 33,0.0,6.49,7.882,0.0,passer_under_fire,midgame,train
r2r2k1/1b2qppp/4p3/p3bn2/PpPP2R1/2PQP2P/N5P1/R3B1K1 b - - 0 25,0.0,-5.98,-5.488,0.0,passer_control,opening,train
8/8/8/2pp1k2/4n2P/1P2PK2/8/2B5 w - - 1 54,0.0,0.28,0.816,0.0,passer_control,adveg,train
6k1/6b1/3P3p/2P2R2/3r2PP/4K1P1/8/8 b - - 4 48,0.0,3.35,3.354,0.0,passer_control,endgame,train
4k3/3N1pp1/1p1P4/pb1P4/5bN1/BP5p/1PK5/8 b - - 0 49,0.0,-5.56,-3.887,0.0,passer_under_fire,endgame,train
8/8/2k3pp/P7/6PP/2p5/2K5/8 b - - 2 54,0.0,5.24,0.744,0.0,passer_under_fire,adveg,train
6k1/5p2/1R3q2/1P4p1/p6p/P3P2P/6P1/7K w - - 0 50,0.0,8.17,3.86,0.0,passer_under_fire,endgame,train
6k1/1R6/4p3/8/1K2p2P/4P3/1P3P2/5b2 b - - 0 36,0.0,8.08,7.756,0.0,passer_control,adveg,train
5rk1/5p1p/p3p1p1/r2RP1P1/P1q2P2/2p2NP1/1pQ5/1K2R3 b - - 0 29,0.0,-7.21,-9.311,0.0,passer_blowup_guard,midgame,train
rq1r1nk1/pp1n1p1p/3p2p1/1Pp5/4P3/P1NBBQ1P/5PP1/2R1R1K1 b - - 1 21,0.0,5.31,5.776,0.0,passer_control,opening,train
8/p2bk3/rp5p/5Pp1/2PNN3/8/4KP2/8 w - - 0 41,0.0,-4.11,-4.538,0.0,passer_control,endgame,train
8/pp2n3/4k3/2ppP2p/P4P2/2B1P1K1/P7/8 b - - 1 34,0.0,-3.11,-0.021,0.0,passer_blowup_guard,adveg,val
2r3k1/4p2p/3p2p1/3r1p2/7P/P1n1P1P1/5K2/R4B1R b - - 3 30,0.0,-4.22,-0.898,0.0,passer_blowup_guard,endgame,val
r4rk1/5qpp/3bb3/3p3n/3Pp1P1/2N1B2P/1P1QNP2/2R3KR b - - 0 30,0.0,-1.37,-1.119,0.0,passer_control,opening,train
6k1/1R6/8/5N2/1p4PP/4K3/8/1r6 b - - 2 54,0.0,5.93,9.371,0.0,passer_blowup_guard,endgame,train
1k5r/p2q1pp1/P7/4pP2/4P1Pp/b2rB2P/1p2Q3/1R4K1 b - - 2 40,0.0,-7.09,-8.029,0.0,passer_control,midgame,val
5rk1/pp3ppp/5r2/2p1b3/2P1B3/2qP1QP1/4R3/5N1K w - - 4 34,0.0,-5.26,-5.727,0.0,passer_control,midgame,val
8/2k1P3/5P2/2b4p/1p1pK2P/r7/8/1R1B4 b - - 0 47,0.0,2.83,2.093,0.0,passer_control,endgame,train
6nR/1k4r1/4p3/1P3pB1/2PPpP1P/1Pb1K3/8/8 b - - 0 38,0.0,0.0,-0.044,0.0,passer_control,endgame,train
2k5/r3r2p/2N3p1/5p2/2P5/3P1B2/P4PPP/R5K1 w - - 1 33,0.0,6.72,9.495,0.0,passer_blowup_guard,endgame,train
2k5/p6p/2pn4/B3rPP1/8/1P1K4/P1P5/6R1 w - - 2 32,0.0,4.48,5.658,0.0,passer_control,endgame,val
6k1/5pp1/7p/p2b1P2/1p4r1/2n5/2N5/R3NK2 w - - 0 47,0.0,-6.25,-11.353,0.0,passer_blowup_guard,endgame,val
2r4r/3RB1pp/p3n3/2P5/2N2kp1/5n2/P5KP/8 w - - 6 29,0.0,-4.63,-8.914,0.0,passer_under_fire,endgame,val
8/2p1r2k/1p2q1pp/2p3p1/4P3/2P3QP/8/4R1K1 b - - 1 37,0.0,-4.06,-4.615,0.0,passer_control,endgame,train
6k1/1p1b1pp1/p4n1p/2r4P/5P2/2N1N1P1/5K2/1R6 w - - 4 34,0.0,-4.12,-4.932,0.0,passer_control,endgame,train
2b3k1/7r/1p3q2/2ppNP1p/r2P1R2/PN6/6PP/2RQ2K1 w - - 0 29,0.0,5.51,6.347,0.0,passer_control,midgame,train
1r1q1rk1/5pbp/Q5p1/2ppp3/P3n1b1/2P1nNP1/P3PP1P/RNR2BK1 w - - 0 19,0.0,-5.42,-2.546,0.0,passer_blowup_guard,opening,val
8/2pr2k1/4q1pp/1p2P1p1/2p1R3/2P2Q1P/8/6K1 b - - 3 41,0.0,-4.4,-3.251,0.0,passer_control,endgame,train
6k1/5pp1/7p/p2brP2/1p1N2P1/2n5/2N5/R4K2 w - - 6 45,0.0,-5.17,-8.556,0.0,passer_blowup_guard,endgame,train
r5k1/ppq3p1/2b1p2p/2B4R/2Pp4/1P1PP3/P4bB1/R2Q3K b - - 0 23,0.0,1.95,0.932,0.0,passer_control,midgame,train
8/8/2p1p1p1/2k4P/4p2P/PpK2P2/8/8 b - - 0 49,0.0,-7.18,-5.177,0.0,passer_under_fire,adveg,val
6r1/8/8/5k1P/p2P4/8/2p4K/2B5 w - - 1 49,0.0,-6.33,-5.007,0.0,passer_control,adveg,train
8/2p5/2P5/6Rp/1n1k1p2/4p2P/3r2P1/2R3K1 b - - 0 43,0.0,-6.56,-1.321,0.0,passer_under_fire,endgame,val
4r1k1/5p1p/2pP2p1/4P3/2Bn1P2/p5PP/1r1N1R2/3K4 b - - 1 29,0.0,-4.99,-1.973,0.0,passer_under_fire,endgame,train
4N3/4k3/p2p1b1Q/q1pPp3/2P2r1P/1P3P2/PK6/6RR b - - 8 39,0.0,0.0,6.899,0.0,passer_blowup_guard,midgame,val
1k1r4/6pp/2Q2p2/2p5/3Pn3/4P3/P4PPP/6K1 w - - 3 32,0.0,6.84,10.999,0.0,passer_blowup_guard,endgame,val
8/2p5/2P5/6Rp/1n1k1p2/7P/4pKP1/3rR3 b - - 3 45,0.0,-9.96,-0.119,0.0,passer_under_fire,endgame,train
b6k/6pp/8/4p3/q1Pp1nPP/PN3P2/1P1Q4/4K3 b - - 0 47,0.0,-8.93,-7.448,0.0,passer_control,endgame,train
8/8/3k4/p2p1p1p/P2BpK2/7P/5P2/8 w - - 2 45,0.0,6.92,2.501,0.0,passer_blowup_guard,adveg,train
8/1pp5/1n3k2/p1pP4/4P1K1/6N1/7p/8 w - - 0 51,0.0,-6.95,-8.857,0.0,passer_blowup_guard,adveg,train
6k1/p2p1pp1/P3b3/6p1/6rP/1p6/5K2/3R2N1 w - - 0 41,0.0,-5.62,-8.462,0.0,passer_blowup_guard,endgame,train
r4rk1/pQ2bpp1/2np3p/q2np2P/2P1P1b1/p2PB3/3N1PP1/R3KB1R w KQ - 0 17,0.0,-4.79,-4.381,0.0,passer_control,opening,val
2r5/N1P2pkp/6p1/3B4/P1R4P/3KP1P1/1r6/8 b - - 6 37,0.0,6.69,8.922,0.0,passer_blowup_guard,endgame,train
8/3PK1R1/1pk1p3/8/3rN3/8/P7/8 w - - 5 54,0.0,7.79,8.572,0.0,passer_control,endgame,val
2k5/2n5/3R4/P3K3/1P6/8/8/8 b - - 0 74,0.0,7.95,10.409,0.0,passer_blowup_guard,adveg,train
3qk1r1/1Q3ppp/3Pb3/8/3Rp3/2P5/PK2BP1P/4R3 b - - 2 28,0.0,7.46,12.591,0.0,passer_blowup_guard,midgame,train
8/8/2p2k2/p4n2/1p3Q1P/5b2/PP6/K7 w - - 0 49,0.0,6.59,9.358,0.0,passer_blowup_guard,endgame,train
r5k1/2pQ1b2/3bN1p1/P2p1qp1/1P1P4/2P4p/5PPP/4RRK1 w - - 0 28,0.0,3.92,4.731,0.0,passer_control,midgame,val
r4rk1/3p3p/pp1Pp1p1/2p5/1n2b2q/RPN1P3/3QB3/2KR4 b - - 3 33,0.0,-5.83,-5.902,0.0,passer_control,opening,train
r1bq1rk1/4pp1p/pp4p1/2b5/6n1/1PR2N1P/PB1NQ1P1/4KB1R b K - 0 16,0.0,2.73,-0.586,0.0,passer_blowup_guard,opening,train
5k2/7R/8/4bPP1/7P/p2K4/P4P2/8 w - - 5 45,0.0,8.57,12.023,0.0,passer_blowup_guard,adveg,val
8/5pk1/2p3p1/2RpP2p/Pr1n4/1P2KP2/6PP/1R6 b - - 1 36,0.0,3.93,4.144,0.0,passer_control,endgame,val
8/5k2/p3pp1p/P2p2p1/2rP1P2/2P3Pq/1p1B1K2/1N4R1 b - - 1 43,0.0,-7.24,-12.072,0.0,passer_blowup_guard,endgame,train
8/2r4k/8/6PK/6P1/8/1R6/8 w - - 7 59,0.0,0.04,5.804,0.0,passer_blowup_guard,adveg,val
rr4k1/5pbp/3N1np1/3P4/5N2/pp3PPB/1n1B3P/4RK1R w - - 0 26,0.0,-2.32,4.168,0.0,passer_under_fire,midgame,train
4k3/3qb1p1/2np3P/p3p3/Q3P3/p3B3/5P1K/5B2 b - - 0 32,0.0,2.08,-5.75,0.0,passer_blowup_guard,endgame,val
4B3/8/P3k3/2p5/2P1pp1P/1P2P3/3r4/1K6 w - - 0 60,0.0,-3.11,3.162,0.0,passer_blowup_guard,adveg,train
8/7k/8/6P1/6K1/8/1R6/2r5 w - - 0 1,0.0,0.0,3.894,0.0,passer_blowup_guard,adveg,train
6k1/8/8/8/2ppp3/8/6B1/6K1 b - - 0 1,0.0,-0.29,-5.183,0.0,passer_blowup_guard,adveg,train
8/8/3k4/2ppp3/8/5B2/8/6K1 b - - 0 1,0.0,-5.17,-1.487,0.0,passer_under_fire,adveg,val
