backdrop,file,rank,friendly,enemy,sample,cp_without,cp_with,value,fen
pieces,2,2,isolated,passed,0,1,78,77,4n3/8/k5pp/8/P3p2P/5N2/K1P3P1/8 w - - 0 1
pieces,2,2,isolated,passed,1,1,12,11,8/6K1/b7/7p/5p1P/4k1P1/2P5/4B3 w - - 0 1
pieces,2,2,isolated,passed,10,-50,-64,-14,5nQ1/K3kP2/8/8/8/8/p1P2N2/4q3 w - - 0 1
pieces,2,2,isolated,passed,14,402,546,144,4K2R/4P3/8/r3k2P/5p1p/8/2P5/8 w - - 0 1
pieces,2,2,isolated,contested,0,-491,-385,106,4n3/8/k5pp/8/P3p2P/3p1N2/K1P3P1/8 w - - 0 1
pieces,2,2,isolated,contested,1,-281,-509,-228,8/6K1/b7/7p/5p1P/3pk1P1/2P5/4B3 w - - 0 1
pieces,2,2,isolated,contested,10,-236,-405,-169,5nQ1/K3kP2/8/8/8/3p4/p1P2N2/4q3 w - - 0 1
pieces,2,2,isolated,contested,14,225,277,52,4K2R/4P3/8/r3k2P/5p1p/3p4/2P5/8 w - - 0 1
pieces,2,2,isolated,opposed,0,-252,-22,230,4n3/8/k5pp/8/P1p1p2P/5N2/K1P3P1/8 w - - 0 1
pieces,2,2,isolated,opposed,1,-21,-7,14,8/6K1/b7/7p/2p2p1P/4k1P1/2P5/4B3 w - - 0 1
pieces,2,2,isolated,opposed,10,-420,-484,-64,5nQ1/K3kP2/8/8/2p5/8/p1P2N2/4q3 w - - 0 1
pieces,2,2,isolated,opposed,14,468,591,123,4K2R/4P3/8/r3k2P/2p2p1p/8/2P5/8 w - - 0 1
pieces,2,2,isolated,blocked,0,-30,37,67,4n3/8/k5pp/8/P3p2P/2p2N2/K1P3P1/8 w - - 0 1
pieces,2,2,isolated,blocked,10,-69,-36,33,5nQ1/K3kP2/8/8/8/2p5/p1P2N2/4q3 w - - 0 1
pieces,2,2,isolated,blocked,14,360,591,231,4K2R/4P3/8/r3k2P/5p1p/2p5/2P5/8 w - - 0 1
pieces,2,2,unsupported,passed,0,472,533,61,4n3/8/k5pp/8/P3p2P/1P1P1N2/K1P3P1/8 w - - 0 1
pieces,2,2,unsupported,passed,1,307,437,130,8/6K1/b7/7p/5p1P/1P1Pk1P1/2P5/4B3 w - - 0 1
pieces,2,2,unsupported,passed,10,-513,-482,31,5nQ1/K3kP2/8/8/8/1P1P4/p1P2N2/4q3 w - - 0 1
pieces,2,2,unsupported,passed,14,412,501,89,4K2R/4P3/8/r3k2P/5p1p/1P1P4/2P5/8 w - - 0 1
pieces,2,2,unsupported,contested,0,-253,-199,54,4n3/8/k5pp/8/P3p2P/1P1p1N2/K1P3P1/8 w - - 0 1
pieces,2,2,unsupported,contested,1,-11,-4,7,8/6K1/b7/7p/5p1P/1P1pk1P1/2P5/4B3 w - - 0 1
pieces,2,2,unsupported,contested,10,-537,-556,-19,5nQ1/K3kP2/8/8/8/1P1p4/p1P2N2/4q3 w - - 0 1
pieces,2,2,unsupported,contested,14,476,394,-82,4K2R/4P3/8/r3k2P/5p1p/1P1p4/2P5/8 w - - 0 1
pieces,2,2,unsupported,opposed,0,351,451,100,4n3/8/k5pp/8/P1p1p2P/1P1P1N2/K1P3P1/8 w - - 0 1
pieces,2,2,unsupported,opposed,1,56,336,280,8/6K1/b7/7p/2p2p1P/1P1Pk1P1/2P5/4B3 w - - 0 1
pieces,2,2,unsupported,opposed,10,-561,-515,46,5nQ1/K3kP2/8/8/2p5/1P1P4/p1P2N2/4q3 w - - 0 1
pieces,2,2,unsupported,opposed,14,495,540,45,4K2R/4P3/8/r3k2P/2p2p1p/1P1P4/2P5/8 w - - 0 1
pieces,2,2,unsupported,blocked,0,381,502,121,4n3/8/k5pp/8/P3p2P/1PpP1N2/K1P3P1/8 w - - 0 1
pieces,2,2,unsupported,blocked,1,-226,89,315,8/6K1/b7/7p/5p1P/1PpPk1P1/2P5/4B3 w - - 0 1
pieces,2,2,unsupported,blocked,10,-186,-3,183,5nQ1/K3kP2/8/8/8/1PpP4/p1P2N2/4q3 w - - 0 1
pieces,2,2,unsupported,blocked,14,206,506,300,4K2R/4P3/8/r3k2P/5p1p/1PpP4/2P5/8 w - - 0 1
pieces,2,2,phalanx,passed,0,178,364,186,4n3/8/k5pp/8/P3p2P/5N2/KPP3P1/8 w - - 0 1
pieces,2,2,phalanx,passed,1,201,378,177,8/6K1/b7/7p/5p1P/4k1P1/1PP5/4B3 w - - 0 1
pieces,2,2,phalanx,passed,10,-83,-49,34,5nQ1/K3kP2/8/8/8/8/pPP2N2/4q3 w - - 0 1
pieces,2,2,phalanx,passed,14,595,635,40,4K2R/4P3/8/r3k2P/5p1p/8/1PP5/8 w - - 0 1
pieces,2,2,phalanx,contested,0,-298,-216,82,4n3/8/k5pp/8/P3p2P/3p1N2/KPP3P1/8 w - - 0 1
pieces,2,2,phalanx,contested,1,0,0,0,8/6K1/b7/7p/5p1P/3pk1P1/1PP5/4B3 w - - 0 1
pieces,2,2,phalanx,contested,10,-526,-528,-2,5nQ1/K3kP2/8/8/8/3p4/pPP2N2/4q3 w - - 0 1
pieces,2,2,phalanx,contested,14,468,392,-76,4K2R/4P3/8/r3k2P/5p1p/3p4/1PP5/8 w - - 0 1
pieces,2,2,phalanx,opposed,0,-9,89,98,4n3/8/k5pp/8/P1p1p2P/5N2/KPP3P1/8 w - - 0 1
pieces,2,2,phalanx,opposed,1,3,17,14,8/6K1/b7/7p/2p2p1P/4k1P1/1PP5/4B3 w - - 0 1
pieces,2,2,phalanx,opposed,10,-469,-278,191,5nQ1/K3kP2/8/8/2p5/8/pPP2N2/4q3 w - - 0 1
pieces,2,2,phalanx,opposed,14,556,624,68,4K2R/4P3/8/r3k2P/2p2p1p/8/1PP5/8 w - - 0 1
pieces,2,2,phalanx,blocked,0,-5,176,181,4n3/8/k5pp/8/P3p2P/2p2N2/KPP3P1/8 w - - 0 1
pieces,2,2,phalanx,blocked,1,-313,-39,274,8/6K1/b7/7p/5p1P/2p1k1P1/1PP5/4B3 w - - 0 1
pieces,2,2,phalanx,blocked,10,-274,-41,233,5nQ1/K3kP2/8/8/8/2p5/pPP2N2/4q3 w - - 0 1
pieces,2,2,phalanx,blocked,14,458,455,-3,4K2R/4P3/8/r3k2P/5p1p/2p5/1PP5/8 w - - 0 1
pieces,2,3,isolated,passed,0,-12,77,89,4n3/8/k5pp/8/P3p2P/2P2N2/K5P1/8 w - - 0 1
pieces,2,3,isolated,passed,1,-11,12,23,8/6K1/b7/7p/5p1P/2P1k1P1/8/4B3 w - - 0 1
pieces,2,3,isolated,passed,10,-55,0,55,5nQ1/K3kP2/8/8/8/2P5/p4N2/4q3 w - - 0 1
pieces,2,3,isolated,passed,14,530,604,74,4K2R/4P3/8/r3k2P/5p1p/2P5/8/8 w - - 0 1
pieces,2,3,isolated,contested,0,-1,84,85,4n3/8/k5pp/8/P2pp2P/2P2N2/K5P1/8 w - - 0 1
pieces,2,3,isolated,contested,1,-319,-27,292,8/6K1/b7/7p/3p1p1P/2P1k1P1/8/4B3 w - - 0 1
pieces,2,3,isolated,contested,10,-514,-471,43,5nQ1/K3kP2/8/8/3p4/2P5/p4N2/4q3 w - - 0 1
pieces,2,3,isolated,contested,14,346,477,131,4K2R/4P3/8/r3k2P/3p1p1p/2P5/8/8 w - - 0 1
pieces,2,3,isolated,opposed,0,-76,-26,50,4n3/8/k5pp/2p5/P3p2P/2P2N2/K5P1/8 w - - 0 1
pieces,2,3,isolated,opposed,1,-310,-32,278,8/6K1/b7/2p4p/5p1P/2P1k1P1/8/4B3 w - - 0 1
pieces,2,3,isolated,opposed,10,-321,-383,-62,5nQ1/K3kP2/8/2p5/8/2P5/p4N2/4q3 w - - 0 1
pieces,2,3,isolated,opposed,14,489,520,31,4K2R/4P3/8/r1p1k2P/5p1p/2P5/8/8 w - - 0 1
pieces,2,3,isolated,blocked,0,-244,-143,101,4n3/8/k5pp/8/P1p1p2P/2P2N2/K5P1/8 w - - 0 1
pieces,2,3,isolated,blocked,1,-19,-15,4,8/6K1/b7/7p/2p2p1P/2P1k1P1/8/4B3 w - - 0 1
pieces,2,3,isolated,blocked,10,-489,-394,95,5nQ1/K3kP2/8/8/2p5/2P5/p4N2/4q3 w - - 0 1
pieces,2,3,isolated,blocked,14,530,542,12,4K2R/4P3/8/r3k2P/2p2p1p/2P5/8/8 w - - 0 1
pieces,2,3,unsupported,passed,0,306,430,124,4n3/8/k5pp/8/PP1Pp2P/2P2N2/K5P1/8 w - - 0 1
pieces,2,3,unsupported,passed,1,442,478,36,8/6K1/b7/7p/1P1P1p1P/2P1k1P1/8/4B3 w - - 0 1
pieces,2,3,unsupported,passed,10,-372,-129,243,5nQ1/K3kP2/8/8/1P1P4/2P5/p4N2/4q3 w - - 0 1
pieces,2,3,unsupported,contested,0,211,392,181,4n3/8/k5pp/8/PP1pp2P/2P2N2/K5P1/8 w - - 0 1
pieces,2,3,unsupported,contested,1,-12,9,21,8/6K1/b7/7p/1P1p1p1P/2P1k1P1/8/4B3 w - - 0 1
pieces,2,3,unsupported,contested,10,-494,-312,182,5nQ1/K3kP2/8/8/1P1p4/2P5/p4N2/4q3 w - - 0 1
pieces,2,3,unsupported,opposed,0,97,323,226,4n3/8/k5pp/2p5/PP1Pp2P/2P2N2/K5P1/8 w - - 0 1
pieces,2,3,unsupported,opposed,1,190,414,224,8/6K1/b7/2p4p/1P1P1p1P/2P1k1P1/8/4B3 w - - 0 1
pieces,2,3,unsupported,opposed,10,-449,-215,234,5nQ1/K3kP2/8/2p5/1P1P4/2P5/p4N2/4q3 w - - 0 1
pieces,2,3,unsupported,blocked,0,120,247,127,4n3/8/k5pp/8/PPpPp2P/2P2N2/K5P1/8 w - - 0 1
pieces,2,3,unsupported,blocked,1,52,421,369,8/6K1/b7/7p/1PpP1p1P/2P1k1P1/8/4B3 w - - 0 1
pieces,2,3,unsupported,blocked,10,-459,-209,250,5nQ1/K3kP2/8/8/1PpP4/2P5/p4N2/4q3 w - - 0 1
pieces,2,3,supported,passed,0,201,389,188,4n3/8/k5pp/8/P3p2P/2P2N2/KP4P1/8 w - - 0 1
pieces,2,3,supported,passed,1,164,388,224,8/6K1/b7/7p/5p1P/2P1k1P1/1P6/4B3 w - - 0 1
pieces,2,3,supported,passed,10,-83,0,83,5nQ1/K3kP2/8/8/8/2P5/pP3N2/4q3 w - - 0 1
pieces,2,3,supported,passed,14,562,554,-8,4K2R/4P3/8/r3k2P/5p1p/2P5/1P6/8 w - - 0 1
pieces,2,3,supported,contested,0,191,389,198,4n3/8/k5pp/8/P2pp2P/2P2N2/KP4P1/8 w - - 0 1
pieces,2,3,supported,contested,1,-1,6,7,8/6K1/b7/7p/3p1p1P/2P1k1P1/1P6/4B3 w - - 0 1
pieces,2,3,supported,contested,10,-417,-350,67,5nQ1/K3kP2/8/8/3p4/2P5/pP3N2/4q3 w - - 0 1
pieces,2,3,supported,contested,14,433,529,96,4K2R/4P3/8/r3k2P/3p1p1p/2P5/1P6/8 w - - 0 1
pieces,2,3,supported,opposed,0,5,89,84,4n3/8/k5pp/2p5/P3p2P/2P2N2/KP4P1/8 w - - 0 1
pieces,2,3,supported,opposed,1,5,27,22,8/6K1/b7/2p4p/5p1P/2P1k1P1/1P6/4B3 w - - 0 1
pieces,2,3,supported,opposed,10,-360,-215,145,5nQ1/K3kP2/8/2p5/8/2P5/pP3N2/4q3 w - - 0 1
pieces,2,3,supported,opposed,14,588,667,79,4K2R/4P3/8/r1p1k2P/5p1p/2P5/1P6/8 w - - 0 1
pieces,2,3,supported,blocked,0,-8,67,75,4n3/8/k5pp/8/P1p1p2P/2P2N2/KP4P1/8 w - - 0 1
pieces,2,3,supported,blocked,1,2,0,-2,8/6K1/b7/7p/2p2p1P/2P1k1P1/1P6/4B3 w - - 0 1
pieces,2,3,supported,blocked,10,-508,-339,169,5nQ1/K3kP2/8/8/2p5/2P5/pP3N2/4q3 w - - 0 1
pieces,2,3,supported,blocked,14,608,624,16,4K2R/4P3/8/r3k2P/2p2p1p/2P5/1P6/8 w - - 0 1
pieces,2,3,phalanx,passed,0,206,390,184,4n3/8/k5pp/8/P3p2P/1PP2N2/K5P1/8 w - - 0 1
pieces,2,3,phalanx,passed,1,38,265,227,8/6K1/b7/7p/5p1P/1PP1k1P1/8/4B3 w - - 0 1
pieces,2,3,phalanx,passed,14,595,687,92,4K2R/4P3/8/r3k2P/5p1p/1PP5/8/8 w - - 0 1
pieces,2,3,phalanx,contested,0,196,391,195,4n3/8/k5pp/8/P2pp2P/1PP2N2/K5P1/8 w - - 0 1
pieces,2,3,phalanx,contested,1,-3,0,3,8/6K1/b7/7p/3p1p1P/1PP1k1P1/8/4B3 w - - 0 1
pieces,2,3,phalanx,contested,10,-535,-414,121,5nQ1/K3kP2/8/8/3p4/1PP5/p4N2/4q3 w - - 0 1
pieces,2,3,phalanx,contested,14,371,523,152,4K2R/4P3/8/r3k2P/3p1p1p/1PP5/8/8 w - - 0 1
pieces,2,3,phalanx,opposed,0,8,180,172,4n3/8/k5pp/2p5/P3p2P/1PP2N2/K5P1/8 w - - 0 1
pieces,2,3,phalanx,opposed,1,-3,58,61,8/6K1/b7/2p4p/5p1P/1PP1k1P1/8/4B3 w - - 0 1
pieces,2,3,phalanx,opposed,10,-594,-316,278,5nQ1/K3kP2/8/2p5/8/1PP5/p4N2/4q3 w - - 0 1
pieces,2,3,phalanx,opposed,14,547,605,58,4K2R/4P3/8/r1p1k2P/5p1p/1PP5/8/8 w - - 0 1
pieces,2,3,phalanx,blocked,0,6,101,95,4n3/8/k5pp/8/P1p1p2P/1PP2N2/K5P1/8 w - - 0 1
pieces,2,3,phalanx,blocked,1,-32,-272,-240,8/6K1/b7/7p/2p2p1P/1PP1k1P1/8/4B3 w - - 0 1
pieces,2,3,phalanx,blocked,10,-525,-378,147,5nQ1/K3kP2/8/8/2p5/1PP5/p4N2/4q3 w - - 0 1
pieces,2,3,phalanx,blocked,14,564,605,41,4K2R/4P3/8/r3k2P/2p2p1p/1PP5/8/8 w - - 0 1
pieces,2,3,doubled,passed,0,73,134,61,4n3/8/k5pp/8/P3p2P/2P2N2/K1P3P1/8 w - - 0 1
pieces,2,3,doubled,passed,1,35,36,1,8/6K1/b7/7p/5p1P/2P1k1P1/2P5/4B3 w - - 0 1
pieces,2,3,doubled,passed,10,-80,0,80,5nQ1/K3kP2/8/8/8/2P5/p1P2N2/4q3 w - - 0 1
pieces,2,3,doubled,passed,14,661,709,48,4K2R/4P3/8/r3k2P/5p1p/2P5/2P5/8 w - - 0 1
pieces,2,3,doubled,contested,0,72,183,111,4n3/8/k5pp/8/P2pp2P/2P2N2/K1P3P1/8 w - - 0 1
pieces,2,3,doubled,contested,1,-13,20,33,8/6K1/b7/7p/3p1p1P/2P1k1P1/2P5/4B3 w - - 0 1
pieces,2,3,doubled,contested,10,-420,-439,-19,5nQ1/K3kP2/8/8/3p4/2P5/p1P2N2/4q3 w - - 0 1
pieces,2,3,doubled,contested,14,490,504,14,4K2R/4P3/8/r3k2P/3p1p1p/2P5/2P5/8 w - - 0 1
pieces,2,3,doubled,opposed,0,-6,-39,-33,4n3/8/k5pp/2p5/P3p2P/2P2N2/K1P3P1/8 w - - 0 1
pieces,2,3,doubled,opposed,1,-8,-9,-1,8/6K1/b7/2p4p/5p1P/2P1k1P1/2P5/4B3 w - - 0 1
pieces,2,3,doubled,opposed,10,-328,-307,21,5nQ1/K3kP2/8/2p5/8/2P5/p1P2N2/4q3 w - - 0 1
pieces,2,3,doubled,opposed,14,611,684,73,4K2R/4P3/8/r1p1k2P/5p1p/2P5/2P5/8 w - - 0 1
pieces,2,3,doubled,blocked,0,-4,-30,-26,4n3/8/k5pp/8/P1p1p2P/2P2N2/K1P3P1/8 w - - 0 1
pieces,2,3,doubled,blocked,1,-8,-4,4,8/6K1/b7/7p/2p2p1P/2P1k1P1/2P5/4B3 w - - 0 1
pieces,2,3,doubled,blocked,10,-526,-460,66,5nQ1/K3kP2/8/8/2p5/2P5/p1P2N2/4q3 w - - 0 1
pieces,2,3,doubled,blocked,14,632,649,17,4K2R/4P3/8/r3k2P/2p2p1p/2P5/2P5/8 w - - 0 1
pieces,2,4,isolated,passed,0,0,86,86,4n3/8/k5pp/8/P1P1p2P/5N2/K5P1/8 w - - 0 1
pieces,2,4,isolated,passed,1,-3,0,3,8/6K1/b7/7p/2P2p1P/4k1P1/8/4B3 w - - 0 1
pieces,2,4,isolated,passed,14,600,611,11,4K2R/4P3/8/r3k2P/2P2p1p/8/8/8 w - - 0 1
pieces,2,4,isolated,contested,0,-117,0,117,4n3/8/k5pp/3p4/P1P1p2P/5N2/K5P1/8 w - - 0 1
pieces,2,4,isolated,contested,10,-560,-519,41,5nQ1/K3kP2/8/3p4/2P5/8/p4N2/4q3 w - - 0 1
pieces,2,4,isolated,contested,14,442,566,124,4K2R/4P3/8/r2pk2P/2P2p1p/8/8/8 w - - 0 1
pieces,2,4,isolated,opposed,0,-27,-7,20,4n3/8/k1p3pp/8/P1P1p2P/5N2/K5P1/8 w - - 0 1
pieces,2,4,isolated,opposed,1,-32,-7,25,8/6K1/b1p5/7p/2P2p1P/4k1P1/8/4B3 w - - 0 1
pieces,2,4,isolated,opposed,10,-633,-664,-31,5nQ1/K3kP2/2p5/8/2P5/8/p4N2/4q3 w - - 0 1
pieces,2,4,isolated,opposed,14,515,568,53,4K2R/4P3/2p5/r3k2P/2P2p1p/8/8/8 w - - 0 1
pieces,2,4,isolated,blocked,0,-50,-4,46,4n3/8/k5pp/2p5/P1P1p2P/5N2/K5P1/8 w - - 0 1
pieces,2,4,isolated,blocked,1,-422,-58,364,8/6K1/b7/2p4p/2P2p1P/4k1P1/8/4B3 w - - 0 1
pieces,2,4,isolated,blocked,10,-382,-593,-211,5nQ1/K3kP2/8/2p5/2P5/8/p4N2/4q3 w - - 0 1
pieces,2,4,isolated,blocked,14,512,618,106,4K2R/4P3/8/r1p1k2P/2P2p1p/8/8/8 w - - 0 1
pieces,2,4,unsupported,passed,10,-180,-151,29,5nQ1/K3kP2/8/1P1P4/2P5/8/p4N2/4q3 w - - 0 1
pieces,2,4,unsupported,passed,14,678,670,-8,4K2R/4P3/8/rP1Pk2P/2P2p1p/8/8/8 w - - 0 1
pieces,2,4,unsupported,contested,10,-506,-528,-22,5nQ1/K3kP2/8/1P1p4/2P5/8/p4N2/4q3 w - - 0 1
pieces,2,4,unsupported,contested,14,630,653,23,4K2R/4P3/8/rP1pk2P/2P2p1p/8/8/8 w - - 0 1
pieces,2,4,unsupported,opposed,10,-63,-46,17,5nQ1/K3kP2/2p5/1P1P4/2P5/8/p4N2/4q3 w - - 0 1
pieces,2,4,unsupported,opposed,14,733,731,-2,4K2R/4P3/2p5/rP1Pk2P/2P2p1p/8/8/8 w - - 0 1
pieces,2,4,unsupported,blocked,10,-215,-226,-11,5nQ1/K3kP2/8/1PpP4/2P5/8/p4N2/4q3 w - - 0 1
pieces,2,4,unsupported,blocked,14,687,621,-66,4K2R/4P3/8/rPpPk2P/2P2p1p/8/8/8 w - - 0 1
pieces,2,4,supported,passed,0,200,378,178,4n3/8/k5pp/8/P1P1p2P/1P3N2/K5P1/8 w - - 0 1
pieces,2,4,supported,passed,1,35,424,389,8/6K1/b7/7p/2P2p1P/1P2k1P1/8/4B3 w - - 0 1
pieces,2,4,supported,passed,10,-494,-530,-36,5nQ1/K3kP2/8/8/2P5/1P6/p4N2/4q3 w - - 0 1
pieces,2,4,supported,passed,14,675,645,-30,4K2R/4P3/8/r3k2P/2P2p1p/1P6/8/8 w - - 0 1
pieces,2,4,supported,contested,0,12,198,186,4n3/8/k5pp/3p4/P1P1p2P/1P3N2/K5P1/8 w - - 0 1
pieces,2,4,supported,contested,1,-6,20,26,8/6K1/b7/3p3p/2P2p1P/1P2k1P1/8/4B3 w - - 0 1
pieces,2,4,supported,contested,10,-503,-501,2,5nQ1/K3kP2/8/3p4/2P5/1P6/p4N2/4q3 w - - 0 1
pieces,2,4,supported,contested,14,451,623,172,4K2R/4P3/8/r2pk2P/2P2p1p/1P6/8/8 w - - 0 1
pieces,2,4,supported,opposed,0,20,180,160,4n3/8/k1p3pp/8/P1P1p2P/1P3N2/K5P1/8 w - - 0 1
pieces,2,4,supported,opposed,1,-13,147,160,8/6K1/b1p5/7p/2P2p1P/1P2k1P1/8/4B3 w - - 0 1
pieces,2,4,supported,opposed,10,-633,-566,67,5nQ1/K3kP2/2p5/8/2P5/1P6/p4N2/4q3 w - - 0 1
pieces,2,4,supported,opposed,14,614,699,85,4K2R/4P3/2p5/r3k2P/2P2p1p/1P6/8/8 w - - 0 1
pieces,2,4,supported,blocked,0,8,103,95,4n3/8/k5pp/2p5/P1P1p2P/1P3N2/K5P1/8 w - - 0 1
pieces,2,4,supported,blocked,1,-5,138,143,8/6K1/b7/2p4p/2P2p1P/1P2k1P1/8/4B3 w - - 0 1
pieces,2,4,supported,blocked,10,-668,-587,81,5nQ1/K3kP2/8/2p5/2P5/1P6/p4N2/4q3 w - - 0 1
pieces,2,4,supported,blocked,14,690,654,-36,4K2R/4P3/8/r1p1k2P/2P2p1p/1P6/8/8 w - - 0 1
pieces,2,4,phalanx,passed,0,243,420,177,4n3/8/k5pp/8/PPP1p2P/5N2/K5P1/8 w - - 0 1
pieces,2,4,phalanx,passed,1,31,383,352,8/6K1/b7/7p/1PP2p1P/4k1P1/8/4B3 w - - 0 1
pieces,2,4,phalanx,passed,10,-518,-377,141,5nQ1/K3kP2/8/8/1PP5/8/p4N2/4q3 w - - 0 1
pieces,2,4,phalanx,contested,0,21,217,196,4n3/8/k5pp/3p4/PPP1p2P/5N2/K5P1/8 w - - 0 1
pieces,2,4,phalanx,contested,1,-4,349,353,8/6K1/b7/3p3p/1PP2p1P/4k1P1/8/4B3 w - - 0 1
pieces,2,4,phalanx,contested,10,-528,-430,98,5nQ1/K3kP2/8/3p4/1PP5/8/p4N2/4q3 w - - 0 1
pieces,2,4,phalanx,opposed,0,30,234,204,4n3/8/k1p3pp/8/PPP1p2P/5N2/K5P1/8 w - - 0 1
pieces,2,4,phalanx,opposed,1,0,4,4,8/6K1/b1p5/7p/1PP2p1P/4k1P1/8/4B3 w - - 0 1
pieces,2,4,phalanx,opposed,10,-619,-541,78,5nQ1/K3kP2/2p5/8/1PP5/8/p4N2/4q3 w - - 0 1
pieces,2,4,phalanx,blocked,0,-4,33,37,4n3/8/k5pp/2p5/PPP1p2P/5N2/K5P1/8 w - - 0 1
pieces,2,4,phalanx,blocked,1,-4,10,14,8/6K1/b7/2p4p/1PP2p1P/4k1P1/8/4B3 w - - 0 1
pieces,2,4,phalanx,blocked,10,-565,-593,-28,5nQ1/K3kP2/8/2p5/1PP5/8/p4N2/4q3 w - - 0 1
pieces,2,4,doubled,passed,0,79,192,113,4n3/8/k5pp/8/P1P1p2P/2P2N2/K5P1/8 w - - 0 1
pieces,2,4,doubled,passed,1,25,206,181,8/6K1/b7/7p/2P2p1P/2P1k1P1/8/4B3 w - - 0 1
pieces,2,4,doubled,passed,14,684,663,-21,4K2R/4P3/8/r3k2P/2P2p1p/2P5/8/8 w - - 0 1
pieces,2,4,doubled,contested,0,-7,25,32,4n3/8/k5pp/3p4/P1P1p2P/2P2N2/K5P1/8 w - - 0 1
pieces,2,4,doubled,contested,1,-11,23,34,8/6K1/b7/3p3p/2P2p1P/2P1k1P1/8/4B3 w - - 0 1
pieces,2,4,doubled,contested,14,470,547,77,4K2R/4P3/8/r2pk2P/2P2p1p/2P5/8/8 w - - 0 1
pieces,2,4,doubled,opposed,0,-10,24,34,4n3/8/k1p3pp/8/P1P1p2P/2P2N2/K5P1/8 w - - 0 1
pieces,2,4,doubled,opposed,1,-15,-4,11,8/6K1/b1p5/7p/2P2p1P/2P1k1P1/8/4B3 w - - 0 1
pieces,2,4,doubled,opposed,10,-380,-470,-90,5nQ1/K3kP2/2p5/8/2P5/2P5/p4N2/4q3 w - - 0 1
pieces,2,4,doubled,opposed,14,559,667,108,4K2R/4P3/2p5/r3k2P/2P2p1p/2P5/8/8 w - - 0 1
pieces,2,4,doubled,blocked,0,-26,23,49,4n3/8/k5pp/2p5/P1P1p2P/2P2N2/K5P1/8 w - - 0 1
pieces,2,4,doubled,blocked,1,-16,-5,11,8/6K1/b7/2p4p/2P2p1P/2P1k1P1/8/4B3 w - - 0 1
pieces,2,4,doubled,blocked,10,-403,-434,-31,5nQ1/K3kP2/8/2p5/2P5/2P5/p4N2/4q3 w - - 0 1
pieces,2,4,doubled,blocked,14,613,623,10,4K2R/4P3/8/r1p1k2P/2P2p1p/2P5/8/8 w - - 0 1
pieces,2,5,isolated,passed,0,-1,107,108,4n3/8/k5pp/2P5/P3p2P/5N2/K5P1/8 w - - 0 1
pieces,2,5,isolated,passed,1,-2,318,320,8/6K1/b7/2P4p/5p1P/4k1P1/8/4B3 w - - 0 1
pieces,2,5,isolated,passed,10,-53,-2,51,5nQ1/K3kP2/8/2P5/8/8/p4N2/4q3 w - - 0 1
pieces,2,5,isolated,passed,14,575,643,68,4K2R/4P3/8/r1P1k2P/5p1p/8/8/8 w - - 0 1
pieces,2,5,isolated,contested,0,-86,-19,67,4n3/8/k2p2pp/2P5/P3p2P/5N2/K5P1/8 w - - 0 1
pieces,2,5,isolated,contested,10,-559,-408,151,5nQ1/K3kP2/3p4/2P5/8/8/p4N2/4q3 w - - 0 1
pieces,2,5,isolated,contested,14,477,640,163,4K2R/4P3/3p4/r1P1k2P/5p1p/8/8/8 w - - 0 1
pieces,2,5,isolated,opposed,0,-95,-19,76,4n3/2p5/k5pp/2P5/P3p2P/5N2/K5P1/8 w - - 0 1
pieces,2,5,isolated,opposed,1,-27,0,27,8/2p3K1/b7/2P4p/5p1P/4k1P1/8/4B3 w - - 0 1
pieces,2,5,isolated,opposed,10,-122,-56,66,5nQ1/K1p1kP2/8/2P5/8/8/p4N2/4q3 w - - 0 1
pieces,2,5,isolated,opposed,14,694,717,23,4K2R/2p1P3/8/r1P1k2P/5p1p/8/8/8 w - - 0 1
pieces,2,5,isolated,blocked,0,-20,6,26,4n3/8/k1p3pp/2P5/P3p2P/5N2/K5P1/8 w - - 0 1
pieces,2,5,isolated,blocked,1,-31,0,31,8/6K1/b1p5/2P4p/5p1P/4k1P1/8/4B3 w - - 0 1
pieces,2,5,isolated,blocked,10,-671,-566,105,5nQ1/K3kP2/2p5/2P5/8/8/p4N2/4q3 w - - 0 1
pieces,2,5,isolated,blocked,14,616,653,37,4K2R/4P3/2p5/r1P1k2P/5p1p/8/8/8 w - - 0 1
pieces,2,5,unsupported,passed,0,711,953,242,4n3/8/kP1P2pp/2P5/P3p2P/5N2/K5P1/8 w - - 0 1
pieces,2,5,unsupported,passed,1,751,885,134,8/6K1/bP1P4/2P4p/5p1P/4k1P1/8/4B3 w - - 0 1
pieces,2,5,unsupported,passed,14,886,923,37,4K2R/4P3/1P1P4/r1P1k2P/5p1p/8/8/8 w - - 0 1
pieces,2,5,unsupported,contested,0,-84,-11,73,4n3/8/kP1p2pp/2P5/P3p2P/5N2/K5P1/8 w - - 0 1
pieces,2,5,unsupported,contested,1,352,590,238,8/6K1/bP1p4/2P4p/5p1P/4k1P1/8/4B3 w - - 0 1
pieces,2,5,unsupported,contested,10,-286,86,372,5nQ1/K3kP2/1P1p4/2P5/8/8/p4N2/4q3 w - - 0 1
pieces,2,5,unsupported,contested,14,809,865,56,4K2R/4P3/1P1p4/r1P1k2P/5p1p/8/8/8 w - - 0 1
pieces,2,5,unsupported,opposed,0,715,852,137,4n3/2p5/kP1P2pp/2P5/P3p2P/5N2/K5P1/8 w - - 0 1
pieces,2,5,unsupported,opposed,1,724,793,69,8/2p3K1/bP1P4/2P4p/5p1P/4k1P1/8/4B3 w - - 0 1
pieces,2,5,unsupported,opposed,14,828,882,54,4K2R/2p1P3/1P1P4/r1P1k2P/5p1p/8/8/8 w - - 0 1
pieces,2,5,unsupported,blocked,0,663,907,244,4n3/8/kPpP2pp/2P5/P3p2P/5N2/K5P1/8 w - - 0 1
pieces,2,5,unsupported,blocked,1,794,876,82,8/6K1/bPpP4/2P4p/5p1P/4k1P1/8/4B3 w - - 0 1
pieces,2,5,unsupported,blocked,14,839,964,125,4K2R/4P3/1PpP4/r1P1k2P/5p1p/8/8/8 w - - 0 1
pieces,2,5,supported,passed,0,230,429,199,4n3/8/k5pp/2P5/PP2p2P/5N2/K5P1/8 w - - 0 1
pieces,2,5,supported,contested,0,18,113,95,4n3/8/k2p2pp/2P5/PP2p2P/5N2/K5P1/8 w - - 0 1
pieces,2,5,supported,contested,10,-384,-390,-6,5nQ1/K3kP2/3p4/2P5/1P6/8/p4N2/4q3 w - - 0 1
pieces,2,5,supported,opposed,0,18,248,230,4n3/2p5/k5pp/2P5/PP2p2P/5N2/K5P1/8 w - - 0 1
pieces,2,5,supported,opposed,1,0,21,21,8/2p3K1/b7/2P4p/1P3p1P/4k1P1/8/4B3 w - - 0 1
pieces,2,5,supported,opposed,10,-478,-165,313,5nQ1/K1p1kP2/8/2P5/1P6/8/p4N2/4q3 w - - 0 1
pieces,2,5,supported,blocked,0,20,274,254,4n3/8/k1p3pp/2P5/PP2p2P/5N2/K5P1/8 w - - 0 1
pieces,2,5,supported,blocked,1,0,11,11,8/6K1/b1p5/2P4p/1P3p1P/4k1P1/8/4B3 w - - 0 1
pieces,2,5,supported,blocked,10,-613,-388,225,5nQ1/K3kP2/2p5/2P5/1P6/8/p4N2/4q3 w - - 0 1
pieces,2,5,phalanx,passed,14,651,789,138,4K2R/4P3/8/rPP1k2P/5p1p/8/8/8 w - - 0 1
pieces,2,5,phalanx,contested,10,-509,-218,291,5nQ1/K3kP2/3p4/1PP5/8/8/p4N2/4q3 w - - 0 1
pieces,2,5,phalanx,contested,14,652,702,50,4K2R/4P3/3p4/rPP1k2P/5p1p/8/8/8 w - - 0 1
pieces,2,5,phalanx,opposed,14,738,742,4,4K2R/2p1P3/8/rPP1k2P/5p1p/8/8/8 w - - 0 1
pieces,2,5,phalanx,blocked,14,647,714,67,4K2R/4P3/2p5/rPP1k2P/5p1p/8/8/8 w - - 0 1
pieces,2,5,doubled,passed,0,103,283,180,4n3/8/k5pp/2P5/P1P1p2P/5N2/K5P1/8 w - - 0 1
pieces,2,5,doubled,passed,1,14,359,345,8/6K1/b7/2P4p/2P2p1P/4k1P1/8/4B3 w - - 0 1
pieces,2,5,doubled,passed,14,652,654,2,4K2R/4P3/8/r1P1k2P/2P2p1p/8/8/8 w - - 0 1
pieces,2,5,doubled,contested,0,-13,-2,11,4n3/8/k2p2pp/2P5/P1P1p2P/5N2/K5P1/8 w - - 0 1
pieces,2,5,doubled,contested,10,-572,-331,241,5nQ1/K3kP2/3p4/2P5/2P5/8/p4N2/4q3 w - - 0 1
pieces,2,5,doubled,contested,14,469,579,110,4K2R/4P3/3p4/r1P1k2P/2P2p1p/8/8/8 w - - 0 1
pieces,2,5,doubled,opposed,0,-32,0,32,4n3/2p5/k5pp/2P5/P1P1p2P/5N2/K5P1/8 w - - 0 1
pieces,2,5,doubled,opposed,1,0,1,1,8/2p3K1/b7/2P4p/2P2p1P/4k1P1/8/4B3 w - - 0 1
pieces,2,5,doubled,opposed,10,-513,-508,5,5nQ1/K1p1kP2/8/2P5/2P5/8/p4N2/4q3 w - - 0 1
pieces,2,5,doubled,opposed,14,692,719,27,4K2R/2p1P3/8/r1P1k2P/2P2p1p/8/8/8 w - - 0 1
pieces,2,5,doubled,blocked,0,-15,38,53,4n3/8/k1p3pp/2P5/P1P1p2P/5N2/K5P1/8 w - - 0 1
pieces,2,5,doubled,blocked,1,-1,0,1,8/6K1/b1p5/2P4p/2P2p1P/4k1P1/8/4B3 w - - 0 1
pieces,2,5,doubled,blocked,10,-670,-515,155,5nQ1/K3kP2/2p5/2P5/2P5/8/p4N2/4q3 w - - 0 1
pieces,2,5,doubled,blocked,14,646,665,19,4K2R/4P3/2p5/r1P1k2P/2P2p1p/8/8/8 w - - 0 1
pieces,2,6,isolated,passed,0,5,28,23,4n3/8/k1P3pp/8/P3p2P/5N2/K5P1/8 w - - 0 1
pieces,2,6,isolated,passed,1,0,374,374,8/6K1/b1P5/7p/5p1P/4k1P1/8/4B3 w - - 0 1
pieces,2,6,isolated,passed,10,-60,-45,15,5nQ1/K3kP2/2P5/8/8/8/p4N2/4q3 w - - 0 1
pieces,2,6,isolated,passed,14,607,687,80,4K2R/4P3/2P5/r3k2P/5p1p/8/8/8 w - - 0 1
pieces,2,6,isolated,contested,10,-444,-357,87,5nQ1/K2pkP2/2P5/8/8/8/p4N2/4q3 w - - 0 1
pieces,2,6,isolated,contested,14,616,792,176,4K2R/3pP3/2P5/r3k2P/5p1p/8/8/8 w - - 0 1
pieces,2,6,isolated,blocked,0,-116,-15,101,4n3/2p5/k1P3pp/8/P3p2P/5N2/K5P1/8 w - - 0 1
pieces,2,6,isolated,blocked,1,-28,-2,26,8/2p3K1/b1P5/7p/5p1P/4k1P1/8/4B3 w - - 0 1
pieces,2,6,isolated,blocked,10,-454,-298,156,5nQ1/K1p1kP2/2P5/8/8/8/p4N2/4q3 w - - 0 1
pieces,2,6,isolated,blocked,14,702,701,-1,4K2R/2p1P3/2P5/r3k2P/5p1p/8/8/8 w - - 0 1
pieces,2,6,unsupported,passed,14,1312,1347,35,4K2R/1P1PP3/2P5/r3k2P/5p1p/8/8/8 w - - 0 1
pieces,2,6,unsupported,contested,1,734,874,140,8/1P1p2K1/b1P5/7p/5p1P/4k1P1/8/4B3 w - - 0 1
pieces,2,6,unsupported,contested,10,0,266,266,5nQ1/KP1pkP2/2P5/8/8/8/p4N2/4q3 w - - 0 1
pieces,2,6,unsupported,contested,14,1012,1009,-3,4K2R/1P1pP3/2P5/r3k2P/5p1p/8/8/8 w - - 0 1
pieces,2,6,unsupported,blocked,1,998,1086,88,8/1PpP2K1/b1P5/7p/5p1P/4k1P1/8/4B3 w - - 0 1
pieces,2,6,unsupported,blocked,14,1085,1108,23,4K2R/1PpPP3/2P5/r3k2P/5p1p/8/8/8 w - - 0 1
pieces,2,6,supported,passed,14,754,849,95,4K2R/4P3/2P5/rP2k2P/5p1p/8/8/8 w - - 0 1
pieces,2,6,supported,contested,10,-373,-137,236,5nQ1/K2pkP2/2P5/1P6/8/8/p4N2/4q3 w - - 0 1
pieces,2,6,supported,contested,14,742,821,79,4K2R/3pP3/2P5/rP2k2P/5p1p/8/8/8 w - - 0 1
pieces,2,6,supported,blocked,14,747,761,14,4K2R/2p1P3/2P5/rP2k2P/5p1p/8/8/8 w - - 0 1
pieces,2,6,phalanx,passed,10,-20,1,21,5nQ1/K3kP2/1PP5/8/8/8/p4N2/4q3 w - - 0 1
pieces,2,6,phalanx,passed,14,814,923,109,4K2R/4P3/1PP5/r3k2P/5p1p/8/8/8 w - - 0 1
pieces,2,6,phalanx,contested,10,-109,-30,79,5nQ1/K2pkP2/1PP5/8/8/8/p4N2/4q3 w - - 0 1
pieces,2,6,phalanx,contested,14,810,935,125,4K2R/3pP3/1PP5/r3k2P/5p1p/8/8/8 w - - 0 1
pieces,2,6,phalanx,blocked,10,-40,-46,-6,5nQ1/K1p1kP2/1PP5/8/8/8/p4N2/4q3 w - - 0 1
pieces,2,6,phalanx,blocked,14,698,877,179,4K2R/2p1P3/1PP5/r3k2P/5p1p/8/8/8 w - - 0 1
pieces,2,6,doubled,passed,0,108,304,196,4n3/8/k1P3pp/2P5/P3p2P/5N2/K5P1/8 w - - 0 1
pieces,2,6,doubled,passed,1,355,447,92,8/6K1/b1P5/2P4p/5p1P/4k1P1/8/4B3 w - - 0 1
pieces,2,6,doubled,passed,10,0,0,0,5nQ1/K3kP2/2P5/2P5/8/8/p4N2/4q3 w - - 0 1
pieces,2,6,doubled,passed,14,588,766,178,4K2R/4P3/2P5/r1P1k2P/5p1p/8/8/8 w - - 0 1
pieces,2,6,doubled,contested,10,0,0,0,5nQ1/K2pkP2/2P5/2P5/8/8/p4N2/4q3 w - - 0 1
pieces,2,6,doubled,contested,14,728,805,77,4K2R/3pP3/2P5/r1P1k2P/5p1p/8/8/8 w - - 0 1
pieces,2,6,doubled,blocked,0,-19,5,24,4n3/2p5/k1P3pp/2P5/P3p2P/5N2/K5P1/8 w - - 0 1
pieces,2,6,doubled,blocked,1,0,12,12,8/2p3K1/b1P5/2P4p/5p1P/4k1P1/8/4B3 w - - 0 1
pieces,2,6,doubled,blocked,10,-46,-161,-115,5nQ1/K1p1kP2/2P5/2P5/8/8/p4N2/4q3 w - - 0 1
pieces,2,6,doubled,blocked,14,720,731,11,4K2R/2p1P3/2P5/r1P1k2P/5p1p/8/8/8 w - - 0 1
pieces,2,7,isolated,passed,10,-62,0,62,5nQ1/K1P1kP2/8/8/8/8/p4N2/4q3 w - - 0 1
pieces,2,7,isolated,passed,14,620,873,253,4K2R/2P1P3/8/r3k2P/5p1p/8/8/8 w - - 0 1
pieces,2,7,supported,passed,1,478,555,77,8/2P3K1/bP6/7p/5p1P/4k1P1/8/4B3 w - - 0 1
pieces,2,7,supported,passed,10,-7,237,244,5nQ1/K1P1kP2/1P6/8/8/8/p4N2/4q3 w - - 0 1
pieces,2,7,supported,passed,14,810,1076,266,4K2R/2P1P3/1P6/r3k2P/5p1p/8/8/8 w - - 0 1
pieces,2,7,phalanx,passed,1,846,1017,171,8/1PP3K1/b7/7p/5p1P/4k1P1/8/4B3 w - - 0 1
pieces,2,7,phalanx,passed,14,963,1289,326,4K2R/1PP1P3/8/r3k2P/5p1p/8/8/8 w - - 0 1
pieces,2,7,doubled,passed,1,375,464,89,8/2P3K1/b1P5/7p/5p1P/4k1P1/8/4B3 w - - 0 1
pieces,2,7,doubled,passed,10,-29,182,211,5nQ1/K1P1kP2/2P5/8/8/8/p4N2/4q3 w - - 0 1
pieces,2,7,doubled,passed,14,732,906,174,4K2R/2P1P3/2P5/r3k2P/5p1p/8/8/8 w - - 0 1
pieces,4,2,isolated,passed,1,-570,-613,-43,1N6/8/1r5k/2n5/7K/8/1pP1P1pP/7R w - - 0 1
pieces,4,2,isolated,passed,4,521,677,156,7K/1p6/2q5/QB6/6kb/8/4P2P/8 w - - 0 1
pieces,4,2,isolated,passed,7,-423,-482,-59,8/8/7R/8/r1k5/8/1p2P1P1/6K1 w - - 0 1
pieces,4,2,isolated,passed,9,603,648,45,8/P5p1/1rB3k1/2p5/6pP/1P6/1R2P3/b1K5 w - - 0 1
pieces,4,2,isolated,passed,11,395,337,-58,KR6/2p4p/7B/2P5/2Q5/p1b5/P1q1P1rP/6k1 w - - 0 1
pieces,4,2,isolated,passed,14,576,581,5,7N/2P5/1pP4p/8/1P6/p6K/4P3/kn6 w - - 0 1
pieces,4,2,isolated,contested,1,-820,-867,-47,1N6/8/1r5k/2n5/7K/5p2/1pP1P1pP/7R w - - 0 1
pieces,4,2,isolated,contested,4,316,614,298,7K/1p6/2q5/QB6/6kb/5p2/4P2P/8 w - - 0 1
pieces,4,2,isolated,contested,7,-539,-480,59,8/8/7R/8/r1k5/5p2/1p2P1P1/6K1 w - - 0 1
pieces,4,2,isolated,contested,9,484,561,77,8/P5p1/1rB3k1/2p5/6pP/1P3p2/1R2P3/b1K5 w - - 0 1
pieces,4,2,isolated,contested,11,62,24,-38,KR6/2p4p/7B/2P5/2Q5/p1b2p2/P1q1P1rP/6k1 w - - 0 1
pieces,4,2,isolated,contested,14,535,503,-32,7N/2P5/1pP4p/8/1P6/p4p1K/4P3/kn6 w - - 0 1
pieces,4,2,isolated,opposed,1,-684,-630,54,1N6/8/1r5k/2n5/4p2K/8/1pP1P1pP/7R w - - 0 1
pieces,4,2,isolated,opposed,4,513,593,80,7K/1p6/2q5/QB6/4p1kb/8/4P2P/8 w - - 0 1
pieces,4,2,isolated,opposed,7,-648,-577,71,8/8/7R/8/r1k1p3/8/1p2P1P1/6K1 w - - 0 1
pieces,4,2,isolated,opposed,9,594,668,74,8/P5p1/1rB3k1/2p5/4p1pP/1P6/1R2P3/b1K5 w - - 0 1
pieces,4,2,isolated,opposed,11,142,209,67,KR6/2p4p/7B/2P5/2Q1p3/p1b5/P1q1P1rP/6k1 w - - 0 1
pieces,4,2,isolated,opposed,14,501,556,55,7N/2P5/1pP4p/8/1P2p3/p6K/4P3/kn6 w - - 0 1
pieces,4,2,isolated,blocked,1,-788,-716,72,1N6/8/1r5k/2n5/7K/4p3/1pP1P1pP/7R w - - 0 1
pieces,4,2,isolated,blocked,4,366,538,172,7K/1p6/2q5/QB6/6kb/4p3/4P2P/8 w - - 0 1
pieces,4,2,isolated,blocked,7,-668,-679,-11,8/8/7R/8/r1k5/4p3/1p2P1P1/6K1 w - - 0 1
pieces,4,2,isolated,blocked,9,580,663,83,8/P5p1/1rB3k1/2p5/6pP/1P2p3/1R2P3/b1K5 w - - 0 1
pieces,4,2,isolated,blocked,11,483,441,-42,KR6/2p4p/7B/2P5/2Q5/p1b1p3/P1q1P1rP/6k1 w - - 0 1
pieces,4,2,isolated,blocked,14,514,609,95,7N/2P5/1pP4p/8/1P6/p3p2K/4P3/kn6 w - - 0 1
pieces,4,2,unsupported,passed,1,-614,-473,141,1N6/8/1r5k/2n5/7K/3P1P2/1pP1P1pP/7R w - - 0 1
pieces,4,2,unsupported,passed,9,705,725,20,8/P5p1/1rB3k1/2p5/6pP/1P1P1P2/1R2P3/b1K5 w - - 0 1
pieces,4,2,unsupported,passed,11,215,369,154,KR6/2p4p/7B/2P5/2Q5/p1bP1P2/P1q1P1rP/6k1 w - - 0 1
pieces,4,2,unsupported,passed,14,621,621,0,7N/2P5/1pP4p/8/1P6/p2P1P1K/4P3/kn6 w - - 0 1
pieces,4,2,unsupported,contested,1,-762,-864,-102,1N6/8/1r5k/2n5/7K/3P1p2/1pP1P1pP/7R w - - 0 1
pieces,4,2,unsupported,contested,4,493,649,156,7K/1p6/2q5/QB6/6kb/3P1p2/4P2P/8 w - - 0 1
pieces,4,2,unsupported,contested,9,596,613,17,8/P5p1/1rB3k1/2p5/6pP/1P1P1p2/1R2P3/b1K5 w - - 0 1
pieces,4,2,unsupported,contested,11,-2,151,153,KR6/2p4p/7B/2P5/2Q5/p1bP1p2/P1q1P1rP/6k1 w - - 0 1
pieces,4,2,unsupported,contested,14,540,509,-31,7N/2P5/1pP4p/8/1P6/p2P1p1K/4P3/kn6 w - - 0 1
pieces,4,2,unsupported,opposed,1,-694,-615,79,1N6/8/1r5k/2n5/4p2K/3P1P2/1pP1P1pP/7R w - - 0 1
pieces,4,2,unsupported,opposed,9,685,699,14,8/P5p1/1rB3k1/2p5/4p1pP/1P1P1P2/1R2P3/b1K5 w - - 0 1
pieces,4,2,unsupported,opposed,11,175,242,67,KR6/2p4p/7B/2P5/2Q1p3/p1bP1P2/P1q1P1rP/6k1 w - - 0 1
pieces,4,2,unsupported,opposed,14,591,615,24,7N/2P5/1pP4p/8/1P2p3/p2P1P1K/4P3/kn6 w - - 0 1
pieces,4,2,unsupported,blocked,1,-724,-566,158,1N6/8/1r5k/2n5/7K/3PpP2/1pP1P1pP/7R w - - 0 1
pieces,4,2,unsupported,blocked,9,614,748,134,8/P5p1/1rB3k1/2p5/6pP/1P1PpP2/1R2P3/b1K5 w - - 0 1
pieces,4,2,unsupported,blocked,11,214,388,174,KR6/2p4p/7B/2P5/2Q5/p1bPpP2/P1q1P1rP/6k1 w - - 0 1
pieces,4,2,unsupported,blocked,14,561,571,10,7N/2P5/1pP4p/8/1P6/p2PpP1K/4P3/kn6 w - - 0 1
pieces,4,2,phalanx,passed,1,-654,-605,49,1N6/8/1r5k/2n5/7K/8/1pPPP1pP/7R w - - 0 1
pieces,4,2,phalanx,passed,4,688,687,-1,7K/1p6/2q5/QB6/6kb/8/3PP2P/8 w - - 0 1
pieces,4,2,phalanx,passed,7,-507,-454,53,8/8/7R/8/r1k5/8/1p1PP1P1/6K1 w - - 0 1
pieces,4,2,phalanx,passed,9,679,722,43,8/P5p1/1rB3k1/2p5/6pP/1P6/1R1PP3/b1K5 w - - 0 1
pieces,4,2,phalanx,passed,11,627,473,-154,KR6/2p4p/7B/2P5/2Q5/p1b5/P1qPP1rP/6k1 w - - 0 1
pieces,4,2,phalanx,passed,14,609,707,98,7N/2P5/1pP4p/8/1P6/p6K/3PP3/kn6 w - - 0 1
pieces,4,2,phalanx,contested,1,-897,-906,-9,1N6/8/1r5k/2n5/7K/5p2/1pPPP1pP/7R w - - 0 1
pieces,4,2,phalanx,contested,4,402,704,302,7K/1p6/2q5/QB6/6kb/5p2/3PP2P/8 w - - 0 1
pieces,4,2,phalanx,contested,7,-502,-468,34,8/8/7R/8/r1k5/5p2/1p1PP1P1/6K1 w - - 0 1
pieces,4,2,phalanx,contested,9,586,614,28,8/P5p1/1rB3k1/2p5/6pP/1P3p2/1R1PP3/b1K5 w - - 0 1
pieces,4,2,phalanx,contested,11,283,357,74,KR6/2p4p/7B/2P5/2Q5/p1b2p2/P1qPP1rP/6k1 w - - 0 1
pieces,4,2,phalanx,contested,14,465,620,155,7N/2P5/1pP4p/8/1P6/p4p1K/3PP3/kn6 w - - 0 1
pieces,4,2,phalanx,opposed,1,-680,-645,35,1N6/8/1r5k/2n5/4p2K/8/1pPPP1pP/7R w - - 0 1
pieces,4,2,phalanx,opposed,4,684,696,12,7K/1p6/2q5/QB6/4p1kb/8/3PP2P/8 w - - 0 1
pieces,4,2,phalanx,opposed,7,-586,-521,65,8/8/7R/8/r1k1p3/8/1p1PP1P1/6K1 w - - 0 1
pieces,4,2,phalanx,opposed,9,684,717,33,8/P5p1/1rB3k1/2p5/4p1pP/1P6/1R1PP3/b1K5 w - - 0 1
pieces,4,2,phalanx,opposed,11,410,381,-29,KR6/2p4p/7B/2P5/2Q1p3/p1b5/P1qPP1rP/6k1 w - - 0 1
pieces,4,2,phalanx,opposed,14,593,633,40,7N/2P5/1pP4p/8/1P2p3/p6K/3PP3/kn6 w - - 0 1
pieces,4,2,phalanx,blocked,1,-785,-710,75,1N6/8/1r5k/2n5/7K/4p3/1pPPP1pP/7R w - - 0 1
pieces,4,2,phalanx,blocked,4,576,680,104,7K/1p6/2q5/QB6/6kb/4p3/3PP2P/8 w - - 0 1
pieces,4,2,phalanx,blocked,7,-570,-522,48,8/8/7R/8/r1k5/4p3/1p1PP1P1/6K1 w - - 0 1
pieces,4,2,phalanx,blocked,9,647,675,28,8/P5p1/1rB3k1/2p5/6pP/1P2p3/1R1PP3/b1K5 w - - 0 1
pieces,4,2,phalanx,blocked,11,717,486,-231,KR6/2p4p/7B/2P5/2Q5/p1b1p3/P1qPP1rP/6k1 w - - 0 1
pieces,4,2,phalanx,blocked,14,584,521,-63,7N/2P5/1pP4p/8/1P6/p3p2K/3PP3/kn6 w - - 0 1
pieces,4,3,isolated,passed,1,-735,-766,-31,1N6/8/1r5k/2n5/7K/4P3/1pP3pP/7R w - - 0 1
pieces,4,3,isolated,passed,4,571,684,113,7K/1p6/2q5/QB6/6kb/4P3/7P/8 w - - 0 1
pieces,4,3,isolated,passed,7,-454,-477,-23,8/8/7R/8/r1k5/4P3/1p4P1/6K1 w - - 0 1
pieces,4,3,isolated,passed,9,695,691,-4,8/P5p1/1rB3k1/2p5/6pP/1P2P3/1R6/b1K5 w - - 0 1
pieces,4,3,isolated,passed,14,652,678,26,7N/2P5/1pP4p/8/1P6/p3P2K/8/kn6 w - - 0 1
pieces,4,3,isolated,contested,1,-793,-762,31,1N6/8/1r5k/2n5/5p1K/4P3/1pP3pP/7R w - - 0 1
pieces,4,3,isolated,contested,4,427,600,173,7K/1p6/2q5/QB6/5pkb/4P3/7P/8 w - - 0 1
pieces,4,3,isolated,contested,7,-604,-494,110,8/8/7R/8/r1k2p2/4P3/1p4P1/6K1 w - - 0 1
pieces,4,3,isolated,contested,9,604,663,59,8/P5p1/1rB3k1/2p5/5ppP/1P2P3/1R6/b1K5 w - - 0 1
pieces,4,3,isolated,contested,11,247,100,-147,KR6/2p4p/7B/2P5/2Q2p2/p1b1P3/P1q3rP/6k1 w - - 0 1
pieces,4,3,isolated,contested,14,476,562,86,7N/2P5/1pP4p/8/1P3p2/p3P2K/8/kn6 w - - 0 1
pieces,4,3,isolated,opposed,1,-746,-796,-50,1N6/8/1r5k/2n1p3/7K/4P3/1pP3pP/7R w - - 0 1
pieces,4,3,isolated,opposed,4,512,673,161,7K/1p6/2q5/QB2p3/6kb/4P3/7P/8 w - - 0 1
pieces,4,3,isolated,opposed,7,-616,-613,3,8/8/7R/4p3/r1k5/4P3/1p4P1/6K1 w - - 0 1
pieces,4,3,isolated,opposed,9,636,609,-27,8/P5p1/1rB3k1/2p1p3/6pP/1P2P3/1R6/b1K5 w - - 0 1
pieces,4,3,isolated,opposed,11,315,18,-297,KR6/2p4p/7B/2P1p3/2Q5/p1b1P3/P1q3rP/6k1 w - - 0 1
pieces,4,3,isolated,opposed,14,566,626,60,7N/2P5/1pP4p/4p3/1P6/p3P2K/8/kn6 w - - 0 1
pieces,4,3,isolated,blocked,1,-805,-677,128,1N6/8/1r5k/2n5/4p2K/4P3/1pP3pP/7R w - - 0 1
pieces,4,3,isolated,blocked,4,504,634,130,7K/1p6/2q5/QB6/4p1kb/4P3/7P/8 w - - 0 1
pieces,4,3,isolated,blocked,7,-647,-615,32,8/8/7R/8/r1k1p3/4P3/1p4P1/6K1 w - - 0 1
pieces,4,3,isolated,blocked,9,669,664,-5,8/P5p1/1rB3k1/2p5/4p1pP/1P2P3/1R6/b1K5 w - - 0 1
pieces,4,3,isolated,blocked,11,78,-59,-137,KR6/2p4p/7B/2P5/2Q1p3/p1b1P3/P1q3rP/6k1 w - - 0 1
pieces,4,3,isolated,blocked,14,557,601,44,7N/2P5/1pP4p/8/1P2p3/p3P2K/8/kn6 w - - 0 1
pieces,4,3,unsupported,passed,4,691,780,89,7K/1p6/2q5/QB6/3P1Pkb/4P3/7P/8 w - - 0 1
pieces,4,3,unsupported,passed,7,-522,-451,71,8/8/7R/8/r1kP1P2/4P3/1p4P1/6K1 w - - 0 1
pieces,4,3,unsupported,passed,9,684,722,38,8/P5p1/1rB3k1/2p5/3P1PpP/1P2P3/1R6/b1K5 w - - 0 1
pieces,4,3,unsupported,passed,11,252,306,54,KR6/2p4p/7B/2P5/2QP1P2/p1b1P3/P1q3rP/6k1 w - - 0 1
pieces,4,3,unsupported,passed,14,660,711,51,7N/2P5/1pP4p/8/1P1P1P2/p3P2K/8/kn6 w - - 0 1
pieces,4,3,unsupported,contested,4,576,657,81,7K/1p6/2q5/QB6/3P1pkb/4P3/7P/8 w - - 0 1
pieces,4,3,unsupported,contested,7,-599,-533,66,8/8/7R/8/r1kP1p2/4P3/1p4P1/6K1 w - - 0 1
pieces,4,3,unsupported,contested,9,635,659,24,8/P5p1/1rB3k1/2p5/3P1ppP/1P2P3/1R6/b1K5 w - - 0 1
pieces,4,3,unsupported,contested,11,213,241,28,KR6/2p4p/7B/2P5/2QP1p2/p1b1P3/P1q3rP/6k1 w - - 0 1
pieces,4,3,unsupported,contested,14,615,631,16,7N/2P5/1pP4p/8/1P1P1p2/p3P2K/8/kn6 w - - 0 1
pieces,4,3,unsupported,opposed,4,691,770,79,7K/1p6/2q5/QB2p3/3P1Pkb/4P3/7P/8 w - - 0 1
pieces,4,3,unsupported,opposed,7,-504,-504,0,8/8/7R/4p3/r1kP1P2/4P3/1p4P1/6K1 w - - 0 1
pieces,4,3,unsupported,opposed,9,708,698,-10,8/P5p1/1rB3k1/2p1p3/3P1PpP/1P2P3/1R6/b1K5 w - - 0 1
pieces,4,3,unsupported,opposed,11,286,300,14,KR6/2p4p/7B/2P1p3/2QP1P2/p1b1P3/P1q3rP/6k1 w - - 0 1
pieces,4,3,unsupported,opposed,14,643,591,-52,7N/2P5/1pP4p/4p3/1P1P1P2/p3P2K/8/kn6 w - - 0 1
pieces,4,3,unsupported,blocked,4,578,665,87,7K/1p6/2q5/QB6/3PpPkb/4P3/7P/8 w - - 0 1
pieces,4,3,unsupported,blocked,7,-612,-557,55,8/8/7R/8/r1kPpP2/4P3/1p4P1/6K1 w - - 0 1
pieces,4,3,unsupported,blocked,9,707,707,0,8/P5p1/1rB3k1/2p5/3PpPpP/1P2P3/1R6/b1K5 w - - 0 1
pieces,4,3,unsupported,blocked,11,120,267,147,KR6/2p4p/7B/2P5/2QPpP2/p1b1P3/P1q3rP/6k1 w - - 0 1
pieces,4,3,unsupported,blocked,14,563,692,129,7N/2P5/1pP4p/8/1P1PpP2/p3P2K/8/kn6 w - - 0 1
pieces,4,3,supported,passed,1,-736,-605,131,1N6/8/1r5k/2n5/7K/4P3/1pPP2pP/7R w - - 0 1
pieces,4,3,supported,passed,4,755,718,-37,7K/1p6/2q5/QB6/6kb/4P3/3P3P/8 w - - 0 1
pieces,4,3,supported,passed,7,-530,-495,35,8/8/7R/8/r1k5/4P3/1p1P2P1/6K1 w - - 0 1
pieces,4,3,supported,passed,9,721,727,6,8/P5p1/1rB3k1/2p5/6pP/1P2P3/1R1P4/b1K5 w - - 0 1
pieces,4,3,supported,passed,11,715,349,-366,KR6/2p4p/7B/2P5/2Q5/p1b1P3/P1qP2rP/6k1 w - - 0 1
pieces,4,3,supported,passed,14,705,700,-5,7N/2P5/1pP4p/8/1P6/p3P2K/3P4/kn6 w - - 0 1
pieces,4,3,supported,contested,1,-720,-734,-14,1N6/8/1r5k/2n5/5p1K/4P3/1pPP2pP/7R w - - 0 1
pieces,4,3,supported,contested,4,563,680,117,7K/1p6/2q5/QB6/5pkb/4P3/3P3P/8 w - - 0 1
pieces,4,3,supported,contested,7,-555,-509,46,8/8/7R/8/r1k2p2/4P3/1p1P2P1/6K1 w - - 0 1
pieces,4,3,supported,contested,9,604,674,70,8/P5p1/1rB3k1/2p5/5ppP/1P2P3/1R1P4/b1K5 w - - 0 1
pieces,4,3,supported,contested,11,376,338,-38,KR6/2p4p/7B/2P5/2Q2p2/p1b1P3/P1qP2rP/6k1 w - - 0 1
pieces,4,3,supported,contested,14,607,647,40,7N/2P5/1pP4p/8/1P3p2/p3P2K/3P4/kn6 w - - 0 1
pieces,4,3,supported,opposed,1,-675,-669,6,1N6/8/1r5k/2n1p3/7K/4P3/1pPP2pP/7R w - - 0 1
pieces,4,3,supported,opposed,4,707,742,35,7K/1p6/2q5/QB2p3/6kb/4P3/3P3P/8 w - - 0 1
pieces,4,3,supported,opposed,7,-547,-561,-14,8/8/7R/4p3/r1k5/4P3/1p1P2P1/6K1 w - - 0 1
pieces,4,3,supported,opposed,9,669,686,17,8/P5p1/1rB3k1/2p1p3/6pP/1P2P3/1R1P4/b1K5 w - - 0 1
pieces,4,3,supported,opposed,11,398,299,-99,KR6/2p4p/7B/2P1p3/2Q5/p1b1P3/P1qP2rP/6k1 w - - 0 1
pieces,4,3,supported,opposed,14,636,649,13,7N/2P5/1pP4p/4p3/1P6/p3P2K/3P4/kn6 w - - 0 1
pieces,4,3,supported,blocked,1,-730,-632,98,1N6/8/1r5k/2n5/4p2K/4P3/1pPP2pP/7R w - - 0 1
pieces,4,3,supported,blocked,4,739,763,24,7K/1p6/2q5/QB6/4p1kb/4P3/3P3P/8 w - - 0 1
pieces,4,3,supported,blocked,7,-612,-574,38,8/8/7R/8/r1k1p3/4P3/1p1P2P1/6K1 w - - 0 1
pieces,4,3,supported,blocked,9,703,716,13,8/P5p1/1rB3k1/2p5/4p1pP/1P2P3/1R1P4/b1K5 w - - 0 1
pieces,4,3,supported,blocked,11,422,252,-170,KR6/2p4p/7B/2P5/2Q1p3/p1b1P3/P1qP2rP/6k1 w - - 0 1
pieces,4,3,supported,blocked,14,619,638,19,7N/2P5/1pP4p/8/1P2p3/p3P2K/3P4/kn6 w - - 0 1
pieces,4,3,phalanx,passed,1,-701,-623,78,1N6/8/1r5k/2n5/7K/3PP3/1pP3pP/7R w - - 0 1
pieces,4,3,phalanx,passed,4,657,754,97,7K/1p6/2q5/QB6/6kb/3PP3/7P/8 w - - 0 1
pieces,4,3,phalanx,passed,9,703,705,2,8/P5p1/1rB3k1/2p5/6pP/1P1PP3/1R6/b1K5 w - - 0 1
pieces,4,3,phalanx,passed,11,311,256,-55,KR6/2p4p/7B/2P5/2Q5/p1bPP3/P1q3rP/6k1 w - - 0 1
pieces,4,3,phalanx,passed,14,653,654,1,7N/2P5/1pP4p/8/1P6/p2PP2K/8/kn6 w - - 0 1
pieces,4,3,phalanx,contested,1,-740,-696,44,1N6/8/1r5k/2n5/5p1K/3PP3/1pP3pP/7R w - - 0 1
pieces,4,3,phalanx,contested,4,557,673,116,7K/1p6/2q5/QB6/5pkb/3PP3/7P/8 w - - 0 1
pieces,4,3,phalanx,contested,9,601,673,72,8/P5p1/1rB3k1/2p5/5ppP/1P1PP3/1R6/b1K5 w - - 0 1
pieces,4,3,phalanx,contested,11,260,260,0,KR6/2p4p/7B/2P5/2Q2p2/p1bPP3/P1q3rP/6k1 w - - 0 1
pieces,4,3,phalanx,contested,14,609,594,-15,7N/2P5/1pP4p/8/1P3p2/p2PP2K/8/kn6 w - - 0 1
pieces,4,3,phalanx,opposed,1,-680,-704,-24,1N6/8/1r5k/2n1p3/7K/3PP3/1pP3pP/7R w - - 0 1
pieces,4,3,phalanx,opposed,4,692,743,51,7K/1p6/2q5/QB2p3/6kb/3PP3/7P/8 w - - 0 1
pieces,4,3,phalanx,opposed,9,671,684,13,8/P5p1/1rB3k1/2p1p3/6pP/1P1PP3/1R6/b1K5 w - - 0 1
pieces,4,3,phalanx,opposed,11,116,135,19,KR6/2p4p/7B/2P1p3/2Q5/p1bPP3/P1q3rP/6k1 w - - 0 1
pieces,4,3,phalanx,opposed,14,564,552,-12,7N/2P5/1pP4p/4p3/1P6/p2PP2K/8/kn6 w - - 0 1
pieces,4,3,phalanx,blocked,1,-758,-651,107,1N6/8/1r5k/2n5/4p2K/3PP3/1pP3pP/7R w - - 0 1
pieces,4,3,phalanx,blocked,4,649,700,51,7K/1p6/2q5/QB6/4p1kb/3PP3/7P/8 w - - 0 1
pieces,4,3,phalanx,blocked,9,680,656,-24,8/P5p1/1rB3k1/2p5/4p1pP/1P1PP3/1R6/b1K5 w - - 0 1
pieces,4,3,phalanx,blocked,11,206,115,-91,KR6/2p4p/7B/2P5/2Q1p3/p1bPP3/P1q3rP/6k1 w - - 0 1
pieces,4,3,phalanx,blocked,14,601,596,-5,7N/2P5/1pP4p/8/1P2p3/p2PP2K/8/kn6 w - - 0 1
pieces,4,3,doubled,passed,1,-774,-771,3,1N6/8/1r5k/2n5/7K/4P3/1pP1P1pP/7R w - - 0 1
pieces,4,3,doubled,passed,4,712,760,48,7K/1p6/2q5/QB6/6kb/4P3/4P2P/8 w - - 0 1
pieces,4,3,doubled,passed,7,-484,-488,-4,8/8/7R/8/r1k5/4P3/1p2P1P1/6K1 w - - 0 1
pieces,4,3,doubled,passed,9,722,690,-32,8/P5p1/1rB3k1/2p5/6pP/1P2P3/1R2P3/b1K5 w - - 0 1
pieces,4,3,doubled,passed,11,409,334,-75,KR6/2p4p/7B/2P5/2Q5/p1b1P3/P1q1P1rP/6k1 w - - 0 1
pieces,4,3,doubled,passed,14,658,712,54,7N/2P5/1pP4p/8/1P6/p3P2K/4P3/kn6 w - - 0 1
pieces,4,3,doubled,contested,1,-790,-647,143,1N6/8/1r5k/2n5/5p1K/4P3/1pP1P1pP/7R w - - 0 1
pieces,4,3,doubled,contested,4,681,754,73,7K/1p6/2q5/QB6/5pkb/4P3/4P2P/8 w - - 0 1
pieces,4,3,doubled,contested,7,-544,-531,13,8/8/7R/8/r1k2p2/4P3/1p2P1P1/6K1 w - - 0 1
pieces,4,3,doubled,contested,9,684,702,18,8/P5p1/1rB3k1/2p5/5ppP/1P2P3/1R2P3/b1K5 w - - 0 1
pieces,4,3,doubled,contested,11,285,289,4,KR6/2p4p/7B/2P5/2Q2p2/p1b1P3/P1q1P1rP/6k1 w - - 0 1
pieces,4,3,doubled,contested,14,650,638,-12,7N/2P5/1pP4p/8/1P3p2/p3P2K/4P3/kn6 w - - 0 1
pieces,4,3,doubled,opposed,1,-697,-682,15,1N6/8/1r5k/2n1p3/7K/4P3/1pP1P1pP/7R w - - 0 1
pieces,4,3,doubled,opposed,4,714,746,32,7K/1p6/2q5/QB2p3/6kb/4P3/4P2P/8 w - - 0 1
pieces,4,3,doubled,opposed,7,-632,-579,53,8/8/7R/4p3/r1k5/4P3/1p2P1P1/6K1 w - - 0 1
pieces,4,3,doubled,opposed,9,663,674,11,8/P5p1/1rB3k1/2p1p3/6pP/1P2P3/1R2P3/b1K5 w - - 0 1
pieces,4,3,doubled,opposed,11,309,180,-129,KR6/2p4p/7B/2P1p3/2Q5/p1b1P3/P1q1P1rP/6k1 w - - 0 1
pieces,4,3,doubled,opposed,14,604,599,-5,7N/2P5/1pP4p/4p3/1P6/p3P2K/4P3/kn6 w - - 0 1
pieces,4,3,doubled,blocked,1,-667,-641,26,1N6/8/1r5k/2n5/4p2K/4P3/1pP1P1pP/7R w - - 0 1
pieces,4,3,doubled,blocked,4,709,760,51,7K/1p6/2q5/QB6/4p1kb/4P3/4P2P/8 w - - 0 1
pieces,4,3,doubled,blocked,7,-621,-555,66,8/8/7R/8/r1k1p3/4P3/1p2P1P1/6K1 w - - 0 1
pieces,4,3,doubled,blocked,9,701,722,21,8/P5p1/1rB3k1/2p5/4p1pP/1P2P3/1R2P3/b1K5 w - - 0 1
pieces,4,3,doubled,blocked,11,303,312,9,KR6/2p4p/7B/2P5/2Q1p3/p1b1P3/P1q1P1rP/6k1 w - - 0 1
pieces,4,3,doubled,blocked,14,629,648,19,7N/2P5/1pP4p/8/1P2p3/p3P2K/4P3/kn6 w - - 0 1
pieces,4,4,isolated,passed,1,-790,-784,6,1N6/8/1r5k/2n5/4P2K/8/1pP3pP/7R w - - 0 1
pieces,4,4,isolated,passed,4,585,749,164,7K/1p6/2q5/QB6/4P1kb/8/7P/8 w - - 0 1
pieces,4,4,isolated,passed,7,-476,-565,-89,8/8/7R/8/r1k1P3/8/1p4P1/6K1 w - - 0 1
pieces,4,4,isolated,passed,9,693,675,-18,8/P5p1/1rB3k1/2p5/4P1pP/1P6/1R6/b1K5 w - - 0 1
pieces,4,4,isolated,passed,11,480,259,-221,KR6/2p4p/7B/2P5/2Q1P3/p1b5/P1q3rP/6k1 w - - 0 1
pieces,4,4,isolated,passed,14,683,681,-2,7N/2P5/1pP4p/8/1P2P3/p6K/8/kn6 w - - 0 1
pieces,4,4,isolated,contested,1,-732,-646,86,1N6/8/1r5k/2n2p2/4P2K/8/1pP3pP/7R w - - 0 1
pieces,4,4,isolated,contested,4,546,704,158,7K/1p6/2q5/QB3p2/4P1kb/8/7P/8 w - - 0 1
pieces,4,4,isolated,contested,7,-655,-671,-16,8/8/7R/5p2/r1k1P3/8/1p4P1/6K1 w - - 0 1
pieces,4,4,isolated,contested,9,578,656,78,8/P5p1/1rB3k1/2p2p2/4P1pP/1P6/1R6/b1K5 w - - 0 1
pieces,4,4,isolated,contested,11,253,260,7,KR6/2p4p/7B/2P2p2/2Q1P3/p1b5/P1q3rP/6k1 w - - 0 1
pieces,4,4,isolated,contested,14,618,599,-19,7N/2P5/1pP4p/5p2/1P2P3/p6K/8/kn6 w - - 0 1
pieces,4,4,isolated,opposed,1,-809,-801,8,1N6/8/1r2p2k/2n5/4P2K/8/1pP3pP/7R w - - 0 1
pieces,4,4,isolated,opposed,4,525,669,144,7K/1p6/2q1p3/QB6/4P1kb/8/7P/8 w - - 0 1
pieces,4,4,isolated,opposed,7,-632,-663,-31,8/8/4p2R/8/r1k1P3/8/1p4P1/6K1 w - - 0 1
pieces,4,4,isolated,opposed,9,633,551,-82,8/P5p1/1rB1p1k1/2p5/4P1pP/1P6/1R6/b1K5 w - - 0 1
pieces,4,4,isolated,opposed,14,601,650,49,7N/2P5/1pP1p2p/8/1P2P3/p6K/8/kn6 w - - 0 1
pieces,4,4,isolated,blocked,1,-788,-769,19,1N6/8/1r5k/2n1p3/4P2K/8/1pP3pP/7R w - - 0 1
pieces,4,4,isolated,blocked,4,542,653,111,7K/1p6/2q5/QB2p3/4P1kb/8/7P/8 w - - 0 1
pieces,4,4,isolated,blocked,7,-684,-666,18,8/8/7R/4p3/r1k1P3/8/1p4P1/6K1 w - - 0 1
pieces,4,4,isolated,blocked,9,671,628,-43,8/P5p1/1rB3k1/2p1p3/4P1pP/1P6/1R6/b1K5 w - - 0 1
pieces,4,4,isolated,blocked,11,183,25,-158,KR6/2p4p/7B/2P1p3/2Q1P3/p1b5/P1q3rP/6k1 w - - 0 1
pieces,4,4,isolated,blocked,14,615,677,62,7N/2P5/1pP4p/4p3/1P2P3/p6K/8/kn6 w - - 0 1
pieces,4,4,unsupported,passed,1,-586,-615,-29,1N6/8/1r5k/2nP1P2/4P2K/8/1pP3pP/7R w - - 0 1
pieces,4,4,unsupported,passed,4,757,839,82,7K/1p6/2q5/QB1P1P2/4P1kb/8/7P/8 w - - 0 1
pieces,4,4,unsupported,passed,7,-445,-522,-77,8/8/7R/3P1P2/r1k1P3/8/1p4P1/6K1 w - - 0 1
pieces,4,4,unsupported,passed,11,569,441,-128,KR6/2p4p/7B/2PP1P2/2Q1P3/p1b5/P1q3rP/6k1 w - - 0 1
pieces,4,4,unsupported,passed,14,741,771,30,7N/2P5/1pP4p/3P1P2/1P2P3/p6K/8/kn6 w - - 0 1
pieces,4,4,unsupported,contested,1,-814,-635,179,1N6/8/1r5k/2nP1p2/4P2K/8/1pP3pP/7R w - - 0 1
pieces,4,4,unsupported,contested,4,707,732,25,7K/1p6/2q5/QB1P1p2/4P1kb/8/7P/8 w - - 0 1
pieces,4,4,unsupported,contested,7,-619,-621,-2,8/8/7R/3P1p2/r1k1P3/8/1p4P1/6K1 w - - 0 1
pieces,4,4,unsupported,contested,9,624,600,-24,8/P5p1/1rB3k1/2pP1p2/4P1pP/1P6/1R6/b1K5 w - - 0 1
pieces,4,4,unsupported,contested,11,468,427,-41,KR6/2p4p/7B/2PP1p2/2Q1P3/p1b5/P1q3rP/6k1 w - - 0 1
pieces,4,4,unsupported,contested,14,614,660,46,7N/2P5/1pP4p/3P1p2/1P2P3/p6K/8/kn6 w - - 0 1
pieces,4,4,unsupported,opposed,1,-502,-438,64,1N6/8/1r2p2k/2nP1P2/4P2K/8/1pP3pP/7R w - - 0 1
pieces,4,4,unsupported,opposed,4,751,800,49,7K/1p6/2q1p3/QB1P1P2/4P1kb/8/7P/8 w - - 0 1
pieces,4,4,unsupported,opposed,7,-457,-598,-141,8/8/4p2R/3P1P2/r1k1P3/8/1p4P1/6K1 w - - 0 1
pieces,4,4,unsupported,opposed,11,509,470,-39,KR6/2p4p/4p2B/2PP1P2/2Q1P3/p1b5/P1q3rP/6k1 w - - 0 1
pieces,4,4,unsupported,opposed,14,662,737,75,7N/2P5/1pP1p2p/3P1P2/1P2P3/p6K/8/kn6 w - - 0 1
pieces,4,4,unsupported,blocked,1,-531,-541,-10,1N6/8/1r5k/2nPpP2/4P2K/8/1pP3pP/7R w - - 0 1
pieces,4,4,unsupported,blocked,4,742,857,115,7K/1p6/2q5/QB1PpP2/4P1kb/8/7P/8 w - - 0 1
pieces,4,4,unsupported,blocked,7,-602,-613,-11,8/8/7R/3PpP2/r1k1P3/8/1p4P1/6K1 w - - 0 1
pieces,4,4,unsupported,blocked,11,418,422,4,KR6/2p4p/7B/2PPpP2/2Q1P3/p1b5/P1q3rP/6k1 w - - 0 1
pieces,4,4,unsupported,blocked,14,664,745,81,7N/2P5/1pP4p/3PpP2/1P2P3/p6K/8/kn6 w - - 0 1
pieces,4,4,supported,passed,1,-722,-682,40,1N6/8/1r5k/2n5/4P2K/3P4/1pP3pP/7R w - - 0 1
pieces,4,4,supported,passed,4,765,795,30,7K/1p6/2q5/QB6/4P1kb/3P4/7P/8 w - - 0 1
pieces,4,4,supported,passed,9,692,702,10,8/P5p1/1rB3k1/2p5/4P1pP/1P1P4/1R6/b1K5 w - - 0 1
pieces,4,4,supported,passed,11,322,317,-5,KR6/2p4p/7B/2P5/2Q1P3/p1bP4/P1q3rP/6k1 w - - 0 1
pieces,4,4,supported,passed,14,687,645,-42,7N/2P5/1pP4p/8/1P2P3/p2P3K/8/kn6 w - - 0 1
pieces,4,4,supported,contested,1,-690,-622,68,1N6/8/1r5k/2n2p2/4P2K/3P4/1pP3pP/7R w - - 0 1
pieces,4,4,supported,contested,4,662,743,81,7K/1p6/2q5/QB3p2/4P1kb/3P4/7P/8 w - - 0 1
pieces,4,4,supported,contested,9,633,688,55,8/P5p1/1rB3k1/2p2p2/4P1pP/1P1P4/1R6/b1K5 w - - 0 1
pieces,4,4,supported,contested,11,79,208,129,KR6/2p4p/7B/2P2p2/2Q1P3/p1bP4/P1q3rP/6k1 w - - 0 1
pieces,4,4,supported,contested,14,657,643,-14,7N/2P5/1pP4p/5p2/1P2P3/p2P3K/8/kn6 w - - 0 1
pieces,4,4,supported,opposed,1,-681,-671,10,1N6/8/1r2p2k/2n5/4P2K/3P4/1pP3pP/7R w - - 0 1
pieces,4,4,supported,opposed,4,700,700,0,7K/1p6/2q1p3/QB6/4P1kb/3P4/7P/8 w - - 0 1
pieces,4,4,supported,opposed,9,663,600,-63,8/P5p1/1rB1p1k1/2p5/4P1pP/1P1P4/1R6/b1K5 w - - 0 1
pieces,4,4,supported,opposed,11,228,183,-45,KR6/2p4p/4p2B/2P5/2Q1P3/p1bP4/P1q3rP/6k1 w - - 0 1
pieces,4,4,supported,opposed,14,687,546,-141,7N/2P5/1pP1p2p/8/1P2P3/p2P3K/8/kn6 w - - 0 1
pieces,4,4,supported,blocked,1,-743,-744,-1,1N6/8/1r5k/2n1p3/4P2K/3P4/1pP3pP/7R w - - 0 1
pieces,4,4,supported,blocked,4,728,723,-5,7K/1p6/2q5/QB2p3/4P1kb/3P4/7P/8 w - - 0 1
pieces,4,4,supported,blocked,9,698,630,-68,8/P5p1/1rB3k1/2p1p3/4P1pP/1P1P4/1R6/b1K5 w - - 0 1
pieces,4,4,supported,blocked,11,145,189,44,KR6/2p4p/7B/2P1p3/2Q1P3/p1bP4/P1q3rP/6k1 w - - 0 1
pieces,4,4,supported,blocked,14,605,562,-43,7N/2P5/1pP4p/4p3/1P2P3/p2P3K/8/kn6 w - - 0 1
pieces,4,4,phalanx,passed,4,693,794,101,7K/1p6/2q5/QB6/3PP1kb/8/7P/8 w - - 0 1
pieces,4,4,phalanx,passed,7,-569,-552,17,8/8/7R/8/r1kPP3/8/1p4P1/6K1 w - - 0 1
pieces,4,4,phalanx,passed,9,681,666,-15,8/P5p1/1rB3k1/2p5/3PP1pP/1P6/1R6/b1K5 w - - 0 1
pieces,4,4,phalanx,passed,11,258,304,46,KR6/2p4p/7B/2P5/2QPP3/p1b5/P1q3rP/6k1 w - - 0 1
pieces,4,4,phalanx,passed,14,663,684,21,7N/2P5/1pP4p/8/1P1PP3/p6K/8/kn6 w - - 0 1
pieces,4,4,phalanx,contested,4,677,747,70,7K/1p6/2q5/QB3p2/3PP1kb/8/7P/8 w - - 0 1
pieces,4,4,phalanx,contested,7,-639,-620,19,8/8/7R/5p2/r1kPP3/8/1p4P1/6K1 w - - 0 1
pieces,4,4,phalanx,contested,9,665,670,5,8/P5p1/1rB3k1/2p2p2/3PP1pP/1P6/1R6/b1K5 w - - 0 1
pieces,4,4,phalanx,contested,11,212,265,53,KR6/2p4p/7B/2P2p2/2QPP3/p1b5/P1q3rP/6k1 w - - 0 1
pieces,4,4,phalanx,contested,14,624,584,-40,7N/2P5/1pP4p/5p2/1P1PP3/p6K/8/kn6 w - - 0 1
pieces,4,4,phalanx,opposed,4,678,697,19,7K/1p6/2q1p3/QB6/3PP1kb/8/7P/8 w - - 0 1
pieces,4,4,phalanx,opposed,7,-670,-656,14,8/8/4p2R/8/r1kPP3/8/1p4P1/6K1 w - - 0 1
pieces,4,4,phalanx,opposed,9,667,554,-113,8/P5p1/1rB1p1k1/2p5/3PP1pP/1P6/1R6/b1K5 w - - 0 1
pieces,4,4,phalanx,opposed,11,247,251,4,KR6/2p4p/4p2B/2P5/2QPP3/p1b5/P1q3rP/6k1 w - - 0 1
pieces,4,4,phalanx,opposed,14,618,575,-43,7N/2P5/1pP1p2p/8/1P1PP3/p6K/8/kn6 w - - 0 1
pieces,4,4,phalanx,blocked,4,706,770,64,7K/1p6/2q5/QB2p3/3PP1kb/8/7P/8 w - - 0 1
pieces,4,4,phalanx,blocked,7,-626,-564,62,8/8/7R/4p3/r1kPP3/8/1p4P1/6K1 w - - 0 1
pieces,4,4,phalanx,blocked,9,672,679,7,8/P5p1/1rB3k1/2p1p3/3PP1pP/1P6/1R6/b1K5 w - - 0 1
pieces,4,4,phalanx,blocked,11,151,200,49,KR6/2p4p/7B/2P1p3/2QPP3/p1b5/P1q3rP/6k1 w - - 0 1
pieces,4,4,phalanx,blocked,14,596,628,32,7N/2P5/1pP4p/4p3/1P1PP3/p6K/8/kn6 w - - 0 1
pieces,4,4,doubled,passed,1,-781,-705,76,1N6/8/1r5k/2n5/4P2K/4P3/1pP3pP/7R w - - 0 1
pieces,4,4,doubled,passed,4,730,816,86,7K/1p6/2q5/QB6/4P1kb/4P3/7P/8 w - - 0 1
pieces,4,4,doubled,passed,7,-544,-534,10,8/8/7R/8/r1k1P3/4P3/1p4P1/6K1 w - - 0 1
pieces,4,4,doubled,passed,9,715,687,-28,8/P5p1/1rB3k1/2p5/4P1pP/1P2P3/1R6/b1K5 w - - 0 1
pieces,4,4,doubled,passed,11,175,300,125,KR6/2p4p/7B/2P5/2Q1P3/p1b1P3/P1q3rP/6k1 w - - 0 1
pieces,4,4,doubled,passed,14,686,655,-31,7N/2P5/1pP4p/8/1P2P3/p3P2K/8/kn6 w - - 0 1
pieces,4,4,doubled,contested,1,-829,-782,47,1N6/8/1r5k/2n2p2/4P2K/4P3/1pP3pP/7R w - - 0 1
pieces,4,4,doubled,contested,4,612,767,155,7K/1p6/2q5/QB3p2/4P1kb/4P3/7P/8 w - - 0 1
pieces,4,4,doubled,contested,7,-641,-597,44,8/8/7R/5p2/r1k1P3/4P3/1p4P1/6K1 w - - 0 1
pieces,4,4,doubled,contested,9,635,685,50,8/P5p1/1rB3k1/2p2p2/4P1pP/1P2P3/1R6/b1K5 w - - 0 1
pieces,4,4,doubled,contested,11,1,131,130,KR6/2p4p/7B/2P2p2/2Q1P3/p1b1P3/P1q3rP/6k1 w - - 0 1
pieces,4,4,doubled,contested,14,681,659,-22,7N/2P5/1pP4p/5p2/1P2P3/p3P2K/8/kn6 w - - 0 1
pieces,4,4,doubled,opposed,1,-779,-773,6,1N6/8/1r2p2k/2n5/4P2K/4P3/1pP3pP/7R w - - 0 1
pieces,4,4,doubled,opposed,4,636,713,77,7K/1p6/2q1p3/QB6/4P1kb/4P3/7P/8 w - - 0 1
pieces,4,4,doubled,opposed,7,-642,-634,8,8/8/4p2R/8/r1k1P3/4P3/1p4P1/6K1 w - - 0 1
pieces,4,4,doubled,opposed,9,680,589,-91,8/P5p1/1rB1p1k1/2p5/4P1pP/1P2P3/1R6/b1K5 w - - 0 1
pieces,4,4,doubled,opposed,11,33,93,60,KR6/2p4p/4p2B/2P5/2Q1P3/p1b1P3/P1q3rP/6k1 w - - 0 1
pieces,4,4,doubled,opposed,14,623,598,-25,7N/2P5/1pP1p2p/8/1P2P3/p3P2K/8/kn6 w - - 0 1
pieces,4,4,doubled,blocked,1,-826,-811,15,1N6/8/1r5k/2n1p3/4P2K/4P3/1pP3pP/7R w - - 0 1
pieces,4,4,doubled,blocked,4,722,727,5,7K/1p6/2q5/QB2p3/4P1kb/4P3/7P/8 w - - 0 1
pieces,4,4,doubled,blocked,7,-647,-625,22,8/8/7R/4p3/r1k1P3/4P3/1p4P1/6K1 w - - 0 1
pieces,4,4,doubled,blocked,9,704,635,-69,8/P5p1/1rB3k1/2p1p3/4P1pP/1P2P3/1R6/b1K5 w - - 0 1
pieces,4,4,doubled,blocked,11,-3,52,55,KR6/2p4p/7B/2P1p3/2Q1P3/p1b1P3/P1q3rP/6k1 w - - 0 1
pieces,4,4,doubled,blocked,14,664,670,6,7N/2P5/1pP4p/4p3/1P2P3/p3P2K/8/kn6 w - - 0 1
pieces,4,5,isolated,passed,1,-798,-668,130,1N6/8/1r5k/2n1P3/7K/8/1pP3pP/7R w - - 0 1
pieces,4,5,isolated,passed,4,559,741,182,7K/1p6/2q5/QB2P3/6kb/8/7P/8 w - - 0 1
pieces,4,5,isolated,passed,7,-489,-494,-5,8/8/7R/4P3/r1k5/8/1p4P1/6K1 w - - 0 1
pieces,4,5,isolated,passed,9,681,739,58,8/P5p1/1rB3k1/2p1P3/6pP/1P6/1R6/b1K5 w - - 0 1
pieces,4,5,isolated,passed,11,461,512,51,KR6/2p4p/7B/2P1P3/2Q5/p1b5/P1q3rP/6k1 w - - 0 1
pieces,4,5,isolated,passed,14,698,708,10,7N/2P5/1pP4p/4P3/1P6/p6K/8/kn6 w - - 0 1
pieces,4,5,isolated,contested,1,-776,-644,132,1N6/8/1r3p1k/2n1P3/7K/8/1pP3pP/7R w - - 0 1
pieces,4,5,isolated,contested,4,530,696,166,7K/1p6/2q2p2/QB2P3/6kb/8/7P/8 w - - 0 1
pieces,4,5,isolated,contested,7,-636,-549,87,8/8/5p1R/4P3/r1k5/8/1p4P1/6K1 w - - 0 1
pieces,4,5,isolated,contested,9,610,670,60,8/P5p1/1rB2pk1/2p1P3/6pP/1P6/1R6/b1K5 w - - 0 1
pieces,4,5,isolated,contested,11,328,325,-3,KR6/2p4p/5p1B/2P1P3/2Q5/p1b5/P1q3rP/6k1 w - - 0 1
pieces,4,5,isolated,contested,14,626,600,-26,7N/2P5/1pP2p1p/4P3/1P6/p6K/8/kn6 w - - 0 1
pieces,4,5,isolated,opposed,1,-720,-754,-34,1N6/4p3/1r5k/2n1P3/7K/8/1pP3pP/7R w - - 0 1
pieces,4,5,isolated,opposed,4,508,658,150,7K/1p2p3/2q5/QB2P3/6kb/8/7P/8 w - - 0 1
pieces,4,5,isolated,opposed,7,-667,-640,27,8/4p3/7R/4P3/r1k5/8/1p4P1/6K1 w - - 0 1
pieces,4,5,isolated,opposed,9,616,662,46,8/P3p1p1/1rB3k1/2p1P3/6pP/1P6/1R6/b1K5 w - - 0 1
pieces,4,5,isolated,opposed,11,236,596,360,KR6/2p1p2p/7B/2P1P3/2Q5/p1b5/P1q3rP/6k1 w - - 0 1
pieces,4,5,isolated,opposed,14,594,591,-3,7N/2P1p3/1pP4p/4P3/1P6/p6K/8/kn6 w - - 0 1
pieces,4,5,isolated,blocked,1,-818,-790,28,1N6/8/1r2p2k/2n1P3/7K/8/1pP3pP/7R w - - 0 1
pieces,4,5,isolated,blocked,4,519,697,178,7K/1p6/2q1p3/QB2P3/6kb/8/7P/8 w - - 0 1
pieces,4,5,isolated,blocked,7,-684,-659,25,8/8/4p2R/4P3/r1k5/8/1p4P1/6K1 w - - 0 1
pieces,4,5,isolated,blocked,9,661,678,17,8/P5p1/1rB1p1k1/2p1P3/6pP/1P6/1R6/b1K5 w - - 0 1
pieces,4,5,isolated,blocked,11,459,692,233,KR6/2p4p/4p2B/2P1P3/2Q5/p1b5/P1q3rP/6k1 w - - 0 1
pieces,4,5,isolated,blocked,14,601,679,78,7N/2P5/1pP1p2p/4P3/1P6/p6K/8/kn6 w - - 0 1
pieces,4,5,unsupported,passed,1,-368,-334,34,1N6/8/1r1P1P1k/2n1P3/7K/8/1pP3pP/7R w - - 0 1
pieces,4,5,unsupported,passed,4,837,988,151,7K/1p6/2qP1P2/QB2P3/6kb/8/7P/8 w - - 0 1
pieces,4,5,unsupported,passed,7,-475,-307,168,8/8/3P1P1R/4P3/r1k5/8/1p4P1/6K1 w - - 0 1
pieces,4,5,unsupported,passed,9,816,903,87,8/P5p1/1rBP1Pk1/2p1P3/6pP/1P6/1R6/b1K5 w - - 0 1
pieces,4,5,unsupported,passed,11,715,666,-49,KR6/2p4p/3P1P1B/2P1P3/2Q5/p1b5/P1q3rP/6k1 w - - 0 1
pieces,4,5,unsupported,passed,14,804,845,41,7N/2P5/1pPP1P1p/4P3/1P6/p6K/8/kn6 w - - 0 1
pieces,4,5,unsupported,contested,1,-542,-502,40,1N6/8/1r1P1p1k/2n1P3/7K/8/1pP3pP/7R w - - 0 1
pieces,4,5,unsupported,contested,4,704,831,127,7K/1p6/2qP1p2/QB2P3/6kb/8/7P/8 w - - 0 1
pieces,4,5,unsupported,contested,7,-611,-485,126,8/8/3P1p1R/4P3/r1k5/8/1p4P1/6K1 w - - 0 1
pieces,4,5,unsupported,contested,9,793,735,-58,8/P5p1/1rBP1pk1/2p1P3/6pP/1P6/1R6/b1K5 w - - 0 1
pieces,4,5,unsupported,contested,11,609,630,21,KR6/2p4p/3P1p1B/2P1P3/2Q5/p1b5/P1q3rP/6k1 w - - 0 1
pieces,4,5,unsupported,contested,14,726,753,27,7N/2P5/1pPP1p1p/4P3/1P6/p6K/8/kn6 w - - 0 1
pieces,4,5,unsupported,opposed,1,-484,-396,88,1N6/4p3/1r1P1P1k/2n1P3/7K/8/1pP3pP/7R w - - 0 1
pieces,4,5,unsupported,opposed,4,734,928,194,7K/1p2p3/2qP1P2/QB2P3/6kb/8/7P/8 w - - 0 1
pieces,4,5,unsupported,opposed,7,-322,-240,82,8/4p3/3P1P1R/4P3/r1k5/8/1p4P1/6K1 w - - 0 1
pieces,4,5,unsupported,opposed,9,709,847,138,8/P3p1p1/1rBP1Pk1/2p1P3/6pP/1P6/1R6/b1K5 w - - 0 1
pieces,4,5,unsupported,opposed,11,651,653,2,KR6/2p1p2p/3P1P1B/2P1P3/2Q5/p1b5/P1q3rP/6k1 w - - 0 1
pieces,4,5,unsupported,opposed,14,793,740,-53,7N/2P1p3/1pPP1P1p/4P3/1P6/p6K/8/kn6 w - - 0 1
pieces,4,5,unsupported,blocked,1,-488,-423,65,1N6/8/1r1PpP1k/2n1P3/7K/8/1pP3pP/7R w - - 0 1
pieces,4,5,unsupported,blocked,4,816,907,91,7K/1p6/2qPpP2/QB2P3/6kb/8/7P/8 w - - 0 1
pieces,4,5,unsupported,blocked,7,-558,-475,83,8/8/3PpP1R/4P3/r1k5/8/1p4P1/6K1 w - - 0 1
pieces,4,5,unsupported,blocked,9,763,870,107,8/P5p1/1rBPpPk1/2p1P3/6pP/1P6/1R6/b1K5 w - - 0 1
pieces,4,5,unsupported,blocked,11,600,656,56,KR6/2p4p/3PpP1B/2P1P3/2Q5/p1b5/P1q3rP/6k1 w - - 0 1
pieces,4,5,unsupported,blocked,14,838,781,-57,7N/2P5/1pPPpP1p/4P3/1P6/p6K/8/kn6 w - - 0 1
pieces,4,5,supported,passed,4,718,849,131,7K/1p6/2q5/QB2P3/3P2kb/8/7P/8 w - - 0 1
pieces,4,5,supported,passed,7,-581,-559,22,8/8/7R/4P3/r1kP4/8/1p4P1/6K1 w - - 0 1
pieces,4,5,supported,passed,9,721,759,38,8/P5p1/1rB3k1/2p1P3/3P2pP/1P6/1R6/b1K5 w - - 0 1
pieces,4,5,supported,passed,11,313,430,117,KR6/2p4p/7B/2P1P3/2QP4/p1b5/P1q3rP/6k1 w - - 0 1
pieces,4,5,supported,passed,14,706,738,32,7N/2P5/1pP4p/4P3/1P1P4/p6K/8/kn6 w - - 0 1
pieces,4,5,supported,contested,4,648,811,163,7K/1p6/2q2p2/QB2P3/3P2kb/8/7P/8 w - - 0 1
pieces,4,5,supported,contested,7,-674,-602,72,8/8/5p1R/4P3/r1kP4/8/1p4P1/6K1 w - - 0 1
pieces,4,5,supported,contested,9,627,644,17,8/P5p1/1rB2pk1/2p1P3/3P2pP/1P6/1R6/b1K5 w - - 0 1
pieces,4,5,supported,contested,11,253,402,149,KR6/2p4p/5p1B/2P1P3/2QP4/p1b5/P1q3rP/6k1 w - - 0 1
pieces,4,5,supported,contested,14,645,683,38,7N/2P5/1pP2p1p/4P3/1P1P4/p6K/8/kn6 w - - 0 1
pieces,4,5,supported,opposed,4,637,746,109,7K/1p2p3/2q5/QB2P3/3P2kb/8/7P/8 w - - 0 1
pieces,4,5,supported,opposed,7,-655,-667,-12,8/4p3/7R/4P3/r1kP4/8/1p4P1/6K1 w - - 0 1
pieces,4,5,supported,opposed,9,666,711,45,8/P3p1p1/1rB3k1/2p1P3/3P2pP/1P6/1R6/b1K5 w - - 0 1
pieces,4,5,supported,opposed,11,240,269,29,KR6/2p1p2p/7B/2P1P3/2QP4/p1b5/P1q3rP/6k1 w - - 0 1
pieces,4,5,supported,opposed,14,581,628,47,7N/2P1p3/1pP4p/4P3/1P1P4/p6K/8/kn6 w - - 0 1
pieces,4,5,supported,blocked,4,726,761,35,7K/1p6/2q1p3/QB2P3/3P2kb/8/7P/8 w - - 0 1
pieces,4,5,supported,blocked,7,-701,-693,8,8/8/4p2R/4P3/r1kP4/8/1p4P1/6K1 w - - 0 1
pieces,4,5,supported,blocked,9,715,892,177,8/P5p1/1rB1p1k1/2p1P3/3P2pP/1P6/1R6/b1K5 w - - 0 1
pieces,4,5,supported,blocked,11,239,283,44,KR6/2p4p/4p2B/2P1P3/2QP4/p1b5/P1q3rP/6k1 w - - 0 1
pieces,4,5,supported,blocked,14,636,667,31,7N/2P5/1pP1p2p/4P3/1P1P4/p6K/8/kn6 w - - 0 1
pieces,4,5,phalanx,passed,1,-687,-458,229,1N6/8/1r5k/2nPP3/7K/8/1pP3pP/7R w - - 0 1
pieces,4,5,phalanx,passed,4,732,841,109,7K/1p6/2q5/QB1PP3/6kb/8/7P/8 w - - 0 1
pieces,4,5,phalanx,passed,7,-525,-559,-34,8/8/7R/3PP3/r1k5/8/1p4P1/6K1 w - - 0 1
pieces,4,5,phalanx,passed,9,717,716,-1,8/P5p1/1rB3k1/2pPP3/6pP/1P6/1R6/b1K5 w - - 0 1
pieces,4,5,phalanx,passed,11,623,603,-20,KR6/2p4p/7B/2PPP3/2Q5/p1b5/P1q3rP/6k1 w - - 0 1
pieces,4,5,phalanx,passed,14,689,661,-28,7N/2P5/1pP4p/3PP3/1P6/p6K/8/kn6 w - - 0 1
pieces,4,5,phalanx,contested,1,-624,-606,18,1N6/8/1r3p1k/2nPP3/7K/8/1pP3pP/7R w - - 0 1
pieces,4,5,phalanx,contested,4,782,828,46,7K/1p6/2q2p2/QB1PP3/6kb/8/7P/8 w - - 0 1
pieces,4,5,phalanx,contested,7,-613,-597,16,8/8/5p1R/3PP3/r1k5/8/1p4P1/6K1 w - - 0 1
pieces,4,5,phalanx,contested,9,665,685,20,8/P5p1/1rB2pk1/2pPP3/6pP/1P6/1R6/b1K5 w - - 0 1
pieces,4,5,phalanx,contested,11,489,489,0,KR6/2p4p/5p1B/2PPP3/2Q5/p1b5/P1q3rP/6k1 w - - 0 1
pieces,4,5,phalanx,contested,14,719,658,-61,7N/2P5/1pP2p1p/3PP3/1P6/p6K/8/kn6 w - - 0 1
pieces,4,5,phalanx,opposed,1,-626,-716,-90,1N6/4p3/1r5k/2nPP3/7K/8/1pP3pP/7R w - - 0 1
pieces,4,5,phalanx,opposed,4,745,821,76,7K/1p2p3/2q5/QB1PP3/6kb/8/7P/8 w - - 0 1
pieces,4,5,phalanx,opposed,7,-666,-671,-5,8/4p3/7R/3PP3/r1k5/8/1p4P1/6K1 w - - 0 1
pieces,4,5,phalanx,opposed,9,579,688,109,8/P3p1p1/1rB3k1/2pPP3/6pP/1P6/1R6/b1K5 w - - 0 1
pieces,4,5,phalanx,opposed,11,566,593,27,KR6/2p1p2p/7B/2PPP3/2Q5/p1b5/P1q3rP/6k1 w - - 0 1
pieces,4,5,phalanx,opposed,14,687,734,47,7N/2P1p3/1pP4p/3PP3/1P6/p6K/8/kn6 w - - 0 1
pieces,4,5,phalanx,blocked,1,-666,-623,43,1N6/8/1r2p2k/2nPP3/7K/8/1pP3pP/7R w - - 0 1
pieces,4,5,phalanx,blocked,4,766,841,75,7K/1p6/2q1p3/QB1PP3/6kb/8/7P/8 w - - 0 1
pieces,4,5,phalanx,blocked,7,-595,-602,-7,8/8/4p2R/3PP3/r1k5/8/1p4P1/6K1 w - - 0 1
pieces,4,5,phalanx,blocked,9,638,699,61,8/P5p1/1rB1p1k1/2pPP3/6pP/1P6/1R6/b1K5 w - - 0 1
pieces,4,5,phalanx,blocked,11,592,636,44,KR6/2p4p/4p2B/2PPP3/2Q5/p1b5/P1q3rP/6k1 w - - 0 1
pieces,4,5,phalanx,blocked,14,621,659,38,7N/2P5/1pP1p2p/3PP3/1P6/p6K/8/kn6 w - - 0 1
pieces,4,5,doubled,passed,1,-797,-646,151,1N6/8/1r5k/2n1P3/4P2K/8/1pP3pP/7R w - - 0 1
pieces,4,5,doubled,passed,4,815,797,-18,7K/1p6/2q5/QB2P3/4P1kb/8/7P/8 w - - 0 1
pieces,4,5,doubled,passed,7,-562,-551,11,8/8/7R/4P3/r1k1P3/8/1p4P1/6K1 w - - 0 1
pieces,4,5,doubled,passed,9,679,724,45,8/P5p1/1rB3k1/2p1P3/4P1pP/1P6/1R6/b1K5 w - - 0 1
pieces,4,5,doubled,passed,11,253,361,108,KR6/2p4p/7B/2P1P3/2Q1P3/p1b5/P1q3rP/6k1 w - - 0 1
pieces,4,5,doubled,passed,14,684,726,42,7N/2P5/1pP4p/4P3/1P2P3/p6K/8/kn6 w - - 0 1
pieces,4,5,doubled,contested,1,-760,-652,108,1N6/8/1r3p1k/2n1P3/4P2K/8/1pP3pP/7R w - - 0 1
pieces,4,5,doubled,contested,4,797,794,-3,7K/1p6/2q2p2/QB2P3/4P1kb/8/7P/8 w - - 0 1
pieces,4,5,doubled,contested,7,-716,-691,25,8/8/5p1R/4P3/r1k1P3/8/1p4P1/6K1 w - - 0 1
pieces,4,5,doubled,contested,9,656,732,76,8/P5p1/1rB2pk1/2p1P3/4P1pP/1P6/1R6/b1K5 w - - 0 1
pieces,4,5,doubled,contested,11,225,400,175,KR6/2p4p/5p1B/2P1P3/2Q1P3/p1b5/P1q3rP/6k1 w - - 0 1
pieces,4,5,doubled,contested,14,661,642,-19,7N/2P5/1pP2p1p/4P3/1P2P3/p6K/8/kn6 w - - 0 1
pieces,4,5,doubled,opposed,1,-781,-761,20,1N6/4p3/1r5k/2n1P3/4P2K/8/1pP3pP/7R w - - 0 1
pieces,4,5,doubled,opposed,4,739,672,-67,7K/1p2p3/2q5/QB2P3/4P1kb/8/7P/8 w - - 0 1
pieces,4,5,doubled,opposed,7,-640,-672,-32,8/4p3/7R/4P3/r1k1P3/8/1p4P1/6K1 w - - 0 1
pieces,4,5,doubled,opposed,9,652,624,-28,8/P3p1p1/1rB3k1/2p1P3/4P1pP/1P6/1R6/b1K5 w - - 0 1
pieces,4,5,doubled,opposed,11,168,186,18,KR6/2p1p2p/7B/2P1P3/2Q1P3/p1b5/P1q3rP/6k1 w - - 0 1
pieces,4,5,doubled,opposed,14,652,694,42,7N/2P1p3/1pP4p/4P3/1P2P3/p6K/8/kn6 w - - 0 1
pieces,4,5,doubled,blocked,1,-815,-769,46,1N6/8/1r2p2k/2n1P3/4P2K/8/1pP3pP/7R w - - 0 1
pieces,4,5,doubled,blocked,4,627,728,101,7K/1p6/2q1p3/QB2P3/4P1kb/8/7P/8 w - - 0 1
pieces,4,5,doubled,blocked,7,-708,-698,10,8/8/4p2R/4P3/r1k1P3/8/1p4P1/6K1 w - - 0 1
pieces,4,5,doubled,blocked,9,601,744,143,8/P5p1/1rB1p1k1/2p1P3/4P1pP/1P6/1R6/b1K5 w - - 0 1
pieces,4,5,doubled,blocked,11,150,137,-13,KR6/2p4p/4p2B/2P1P3/2Q1P3/p1b5/P1q3rP/6k1 w - - 0 1
pieces,4,5,doubled,blocked,14,665,686,21,7N/2P5/1pP1p2p/4P3/1P2P3/p6K/8/kn6 w - - 0 1
pieces,4,6,isolated,passed,1,-839,-531,308,1N6/8/1r2P2k/2n5/7K/8/1pP3pP/7R w - - 0 1
pieces,4,6,isolated,passed,4,607,808,201,7K/1p6/2q1P3/QB6/6kb/8/7P/8 w - - 0 1
pieces,4,6,isolated,passed,7,-566,-562,4,8/8/4P2R/8/r1k5/8/1p4P1/6K1 w - - 0 1
pieces,4,6,isolated,passed,9,713,761,48,8/P5p1/1rB1P1k1/2p5/6pP/1P6/1R6/b1K5 w - - 0 1
pieces,4,6,isolated,passed,11,609,641,32,KR6/2p4p/4P2B/2P5/2Q5/p1b5/P1q3rP/6k1 w - - 0 1
pieces,4,6,isolated,passed,14,721,703,-18,7N/2P5/1pP1P2p/8/1P6/p6K/8/kn6 w - - 0 1
pieces,4,6,isolated,contested,1,-806,-540,266,1N6/5p2/1r2P2k/2n5/7K/8/1pP3pP/7R w - - 0 1
pieces,4,6,isolated,contested,4,573,757,184,7K/1p3p2/2q1P3/QB6/6kb/8/7P/8 w - - 0 1
pieces,4,6,isolated,contested,7,-556,-527,29,8/5p2/4P2R/8/r1k5/8/1p4P1/6K1 w - - 0 1
pieces,4,6,isolated,contested,9,586,657,71,8/P4pp1/1rB1P1k1/2p5/6pP/1P6/1R6/b1K5 w - - 0 1
pieces,4,6,isolated,contested,11,432,599,167,KR6/2p2p1p/4P2B/2P5/2Q5/p1b5/P1q3rP/6k1 w - - 0 1
pieces,4,6,isolated,contested,14,531,677,146,7N/2P2p2/1pP1P2p/8/1P6/p6K/8/kn6 w - - 0 1
pieces,4,6,isolated,blocked,1,-779,-845,-66,1N6/4p3/1r2P2k/2n5/7K/8/1pP3pP/7R w - - 0 1
pieces,4,6,isolated,blocked,4,537,631,94,7K/1p2p3/2q1P3/QB6/6kb/8/7P/8 w - - 0 1
pieces,4,6,isolated,blocked,7,-667,-649,18,8/4p3/4P2R/8/r1k5/8/1p4P1/6K1 w - - 0 1
pieces,4,6,isolated,blocked,9,608,668,60,8/P3p1p1/1rB1P1k1/2p5/6pP/1P6/1R6/b1K5 w - - 0 1
pieces,4,6,isolated,blocked,11,528,429,-99,KR6/2p1p2p/4P2B/2P5/2Q5/p1b5/P1q3rP/6k1 w - - 0 1
pieces,4,6,isolated,blocked,14,641,651,10,7N/2P1p3/1pP1P2p/8/1P6/p6K/8/kn6 w - - 0 1
pieces,4,6,unsupported,passed,4,1087,1099,12,7K/1p1P1P2/2q1P3/QB6/6kb/8/7P/8 w - - 0 1
pieces,4,6,unsupported,passed,7,525,750,225,8/3P1P2/4P2R/8/r1k5/8/1p4P1/6K1 w - - 0 1
pieces,4,6,unsupported,passed,11,1220,1385,165,KR6/2pP1P1p/4P2B/2P5/2Q5/p1b5/P1q3rP/6k1 w - - 0 1
pieces,4,6,unsupported,passed,14,980,926,-54,7N/2PP1P2/1pP1P2p/8/1P6/p6K/8/kn6 w - - 0 1
pieces,4,6,unsupported,contested,4,770,846,76,7K/1p1P1p2/2q1P3/QB6/6kb/8/7P/8 w - - 0 1
pieces,4,6,unsupported,contested,7,431,308,-123,8/3P1p2/4P2R/8/r1k5/8/1p4P1/6K1 w - - 0 1
pieces,4,6,unsupported,contested,9,743,1013,270,8/P2P1pp1/1rB1P1k1/2p5/6pP/1P6/1R6/b1K5 w - - 0 1
pieces,4,6,unsupported,contested,11,945,863,-82,KR6/2pP1p1p/4P2B/2P5/2Q5/p1b5/P1q3rP/6k1 w - - 0 1
pieces,4,6,unsupported,contested,14,780,907,127,7N/2PP1p2/1pP1P2p/8/1P6/p6K/8/kn6 w - - 0 1
pieces,4,6,unsupported,blocked,4,1068,1110,42,7K/1p1PpP2/2q1P3/QB6/6kb/8/7P/8 w - - 0 1
pieces,4,6,unsupported,blocked,7,666,480,-186,8/3PpP2/4P2R/8/r1k5/8/1p4P1/6K1 w - - 0 1
pieces,4,6,unsupported,blocked,9,1029,1052,23,8/P2PpPp1/1rB1P1k1/2p5/6pP/1P6/1R6/b1K5 w - - 0 1
pieces,4,6,unsupported,blocked,11,1109,1042,-67,KR6/2pPpP1p/4P2B/2P5/2Q5/p1b5/P1q3rP/6k1 w - - 0 1
pieces,4,6,unsupported,blocked,14,958,897,-61,7N/2PPpP2/1pP1P2p/8/1P6/p6K/8/kn6 w - - 0 1
pieces,4,6,supported,passed,1,-739,-491,248,1N6/8/1r2P2k/2nP4/7K/8/1pP3pP/7R w - - 0 1
pieces,4,6,supported,passed,4,785,841,56,7K/1p6/2q1P3/QB1P4/6kb/8/7P/8 w - - 0 1
pieces,4,6,supported,passed,7,-547,-566,-19,8/8/4P2R/3P4/r1k5/8/1p4P1/6K1 w - - 0 1
pieces,4,6,supported,passed,9,710,742,32,8/P5p1/1rB1P1k1/2pP4/6pP/1P6/1R6/b1K5 w - - 0 1
pieces,4,6,supported,passed,11,750,756,6,KR6/2p4p/4P2B/2PP4/2Q5/p1b5/P1q3rP/6k1 w - - 0 1
pieces,4,6,supported,passed,14,761,786,25,7N/2P5/1pP1P2p/3P4/1P6/p6K/8/kn6 w - - 0 1
pieces,4,6,supported,contested,1,-664,-422,242,1N6/5p2/1r2P2k/2nP4/7K/8/1pP3pP/7R w - - 0 1
pieces,4,6,supported,contested,4,751,839,88,7K/1p3p2/2q1P3/QB1P4/6kb/8/7P/8 w - - 0 1
pieces,4,6,supported,contested,7,-609,-590,19,8/5p2/4P2R/3P4/r1k5/8/1p4P1/6K1 w - - 0 1
pieces,4,6,supported,contested,9,633,646,13,8/P4pp1/1rB1P1k1/2pP4/6pP/1P6/1R6/b1K5 w - - 0 1
pieces,4,6,supported,contested,11,629,780,151,KR6/2p2p1p/4P2B/2PP4/2Q5/p1b5/P1q3rP/6k1 w - - 0 1
pieces,4,6,supported,contested,14,647,772,125,7N/2P2p2/1pP1P2p/3P4/1P6/p6K/8/kn6 w - - 0 1
pieces,4,6,supported,blocked,1,-779,-592,187,1N6/4p3/1r2P2k/2nP4/7K/8/1pP3pP/7R w - - 0 1
pieces,4,6,supported,blocked,4,766,819,53,7K/1p2p3/2q1P3/QB1P4/6kb/8/7P/8 w - - 0 1
pieces,4,6,supported,blocked,7,-680,-675,5,8/4p3/4P2R/3P4/r1k5/8/1p4P1/6K1 w - - 0 1
pieces,4,6,supported,blocked,9,640,647,7,8/P3p1p1/1rB1P1k1/2pP4/6pP/1P6/1R6/b1K5 w - - 0 1
pieces,4,6,supported,blocked,11,759,829,70,KR6/2p1p2p/4P2B/2PP4/2Q5/p1b5/P1q3rP/6k1 w - - 0 1
pieces,4,6,supported,blocked,14,690,746,56,7N/2P1p3/1pP1P2p/3P4/1P6/p6K/8/kn6 w - - 0 1
pieces,4,6,phalanx,passed,1,-651,-281,370,1N6/8/1r1PP2k/2n5/7K/8/1pP3pP/7R w - - 0 1
pieces,4,6,phalanx,passed,4,774,850,76,7K/1p6/2qPP3/QB6/6kb/8/7P/8 w - - 0 1
pieces,4,6,phalanx,passed,7,-598,-398,200,8/8/3PP2R/8/r1k5/8/1p4P1/6K1 w - - 0 1
pieces,4,6,phalanx,passed,9,799,885,86,8/P5p1/1rBPP1k1/2p5/6pP/1P6/1R6/b1K5 w - - 0 1
pieces,4,6,phalanx,passed,11,701,683,-18,KR6/2p4p/3PP2B/2P5/2Q5/p1b5/P1q3rP/6k1 w - - 0 1
pieces,4,6,phalanx,passed,14,762,818,56,7N/2P5/1pPPP2p/8/1P6/p6K/8/kn6 w - - 0 1
pieces,4,6,phalanx,contested,1,-654,-441,213,1N6/5p2/1r1PP2k/2n5/7K/8/1pP3pP/7R w - - 0 1
pieces,4,6,phalanx,contested,4,713,827,114,7K/1p3p2/2qPP3/QB6/6kb/8/7P/8 w - - 0 1
pieces,4,6,phalanx,contested,7,-693,-519,174,8/5p2/3PP2R/8/r1k5/8/1p4P1/6K1 w - - 0 1
pieces,4,6,phalanx,contested,9,694,802,108,8/P4pp1/1rBPP1k1/2p5/6pP/1P6/1R6/b1K5 w - - 0 1
pieces,4,6,phalanx,contested,11,694,726,32,KR6/2p2p1p/3PP2B/2P5/2Q5/p1b5/P1q3rP/6k1 w - - 0 1
pieces,4,6,phalanx,contested,14,674,844,170,7N/2P2p2/1pPPP2p/8/1P6/p6K/8/kn6 w - - 0 1
pieces,4,6,phalanx,blocked,1,-553,-422,131,1N6/4p3/1r1PP2k/2n5/7K/8/1pP3pP/7R w - - 0 1
pieces,4,6,phalanx,blocked,4,722,815,93,7K/1p2p3/2qPP3/QB6/6kb/8/7P/8 w - - 0 1
pieces,4,6,phalanx,blocked,7,-641,-478,163,8/4p3/3PP2R/8/r1k5/8/1p4P1/6K1 w - - 0 1
pieces,4,6,phalanx,blocked,9,681,769,88,8/P3p1p1/1rBPP1k1/2p5/6pP/1P6/1R6/b1K5 w - - 0 1
pieces,4,6,phalanx,blocked,11,663,635,-28,KR6/2p1p2p/3PP2B/2P5/2Q5/p1b5/P1q3rP/6k1 w - - 0 1
pieces,4,6,phalanx,blocked,14,729,732,3,7N/2P1p3/1pPPP2p/8/1P6/p6K/8/kn6 w - - 0 1
pieces,4,6,doubled,passed,1,-719,-462,257,1N6/8/1r2P2k/2n1P3/7K/8/1pP3pP/7R w - - 0 1
pieces,4,6,doubled,passed,4,789,843,54,7K/1p6/2q1P3/QB2P3/6kb/8/7P/8 w - - 0 1
pieces,4,6,doubled,passed,7,-554,-573,-19,8/8/4P2R/4P3/r1k5/8/1p4P1/6K1 w - - 0 1
pieces,4,6,doubled,passed,9,745,996,251,8/P5p1/1rB1P1k1/2p1P3/6pP/1P6/1R6/b1K5 w - - 0 1
pieces,4,6,doubled,passed,11,656,703,47,KR6/2p4p/4P2B/2P1P3/2Q5/p1b5/P1q3rP/6k1 w - - 0 1
pieces,4,6,doubled,passed,14,715,780,65,7N/2P5/1pP1P2p/4P3/1P6/p6K/8/kn6 w - - 0 1
pieces,4,6,doubled,contested,1,-648,-467,181,1N6/5p2/1r2P2k/2n1P3/7K/8/1pP3pP/7R w - - 0 1
pieces,4,6,doubled,contested,4,696,785,89,7K/1p3p2/2q1P3/QB2P3/6kb/8/7P/8 w - - 0 1
pieces,4,6,doubled,contested,7,-637,-539,98,8/5p2/4P2R/4P3/r1k5/8/1p4P1/6K1 w - - 0 1
pieces,4,6,doubled,contested,9,662,701,39,8/P4pp1/1rB1P1k1/2p1P3/6pP/1P6/1R6/b1K5 w - - 0 1
pieces,4,6,doubled,contested,11,380,772,392,KR6/2p2p1p/4P2B/2P1P3/2Q5/p1b5/P1q3rP/6k1 w - - 0 1
pieces,4,6,doubled,contested,14,635,806,171,7N/2P2p2/1pP1P2p/4P3/1P6/p6K/8/kn6 w - - 0 1
pieces,4,6,doubled,blocked,1,-811,-815,-4,1N6/4p3/1r2P2k/2n1P3/7K/8/1pP3pP/7R w - - 0 1
pieces,4,6,doubled,blocked,4,752,762,10,7K/1p2p3/2q1P3/QB2P3/6kb/8/7P/8 w - - 0 1
pieces,4,6,doubled,blocked,7,-689,-700,-11,8/4p3/4P2R/4P3/r1k5/8/1p4P1/6K1 w - - 0 1
pieces,4,6,doubled,blocked,9,697,696,-1,8/P3p1p1/1rB1P1k1/2p1P3/6pP/1P6/1R6/b1K5 w - - 0 1
pieces,4,6,doubled,blocked,11,678,590,-88,KR6/2p1p2p/4P2B/2P1P3/2Q5/p1b5/P1q3rP/6k1 w - - 0 1
pieces,4,6,doubled,blocked,14,675,719,44,7N/2P1p3/1pP1P2p/4P3/1P6/p6K/8/kn6 w - - 0 1
pieces,4,7,isolated,passed,4,631,774,143,7K/1p2P3/2q5/QB6/6kb/8/7P/8 w - - 0 1
pieces,4,7,isolated,passed,14,714,882,168,7N/2P1P3/1pP4p/8/1P6/p6K/8/kn6 w - - 0 1
pieces,4,7,supported,passed,4,784,1056,272,7K/1p2P3/2qP4/QB6/6kb/8/7P/8 w - - 0 1
pieces,4,7,supported,passed,11,751,935,184,KR6/2p1P2p/3P3B/2P5/2Q5/p1b5/P1q3rP/6k1 w - - 0 1
pieces,4,7,supported,passed,14,770,1000,230,7N/2P1P3/1pPP3p/8/1P6/p6K/8/kn6 w - - 0 1
pieces,4,7,phalanx,passed,4,799,961,162,7K/1p1PP3/2q5/QB6/6kb/8/7P/8 w - - 0 1
pieces,4,7,phalanx,passed,7,459,706,247,8/3PP3/7R/8/r1k5/8/1p4P1/6K1 w - - 0 1
pieces,4,7,phalanx,passed,11,934,1100,166,KR6/2pPP2p/7B/2P5/2Q5/p1b5/P1q3rP/6k1 w - - 0 1
pieces,4,7,phalanx,passed,14,886,1049,163,7N/2PPP3/1pP4p/8/1P6/p6K/8/kn6 w - - 0 1
pieces,4,7,doubled,passed,4,805,905,100,7K/1p2P3/2q1P3/QB6/6kb/8/7P/8 w - - 0 1
pieces,4,7,doubled,passed,11,809,1013,204,KR6/2p1P2p/4P2B/2P5/2Q5/p1b5/P1q3rP/6k1 w - - 0 1
pieces,4,7,doubled,passed,14,840,820,-20,7N/2P1P3/1pP1P2p/8/1P6/p6K/8/kn6 w - - 0 1
kp,2,2,isolated,passed,1,515,504,-11,8/6K1/p7/8/4P3/4k3/2P5/8 w - - 0 1
kp,2,2,isolated,passed,2,674,690,16,8/4k3/4p2P/6Pp/p7/8/2P2P2/7K w - - 0 1
kp,2,2,isolated,passed,3,-11,59,70,6K1/5P2/P7/8/k4p2/7p/2P2Pp1/8 w - - 0 1
kp,2,2,isolated,passed,5,-330,-449,-119,8/8/7K/8/4P3/7p/2P5/5k2 w - - 0 1
kp,2,2,isolated,passed,6,704,732,28,8/8/4P3/P5pK/p7/8/2P1k3/8 w - - 0 1
kp,2,2,isolated,passed,7,669,768,99,k7/4P3/5pK1/8/8/P7/p1P5/8 w - - 0 1
kp,2,2,isolated,passed,8,-687,-665,22,8/7p/K3kP2/8/6p1/4P3/2P2P1p/8 w - - 0 1
kp,2,2,isolated,passed,9,-570,-563,7,8/5k1p/5P2/6pK/p7/4PP2/2P5/8 w - - 0 1
kp,2,2,isolated,passed,10,-723,-668,55,8/K3k3/6p1/4P3/4Pp2/8/2P5/8 w - - 0 1
kp,2,2,isolated,passed,11,535,713,178,7k/8/8/P7/8/5K2/2P3p1/8 w - - 0 1
kp,2,2,isolated,passed,12,-684,-735,-51,k7/8/8/K7/P3P3/5pp1/2P5/8 w - - 0 1
kp,2,2,isolated,passed,13,439,592,153,8/P7/8/8/4K1Pp/6pp/2P2kP1/8 w - - 0 1
kp,2,2,isolated,passed,14,-597,-625,-28,4K3/8/8/4k3/8/P7/2P4p/8 w - - 0 1
kp,2,2,isolated,contested,2,0,-159,-159,8/4k3/4p2P/6Pp/p7/3p4/2P2P2/7K w - - 0 1
kp,2,2,isolated,contested,3,0,0,0,6K1/5P2/P7/8/k4p2/3p3p/2P2Pp1/8 w - - 0 1
kp,2,2,isolated,contested,5,-840,-501,339,8/8/7K/8/4P3/3p3p/2P5/5k2 w - - 0 1
kp,2,2,isolated,contested,6,504,612,108,8/8/4P3/P5pK/p7/3p4/2P1k3/8 w - - 0 1
kp,2,2,isolated,contested,7,587,669,82,k7/4P3/5pK1/8/8/P2p4/p1P5/8 w - - 0 1
kp,2,2,isolated,contested,8,-834,-696,138,8/7p/K3kP2/8/6p1/3pP3/2P2P1p/8 w - - 0 1
kp,2,2,isolated,contested,9,-706,-613,93,8/5k1p/5P2/6pK/p7/3pPP2/2P5/8 w - - 0 1
kp,2,2,isolated,contested,10,-959,-670,289,8/K3k3/6p1/4P3/4Pp2/3p4/2P5/8 w - - 0 1
kp,2,2,isolated,contested,11,-534,-504,30,7k/8/8/P7/8/3p1K2/2P3p1/8 w - - 0 1
kp,2,2,isolated,contested,12,-857,-688,169,k7/8/8/K7/P3P3/3p1pp1/2P5/8 w - - 0 1
kp,2,2,isolated,contested,13,0,-29,-29,8/P7/8/8/4K1Pp/3p2pp/2P2kP1/8 w - - 0 1
kp,2,2,isolated,opposed,0,-43,-1,42,8/8/k6p/8/2p5/7P/K1P5/8 w - - 0 1
kp,2,2,isolated,opposed,1,0,359,359,8/6K1/p7/8/2p1P3/4k3/2P5/8 w - - 0 1
kp,2,2,isolated,opposed,2,651,671,20,8/4k3/4p2P/6Pp/p1p5/8/2P2P2/7K w - - 0 1
kp,2,2,isolated,opposed,3,-237,23,260,6K1/5P2/P7/8/k1p2p2/7p/2P2Pp1/8 w - - 0 1
kp,2,2,isolated,opposed,6,640,699,59,8/8/4P3/P5pK/p1p5/8/2P1k3/8 w - - 0 1
kp,2,2,isolated,opposed,7,634,704,70,k7/4P3/5pK1/8/2p5/P7/p1P5/8 w - - 0 1
kp,2,2,isolated,opposed,8,-737,-662,75,8/7p/K3kP2/8/2p3p1/4P3/2P2P1p/8 w - - 0 1
kp,2,2,isolated,opposed,9,-606,-628,-22,8/5k1p/5P2/6pK/p1p5/4PP2/2P5/8 w - - 0 1
kp,2,2,isolated,opposed,10,-949,-784,165,8/K3k3/6p1/4P3/2p1Pp2/8/2P5/8 w - - 0 1
kp,2,2,isolated,opposed,12,-798,-783,15,k7/8/8/K7/P1p1P3/5pp1/2P5/8 w - - 0 1
kp,2,2,isolated,opposed,13,361,576,215,8/P7/8/8/2p1K1Pp/6pp/2P2kP1/8 w - - 0 1
kp,2,2,isolated,opposed,14,-1239,-1327,-88,4K3/8/8/4k3/2p5/P7/2P4p/8 w - - 0 1
kp,2,2,isolated,opposed,15,570,807,237,8/8/5P2/8/2p4k/5p2/2P5/5K2 w - - 0 1
kp,2,2,isolated,blocked,3,-251,0,251,6K1/5P2/P7/8/k4p2/2p4p/2P2Pp1/8 w - - 0 1
kp,2,2,isolated,blocked,6,502,735,233,8/8/4P3/P5pK/p7/2p5/2P1k3/8 w - - 0 1
kp,2,2,isolated,blocked,7,663,824,161,k7/4P3/5pK1/8/8/P1p5/p1P5/8 w - - 0 1
kp,2,2,isolated,blocked,8,-855,-681,174,8/7p/K3kP2/8/6p1/2p1P3/2P2P1p/8 w - - 0 1
kp,2,2,isolated,blocked,9,-715,-618,97,8/5k1p/5P2/6pK/p7/2p1PP2/2P5/8 w - - 0 1
kp,2,2,isolated,blocked,10,-975,-834,141,8/K3k3/6p1/4P3/4Pp2/2p5/2P5/8 w - - 0 1
kp,2,2,isolated,blocked,12,-799,-737,62,k7/8/8/K7/P3P3/2p2pp1/2P5/8 w - - 0 1
kp,2,2,isolated,blocked,14,-1398,-1301,97,4K3/8/8/4k3/8/P1p5/2P4p/8 w - - 0 1
kp,2,2,unsupported,passed,0,518,508,-10,8/8/k6p/8/8/1P1P3P/K1P5/8 w - - 0 1
kp,2,2,unsupported,passed,1,513,629,116,8/6K1/p7/8/4P3/1P1Pk3/2P5/8 w - - 0 1
kp,2,2,unsupported,passed,2,661,698,37,8/4k3/4p2P/6Pp/p7/1P1P4/2P2P2/7K w - - 0 1
kp,2,2,unsupported,passed,4,710,748,38,7k/8/8/8/7p/1P1P4/2P1P2K/8 w - - 0 1
kp,2,2,unsupported,passed,5,-396,-278,118,8/8/7K/8/4P3/1P1P3p/2P5/5k2 w - - 0 1
kp,2,2,unsupported,passed,6,742,808,66,8/8/4P3/P5pK/p7/1P1P4/2P1k3/8 w - - 0 1
kp,2,2,unsupported,passed,7,757,749,-8,k7/4P3/5pK1/8/8/PP1P4/p1P5/8 w - - 0 1
kp,2,2,unsupported,passed,8,-643,-580,63,8/7p/K3kP2/8/6p1/1P1PP3/2P2P1p/8 w - - 0 1
kp,2,2,unsupported,passed,9,785,808,23,8/5k1p/5P2/6pK/p7/1P1PPP2/2P5/8 w - - 0 1
kp,2,2,unsupported,passed,11,768,1046,278,7k/8/8/P7/8/1P1P1K2/2P3p1/8 w - - 0 1
kp,2,2,unsupported,passed,12,-661,-617,44,k7/8/8/K7/P3P3/1P1P1pp1/2P5/8 w - - 0 1
kp,2,2,unsupported,passed,13,608,595,-13,8/P7/8/8/4K1Pp/1P1P2pp/2P2kP1/8 w - - 0 1
kp,2,2,unsupported,passed,14,-584,-522,62,4K3/8/8/4k3/8/PP1P4/2P4p/8 w - - 0 1
kp,2,2,unsupported,contested,0,269,519,250,8/8/k6p/8/8/1P1p3P/K1P5/8 w - - 0 1
kp,2,2,unsupported,contested,2,0,276,276,8/4k3/4p2P/6Pp/p7/1P1p4/2P2P2/7K w - - 0 1
kp,2,2,unsupported,contested,4,529,646,117,7k/8/8/8/7p/1P1p4/2P1P2K/8 w - - 0 1
kp,2,2,unsupported,contested,5,-826,-487,339,8/8/7K/8/4P3/1P1p3p/2P5/5k2 w - - 0 1
kp,2,2,unsupported,contested,6,441,710,269,8/8/4P3/P5pK/p7/1P1p4/2P1k3/8 w - - 0 1
kp,2,2,unsupported,contested,7,443,504,61,k7/4P3/5pK1/8/8/PP1p4/p1P5/8 w - - 0 1
kp,2,2,unsupported,contested,8,-803,-687,116,8/7p/K3kP2/8/6p1/1P1pP3/2P2P1p/8 w - - 0 1
kp,2,2,unsupported,contested,9,-657,-618,39,8/5k1p/5P2/6pK/p7/1P1pPP2/2P5/8 w - - 0 1
kp,2,2,unsupported,contested,10,-804,-648,156,8/K3k3/6p1/4P3/4Pp2/1P1p4/2P5/8 w - - 0 1
kp,2,2,unsupported,contested,11,-479,-476,3,7k/8/8/P7/8/1P1p1K2/2P3p1/8 w - - 0 1
kp,2,2,unsupported,contested,12,-741,-737,4,k7/8/8/K7/P3P3/1P1p1pp1/2P5/8 w - - 0 1
kp,2,2,unsupported,contested,13,0,-27,-27,8/P7/8/8/4K1Pp/1P1p2pp/2P2kP1/8 w - - 0 1
kp,2,2,unsupported,contested,14,-987,-880,107,4K3/8/8/4k3/8/PP1p4/2P4p/8 w - - 0 1
kp,2,2,unsupported,opposed,0,511,499,-12,8/8/k6p/8/2p5/1P1P3P/K1P5/8 w - - 0 1
kp,2,2,unsupported,opposed,1,385,525,140,8/6K1/p7/8/2p1P3/1P1Pk3/2P5/8 w - - 0 1
kp,2,2,unsupported,opposed,2,597,664,67,8/4k3/4p2P/6Pp/p1p5/1P1P4/2P2P2/7K w - - 0 1
kp,2,2,unsupported,opposed,4,696,496,-200,7k/8/8/8/2p4p/1P1P4/2P1P2K/8 w - - 0 1
kp,2,2,unsupported,opposed,5,-401,-387,14,8/8/7K/8/2p1P3/1P1P3p/2P5/5k2 w - - 0 1
kp,2,2,unsupported,opposed,6,757,642,-115,8/8/4P3/P5pK/p1p5/1P1P4/2P1k3/8 w - - 0 1
kp,2,2,unsupported,opposed,7,461,723,262,k7/4P3/5pK1/8/2p5/PP1P4/p1P5/8 w - - 0 1
kp,2,2,unsupported,opposed,8,-659,-630,29,8/7p/K3kP2/8/2p3p1/1P1PP3/2P2P1p/8 w - - 0 1
kp,2,2,unsupported,opposed,10,-575,-525,50,8/K3k3/6p1/4P3/2p1Pp2/1P1P4/2P5/8 w - - 0 1
kp,2,2,unsupported,opposed,12,-626,-615,11,k7/8/8/K7/P1p1P3/1P1P1pp1/2P5/8 w - - 0 1
kp,2,2,unsupported,opposed,13,419,632,213,8/P7/8/8/2p1K1Pp/1P1P2pp/2P2kP1/8 w - - 0 1
kp,2,2,unsupported,opposed,14,-591,-585,6,4K3/8/8/4k3/2p5/PP1P4/2P4p/8 w - - 0 1
kp,2,2,unsupported,opposed,15,801,905,104,8/8/5P2/8/2p4k/1P1P1p2/2P5/5K2 w - - 0 1
kp,2,2,unsupported,blocked,0,505,504,-1,8/8/k6p/8/8/1PpP3P/K1P5/8 w - - 0 1
kp,2,2,unsupported,blocked,5,-729,-608,121,8/8/7K/8/4P3/1PpP3p/2P5/5k2 w - - 0 1
kp,2,2,unsupported,blocked,6,352,619,267,8/8/4P3/P5pK/p7/1PpP4/2P1k3/8 w - - 0 1
kp,2,2,unsupported,blocked,7,761,775,14,k7/4P3/5pK1/8/8/PPpP4/p1P5/8 w - - 0 1
kp,2,2,unsupported,blocked,8,-797,-644,153,8/7p/K3kP2/8/6p1/1PpPP3/2P2P1p/8 w - - 0 1
kp,2,2,unsupported,blocked,10,-746,-562,184,8/K3k3/6p1/4P3/4Pp2/1PpP4/2P5/8 w - - 0 1
kp,2,2,unsupported,blocked,12,-752,-630,122,k7/8/8/K7/P3P3/1PpP1pp1/2P5/8 w - - 0 1
kp,2,2,unsupported,blocked,14,-824,-725,99,4K3/8/8/4k3/8/PPpP4/2P4p/8 w - - 0 1
kp,2,2,phalanx,passed,0,433,515,82,8/8/k6p/8/8/7P/KPP5/8 w - - 0 1
kp,2,2,phalanx,passed,1,498,661,163,8/6K1/p7/8/4P3/4k3/1PP5/8 w - - 0 1
kp,2,2,phalanx,passed,2,712,697,-15,8/4k3/4p2P/6Pp/p7/8/1PP2P2/7K w - - 0 1
kp,2,2,phalanx,passed,3,16,413,397,6K1/5P2/P7/8/k4p2/7p/1PP2Pp1/8 w - - 0 1
kp,2,2,phalanx,passed,4,693,772,79,7k/8/8/8/7p/8/1PP1P2K/8 w - - 0 1
kp,2,2,phalanx,passed,5,-461,-324,137,8/8/7K/8/4P3/7p/1PP5/5k2 w - - 0 1
kp,2,2,phalanx,passed,6,727,796,69,8/8/4P3/P5pK/p7/8/1PP1k3/8 w - - 0 1
kp,2,2,phalanx,passed,7,759,835,76,k7/4P3/5pK1/8/8/P7/pPP5/8 w - - 0 1
kp,2,2,phalanx,passed,8,-659,-638,21,8/7p/K3kP2/8/6p1/4P3/1PP2P1p/8 w - - 0 1
kp,2,2,phalanx,passed,9,444,493,49,8/5k1p/5P2/6pK/p7/4PP2/1PP5/8 w - - 0 1
kp,2,2,phalanx,passed,10,-684,-623,61,8/K3k3/6p1/4P3/4Pp2/8/1PP5/8 w - - 0 1
kp,2,2,phalanx,passed,11,729,658,-71,7k/8/8/P7/8/5K2/1PP3p1/8 w - - 0 1
kp,2,2,phalanx,passed,12,-723,-661,62,k7/8/8/K7/P3P3/5pp1/1PP5/8 w - - 0 1
kp,2,2,phalanx,passed,13,509,672,163,8/P7/8/8/4K1Pp/6pp/1PP2kP1/8 w - - 0 1
kp,2,2,phalanx,passed,14,-597,-578,19,4K3/8/8/4k3/8/P7/1PP4p/8 w - - 0 1
kp,2,2,phalanx,passed,15,731,896,165,8/8/5P2/8/7k/5p2/1PP5/5K2 w - - 0 1
kp,2,2,phalanx,contested,0,530,514,-16,8/8/k6p/8/8/3p3P/KPP5/8 w - - 0 1
kp,2,2,phalanx,contested,4,525,681,156,7k/8/8/8/7p/3p4/1PP1P2K/8 w - - 0 1
kp,2,2,phalanx,contested,5,-823,-501,322,8/8/7K/8/4P3/3p3p/1PP5/5k2 w - - 0 1
kp,2,2,phalanx,contested,6,598,564,-34,8/8/4P3/P5pK/p7/3p4/1PP1k3/8 w - - 0 1
kp,2,2,phalanx,contested,7,739,793,54,k7/4P3/5pK1/8/8/P2p4/pPP5/8 w - - 0 1
kp,2,2,phalanx,contested,8,-791,-681,110,8/7p/K3kP2/8/6p1/3pP3/1PP2P1p/8 w - - 0 1
kp,2,2,phalanx,contested,10,-896,-656,240,8/K3k3/6p1/4P3/4Pp2/3p4/1PP5/8 w - - 0 1
kp,2,2,phalanx,contested,11,-464,-451,13,7k/8/8/P7/8/3p1K2/1PP3p1/8 w - - 0 1
kp,2,2,phalanx,contested,12,-731,-695,36,k7/8/8/K7/P3P3/3p1pp1/1PP5/8 w - - 0 1
kp,2,2,phalanx,contested,13,-207,-40,167,8/P7/8/8/4K1Pp/3p2pp/1PP2kP1/8 w - - 0 1
kp,2,2,phalanx,contested,14,-985,-922,63,4K3/8/8/4k3/8/P2p4/1PP4p/8 w - - 0 1
kp,2,2,phalanx,opposed,1,389,526,137,8/6K1/p7/8/2p1P3/4k3/1PP5/8 w - - 0 1
kp,2,2,phalanx,opposed,2,675,702,27,8/4k3/4p2P/6Pp/p1p5/8/1PP2P2/7K w - - 0 1
kp,2,2,phalanx,opposed,3,0,286,286,6K1/5P2/P7/8/k1p2p2/7p/1PP2Pp1/8 w - - 0 1
kp,2,2,phalanx,opposed,4,545,598,53,7k/8/8/8/2p4p/8/1PP1P2K/8 w - - 0 1
kp,2,2,phalanx,opposed,5,-624,-528,96,8/8/7K/8/2p1P3/7p/1PP5/5k2 w - - 0 1
kp,2,2,phalanx,opposed,6,607,714,107,8/8/4P3/P5pK/p1p5/8/1PP1k3/8 w - - 0 1
kp,2,2,phalanx,opposed,7,653,763,110,k7/4P3/5pK1/8/2p5/P7/pPP5/8 w - - 0 1
kp,2,2,phalanx,opposed,8,-634,-682,-48,8/7p/K3kP2/8/2p3p1/4P3/1PP2P1p/8 w - - 0 1
kp,2,2,phalanx,opposed,10,-793,-668,125,8/K3k3/6p1/4P3/2p1Pp2/8/1PP5/8 w - - 0 1
kp,2,2,phalanx,opposed,11,658,702,44,7k/8/8/P7/2p5/5K2/1PP3p1/8 w - - 0 1
kp,2,2,phalanx,opposed,12,-704,-627,77,k7/8/8/K7/P1p1P3/5pp1/1PP5/8 w - - 0 1
kp,2,2,phalanx,opposed,13,579,518,-61,8/P7/8/8/2p1K1Pp/6pp/1PP2kP1/8 w - - 0 1
kp,2,2,phalanx,opposed,14,-837,-796,41,4K3/8/8/4k3/2p5/P7/1PP4p/8 w - - 0 1
kp,2,2,phalanx,opposed,15,786,841,55,8/8/5P2/8/2p4k/5p2/1PP5/5K2 w - - 0 1
kp,2,2,phalanx,blocked,0,376,522,146,8/8/k6p/8/8/2p4P/KPP5/8 w - - 0 1
kp,2,2,phalanx,blocked,1,-565,-479,86,8/6K1/p7/8/4P3/2p1k3/1PP5/8 w - - 0 1
kp,2,2,phalanx,blocked,2,-31,0,31,8/4k3/4p2P/6Pp/p7/2p5/1PP2P2/7K w - - 0 1
kp,2,2,phalanx,blocked,3,0,223,223,6K1/5P2/P7/8/k4p2/2p4p/1PP2Pp1/8 w - - 0 1
kp,2,2,phalanx,blocked,4,534,751,217,7k/8/8/8/7p/2p5/1PP1P2K/8 w - - 0 1
kp,2,2,phalanx,blocked,5,-504,-511,-7,8/8/7K/8/4P3/2p4p/1PP5/5k2 w - - 0 1
kp,2,2,phalanx,blocked,6,592,672,80,8/8/4P3/P5pK/p7/2p5/1PP1k3/8 w - - 0 1
kp,2,2,phalanx,blocked,7,668,791,123,k7/4P3/5pK1/8/8/P1p5/pPP5/8 w - - 0 1
kp,2,2,phalanx,blocked,8,-693,-679,14,8/7p/K3kP2/8/6p1/2p1P3/1PP2P1p/8 w - - 0 1
kp,2,2,phalanx,blocked,9,-604,-570,34,8/5k1p/5P2/6pK/p7/2p1PP2/1PP5/8 w - - 0 1
kp,2,2,phalanx,blocked,10,-723,-672,51,8/K3k3/6p1/4P3/4Pp2/2p5/1PP5/8 w - - 0 1
kp,2,2,phalanx,blocked,11,-481,-479,2,7k/8/8/P7/8/2p2K2/1PP3p1/8 w - - 0 1
kp,2,2,phalanx,blocked,12,-764,-712,52,k7/8/8/K7/P3P3/2p2pp1/1PP5/8 w - - 0 1
kp,2,2,phalanx,blocked,13,-252,-291,-39,8/P7/8/8/4K1Pp/2p3pp/1PP2kP1/8 w - - 0 1
kp,2,2,phalanx,blocked,14,-1026,-964,62,4K3/8/8/4k3/8/P1p5/1PP4p/8 w - - 0 1
kp,2,2,phalanx,blocked,15,626,725,99,8/8/5P2/8/7k/2p2p2/1PP5/5K2 w - - 0 1
kp,2,3,isolated,passed,1,504,515,11,8/6K1/p7/8/4P3/2P1k3/8/8 w - - 0 1
kp,2,3,isolated,passed,2,645,674,29,8/4k3/4p2P/6Pp/p7/2P5/5P2/7K w - - 0 1
kp,2,3,isolated,passed,5,-525,-523,2,8/8/7K/8/4P3/2P4p/8/5k2 w - - 0 1
kp,2,3,isolated,passed,6,715,753,38,8/8/4P3/P5pK/p7/2P5/4k3/8 w - - 0 1
kp,2,3,isolated,passed,7,683,755,72,k7/4P3/5pK1/8/8/P1P5/p7/8 w - - 0 1
kp,2,3,isolated,passed,8,-740,-692,48,8/7p/K3kP2/8/6p1/2P1P3/5P1p/8 w - - 0 1
kp,2,3,isolated,passed,9,-611,-617,-6,8/5k1p/5P2/6pK/p7/2P1PP2/8/8 w - - 0 1
kp,2,3,isolated,passed,10,-717,-868,-151,8/K3k3/6p1/4P3/4Pp2/2P5/8/8 w - - 0 1
kp,2,3,isolated,passed,11,526,745,219,7k/8/8/P7/8/2P2K2/6p1/8 w - - 0 1
kp,2,3,isolated,passed,12,-804,-711,93,k7/8/8/K7/P3P3/2P2pp1/8/8 w - - 0 1
kp,2,3,isolated,passed,13,554,694,140,8/P7/8/8/4K1Pp/2P3pp/5kP1/8 w - - 0 1
kp,2,3,isolated,passed,14,-550,-684,-134,4K3/8/8/4k3/8/P1P5/7p/8 w - - 0 1
kp,2,3,isolated,contested,1,-2,0,2,8/6K1/p7/8/3pP3/2P1k3/8/8 w - - 0 1
kp,2,3,isolated,contested,2,642,658,16,8/4k3/4p2P/6Pp/p2p4/2P5/5P2/7K w - - 0 1
kp,2,3,isolated,contested,3,0,247,247,6K1/5P2/P7/8/k2p1p2/2P4p/5Pp1/8 w - - 0 1
kp,2,3,isolated,contested,5,-873,-525,348,8/8/7K/8/3pP3/2P4p/8/5k2 w - - 0 1
kp,2,3,isolated,contested,6,633,625,-8,8/8/4P3/P5pK/p2p4/2P5/4k3/8 w - - 0 1
kp,2,3,isolated,contested,7,625,660,35,k7/4P3/5pK1/8/3p4/P1P5/p7/8 w - - 0 1
kp,2,3,isolated,contested,8,-726,-647,79,8/7p/K3kP2/8/3p2p1/2P1P3/5P1p/8 w - - 0 1
kp,2,3,isolated,contested,9,-631,-602,29,8/5k1p/5P2/6pK/p2p4/2P1PP2/8/8 w - - 0 1
kp,2,3,isolated,contested,12,-738,-700,38,k7/8/8/K7/P2pP3/2P2pp1/8/8 w - - 0 1
kp,2,3,isolated,contested,13,0,142,142,8/P7/8/8/3pK1Pp/2P3pp/5kP1/8 w - - 0 1
kp,2,3,isolated,contested,15,576,692,116,8/8/5P2/8/3p3k/2P2p2/8/5K2 w - - 0 1
kp,2,3,isolated,opposed,2,660,658,-2,8/4k3/4p2P/2p3Pp/p7/2P5/5P2/7K w - - 0 1
kp,2,3,isolated,opposed,3,0,0,0,6K1/5P2/P7/2p5/k4p2/2P4p/5Pp1/8 w - - 0 1
kp,2,3,isolated,opposed,5,-775,-660,115,8/8/7K/2p5/4P3/2P4p/8/5k2 w - - 0 1
kp,2,3,isolated,opposed,6,715,740,25,8/8/4P3/P1p3pK/p7/2P5/4k3/8 w - - 0 1
kp,2,3,isolated,opposed,7,642,747,105,k7/4P3/5pK1/2p5/8/P1P5/p7/8 w - - 0 1
kp,2,3,isolated,opposed,8,-776,-705,71,8/7p/K3kP2/2p5/6p1/2P1P3/5P1p/8 w - - 0 1
kp,2,3,isolated,opposed,9,-606,-630,-24,8/5k1p/5P2/2p3pK/p7/2P1PP2/8/8 w - - 0 1
kp,2,3,isolated,opposed,10,-824,-777,47,8/K3k3/6p1/2p1P3/4Pp2/2P5/8/8 w - - 0 1
kp,2,3,isolated,opposed,12,-815,-724,91,k7/8/8/K1p5/P3P3/2P2pp1/8/8 w - - 0 1
kp,2,3,isolated,opposed,13,0,165,165,8/P7/8/2p5/4K1Pp/2P3pp/5kP1/8 w - - 0 1
kp,2,3,isolated,opposed,14,-1238,-1055,183,4K3/8/8/2p1k3/8/P1P5/7p/8 w - - 0 1
kp,2,3,isolated,blocked,0,-50,0,50,8/8/k6p/8/2p5/2P4P/K7/8 w - - 0 1
kp,2,3,isolated,blocked,2,667,653,-14,8/4k3/4p2P/6Pp/p1p5/2P5/5P2/7K w - - 0 1
kp,2,3,isolated,blocked,3,-232,0,232,6K1/5P2/P7/8/k1p2p2/2P4p/5Pp1/8 w - - 0 1
kp,2,3,isolated,blocked,6,720,704,-16,8/8/4P3/P5pK/p1p5/2P5/4k3/8 w - - 0 1
kp,2,3,isolated,blocked,7,632,731,99,k7/4P3/5pK1/8/2p5/P1P5/p7/8 w - - 0 1
kp,2,3,isolated,blocked,8,-830,-699,131,8/7p/K3kP2/8/2p3p1/2P1P3/5P1p/8 w - - 0 1
kp,2,3,isolated,blocked,9,-693,-631,62,8/5k1p/5P2/6pK/p1p5/2P1PP2/8/8 w - - 0 1
kp,2,3,isolated,blocked,10,-883,-955,-72,8/K3k3/6p1/4P3/2p1Pp2/2P5/8/8 w - - 0 1
kp,2,3,isolated,blocked,12,-820,-763,57,k7/8/8/K7/P1p1P3/2P2pp1/8/8 w - - 0 1
kp,2,3,isolated,blocked,13,429,637,208,8/P7/8/8/2p1K1Pp/2P3pp/5kP1/8 w - - 0 1
kp,2,3,unsupported,passed,0,518,510,-8,8/8/k6p/8/1P1P4/2P4P/K7/8 w - - 0 1
kp,2,3,unsupported,passed,1,570,803,233,8/6K1/p7/8/1P1PP3/2P1k3/8/8 w - - 0 1
kp,2,3,unsupported,passed,2,735,728,-7,8/4k3/4p2P/6Pp/pP1P4/2P5/5P2/7K w - - 0 1
kp,2,3,unsupported,passed,3,21,254,233,6K1/5P2/P7/8/kP1P1p2/2P4p/5Pp1/8 w - - 0 1
kp,2,3,unsupported,passed,4,1088,755,-333,7k/8/8/8/1P1P3p/2P5/4P2K/8 w - - 0 1
kp,2,3,unsupported,passed,5,-347,-217,130,8/8/7K/8/1P1PP3/2P4p/8/5k2 w - - 0 1
kp,2,3,unsupported,passed,6,742,792,50,8/8/4P3/P5pK/pP1P4/2P5/4k3/8 w - - 0 1
kp,2,3,unsupported,passed,7,804,874,70,k7/4P3/5pK1/8/1P1P4/P1P5/p7/8 w - - 0 1
kp,2,3,unsupported,passed,8,-592,-487,105,8/7p/K3kP2/8/1P1P2p1/2P1P3/5P1p/8 w - - 0 1
kp,2,3,unsupported,passed,9,52,217,165,8/5k1p/5P2/6pK/pP1P4/2P1PP2/8/8 w - - 0 1
kp,2,3,unsupported,passed,12,-665,-613,52,k7/8/8/K7/PP1PP3/2P2pp1/8/8 w - - 0 1
kp,2,3,unsupported,passed,13,259,413,154,8/P7/8/8/1P1PK1Pp/2P3pp/5kP1/8 w - - 0 1
kp,2,3,unsupported,passed,15,1164,1157,-7,8/8/5P2/8/1P1P3k/2P2p2/8/5K2 w - - 0 1
kp,2,3,unsupported,contested,1,0,0,0,8/6K1/p7/8/1P1pP3/2P1k3/8/8 w - - 0 1
kp,2,3,unsupported,contested,2,678,679,1,8/4k3/4p2P/6Pp/pP1p4/2P5/5P2/7K w - - 0 1
kp,2,3,unsupported,contested,3,-242,0,242,6K1/5P2/P7/8/kP1p1p2/2P4p/5Pp1/8 w - - 0 1
kp,2,3,unsupported,contested,4,695,975,280,7k/8/8/8/1P1p3p/2P5/4P2K/8 w - - 0 1
kp,2,3,unsupported,contested,5,-803,-513,290,8/8/7K/8/1P1pP3/2P4p/8/5k2 w - - 0 1
kp,2,3,unsupported,contested,6,626,697,71,8/8/4P3/P5pK/pP1p4/2P5/4k3/8 w - - 0 1
kp,2,3,unsupported,contested,7,786,808,22,k7/4P3/5pK1/8/1P1p4/P1P5/p7/8 w - - 0 1
kp,2,3,unsupported,contested,8,-699,-651,48,8/7p/K3kP2/8/1P1p2p1/2P1P3/5P1p/8 w - - 0 1
kp,2,3,unsupported,contested,9,-621,-571,50,8/5k1p/5P2/6pK/pP1p4/2P1PP2/8/8 w - - 0 1
kp,2,3,unsupported,contested,10,-826,-600,226,8/K3k3/6p1/4P3/1P1pPp2/2P5/8/8 w - - 0 1
kp,2,3,unsupported,contested,12,-736,-641,95,k7/8/8/K7/PP1pP3/2P2pp1/8/8 w - - 0 1
kp,2,3,unsupported,contested,13,85,236,151,8/P7/8/8/1P1pK1Pp/2P3pp/5kP1/8 w - - 0 1
kp,2,3,unsupported,contested,14,-807,-648,159,4K3/8/8/4k3/1P1p4/P1P5/7p/8 w - - 0 1
kp,2,3,unsupported,contested,15,684,699,15,8/8/5P2/8/1P1p3k/2P2p2/8/5K2 w - - 0 1
kp,2,3,unsupported,opposed,0,531,524,-7,8/8/k6p/2p5/1P1P4/2P4P/K7/8 w - - 0 1
kp,2,3,unsupported,opposed,1,598,717,119,8/6K1/p7/2p5/1P1PP3/2P1k3/8/8 w - - 0 1
kp,2,3,unsupported,opposed,2,653,687,34,8/4k3/4p2P/2p3Pp/pP1P4/2P5/5P2/7K w - - 0 1
kp,2,3,unsupported,opposed,3,6,143,137,6K1/5P2/P7/2p5/kP1P1p2/2P4p/5Pp1/8 w - - 0 1
kp,2,3,unsupported,opposed,4,996,840,-156,7k/8/8/2p5/1P1P3p/2P5/4P2K/8 w - - 0 1
kp,2,3,unsupported,opposed,5,-417,-327,90,8/8/7K/2p5/1P1PP3/2P4p/8/5k2 w - - 0 1
kp,2,3,unsupported,opposed,6,696,720,24,8/8/4P3/P1p3pK/pP1P4/2P5/4k3/8 w - - 0 1
kp,2,3,unsupported,opposed,7,800,824,24,k7/4P3/5pK1/2p5/1P1P4/P1P5/p7/8 w - - 0 1
kp,2,3,unsupported,opposed,8,-540,-532,8,8/7p/K3kP2/2p5/1P1P2p1/2P1P3/5P1p/8 w - - 0 1
kp,2,3,unsupported,opposed,9,-26,20,46,8/5k1p/5P2/2p3pK/pP1P4/2P1PP2/8/8 w - - 0 1
kp,2,3,unsupported,opposed,10,252,481,229,8/K3k3/6p1/2p1P3/1P1PPp2/2P5/8/8 w - - 0 1
kp,2,3,unsupported,opposed,11,690,804,114,7k/8/8/P1p5/1P1P4/2P2K2/6p1/8 w - - 0 1
kp,2,3,unsupported,opposed,12,-632,-585,47,k7/8/8/K1p5/PP1PP3/2P2pp1/8/8 w - - 0 1
kp,2,3,unsupported,opposed,13,270,376,106,8/P7/8/2p5/1P1PK1Pp/2P3pp/5kP1/8 w - - 0 1
kp,2,3,unsupported,opposed,15,712,816,104,8/8/5P2/2p5/1P1P3k/2P2p2/8/5K2 w - - 0 1
kp,2,3,unsupported,blocked,0,518,537,19,8/8/k6p/8/1PpP4/2P4P/K7/8 w - - 0 1
kp,2,3,unsupported,blocked,2,678,721,43,8/4k3/4p2P/6Pp/pPpP4/2P5/5P2/7K w - - 0 1
kp,2,3,unsupported,blocked,3,-331,-9,322,6K1/5P2/P7/8/kPpP1p2/2P4p/5Pp1/8 w - - 0 1
kp,2,3,unsupported,blocked,5,-698,-644,54,8/8/7K/8/1PpPP3/2P4p/8/5k2 w - - 0 1
kp,2,3,unsupported,blocked,6,659,681,22,8/8/4P3/P5pK/pPpP4/2P5/4k3/8 w - - 0 1
kp,2,3,unsupported,blocked,7,682,902,220,k7/4P3/5pK1/8/1PpP4/P1P5/p7/8 w - - 0 1
kp,2,3,unsupported,blocked,8,-644,-512,132,8/7p/K3kP2/8/1PpP2p1/2P1P3/5P1p/8 w - - 0 1
kp,2,3,unsupported,blocked,9,-24,229,253,8/5k1p/5P2/6pK/pPpP4/2P1PP2/8/8 w - - 0 1
kp,2,3,unsupported,blocked,12,-653,-615,38,k7/8/8/K7/PPpPP3/2P2pp1/8/8 w - - 0 1
kp,2,3,unsupported,blocked,13,114,316,202,8/P7/8/8/1PpPK1Pp/2P3pp/5kP1/8 w - - 0 1
kp,2,3,unsupported,blocked,15,744,907,163,8/8/5P2/8/1PpP3k/2P2p2/8/5K2 w - - 0 1
kp,2,3,supported,passed,0,582,538,-44,8/8/k6p/8/8/2P4P/KP6/8 w - - 0 1
kp,2,3,supported,passed,1,544,756,212,8/6K1/p7/8/4P3/2P1k3/1P6/8 w - - 0 1
kp,2,3,supported,passed,2,706,710,4,8/4k3/4p2P/6Pp/p7/2P5/1P3P2/7K w - - 0 1
kp,2,3,supported,passed,4,667,743,76,7k/8/8/8/7p/2P5/1P2P2K/8 w - - 0 1
kp,2,3,supported,passed,5,-536,-340,196,8/8/7K/8/4P3/2P4p/1P6/5k2 w - - 0 1
kp,2,3,supported,passed,6,770,806,36,8/8/4P3/P5pK/p7/2P5/1P2k3/8 w - - 0 1
kp,2,3,supported,passed,7,799,814,15,k7/4P3/5pK1/8/8/P1P5/pP6/8 w - - 0 1
kp,2,3,supported,passed,8,-694,-674,20,8/7p/K3kP2/8/6p1/2P1P3/1P3P1p/8 w - - 0 1
kp,2,3,supported,passed,9,554,505,-49,8/5k1p/5P2/6pK/p7/2P1PP2/1P6/8 w - - 0 1
kp,2,3,supported,passed,10,-760,-636,124,8/K3k3/6p1/4P3/4Pp2/2P5/1P6/8 w - - 0 1
kp,2,3,supported,passed,11,750,923,173,7k/8/8/P7/8/2P2K2/1P4p1/8 w - - 0 1
kp,2,3,supported,passed,12,-734,-674,60,k7/8/8/K7/P3P3/2P2pp1/1P6/8 w - - 0 1
kp,2,3,supported,passed,13,540,671,131,8/P7/8/8/4K1Pp/2P3pp/1P3kP1/8 w - - 0 1
kp,2,3,supported,passed,14,-656,-610,46,4K3/8/8/4k3/8/P1P5/1P5p/8 w - - 0 1
kp,2,3,supported,contested,1,0,197,197,8/6K1/p7/8/3pP3/2P1k3/1P6/8 w - - 0 1
kp,2,3,supported,contested,2,687,684,-3,8/4k3/4p2P/6Pp/p2p4/2P5/1P3P2/7K w - - 0 1
kp,2,3,supported,contested,3,0,333,333,6K1/5P2/P7/8/k2p1p2/2P4p/1P3Pp1/8 w - - 0 1
kp,2,3,supported,contested,4,594,730,136,7k/8/8/8/3p3p/2P5/1P2P2K/8 w - - 0 1
kp,2,3,supported,contested,5,-882,-523,359,8/8/7K/8/3pP3/2P4p/1P6/5k2 w - - 0 1
kp,2,3,supported,contested,6,650,746,96,8/8/4P3/P5pK/p2p4/2P5/1P2k3/8 w - - 0 1
kp,2,3,supported,contested,7,793,746,-47,k7/4P3/5pK1/8/3p4/P1P5/pP6/8 w - - 0 1
kp,2,3,supported,contested,8,-704,-639,65,8/7p/K3kP2/8/3p2p1/2P1P3/1P3P1p/8 w - - 0 1
kp,2,3,supported,contested,10,-750,-695,55,8/K3k3/6p1/4P3/3pPp2/2P5/1P6/8 w - - 0 1
kp,2,3,supported,contested,11,746,626,-120,7k/8/8/P7/3p4/2P2K2/1P4p1/8 w - - 0 1
kp,2,3,supported,contested,12,-740,-666,74,k7/8/8/K7/P2pP3/2P2pp1/1P6/8 w - - 0 1
kp,2,3,supported,contested,13,21,225,204,8/P7/8/8/3pK1Pp/2P3pp/1P3kP1/8 w - - 0 1
kp,2,3,supported,contested,14,-905,-630,275,4K3/8/8/4k3/3p4/P1P5/1P5p/8 w - - 0 1
kp,2,3,supported,contested,15,724,680,-44,8/8/5P2/8/3p3k/2P2p2/1P6/5K2 w - - 0 1
kp,2,3,supported,opposed,0,15,326,311,8/8/k6p/2p5/8/2P4P/KP6/8 w - - 0 1
kp,2,3,supported,opposed,1,544,587,43,8/6K1/p7/2p5/4P3/2P1k3/1P6/8 w - - 0 1
kp,2,3,supported,opposed,2,683,703,20,8/4k3/4p2P/2p3Pp/p7/2P5/1P3P2/7K w - - 0 1
kp,2,3,supported,opposed,3,18,69,51,6K1/5P2/P7/2p5/k4p2/2P4p/1P3Pp1/8 w - - 0 1
kp,2,3,supported,opposed,4,563,507,-56,7k/8/8/2p5/7p/2P5/1P2P2K/8 w - - 0 1
kp,2,3,supported,opposed,5,-546,-525,21,8/8/7K/2p5/4P3/2P4p/1P6/5k2 w - - 0 1
kp,2,3,supported,opposed,6,744,760,16,8/8/4P3/P1p3pK/p7/2P5/1P2k3/8 w - - 0 1
kp,2,3,supported,opposed,7,734,796,62,k7/4P3/5pK1/2p5/8/P1P5/pP6/8 w - - 0 1
kp,2,3,supported,opposed,8,-683,-659,24,8/7p/K3kP2/2p5/6p1/2P1P3/1P3P1p/8 w - - 0 1
kp,2,3,supported,opposed,10,-780,-651,129,8/K3k3/6p1/2p1P3/4Pp2/2P5/1P6/8 w - - 0 1
kp,2,3,supported,opposed,11,706,822,116,7k/8/8/P1p5/8/2P2K2/1P4p1/8 w - - 0 1
kp,2,3,supported,opposed,12,-758,-711,47,k7/8/8/K1p5/P3P3/2P2pp1/1P6/8 w - - 0 1
kp,2,3,supported,opposed,13,107,225,118,8/P7/8/2p5/4K1Pp/2P3pp/1P3kP1/8 w - - 0 1
kp,2,3,supported,opposed,14,-854,-798,56,4K3/8/8/2p1k3/8/P1P5/1P5p/8 w - - 0 1
kp,2,3,supported,opposed,15,825,850,25,8/8/5P2/2p5/7k/2P2p2/1P6/5K2 w - - 0 1
kp,2,3,supported,blocked,1,499,605,106,8/6K1/p7/8/2p1P3/2P1k3/1P6/8 w - - 0 1
kp,2,3,supported,blocked,2,691,742,51,8/4k3/4p2P/6Pp/p1p5/2P5/1P3P2/7K w - - 0 1
kp,2,3,supported,blocked,3,0,376,376,6K1/5P2/P7/8/k1p2p2/2P4p/1P3Pp1/8 w - - 0 1
kp,2,3,supported,blocked,4,548,738,190,7k/8/8/8/2p4p/2P5/1P2P2K/8 w - - 0 1
kp,2,3,supported,blocked,5,-650,-570,80,8/8/7K/8/2p1P3/2P4p/1P6/5k2 w - - 0 1
kp,2,3,supported,blocked,6,730,747,17,8/8/4P3/P5pK/p1p5/2P5/1P2k3/8 w - - 0 1
kp,2,3,supported,blocked,7,770,949,179,k7/4P3/5pK1/8/2p5/P1P5/pP6/8 w - - 0 1
kp,2,3,supported,blocked,8,-702,-669,33,8/7p/K3kP2/8/2p3p1/2P1P3/1P3P1p/8 w - - 0 1
kp,2,3,supported,blocked,10,-806,-751,55,8/K3k3/6p1/4P3/2p1Pp2/2P5/1P6/8 w - - 0 1
kp,2,3,supported,blocked,12,-751,-699,52,k7/8/8/K7/P1p1P3/2P2pp1/1P6/8 w - - 0 1
kp,2,3,supported,blocked,13,621,670,49,8/P7/8/8/2p1K1Pp/2P3pp/1P3kP1/8 w - - 0 1
kp,2,3,supported,blocked,14,-1004,-1142,-138,4K3/8/8/4k3/2p5/P1P5/1P5p/8 w - - 0 1
kp,2,3,supported,blocked,15,1044,1111,67,8/8/5P2/8/2p4k/2P2p2/1P6/5K2 w - - 0 1
kp,2,3,phalanx,passed,0,518,540,22,8/8/k6p/8/8/1PP4P/K7/8 w - - 0 1
kp,2,3,phalanx,passed,1,577,731,154,8/6K1/p7/8/4P3/1PP1k3/8/8 w - - 0 1
kp,2,3,phalanx,passed,2,671,714,43,8/4k3/4p2P/6Pp/p7/1PP5/5P2/7K w - - 0 1
kp,2,3,phalanx,passed,4,733,763,30,7k/8/8/8/7p/1PP5/4P2K/8 w - - 0 1
kp,2,3,phalanx,passed,5,-556,-516,40,8/8/7K/8/4P3/1PP4p/8/5k2 w - - 0 1
kp,2,3,phalanx,passed,6,745,715,-30,8/8/4P3/P5pK/p7/1PP5/4k3/8 w - - 0 1
kp,2,3,phalanx,passed,7,747,833,86,k7/4P3/5pK1/8/8/PPP5/p7/8 w - - 0 1
kp,2,3,phalanx,passed,8,-692,-668,24,8/7p/K3kP2/8/6p1/1PP1P3/5P1p/8 w - - 0 1
kp,2,3,phalanx,passed,9,679,708,29,8/5k1p/5P2/6pK/p7/1PP1PP2/8/8 w - - 0 1
kp,2,3,phalanx,passed,10,-664,-662,2,8/K3k3/6p1/4P3/4Pp2/1PP5/8/8 w - - 0 1
kp,2,3,phalanx,passed,11,769,540,-229,7k/8/8/P7/8/1PP2K2/6p1/8 w - - 0 1
kp,2,3,phalanx,passed,12,-764,-720,44,k7/8/8/K7/P3P3/1PP2pp1/8/8 w - - 0 1
kp,2,3,phalanx,passed,13,501,663,162,8/P7/8/8/4K1Pp/1PP3pp/5kP1/8 w - - 0 1
kp,2,3,phalanx,passed,14,-818,-783,35,4K3/8/8/4k3/8/PPP5/7p/8 w - - 0 1
kp,2,3,phalanx,passed,15,873,871,-2,8/8/5P2/8/7k/1PP2p2/8/5K2 w - - 0 1
kp,2,3,phalanx,contested,1,0,-10,-10,8/6K1/p7/8/3pP3/1PP1k3/8/8 w - - 0 1
kp,2,3,phalanx,contested,2,634,644,10,8/4k3/4p2P/6Pp/p2p4/1PP5/5P2/7K w - - 0 1
kp,2,3,phalanx,contested,4,729,737,8,7k/8/8/8/3p3p/1PP5/4P2K/8 w - - 0 1
kp,2,3,phalanx,contested,6,625,604,-21,8/8/4P3/P5pK/p2p4/1PP5/4k3/8 w - - 0 1
kp,2,3,phalanx,contested,7,739,528,-211,k7/4P3/5pK1/8/3p4/PPP5/p7/8 w - - 0 1
kp,2,3,phalanx,contested,8,-704,-650,54,8/7p/K3kP2/8/3p2p1/1PP1P3/5P1p/8 w - - 0 1
kp,2,3,phalanx,contested,9,-627,-607,20,8/5k1p/5P2/6pK/p2p4/1PP1PP2/8/8 w - - 0 1
kp,2,3,phalanx,contested,10,-849,-731,118,8/K3k3/6p1/4P3/3pPp2/1PP5/8/8 w - - 0 1
kp,2,3,phalanx,contested,12,-731,-698,33,k7/8/8/K7/P2pP3/1PP2pp1/8/8 w - - 0 1
kp,2,3,phalanx,contested,13,28,232,204,8/P7/8/8/3pK1Pp/1PP3pp/5kP1/8 w - - 0 1
kp,2,3,phalanx,contested,15,660,673,13,8/8/5P2/8/3p3k/1PP2p2/8/5K2 w - - 0 1
kp,2,3,phalanx,opposed,1,547,657,110,8/6K1/p7/2p5/4P3/1PP1k3/8/8 w - - 0 1
kp,2,3,phalanx,opposed,2,631,692,61,8/4k3/4p2P/2p3Pp/p7/1PP5/5P2/7K w - - 0 1
kp,2,3,phalanx,opposed,5,-588,-554,34,8/8/7K/2p5/4P3/1PP4p/8/5k2 w - - 0 1
kp,2,3,phalanx,opposed,6,714,724,10,8/8/4P3/P1p3pK/p7/1PP5/4k3/8 w - - 0 1
kp,2,3,phalanx,opposed,7,747,761,14,k7/4P3/5pK1/2p5/8/PPP5/p7/8 w - - 0 1
kp,2,3,phalanx,opposed,8,-711,-687,24,8/7p/K3kP2/2p5/6p1/1PP1P3/5P1p/8 w - - 0 1
kp,2,3,phalanx,opposed,10,-863,-719,144,8/K3k3/6p1/2p1P3/4Pp2/1PP5/8/8 w - - 0 1
kp,2,3,phalanx,opposed,11,964,793,-171,7k/8/8/P1p5/8/1PP2K2/6p1/8 w - - 0 1
kp,2,3,phalanx,opposed,12,-748,-743,5,k7/8/8/K1p5/P3P3/1PP2pp1/8/8 w - - 0 1
kp,2,3,phalanx,opposed,13,61,204,143,8/P7/8/2p5/4K1Pp/1PP3pp/5kP1/8 w - - 0 1
kp,2,3,phalanx,opposed,14,-848,-815,33,4K3/8/8/2p1k3/8/PPP5/7p/8 w - - 0 1
kp,2,3,phalanx,opposed,15,734,810,76,8/8/5P2/2p5/7k/1PP2p2/8/5K2 w - - 0 1
kp,2,3,phalanx,blocked,0,534,531,-3,8/8/k6p/8/2p5/1PP4P/K7/8 w - - 0 1
kp,2,3,phalanx,blocked,1,-13,0,13,8/6K1/p7/8/2p1P3/1PP1k3/8/8 w - - 0 1
kp,2,3,phalanx,blocked,2,658,743,85,8/4k3/4p2P/6Pp/p1p5/1PP5/5P2/7K w - - 0 1
kp,2,3,phalanx,blocked,4,651,750,99,7k/8/8/8/2p4p/1PP5/4P2K/8 w - - 0 1
kp,2,3,phalanx,blocked,5,-560,-565,-5,8/8/7K/8/2p1P3/1PP4p/8/5k2 w - - 0 1
kp,2,3,phalanx,blocked,6,642,795,153,8/8/4P3/P5pK/p1p5/1PP5/4k3/8 w - - 0 1
kp,2,3,phalanx,blocked,7,605,621,16,k7/4P3/5pK1/8/2p5/PPP5/p7/8 w - - 0 1
kp,2,3,phalanx,blocked,8,-696,-667,29,8/7p/K3kP2/8/2p3p1/1PP1P3/5P1p/8 w - - 0 1
kp,2,3,phalanx,blocked,10,-718,-704,14,8/K3k3/6p1/4P3/2p1Pp2/1PP5/8/8 w - - 0 1
kp,2,3,phalanx,blocked,11,0,0,0,7k/8/8/P7/2p5/1PP2K2/6p1/8 w - - 0 1
kp,2,3,phalanx,blocked,12,-731,-694,37,k7/8/8/K7/P1p1P3/1PP2pp1/8/8 w - - 0 1
kp,2,3,phalanx,blocked,13,354,525,171,8/P7/8/8/2p1K1Pp/1PP3pp/5kP1/8 w - - 0 1
kp,2,3,phalanx,blocked,14,-1398,-1276,122,4K3/8/8/4k3/2p5/PPP5/7p/8 w - - 0 1
kp,2,3,phalanx,blocked,15,647,680,33,8/8/5P2/8/2p4k/1PP2p2/8/5K2 w - - 0 1
kp,2,3,doubled,passed,0,533,553,20,8/8/k6p/8/8/2P4P/K1P5/8 w - - 0 1
kp,2,3,doubled,passed,1,691,705,14,8/6K1/p7/8/4P3/2P1k3/2P5/8 w - - 0 1
kp,2,3,doubled,passed,2,701,673,-28,8/4k3/4p2P/6Pp/p7/2P5/2P2P2/7K w - - 0 1
kp,2,3,doubled,passed,4,670,562,-108,7k/8/8/8/7p/2P5/2P1P2K/8 w - - 0 1
kp,2,3,doubled,passed,5,-541,-462,79,8/8/7K/8/4P3/2P4p/2P5/5k2 w - - 0 1
kp,2,3,doubled,passed,6,753,830,77,8/8/4P3/P5pK/p7/2P5/2P1k3/8 w - - 0 1
kp,2,3,doubled,passed,7,834,799,-35,k7/4P3/5pK1/8/8/P1P5/p1P5/8 w - - 0 1
kp,2,3,doubled,passed,8,-694,-675,19,8/7p/K3kP2/8/6p1/2P1P3/2P2P1p/8 w - - 0 1
kp,2,3,doubled,passed,9,-582,-574,8,8/5k1p/5P2/6pK/p7/2P1PP2/2P5/8 w - - 0 1
kp,2,3,doubled,passed,11,752,818,66,7k/8/8/P7/8/2P2K2/2P3p1/8 w - - 0 1
kp,2,3,doubled,passed,12,-742,-713,29,k7/8/8/K7/P3P3/2P2pp1/2P5/8 w - - 0 1
kp,2,3,doubled,passed,13,565,699,134,8/P7/8/8/4K1Pp/2P3pp/2P2kP1/8 w - - 0 1
kp,2,3,doubled,passed,14,-727,-746,-19,4K3/8/8/4k3/8/P1P5/2P4p/8 w - - 0 1
kp,2,3,doubled,passed,15,961,839,-122,8/8/5P2/8/7k/2P2p2/2P5/5K2 w - - 0 1
kp,2,3,doubled,contested,1,251,466,215,8/6K1/p7/8/3pP3/2P1k3/2P5/8 w - - 0 1
kp,2,3,doubled,contested,2,700,695,-5,8/4k3/4p2P/6Pp/p2p4/2P5/2P2P2/7K w - - 0 1
kp,2,3,doubled,contested,4,651,749,98,7k/8/8/8/3p3p/2P5/2P1P2K/8 w - - 0 1
kp,2,3,doubled,contested,5,-657,-527,130,8/8/7K/8/3pP3/2P4p/2P5/5k2 w - - 0 1
kp,2,3,doubled,contested,6,720,709,-11,8/8/4P3/P5pK/p2p4/2P5/2P1k3/8 w - - 0 1
kp,2,3,doubled,contested,7,776,826,50,k7/4P3/5pK1/8/3p4/P1P5/p1P5/8 w - - 0 1
kp,2,3,doubled,contested,8,-716,-678,38,8/7p/K3kP2/8/3p2p1/2P1P3/2P2P1p/8 w - - 0 1
kp,2,3,doubled,contested,9,-627,-567,60,8/5k1p/5P2/6pK/p2p4/2P1PP2/2P5/8 w - - 0 1
kp,2,3,doubled,contested,10,-1001,-613,388,8/K3k3/6p1/4P3/3pPp2/2P5/2P5/8 w - - 0 1
kp,2,3,doubled,contested,11,751,725,-26,7k/8/8/P7/3p4/2P2K2/2P3p1/8 w - - 0 1
kp,2,3,doubled,contested,12,-695,-661,34,k7/8/8/K7/P2pP3/2P2pp1/2P5/8 w - - 0 1
kp,2,3,doubled,contested,13,65,319,254,8/P7/8/8/3pK1Pp/2P3pp/2P2kP1/8 w - - 0 1
kp,2,3,doubled,contested,14,-947,-717,230,4K3/8/8/4k3/3p4/P1P5/2P4p/8 w - - 0 1
kp,2,3,doubled,contested,15,739,701,-38,8/8/5P2/8/3p3k/2P2p2/2P5/5K2 w - - 0 1
kp,2,3,doubled,opposed,0,15,5,-10,8/8/k6p/2p5/8/2P4P/K1P5/8 w - - 0 1
kp,2,3,doubled,opposed,1,538,624,86,8/6K1/p7/2p5/4P3/2P1k3/2P5/8 w - - 0 1
kp,2,3,doubled,opposed,2,685,684,-1,8/4k3/4p2P/2p3Pp/p7/2P5/2P2P2/7K w - - 0 1
kp,2,3,doubled,opposed,3,48,251,203,6K1/5P2/P7/2p5/k4p2/2P4p/2P2Pp1/8 w - - 0 1
kp,2,3,doubled,opposed,4,368,479,111,7k/8/8/2p5/7p/2P5/2P1P2K/8 w - - 0 1
kp,2,3,doubled,opposed,5,-696,-756,-60,8/8/7K/2p5/4P3/2P4p/2P5/5k2 w - - 0 1
kp,2,3,doubled,opposed,6,748,768,20,8/8/4P3/P1p3pK/p7/2P5/2P1k3/8 w - - 0 1
kp,2,3,doubled,opposed,7,771,775,4,k7/4P3/5pK1/2p5/8/P1P5/p1P5/8 w - - 0 1
kp,2,3,doubled,opposed,8,-729,-709,20,8/7p/K3kP2/2p5/6p1/2P1P3/2P2P1p/8 w - - 0 1
kp,2,3,doubled,opposed,9,-624,-598,26,8/5k1p/5P2/2p3pK/p7/2P1PP2/2P5/8 w - - 0 1
kp,2,3,doubled,opposed,10,-808,-693,115,8/K3k3/6p1/2p1P3/4Pp2/2P5/2P5/8 w - - 0 1
kp,2,3,doubled,opposed,11,722,751,29,7k/8/8/P1p5/8/2P2K2/2P3p1/8 w - - 0 1
kp,2,3,doubled,opposed,12,-793,-770,23,k7/8/8/K1p5/P3P3/2P2pp1/2P5/8 w - - 0 1
kp,2,3,doubled,opposed,13,85,205,120,8/P7/8/2p5/4K1Pp/2P3pp/2P2kP1/8 w - - 0 1
kp,2,3,doubled,opposed,14,-948,-1069,-121,4K3/8/8/2p1k3/8/P1P5/2P4p/8 w - - 0 1
kp,2,3,doubled,opposed,15,786,762,-24,8/8/5P2/2p5/7k/2P2p2/2P5/5K2 w - - 0 1
kp,2,3,doubled,blocked,0,0,0,0,8/8/k6p/8/2p5/2P4P/K1P5/8 w - - 0 1
kp,2,3,doubled,blocked,1,554,697,143,8/6K1/p7/8/2p1P3/2P1k3/2P5/8 w - - 0 1
kp,2,3,doubled,blocked,2,702,718,16,8/4k3/4p2P/6Pp/p1p5/2P5/2P2P2/7K w - - 0 1
kp,2,3,doubled,blocked,4,692,554,-138,7k/8/8/8/2p4p/2P5/2P1P2K/8 w - - 0 1
kp,2,3,doubled,blocked,5,-1326,-1326,0,8/8/7K/8/2p1P3/2P4p/2P5/5k2 w - - 0 1
kp,2,3,doubled,blocked,6,750,762,12,8/8/4P3/P5pK/p1p5/2P5/2P1k3/8 w - - 0 1
kp,2,3,doubled,blocked,7,734,799,65,k7/4P3/5pK1/8/2p5/P1P5/p1P5/8 w - - 0 1
kp,2,3,doubled,blocked,8,-712,-690,22,8/7p/K3kP2/8/2p3p1/2P1P3/2P2P1p/8 w - - 0 1
kp,2,3,doubled,blocked,9,-592,-580,12,8/5k1p/5P2/6pK/p1p5/2P1PP2/2P5/8 w - - 0 1
kp,2,3,doubled,blocked,10,-869,-940,-71,8/K3k3/6p1/4P3/2p1Pp2/2P5/2P5/8 w - - 0 1
kp,2,3,doubled,blocked,11,770,765,-5,7k/8/8/P7/2p5/2P2K2/2P3p1/8 w - - 0 1
kp,2,3,doubled,blocked,12,-778,-700,78,k7/8/8/K7/P1p1P3/2P2pp1/2P5/8 w - - 0 1
kp,2,3,doubled,blocked,13,654,611,-43,8/P7/8/8/2p1K1Pp/2P3pp/2P2kP1/8 w - - 0 1
kp,2,3,doubled,blocked,14,-1447,-1288,159,4K3/8/8/4k3/2p5/P1P5/2P4p/8 w - - 0 1
kp,2,3,doubled,blocked,15,1077,837,-240,8/8/5P2/8/2p4k/2P2p2/2P5/5K2 w - - 0 1
kp,2,4,isolated,passed,1,610,633,23,8/6K1/p7/8/2P1P3/4k3/8/8 w - - 0 1
kp,2,4,isolated,passed,2,694,697,3,8/4k3/4p2P/6Pp/p1P5/8/5P2/7K w - - 0 1
kp,2,4,isolated,passed,3,0,0,0,6K1/5P2/P7/8/k1P2p2/7p/5Pp1/8 w - - 0 1
kp,2,4,isolated,passed,5,-573,-564,9,8/8/7K/8/2P1P3/7p/8/5k2 w - - 0 1
kp,2,4,isolated,passed,6,833,818,-15,8/8/4P3/P5pK/p1P5/8/4k3/8 w - - 0 1
kp,2,4,isolated,passed,7,684,783,99,k7/4P3/5pK1/8/2P5/P7/p7/8 w - - 0 1
kp,2,4,isolated,passed,8,-757,-685,72,8/7p/K3kP2/8/2P3p1/4P3/5P1p/8 w - - 0 1
kp,2,4,isolated,passed,9,-601,-534,67,8/5k1p/5P2/6pK/p1P5/4PP2/8/8 w - - 0 1
kp,2,4,isolated,passed,12,-762,-728,34,k7/8/8/K7/P1P1P3/5pp1/8/8 w - - 0 1
kp,2,4,isolated,passed,13,446,797,351,8/P7/8/8/2P1K1Pp/6pp/5kP1/8 w - - 0 1
kp,2,4,isolated,passed,14,-552,-779,-227,4K3/8/8/4k3/2P5/P7/7p/8 w - - 0 1
kp,2,4,isolated,contested,1,623,720,97,8/6K1/p7/3p4/2P1P3/4k3/8/8 w - - 0 1
kp,2,4,isolated,contested,2,665,665,0,8/4k3/4p2P/3p2Pp/p1P5/8/5P2/7K w - - 0 1
kp,2,4,isolated,contested,3,68,240,172,6K1/5P2/P7/3p4/k1P2p2/7p/5Pp1/8 w - - 0 1
kp,2,4,isolated,contested,5,-608,-411,197,8/8/7K/3p4/2P1P3/7p/8/5k2 w - - 0 1
kp,2,4,isolated,contested,6,695,672,-23,8/8/4P3/P2p2pK/p1P5/8/4k3/8 w - - 0 1
kp,2,4,isolated,contested,7,641,677,36,k7/4P3/5pK1/3p4/2P5/P7/p7/8 w - - 0 1
kp,2,4,isolated,contested,8,-753,-631,122,8/7p/K3kP2/3p4/2P3p1/4P3/5P1p/8 w - - 0 1
kp,2,4,isolated,contested,9,-634,-557,77,8/5k1p/5P2/3p2pK/p1P5/4PP2/8/8 w - - 0 1
kp,2,4,isolated,contested,11,775,598,-177,7k/8/8/P2p4/2P5/5K2/6p1/8 w - - 0 1
kp,2,4,isolated,contested,12,-720,-705,15,k7/8/8/K2p4/P1P1P3/5pp1/8/8 w - - 0 1
kp,2,4,isolated,contested,14,-1022,-852,170,4K3/8/8/3pk3/2P5/P7/7p/8 w - - 0 1
kp,2,4,isolated,contested,15,578,684,106,8/8/5P2/3p4/2P4k/5p2/8/5K2 w - - 0 1
kp,2,4,isolated,opposed,1,521,569,48,8/6K1/p1p5/8/2P1P3/4k3/8/8 w - - 0 1
kp,2,4,isolated,opposed,2,678,689,11,8/4k3/2p1p2P/6Pp/p1P5/8/5P2/7K w - - 0 1
kp,2,4,isolated,opposed,3,0,13,13,6K1/5P2/P1p5/8/k1P2p2/7p/5Pp1/8 w - - 0 1
kp,2,4,isolated,opposed,6,714,706,-8,8/8/2p1P3/P5pK/p1P5/8/4k3/8 w - - 0 1
kp,2,4,isolated,opposed,7,646,744,98,k7/4P3/2p2pK1/8/2P5/P7/p7/8 w - - 0 1
kp,2,4,isolated,opposed,8,-742,-697,45,8/7p/K1p1kP2/8/2P3p1/4P3/5P1p/8 w - - 0 1
kp,2,4,isolated,opposed,9,-681,-649,32,8/5k1p/2p2P2/6pK/p1P5/4PP2/8/8 w - - 0 1
kp,2,4,isolated,opposed,10,-861,-861,0,8/K3k3/2p3p1/4P3/2P1Pp2/8/8/8 w - - 0 1
kp,2,4,isolated,opposed,11,633,663,30,7k/8/2p5/P7/2P5/5K2/6p1/8 w - - 0 1
kp,2,4,isolated,opposed,12,-766,-750,16,k7/8/2p5/K7/P1P1P3/5pp1/8/8 w - - 0 1
kp,2,4,isolated,opposed,13,614,603,-11,8/P7/2p5/8/2P1K1Pp/6pp/5kP1/8 w - - 0 1
kp,2,4,isolated,opposed,14,-1229,-1210,19,4K3/8/2p5/4k3/2P5/P7/7p/8 w - - 0 1
kp,2,4,isolated,blocked,2,664,673,9,8/4k3/4p2P/2p3Pp/p1P5/8/5P2/7K w - - 0 1
kp,2,4,isolated,blocked,3,0,0,0,6K1/5P2/P7/2p5/k1P2p2/7p/5Pp1/8 w - - 0 1
kp,2,4,isolated,blocked,6,748,729,-19,8/8/4P3/P1p3pK/p1P5/8/4k3/8 w - - 0 1
kp,2,4,isolated,blocked,7,671,750,79,k7/4P3/5pK1/2p5/2P5/P7/p7/8 w - - 0 1
kp,2,4,isolated,blocked,8,-780,-736,44,8/7p/K3kP2/2p5/2P3p1/4P3/5P1p/8 w - - 0 1
kp,2,4,isolated,blocked,9,-634,-669,-35,8/5k1p/5P2/2p3pK/p1P5/4PP2/8/8 w - - 0 1
kp,2,4,isolated,blocked,12,-769,-794,-25,k7/8/8/K1p5/P1P1P3/5pp1/8/8 w - - 0 1
kp,2,4,isolated,blocked,13,0,135,135,8/P7/8/2p5/2P1K1Pp/6pp/5kP1/8 w - - 0 1
kp,2,4,isolated,blocked,14,-1279,-1485,-206,4K3/8/8/2p1k3/2P5/P7/7p/8 w - - 0 1
kp,2,4,unsupported,passed,1,897,912,15,8/6K1/p7/1P1P4/2P1P3/4k3/8/8 w - - 0 1
kp,2,4,unsupported,passed,2,701,678,-23,8/4k3/4p2P/1P1P2Pp/p1P5/8/5P2/7K w - - 0 1
kp,2,4,unsupported,passed,3,77,291,214,6K1/5P2/P7/1P1P4/k1P2p2/7p/5Pp1/8 w - - 0 1
kp,2,4,unsupported,passed,4,768,879,111,7k/8/8/1P1P4/2P4p/8/4P2K/8 w - - 0 1
kp,2,4,unsupported,passed,5,-375,-181,194,8/8/7K/1P1P4/2P1P3/7p/8/5k2 w - - 0 1
kp,2,4,unsupported,passed,6,743,816,73,8/8/4P3/PP1P2pK/p1P5/8/4k3/8 w - - 0 1
kp,2,4,unsupported,passed,7,793,895,102,k7/4P3/5pK1/1P1P4/2P5/P7/p7/8 w - - 0 1
kp,2,4,unsupported,passed,9,396,460,64,8/5k1p/5P2/1P1P2pK/p1P5/4PP2/8/8 w - - 0 1
kp,2,4,unsupported,passed,10,659,740,81,8/K3k3/6p1/1P1PP3/2P1Pp2/8/8/8 w - - 0 1
kp,2,4,unsupported,passed,11,775,913,138,7k/8/8/PP1P4/2P5/5K2/6p1/8 w - - 0 1
kp,2,4,unsupported,passed,12,-538,-476,62,k7/8/8/KP1P4/P1P1P3/5pp1/8/8 w - - 0 1
kp,2,4,unsupported,passed,13,695,724,29,8/P7/8/1P1P4/2P1K1Pp/6pp/5kP1/8 w - - 0 1
kp,2,4,unsupported,passed,14,-605,-561,44,4K3/8/8/1P1Pk3/2P5/P7/7p/8 w - - 0 1
kp,2,4,unsupported,passed,15,963,1012,49,8/8/5P2/1P1P4/2P4k/5p2/8/5K2 w - - 0 1
kp,2,4,unsupported,contested,2,698,669,-29,8/4k3/4p2P/1P1p2Pp/p1P5/8/5P2/7K w - - 0 1
kp,2,4,unsupported,contested,3,32,184,152,6K1/5P2/P7/1P1p4/k1P2p2/7p/5Pp1/8 w - - 0 1
kp,2,4,unsupported,contested,4,780,804,24,7k/8/8/1P1p4/2P4p/8/4P2K/8 w - - 0 1
kp,2,4,unsupported,contested,5,-617,-419,198,8/8/7K/1P1p4/2P1P3/7p/8/5k2 w - - 0 1
kp,2,4,unsupported,contested,6,693,695,2,8/8/4P3/PP1p2pK/p1P5/8/4k3/8 w - - 0 1
kp,2,4,unsupported,contested,7,673,698,25,k7/4P3/5pK1/1P1p4/2P5/P7/p7/8 w - - 0 1
kp,2,4,unsupported,contested,8,-629,-497,132,8/7p/K3kP2/1P1p4/2P3p1/4P3/5P1p/8 w - - 0 1
kp,2,4,unsupported,contested,9,112,370,258,8/5k1p/5P2/1P1p2pK/p1P5/4PP2/8/8 w - - 0 1
kp,2,4,unsupported,contested,10,388,396,8,8/K3k3/6p1/1P1pP3/2P1Pp2/8/8/8 w - - 0 1
kp,2,4,unsupported,contested,11,692,732,40,7k/8/8/PP1p4/2P5/5K2/6p1/8 w - - 0 1
kp,2,4,unsupported,contested,12,-680,-666,14,k7/8/8/KP1p4/P1P1P3/5pp1/8/8 w - - 0 1
kp,2,4,unsupported,contested,14,-748,-666,82,4K3/8/8/1P1pk3/2P5/P7/7p/8 w - - 0 1
kp,2,4,unsupported,contested,15,731,778,47,8/8/5P2/1P1p4/2P4k/5p2/8/5K2 w - - 0 1
kp,2,4,unsupported,opposed,1,835,830,-5,8/6K1/p1p5/1P1P4/2P1P3/4k3/8/8 w - - 0 1
kp,2,4,unsupported,opposed,2,676,716,40,8/4k3/2p1p2P/1P1P2Pp/p1P5/8/5P2/7K w - - 0 1
kp,2,4,unsupported,opposed,3,134,285,151,6K1/5P2/P1p5/1P1P4/k1P2p2/7p/5Pp1/8 w - - 0 1
kp,2,4,unsupported,opposed,4,776,817,41,7k/8/2p5/1P1P4/2P4p/8/4P2K/8 w - - 0 1
kp,2,4,unsupported,opposed,5,-329,-69,260,8/8/2p4K/1P1P4/2P1P3/7p/8/5k2 w - - 0 1
kp,2,4,unsupported,opposed,6,775,780,5,8/8/2p1P3/PP1P2pK/p1P5/8/4k3/8 w - - 0 1
kp,2,4,unsupported,opposed,7,775,990,215,k7/4P3/2p2pK1/1P1P4/2P5/P7/p7/8 w - - 0 1
kp,2,4,unsupported,opposed,9,697,718,21,8/5k1p/2p2P2/1P1P2pK/p1P5/4PP2/8/8 w - - 0 1
kp,2,4,unsupported,opposed,10,752,798,46,8/K3k3/2p3p1/1P1PP3/2P1Pp2/8/8/8 w - - 0 1
kp,2,4,unsupported,opposed,11,724,837,113,7k/8/2p5/PP1P4/2P5/5K2/6p1/8 w - - 0 1
kp,2,4,unsupported,opposed,12,-525,-470,55,k7/8/2p5/KP1P4/P1P1P3/5pp1/8/8 w - - 0 1
kp,2,4,unsupported,opposed,13,479,684,205,8/P7/2p5/1P1P4/2P1K1Pp/6pp/5kP1/8 w - - 0 1
kp,2,4,unsupported,opposed,14,-581,-436,145,4K3/8/2p5/1P1Pk3/2P5/P7/7p/8 w - - 0 1
kp,2,4,unsupported,opposed,15,806,897,91,8/8/2p2P2/1P1P4/2P4k/5p2/8/5K2 w - - 0 1
kp,2,4,unsupported,blocked,1,824,884,60,8/6K1/p7/1PpP4/2P1P3/4k3/8/8 w - - 0 1
kp,2,4,unsupported,blocked,2,709,703,-6,8/4k3/4p2P/1PpP2Pp/p1P5/8/5P2/7K w - - 0 1
kp,2,4,unsupported,blocked,3,101,296,195,6K1/5P2/P7/1PpP4/k1P2p2/7p/5Pp1/8 w - - 0 1
kp,2,4,unsupported,blocked,4,1107,892,-215,7k/8/8/1PpP4/2P4p/8/4P2K/8 w - - 0 1
kp,2,4,unsupported,blocked,6,717,786,69,8/8/4P3/PPpP2pK/p1P5/8/4k3/8 w - - 0 1
kp,2,4,unsupported,blocked,7,751,805,54,k7/4P3/5pK1/1PpP4/2P5/P7/p7/8 w - - 0 1
kp,2,4,unsupported,blocked,9,596,604,8,8/5k1p/5P2/1PpP2pK/p1P5/4PP2/8/8 w - - 0 1
kp,2,4,unsupported,blocked,10,768,868,100,8/K3k3/6p1/1PpPP3/2P1Pp2/8/8/8 w - - 0 1
kp,2,4,unsupported,blocked,11,797,1128,331,7k/8/8/PPpP4/2P5/5K2/6p1/8 w - - 0 1
kp,2,4,unsupported,blocked,12,-328,-345,-17,k7/8/8/KPpP4/P1P1P3/5pp1/8/8 w - - 0 1
kp,2,4,unsupported,blocked,13,316,462,146,8/P7/8/1PpP4/2P1K1Pp/6pp/5kP1/8 w - - 0 1
kp,2,4,supported,passed,0,568,574,6,8/8/k6p/8/2P5/1P5P/K7/8 w - - 0 1
kp,2,4,supported,passed,1,722,795,73,8/6K1/p7/8/2P1P3/1P2k3/8/8 w - - 0 1
kp,2,4,supported,passed,2,691,678,-13,8/4k3/4p2P/6Pp/p1P5/1P6/5P2/7K w - - 0 1
kp,2,4,supported,passed,4,733,696,-37,7k/8/8/8/2P4p/1P6/4P2K/8 w - - 0 1
kp,2,4,supported,passed,5,-454,-315,139,8/8/7K/8/2P1P3/1P5p/8/5k2 w - - 0 1
kp,2,4,supported,passed,6,742,743,1,8/8/4P3/P5pK/p1P5/1P6/4k3/8 w - - 0 1
kp,2,4,supported,passed,7,766,792,26,k7/4P3/5pK1/8/2P5/PP6/p7/8 w - - 0 1
kp,2,4,supported,passed,8,-686,-591,95,8/7p/K3kP2/8/2P3p1/1P2P3/5P1p/8 w - - 0 1
kp,2,4,supported,passed,9,709,762,53,8/5k1p/5P2/6pK/p1P5/1P2PP2/8/8 w - - 0 1
kp,2,4,supported,passed,11,767,703,-64,7k/8/8/P7/2P5/1P3K2/6p1/8 w - - 0 1
kp,2,4,supported,passed,12,-765,-706,59,k7/8/8/K7/P1P1P3/1P3pp1/8/8 w - - 0 1
kp,2,4,supported,passed,13,516,705,189,8/P7/8/8/2P1K1Pp/1P4pp/5kP1/8 w - - 0 1
kp,2,4,supported,passed,14,-669,-660,9,4K3/8/8/4k3/2P5/PP6/7p/8 w - - 0 1
kp,2,4,supported,passed,15,881,871,-10,8/8/5P2/8/2P4k/1P3p2/8/5K2 w - - 0 1
kp,2,4,supported,contested,1,729,777,48,8/6K1/p7/3p4/2P1P3/1P2k3/8/8 w - - 0 1
kp,2,4,supported,contested,2,669,660,-9,8/4k3/4p2P/3p2Pp/p1P5/1P6/5P2/7K w - - 0 1
kp,2,4,supported,contested,4,838,720,-118,7k/8/8/3p4/2P4p/1P6/4P2K/8 w - - 0 1
kp,2,4,supported,contested,6,641,658,17,8/8/4P3/P2p2pK/p1P5/1P6/4k3/8 w - - 0 1
kp,2,4,supported,contested,7,705,748,43,k7/4P3/5pK1/3p4/2P5/PP6/p7/8 w - - 0 1
kp,2,4,supported,contested,8,-696,-616,80,8/7p/K3kP2/3p4/2P3p1/1P2P3/5P1p/8 w - - 0 1
kp,2,4,supported,contested,11,651,686,35,7k/8/8/P2p4/2P5/1P3K2/6p1/8 w - - 0 1
kp,2,4,supported,contested,12,-724,-658,66,k7/8/8/K2p4/P1P1P3/1P3pp1/8/8 w - - 0 1
kp,2,4,supported,contested,14,-825,-695,130,4K3/8/8/3pk3/2P5/PP6/7p/8 w - - 0 1
kp,2,4,supported,contested,15,731,787,56,8/8/5P2/3p4/2P4k/1P3p2/8/5K2 w - - 0 1
kp,2,4,supported,opposed,1,619,631,12,8/6K1/p1p5/8/2P1P3/1P2k3/8/8 w - - 0 1
kp,2,4,supported,opposed,2,657,731,74,8/4k3/2p1p2P/6Pp/p1P5/1P6/5P2/7K w - - 0 1
kp,2,4,supported,opposed,4,339,674,335,7k/8/2p5/8/2P4p/1P6/4P2K/8 w - - 0 1
kp,2,4,supported,opposed,5,-541,-605,-64,8/8/2p4K/8/2P1P3/1P5p/8/5k2 w - - 0 1
kp,2,4,supported,opposed,6,727,776,49,8/8/2p1P3/P5pK/p1P5/1P6/4k3/8 w - - 0 1
kp,2,4,supported,opposed,7,685,759,74,k7/4P3/2p2pK1/8/2P5/PP6/p7/8 w - - 0 1
kp,2,4,supported,opposed,8,-737,-641,96,8/7p/K1p1kP2/8/2P3p1/1P2P3/5P1p/8 w - - 0 1
kp,2,4,supported,opposed,10,-746,-705,41,8/K3k3/2p3p1/4P3/2P1Pp2/1P6/8/8 w - - 0 1
kp,2,4,supported,opposed,11,670,780,110,7k/8/2p5/P7/2P5/1P3K2/6p1/8 w - - 0 1
kp,2,4,supported,opposed,12,-759,-701,58,k7/8/2p5/K7/P1P1P3/1P3pp1/8/8 w - - 0 1
kp,2,4,supported,opposed,13,575,680,105,8/P7/2p5/8/2P1K1Pp/1P4pp/5kP1/8 w - - 0 1
kp,2,4,supported,opposed,14,-812,-646,166,4K3/8/2p5/4k3/2P5/PP6/7p/8 w - - 0 1
kp,2,4,supported,opposed,15,808,836,28,8/8/2p2P2/8/2P4k/1P3p2/8/5K2 w - - 0 1
kp,2,4,supported,blocked,1,635,724,89,8/6K1/p7/2p5/2P1P3/1P2k3/8/8 w - - 0 1
kp,2,4,supported,blocked,2,666,719,53,8/4k3/4p2P/2p3Pp/p1P5/1P6/5P2/7K w - - 0 1
kp,2,4,supported,blocked,5,-656,-634,22,8/8/7K/2p5/2P1P3/1P5p/8/5k2 w - - 0 1
kp,2,4,supported,blocked,6,629,810,181,8/8/4P3/P1p3pK/p1P5/1P6/4k3/8 w - - 0 1
kp,2,4,supported,blocked,7,782,754,-28,k7/4P3/5pK1/2p5/2P5/PP6/p7/8 w - - 0 1
kp,2,4,supported,blocked,8,-707,-660,47,8/7p/K3kP2/2p5/2P3p1/1P2P3/5P1p/8 w - - 0 1
kp,2,4,supported,blocked,10,-823,-659,164,8/K3k3/6p1/2p1P3/2P1Pp2/1P6/8/8 w - - 0 1
kp,2,4,supported,blocked,11,1139,832,-307,7k/8/8/P1p5/2P5/1P3K2/6p1/8 w - - 0 1
kp,2,4,supported,blocked,12,-815,-750,65,k7/8/8/K1p5/P1P1P3/1P3pp1/8/8 w - - 0 1
kp,2,4,supported,blocked,13,121,316,195,8/P7/8/2p5/2P1K1Pp/1P4pp/5kP1/8 w - - 0 1
kp,2,4,supported,blocked,14,-958,-830,128,4K3/8/8/2p1k3/2P5/PP6/7p/8 w - - 0 1
kp,2,4,supported,blocked,15,882,855,-27,8/8/5P2/2p5/2P4k/1P3p2/8/5K2 w - - 0 1
kp,2,4,phalanx,passed,1,746,832,86,8/6K1/p7/8/1PP1P3/4k3/8/8 w - - 0 1
kp,2,4,phalanx,passed,2,703,738,35,8/4k3/4p2P/6Pp/pPP5/8/5P2/7K w - - 0 1
kp,2,4,phalanx,passed,3,-26,6,32,6K1/5P2/P7/8/kPP2p2/7p/5Pp1/8 w - - 0 1
kp,2,4,phalanx,passed,4,712,769,57,7k/8/8/8/1PP4p/8/4P2K/8 w - - 0 1
kp,2,4,phalanx,passed,5,-558,-363,195,8/8/7K/8/1PP1P3/7p/8/5k2 w - - 0 1
kp,2,4,phalanx,passed,6,751,736,-15,8/8/4P3/P5pK/pPP5/8/4k3/8 w - - 0 1
kp,2,4,phalanx,passed,7,816,812,-4,k7/4P3/5pK1/8/1PP5/P7/p7/8 w - - 0 1
kp,2,4,phalanx,passed,8,-636,-598,38,8/7p/K3kP2/8/1PP3p1/4P3/5P1p/8 w - - 0 1
kp,2,4,phalanx,passed,9,0,247,247,8/5k1p/5P2/6pK/pPP5/4PP2/8/8 w - - 0 1
kp,2,4,phalanx,passed,11,763,921,158,7k/8/8/P7/1PP5/5K2/6p1/8 w - - 0 1
kp,2,4,phalanx,passed,12,-704,-651,53,k7/8/8/K7/PPP1P3/5pp1/8/8 w - - 0 1
kp,2,4,phalanx,passed,13,595,715,120,8/P7/8/8/1PP1K1Pp/6pp/5kP1/8 w - - 0 1
kp,2,4,phalanx,passed,15,1069,1029,-40,8/8/5P2/8/1PP4k/5p2/8/5K2 w - - 0 1
kp,2,4,phalanx,contested,1,975,981,6,8/6K1/p7/3p4/1PP1P3/4k3/8/8 w - - 0 1
kp,2,4,phalanx,contested,2,710,692,-18,8/4k3/4p2P/3p2Pp/pPP5/8/5P2/7K w - - 0 1
kp,2,4,phalanx,contested,3,16,44,28,6K1/5P2/P7/3p4/kPP2p2/7p/5Pp1/8 w - - 0 1
kp,2,4,phalanx,contested,4,827,858,31,7k/8/8/3p4/1PP4p/8/4P2K/8 w - - 0 1
kp,2,4,phalanx,contested,5,-781,-458,323,8/8/7K/3p4/1PP1P3/7p/8/5k2 w - - 0 1
kp,2,4,phalanx,contested,6,695,702,7,8/8/4P3/P2p2pK/pPP5/8/4k3/8 w - - 0 1
kp,2,4,phalanx,contested,7,705,743,38,k7/4P3/5pK1/3p4/1PP5/P7/p7/8 w - - 0 1
kp,2,4,phalanx,contested,8,-664,-561,103,8/7p/K3kP2/3p4/1PP3p1/4P3/5P1p/8 w - - 0 1
kp,2,4,phalanx,contested,9,0,-3,-3,8/5k1p/5P2/3p2pK/pPP5/4PP2/8/8 w - - 0 1
kp,2,4,phalanx,contested,11,889,783,-106,7k/8/8/P2p4/1PP5/5K2/6p1/8 w - - 0 1
kp,2,4,phalanx,contested,12,-699,-669,30,k7/8/8/K2p4/PPP1P3/5pp1/8/8 w - - 0 1
kp,2,4,phalanx,contested,14,-847,-703,144,4K3/8/8/3pk3/1PP5/P7/7p/8 w - - 0 1
kp,2,4,phalanx,contested,15,748,781,33,8/8/5P2/3p4/1PP4k/5p2/8/5K2 w - - 0 1
kp,2,4,phalanx,opposed,1,587,786,199,8/6K1/p1p5/8/1PP1P3/4k3/8/8 w - - 0 1
kp,2,4,phalanx,opposed,2,685,702,17,8/4k3/2p1p2P/6Pp/pPP5/8/5P2/7K w - - 0 1
kp,2,4,phalanx,opposed,3,-152,4,156,6K1/5P2/P1p5/8/kPP2p2/7p/5Pp1/8 w - - 0 1
kp,2,4,phalanx,opposed,4,545,771,226,7k/8/2p5/8/1PP4p/8/4P2K/8 w - - 0 1
kp,2,4,phalanx,opposed,5,-723,-692,31,8/8/2p4K/8/1PP1P3/7p/8/5k2 w - - 0 1
kp,2,4,phalanx,opposed,6,730,714,-16,8/8/2p1P3/P5pK/pPP5/8/4k3/8 w - - 0 1
kp,2,4,phalanx,opposed,7,710,739,29,k7/4P3/2p2pK1/8/1PP5/P7/p7/8 w - - 0 1
kp,2,4,phalanx,opposed,8,-730,-642,88,8/7p/K1p1kP2/8/1PP3p1/4P3/5P1p/8 w - - 0 1
kp,2,4,phalanx,opposed,12,-758,-731,27,k7/8/2p5/K7/PPP1P3/5pp1/8/8 w - - 0 1
kp,2,4,phalanx,opposed,13,493,644,151,8/P7/2p5/8/1PP1K1Pp/6pp/5kP1/8 w - - 0 1
kp,2,4,phalanx,opposed,14,-808,-555,253,4K3/8/2p5/4k3/1PP5/P7/7p/8 w - - 0 1
kp,2,4,phalanx,opposed,15,1067,861,-206,8/8/2p2P2/8/1PP4k/5p2/8/5K2 w - - 0 1
kp,2,4,phalanx,blocked,1,708,814,106,8/6K1/p7/2p5/1PP1P3/4k3/8/8 w - - 0 1
kp,2,4,phalanx,blocked,2,686,669,-17,8/4k3/4p2P/2p3Pp/pPP5/8/5P2/7K w - - 0 1
kp,2,4,phalanx,blocked,3,0,0,0,6K1/5P2/P7/2p5/kPP2p2/7p/5Pp1/8 w - - 0 1
kp,2,4,phalanx,blocked,5,-749,-587,162,8/8/7K/2p5/1PP1P3/7p/8/5k2 w - - 0 1
kp,2,4,phalanx,blocked,6,700,714,14,8/8/4P3/P1p3pK/pPP5/8/4k3/8 w - - 0 1
kp,2,4,phalanx,blocked,7,727,828,101,k7/4P3/5pK1/2p5/1PP5/P7/p7/8 w - - 0 1
kp,2,4,phalanx,blocked,8,-635,-624,11,8/7p/K3kP2/2p5/1PP3p1/4P3/5P1p/8 w - - 0 1
kp,2,4,phalanx,blocked,9,-49,0,49,8/5k1p/5P2/2p3pK/pPP5/4PP2/8/8 w - - 0 1
kp,2,4,phalanx,blocked,10,-37,280,317,8/K3k3/6p1/2p1P3/1PP1Pp2/8/8/8 w - - 0 1
kp,2,4,phalanx,blocked,11,574,789,215,7k/8/8/P1p5/1PP5/5K2/6p1/8 w - - 0 1
kp,2,4,phalanx,blocked,12,-727,-663,64,k7/8/8/K1p5/PPP1P3/5pp1/8/8 w - - 0 1
kp,2,4,phalanx,blocked,13,226,292,66,8/P7/8/2p5/1PP1K1Pp/6pp/5kP1/8 w - - 0 1
kp,2,4,phalanx,blocked,14,-892,-1106,-214,4K3/8/8/2p1k3/1PP5/P7/7p/8 w - - 0 1
kp,2,4,phalanx,blocked,15,1190,842,-348,8/8/5P2/2p5/1PP4k/5p2/8/5K2 w - - 0 1
kp,2,4,doubled,passed,0,546,558,12,8/8/k6p/8/2P5/2P4P/K7/8 w - - 0 1
kp,2,4,doubled,passed,1,834,814,-20,8/6K1/p7/8/2P1P3/2P1k3/8/8 w - - 0 1
kp,2,4,doubled,passed,2,689,693,4,8/4k3/4p2P/6Pp/p1P5/2P5/5P2/7K w - - 0 1
kp,2,4,doubled,passed,3,475,110,-365,6K1/5P2/P7/8/k1P2p2/2P4p/5Pp1/8 w - - 0 1
kp,2,4,doubled,passed,5,-599,-572,27,8/8/7K/8/2P1P3/2P4p/8/5k2 w - - 0 1
kp,2,4,doubled,passed,6,775,733,-42,8/8/4P3/P5pK/p1P5/2P5/4k3/8 w - - 0 1
kp,2,4,doubled,passed,7,789,983,194,k7/4P3/5pK1/8/2P5/P1P5/p7/8 w - - 0 1
kp,2,4,doubled,passed,8,-715,-658,57,8/7p/K3kP2/8/2P3p1/2P1P3/5P1p/8 w - - 0 1
kp,2,4,doubled,passed,9,-599,-516,83,8/5k1p/5P2/6pK/p1P5/2P1PP2/8/8 w - - 0 1
kp,2,4,doubled,passed,12,-728,-674,54,k7/8/8/K7/P1P1P3/2P2pp1/8/8 w - - 0 1
kp,2,4,doubled,passed,13,732,719,-13,8/P7/8/8/2P1K1Pp/2P3pp/5kP1/8 w - - 0 1
kp,2,4,doubled,contested,1,1070,824,-246,8/6K1/p7/3p4/2P1P3/2P1k3/8/8 w - - 0 1
kp,2,4,doubled,contested,2,673,676,3,8/4k3/4p2P/3p2Pp/p1P5/2P5/5P2/7K w - - 0 1
kp,2,4,doubled,contested,3,363,303,-60,6K1/5P2/P7/3p4/k1P2p2/2P4p/5Pp1/8 w - - 0 1
kp,2,4,doubled,contested,5,-463,-430,33,8/8/7K/3p4/2P1P3/2P4p/8/5k2 w - - 0 1
kp,2,4,doubled,contested,6,695,716,21,8/8/4P3/P2p2pK/p1P5/2P5/4k3/8 w - - 0 1
kp,2,4,doubled,contested,7,736,788,52,k7/4P3/5pK1/3p4/2P5/P1P5/p7/8 w - - 0 1
kp,2,4,doubled,contested,8,-717,-632,85,8/7p/K3kP2/3p4/2P3p1/2P1P3/5P1p/8 w - - 0 1
kp,2,4,doubled,contested,9,-567,-482,85,8/5k1p/5P2/3p2pK/p1P5/2P1PP2/8/8 w - - 0 1
kp,2,4,doubled,contested,11,799,816,17,7k/8/8/P2p4/2P5/2P2K2/6p1/8 w - - 0 1
kp,2,4,doubled,contested,12,-681,-672,9,k7/8/8/K2p4/P1P1P3/2P2pp1/8/8 w - - 0 1
kp,2,4,doubled,contested,14,-935,-700,235,4K3/8/8/3pk3/2P5/P1P5/7p/8 w - - 0 1
kp,2,4,doubled,contested,15,790,880,90,8/8/5P2/3p4/2P4k/2P2p2/8/5K2 w - - 0 1
kp,2,4,doubled,opposed,0,0,0,0,8/8/k1p4p/8/2P5/2P4P/K7/8 w - - 0 1
kp,2,4,doubled,opposed,1,634,683,49,8/6K1/p1p5/8/2P1P3/2P1k3/8/8 w - - 0 1
kp,2,4,doubled,opposed,2,692,682,-10,8/4k3/2p1p2P/6Pp/p1P5/2P5/5P2/7K w - - 0 1
kp,2,4,doubled,opposed,3,304,483,179,6K1/5P2/P1p5/8/k1P2p2/2P4p/5Pp1/8 w - - 0 1
kp,2,4,doubled,opposed,4,469,694,225,7k/8/2p5/8/2P4p/2P5/4P2K/8 w - - 0 1
kp,2,4,doubled,opposed,5,-609,-753,-144,8/8/2p4K/8/2P1P3/2P4p/8/5k2 w - - 0 1
kp,2,4,doubled,opposed,6,741,684,-57,8/8/2p1P3/P5pK/p1P5/2P5/4k3/8 w - - 0 1
kp,2,4,doubled,opposed,7,752,820,68,k7/4P3/2p2pK1/8/2P5/P1P5/p7/8 w - - 0 1
kp,2,4,doubled,opposed,8,-710,-727,-17,8/7p/K1p1kP2/8/2P3p1/2P1P3/5P1p/8 w - - 0 1
kp,2,4,doubled,opposed,9,-644,-652,-8,8/5k1p/2p2P2/6pK/p1P5/2P1PP2/8/8 w - - 0 1
kp,2,4,doubled,opposed,10,-776,-721,55,8/K3k3/2p3p1/4P3/2P1Pp2/2P5/8/8 w - - 0 1
kp,2,4,doubled,opposed,11,973,904,-69,7k/8/2p5/P7/2P5/2P2K2/6p1/8 w - - 0 1
kp,2,4,doubled,opposed,12,-766,-745,21,k7/8/2p5/K7/P1P1P3/2P2pp1/8/8 w - - 0 1
kp,2,4,doubled,opposed,13,504,574,70,8/P7/2p5/8/2P1K1Pp/2P3pp/5kP1/8 w - - 0 1
kp,2,4,doubled,opposed,14,-853,-1049,-196,4K3/8/2p5/4k3/2P5/P1P5/7p/8 w - - 0 1
kp,2,4,doubled,opposed,15,1062,859,-203,8/8/2p2P2/8/2P4k/2P2p2/8/5K2 w - - 0 1
kp,2,4,doubled,blocked,0,0,0,0,8/8/k6p/2p5/2P5/2P4P/K7/8 w - - 0 1
kp,2,4,doubled,blocked,1,602,681,79,8/6K1/p7/2p5/2P1P3/2P1k3/8/8 w - - 0 1
kp,2,4,doubled,blocked,2,697,684,-13,8/4k3/4p2P/2p3Pp/p1P5/2P5/5P2/7K w - - 0 1
kp,2,4,doubled,blocked,3,0,4,4,6K1/5P2/P7/2p5/k1P2p2/2P4p/5Pp1/8 w - - 0 1
kp,2,4,doubled,blocked,4,725,830,105,7k/8/8/2p5/2P4p/2P5/4P2K/8 w - - 0 1
kp,2,4,doubled,blocked,6,728,737,9,8/8/4P3/P1p3pK/p1P5/2P5/4k3/8 w - - 0 1
kp,2,4,doubled,blocked,7,793,838,45,k7/4P3/5pK1/2p5/2P5/P1P5/p7/8 w - - 0 1
kp,2,4,doubled,blocked,8,-730,-686,44,8/7p/K3kP2/2p5/2P3p1/2P1P3/5P1p/8 w - - 0 1
kp,2,4,doubled,blocked,9,-682,-654,28,8/5k1p/5P2/2p3pK/p1P5/2P1PP2/8/8 w - - 0 1
kp,2,4,doubled,blocked,10,-911,-910,1,8/K3k3/6p1/2p1P3/2P1Pp2/2P5/8/8 w - - 0 1
kp,2,4,doubled,blocked,12,-790,-742,48,k7/8/8/K1p5/P1P1P3/2P2pp1/8/8 w - - 0 1
kp,2,4,doubled,blocked,13,154,277,123,8/P7/8/2p5/2P1K1Pp/2P3pp/5kP1/8 w - - 0 1
kp,2,4,doubled,blocked,14,-1266,-1287,-21,4K3/8/8/2p1k3/2P5/P1P5/7p/8 w - - 0 1
kp,2,5,isolated,passed,0,3,23,20,8/8/k6p/2P5/8/7P/K7/8 w - - 0 1
kp,2,5,isolated,passed,2,707,745,38,8/4k3/4p2P/2P3Pp/p7/8/5P2/7K w - - 0 1
kp,2,5,isolated,passed,3,-3,28,31,6K1/5P2/P7/2P5/k4p2/7p/5Pp1/8 w - - 0 1
kp,2,5,isolated,passed,5,-2039,-1855,184,8/8/7K/2P5/4P3/7p/8/5k2 w - - 0 1
kp,2,5,isolated,passed,6,789,791,2,8/8/4P3/P1P3pK/p7/8/4k3/8 w - - 0 1
kp,2,5,isolated,passed,7,695,844,149,k7/4P3/5pK1/2P5/8/P7/p7/8 w - - 0 1
kp,2,5,isolated,passed,8,-775,-659,116,8/7p/K3kP2/2P5/6p1/4P3/5P1p/8 w - - 0 1
kp,2,5,isolated,passed,12,-776,-740,36,k7/8/8/K1P5/P3P3/5pp1/8/8 w - - 0 1
kp,2,5,isolated,passed,13,584,306,-278,8/P7/8/2P5/4K1Pp/6pp/5kP1/8 w - - 0 1
kp,2,5,isolated,passed,15,1523,1409,-114,8/8/5P2/2P5/7k/5p2/8/5K2 w - - 0 1
kp,2,5,isolated,contested,2,677,692,15,8/4k3/3pp2P/2P3Pp/p7/8/5P2/7K w - - 0 1
kp,2,5,isolated,contested,3,-1,316,317,6K1/5P2/P2p4/2P5/k4p2/7p/5Pp1/8 w - - 0 1
kp,2,5,isolated,contested,5,-1027,-701,326,8/8/3p3K/2P5/4P3/7p/8/5k2 w - - 0 1
kp,2,5,isolated,contested,6,700,720,20,8/8/3pP3/P1P3pK/p7/8/4k3/8 w - - 0 1
kp,2,5,isolated,contested,7,687,908,221,k7/4P3/3p1pK1/2P5/8/P7/p7/8 w - - 0 1
kp,2,5,isolated,contested,8,-749,-560,189,8/7p/K2pkP2/2P5/6p1/4P3/5P1p/8 w - - 0 1
kp,2,5,isolated,contested,11,779,619,-160,7k/8/3p4/P1P5/8/5K2/6p1/8 w - - 0 1
kp,2,5,isolated,contested,12,-754,-650,104,k7/8/3p4/K1P5/P3P3/5pp1/8/8 w - - 0 1
kp,2,5,isolated,contested,13,372,292,-80,8/P7/3p4/2P5/4K1Pp/6pp/5kP1/8 w - - 0 1
kp,2,5,isolated,contested,15,786,983,197,8/8/3p1P2/2P5/7k/5p2/8/5K2 w - - 0 1
kp,2,5,isolated,opposed,0,-610,-567,43,8/2p5/k6p/2P5/8/7P/K7/8 w - - 0 1
kp,2,5,isolated,opposed,1,498,515,17,8/2p3K1/p7/2P5/4P3/4k3/8/8 w - - 0 1
kp,2,5,isolated,opposed,2,660,713,53,8/2p1k3/4p2P/2P3Pp/p7/8/5P2/7K w - - 0 1
kp,2,5,isolated,opposed,3,-133,14,147,6K1/2p2P2/P7/2P5/k4p2/7p/5Pp1/8 w - - 0 1
kp,2,5,isolated,opposed,6,721,739,18,8/2p5/4P3/P1P3pK/p7/8/4k3/8 w - - 0 1
kp,2,5,isolated,opposed,7,665,691,26,k7/2p1P3/5pK1/2P5/8/P7/p7/8 w - - 0 1
kp,2,5,isolated,opposed,8,-751,-706,45,8/2p4p/K3kP2/2P5/6p1/4P3/5P1p/8 w - - 0 1
kp,2,5,isolated,opposed,9,-663,-659,4,8/2p2k1p/5P2/2P3pK/p7/4PP2/8/8 w - - 0 1
kp,2,5,isolated,opposed,11,560,662,102,7k/2p5/8/P1P5/8/5K2/6p1/8 w - - 0 1
kp,2,5,isolated,opposed,12,-872,-765,107,k7/2p5/8/K1P5/P3P3/5pp1/8/8 w - - 0 1
kp,2,5,isolated,opposed,15,623,759,136,8/2p5/5P2/2P5/7k/5p2/8/5K2 w - - 0 1
kp,2,5,isolated,blocked,0,-647,-670,-23,8/8/k1p4p/2P5/8/7P/K7/8 w - - 0 1
kp,2,5,isolated,blocked,1,325,706,381,8/6K1/p1p5/2P5/4P3/4k3/8/8 w - - 0 1
kp,2,5,isolated,blocked,2,687,716,29,8/4k3/2p1p2P/2P3Pp/p7/8/5P2/7K w - - 0 1
kp,2,5,isolated,blocked,3,0,0,0,6K1/5P2/P1p5/2P5/k4p2/7p/5Pp1/8 w - - 0 1
kp,2,5,isolated,blocked,5,-2499,-2485,14,8/8/2p4K/2P5/4P3/7p/8/5k2 w - - 0 1
kp,2,5,isolated,blocked,6,595,743,148,8/8/2p1P3/P1P3pK/p7/8/4k3/8 w - - 0 1
kp,2,5,isolated,blocked,7,703,780,77,k7/4P3/2p2pK1/2P5/8/P7/p7/8 w - - 0 1
kp,2,5,isolated,blocked,8,-770,-734,36,8/7p/K1p1kP2/2P5/6p1/4P3/5P1p/8 w - - 0 1
kp,2,5,isolated,blocked,9,-720,-646,74,8/5k1p/2p2P2/2P3pK/p7/4PP2/8/8 w - - 0 1
kp,2,5,isolated,blocked,12,-834,-728,106,k7/8/2p5/K1P5/P3P3/5pp1/8/8 w - - 0 1
kp,2,5,unsupported,passed,0,755,995,240,8/8/kP1P3p/2P5/8/7P/K7/8 w - - 0 1
kp,2,5,unsupported,passed,1,931,953,22,8/6K1/pP1P4/2P5/4P3/4k3/8/8 w - - 0 1
kp,2,5,unsupported,passed,3,348,404,56,6K1/5P2/PP1P4/2P5/k4p2/7p/5Pp1/8 w - - 0 1
kp,2,5,unsupported,passed,4,1101,1040,-61,7k/8/1P1P4/2P5/7p/8/4P2K/8 w - - 0 1
kp,2,5,unsupported,passed,5,227,414,187,8/8/1P1P3K/2P5/4P3/7p/8/5k2 w - - 0 1
kp,2,5,unsupported,passed,6,863,1034,171,8/8/1P1PP3/P1P3pK/p7/8/4k3/8 w - - 0 1
kp,2,5,unsupported,passed,7,1223,1419,196,k7/4P3/1P1P1pK1/2P5/8/P7/p7/8 w - - 0 1
kp,2,5,unsupported,passed,13,587,719,132,8/P7/1P1P4/2P5/4K1Pp/6pp/5kP1/8 w - - 0 1
kp,2,5,unsupported,passed,14,106,490,384,4K3/8/1P1P4/2P1k3/8/P7/7p/8 w - - 0 1
kp,2,5,unsupported,contested,1,808,826,18,8/6K1/pP1p4/2P5/4P3/4k3/8/8 w - - 0 1
kp,2,5,unsupported,contested,2,754,775,21,8/4k3/1P1pp2P/2P3Pp/p7/8/5P2/7K w - - 0 1
kp,2,5,unsupported,contested,3,324,344,20,6K1/5P2/PP1p4/2P5/k4p2/7p/5Pp1/8 w - - 0 1
kp,2,5,unsupported,contested,5,0,0,0,8/8/1P1p3K/2P5/4P3/7p/8/5k2 w - - 0 1
kp,2,5,unsupported,contested,6,819,821,2,8/8/1P1pP3/P1P3pK/p7/8/4k3/8 w - - 0 1
kp,2,5,unsupported,contested,7,913,1218,305,k7/4P3/1P1p1pK1/2P5/8/P7/p7/8 w - - 0 1
kp,2,5,unsupported,contested,8,-523,-278,245,8/7p/KP1pkP2/2P5/6p1/4P3/5P1p/8 w - - 0 1
kp,2,5,unsupported,contested,9,683,789,106,8/5k1p/1P1p1P2/2P3pK/p7/4PP2/8/8 w - - 0 1
kp,2,5,unsupported,contested,10,607,823,216,8/K3k3/1P1p2p1/2P1P3/4Pp2/8/8/8 w - - 0 1
kp,2,5,unsupported,contested,11,777,803,26,7k/8/1P1p4/P1P5/8/5K2/6p1/8 w - - 0 1
kp,2,5,unsupported,contested,13,444,545,101,8/P7/1P1p4/2P5/4K1Pp/6pp/5kP1/8 w - - 0 1
kp,2,5,unsupported,contested,15,1263,873,-390,8/8/1P1p1P2/2P5/7k/5p2/8/5K2 w - - 0 1
kp,2,5,unsupported,opposed,0,734,845,111,8/2p5/kP1P3p/2P5/8/7P/K7/8 w - - 0 1
kp,2,5,unsupported,opposed,1,911,893,-18,8/2p3K1/pP1P4/2P5/4P3/4k3/8/8 w - - 0 1
kp,2,5,unsupported,opposed,3,459,667,208,6K1/2p2P2/PP1P4/2P5/k4p2/7p/5Pp1/8 w - - 0 1
kp,2,5,unsupported,opposed,4,1095,1091,-4,7k/2p5/1P1P4/2P5/7p/8/4P2K/8 w - - 0 1
kp,2,5,unsupported,opposed,5,455,601,146,8/2p5/1P1P3K/2P5/4P3/7p/8/5k2 w - - 0 1
kp,2,5,unsupported,opposed,6,921,963,42,8/2p5/1P1PP3/P1P3pK/p7/8/4k3/8 w - - 0 1
kp,2,5,unsupported,opposed,8,480,537,57,8/2p4p/KP1PkP2/2P5/6p1/4P3/5P1p/8 w - - 0 1
kp,2,5,unsupported,opposed,9,885,1160,275,8/2p2k1p/1P1P1P2/2P3pK/p7/4PP2/8/8 w - - 0 1
kp,2,5,unsupported,opposed,11,785,797,12,7k/2p5/1P1P4/P1P5/8/5K2/6p1/8 w - - 0 1
kp,2,5,unsupported,opposed,13,748,663,-85,8/P1p5/1P1P4/2P5/4K1Pp/6pp/5kP1/8 w - - 0 1
kp,2,5,unsupported,opposed,14,328,454,126,4K3/2p5/1P1P4/2P1k3/8/P7/7p/8 w - - 0 1
kp,2,5,unsupported,opposed,15,914,893,-21,8/2p5/1P1P1P2/2P5/7k/5p2/8/5K2 w - - 0 1
kp,2,5,unsupported,blocked,1,830,924,94,8/6K1/pPpP4/2P5/4P3/4k3/8/8 w - - 0 1
kp,2,5,unsupported,blocked,3,403,485,82,6K1/5P2/PPpP4/2P5/k4p2/7p/5Pp1/8 w - - 0 1
kp,2,5,unsupported,blocked,5,378,421,43,8/8/1PpP3K/2P5/4P3/7p/8/5k2 w - - 0 1
kp,2,5,unsupported,blocked,6,970,998,28,8/8/1PpPP3/P1P3pK/p7/8/4k3/8 w - - 0 1
kp,2,5,unsupported,blocked,7,1263,1311,48,k7/4P3/1PpP1pK1/2P5/8/P7/p7/8 w - - 0 1
kp,2,5,unsupported,blocked,8,287,456,169,8/7p/KPpPkP2/2P5/6p1/4P3/5P1p/8 w - - 0 1
kp,2,5,unsupported,blocked,9,811,1000,189,8/5k1p/1PpP1P2/2P3pK/p7/4PP2/8/8 w - - 0 1
kp,2,5,unsupported,blocked,11,1149,1073,-76,7k/8/1PpP4/P1P5/8/5K2/6p1/8 w - - 0 1
kp,2,5,unsupported,blocked,13,773,812,39,8/P7/1PpP4/2P5/4K1Pp/6pp/5kP1/8 w - - 0 1
kp,2,5,unsupported,blocked,14,420,563,143,4K3/8/1PpP4/2P1k3/8/P7/7p/8 w - - 0 1
kp,2,5,unsupported,blocked,15,821,890,69,8/8/1PpP1P2/2P5/7k/5p2/8/5K2 w - - 0 1
kp,2,5,supported,passed,2,729,760,31,8/4k3/4p2P/2P3Pp/pP6/8/5P2/7K w - - 0 1
kp,2,5,supported,passed,3,-12,302,314,6K1/5P2/P7/2P5/kP3p2/7p/5Pp1/8 w - - 0 1
kp,2,5,supported,passed,5,-332,-311,21,8/8/7K/2P5/1P2P3/7p/8/5k2 w - - 0 1
kp,2,5,supported,passed,6,788,779,-9,8/8/4P3/P1P3pK/pP6/8/4k3/8 w - - 0 1
kp,2,5,supported,passed,8,-674,-567,107,8/7p/K3kP2/2P5/1P4p1/4P3/5P1p/8 w - - 0 1
kp,2,5,supported,passed,11,822,862,40,7k/8/8/P1P5/1P6/5K2/6p1/8 w - - 0 1
kp,2,5,supported,passed,12,-720,-633,87,k7/8/8/K1P5/PP2P3/5pp1/8/8 w - - 0 1
kp,2,5,supported,passed,13,658,370,-288,8/P7/8/2P5/1P2K1Pp/6pp/5kP1/8 w - - 0 1
kp,2,5,supported,passed,14,-808,-626,182,4K3/8/8/2P1k3/1P6/P7/7p/8 w - - 0 1
kp,2,5,supported,contested,2,687,741,54,8/4k3/3pp2P/2P3Pp/pP6/8/5P2/7K w - - 0 1
kp,2,5,supported,contested,3,0,288,288,6K1/5P2/P2p4/2P5/kP3p2/7p/5Pp1/8 w - - 0 1
kp,2,5,supported,contested,5,-695,-305,390,8/8/3p3K/2P5/1P2P3/7p/8/5k2 w - - 0 1
kp,2,5,supported,contested,6,737,774,37,8/8/3pP3/P1P3pK/pP6/8/4k3/8 w - - 0 1
kp,2,5,supported,contested,8,-658,-585,73,8/7p/K2pkP2/2P5/1P4p1/4P3/5P1p/8 w - - 0 1
kp,2,5,supported,contested,9,0,366,366,8/5k1p/3p1P2/2P3pK/pP6/4PP2/8/8 w - - 0 1
kp,2,5,supported,contested,11,648,706,58,7k/8/3p4/P1P5/1P6/5K2/6p1/8 w - - 0 1
kp,2,5,supported,contested,12,-699,-656,43,k7/8/3p4/K1P5/PP2P3/5pp1/8/8 w - - 0 1
kp,2,5,supported,contested,13,592,387,-205,8/P7/3p4/2P5/1P2K1Pp/6pp/5kP1/8 w - - 0 1
kp,2,5,supported,contested,14,-731,-420,311,4K3/8/3p4/2P1k3/1P6/P7/7p/8 w - - 0 1
kp,2,5,supported,contested,15,823,810,-13,8/8/3p1P2/2P5/1P5k/5p2/8/5K2 w - - 0 1
kp,2,5,supported,opposed,1,555,697,142,8/2p3K1/p7/2P5/1P2P3/4k3/8/8 w - - 0 1
kp,2,5,supported,opposed,2,656,718,62,8/2p1k3/4p2P/2P3Pp/pP6/8/5P2/7K w - - 0 1
kp,2,5,supported,opposed,3,0,15,15,6K1/2p2P2/P7/2P5/kP3p2/7p/5Pp1/8 w - - 0 1
kp,2,5,supported,opposed,4,571,898,327,7k/2p5/8/2P5/1P5p/8/4P2K/8 w - - 0 1
kp,2,5,supported,opposed,6,746,767,21,8/2p5/4P3/P1P3pK/pP6/8/4k3/8 w - - 0 1
kp,2,5,supported,opposed,7,667,805,138,k7/2p1P3/5pK1/2P5/1P6/P7/p7/8 w - - 0 1
kp,2,5,supported,opposed,8,-708,-625,83,8/2p4p/K3kP2/2P5/1P4p1/4P3/5P1p/8 w - - 0 1
kp,2,5,supported,opposed,11,735,916,181,7k/2p5/8/P1P5/1P6/5K2/6p1/8 w - - 0 1
kp,2,5,supported,opposed,12,-735,-658,77,k7/2p5/8/K1P5/PP2P3/5pp1/8/8 w - - 0 1
kp,2,5,supported,opposed,13,616,296,-320,8/P1p5/8/2P5/1P2K1Pp/6pp/5kP1/8 w - - 0 1
kp,2,5,supported,opposed,14,-1815,-1538,277,4K3/2p5/8/2P1k3/1P6/P7/7p/8 w - - 0 1
kp,2,5,supported,opposed,15,769,753,-16,8/2p5/5P2/2P5/1P5k/5p2/8/5K2 w - - 0 1
kp,2,5,supported,blocked,1,692,841,149,8/6K1/p1p5/2P5/1P2P3/4k3/8/8 w - - 0 1
kp,2,5,supported,blocked,2,704,737,33,8/4k3/2p1p2P/2P3Pp/pP6/8/5P2/7K w - - 0 1
kp,2,5,supported,blocked,3,-150,-19,131,6K1/5P2/P1p5/2P5/kP3p2/7p/5Pp1/8 w - - 0 1
kp,2,5,supported,blocked,4,614,733,119,7k/8/2p5/2P5/1P5p/8/4P2K/8 w - - 0 1
kp,2,5,supported,blocked,5,-833,-800,33,8/8/2p4K/2P5/1P2P3/7p/8/5k2 w - - 0 1
kp,2,5,supported,blocked,6,776,766,-10,8/8/2p1P3/P1P3pK/pP6/8/4k3/8 w - - 0 1
kp,2,5,supported,blocked,8,-734,-600,134,8/7p/K1p1kP2/2P5/1P4p1/4P3/5P1p/8 w - - 0 1
kp,2,5,supported,blocked,12,-729,-696,33,k7/8/2p5/K1P5/PP2P3/5pp1/8/8 w - - 0 1
kp,2,5,supported,blocked,14,-811,-766,45,4K3/8/2p5/2P1k3/1P6/P7/7p/8 w - - 0 1
kp,2,5,phalanx,passed,1,1256,1028,-228,8/6K1/p7/1PP5/4P3/4k3/8/8 w - - 0 1
kp,2,5,phalanx,passed,2,702,779,77,8/4k3/4p2P/1PP3Pp/p7/8/5P2/7K w - - 0 1
kp,2,5,phalanx,passed,3,20,168,148,6K1/5P2/P7/1PP5/k4p2/7p/5Pp1/8 w - - 0 1
kp,2,5,phalanx,passed,6,833,800,-33,8/8/4P3/PPP3pK/p7/8/4k3/8 w - - 0 1
kp,2,5,phalanx,passed,8,-611,-460,151,8/7p/K3kP2/1PP5/6p1/4P3/5P1p/8 w - - 0 1
kp,2,5,phalanx,passed,12,-672,-626,46,k7/8/8/KPP5/P3P3/5pp1/8/8 w - - 0 1
kp,2,5,phalanx,passed,13,726,514,-212,8/P7/8/1PP5/4K1Pp/6pp/5kP1/8 w - - 0 1
kp,2,5,phalanx,passed,14,-656,-622,34,4K3/8/8/1PP1k3/8/P7/7p/8 w - - 0 1
kp,2,5,phalanx,contested,1,514,785,271,8/6K1/p2p4/1PP5/4P3/4k3/8/8 w - - 0 1
kp,2,5,phalanx,contested,2,693,721,28,8/4k3/3pp2P/1PP3Pp/p7/8/5P2/7K w - - 0 1
kp,2,5,phalanx,contested,3,82,104,22,6K1/5P2/P2p4/1PP5/k4p2/7p/5Pp1/8 w - - 0 1
kp,2,5,phalanx,contested,6,735,769,34,8/8/3pP3/PPP3pK/p7/8/4k3/8 w - - 0 1
kp,2,5,phalanx,contested,7,918,1039,121,k7/4P3/3p1pK1/1PP5/8/P7/p7/8 w - - 0 1
kp,2,5,phalanx,contested,8,-629,-547,82,8/7p/K2pkP2/1PP5/6p1/4P3/5P1p/8 w - - 0 1
kp,2,5,phalanx,contested,9,180,414,234,8/5k1p/3p1P2/1PP3pK/p7/4PP2/8/8 w - - 0 1
kp,2,5,phalanx,contested,11,779,765,-14,7k/8/3p4/PPP5/8/5K2/6p1/8 w - - 0 1
kp,2,5,phalanx,contested,12,-703,-507,196,k7/8/3p4/KPP5/P3P3/5pp1/8/8 w - - 0 1
kp,2,5,phalanx,contested,13,602,502,-100,8/P7/3p4/1PP5/4K1Pp/6pp/5kP1/8 w - - 0 1
kp,2,5,phalanx,contested,15,844,801,-43,8/8/3p1P2/1PP5/7k/5p2/8/5K2 w - - 0 1
kp,2,5,phalanx,opposed,1,599,727,128,8/2p3K1/p7/1PP5/4P3/4k3/8/8 w - - 0 1
kp,2,5,phalanx,opposed,2,664,711,47,8/2p1k3/4p2P/1PP3Pp/p7/8/5P2/7K w - - 0 1
kp,2,5,phalanx,opposed,3,0,15,15,6K1/2p2P2/P7/1PP5/k4p2/7p/5Pp1/8 w - - 0 1
kp,2,5,phalanx,opposed,5,-871,-807,64,8/2p5/7K/1PP5/4P3/7p/8/5k2 w - - 0 1
kp,2,5,phalanx,opposed,6,702,762,60,8/2p5/4P3/PPP3pK/p7/8/4k3/8 w - - 0 1
kp,2,5,phalanx,opposed,7,640,668,28,k7/2p1P3/5pK1/1PP5/8/P7/p7/8 w - - 0 1
kp,2,5,phalanx,opposed,8,-686,-636,50,8/2p4p/K3kP2/1PP5/6p1/4P3/5P1p/8 w - - 0 1
kp,2,5,phalanx,opposed,11,718,823,105,7k/2p5/8/PPP5/8/5K2/6p1/8 w - - 0 1
kp,2,5,phalanx,opposed,12,-737,-663,74,k7/2p5/8/KPP5/P3P3/5pp1/8/8 w - - 0 1
kp,2,5,phalanx,opposed,13,753,353,-400,8/P1p5/8/1PP5/4K1Pp/6pp/5kP1/8 w - - 0 1
kp,2,5,phalanx,opposed,14,-943,-791,152,4K3/2p5/8/1PP1k3/8/P7/7p/8 w - - 0 1
kp,2,5,phalanx,opposed,15,939,837,-102,8/2p5/5P2/1PP5/7k/5p2/8/5K2 w - - 0 1
kp,2,5,phalanx,blocked,1,605,781,176,8/6K1/p1p5/1PP5/4P3/4k3/8/8 w - - 0 1
kp,2,5,phalanx,blocked,2,701,731,30,8/4k3/2p1p2P/1PP3Pp/p7/8/5P2/7K w - - 0 1
kp,2,5,phalanx,blocked,3,0,74,74,6K1/5P2/P1p5/1PP5/k4p2/7p/5Pp1/8 w - - 0 1
kp,2,5,phalanx,blocked,5,-799,-1187,-388,8/8/2p4K/1PP5/4P3/7p/8/5k2 w - - 0 1
kp,2,5,phalanx,blocked,6,779,763,-16,8/8/2p1P3/PPP3pK/p7/8/4k3/8 w - - 0 1
kp,2,5,phalanx,blocked,7,904,997,93,k7/4P3/2p2pK1/1PP5/8/P7/p7/8 w - - 0 1
kp,2,5,phalanx,blocked,8,-688,-545,143,8/7p/K1p1kP2/1PP5/6p1/4P3/5P1p/8 w - - 0 1
kp,2,5,phalanx,blocked,10,242,502,260,8/K3k3/2p3p1/1PP1P3/4Pp2/8/8/8 w - - 0 1
kp,2,5,phalanx,blocked,11,549,721,172,7k/8/2p5/PPP5/8/5K2/6p1/8 w - - 0 1
kp,2,5,phalanx,blocked,12,-707,-631,76,k7/8/2p5/KPP5/P3P3/5pp1/8/8 w - - 0 1
kp,2,5,phalanx,blocked,13,597,448,-149,8/P7/2p5/1PP5/4K1Pp/6pp/5kP1/8 w - - 0 1
kp,2,5,phalanx,blocked,14,-621,-645,-24,4K3/8/2p5/1PP1k3/8/P7/7p/8 w - - 0 1
kp,2,5,phalanx,blocked,15,1011,834,-177,8/8/2p2P2/1PP5/7k/5p2/8/5K2 w - - 0 1
kp,2,5,doubled,passed,0,544,571,27,8/8/k6p/2P5/2P5/7P/K7/8 w - - 0 1
kp,2,5,doubled,passed,1,783,857,74,8/6K1/p7/2P5/2P1P3/4k3/8/8 w - - 0 1
kp,2,5,doubled,passed,2,727,738,11,8/4k3/4p2P/2P3Pp/p1P5/8/5P2/7K w - - 0 1
kp,2,5,doubled,passed,3,0,89,89,6K1/5P2/P7/2P5/k1P2p2/7p/5Pp1/8 w - - 0 1
kp,2,5,doubled,passed,4,1708,1855,147,7k/8/8/2P5/2P4p/8/4P2K/8 w - - 0 1
kp,2,5,doubled,passed,6,776,756,-20,8/8/4P3/P1P3pK/p1P5/8/4k3/8 w - - 0 1
kp,2,5,doubled,passed,7,770,786,16,k7/4P3/5pK1/2P5/2P5/P7/p7/8 w - - 0 1
kp,2,5,doubled,passed,8,-685,-663,22,8/7p/K3kP2/2P5/2P3p1/4P3/5P1p/8 w - - 0 1
kp,2,5,doubled,passed,11,1283,964,-319,7k/8/8/P1P5/2P5/5K2/6p1/8 w - - 0 1
kp,2,5,doubled,passed,12,-717,-710,7,k7/8/8/K1P5/P1P1P3/5pp1/8/8 w - - 0 1
kp,2,5,doubled,passed,13,700,412,-288,8/P7/8/2P5/2P1K1Pp/6pp/5kP1/8 w - - 0 1
kp,2,5,doubled,contested,2,647,718,71,8/4k3/3pp2P/2P3Pp/p1P5/8/5P2/7K w - - 0 1
kp,2,5,doubled,contested,3,-66,229,295,6K1/5P2/P2p4/2P5/k1P2p2/7p/5Pp1/8 w - - 0 1
kp,2,5,doubled,contested,6,721,754,33,8/8/3pP3/P1P3pK/p1P5/8/4k3/8 w - - 0 1
kp,2,5,doubled,contested,7,874,809,-65,k7/4P3/3p1pK1/2P5/2P5/P7/p7/8 w - - 0 1
kp,2,5,doubled,contested,8,-715,-619,96,8/7p/K2pkP2/2P5/2P3p1/4P3/5P1p/8 w - - 0 1
kp,2,5,doubled,contested,12,-721,-665,56,k7/8/3p4/K1P5/P1P1P3/5pp1/8/8 w - - 0 1
kp,2,5,doubled,contested,13,613,405,-208,8/P7/3p4/2P5/2P1K1Pp/6pp/5kP1/8 w - - 0 1
kp,2,5,doubled,contested,15,745,848,103,8/8/3p1P2/2P5/2P4k/5p2/8/5K2 w - - 0 1
kp,2,5,doubled,opposed,0,0,398,398,8/2p5/k6p/2P5/2P5/7P/K7/8 w - - 0 1
kp,2,5,doubled,opposed,1,590,736,146,8/2p3K1/p7/2P5/2P1P3/4k3/8/8 w - - 0 1
kp,2,5,doubled,opposed,2,682,714,32,8/2p1k3/4p2P/2P3Pp/p1P5/8/5P2/7K w - - 0 1
kp,2,5,doubled,opposed,3,0,31,31,6K1/2p2P2/P7/2P5/k1P2p2/7p/5Pp1/8 w - - 0 1
kp,2,5,doubled,opposed,4,468,529,61,7k/2p5/8/2P5/2P4p/8/4P2K/8 w - - 0 1
kp,2,5,doubled,opposed,6,757,759,2,8/2p5/4P3/P1P3pK/p1P5/8/4k3/8 w - - 0 1
kp,2,5,doubled,opposed,7,738,729,-9,k7/2p1P3/5pK1/2P5/2P5/P7/p7/8 w - - 0 1
kp,2,5,doubled,opposed,8,-724,-708,16,8/2p4p/K3kP2/2P5/2P3p1/4P3/5P1p/8 w - - 0 1
kp,2,5,doubled,opposed,9,-649,-634,15,8/2p2k1p/5P2/2P3pK/p1P5/4PP2/8/8 w - - 0 1
kp,2,5,doubled,opposed,10,-900,-844,56,8/K1p1k3/6p1/2P1P3/2P1Pp2/8/8/8 w - - 0 1
kp,2,5,doubled,opposed,12,-764,-760,4,k7/2p5/8/K1P5/P1P1P3/5pp1/8/8 w - - 0 1
kp,2,5,doubled,opposed,14,-2209,-2520,-311,4K3/2p5/8/2P1k3/2P5/P7/7p/8 w - - 0 1
kp,2,5,doubled,blocked,1,796,826,30,8/6K1/p1p5/2P5/2P1P3/4k3/8/8 w - - 0 1
kp,2,5,doubled,blocked,2,697,729,32,8/4k3/2p1p2P/2P3Pp/p1P5/8/5P2/7K w - - 0 1
kp,2,5,doubled,blocked,3,0,36,36,6K1/5P2/P1p5/2P5/k1P2p2/7p/5Pp1/8 w - - 0 1
kp,2,5,doubled,blocked,4,767,602,-165,7k/8/2p5/2P5/2P4p/8/4P2K/8 w - - 0 1
kp,2,5,doubled,blocked,5,-2839,-2491,348,8/8/2p4K/2P5/2P1P3/7p/8/5k2 w - - 0 1
kp,2,5,doubled,blocked,6,744,746,2,8/8/2p1P3/P1P3pK/p1P5/8/4k3/8 w - - 0 1
kp,2,5,doubled,blocked,7,829,824,-5,k7/4P3/2p2pK1/2P5/2P5/P7/p7/8 w - - 0 1
kp,2,5,doubled,blocked,8,-713,-705,8,8/7p/K1p1kP2/2P5/2P3p1/4P3/5P1p/8 w - - 0 1
kp,2,5,doubled,blocked,9,-642,-631,11,8/5k1p/2p2P2/2P3pK/p1P5/4PP2/8/8 w - - 0 1
kp,2,5,doubled,blocked,12,-741,-729,12,k7/8/2p5/K1P5/P1P1P3/5pp1/8/8 w - - 0 1
kp,2,6,isolated,passed,0,10,6,-4,8/8/k1P4p/8/8/7P/K7/8 w - - 0 1
kp,2,6,isolated,passed,2,709,728,19,8/4k3/2P1p2P/6Pp/p7/8/5P2/7K w - - 0 1
kp,2,6,isolated,passed,3,-7,177,184,6K1/5P2/P1P5/8/k4p2/7p/5Pp1/8 w - - 0 1
kp,2,6,isolated,passed,6,886,835,-51,8/8/2P1P3/P5pK/p7/8/4k3/8 w - - 0 1
kp,2,6,isolated,passed,7,1383,1225,-158,k7/4P3/2P2pK1/8/8/P7/p7/8 w - - 0 1
kp,2,6,isolated,passed,12,-826,-743,83,k7/8/2P5/K7/P3P3/5pp1/8/8 w - - 0 1
kp,2,6,isolated,passed,13,657,898,241,8/P7/2P5/8/4K1Pp/6pp/5kP1/8 w - - 0 1
kp,2,6,isolated,contested,2,666,695,29,8/3pk3/2P1p2P/6Pp/p7/8/5P2/7K w - - 0 1
kp,2,6,isolated,contested,3,-101,143,244,6K1/3p1P2/P1P5/8/k4p2/7p/5Pp1/8 w - - 0 1
kp,2,6,isolated,contested,6,717,943,226,8/3p4/2P1P3/P5pK/p7/8/4k3/8 w - - 0 1
kp,2,6,isolated,contested,8,-739,-630,109,8/3p3p/K1P1kP2/8/6p1/4P3/5P1p/8 w - - 0 1
kp,2,6,isolated,contested,13,331,622,291,8/P2p4/2P5/8/4K1Pp/6pp/5kP1/8 w - - 0 1
kp,2,6,isolated,blocked,0,-617,-583,34,8/2p5/k1P4p/8/8/7P/K7/8 w - - 0 1
kp,2,6,isolated,blocked,1,537,702,165,8/2p3K1/p1P5/8/4P3/4k3/8/8 w - - 0 1
kp,2,6,isolated,blocked,2,655,700,45,8/2p1k3/2P1p2P/6Pp/p7/8/5P2/7K w - - 0 1
kp,2,6,isolated,blocked,3,-150,41,191,6K1/2p2P2/P1P5/8/k4p2/7p/5Pp1/8 w - - 0 1
kp,2,6,isolated,blocked,5,-3002,-2695,307,8/2p5/2P4K/8/4P3/7p/8/5k2 w - - 0 1
kp,2,6,isolated,blocked,6,687,703,16,8/2p5/2P1P3/P5pK/p7/8/4k3/8 w - - 0 1
kp,2,6,isolated,blocked,7,710,728,18,k7/2p1P3/2P2pK1/8/8/P7/p7/8 w - - 0 1
kp,2,6,isolated,blocked,8,-752,-720,32,8/2p4p/K1P1kP2/8/6p1/4P3/5P1p/8 w - - 0 1
kp,2,6,isolated,blocked,9,-680,-755,-75,8/2p2k1p/2P2P2/6pK/p7/4PP2/8/8 w - - 0 1
kp,2,6,isolated,blocked,12,-862,-826,36,k7/2p5/2P5/K7/P3P3/5pp1/8/8 w - - 0 1
kp,2,6,isolated,blocked,13,611,582,-29,8/P1p5/2P5/8/4K1Pp/6pp/5kP1/8 w - - 0 1
kp,2,6,isolated,blocked,15,2216,1865,-351,8/2p5/2P2P2/8/7k/5p2/8/5K2 w - - 0 1
kp,2,6,unsupported,passed,3,844,955,111,6K1/1P1P1P2/P1P5/8/k4p2/7p/5Pp1/8 w - - 0 1
kp,2,6,unsupported,passed,8,863,943,80,8/1P1P3p/K1P1kP2/8/6p1/4P3/5P1p/8 w - - 0 1
kp,2,6,unsupported,passed,11,1335,1390,55,7k/1P1P4/2P5/P7/8/5K2/6p1/8 w - - 0 1
kp,2,6,unsupported,passed,13,957,1225,268,8/PP1P4/2P5/8/4K1Pp/6pp/5kP1/8 w - - 0 1
kp,2,6,unsupported,passed,15,1371,1221,-150,8/1P1P4/2P2P2/8/7k/5p2/8/5K2 w - - 0 1
kp,2,6,unsupported,contested,1,906,896,-10,8/1P1p2K1/p1P5/8/4P3/4k3/8/8 w - - 0 1
kp,2,6,unsupported,contested,2,803,875,72,8/1P1pk3/2P1p2P/6Pp/p7/8/5P2/7K w - - 0 1
kp,2,6,unsupported,contested,3,851,691,-160,6K1/1P1p1P2/P1P5/8/k4p2/7p/5Pp1/8 w - - 0 1
kp,2,6,unsupported,contested,5,677,708,31,8/1P1p4/2P4K/8/4P3/7p/8/5k2 w - - 0 1
kp,2,6,unsupported,contested,6,847,968,121,8/1P1p4/2P1P3/P5pK/p7/8/4k3/8 w - - 0 1
kp,2,6,unsupported,contested,8,0,390,390,8/1P1p3p/K1P1kP2/8/6p1/4P3/5P1p/8 w - - 0 1
kp,2,6,unsupported,contested,9,890,1133,243,8/1P1p1k1p/2P2P2/6pK/p7/4PP2/8/8 w - - 0 1
kp,2,6,unsupported,contested,10,721,947,226,8/KP1pk3/2P3p1/4P3/4Pp2/8/8/8 w - - 0 1
kp,2,6,unsupported,contested,13,796,799,3,8/PP1p4/2P5/8/4K1Pp/6pp/5kP1/8 w - - 0 1
kp,2,6,unsupported,contested,14,696,702,6,4K3/1P1p4/2P5/4k3/8/P7/7p/8 w - - 0 1
kp,2,6,unsupported,contested,15,925,922,-3,8/1P1p4/2P2P2/8/7k/5p2/8/5K2 w - - 0 1
kp,2,6,unsupported,blocked,1,929,1027,98,8/1PpP2K1/p1P5/8/4P3/4k3/8/8 w - - 0 1
kp,2,6,unsupported,blocked,3,836,939,103,6K1/1PpP1P2/P1P5/8/k4p2/7p/5Pp1/8 w - - 0 1
kp,2,6,unsupported,blocked,4,1200,1223,23,7k/1PpP4/2P5/8/7p/8/4P2K/8 w - - 0 1
kp,2,6,unsupported,blocked,5,1033,923,-110,8/1PpP4/2P4K/8/4P3/7p/8/5k2 w - - 0 1
kp,2,6,unsupported,blocked,6,1208,1228,20,8/1PpP4/2P1P3/P5pK/p7/8/4k3/8 w - - 0 1
kp,2,6,unsupported,blocked,8,762,891,129,8/1PpP3p/K1P1kP2/8/6p1/4P3/5P1p/8 w - - 0 1
kp,2,6,unsupported,blocked,9,1217,1460,243,8/1PpP1k1p/2P2P2/6pK/p7/4PP2/8/8 w - - 0 1
kp,2,6,unsupported,blocked,11,1274,1412,138,7k/1PpP4/2P5/P7/8/5K2/6p1/8 w - - 0 1
kp,2,6,unsupported,blocked,13,899,944,45,8/PPpP4/2P5/8/4K1Pp/6pp/5kP1/8 w - - 0 1
kp,2,6,unsupported,blocked,14,480,645,165,4K3/1PpP4/2P5/4k3/8/P7/7p/8 w - - 0 1
kp,2,6,unsupported,blocked,15,908,968,60,8/1PpP4/2P2P2/8/7k/5p2/8/5K2 w - - 0 1
kp,2,6,supported,passed,2,719,823,104,8/4k3/2P1p2P/1P4Pp/p7/8/5P2/7K w - - 0 1
kp,2,6,supported,passed,3,29,187,158,6K1/5P2/P1P5/1P6/k4p2/7p/5Pp1/8 w - - 0 1
kp,2,6,supported,passed,6,851,911,60,8/8/2P1P3/PP4pK/p7/8/4k3/8 w - - 0 1
kp,2,6,supported,passed,11,1224,1330,106,7k/8/2P5/PP6/8/5K2/6p1/8 w - - 0 1
kp,2,6,supported,passed,12,-729,-607,122,k7/8/2P5/KP6/P3P3/5pp1/8/8 w - - 0 1
kp,2,6,supported,passed,13,780,847,67,8/P7/2P5/1P6/4K1Pp/6pp/5kP1/8 w - - 0 1
kp,2,6,supported,passed,15,1196,1583,387,8/8/2P2P2/1P6/7k/5p2/8/5K2 w - - 0 1
kp,2,6,supported,contested,1,979,942,-37,8/3p2K1/p1P5/1P6/4P3/4k3/8/8 w - - 0 1
kp,2,6,supported,contested,2,712,741,29,8/3pk3/2P1p2P/1P4Pp/p7/8/5P2/7K w - - 0 1
kp,2,6,supported,contested,3,0,300,300,6K1/3p1P2/P1P5/1P6/k4p2/7p/5Pp1/8 w - - 0 1
kp,2,6,supported,contested,6,770,855,85,8/3p4/2P1P3/PP4pK/p7/8/4k3/8 w - - 0 1
kp,2,6,supported,contested,7,1286,1043,-243,k7/3pP3/2P2pK1/1P6/8/P7/p7/8 w - - 0 1
kp,2,6,supported,contested,11,678,860,182,7k/3p4/2P5/PP6/8/5K2/6p1/8 w - - 0 1
kp,2,6,supported,contested,13,643,789,146,8/P2p4/2P5/1P6/4K1Pp/6pp/5kP1/8 w - - 0 1
kp,2,6,supported,contested,15,776,902,126,8/3p4/2P2P2/1P6/7k/5p2/8/5K2 w - - 0 1
kp,2,6,supported,blocked,1,666,959,293,8/2p3K1/p1P5/1P6/4P3/4k3/8/8 w - - 0 1
kp,2,6,supported,blocked,2,709,740,31,8/2p1k3/2P1p2P/1P4Pp/p7/8/5P2/7K w - - 0 1
kp,2,6,supported,blocked,3,0,40,40,6K1/2p2P2/P1P5/1P6/k4p2/7p/5Pp1/8 w - - 0 1
kp,2,6,supported,blocked,4,655,1055,400,7k/2p5/2P5/1P6/7p/8/4P2K/8 w - - 0 1
kp,2,6,supported,blocked,6,690,725,35,8/2p5/2P1P3/PP4pK/p7/8/4k3/8 w - - 0 1
kp,2,6,supported,blocked,8,-671,-532,139,8/2p4p/K1P1kP2/1P6/6p1/4P3/5P1p/8 w - - 0 1
kp,2,6,supported,blocked,11,971,848,-123,7k/2p5/2P5/PP6/8/5K2/6p1/8 w - - 0 1
kp,2,6,supported,blocked,12,-726,-711,15,k7/2p5/2P5/KP6/P3P3/5pp1/8/8 w - - 0 1
kp,2,6,supported,blocked,13,543,644,101,8/P1p5/2P5/1P6/4K1Pp/6pp/5kP1/8 w - - 0 1
kp,2,6,supported,blocked,14,-846,-815,31,4K3/2p5/2P5/1P2k3/8/P7/7p/8 w - - 0 1
kp,2,6,supported,blocked,15,2455,2476,21,8/2p5/2P2P2/1P6/7k/5p2/8/5K2 w - - 0 1
kp,2,6,phalanx,passed,2,807,804,-3,8/4k3/1PP1p2P/6Pp/p7/8/5P2/7K w - - 0 1
kp,2,6,phalanx,passed,3,178,304,126,6K1/5P2/PPP5/8/k4p2/7p/5Pp1/8 w - - 0 1
kp,2,6,phalanx,passed,4,1268,1354,86,7k/8/1PP5/8/7p/8/4P2K/8 w - - 0 1
kp,2,6,phalanx,passed,5,0,314,314,8/8/1PP4K/8/4P3/7p/8/5k2 w - - 0 1
kp,2,6,phalanx,passed,6,816,1006,190,8/8/1PP1P3/P5pK/p7/8/4k3/8 w - - 0 1
kp,2,6,phalanx,passed,9,767,830,63,8/5k1p/1PP2P2/6pK/p7/4PP2/8/8 w - - 0 1
kp,2,6,phalanx,passed,10,755,985,230,8/K3k3/1PP3p1/4P3/4Pp2/8/8/8 w - - 0 1
kp,2,6,phalanx,passed,13,778,748,-30,8/P7/1PP5/8/4K1Pp/6pp/5kP1/8 w - - 0 1
kp,2,6,phalanx,passed,14,2,267,265,4K3/8/1PP5/4k3/8/P7/7p/8 w - - 0 1
kp,2,6,phalanx,passed,15,3585,3204,-381,8/8/1PP2P2/8/7k/5p2/8/5K2 w - - 0 1
kp,2,6,phalanx,contested,1,613,973,360,8/3p2K1/pPP5/8/4P3/4k3/8/8 w - - 0 1
kp,2,6,phalanx,contested,2,740,809,69,8/3pk3/1PP1p2P/6Pp/p7/8/5P2/7K w - - 0 1
kp,2,6,phalanx,contested,3,62,143,81,6K1/3p1P2/PPP5/8/k4p2/7p/5Pp1/8 w - - 0 1
kp,2,6,phalanx,contested,4,1968,1920,-48,7k/3p4/1PP5/8/7p/8/4P2K/8 w - - 0 1
kp,2,6,phalanx,contested,5,0,213,213,8/3p4/1PP4K/8/4P3/7p/8/5k2 w - - 0 1
kp,2,6,phalanx,contested,6,817,967,150,8/3p4/1PP1P3/P5pK/p7/8/4k3/8 w - - 0 1
kp,2,6,phalanx,contested,9,723,975,252,8/3p1k1p/1PP2P2/6pK/p7/4PP2/8/8 w - - 0 1
kp,2,6,phalanx,contested,10,683,830,147,8/K2pk3/1PP3p1/4P3/4Pp2/8/8/8 w - - 0 1
kp,2,6,phalanx,contested,13,454,663,209,8/P2p4/1PP5/8/4K1Pp/6pp/5kP1/8 w - - 0 1
kp,2,6,phalanx,contested,14,0,244,244,4K3/3p4/1PP5/4k3/8/P7/7p/8 w - - 0 1
kp,2,6,phalanx,contested,15,1096,915,-181,8/3p4/1PP2P2/8/7k/5p2/8/5K2 w - - 0 1
kp,2,6,phalanx,blocked,2,805,895,90,8/2p1k3/1PP1p2P/6Pp/p7/8/5P2/7K w - - 0 1
kp,2,6,phalanx,blocked,3,338,237,-101,6K1/2p2P2/PPP5/8/k4p2/7p/5Pp1/8 w - - 0 1
kp,2,6,phalanx,blocked,6,854,914,60,8/2p5/1PP1P3/P5pK/p7/8/4k3/8 w - - 0 1
kp,2,6,phalanx,blocked,9,835,957,122,8/2p2k1p/1PP2P2/6pK/p7/4PP2/8/8 w - - 0 1
kp,2,6,phalanx,blocked,10,600,928,328,8/K1p1k3/1PP3p1/4P3/4Pp2/8/8/8 w - - 0 1
kp,2,6,phalanx,blocked,11,1358,1192,-166,7k/2p5/1PP5/P7/8/5K2/6p1/8 w - - 0 1
kp,2,6,phalanx,blocked,13,621,605,-16,8/P1p5/1PP5/8/4K1Pp/6pp/5kP1/8 w - - 0 1
kp,2,6,phalanx,blocked,14,0,38,38,4K3/2p5/1PP5/4k3/8/P7/7p/8 w - - 0 1
kp,2,6,doubled,passed,2,772,830,58,8/4k3/2P1p2P/2P3Pp/p7/8/5P2/7K w - - 0 1
kp,2,6,doubled,passed,3,26,206,180,6K1/5P2/P1P5/2P5/k4p2/7p/5Pp1/8 w - - 0 1
kp,2,6,doubled,passed,6,815,907,92,8/8/2P1P3/P1P3pK/p7/8/4k3/8 w - - 0 1
kp,2,6,doubled,passed,12,-690,-636,54,k7/8/2P5/K1P5/P3P3/5pp1/8/8 w - - 0 1
kp,2,6,doubled,passed,13,311,544,233,8/P7/2P5/2P5/4K1Pp/6pp/5kP1/8 w - - 0 1
kp,2,6,doubled,contested,1,579,946,367,8/3p2K1/p1P5/2P5/4P3/4k3/8/8 w - - 0 1
kp,2,6,doubled,contested,2,709,767,58,8/3pk3/2P1p2P/2P3Pp/p7/8/5P2/7K w - - 0 1
kp,2,6,doubled,contested,3,47,355,308,6K1/3p1P2/P1P5/2P5/k4p2/7p/5Pp1/8 w - - 0 1
kp,2,6,doubled,contested,6,753,869,116,8/3p4/2P1P3/P1P3pK/p7/8/4k3/8 w - - 0 1
kp,2,6,doubled,contested,11,691,864,173,7k/3p4/2P5/P1P5/8/5K2/6p1/8 w - - 0 1
kp,2,6,doubled,blocked,0,-640,-611,29,8/2p5/k1P4p/2P5/8/7P/K7/8 w - - 0 1
kp,2,6,doubled,blocked,1,710,721,11,8/2p3K1/p1P5/2P5/4P3/4k3/8/8 w - - 0 1
kp,2,6,doubled,blocked,2,719,809,90,8/2p1k3/2P1p2P/2P3Pp/p7/8/5P2/7K w - - 0 1
kp,2,6,doubled,blocked,3,13,380,367,6K1/2p2P2/P1P5/2P5/k4p2/7p/5Pp1/8 w - - 0 1
kp,2,6,doubled,blocked,4,626,602,-24,7k/2p5/2P5/2P5/7p/8/4P2K/8 w - - 0 1
kp,2,6,doubled,blocked,6,758,724,-34,8/2p5/2P1P3/P1P3pK/p7/8/4k3/8 w - - 0 1
kp,2,6,doubled,blocked,8,-724,-616,108,8/2p4p/K1P1kP2/2P5/6p1/4P3/5P1p/8 w - - 0 1
kp,2,6,doubled,blocked,9,-673,-697,-24,8/2p2k1p/2P2P2/2P3pK/p7/4PP2/8/8 w - - 0 1
kp,2,6,doubled,blocked,10,-799,-854,-55,8/K1p1k3/2P3p1/2P1P3/4Pp2/8/8/8 w - - 0 1
kp,2,6,doubled,blocked,12,-773,-813,-40,k7/2p5/2P5/K1P5/P3P3/5pp1/8/8 w - - 0 1
kp,2,6,doubled,blocked,13,164,283,119,8/P1p5/2P5/2P5/4K1Pp/6pp/5kP1/8 w - - 0 1
kp,2,6,doubled,blocked,14,-1617,-1330,287,4K3/2p5/2P5/2P1k3/8/P7/7p/8 w - - 0 1
kp,2,7,isolated,passed,2,721,873,152,8/2P1k3/4p2P/6Pp/p7/8/5P2/7K w - - 0 1
kp,2,7,isolated,passed,6,793,1191,398,8/2P5/4P3/P5pK/p7/8/4k3/8 w - - 0 1
kp,2,7,isolated,passed,13,739,996,257,8/P1P5/8/8/4K1Pp/6pp/5kP1/8 w - - 0 1
kp,2,7,isolated,passed,15,2042,2043,1,8/2P5/5P2/8/7k/5p2/8/5K2 w - - 0 1
kp,2,7,supported,passed,2,860,1158,298,8/2P1k3/1P2p2P/6Pp/p7/8/5P2/7K w - - 0 1
kp,2,7,supported,passed,13,563,829,266,8/P1P5/1P6/8/4K1Pp/6pp/5kP1/8 w - - 0 1
kp,2,7,supported,passed,15,878,1178,300,8/2P5/1P3P2/8/7k/5p2/8/5K2 w - - 0 1
kp,2,7,phalanx,passed,3,792,1149,357,6K1/1PP2P2/P7/8/k4p2/7p/5Pp1/8 w - - 0 1
kp,2,7,phalanx,passed,6,1256,1419,163,8/1PP5/4P3/P5pK/p7/8/4k3/8 w - - 0 1
kp,2,7,phalanx,passed,14,1082,931,-151,4K3/1PP5/8/4k3/8/P7/7p/8 w - - 0 1
kp,2,7,phalanx,passed,15,1234,1140,-94,8/1PP5/5P2/8/7k/5p2/8/5K2 w - - 0 1
kp,2,7,doubled,passed,2,800,1027,227,8/2P1k3/2P1p2P/6Pp/p7/8/5P2/7K w - - 0 1
kp,2,7,doubled,passed,3,186,578,392,6K1/2P2P2/P1P5/8/k4p2/7p/5Pp1/8 w - - 0 1
kp,2,7,doubled,passed,4,5678,5670,-8,7k/2P5/2P5/8/7p/8/4P2K/8 w - - 0 1
kp,2,7,doubled,passed,6,953,1137,184,8/2P5/2P1P3/P5pK/p7/8/4k3/8 w - - 0 1
kp,2,7,doubled,passed,13,840,913,73,8/P1P5/2P5/8/4K1Pp/6pp/5kP1/8 w - - 0 1
kp,2,7,doubled,passed,14,0,343,343,4K3/2P5/2P5/4k3/8/P7/7p/8 w - - 0 1
kp,4,2,isolated,passed,0,-610,-619,-9,8/k7/P7/PK6/p7/8/p3P3/8 w - - 0 1
kp,4,2,isolated,passed,1,709,792,83,8/2P5/6pk/8/7K/Pp6/4P3/8 w - - 0 1
kp,4,2,isolated,passed,2,0,287,287,8/p7/8/7k/8/2P5/4P3/6K1 w - - 0 1
kp,4,2,isolated,passed,3,759,765,6,8/8/8/K7/1p5P/8/4P3/1k6 w - - 0 1
kp,4,2,isolated,passed,4,-663,-726,-63,7K/1p6/8/8/6k1/1P4p1/1P2P3/8 w - - 0 1
kp,4,2,isolated,passed,5,878,831,-47,8/1K6/6P1/2p5/p1p3P1/8/P3P2k/8 w - - 0 1
kp,4,2,isolated,passed,6,618,765,147,8/6P1/7k/8/7p/8/2K1P3/8 w - - 0 1
kp,4,2,isolated,passed,7,548,734,186,8/8/8/P7/2k5/6p1/4P3/6K1 w - - 0 1
kp,4,2,isolated,passed,9,633,668,35,8/7P/2p3k1/8/8/P7/4P2p/2K5 w - - 0 1
kp,4,2,isolated,passed,10,573,505,-68,6k1/8/1p6/8/8/1Pp5/4P2P/2K5 w - - 0 1
kp,4,2,isolated,passed,11,3,3,0,K7/8/P7/1pp5/6Pp/P7/4P3/6k1 w - - 0 1
kp,4,2,isolated,passed,12,-1,264,265,8/6p1/1P6/1P6/6pk/8/p3P1PK/8 w - - 0 1
kp,4,2,isolated,passed,13,-770,-749,21,8/8/7k/8/P1P5/6pp/K3P3/8 w - - 0 1
kp,4,2,isolated,passed,14,310,502,192,8/8/1p6/8/6P1/7K/4P3/k7 w - - 0 1
kp,4,2,isolated,contested,1,678,685,7,8/2P5/6pk/8/7K/Pp3p2/4P3/8 w - - 0 1
kp,4,2,isolated,contested,2,-483,-480,3,8/p7/8/7k/8/2P2p2/4P3/6K1 w - - 0 1
kp,4,2,isolated,contested,4,-872,-816,56,7K/1p6/8/8/6k1/1P3pp1/1P2P3/8 w - - 0 1
kp,4,2,isolated,contested,5,0,61,61,8/1K6/6P1/2p5/p1p3P1/5p2/P3P2k/8 w - - 0 1
kp,4,2,isolated,contested,6,551,610,59,8/6P1/7k/8/7p/5p2/2K1P3/8 w - - 0 1
kp,4,2,isolated,contested,9,634,520,-114,8/7P/2p3k1/8/8/P4p2/4P2p/2K5 w - - 0 1
kp,4,2,isolated,contested,13,-840,-767,73,8/8/7k/8/P1P5/5ppp/K3P3/8 w - - 0 1
kp,4,2,isolated,contested,14,310,552,242,8/8/1p6/8/6P1/5p1K/4P3/k7 w - - 0 1
kp,4,2,isolated,opposed,0,-865,-785,80,8/k7/P7/PK6/p3p3/8/p3P3/8 w - - 0 1
kp,4,2,isolated,opposed,1,702,818,116,8/2P5/6pk/8/4p2K/Pp6/4P3/8 w - - 0 1
kp,4,2,isolated,opposed,4,-945,-878,67,7K/1p6/8/8/4p1k1/1P4p1/1P2P3/8 w - - 0 1
kp,4,2,isolated,opposed,5,690,794,104,8/1K6/6P1/2p5/p1p1p1P1/8/P3P2k/8 w - - 0 1
kp,4,2,isolated,opposed,6,628,746,118,8/6P1/7k/8/4p2p/8/2K1P3/8 w - - 0 1
kp,4,2,isolated,opposed,9,664,615,-49,8/7P/2p3k1/8/4p3/P7/4P2p/2K5 w - - 0 1
kp,4,2,isolated,opposed,10,533,467,-66,6k1/8/1p6/8/4p3/1Pp5/4P2P/2K5 w - - 0 1
kp,4,2,isolated,opposed,11,0,230,230,K7/8/P7/1pp5/4p1Pp/P7/4P3/6k1 w - - 0 1
kp,4,2,isolated,opposed,12,0,86,86,8/6p1/1P6/1P6/4p1pk/8/p3P1PK/8 w - - 0 1
kp,4,2,isolated,opposed,13,-813,-742,71,8/8/7k/8/P1P1p3/6pp/K3P3/8 w - - 0 1
kp,4,2,isolated,blocked,0,-1047,-869,178,8/k7/P7/PK6/p7/4p3/p3P3/8 w - - 0 1
kp,4,2,isolated,blocked,1,673,808,135,8/2P5/6pk/8/7K/Pp2p3/4P3/8 w - - 0 1
kp,4,2,isolated,blocked,2,-554,-500,54,8/p7/8/7k/8/2P1p3/4P3/6K1 w - - 0 1
kp,4,2,isolated,blocked,4,-1047,-967,80,7K/1p6/8/8/6k1/1P2p1p1/1P2P3/8 w - - 0 1
kp,4,2,isolated,blocked,6,652,807,155,8/6P1/7k/8/7p/4p3/2K1P3/8 w - - 0 1
kp,4,2,isolated,blocked,9,684,785,101,8/7P/2p3k1/8/8/P3p3/4P2p/2K5 w - - 0 1
kp,4,2,isolated,blocked,13,-868,-797,71,8/8/7k/8/P1P5/4p1pp/K3P3/8 w - - 0 1
kp,4,2,unsupported,passed,0,-573,-543,30,8/k7/P7/PK6/p7/3P1P2/p3P3/8 w - - 0 1
kp,4,2,unsupported,passed,1,798,885,87,8/2P5/6pk/8/7K/Pp1P1P2/4P3/8 w - - 0 1
kp,4,2,unsupported,passed,2,432,397,-35,8/p7/8/7k/8/2PP1P2/4P3/6K1 w - - 0 1
kp,4,2,unsupported,passed,3,690,855,165,8/8/8/K7/1p5P/3P1P2/4P3/1k6 w - - 0 1
kp,4,2,unsupported,passed,5,863,926,63,8/1K6/6P1/2p5/p1p3P1/3P1P2/P3P2k/8 w - - 0 1
kp,4,2,unsupported,passed,6,751,800,49,8/6P1/7k/8/7p/3P1P2/2K1P3/8 w - - 0 1
kp,4,2,unsupported,passed,8,883,602,-281,1k6/8/1K6/2p5/2P5/3P1P2/4P3/8 w - - 0 1
kp,4,2,unsupported,passed,9,684,726,42,8/7P/2p3k1/8/8/P2P1P2/4P2p/2K5 w - - 0 1
kp,4,2,unsupported,passed,10,522,582,60,6k1/8/1p6/8/8/1PpP1P2/4P2P/2K5 w - - 0 1
kp,4,2,unsupported,passed,11,277,361,84,K7/8/P7/1pp5/6Pp/P2P1P2/4P3/6k1 w - - 0 1
kp,4,2,unsupported,passed,13,-677,-613,64,8/8/7k/8/P1P5/3P1Ppp/K3P3/8 w - - 0 1
kp,4,2,unsupported,passed,14,642,671,29,8/8/1p6/8/6P1/3P1P1K/4P3/k7 w - - 0 1
kp,4,2,unsupported,passed,15,711,627,-84,8/6k1/8/8/2p5/P2P1P2/4P1K1/8 w - - 0 1
kp,4,2,unsupported,contested,0,-902,-769,133,8/k7/P7/PK6/p7/3P1p2/p3P3/8 w - - 0 1
kp,4,2,unsupported,contested,1,667,734,67,8/2P5/6pk/8/7K/Pp1P1p2/4P3/8 w - - 0 1
kp,4,2,unsupported,contested,2,-482,-395,87,8/p7/8/7k/8/2PP1p2/4P3/6K1 w - - 0 1
kp,4,2,unsupported,contested,4,-871,-737,134,7K/1p6/8/8/6k1/1P1P1pp1/1P2P3/8 w - - 0 1
kp,4,2,unsupported,contested,5,73,135,62,8/1K6/6P1/2p5/p1p3P1/3P1p2/P3P2k/8 w - - 0 1
kp,4,2,unsupported,contested,6,730,687,-43,8/6P1/7k/8/7p/3P1p2/2K1P3/8 w - - 0 1
kp,4,2,unsupported,contested,9,676,690,14,8/7P/2p3k1/8/8/P2P1p2/4P2p/2K5 w - - 0 1
kp,4,2,unsupported,contested,13,-804,-746,58,8/8/7k/8/P1P5/3P1ppp/K3P3/8 w - - 0 1
kp,4,2,unsupported,contested,14,473,658,185,8/8/1p6/8/6P1/3P1p1K/4P3/k7 w - - 0 1
kp,4,2,unsupported,opposed,0,-643,-606,37,8/k7/P7/PK6/p3p3/3P1P2/p3P3/8 w - - 0 1
kp,4,2,unsupported,opposed,1,691,804,113,8/2P5/6pk/8/4p2K/Pp1P1P2/4P3/8 w - - 0 1
kp,4,2,unsupported,opposed,2,-1,295,296,8/p7/8/7k/4p3/2PP1P2/4P3/6K1 w - - 0 1
kp,4,2,unsupported,opposed,5,242,617,375,8/1K6/6P1/2p5/p1p1p1P1/3P1P2/P3P2k/8 w - - 0 1
kp,4,2,unsupported,opposed,6,709,744,35,8/6P1/7k/8/4p2p/3P1P2/2K1P3/8 w - - 0 1
kp,4,2,unsupported,opposed,8,763,875,112,1k6/8/1K6/2p5/2P1p3/3P1P2/4P3/8 w - - 0 1
kp,4,2,unsupported,opposed,9,588,672,84,8/7P/2p3k1/8/4p3/P2P1P2/4P2p/2K5 w - - 0 1
kp,4,2,unsupported,opposed,10,526,536,10,6k1/8/1p6/8/4p3/1PpP1P2/4P2P/2K5 w - - 0 1
kp,4,2,unsupported,opposed,11,139,264,125,K7/8/P7/1pp5/4p1Pp/P2P1P2/4P3/6k1 w - - 0 1
kp,4,2,unsupported,opposed,13,-687,-639,48,8/8/7k/8/P1P1p3/3P1Ppp/K3P3/8 w - - 0 1
kp,4,2,unsupported,opposed,14,723,588,-135,8/8/1p6/8/4p1P1/3P1P1K/4P3/k7 w - - 0 1
kp,4,2,unsupported,opposed,15,499,565,66,8/6k1/8/8/2p1p3/P2P1P2/4P1K1/8 w - - 0 1
kp,4,2,unsupported,blocked,0,-817,-744,73,8/k7/P7/PK6/p7/3PpP2/p3P3/8 w - - 0 1
kp,4,2,unsupported,blocked,1,687,816,129,8/2P5/6pk/8/7K/Pp1PpP2/4P3/8 w - - 0 1
kp,4,2,unsupported,blocked,9,720,830,110,8/7P/2p3k1/8/8/P2PpP2/4P2p/2K5 w - - 0 1
kp,4,2,unsupported,blocked,13,-727,-650,77,8/8/7k/8/P1P5/3PpPpp/K3P3/8 w - - 0 1
kp,4,2,unsupported,blocked,14,275,499,224,8/8/1p6/8/6P1/3PpP1K/4P3/k7 w - - 0 1
kp,4,2,unsupported,blocked,15,732,490,-242,8/6k1/8/8/2p5/P2PpP2/4P1K1/8 w - - 0 1
kp,4,2,phalanx,passed,0,-625,-539,86,8/k7/P7/PK6/p7/8/p2PP3/8 w - - 0 1
kp,4,2,phalanx,passed,1,746,771,25,8/2P5/6pk/8/7K/Pp6/3PP3/8 w - - 0 1
kp,4,2,phalanx,passed,2,320,394,74,8/p7/8/7k/8/2P5/3PP3/6K1 w - - 0 1
kp,4,2,phalanx,passed,3,737,716,-21,8/8/8/K7/1p5P/8/3PP3/1k6 w - - 0 1
kp,4,2,phalanx,passed,4,-671,-598,73,7K/1p6/8/8/6k1/1P4p1/1P1PP3/8 w - - 0 1
kp,4,2,phalanx,passed,5,857,856,-1,8/1K6/6P1/2p5/p1p3P1/8/P2PP2k/8 w - - 0 1
kp,4,2,phalanx,passed,6,785,801,16,8/6P1/7k/8/7p/8/2KPP3/8 w - - 0 1
kp,4,2,phalanx,passed,7,767,689,-78,8/8/8/P7/2k5/6p1/3PP3/6K1 w - - 0 1
kp,4,2,phalanx,passed,9,683,711,28,8/7P/2p3k1/8/8/P7/3PP2p/2K5 w - - 0 1
kp,4,2,phalanx,passed,10,510,530,20,6k1/8/1p6/8/8/1Pp5/3PP2P/2K5 w - - 0 1
kp,4,2,phalanx,passed,11,108,225,117,K7/8/P7/1pp5/6Pp/P7/3PP3/6k1 w - - 0 1
kp,4,2,phalanx,passed,12,115,372,257,8/6p1/1P6/1P6/6pk/8/p2PP1PK/8 w - - 0 1
kp,4,2,phalanx,passed,13,-711,-729,-18,8/8/7k/8/P1P5/6pp/K2PP3/8 w - - 0 1
kp,4,2,phalanx,passed,14,447,509,62,8/8/1p6/8/6P1/7K/3PP3/k7 w - - 0 1
kp,4,2,phalanx,passed,15,702,513,-189,8/6k1/8/8/2p5/P7/3PP1K1/8 w - - 0 1
kp,4,2,phalanx,contested,0,-856,-759,97,8/k7/P7/PK6/p7/5p2/p2PP3/8 w - - 0 1
kp,4,2,phalanx,contested,1,694,729,35,8/2P5/6pk/8/7K/Pp3p2/3PP3/8 w - - 0 1
kp,4,2,phalanx,contested,2,5,13,8,8/p7/8/7k/8/2P2p2/3PP3/6K1 w - - 0 1
kp,4,2,phalanx,contested,4,-864,-835,29,7K/1p6/8/8/6k1/1P3pp1/1P1PP3/8 w - - 0 1
kp,4,2,phalanx,contested,6,721,735,14,8/6P1/7k/8/7p/5p2/2KPP3/8 w - - 0 1
kp,4,2,phalanx,contested,9,608,547,-61,8/7P/2p3k1/8/8/P4p2/3PP2p/2K5 w - - 0 1
kp,4,2,phalanx,contested,12,-691,-649,42,8/6p1/1P6/1P6/6pk/5p2/p2PP1PK/8 w - - 0 1
kp,4,2,phalanx,contested,13,-788,-772,16,8/8/7k/8/P1P5/5ppp/K2PP3/8 w - - 0 1
kp,4,2,phalanx,contested,14,477,666,189,8/8/1p6/8/6P1/5p1K/3PP3/k7 w - - 0 1
kp,4,2,phalanx,opposed,0,-841,-698,143,8/k7/P7/PK6/p3p3/8/p2PP3/8 w - - 0 1
kp,4,2,phalanx,opposed,1,720,782,62,8/2P5/6pk/8/4p2K/Pp6/3PP3/8 w - - 0 1
kp,4,2,phalanx,opposed,2,-36,270,306,8/p7/8/7k/4p3/2P5/3PP3/6K1 w - - 0 1
kp,4,2,phalanx,opposed,4,-822,-804,18,7K/1p6/8/8/4p1k1/1P4p1/1P1PP3/8 w - - 0 1
kp,4,2,phalanx,opposed,5,737,752,15,8/1K6/6P1/2p5/p1p1p1P1/8/P2PP2k/8 w - - 0 1
kp,4,2,phalanx,opposed,6,705,724,19,8/6P1/7k/8/4p2p/8/2KPP3/8 w - - 0 1
kp,4,2,phalanx,opposed,7,575,702,127,8/8/8/P7/2k1p3/6p1/3PP3/6K1 w - - 0 1
kp,4,2,phalanx,opposed,8,748,544,-204,1k6/8/1K6/2p5/2P1p3/8/3PP3/8 w - - 0 1
kp,4,2,phalanx,opposed,9,662,723,61,8/7P/2p3k1/8/4p3/P7/3PP2p/2K5 w - - 0 1
kp,4,2,phalanx,opposed,10,514,517,3,6k1/8/1p6/8/4p3/1Pp5/3PP2P/2K5 w - - 0 1
kp,4,2,phalanx,opposed,11,6,185,179,K7/8/P7/1pp5/4p1Pp/P7/3PP3/6k1 w - - 0 1
kp,4,2,phalanx,opposed,12,0,237,237,8/6p1/1P6/1P6/4p1pk/8/p2PP1PK/8 w - - 0 1
kp,4,2,phalanx,opposed,13,-753,-750,3,8/8/7k/8/P1P1p3/6pp/K2PP3/8 w - - 0 1
kp,4,2,phalanx,opposed,14,474,510,36,8/8/1p6/8/4p1P1/7K/3PP3/k7 w - - 0 1
kp,4,2,phalanx,opposed,15,641,523,-118,8/6k1/8/8/2p1p3/P7/3PP1K1/8 w - - 0 1
kp,4,2,phalanx,blocked,0,-936,-770,166,8/k7/P7/PK6/p7/4p3/p2PP3/8 w - - 0 1
kp,4,2,phalanx,blocked,1,699,741,42,8/2P5/6pk/8/7K/Pp2p3/3PP3/8 w - - 0 1
kp,4,2,phalanx,blocked,2,-464,-468,-4,8/p7/8/7k/8/2P1p3/3PP3/6K1 w - - 0 1
kp,4,2,phalanx,blocked,3,0,0,0,8/8/8/K7/1p5P/4p3/3PP3/1k6 w - - 0 1
kp,4,2,phalanx,blocked,4,-886,-827,59,7K/1p6/8/8/6k1/1P2p1p1/1P1PP3/8 w - - 0 1
kp,4,2,phalanx,blocked,5,102,135,33,8/1K6/6P1/2p5/p1p3P1/4p3/P2PP2k/8 w - - 0 1
kp,4,2,phalanx,blocked,6,721,751,30,8/6P1/7k/8/7p/4p3/2KPP3/8 w - - 0 1
kp,4,2,phalanx,blocked,7,629,698,69,8/8/8/P7/2k5/4p1p1/3PP3/6K1 w - - 0 1
kp,4,2,phalanx,blocked,9,682,732,50,8/7P/2p3k1/8/8/P3p3/3PP2p/2K5 w - - 0 1
kp,4,2,phalanx,blocked,10,480,525,45,6k1/8/1p6/8/8/1Pp1p3/3PP2P/2K5 w - - 0 1
kp,4,2,phalanx,blocked,11,-65,-58,7,K7/8/P7/1pp5/6Pp/P3p3/3PP3/6k1 w - - 0 1
kp,4,2,phalanx,blocked,13,-773,-726,47,8/8/7k/8/P1P5/4p1pp/K2PP3/8 w - - 0 1
kp,4,2,phalanx,blocked,14,518,533,15,8/8/1p6/8/6P1/4p2K/3PP3/k7 w - - 0 1
kp,4,3,isolated,passed,0,-621,-610,11,8/k7/P7/PK6/p7/4P3/p7/8 w - - 0 1
kp,4,3,isolated,passed,1,907,818,-89,8/2P5/6pk/8/7K/Pp2P3/8/8 w - - 0 1
kp,4,3,isolated,passed,2,0,294,294,8/p7/8/7k/8/2P1P3/8/6K1 w - - 0 1
kp,4,3,isolated,passed,3,682,858,176,8/8/8/K7/1p5P/4P3/8/1k6 w - - 0 1
kp,4,3,isolated,passed,4,-935,-1020,-85,7K/1p6/8/8/6k1/1P2P1p1/1P6/8 w - - 0 1
kp,4,3,isolated,passed,5,891,827,-64,8/1K6/6P1/2p5/p1p3P1/4P3/P6k/8 w - - 0 1
kp,4,3,isolated,passed,7,621,799,178,8/8/8/P7/2k5/4P1p1/8/6K1 w - - 0 1
kp,4,3,isolated,passed,9,719,704,-15,8/7P/2p3k1/8/8/P3P3/7p/2K5 w - - 0 1
kp,4,3,isolated,passed,10,594,506,-88,6k1/8/1p6/8/8/1Pp1P3/7P/2K5 w - - 0 1
kp,4,3,isolated,passed,11,0,12,12,K7/8/P7/1pp5/6Pp/P3P3/8/6k1 w - - 0 1
kp,4,3,isolated,passed,12,-14,-5,9,8/6p1/1P6/1P6/6pk/4P3/p5PK/8 w - - 0 1
kp,4,3,isolated,passed,13,-792,-729,63,8/8/7k/8/P1P5/4P1pp/K7/8 w - - 0 1
kp,4,3,isolated,passed,14,317,657,340,8/8/1p6/8/6P1/4P2K/8/k7 w - - 0 1
kp,4,3,isolated,contested,0,-896,-835,61,8/k7/P7/PK6/p4p2/4P3/p7/8 w - - 0 1
kp,4,3,isolated,contested,1,769,814,45,8/2P5/6pk/8/5p1K/Pp2P3/8/8 w - - 0 1
kp,4,3,isolated,contested,3,0,0,0,8/8/8/K7/1p3p1P/4P3/8/1k6 w - - 0 1
kp,4,3,isolated,contested,4,-905,-888,17,7K/1p6/8/8/5pk1/1P2P1p1/1P6/8 w - - 0 1
kp,4,3,isolated,contested,5,436,597,161,8/1K6/6P1/2p5/p1p2pP1/4P3/P6k/8 w - - 0 1
kp,4,3,isolated,contested,6,589,785,196,8/6P1/7k/8/5p1p/4P3/2K5/8 w - - 0 1
kp,4,3,isolated,contested,7,630,716,86,8/8/8/P7/2k2p2/4P1p1/8/6K1 w - - 0 1
kp,4,3,isolated,contested,9,658,692,34,8/7P/2p3k1/8/5p2/P3P3/7p/2K5 w - - 0 1
kp,4,3,isolated,contested,11,-255,-140,115,K7/8/P7/1pp5/5pPp/P3P3/8/6k1 w - - 0 1
kp,4,3,isolated,contested,13,-859,-727,132,8/8/7k/8/P1P2p2/4P1pp/K7/8 w - - 0 1
kp,4,3,isolated,contested,14,393,546,153,8/8/1p6/8/5pP1/4P2K/8/k7 w - - 0 1
kp,4,3,isolated,contested,15,-564,-536,28,8/6k1/8/8/2p2p2/P3P3/6K1/8 w - - 0 1
kp,4,3,isolated,opposed,0,-848,-743,105,8/k7/P7/PK2p3/p7/4P3/p7/8 w - - 0 1
kp,4,3,isolated,opposed,1,916,819,-97,8/2P5/6pk/4p3/7K/Pp2P3/8/8 w - - 0 1
kp,4,3,isolated,opposed,2,-557,-529,28,8/p7/8/4p2k/8/2P1P3/8/6K1 w - - 0 1
kp,4,3,isolated,opposed,3,660,822,162,8/8/8/K3p3/1p5P/4P3/8/1k6 w - - 0 1
kp,4,3,isolated,opposed,4,-945,-987,-42,7K/1p6/8/4p3/6k1/1P2P1p1/1P6/8 w - - 0 1
kp,4,3,isolated,opposed,5,724,800,76,8/1K6/6P1/2p1p3/p1p3P1/4P3/P6k/8 w - - 0 1
kp,4,3,isolated,opposed,7,523,565,42,8/8/8/P3p3/2k5/4P1p1/8/6K1 w - - 0 1
kp,4,3,isolated,opposed,9,568,658,90,8/7P/2p3k1/4p3/8/P3P3/7p/2K5 w - - 0 1
kp,4,3,isolated,opposed,10,465,524,59,6k1/8/1p6/4p3/8/1Pp1P3/7P/2K5 w - - 0 1
kp,4,3,isolated,opposed,11,-74,0,74,K7/8/P7/1pp1p3/6Pp/P3P3/8/6k1 w - - 0 1
kp,4,3,isolated,opposed,12,-206,-150,56,8/6p1/1P6/1P2p3/6pk/4P3/p5PK/8 w - - 0 1
kp,4,3,isolated,opposed,13,-799,-774,25,8/8/7k/4p3/P1P5/4P1pp/K7/8 w - - 0 1
kp,4,3,isolated,opposed,14,370,573,203,8/8/1p6/4p3/6P1/4P2K/8/k7 w - - 0 1
kp,4,3,isolated,blocked,0,-1042,-1003,39,8/k7/P7/PK6/p3p3/4P3/p7/8 w - - 0 1
kp,4,3,isolated,blocked,1,878,833,-45,8/2P5/6pk/8/4p2K/Pp2P3/8/8 w - - 0 1
kp,4,3,isolated,blocked,2,-567,-488,79,8/p7/8/7k/4p3/2P1P3/8/6K1 w - - 0 1
kp,4,3,isolated,blocked,4,-1272,-1132,140,7K/1p6/8/8/4p1k1/1P2P1p1/1P6/8 w - - 0 1
kp,4,3,isolated,blocked,5,685,810,125,8/1K6/6P1/2p5/p1p1p1P1/4P3/P6k/8 w - - 0 1
kp,4,3,isolated,blocked,9,701,703,2,8/7P/2p3k1/8/4p3/P3P3/7p/2K5 w - - 0 1
kp,4,3,isolated,blocked,10,553,558,5,6k1/8/1p6/8/4p3/1Pp1P3/7P/2K5 w - - 0 1
kp,4,3,isolated,blocked,11,1,303,302,K7/8/P7/1pp5/4p1Pp/P3P3/8/6k1 w - - 0 1
kp,4,3,isolated,blocked,12,-4,-4,0,8/6p1/1P6/1P6/4p1pk/4P3/p5PK/8 w - - 0 1
kp,4,3,isolated,blocked,13,-819,-761,58,8/8/7k/8/P1P1p3/4P1pp/K7/8 w - - 0 1
kp,4,3,unsupported,passed,0,-610,-526,84,8/k7/P7/PK6/p2P1P2/4P3/p7/8 w - - 0 1
kp,4,3,unsupported,passed,2,412,420,8,8/p7/8/7k/3P1P2/2P1P3/8/6K1 w - - 0 1
kp,4,3,unsupported,passed,3,877,913,36,8/8/8/K7/1p1P1P1P/4P3/8/1k6 w - - 0 1
kp,4,3,unsupported,passed,4,-822,-668,154,7K/1p6/8/8/3P1Pk1/1P2P1p1/1P6/8 w - - 0 1
kp,4,3,unsupported,passed,5,820,861,41,8/1K6/6P1/2p5/p1pP1PP1/4P3/P6k/8 w - - 0 1
kp,4,3,unsupported,passed,6,1196,1135,-61,8/6P1/7k/8/3P1P1p/4P3/2K5/8 w - - 0 1
kp,4,3,unsupported,passed,7,745,777,32,8/8/8/P7/2kP1P2/4P1p1/8/6K1 w - - 0 1
kp,4,3,unsupported,passed,8,1016,994,-22,1k6/8/1K6/2p5/2PP1P2/4P3/8/8 w - - 0 1
kp,4,3,unsupported,passed,9,734,787,53,8/7P/2p3k1/8/3P1P2/P3P3/7p/2K5 w - - 0 1
kp,4,3,unsupported,passed,10,498,622,124,6k1/8/1p6/8/3P1P2/1Pp1P3/7P/2K5 w - - 0 1
kp,4,3,unsupported,passed,11,372,421,49,K7/8/P7/1pp5/3P1PPp/P3P3/8/6k1 w - - 0 1
kp,4,3,unsupported,passed,12,0,0,0,8/6p1/1P6/1P6/3P1Ppk/4P3/p5PK/8 w - - 0 1
kp,4,3,unsupported,passed,13,-688,-629,59,8/8/7k/8/P1PP1P2/4P1pp/K7/8 w - - 0 1
kp,4,3,unsupported,passed,14,698,749,51,8/8/1p6/8/3P1PP1/4P2K/8/k7 w - - 0 1
kp,4,3,unsupported,passed,15,570,608,38,8/6k1/8/8/2pP1P2/P3P3/6K1/8 w - - 0 1
kp,4,3,unsupported,contested,0,-817,-715,102,8/k7/P7/PK6/p2P1p2/4P3/p7/8 w - - 0 1
kp,4,3,unsupported,contested,1,829,812,-17,8/2P5/6pk/8/3P1p1K/Pp2P3/8/8 w - - 0 1
kp,4,3,unsupported,contested,3,-24,24,48,8/8/8/K7/1p1P1p1P/4P3/8/1k6 w - - 0 1
kp,4,3,unsupported,contested,4,-943,-812,131,7K/1p6/8/8/3P1pk1/1P2P1p1/1P6/8 w - - 0 1
kp,4,3,unsupported,contested,5,426,530,104,8/1K6/6P1/2p5/p1pP1pP1/4P3/P6k/8 w - - 0 1
kp,4,3,unsupported,contested,6,727,690,-37,8/6P1/7k/8/3P1p1p/4P3/2K5/8 w - - 0 1
kp,4,3,unsupported,contested,7,622,713,91,8/8/8/P7/2kP1p2/4P1p1/8/6K1 w - - 0 1
kp,4,3,unsupported,contested,9,524,719,195,8/7P/2p3k1/8/3P1p2/P3P3/7p/2K5 w - - 0 1
kp,4,3,unsupported,contested,11,0,-13,-13,K7/8/P7/1pp5/3P1pPp/P3P3/8/6k1 w - - 0 1
kp,4,3,unsupported,contested,13,-790,-698,92,8/8/7k/8/P1PP1p2/4P1pp/K7/8 w - - 0 1
kp,4,3,unsupported,contested,14,511,675,164,8/8/1p6/8/3P1pP1/4P2K/8/k7 w - - 0 1
kp,4,3,unsupported,contested,15,-546,-531,15,8/6k1/8/8/2pP1p2/P3P3/6K1/8 w - - 0 1
kp,4,3,unsupported,opposed,0,-585,-556,29,8/k7/P7/PK2p3/p2P1P2/4P3/p7/8 w - - 0 1
kp,4,3,unsupported,opposed,1,1042,898,-144,8/2P5/6pk/4p3/3P1P1K/Pp2P3/8/8 w - - 0 1
kp,4,3,unsupported,opposed,2,1,389,388,8/p7/8/4p2k/3P1P2/2P1P3/8/6K1 w - - 0 1
kp,4,3,unsupported,opposed,3,574,757,183,8/8/8/K3p3/1p1P1P1P/4P3/8/1k6 w - - 0 1
kp,4,3,unsupported,opposed,4,-813,-651,162,7K/1p6/8/4p3/3P1Pk1/1P2P1p1/1P6/8 w - - 0 1
kp,4,3,unsupported,opposed,5,671,734,63,8/1K6/6P1/2p1p3/p1pP1PP1/4P3/P6k/8 w - - 0 1
kp,4,3,unsupported,opposed,6,753,942,189,8/6P1/7k/4p3/3P1P1p/4P3/2K5/8 w - - 0 1
kp,4,3,unsupported,opposed,7,712,690,-22,8/8/8/P3p3/2kP1P2/4P1p1/8/6K1 w - - 0 1
kp,4,3,unsupported,opposed,8,1179,1168,-11,1k6/8/1K6/2p1p3/2PP1P2/4P3/8/8 w - - 0 1
kp,4,3,unsupported,opposed,9,695,724,29,8/7P/2p3k1/4p3/3P1P2/P3P3/7p/2K5 w - - 0 1
kp,4,3,unsupported,opposed,10,516,597,81,6k1/8/1p6/4p3/3P1P2/1Pp1P3/7P/2K5 w - - 0 1
kp,4,3,unsupported,opposed,11,155,344,189,K7/8/P7/1pp1p3/3P1PPp/P3P3/8/6k1 w - - 0 1
kp,4,3,unsupported,opposed,12,-152,-18,134,8/6p1/1P6/1P2p3/3P1Ppk/4P3/p5PK/8 w - - 0 1
kp,4,3,unsupported,opposed,13,-642,-606,36,8/8/7k/4p3/P1PP1P2/4P1pp/K7/8 w - - 0 1
kp,4,3,unsupported,opposed,14,693,815,122,8/8/1p6/4p3/3P1PP1/4P2K/8/k7 w - - 0 1
kp,4,3,unsupported,blocked,0,-709,-623,86,8/k7/P7/PK6/p2PpP2/4P3/p7/8 w - - 0 1
kp,4,3,unsupported,blocked,1,946,1021,75,8/2P5/6pk/8/3PpP1K/Pp2P3/8/8 w - - 0 1
kp,4,3,unsupported,blocked,2,0,398,398,8/p7/8/7k/3PpP2/2P1P3/8/6K1 w - - 0 1
kp,4,3,unsupported,blocked,4,-841,-682,159,7K/1p6/8/8/3PpPk1/1P2P1p1/1P6/8 w - - 0 1
kp,4,3,unsupported,blocked,5,675,628,-47,8/1K6/6P1/2p5/p1pPpPP1/4P3/P6k/8 w - - 0 1
kp,4,3,unsupported,blocked,9,704,758,54,8/7P/2p3k1/8/3PpP2/P3P3/7p/2K5 w - - 0 1
kp,4,3,unsupported,blocked,10,533,685,152,6k1/8/1p6/8/3PpP2/1Pp1P3/7P/2K5 w - - 0 1
kp,4,3,unsupported,blocked,11,188,394,206,K7/8/P7/1pp5/3PpPPp/P3P3/8/6k1 w - - 0 1
kp,4,3,unsupported,blocked,12,-330,-184,146,8/6p1/1P6/1P6/3PpPpk/4P3/p5PK/8 w - - 0 1
kp,4,3,unsupported,blocked,13,-641,-655,-14,8/8/7k/8/P1PPpP2/4P1pp/K7/8 w - - 0 1
kp,4,3,unsupported,blocked,14,622,617,-5,8/8/1p6/8/3PpPP1/4P2K/8/k7 w - - 0 1
kp,4,3,unsupported,blocked,15,426,550,124,8/6k1/8/8/2pPpP2/P3P3/6K1/8 w - - 0 1
kp,4,3,supported,passed,0,-754,-594,160,8/k7/P7/PK6/p7/4P3/p2P4/8 w - - 0 1
kp,4,3,supported,passed,1,953,834,-119,8/2P5/6pk/8/7K/Pp2P3/3P4/8 w - - 0 1
kp,4,3,supported,passed,2,324,391,67,8/p7/8/7k/8/2P1P3/3P4/6K1 w - - 0 1
kp,4,3,supported,passed,3,770,877,107,8/8/8/K7/1p5P/4P3/3P4/1k6 w - - 0 1
kp,4,3,supported,passed,4,-927,-761,166,7K/1p6/8/8/6k1/1P2P1p1/1P1P4/8 w - - 0 1
kp,4,3,supported,passed,5,879,997,118,8/1K6/6P1/2p5/p1p3P1/4P3/P2P3k/8 w - - 0 1
kp,4,3,supported,passed,6,784,780,-4,8/6P1/7k/8/7p/4P3/2KP4/8 w - - 0 1
kp,4,3,supported,passed,7,721,727,6,8/8/8/P7/2k5/4P1p1/3P4/6K1 w - - 0 1
kp,4,3,supported,passed,9,734,786,52,8/7P/2p3k1/8/8/P3P3/3P3p/2K5 w - - 0 1
kp,4,3,supported,passed,10,522,533,11,6k1/8/1p6/8/8/1Pp1P3/3P3P/2K5 w - - 0 1
kp,4,3,supported,passed,11,111,289,178,K7/8/P7/1pp5/6Pp/P3P3/3P4/6k1 w - - 0 1
kp,4,3,supported,passed,12,5,201,196,8/6p1/1P6/1P6/6pk/4P3/p2P2PK/8 w - - 0 1
kp,4,3,supported,passed,13,-690,-716,-26,8/8/7k/8/P1P5/4P1pp/K2P4/8 w - - 0 1
kp,4,3,supported,passed,14,557,716,159,8/8/1p6/8/6P1/4P2K/3P4/k7 w - - 0 1
kp,4,3,supported,passed,15,740,668,-72,8/6k1/8/8/2p5/P3P3/3P2K1/8 w - - 0 1
kp,4,3,supported,contested,0,-834,-734,100,8/k7/P7/PK6/p4p2/4P3/p2P4/8 w - - 0 1
kp,4,3,supported,contested,1,856,833,-23,8/2P5/6pk/8/5p1K/Pp2P3/3P4/8 w - - 0 1
kp,4,3,supported,contested,3,-71,39,110,8/8/8/K7/1p3p1P/4P3/3P4/1k6 w - - 0 1
kp,4,3,supported,contested,4,-897,-870,27,7K/1p6/8/8/5pk1/1P2P1p1/1P1P4/8 w - - 0 1
kp,4,3,supported,contested,5,621,810,189,8/1K6/6P1/2p5/p1p2pP1/4P3/P2P3k/8 w - - 0 1
kp,4,3,supported,contested,6,757,763,6,8/6P1/7k/8/5p1p/4P3/2KP4/8 w - - 0 1
kp,4,3,supported,contested,7,745,709,-36,8/8/8/P7/2k2p2/4P1p1/3P4/6K1 w - - 0 1
kp,4,3,supported,contested,9,686,690,4,8/7P/2p3k1/8/5p2/P3P3/3P3p/2K5 w - - 0 1
kp,4,3,supported,contested,10,472,517,45,6k1/8/1p6/8/5p2/1Pp1P3/3P3P/2K5 w - - 0 1
kp,4,3,supported,contested,11,-284,-137,147,K7/8/P7/1pp5/5pPp/P3P3/3P4/6k1 w - - 0 1
kp,4,3,supported,contested,12,-1234,-1444,-210,8/6p1/1P6/1P6/5ppk/4P3/p2P2PK/8 w - - 0 1
kp,4,3,supported,contested,13,-775,-749,26,8/8/7k/8/P1P2p2/4P1pp/K2P4/8 w - - 0 1
kp,4,3,supported,contested,14,518,674,156,8/8/1p6/8/5pP1/4P2K/3P4/k7 w - - 0 1
kp,4,3,supported,contested,15,740,724,-16,8/6k1/8/8/2p2p2/P3P3/3P2K1/8 w - - 0 1
kp,4,3,supported,opposed,0,-693,-698,-5,8/k7/P7/PK2p3/p7/4P3/p2P4/8 w - - 0 1
kp,4,3,supported,opposed,1,998,961,-37,8/2P5/6pk/4p3/7K/Pp2P3/3P4/8 w - - 0 1
kp,4,3,supported,opposed,2,-9,248,257,8/p7/8/4p2k/8/2P1P3/3P4/6K1 w - - 0 1
kp,4,3,supported,opposed,3,658,817,159,8/8/8/K3p3/1p5P/4P3/3P4/1k6 w - - 0 1
kp,4,3,supported,opposed,4,-900,-748,152,7K/1p6/8/4p3/6k1/1P2P1p1/1P1P4/8 w - - 0 1
kp,4,3,supported,opposed,5,811,837,26,8/1K6/6P1/2p1p3/p1p3P1/4P3/P2P3k/8 w - - 0 1
kp,4,3,supported,opposed,6,757,777,20,8/6P1/7k/4p3/7p/4P3/2KP4/8 w - - 0 1
kp,4,3,supported,opposed,7,679,736,57,8/8/8/P3p3/2k5/4P1p1/3P4/6K1 w - - 0 1
kp,4,3,supported,opposed,9,698,722,24,8/7P/2p3k1/4p3/8/P3P3/3P3p/2K5 w - - 0 1
kp,4,3,supported,opposed,10,526,473,-53,6k1/8/1p6/4p3/8/1Pp1P3/3P3P/2K5 w - - 0 1
kp,4,3,supported,opposed,11,9,88,79,K7/8/P7/1pp1p3/6Pp/P3P3/3P4/6k1 w - - 0 1
kp,4,3,supported,opposed,12,-5,120,125,8/6p1/1P6/1P2p3/6pk/4P3/p2P2PK/8 w - - 0 1
kp,4,3,supported,opposed,13,-772,-724,48,8/8/7k/4p3/P1P5/4P1pp/K2P4/8 w - - 0 1
kp,4,3,supported,opposed,14,516,544,28,8/8/1p6/4p3/6P1/4P2K/3P4/k7 w - - 0 1
kp,4,3,supported,opposed,15,558,563,5,8/6k1/8/4p3/2p5/P3P3/3P2K1/8 w - - 0 1
kp,4,3,supported,blocked,0,-864,-767,97,8/k7/P7/PK6/p3p3/4P3/p2P4/8 w - - 0 1
kp,4,3,supported,blocked,1,1161,980,-181,8/2P5/6pk/8/4p2K/Pp2P3/3P4/8 w - - 0 1
kp,4,3,supported,blocked,2,-2,253,255,8/p7/8/7k/4p3/2P1P3/3P4/6K1 w - - 0 1
kp,4,3,supported,blocked,4,-899,-849,50,7K/1p6/8/8/4p1k1/1P2P1p1/1P1P4/8 w - - 0 1
kp,4,3,supported,blocked,5,780,869,89,8/1K6/6P1/2p5/p1p1p1P1/4P3/P2P3k/8 w - - 0 1
kp,4,3,supported,blocked,7,761,753,-8,8/8/8/P7/2k1p3/4P1p1/3P4/6K1 w - - 0 1
kp,4,3,supported,blocked,9,722,754,32,8/7P/2p3k1/8/4p3/P3P3/3P3p/2K5 w - - 0 1
kp,4,3,supported,blocked,10,533,499,-34,6k1/8/1p6/8/4p3/1Pp1P3/3P3P/2K5 w - - 0 1
kp,4,3,supported,blocked,12,4,43,39,8/6p1/1P6/1P6/4p1pk/4P3/p2P2PK/8 w - - 0 1
kp,4,3,supported,blocked,13,-766,-744,22,8/8/7k/8/P1P1p3/4P1pp/K2P4/8 w - - 0 1
kp,4,3,supported,blocked,14,461,631,170,8/8/1p6/8/4p1P1/4P2K/3P4/k7 w - - 0 1
kp,4,3,supported,blocked,15,692,501,-191,8/6k1/8/8/2p1p3/P3P3/3P2K1/8 w - - 0 1
kp,4,3,phalanx,passed,0,-825,-564,261,8/k7/P7/PK6/p7/3PP3/p7/8 w - - 0 1
kp,4,3,phalanx,passed,1,937,944,7,8/2P5/6pk/8/7K/Pp1PP3/8/8 w - - 0 1
kp,4,3,phalanx,passed,2,350,380,30,8/p7/8/7k/8/2PPP3/8/6K1 w - - 0 1
kp,4,3,phalanx,passed,3,827,756,-71,8/8/8/K7/1p5P/3PP3/8/1k6 w - - 0 1
kp,4,3,phalanx,passed,4,-3718,-3665,53,7K/1p6/8/8/6k1/1P1PP1p1/1P6/8 w - - 0 1
kp,4,3,phalanx,passed,5,865,862,-3,8/1K6/6P1/2p5/p1p3P1/3PP3/P6k/8 w - - 0 1
kp,4,3,phalanx,passed,9,697,707,10,8/7P/2p3k1/8/8/P2PP3/7p/2K5 w - - 0 1
kp,4,3,phalanx,passed,10,495,513,18,6k1/8/1p6/8/8/1PpPP3/7P/2K5 w - - 0 1
kp,4,3,phalanx,passed,11,17,165,148,K7/8/P7/1pp5/6Pp/P2PP3/8/6k1 w - - 0 1
kp,4,3,phalanx,passed,12,-18,0,18,8/6p1/1P6/1P6/6pk/3PP3/p5PK/8 w - - 0 1
kp,4,3,phalanx,passed,13,-748,-689,59,8/8/7k/8/P1P5/3PP1pp/K7/8 w - - 0 1
kp,4,3,phalanx,passed,14,577,685,108,8/8/1p6/8/6P1/3PP2K/8/k7 w - - 0 1
kp,4,3,phalanx,passed,15,812,512,-300,8/6k1/8/8/2p5/P2PP3/6K1/8 w - - 0 1
kp,4,3,phalanx,contested,0,-899,-796,103,8/k7/P7/PK6/p4p2/3PP3/p7/8 w - - 0 1
kp,4,3,phalanx,contested,1,1110,850,-260,8/2P5/6pk/8/5p1K/Pp1PP3/8/8 w - - 0 1
kp,4,3,phalanx,contested,3,-61,6,67,8/8/8/K7/1p3p1P/3PP3/8/1k6 w - - 0 1
kp,4,3,phalanx,contested,4,-937,-872,65,7K/1p6/8/8/5pk1/1P1PP1p1/1P6/8 w - - 0 1
kp,4,3,phalanx,contested,5,437,405,-32,8/1K6/6P1/2p5/p1p2pP1/3PP3/P6k/8 w - - 0 1
kp,4,3,phalanx,contested,6,735,738,3,8/6P1/7k/8/5p1p/3PP3/2K5/8 w - - 0 1
kp,4,3,phalanx,contested,9,690,696,6,8/7P/2p3k1/8/5p2/P2PP3/7p/2K5 w - - 0 1
kp,4,3,phalanx,contested,11,-363,0,363,K7/8/P7/1pp5/5pPp/P2PP3/8/6k1 w - - 0 1
kp,4,3,phalanx,contested,13,-796,-724,72,8/8/7k/8/P1P2p2/3PP1pp/K7/8 w - - 0 1
kp,4,3,phalanx,contested,14,541,669,128,8/8/1p6/8/5pP1/3PP2K/8/k7 w - - 0 1
kp,4,3,phalanx,contested,15,812,546,-266,8/6k1/8/8/2p2p2/P2PP3/6K1/8 w - - 0 1
kp,4,3,phalanx,opposed,0,-803,-746,57,8/k7/P7/PK2p3/p7/3PP3/p7/8 w - - 0 1
kp,4,3,phalanx,opposed,1,783,825,42,8/2P5/6pk/4p3/7K/Pp1PP3/8/8 w - - 0 1
kp,4,3,phalanx,opposed,2,-14,284,298,8/p7/8/4p2k/8/2PPP3/8/6K1 w - - 0 1
kp,4,3,phalanx,opposed,3,664,716,52,8/8/8/K3p3/1p5P/3PP3/8/1k6 w - - 0 1
kp,4,3,phalanx,opposed,5,556,755,199,8/1K6/6P1/2p1p3/p1p3P1/3PP3/P6k/8 w - - 0 1
kp,4,3,phalanx,opposed,6,743,703,-40,8/6P1/7k/4p3/7p/3PP3/2K5/8 w - - 0 1
kp,4,3,phalanx,opposed,9,692,627,-65,8/7P/2p3k1/4p3/8/P2PP3/7p/2K5 w - - 0 1
kp,4,3,phalanx,opposed,10,462,466,4,6k1/8/1p6/4p3/8/1PpPP3/7P/2K5 w - - 0 1
kp,4,3,phalanx,opposed,11,1,4,3,K7/8/P7/1pp1p3/6Pp/P2PP3/8/6k1 w - - 0 1
kp,4,3,phalanx,opposed,12,-168,-125,43,8/6p1/1P6/1P2p3/6pk/3PP3/p5PK/8 w - - 0 1
kp,4,3,phalanx,opposed,13,-805,-794,11,8/8/7k/4p3/P1P5/3PP1pp/K7/8 w - - 0 1
kp,4,3,phalanx,opposed,14,524,583,59,8/8/1p6/4p3/6P1/3PP2K/8/k7 w - - 0 1
kp,4,3,phalanx,opposed,15,898,551,-347,8/6k1/8/4p3/2p5/P2PP3/6K1/8 w - - 0 1
kp,4,3,phalanx,blocked,0,-999,-770,229,8/k7/P7/PK6/p3p3/3PP3/p7/8 w - - 0 1
kp,4,3,phalanx,blocked,1,758,822,64,8/2P5/6pk/8/4p2K/Pp1PP3/8/8 w - - 0 1
kp,4,3,phalanx,blocked,2,-2,6,8,8/p7/8/7k/4p3/2PPP3/8/6K1 w - - 0 1
kp,4,3,phalanx,blocked,4,-886,-902,-16,7K/1p6/8/8/4p1k1/1P1PP1p1/1P6/8 w - - 0 1
kp,4,3,phalanx,blocked,5,543,772,229,8/1K6/6P1/2p5/p1p1p1P1/3PP3/P6k/8 w - - 0 1
kp,4,3,phalanx,blocked,6,780,793,13,8/6P1/7k/8/4p2p/3PP3/2K5/8 w - - 0 1
kp,4,3,phalanx,blocked,9,566,641,75,8/7P/2p3k1/8/4p3/P2PP3/7p/2K5 w - - 0 1
kp,4,3,phalanx,blocked,10,535,539,4,6k1/8/1p6/8/4p3/1PpPP3/7P/2K5 w - - 0 1
kp,4,3,phalanx,blocked,11,5,75,70,K7/8/P7/1pp5/4p1Pp/P2PP3/8/6k1 w - - 0 1
kp,4,3,phalanx,blocked,12,-137,-31,106,8/6p1/1P6/1P6/4p1pk/3PP3/p5PK/8 w - - 0 1
kp,4,3,phalanx,blocked,13,-781,-665,116,8/8/7k/8/P1P1p3/3PP1pp/K7/8 w - - 0 1
kp,4,3,phalanx,blocked,14,689,734,45,8/8/1p6/8/4p1P1/3PP2K/8/k7 w - - 0 1
kp,4,3,phalanx,blocked,15,563,776,213,8/6k1/8/8/2p1p3/P2PP3/6K1/8 w - - 0 1
kp,4,3,doubled,passed,0,-707,-810,-103,8/k7/P7/PK6/p7/4P3/p3P3/8 w - - 0 1
kp,4,3,doubled,passed,1,1296,1259,-37,8/2P5/6pk/8/7K/Pp2P3/4P3/8 w - - 0 1
kp,4,3,doubled,passed,2,333,354,21,8/p7/8/7k/8/2P1P3/4P3/6K1 w - - 0 1
kp,4,3,doubled,passed,3,1070,796,-274,8/8/8/K7/1p5P/4P3/4P3/1k6 w - - 0 1
kp,4,3,doubled,passed,4,-2716,-3027,-311,7K/1p6/8/8/6k1/1P2P1p1/1P2P3/8 w - - 0 1
kp,4,3,doubled,passed,5,861,867,6,8/1K6/6P1/2p5/p1p3P1/4P3/P3P2k/8 w - - 0 1
kp,4,3,doubled,passed,7,750,715,-35,8/8/8/P7/2k5/4P1p1/4P3/6K1 w - - 0 1
kp,4,3,doubled,passed,9,655,680,25,8/7P/2p3k1/8/8/P3P3/4P2p/2K5 w - - 0 1
kp,4,3,doubled,passed,10,616,543,-73,6k1/8/1p6/8/8/1Pp1P3/4P2P/2K5 w - - 0 1
kp,4,3,doubled,passed,11,5,45,40,K7/8/P7/1pp5/6Pp/P3P3/4P3/6k1 w - - 0 1
kp,4,3,doubled,passed,12,237,166,-71,8/6p1/1P6/1P6/6pk/4P3/p3P1PK/8 w - - 0 1
kp,4,3,doubled,passed,13,-747,-691,56,8/8/7k/8/P1P5/4P1pp/K3P3/8 w - - 0 1
kp,4,3,doubled,passed,14,683,759,76,8/8/1p6/8/6P1/4P2K/4P3/k7 w - - 0 1
kp,4,3,doubled,passed,15,759,574,-185,8/6k1/8/8/2p5/P3P3/4P1K1/8 w - - 0 1
kp,4,3,doubled,contested,0,-830,-738,92,8/k7/P7/PK6/p4p2/4P3/p3P3/8 w - - 0 1
kp,4,3,doubled,contested,1,787,836,49,8/2P5/6pk/8/5p1K/Pp2P3/4P3/8 w - - 0 1
kp,4,3,doubled,contested,4,-878,-750,128,7K/1p6/8/8/5pk1/1P2P1p1/1P2P3/8 w - - 0 1
kp,4,3,doubled,contested,5,742,829,87,8/1K6/6P1/2p5/p1p2pP1/4P3/P3P2k/8 w - - 0 1
kp,4,3,doubled,contested,6,770,775,5,8/6P1/7k/8/5p1p/4P3/2K1P3/8 w - - 0 1
kp,4,3,doubled,contested,7,735,698,-37,8/8/8/P7/2k2p2/4P1p1/4P3/6K1 w - - 0 1
kp,4,3,doubled,contested,8,804,557,-247,1k6/8/1K6/2p5/2P2p2/4P3/4P3/8 w - - 0 1
kp,4,3,doubled,contested,9,670,630,-40,8/7P/2p3k1/8/5p2/P3P3/4P2p/2K5 w - - 0 1
kp,4,3,doubled,contested,10,510,503,-7,6k1/8/1p6/8/5p2/1Pp1P3/4P2P/2K5 w - - 0 1
kp,4,3,doubled,contested,11,-109,0,109,K7/8/P7/1pp5/5pPp/P3P3/4P3/6k1 w - - 0 1
kp,4,3,doubled,contested,12,-1012,-1332,-320,8/6p1/1P6/1P6/5ppk/4P3/p3P1PK/8 w - - 0 1
kp,4,3,doubled,contested,13,-793,-702,91,8/8/7k/8/P1P2p2/4P1pp/K3P3/8 w - - 0 1
kp,4,3,doubled,contested,14,541,714,173,8/8/1p6/8/5pP1/4P2K/4P3/k7 w - - 0 1
kp,4,3,doubled,contested,15,81,462,381,8/6k1/8/8/2p2p2/P3P3/4P1K1/8 w - - 0 1
kp,4,3,doubled,opposed,0,-749,-837,-88,8/k7/P7/PK2p3/p7/4P3/p3P3/8 w - - 0 1
kp,4,3,doubled,opposed,1,794,920,126,8/2P5/6pk/4p3/7K/Pp2P3/4P3/8 w - - 0 1
kp,4,3,doubled,opposed,2,-9,-63,-54,8/p7/8/4p2k/8/2P1P3/4P3/6K1 w - - 0 1
kp,4,3,doubled,opposed,3,565,821,256,8/8/8/K3p3/1p5P/4P3/4P3/1k6 w - - 0 1
kp,4,3,doubled,opposed,4,-1160,-1170,-10,7K/1p6/8/4p3/6k1/1P2P1p1/1P2P3/8 w - - 0 1
kp,4,3,doubled,opposed,5,795,823,28,8/1K6/6P1/2p1p3/p1p3P1/4P3/P3P2k/8 w - - 0 1
kp,4,3,doubled,opposed,7,681,701,20,8/8/8/P3p3/2k5/4P1p1/4P3/6K1 w - - 0 1
kp,4,3,doubled,opposed,9,676,662,-14,8/7P/2p3k1/4p3/8/P3P3/4P2p/2K5 w - - 0 1
kp,4,3,doubled,opposed,10,514,476,-38,6k1/8/1p6/4p3/8/1Pp1P3/4P2P/2K5 w - - 0 1
kp,4,3,doubled,opposed,11,-2,0,2,K7/8/P7/1pp1p3/6Pp/P3P3/4P3/6k1 w - - 0 1
kp,4,3,doubled,opposed,12,0,170,170,8/6p1/1P6/1P2p3/6pk/4P3/p3P1PK/8 w - - 0 1
kp,4,3,doubled,opposed,13,-762,-729,33,8/8/7k/4p3/P1P5/4P1pp/K3P3/8 w - - 0 1
kp,4,3,doubled,opposed,14,610,723,113,8/8/1p6/4p3/6P1/4P2K/4P3/k7 w - - 0 1
kp,4,3,doubled,opposed,15,456,507,51,8/6k1/8/4p3/2p5/P3P3/4P1K1/8 w - - 0 1
kp,4,3,doubled,blocked,0,-865,-977,-112,8/k7/P7/PK6/p3p3/4P3/p3P3/8 w - - 0 1
kp,4,3,doubled,blocked,1,1154,992,-162,8/2P5/6pk/8/4p2K/Pp2P3/4P3/8 w - - 0 1
kp,4,3,doubled,blocked,3,893,1248,355,8/8/8/K7/1p2p2P/4P3/4P3/1k6 w - - 0 1
kp,4,3,doubled,blocked,5,785,840,55,8/1K6/6P1/2p5/p1p1p1P1/4P3/P3P2k/8 w - - 0 1
kp,4,3,doubled,blocked,7,812,748,-64,8/8/8/P7/2k1p3/4P1p1/4P3/6K1 w - - 0 1
kp,4,3,doubled,blocked,9,668,707,39,8/7P/2p3k1/8/4p3/P3P3/4P2p/2K5 w - - 0 1
kp,4,3,doubled,blocked,10,525,519,-6,6k1/8/1p6/8/4p3/1Pp1P3/4P2P/2K5 w - - 0 1
kp,4,3,doubled,blocked,11,273,351,78,K7/8/P7/1pp5/4p1Pp/P3P3/4P3/6k1 w - - 0 1
kp,4,3,doubled,blocked,12,66,19,-47,8/6p1/1P6/1P6/4p1pk/4P3/p3P1PK/8 w - - 0 1
kp,4,3,doubled,blocked,13,-792,-748,44,8/8/7k/8/P1P1p3/4P1pp/K3P3/8 w - - 0 1
kp,4,3,doubled,blocked,14,634,676,42,8/8/1p6/8/4p1P1/4P2K/4P3/k7 w - - 0 1
kp,4,3,doubled,blocked,15,494,634,140,8/6k1/8/8/2p1p3/P3P3/4P1K1/8 w - - 0 1
kp,4,4,isolated,passed,1,1068,949,-119,8/2P5/6pk/8/4P2K/Pp6/8/8 w - - 0 1
kp,4,4,isolated,passed,5,815,870,55,8/1K6/6P1/2p5/p1p1P1P1/8/P6k/8 w - - 0 1
kp,4,4,isolated,passed,9,670,712,42,8/7P/2p3k1/8/4P3/P7/7p/2K5 w - - 0 1
kp,4,4,isolated,passed,10,680,618,-62,6k1/8/1p6/8/4P3/1Pp5/7P/2K5 w - - 0 1
kp,4,4,isolated,passed,11,0,310,310,K7/8/P7/1pp5/4P1Pp/P7/8/6k1 w - - 0 1
kp,4,4,isolated,passed,12,-1,0,1,8/6p1/1P6/1P6/4P1pk/8/p5PK/8 w - - 0 1
kp,4,4,isolated,passed,13,-722,-713,9,8/8/7k/8/P1P1P3/6pp/K7/8 w - - 0 1
kp,4,4,isolated,contested,0,-789,-763,26,8/k7/P7/PK3p2/p3P3/8/p7/8 w - - 0 1
kp,4,4,isolated,contested,1,743,764,21,8/2P5/6pk/5p2/4P2K/Pp6/8/8 w - - 0 1
kp,4,4,isolated,contested,3,1001,705,-296,8/8/8/K4p2/1p2P2P/8/8/1k6 w - - 0 1
kp,4,4,isolated,contested,4,-947,-935,12,7K/1p6/8/5p2/4P1k1/1P4p1/1P6/8 w - - 0 1
kp,4,4,isolated,contested,5,566,664,98,8/1K6/6P1/2p2p2/p1p1P1P1/8/P6k/8 w - - 0 1
kp,4,4,isolated,contested,6,569,930,361,8/6P1/7k/5p2/4P2p/8/2K5/8 w - - 0 1
kp,4,4,isolated,contested,7,516,758,242,8/8/8/P4p2/2k1P3/6p1/8/6K1 w - - 0 1
kp,4,4,isolated,contested,9,642,655,13,8/7P/2p3k1/5p2/4P3/P7/7p/2K5 w - - 0 1
kp,4,4,isolated,contested,11,0,196,196,K7/8/P7/1pp2p2/4P1Pp/P7/8/6k1 w - - 0 1
kp,4,4,isolated,contested,12,-19,-8,11,8/6p1/1P6/1P3p2/4P1pk/8/p5PK/8 w - - 0 1
kp,4,4,isolated,contested,13,-860,-694,166,8/8/7k/5p2/P1P1P3/6pp/K7/8 w - - 0 1
kp,4,4,isolated,contested,15,-590,-544,46,8/6k1/8/5p2/2p1P3/P7/6K1/8 w - - 0 1
kp,4,4,isolated,opposed,0,-763,-975,-212,8/k7/P3p3/PK6/p3P3/8/p7/8 w - - 0 1
kp,4,4,isolated,opposed,1,1262,1176,-86,8/2P5/4p1pk/8/4P2K/Pp6/8/8 w - - 0 1
kp,4,4,isolated,opposed,4,-1073,-826,247,7K/1p6/4p3/8/4P1k1/1P4p1/1P6/8 w - - 0 1
kp,4,4,isolated,opposed,5,755,805,50,8/1K6/4p1P1/2p5/p1p1P1P1/8/P6k/8 w - - 0 1
kp,4,4,isolated,opposed,7,526,585,59,8/8/4p3/P7/2k1P3/6p1/8/6K1 w - - 0 1
kp,4,4,isolated,opposed,9,607,646,39,8/7P/2p1p1k1/8/4P3/P7/7p/2K5 w - - 0 1
kp,4,4,isolated,opposed,10,307,512,205,6k1/8/1p2p3/8/4P3/1Pp5/7P/2K5 w - - 0 1
kp,4,4,isolated,opposed,12,-4,0,4,8/6p1/1P2p3/1P6/4P1pk/8/p5PK/8 w - - 0 1
kp,4,4,isolated,opposed,13,-822,-787,35,8/8/4p2k/8/P1P1P3/6pp/K7/8 w - - 0 1
kp,4,4,isolated,opposed,14,484,614,130,8/8/1p2p3/8/4P1P1/7K/8/k7 w - - 0 1
kp,4,4,isolated,blocked,0,-1137,-1469,-332,8/k7/P7/PK2p3/p3P3/8/p7/8 w - - 0 1
kp,4,4,isolated,blocked,5,740,837,97,8/1K6/6P1/2p1p3/p1p1P1P1/8/P6k/8 w - - 0 1
kp,4,4,isolated,blocked,9,617,629,12,8/7P/2p3k1/4p3/4P3/P7/7p/2K5 w - - 0 1
kp,4,4,isolated,blocked,10,555,514,-41,6k1/8/1p6/4p3/4P3/1Pp5/7P/2K5 w - - 0 1
kp,4,4,isolated,blocked,12,-221,-171,50,8/6p1/1P6/1P2p3/4P1pk/8/p5PK/8 w - - 0 1
kp,4,4,isolated,blocked,13,-799,-788,11,8/8/7k/4p3/P1P1P3/6pp/K7/8 w - - 0 1
kp,4,4,isolated,blocked,14,479,637,158,8/8/1p6/4p3/4P1P1/7K/8/k7 w - - 0 1
kp,4,4,unsupported,passed,0,-538,-499,39,8/k7/P7/PK1P1P2/p3P3/8/p7/8 w - - 0 1
kp,4,4,unsupported,passed,2,699,713,14,8/p7/8/3P1P1k/4P3/2P5/8/6K1 w - - 0 1
kp,4,4,unsupported,passed,3,855,941,86,8/8/8/K2P1P2/1p2P2P/8/8/1k6 w - - 0 1
kp,4,4,unsupported,passed,4,21,386,365,7K/1p6/8/3P1P2/4P1k1/1P4p1/1P6/8 w - - 0 1
kp,4,4,unsupported,passed,5,839,1008,169,8/1K6/6P1/2pP1P2/p1p1P1P1/8/P6k/8 w - - 0 1
kp,4,4,unsupported,passed,7,732,751,19,8/8/8/P2P1P2/2k1P3/6p1/8/6K1 w - - 0 1
kp,4,4,unsupported,passed,8,1266,1654,388,1k6/8/1K6/2pP1P2/2P1P3/8/8/8 w - - 0 1
kp,4,4,unsupported,passed,10,729,751,22,6k1/8/1p6/3P1P2/4P3/1Pp5/7P/2K5 w - - 0 1
kp,4,4,unsupported,passed,11,559,568,9,K7/8/P7/1ppP1P2/4P1Pp/P7/8/6k1 w - - 0 1
kp,4,4,unsupported,passed,12,0,0,0,8/6p1/1P6/1P1P1P2/4P1pk/8/p5PK/8 w - - 0 1
kp,4,4,unsupported,passed,13,-182,-372,-190,8/8/7k/3P1P2/P1P1P3/6pp/K7/8 w - - 0 1
kp,4,4,unsupported,passed,14,762,941,179,8/8/1p6/3P1P2/4P1P1/7K/8/k7 w - - 0 1
kp,4,4,unsupported,passed,15,680,700,20,8/6k1/8/3P1P2/2p1P3/P7/6K1/8 w - - 0 1
kp,4,4,unsupported,contested,0,-745,-736,9,8/k7/P7/PK1P1p2/p3P3/8/p7/8 w - - 0 1
kp,4,4,unsupported,contested,1,986,905,-81,8/2P5/6pk/3P1p2/4P2K/Pp6/8/8 w - - 0 1
kp,4,4,unsupported,contested,2,635,665,30,8/p7/8/3P1p1k/4P3/2P5/8/6K1 w - - 0 1
kp,4,4,unsupported,contested,3,724,626,-98,8/8/8/K2P1p2/1p2P2P/8/8/1k6 w - - 0 1
kp,4,4,unsupported,contested,4,-299,-326,-27,7K/1p6/8/3P1p2/4P1k1/1P4p1/1P6/8 w - - 0 1
kp,4,4,unsupported,contested,5,684,701,17,8/1K6/6P1/2pP1p2/p1p1P1P1/8/P6k/8 w - - 0 1
kp,4,4,unsupported,contested,6,778,734,-44,8/6P1/7k/3P1p2/4P2p/8/2K5/8 w - - 0 1
kp,4,4,unsupported,contested,7,591,718,127,8/8/8/P2P1p2/2k1P3/6p1/8/6K1 w - - 0 1
kp,4,4,unsupported,contested,9,496,581,85,8/7P/2p3k1/3P1p2/4P3/P7/7p/2K5 w - - 0 1
kp,4,4,unsupported,contested,10,533,597,64,6k1/8/1p6/3P1p2/4P3/1Pp5/7P/2K5 w - - 0 1
kp,4,4,unsupported,contested,11,306,392,86,K7/8/P7/1ppP1p2/4P1Pp/P7/8/6k1 w - - 0 1
kp,4,4,unsupported,contested,12,-8,-6,2,8/6p1/1P6/1P1P1p2/4P1pk/8/p5PK/8 w - - 0 1
kp,4,4,unsupported,contested,13,-337,-449,-112,8/8/7k/3P1p2/P1P1P3/6pp/K7/8 w - - 0 1
kp,4,4,unsupported,contested,14,787,715,-72,8/8/1p6/3P1p2/4P1P1/7K/8/k7 w - - 0 1
kp,4,4,unsupported,contested,15,-544,-465,79,8/6k1/8/3P1p2/2p1P3/P7/6K1/8 w - - 0 1
kp,4,4,unsupported,opposed,0,-689,-563,126,8/k7/P3p3/PK1P1P2/p3P3/8/p7/8 w - - 0 1
kp,4,4,unsupported,opposed,1,811,916,105,8/2P5/4p1pk/3P1P2/4P2K/Pp6/8/8 w - - 0 1
kp,4,4,unsupported,opposed,2,736,778,42,8/p7/4p3/3P1P1k/4P3/2P5/8/6K1 w - - 0 1
kp,4,4,unsupported,opposed,3,698,882,184,8/8/4p3/K2P1P2/1p2P2P/8/8/1k6 w - - 0 1
kp,4,4,unsupported,opposed,5,753,870,117,8/1K6/4p1P1/2pP1P2/p1p1P1P1/8/P6k/8 w - - 0 1
kp,4,4,unsupported,opposed,7,789,729,-60,8/8/4p3/P2P1P2/2k1P3/6p1/8/6K1 w - - 0 1
kp,4,4,unsupported,opposed,10,626,685,59,6k1/8/1p2p3/3P1P2/4P3/1Pp5/7P/2K5 w - - 0 1
kp,4,4,unsupported,opposed,11,581,465,-116,K7/8/P3p3/1ppP1P2/4P1Pp/P7/8/6k1 w - - 0 1
kp,4,4,unsupported,opposed,12,-7,0,7,8/6p1/1P2p3/1P1P1P2/4P1pk/8/p5PK/8 w - - 0 1
kp,4,4,unsupported,opposed,13,-312,-394,-82,8/8/4p2k/3P1P2/P1P1P3/6pp/K7/8 w - - 0 1
kp,4,4,unsupported,opposed,14,908,942,34,8/8/1p2p3/3P1P2/4P1P1/7K/8/k7 w - - 0 1
kp,4,4,unsupported,blocked,0,-647,-566,81,8/k7/P7/PK1PpP2/p3P3/8/p7/8 w - - 0 1
kp,4,4,unsupported,blocked,1,796,910,114,8/2P5/6pk/3PpP2/4P2K/Pp6/8/8 w - - 0 1
kp,4,4,unsupported,blocked,2,630,701,71,8/p7/8/3PpP1k/4P3/2P5/8/6K1 w - - 0 1
kp,4,4,unsupported,blocked,3,703,1094,391,8/8/8/K2PpP2/1p2P2P/8/8/1k6 w - - 0 1
kp,4,4,unsupported,blocked,4,51,339,288,7K/1p6/8/3PpP2/4P1k1/1P4p1/1P6/8 w - - 0 1
kp,4,4,unsupported,blocked,5,835,1020,185,8/1K6/6P1/2pPpP2/p1p1P1P1/8/P6k/8 w - - 0 1
kp,4,4,unsupported,blocked,7,665,697,32,8/8/8/P2PpP2/2k1P3/6p1/8/6K1 w - - 0 1
kp,4,4,unsupported,blocked,10,678,720,42,6k1/8/1p6/3PpP2/4P3/1Pp5/7P/2K5 w - - 0 1
kp,4,4,unsupported,blocked,11,653,561,-92,K7/8/P7/1ppPpP2/4P1Pp/P7/8/6k1 w - - 0 1
kp,4,4,unsupported,blocked,12,-241,-155,86,8/6p1/1P6/1P1PpP2/4P1pk/8/p5PK/8 w - - 0 1
kp,4,4,unsupported,blocked,13,-423,-401,22,8/8/7k/3PpP2/P1P1P3/6pp/K7/8 w - - 0 1
kp,4,4,unsupported,blocked,14,741,856,115,8/8/1p6/3PpP2/4P1P1/7K/8/k7 w - - 0 1
kp,4,4,unsupported,blocked,15,536,667,131,8/6k1/8/3PpP2/2p1P3/P7/6K1/8 w - - 0 1
kp,4,4,supported,passed,0,-635,-572,63,8/k7/P7/PK6/p3P3/3P4/p7/8 w - - 0 1
kp,4,4,supported,passed,1,1120,972,-148,8/2P5/6pk/8/4P2K/Pp1P4/8/8 w - - 0 1
kp,4,4,supported,passed,2,525,427,-98,8/p7/8/7k/4P3/2PP4/8/6K1 w - - 0 1
kp,4,4,supported,passed,3,886,941,55,8/8/8/K7/1p2P2P/3P4/8/1k6 w - - 0 1
kp,4,4,supported,passed,5,765,937,172,8/1K6/6P1/2p5/p1p1P1P1/3P4/P6k/8 w - - 0 1
kp,4,4,supported,passed,9,613,742,129,8/7P/2p3k1/8/4P3/P2P4/7p/2K5 w - - 0 1
kp,4,4,supported,passed,10,504,541,37,6k1/8/1p6/8/4P3/1PpP4/7P/2K5 w - - 0 1
kp,4,4,supported,passed,11,28,369,341,K7/8/P7/1pp5/4P1Pp/P2P4/8/6k1 w - - 0 1
kp,4,4,supported,passed,12,0,0,0,8/6p1/1P6/1P6/4P1pk/3P4/p5PK/8 w - - 0 1
kp,4,4,supported,passed,13,-774,-707,67,8/8/7k/8/P1P1P3/3P2pp/K7/8 w - - 0 1
kp,4,4,supported,passed,14,638,720,82,8/8/1p6/8/4P1P1/3P3K/8/k7 w - - 0 1
kp,4,4,supported,contested,0,-788,-685,103,8/k7/P7/PK3p2/p3P3/3P4/p7/8 w - - 0 1
kp,4,4,supported,contested,1,745,738,-7,8/2P5/6pk/5p2/4P2K/Pp1P4/8/8 w - - 0 1
kp,4,4,supported,contested,3,779,658,-121,8/8/8/K4p2/1p2P2P/3P4/8/1k6 w - - 0 1
kp,4,4,supported,contested,4,-923,-743,180,7K/1p6/8/5p2/4P1k1/1P1P2p1/1P6/8 w - - 0 1
kp,4,4,supported,contested,5,550,573,23,8/1K6/6P1/2p2p2/p1p1P1P1/3P4/P6k/8 w - - 0 1
kp,4,4,supported,contested,6,695,762,67,8/6P1/7k/5p2/4P2p/3P4/2K5/8 w - - 0 1
kp,4,4,supported,contested,9,656,713,57,8/7P/2p3k1/5p2/4P3/P2P4/7p/2K5 w - - 0 1
kp,4,4,supported,contested,10,480,517,37,6k1/8/1p6/5p2/4P3/1PpP4/7P/2K5 w - - 0 1
kp,4,4,supported,contested,11,22,248,226,K7/8/P7/1pp2p2/4P1Pp/P2P4/8/6k1 w - - 0 1
kp,4,4,supported,contested,12,0,0,0,8/6p1/1P6/1P3p2/4P1pk/3P4/p5PK/8 w - - 0 1
kp,4,4,supported,contested,13,-801,-708,93,8/8/7k/5p2/P1P1P3/3P2pp/K7/8 w - - 0 1
kp,4,4,supported,contested,14,504,751,247,8/8/1p6/5p2/4P1P1/3P3K/8/k7 w - - 0 1
kp,4,4,supported,contested,15,709,568,-141,8/6k1/8/5p2/2p1P3/P2P4/6K1/8 w - - 0 1
kp,4,4,supported,opposed,0,-836,-671,165,8/k7/P3p3/PK6/p3P3/3P4/p7/8 w - - 0 1
kp,4,4,supported,opposed,2,3,271,268,8/p7/4p3/7k/4P3/2PP4/8/6K1 w - - 0 1
kp,4,4,supported,opposed,3,526,761,235,8/8/4p3/K7/1p2P2P/3P4/8/1k6 w - - 0 1
kp,4,4,supported,opposed,4,-1003,-810,193,7K/1p6/4p3/8/4P1k1/1P1P2p1/1P6/8 w - - 0 1
kp,4,4,supported,opposed,5,783,854,71,8/1K6/4p1P1/2p5/p1p1P1P1/3P4/P6k/8 w - - 0 1
kp,4,4,supported,opposed,6,762,847,85,8/6P1/4p2k/8/4P2p/3P4/2K5/8 w - - 0 1
kp,4,4,supported,opposed,8,806,601,-205,1k6/8/1K2p3/2p5/2P1P3/3P4/8/8 w - - 0 1
kp,4,4,supported,opposed,9,675,720,45,8/7P/2p1p1k1/8/4P3/P2P4/7p/2K5 w - - 0 1
kp,4,4,supported,opposed,10,485,480,-5,6k1/8/1p2p3/8/4P3/1PpP4/7P/2K5 w - - 0 1
kp,4,4,supported,opposed,12,0,3,3,8/6p1/1P2p3/1P6/4P1pk/3P4/p5PK/8 w - - 0 1
kp,4,4,supported,opposed,13,-761,-733,28,8/8/4p2k/8/P1P1P3/3P2pp/K7/8 w - - 0 1
kp,4,4,supported,opposed,14,519,735,216,8/8/1p2p3/8/4P1P1/3P3K/8/k7 w - - 0 1
kp,4,4,supported,opposed,15,616,692,76,8/6k1/4p3/8/2p1P3/P2P4/6K1/8 w - - 0 1
kp,4,4,supported,blocked,2,0,347,347,8/p7/8/4p2k/4P3/2PP4/8/6K1 w - - 0 1
kp,4,4,supported,blocked,3,930,882,-48,8/8/8/K3p3/1p2P2P/3P4/8/1k6 w - - 0 1
kp,4,4,supported,blocked,5,807,891,84,8/1K6/6P1/2p1p3/p1p1P1P1/3P4/P6k/8 w - - 0 1
kp,4,4,supported,blocked,9,717,741,24,8/7P/2p3k1/4p3/4P3/P2P4/7p/2K5 w - - 0 1
kp,4,4,supported,blocked,10,490,513,23,6k1/8/1p6/4p3/4P3/1PpP4/7P/2K5 w - - 0 1
kp,4,4,supported,blocked,11,10,219,209,K7/8/P7/1pp1p3/4P1Pp/P2P4/8/6k1 w - - 0 1
kp,4,4,supported,blocked,12,-172,-189,-17,8/6p1/1P6/1P2p3/4P1pk/3P4/p5PK/8 w - - 0 1
kp,4,4,supported,blocked,13,-795,-727,68,8/8/7k/4p3/P1P1P3/3P2pp/K7/8 w - - 0 1
kp,4,4,supported,blocked,14,504,775,271,8/8/1p6/4p3/4P1P1/3P3K/8/k7 w - - 0 1
kp,4,4,phalanx,passed,0,-960,-771,189,8/k7/P7/PK6/p2PP3/8/p7/8 w - - 0 1
kp,4,4,phalanx,passed,2,552,462,-90,8/p7/8/7k/3PP3/2P5/8/6K1 w - - 0 1
kp,4,4,phalanx,passed,3,1067,916,-151,8/8/8/K7/1p1PP2P/8/8/1k6 w - - 0 1
kp,4,4,phalanx,passed,4,-781,-775,6,7K/1p6/8/8/3PP1k1/1P4p1/1P6/8 w - - 0 1
kp,4,4,phalanx,passed,5,849,867,18,8/1K6/6P1/2p5/p1pPP1P1/8/P6k/8 w - - 0 1
kp,4,4,phalanx,passed,7,768,750,-18,8/8/8/P7/2kPP3/6p1/8/6K1 w - - 0 1
kp,4,4,phalanx,passed,9,682,700,18,8/7P/2p3k1/8/3PP3/P7/7p/2K5 w - - 0 1
kp,4,4,phalanx,passed,10,503,578,75,6k1/8/1p6/8/3PP3/1Pp5/7P/2K5 w - - 0 1
kp,4,4,phalanx,passed,11,347,449,102,K7/8/P7/1pp5/3PP1Pp/P7/8/6k1 w - - 0 1
kp,4,4,phalanx,passed,12,0,0,0,8/6p1/1P6/1P6/3PP1pk/8/p5PK/8 w - - 0 1
kp,4,4,phalanx,passed,13,-690,-678,12,8/8/7k/8/P1PPP3/6pp/K7/8 w - - 0 1
kp,4,4,phalanx,passed,14,645,801,156,8/8/1p6/8/3PP1P1/7K/8/k7 w - - 0 1
kp,4,4,phalanx,passed,15,771,515,-256,8/6k1/8/8/2pPP3/P7/6K1/8 w - - 0 1
kp,4,4,phalanx,contested,0,-809,-767,42,8/k7/P7/PK3p2/p2PP3/8/p7/8 w - - 0 1
kp,4,4,phalanx,contested,3,284,549,265,8/8/8/K4p2/1p1PP2P/8/8/1k6 w - - 0 1
kp,4,4,phalanx,contested,4,-881,-791,90,7K/1p6/8/5p2/3PP1k1/1P4p1/1P6/8 w - - 0 1
kp,4,4,phalanx,contested,5,606,593,-13,8/1K6/6P1/2p2p2/p1pPP1P1/8/P6k/8 w - - 0 1
kp,4,4,phalanx,contested,6,734,714,-20,8/6P1/7k/5p2/3PP2p/8/2K5/8 w - - 0 1
kp,4,4,phalanx,contested,7,644,752,108,8/8/8/P4p2/2kPP3/6p1/8/6K1 w - - 0 1
kp,4,4,phalanx,contested,9,597,700,103,8/7P/2p3k1/5p2/3PP3/P7/7p/2K5 w - - 0 1
kp,4,4,phalanx,contested,10,503,494,-9,6k1/8/1p6/5p2/3PP3/1Pp5/7P/2K5 w - - 0 1
kp,4,4,phalanx,contested,11,144,263,119,K7/8/P7/1pp2p2/3PP1Pp/P7/8/6k1 w - - 0 1
kp,4,4,phalanx,contested,12,-10,0,10,8/6p1/1P6/1P3p2/3PP1pk/8/p5PK/8 w - - 0 1
kp,4,4,phalanx,contested,13,-803,-682,121,8/8/7k/5p2/P1PPP3/6pp/K7/8 w - - 0 1
kp,4,4,phalanx,contested,14,686,796,110,8/8/1p6/5p2/3PP1P1/7K/8/k7 w - - 0 1
kp,4,4,phalanx,contested,15,-573,-543,30,8/6k1/8/5p2/2pPP3/P7/6K1/8 w - - 0 1
kp,4,4,phalanx,opposed,0,-824,-740,84,8/k7/P3p3/PK6/p2PP3/8/p7/8 w - - 0 1
kp,4,4,phalanx,opposed,2,4,371,367,8/p7/4p3/7k/3PP3/2P5/8/6K1 w - - 0 1
kp,4,4,phalanx,opposed,3,684,885,201,8/8/4p3/K7/1p1PP2P/8/8/1k6 w - - 0 1
kp,4,4,phalanx,opposed,4,-790,-839,-49,7K/1p6/4p3/8/3PP1k1/1P4p1/1P6/8 w - - 0 1
kp,4,4,phalanx,opposed,5,680,739,59,8/1K6/4p1P1/2p5/p1pPP1P1/8/P6k/8 w - - 0 1
kp,4,4,phalanx,opposed,6,867,797,-70,8/6P1/4p2k/8/3PP2p/8/2K5/8 w - - 0 1
kp,4,4,phalanx,opposed,7,581,577,-4,8/8/4p3/P7/2kPP3/6p1/8/6K1 w - - 0 1
kp,4,4,phalanx,opposed,8,578,887,309,1k6/8/1K2p3/2p5/2PPP3/8/8/8 w - - 0 1
kp,4,4,phalanx,opposed,9,556,719,163,8/7P/2p1p1k1/8/3PP3/P7/7p/2K5 w - - 0 1
kp,4,4,phalanx,opposed,10,501,480,-21,6k1/8/1p2p3/8/3PP3/1Pp5/7P/2K5 w - - 0 1
kp,4,4,phalanx,opposed,11,241,381,140,K7/8/P3p3/1pp5/3PP1Pp/P7/8/6k1 w - - 0 1
kp,4,4,phalanx,opposed,12,0,-14,-14,8/6p1/1P2p3/1P6/3PP1pk/8/p5PK/8 w - - 0 1
kp,4,4,phalanx,opposed,13,-724,-715,9,8/8/4p2k/8/P1PPP3/6pp/K7/8 w - - 0 1
kp,4,4,phalanx,opposed,14,518,553,35,8/8/1p2p3/8/3PP1P1/7K/8/k7 w - - 0 1
kp,4,4,phalanx,blocked,0,-945,-1127,-182,8/k7/P7/PK2p3/p2PP3/8/p7/8 w - - 0 1
kp,4,4,phalanx,blocked,1,852,882,30,8/2P5/6pk/4p3/3PP2K/Pp6/8/8 w - - 0 1
kp,4,4,phalanx,blocked,3,823,885,62,8/8/8/K3p3/1p1PP2P/8/8/1k6 w - - 0 1
kp,4,4,phalanx,blocked,4,-838,-569,269,7K/1p6/8/4p3/3PP1k1/1P4p1/1P6/8 w - - 0 1
kp,4,4,phalanx,blocked,5,721,752,31,8/1K6/6P1/2p1p3/p1pPP1P1/8/P6k/8 w - - 0 1
kp,4,4,phalanx,blocked,7,885,646,-239,8/8/8/P3p3/2kPP3/6p1/8/6K1 w - - 0 1
kp,4,4,phalanx,blocked,9,540,723,183,8/7P/2p3k1/4p3/3PP3/P7/7p/2K5 w - - 0 1
kp,4,4,phalanx,blocked,10,636,588,-48,6k1/8/1p6/4p3/3PP3/1Pp5/7P/2K5 w - - 0 1
kp,4,4,phalanx,blocked,11,182,389,207,K7/8/P7/1pp1p3/3PP1Pp/P7/8/6k1 w - - 0 1
kp,4,4,phalanx,blocked,12,-183,-165,18,8/6p1/1P6/1P2p3/3PP1pk/8/p5PK/8 w - - 0 1
kp,4,4,phalanx,blocked,13,-755,-736,19,8/8/7k/4p3/P1PPP3/6pp/K7/8 w - - 0 1
kp,4,4,phalanx,blocked,14,776,740,-36,8/8/1p6/4p3/3PP1P1/7K/8/k7 w - - 0 1
kp,4,4,phalanx,blocked,15,142,496,354,8/6k1/8/4p3/2pPP3/P7/6K1/8 w - - 0 1
kp,4,4,doubled,passed,0,-897,-1172,-275,8/k7/P7/PK6/p3P3/4P3/p7/8 w - - 0 1
kp,4,4,doubled,passed,2,274,467,193,8/p7/8/7k/4P3/2P1P3/8/6K1 w - - 0 1
kp,4,4,doubled,passed,5,860,882,22,8/1K6/6P1/2p5/p1p1P1P1/4P3/P6k/8 w - - 0 1
kp,4,4,doubled,passed,7,872,843,-29,8/8/8/P7/2k1P3/4P1p1/8/6K1 w - - 0 1
kp,4,4,doubled,passed,9,720,788,68,8/7P/2p3k1/8/4P3/P3P3/7p/2K5 w - - 0 1
kp,4,4,doubled,passed,10,636,584,-52,6k1/8/1p6/8/4P3/1Pp1P3/7P/2K5 w - - 0 1
kp,4,4,doubled,passed,11,22,321,299,K7/8/P7/1pp5/4P1Pp/P3P3/8/6k1 w - - 0 1
kp,4,4,doubled,passed,12,0,0,0,8/6p1/1P6/1P6/4P1pk/4P3/p5PK/8 w - - 0 1
kp,4,4,doubled,passed,13,-748,-701,47,8/8/7k/8/P1P1P3/4P1pp/K7/8 w - - 0 1
kp,4,4,doubled,passed,14,759,779,20,8/8/1p6/8/4P1P1/4P2K/8/k7 w - - 0 1
kp,4,4,doubled,passed,15,861,551,-310,8/6k1/8/8/2p1P3/P3P3/6K1/8 w - - 0 1
kp,4,4,doubled,contested,0,-870,-810,60,8/k7/P7/PK3p2/p3P3/4P3/p7/8 w - - 0 1
kp,4,4,doubled,contested,1,753,826,73,8/2P5/6pk/5p2/4P2K/Pp2P3/8/8 w - - 0 1
kp,4,4,doubled,contested,2,-376,7,383,8/p7/8/5p1k/4P3/2P1P3/8/6K1 w - - 0 1
kp,4,4,doubled,contested,3,887,696,-191,8/8/8/K4p2/1p2P2P/4P3/8/1k6 w - - 0 1
kp,4,4,doubled,contested,4,-900,-818,82,7K/1p6/8/5p2/4P1k1/1P2P1p1/1P6/8 w - - 0 1
kp,4,4,doubled,contested,5,687,625,-62,8/1K6/6P1/2p2p2/p1p1P1P1/4P3/P6k/8 w - - 0 1
kp,4,4,doubled,contested,6,642,807,165,8/6P1/7k/5p2/4P2p/4P3/2K5/8 w - - 0 1
kp,4,4,doubled,contested,7,722,711,-11,8/8/8/P4p2/2k1P3/4P1p1/8/6K1 w - - 0 1
kp,4,4,doubled,contested,9,673,704,31,8/7P/2p3k1/5p2/4P3/P3P3/7p/2K5 w - - 0 1
kp,4,4,doubled,contested,10,502,625,123,6k1/8/1p6/5p2/4P3/1Pp1P3/7P/2K5 w - - 0 1
kp,4,4,doubled,contested,11,17,176,159,K7/8/P7/1pp2p2/4P1Pp/P3P3/8/6k1 w - - 0 1
kp,4,4,doubled,contested,12,-5,0,5,8/6p1/1P6/1P3p2/4P1pk/4P3/p5PK/8 w - - 0 1
kp,4,4,doubled,contested,13,-776,-711,65,8/8/7k/5p2/P1P1P3/4P1pp/K7/8 w - - 0 1
kp,4,4,doubled,contested,14,717,835,118,8/8/1p6/5p2/4P1P1/4P2K/8/k7 w - - 0 1
kp,4,4,doubled,contested,15,475,493,18,8/6k1/8/5p2/2p1P3/P3P3/6K1/8 w - - 0 1
kp,4,4,doubled,opposed,0,-912,-823,89,8/k7/P3p3/PK6/p3P3/4P3/p7/8 w - - 0 1
kp,4,4,doubled,opposed,1,865,1177,312,8/2P5/4p1pk/8/4P2K/Pp2P3/8/8 w - - 0 1
kp,4,4,doubled,opposed,2,-480,-88,392,8/p7/4p3/7k/4P3/2P1P3/8/6K1 w - - 0 1
kp,4,4,doubled,opposed,5,768,748,-20,8/1K6/4p1P1/2p5/p1p1P1P1/4P3/P6k/8 w - - 0 1
kp,4,4,doubled,opposed,7,624,639,15,8/8/4p3/P7/2k1P3/4P1p1/8/6K1 w - - 0 1
kp,4,4,doubled,opposed,9,664,681,17,8/7P/2p1p1k1/8/4P3/P3P3/7p/2K5 w - - 0 1
kp,4,4,doubled,opposed,10,505,477,-28,6k1/8/1p2p3/8/4P3/1Pp1P3/7P/2K5 w - - 0 1
kp,4,4,doubled,opposed,11,0,326,326,K7/8/P3p3/1pp5/4P1Pp/P3P3/8/6k1 w - - 0 1
kp,4,4,doubled,opposed,12,0,0,0,8/6p1/1P2p3/1P6/4P1pk/4P3/p5PK/8 w - - 0 1
kp,4,4,doubled,opposed,13,-800,-765,35,8/8/4p2k/8/P1P1P3/4P1pp/K7/8 w - - 0 1
kp,4,4,doubled,opposed,14,589,714,125,8/8/1p2p3/8/4P1P1/4P2K/8/k7 w - - 0 1
kp,4,4,doubled,opposed,15,524,544,20,8/6k1/4p3/8/2p1P3/P3P3/6K1/8 w - - 0 1
kp,4,4,doubled,blocked,0,-903,-1079,-176,8/k7/P7/PK2p3/p3P3/4P3/p7/8 w - - 0 1
kp,4,4,doubled,blocked,5,794,850,56,8/1K6/6P1/2p1p3/p1p1P1P1/4P3/P6k/8 w - - 0 1
kp,4,4,doubled,blocked,7,718,718,0,8/8/8/P3p3/2k1P3/4P1p1/8/6K1 w - - 0 1
kp,4,4,doubled,blocked,9,639,678,39,8/7P/2p3k1/4p3/4P3/P3P3/7p/2K5 w - - 0 1
kp,4,4,doubled,blocked,10,508,516,8,6k1/8/1p6/4p3/4P3/1Pp1P3/7P/2K5 w - - 0 1
kp,4,4,doubled,blocked,11,0,333,333,K7/8/P7/1pp1p3/4P1Pp/P3P3/8/6k1 w - - 0 1
kp,4,4,doubled,blocked,12,-141,-215,-74,8/6p1/1P6/1P2p3/4P1pk/4P3/p5PK/8 w - - 0 1
kp,4,4,doubled,blocked,13,-774,-714,60,8/8/7k/4p3/P1P1P3/4P1pp/K7/8 w - - 0 1
kp,4,4,doubled,blocked,14,601,776,175,8/8/1p6/4p3/4P1P1/4P2K/8/k7 w - - 0 1
kp,4,4,doubled,blocked,15,613,601,-12,8/6k1/8/4p3/2p1P3/P3P3/6K1/8 w - - 0 1
kp,4,5,isolated,passed,0,-1209,-1473,-264,8/k7/P7/PK2P3/p7/8/p7/8 w - - 0 1
kp,4,5,isolated,passed,1,1263,1277,14,8/2P5/6pk/4P3/7K/Pp6/8/8 w - - 0 1
kp,4,5,isolated,passed,2,3,273,270,8/p7/8/4P2k/8/2P5/8/6K1 w - - 0 1
kp,4,5,isolated,passed,5,910,927,17,8/1K6/6P1/2p1P3/p1p3P1/8/P6k/8 w - - 0 1
kp,4,5,isolated,passed,9,700,691,-9,8/7P/2p3k1/4P3/8/P7/7p/2K5 w - - 0 1
kp,4,5,isolated,passed,10,666,697,31,6k1/8/1p6/4P3/8/1Pp5/7P/2K5 w - - 0 1
kp,4,5,isolated,passed,12,0,-33,-33,8/6p1/1P6/1P2P3/6pk/8/p5PK/8 w - - 0 1
kp,4,5,isolated,passed,13,-791,-670,121,8/8/7k/4P3/P1P5/6pp/K7/8 w - - 0 1
kp,4,5,isolated,contested,0,-767,-907,-140,8/k7/P4p2/PK2P3/p7/8/p7/8 w - - 0 1
kp,4,5,isolated,contested,1,637,960,323,8/2P5/5ppk/4P3/7K/Pp6/8/8 w - - 0 1
kp,4,5,isolated,contested,5,737,750,13,8/1K6/5pP1/2p1P3/p1p3P1/8/P6k/8 w - - 0 1
kp,4,5,isolated,contested,7,587,720,133,8/8/5p2/P3P3/2k5/6p1/8/6K1 w - - 0 1
kp,4,5,isolated,contested,9,625,540,-85,8/7P/2p2pk1/4P3/8/P7/7p/2K5 w - - 0 1
kp,4,5,isolated,contested,12,-4,-221,-217,8/6p1/1P3p2/1P2P3/6pk/8/p5PK/8 w - - 0 1
kp,4,5,isolated,contested,13,-870,-669,201,8/8/5p1k/4P3/P1P5/6pp/K7/8 w - - 0 1
kp,4,5,isolated,contested,15,0,32,32,8/6k1/5p2/4P3/2p5/P7/6K1/8 w - - 0 1
kp,4,5,isolated,opposed,0,-871,-827,44,8/k3p3/P7/PK2P3/p7/8/p7/8 w - - 0 1
kp,4,5,isolated,opposed,1,659,722,63,8/2P1p3/6pk/4P3/7K/Pp6/8/8 w - - 0 1
kp,4,5,isolated,opposed,5,771,812,41,8/1K2p3/6P1/2p1P3/p1p3P1/8/P6k/8 w - - 0 1
kp,4,5,isolated,opposed,6,1446,1727,281,8/4p1P1/7k/4P3/7p/8/2K5/8 w - - 0 1
kp,4,5,isolated,opposed,7,486,506,20,8/4p3/8/P3P3/2k5/6p1/8/6K1 w - - 0 1
kp,4,5,isolated,opposed,9,587,634,47,8/4p2P/2p3k1/4P3/8/P7/7p/2K5 w - - 0 1
kp,4,5,isolated,opposed,10,379,396,17,6k1/4p3/1p6/4P3/8/1Pp5/7P/2K5 w - - 0 1
kp,4,5,isolated,opposed,11,0,12,12,K7/4p3/P7/1pp1P3/6Pp/P7/8/6k1 w - - 0 1
kp,4,5,isolated,opposed,12,-10,-194,-184,8/4p1p1/1P6/1P2P3/6pk/8/p5PK/8 w - - 0 1
kp,4,5,isolated,opposed,13,-832,-806,26,8/4p3/7k/4P3/P1P5/6pp/K7/8 w - - 0 1
kp,4,5,isolated,opposed,14,450,587,137,8/4p3/1p6/4P3/6P1/7K/8/k7 w - - 0 1
kp,4,5,isolated,blocked,0,-1179,-1358,-179,8/k7/P3p3/PK2P3/p7/8/p7/8 w - - 0 1
kp,4,5,isolated,blocked,1,1224,1277,53,8/2P5/4p1pk/4P3/7K/Pp6/8/8 w - - 0 1
kp,4,5,isolated,blocked,3,2034,2118,84,8/8/4p3/K3P3/1p5P/8/8/1k6 w - - 0 1
kp,4,5,isolated,blocked,5,886,923,37,8/1K6/4p1P1/2p1P3/p1p3P1/8/P6k/8 w - - 0 1
kp,4,5,isolated,blocked,7,602,598,-4,8/8/4p3/P3P3/2k5/6p1/8/6K1 w - - 0 1
kp,4,5,isolated,blocked,9,635,640,5,8/7P/2p1p1k1/4P3/8/P7/7p/2K5 w - - 0 1
kp,4,5,isolated,blocked,10,532,425,-107,6k1/8/1p2p3/4P3/8/1Pp5/7P/2K5 w - - 0 1
kp,4,5,isolated,blocked,11,-30,22,52,K7/8/P3p3/1pp1P3/6Pp/P7/8/6k1 w - - 0 1
kp,4,5,isolated,blocked,12,-1,-261,-260,8/6p1/1P2p3/1P2P3/6pk/8/p5PK/8 w - - 0 1
kp,4,5,isolated,blocked,13,-843,-788,55,8/8/4p2k/4P3/P1P5/6pp/K7/8 w - - 0 1
kp,4,5,isolated,blocked,14,527,771,244,8/8/1p2p3/4P3/6P1/7K/8/k7 w - - 0 1
kp,4,5,unsupported,passed,0,119,372,253,8/k7/P2P1P2/PK2P3/p7/8/p7/8 w - - 0 1
kp,4,5,unsupported,passed,2,854,1013,159,8/p7/3P1P2/4P2k/8/2P5/8/6K1 w - - 0 1
kp,4,5,unsupported,passed,3,878,1098,220,8/8/3P1P2/K3P3/1p5P/8/8/1k6 w - - 0 1
kp,4,5,unsupported,passed,4,732,829,97,7K/1p6/3P1P2/4P3/6k1/1P4p1/1P6/8 w - - 0 1
kp,4,5,unsupported,passed,5,1028,1203,175,8/1K6/3P1PP1/2p1P3/p1p3P1/8/P6k/8 w - - 0 1
kp,4,5,unsupported,passed,7,847,928,81,8/8/3P1P2/P3P3/2k5/6p1/8/6K1 w - - 0 1
kp,4,5,unsupported,passed,9,678,852,174,8/7P/2pP1Pk1/4P3/8/P7/7p/2K5 w - - 0 1
kp,4,5,unsupported,passed,10,903,899,-4,6k1/8/1p1P1P2/4P3/8/1Pp5/7P/2K5 w - - 0 1
kp,4,5,unsupported,passed,11,763,826,63,K7/8/P2P1P2/1pp1P3/6Pp/P7/8/6k1 w - - 0 1
kp,4,5,unsupported,passed,12,223,330,107,8/6p1/1P1P1P2/1P2P3/6pk/8/p5PK/8 w - - 0 1
kp,4,5,unsupported,passed,13,591,790,199,8/8/3P1P1k/4P3/P1P5/6pp/K7/8 w - - 0 1
kp,4,5,unsupported,passed,14,996,972,-24,8/8/1p1P1P2/4P3/6P1/7K/8/k7 w - - 0 1
kp,4,5,unsupported,contested,0,0,0,0,8/k7/P2P1p2/PK2P3/p7/8/p7/8 w - - 0 1
kp,4,5,unsupported,contested,1,889,1066,177,8/2P5/3P1ppk/4P3/7K/Pp6/8/8 w - - 0 1
kp,4,5,unsupported,contested,2,633,646,13,8/p7/3P1p2/4P2k/8/2P5/8/6K1 w - - 0 1
kp,4,5,unsupported,contested,3,1123,869,-254,8/8/3P1p2/K3P3/1p5P/8/8/1k6 w - - 0 1
kp,4,5,unsupported,contested,4,383,453,70,7K/1p6/3P1p2/4P3/6k1/1P4p1/1P6/8 w - - 0 1
kp,4,5,unsupported,contested,5,899,861,-38,8/1K6/3P1pP1/2p1P3/p1p3P1/8/P6k/8 w - - 0 1
kp,4,5,unsupported,contested,7,683,838,155,8/8/3P1p2/P3P3/2k5/6p1/8/6K1 w - - 0 1
kp,4,5,unsupported,contested,9,613,601,-12,8/7P/2pP1pk1/4P3/8/P7/7p/2K5 w - - 0 1
kp,4,5,unsupported,contested,10,675,732,57,6k1/8/1p1P1p2/4P3/8/1Pp5/7P/2K5 w - - 0 1
kp,4,5,unsupported,contested,11,639,708,69,K7/8/P2P1p2/1pp1P3/6Pp/P7/8/6k1 w - - 0 1
kp,4,5,unsupported,contested,12,0,0,0,8/6p1/1P1P1p2/1P2P3/6pk/8/p5PK/8 w - - 0 1
kp,4,5,unsupported,contested,13,458,612,154,8/8/3P1p1k/4P3/P1P5/6pp/K7/8 w - - 0 1
kp,4,5,unsupported,contested,15,664,629,-35,8/6k1/3P1p2/4P3/2p5/P7/6K1/8 w - - 0 1
kp,4,5,unsupported,opposed,0,35,366,331,8/k3p3/P2P1P2/PK2P3/p7/8/p7/8 w - - 0 1
kp,4,5,unsupported,opposed,2,969,968,-1,8/p3p3/3P1P2/4P2k/8/2P5/8/6K1 w - - 0 1
kp,4,5,unsupported,opposed,3,875,947,72,8/4p3/3P1P2/K3P3/1p5P/8/8/1k6 w - - 0 1
kp,4,5,unsupported,opposed,4,752,837,85,7K/1p2p3/3P1P2/4P3/6k1/1P4p1/1P6/8 w - - 0 1
kp,4,5,unsupported,opposed,5,1060,1028,-32,8/1K2p3/3P1PP1/2p1P3/p1p3P1/8/P6k/8 w - - 0 1
kp,4,5,unsupported,opposed,7,1075,973,-102,8/4p3/3P1P2/P3P3/2k5/6p1/8/6K1 w - - 0 1
kp,4,5,unsupported,opposed,9,629,857,228,8/4p2P/2pP1Pk1/4P3/8/P7/7p/2K5 w - - 0 1
kp,4,5,unsupported,opposed,10,721,1088,367,6k1/4p3/1p1P1P2/4P3/8/1Pp5/7P/2K5 w - - 0 1
kp,4,5,unsupported,opposed,11,779,770,-9,K7/4p3/P2P1P2/1pp1P3/6Pp/P7/8/6k1 w - - 0 1
kp,4,5,unsupported,opposed,12,303,346,43,8/4p1p1/1P1P1P2/1P2P3/6pk/8/p5PK/8 w - - 0 1
kp,4,5,unsupported,opposed,13,758,721,-37,8/4p3/3P1P1k/4P3/P1P5/6pp/K7/8 w - - 0 1
kp,4,5,unsupported,opposed,14,1305,1044,-261,8/4p3/1p1P1P2/4P3/6P1/7K/8/k7 w - - 0 1
kp,4,5,unsupported,blocked,0,321,564,243,8/k7/P2PpP2/PK2P3/p7/8/p7/8 w - - 0 1
kp,4,5,unsupported,blocked,2,847,956,109,8/p7/3PpP2/4P2k/8/2P5/8/6K1 w - - 0 1
kp,4,5,unsupported,blocked,3,931,1191,260,8/8/3PpP2/K3P3/1p5P/8/8/1k6 w - - 0 1
kp,4,5,unsupported,blocked,4,741,755,14,7K/1p6/3PpP2/4P3/6k1/1P4p1/1P6/8 w - - 0 1
kp,4,5,unsupported,blocked,5,974,994,20,8/1K6/3PpPP1/2p1P3/p1p3P1/8/P6k/8 w - - 0 1
kp,4,5,unsupported,blocked,7,834,967,133,8/8/3PpP2/P3P3/2k5/6p1/8/6K1 w - - 0 1
kp,4,5,unsupported,blocked,9,713,944,231,8/7P/2pPpPk1/4P3/8/P7/7p/2K5 w - - 0 1
kp,4,5,unsupported,blocked,11,805,829,24,K7/8/P2PpP2/1pp1P3/6Pp/P7/8/6k1 w - - 0 1
kp,4,5,unsupported,blocked,12,45,124,79,8/6p1/1P1PpP2/1P2P3/6pk/8/p5PK/8 w - - 0 1
kp,4,5,unsupported,blocked,13,715,865,150,8/8/3PpP1k/4P3/P1P5/6pp/K7/8 w - - 0 1
kp,4,5,unsupported,blocked,14,884,998,114,8/8/1p1PpP2/4P3/6P1/7K/8/k7 w - - 0 1
kp,4,5,supported,passed,0,-758,-664,94,8/k7/P7/PK2P3/p2P4/8/p7/8 w - - 0 1
kp,4,5,supported,passed,1,952,1122,170,8/2P5/6pk/4P3/3P3K/Pp6/8/8 w - - 0 1
kp,4,5,supported,passed,2,410,479,69,8/p7/8/4P2k/3P4/2P5/8/6K1 w - - 0 1
kp,4,5,supported,passed,3,976,932,-44,8/8/8/K3P3/1p1P3P/8/8/1k6 w - - 0 1
kp,4,5,supported,passed,5,822,977,155,8/1K6/6P1/2p1P3/p1pP2P1/8/P6k/8 w - - 0 1
kp,4,5,supported,passed,7,781,789,8,8/8/8/P3P3/2kP4/6p1/8/6K1 w - - 0 1
kp,4,5,supported,passed,9,751,765,14,8/7P/2p3k1/4P3/3P4/P7/7p/2K5 w - - 0 1
kp,4,5,supported,passed,10,519,551,32,6k1/8/1p6/4P3/3P4/1Pp5/7P/2K5 w - - 0 1
kp,4,5,supported,passed,11,382,438,56,K7/8/P7/1pp1P3/3P2Pp/P7/8/6k1 w - - 0 1
kp,4,5,supported,passed,12,0,-23,-23,8/6p1/1P6/1P2P3/3P2pk/8/p5PK/8 w - - 0 1
kp,4,5,supported,passed,13,-747,-621,126,8/8/7k/4P3/P1PP4/6pp/K7/8 w - - 0 1
kp,4,5,supported,passed,14,616,843,227,8/8/1p6/4P3/3P2P1/7K/8/k7 w - - 0 1
kp,4,5,supported,passed,15,841,774,-67,8/6k1/8/4P3/2pP4/P7/6K1/8 w - - 0 1
kp,4,5,supported,contested,0,-745,-615,130,8/k7/P4p2/PK2P3/p2P4/8/p7/8 w - - 0 1
kp,4,5,supported,contested,1,725,1093,368,8/2P5/5ppk/4P3/3P3K/Pp6/8/8 w - - 0 1
kp,4,5,supported,contested,3,682,827,145,8/8/5p2/K3P3/1p1P3P/8/8/1k6 w - - 0 1
kp,4,5,supported,contested,5,674,733,59,8/1K6/5pP1/2p1P3/p1pP2P1/8/P6k/8 w - - 0 1
kp,4,5,supported,contested,7,605,741,136,8/8/5p2/P3P3/2kP4/6p1/8/6K1 w - - 0 1
kp,4,5,supported,contested,9,599,577,-22,8/7P/2p2pk1/4P3/3P4/P7/7p/2K5 w - - 0 1
kp,4,5,supported,contested,10,454,529,75,6k1/8/1p3p2/4P3/3P4/1Pp5/7P/2K5 w - - 0 1
kp,4,5,supported,contested,11,346,362,16,K7/8/P4p2/1pp1P3/3P2Pp/P7/8/6k1 w - - 0 1
kp,4,5,supported,contested,12,-4,-189,-185,8/6p1/1P3p2/1P2P3/3P2pk/8/p5PK/8 w - - 0 1
kp,4,5,supported,contested,13,-796,-644,152,8/8/5p1k/4P3/P1PP4/6pp/K7/8 w - - 0 1
kp,4,5,supported,contested,14,753,771,18,8/8/1p3p2/4P3/3P2P1/7K/8/k7 w - - 0 1
kp,4,5,supported,opposed,0,-870,-795,75,8/k3p3/P7/PK2P3/p2P4/8/p7/8 w - - 0 1
kp,4,5,supported,opposed,1,770,963,193,8/2P1p3/6pk/4P3/3P3K/Pp6/8/8 w - - 0 1
kp,4,5,supported,opposed,2,-5,291,296,8/p3p3/8/4P2k/3P4/2P5/8/6K1 w - - 0 1
kp,4,5,supported,opposed,3,741,848,107,8/4p3/8/K3P3/1p1P3P/8/8/1k6 w - - 0 1
kp,4,5,supported,opposed,4,-893,-826,67,7K/1p2p3/8/4P3/3P2k1/1P4p1/1P6/8 w - - 0 1
kp,4,5,supported,opposed,5,733,859,126,8/1K2p3/6P1/2p1P3/p1pP2P1/8/P6k/8 w - - 0 1
kp,4,5,supported,opposed,7,549,591,42,8/4p3/8/P3P3/2kP4/6p1/8/6K1 w - - 0 1
kp,4,5,supported,opposed,8,1159,919,-240,1k6/4p3/1K6/2p1P3/2PP4/8/8/8 w - - 0 1
kp,4,5,supported,opposed,9,621,614,-7,8/4p2P/2p3k1/4P3/3P4/P7/7p/2K5 w - - 0 1
kp,4,5,supported,opposed,10,431,489,58,6k1/4p3/1p6/4P3/3P4/1Pp5/7P/2K5 w - - 0 1
kp,4,5,supported,opposed,11,316,448,132,K7/4p3/P7/1pp1P3/3P2Pp/P7/8/6k1 w - - 0 1
kp,4,5,supported,opposed,12,0,-348,-348,8/4p1p1/1P6/1P2P3/3P2pk/8/p5PK/8 w - - 0 1
kp,4,5,supported,opposed,13,-794,-684,110,8/4p3/7k/4P3/P1PP4/6pp/K7/8 w - - 0 1
kp,4,5,supported,opposed,14,514,621,107,8/4p3/1p6/4P3/3P2P1/7K/8/k7 w - - 0 1
kp,4,5,supported,blocked,0,-810,-827,-17,8/k7/P3p3/PK2P3/p2P4/8/p7/8 w - - 0 1
kp,4,5,supported,blocked,3,1298,961,-337,8/8/4p3/K3P3/1p1P3P/8/8/1k6 w - - 0 1
kp,4,5,supported,blocked,5,745,774,29,8/1K6/4p1P1/2p1P3/p1pP2P1/8/P6k/8 w - - 0 1
kp,4,5,supported,blocked,7,627,749,122,8/8/4p3/P3P3/2kP4/6p1/8/6K1 w - - 0 1
kp,4,5,supported,blocked,9,635,649,14,8/7P/2p1p1k1/4P3/3P4/P7/7p/2K5 w - - 0 1
kp,4,5,supported,blocked,10,516,528,12,6k1/8/1p2p3/4P3/3P4/1Pp5/7P/2K5 w - - 0 1
kp,4,5,supported,blocked,11,271,398,127,K7/8/P3p3/1pp1P3/3P2Pp/P7/8/6k1 w - - 0 1
kp,4,5,supported,blocked,12,0,-243,-243,8/6p1/1P2p3/1P2P3/3P2pk/8/p5PK/8 w - - 0 1
kp,4,5,supported,blocked,13,-796,-773,23,8/8/4p2k/4P3/P1PP4/6pp/K7/8 w - - 0 1
kp,4,5,supported,blocked,14,553,624,71,8/8/1p2p3/4P3/3P2P1/7K/8/k7 w - - 0 1
kp,4,5,phalanx,passed,0,-661,-705,-44,8/k7/P7/PK1PP3/p7/8/p7/8 w - - 0 1
kp,4,5,phalanx,passed,1,952,1012,60,8/2P5/6pk/3PP3/7K/Pp6/8/8 w - - 0 1
kp,4,5,phalanx,passed,2,717,733,16,8/p7/8/3PP2k/8/2P5/8/6K1 w - - 0 1
kp,4,5,phalanx,passed,4,5,0,-5,7K/1p6/8/3PP3/6k1/1P4p1/1P6/8 w - - 0 1
kp,4,5,phalanx,passed,5,944,975,31,8/1K6/6P1/2pPP3/p1p3P1/8/P6k/8 w - - 0 1
kp,4,5,phalanx,passed,7,746,800,54,8/8/8/P2PP3/2k5/6p1/8/6K1 w - - 0 1
kp,4,5,phalanx,passed,9,612,650,38,8/7P/2p3k1/3PP3/8/P7/7p/2K5 w - - 0 1
kp,4,5,phalanx,passed,10,667,694,27,6k1/8/1p6/3PP3/8/1Pp5/7P/2K5 w - - 0 1
kp,4,5,phalanx,passed,11,611,659,48,K7/8/P7/1ppPP3/6Pp/P7/8/6k1 w - - 0 1
kp,4,5,phalanx,passed,12,-6,-37,-31,8/6p1/1P6/1P1PP3/6pk/8/p5PK/8 w - - 0 1
kp,4,5,phalanx,passed,13,-127,-312,-185,8/8/7k/3PP3/P1P5/6pp/K7/8 w - - 0 1
kp,4,5,phalanx,contested,0,-787,-958,-171,8/k7/P4p2/PK1PP3/p7/8/p7/8 w - - 0 1
kp,4,5,phalanx,contested,1,810,837,27,8/2P5/5ppk/3PP3/7K/Pp6/8/8 w - - 0 1
kp,4,5,phalanx,contested,2,650,664,14,8/p7/5p2/3PP2k/8/2P5/8/6K1 w - - 0 1
kp,4,5,phalanx,contested,4,-221,3,224,7K/1p6/5p2/3PP3/6k1/1P4p1/1P6/8 w - - 0 1
kp,4,5,phalanx,contested,5,812,852,40,8/1K6/5pP1/2pPP3/p1p3P1/8/P6k/8 w - - 0 1
kp,4,5,phalanx,contested,6,1066,772,-294,8/6P1/5p1k/3PP3/7p/8/2K5/8 w - - 0 1
kp,4,5,phalanx,contested,7,676,844,168,8/8/5p2/P2PP3/2k5/6p1/8/6K1 w - - 0 1
kp,4,5,phalanx,contested,8,1292,1270,-22,1k6/8/1K3p2/2pPP3/2P5/8/8/8 w - - 0 1
kp,4,5,phalanx,contested,9,635,635,0,8/7P/2p2pk1/3PP3/8/P7/7p/2K5 w - - 0 1
kp,4,5,phalanx,contested,10,526,687,161,6k1/8/1p3p2/3PP3/8/1Pp5/7P/2K5 w - - 0 1
kp,4,5,phalanx,contested,11,491,571,80,K7/8/P4p2/1ppPP3/6Pp/P7/8/6k1 w - - 0 1
kp,4,5,phalanx,contested,12,-1,-118,-117,8/6p1/1P3p2/1P1PP3/6pk/8/p5PK/8 w - - 0 1
kp,4,5,phalanx,contested,13,-257,-393,-136,8/8/5p1k/3PP3/P1P5/6pp/K7/8 w - - 0 1
kp,4,5,phalanx,contested,14,1105,909,-196,8/8/1p3p2/3PP3/6P1/7K/8/k7 w - - 0 1
kp,4,5,phalanx,opposed,0,-865,-794,71,8/k3p3/P7/PK1PP3/p7/8/p7/8 w - - 0 1
kp,4,5,phalanx,opposed,1,744,767,23,8/2P1p3/6pk/3PP3/7K/Pp6/8/8 w - - 0 1
kp,4,5,phalanx,opposed,3,667,928,261,8/4p3/8/K2PP3/1p5P/8/8/1k6 w - - 0 1
kp,4,5,phalanx,opposed,5,808,876,68,8/1K2p3/6P1/2pPP3/p1p3P1/8/P6k/8 w - - 0 1
kp,4,5,phalanx,opposed,7,605,685,80,8/4p3/8/P2PP3/2k5/6p1/8/6K1 w - - 0 1
kp,4,5,phalanx,opposed,9,599,726,127,8/4p2P/2p3k1/3PP3/8/P7/7p/2K5 w - - 0 1
kp,4,5,phalanx,opposed,10,516,688,172,6k1/4p3/1p6/3PP3/8/1Pp5/7P/2K5 w - - 0 1
kp,4,5,phalanx,opposed,11,406,469,63,K7/4p3/P7/1ppPP3/6Pp/P7/8/6k1 w - - 0 1
kp,4,5,phalanx,opposed,12,-2,-179,-177,8/4p1p1/1P6/1P1PP3/6pk/8/p5PK/8 w - - 0 1
kp,4,5,phalanx,opposed,13,-741,-362,379,8/4p3/7k/3PP3/P1P5/6pp/K7/8 w - - 0 1
kp,4,5,phalanx,opposed,14,585,738,153,8/4p3/1p6/3PP3/6P1/7K/8/k7 w - - 0 1
kp,4,5,phalanx,opposed,15,32,431,399,8/4p1k1/8/3PP3/2p5/P7/6K1/8 w - - 0 1
kp,4,5,phalanx,blocked,0,-809,-1041,-232,8/k7/P3p3/PK1PP3/p7/8/p7/8 w - - 0 1
kp,4,5,phalanx,blocked,2,659,702,43,8/p7/4p3/3PP2k/8/2P5/8/6K1 w - - 0 1
kp,4,5,phalanx,blocked,3,886,1057,171,8/8/4p3/K2PP3/1p5P/8/8/1k6 w - - 0 1
kp,4,5,phalanx,blocked,4,2,371,369,7K/1p6/4p3/3PP3/6k1/1P4p1/1P6/8 w - - 0 1
kp,4,5,phalanx,blocked,5,791,815,24,8/1K6/4p1P1/2pPP3/p1p3P1/8/P6k/8 w - - 0 1
kp,4,5,phalanx,blocked,7,926,787,-139,8/8/4p3/P2PP3/2k5/6p1/8/6K1 w - - 0 1
kp,4,5,phalanx,blocked,9,579,622,43,8/7P/2p1p1k1/3PP3/8/P7/7p/2K5 w - - 0 1
kp,4,5,phalanx,blocked,10,719,731,12,6k1/8/1p2p3/3PP3/8/1Pp5/7P/2K5 w - - 0 1
kp,4,5,phalanx,blocked,11,557,494,-63,K7/8/P3p3/1ppPP3/6Pp/P7/8/6k1 w - - 0 1
kp,4,5,phalanx,blocked,12,0,-176,-176,8/6p1/1P2p3/1P1PP3/6pk/8/p5PK/8 w - - 0 1
kp,4,5,phalanx,blocked,13,-305,-414,-109,8/8/4p2k/3PP3/P1P5/6pp/K7/8 w - - 0 1
kp,4,5,phalanx,blocked,14,931,995,64,8/8/1p2p3/3PP3/6P1/7K/8/k7 w - - 0 1
kp,4,5,doubled,passed,1,1189,1200,11,8/2P5/6pk/4P3/4P2K/Pp6/8/8 w - - 0 1
kp,4,5,doubled,passed,2,506,534,28,8/p7/8/4P2k/4P3/2P5/8/6K1 w - - 0 1
kp,4,5,doubled,passed,5,1002,1028,26,8/1K6/6P1/2p1P3/p1p1P1P1/8/P6k/8 w - - 0 1
kp,4,5,doubled,passed,7,863,792,-71,8/8/8/P3P3/2k1P3/6p1/8/6K1 w - - 0 1
kp,4,5,doubled,passed,9,742,738,-4,8/7P/2p3k1/4P3/4P3/P7/7p/2K5 w - - 0 1
kp,4,5,doubled,passed,10,714,698,-16,6k1/8/1p6/4P3/4P3/1Pp5/7P/2K5 w - - 0 1
kp,4,5,doubled,passed,11,358,438,80,K7/8/P7/1pp1P3/4P1Pp/P7/8/6k1 w - - 0 1
kp,4,5,doubled,passed,12,-2,-50,-48,8/6p1/1P6/1P2P3/4P1pk/8/p5PK/8 w - - 0 1
kp,4,5,doubled,passed,13,-747,-636,111,8/8/7k/4P3/P1P1P3/6pp/K7/8 w - - 0 1
kp,4,5,doubled,passed,14,1008,864,-144,8/8/1p6/4P3/4P1P1/7K/8/k7 w - - 0 1
kp,4,5,doubled,passed,15,889,732,-157,8/6k1/8/4P3/2p1P3/P7/6K1/8 w - - 0 1
kp,4,5,doubled,contested,3,748,861,113,8/8/5p2/K3P3/1p2P2P/8/8/1k6 w - - 0 1
kp,4,5,doubled,contested,5,717,760,43,8/1K6/5pP1/2p1P3/p1p1P1P1/8/P6k/8 w - - 0 1
kp,4,5,doubled,contested,7,622,848,226,8/8/5p2/P3P3/2k1P3/6p1/8/6K1 w - - 0 1
kp,4,5,doubled,contested,8,1465,1684,219,1k6/8/1K3p2/2p1P3/2P1P3/8/8/8 w - - 0 1
kp,4,5,doubled,contested,9,691,629,-62,8/7P/2p2pk1/4P3/4P3/P7/7p/2K5 w - - 0 1
kp,4,5,doubled,contested,10,499,651,152,6k1/8/1p3p2/4P3/4P3/1Pp5/7P/2K5 w - - 0 1
kp,4,5,doubled,contested,12,0,-129,-129,8/6p1/1P3p2/1P2P3/4P1pk/8/p5PK/8 w - - 0 1
kp,4,5,doubled,contested,13,-754,-651,103,8/8/5p1k/4P3/P1P1P3/6pp/K7/8 w - - 0 1
kp,4,5,doubled,contested,15,501,551,50,8/6k1/5p2/4P3/2p1P3/P7/6K1/8 w - - 0 1
kp,4,5,doubled,opposed,1,812,768,-44,8/2P1p3/6pk/4P3/4P2K/Pp6/8/8 w - - 0 1
kp,4,5,doubled,opposed,2,-39,43,82,8/p3p3/8/4P2k/4P3/2P5/8/6K1 w - - 0 1
kp,4,5,doubled,opposed,3,635,766,131,8/4p3/8/K3P3/1p2P2P/8/8/1k6 w - - 0 1
kp,4,5,doubled,opposed,5,797,842,45,8/1K2p3/6P1/2p1P3/p1p1P1P1/8/P6k/8 w - - 0 1
kp,4,5,doubled,opposed,7,710,721,11,8/4p3/8/P3P3/2k1P3/6p1/8/6K1 w - - 0 1
kp,4,5,doubled,opposed,9,688,701,13,8/4p2P/2p3k1/4P3/4P3/P7/7p/2K5 w - - 0 1
kp,4,5,doubled,opposed,10,399,499,100,6k1/4p3/1p6/4P3/4P3/1Pp5/7P/2K5 w - - 0 1
kp,4,5,doubled,opposed,11,409,173,-236,K7/4p3/P7/1pp1P3/4P1Pp/P7/8/6k1 w - - 0 1
kp,4,5,doubled,opposed,12,-21,-228,-207,8/4p1p1/1P6/1P2P3/4P1pk/8/p5PK/8 w - - 0 1
kp,4,5,doubled,opposed,13,-780,-710,70,8/4p3/7k/4P3/P1P1P3/6pp/K7/8 w - - 0 1
kp,4,5,doubled,opposed,14,542,490,-52,8/4p3/1p6/4P3/4P1P1/7K/8/k7 w - - 0 1
kp,4,5,doubled,opposed,15,414,558,144,8/4p1k1/8/4P3/2p1P3/P7/6K1/8 w - - 0 1
kp,4,5,doubled,blocked,1,899,1101,202,8/2P5/4p1pk/4P3/4P2K/Pp6/8/8 w - - 0 1
kp,4,5,doubled,blocked,2,-21,11,32,8/p7/4p3/4P2k/4P3/2P5/8/6K1 w - - 0 1
kp,4,5,doubled,blocked,4,-2415,-2414,1,7K/1p6/4p3/4P3/4P1k1/1P4p1/1P6/8 w - - 0 1
kp,4,5,doubled,blocked,5,806,832,26,8/1K6/4p1P1/2p1P3/p1p1P1P1/8/P6k/8 w - - 0 1
kp,4,5,doubled,blocked,7,753,767,14,8/8/4p3/P3P3/2k1P3/6p1/8/6K1 w - - 0 1
kp,4,5,doubled,blocked,9,667,713,46,8/7P/2p1p1k1/4P3/4P3/P7/7p/2K5 w - - 0 1
kp,4,5,doubled,blocked,10,497,544,47,6k1/8/1p2p3/4P3/4P3/1Pp5/7P/2K5 w - - 0 1
kp,4,5,doubled,blocked,11,431,445,14,K7/8/P3p3/1pp1P3/4P1Pp/P7/8/6k1 w - - 0 1
kp,4,5,doubled,blocked,12,-4,-207,-203,8/6p1/1P2p3/1P2P3/4P1pk/8/p5PK/8 w - - 0 1
kp,4,5,doubled,blocked,13,-810,-797,13,8/8/4p2k/4P3/P1P1P3/6pp/K7/8 w - - 0 1
kp,4,5,doubled,blocked,14,631,621,-10,8/8/1p2p3/4P3/4P1P1/7K/8/k7 w - - 0 1
kp,4,5,doubled,blocked,15,537,564,27,8/6k1/4p3/4P3/2p1P3/P7/6K1/8 w - - 0 1
kp,4,6,isolated,passed,1,1267,1306,39,8/2P5/4P1pk/8/7K/Pp6/8/8 w - - 0 1
kp,4,6,isolated,passed,3,1207,1277,70,8/8/4P3/K7/1p5P/8/8/1k6 w - - 0 1
kp,4,6,isolated,passed,5,1021,956,-65,8/1K6/4P1P1/2p5/p1p3P1/8/P6k/8 w - - 0 1
kp,4,6,isolated,passed,7,1238,1146,-92,8/8/4P3/P7/2k5/6p1/8/6K1 w - - 0 1
kp,4,6,isolated,passed,9,696,724,28,8/7P/2p1P1k1/8/8/P7/7p/2K5 w - - 0 1
kp,4,6,isolated,passed,10,733,729,-4,6k1/8/1p2P3/8/8/1Pp5/7P/2K5 w - - 0 1
kp,4,6,isolated,passed,12,0,0,0,8/6p1/1P2P3/1P6/6pk/8/p5PK/8 w - - 0 1
kp,4,6,isolated,passed,15,48,46,-2,8/6k1/4P3/8/2p5/P7/6K1/8 w - - 0 1
kp,4,6,isolated,contested,5,1007,987,-20,8/1K3p2/4P1P1/2p5/p1p3P1/8/P6k/8 w - - 0 1
kp,4,6,isolated,contested,9,594,638,44,8/5p1P/2p1P1k1/8/8/P7/7p/2K5 w - - 0 1
kp,4,6,isolated,contested,12,-1,30,31,8/5pp1/1P2P3/1P6/6pk/8/p5PK/8 w - - 0 1
kp,4,6,isolated,blocked,1,694,974,280,8/2P1p3/4P1pk/8/7K/Pp6/8/8 w - - 0 1
kp,4,6,isolated,blocked,2,-474,-548,-74,8/p3p3/4P3/7k/8/2P5/8/6K1 w - - 0 1
kp,4,6,isolated,blocked,3,702,816,114,8/4p3/4P3/K7/1p5P/8/8/1k6 w - - 0 1
kp,4,6,isolated,blocked,4,-2039,-2360,-321,7K/1p2p3/4P3/8/6k1/1P4p1/1P6/8 w - - 0 1
kp,4,6,isolated,blocked,5,855,808,-47,8/1K2p3/4P1P1/2p5/p1p3P1/8/P6k/8 w - - 0 1
kp,4,6,isolated,blocked,7,605,691,86,8/4p3/4P3/P7/2k5/6p1/8/6K1 w - - 0 1
kp,4,6,isolated,blocked,8,15,0,-15,1k6/4p3/1K2P3/2p5/2P5/8/8/8 w - - 0 1
kp,4,6,isolated,blocked,9,651,711,60,8/4p2P/2p1P1k1/8/8/P7/7p/2K5 w - - 0 1
kp,4,6,isolated,blocked,10,521,567,46,6k1/4p3/1p2P3/8/8/1Pp5/7P/2K5 w - - 0 1
kp,4,6,isolated,blocked,11,0,96,96,K7/4p3/P3P3/1pp5/6Pp/P7/8/6k1 w - - 0 1
kp,4,6,isolated,blocked,12,-3,-3,0,8/4p1p1/1P2P3/1P6/6pk/8/p5PK/8 w - - 0 1
kp,4,6,isolated,blocked,13,-811,-797,14,8/4p3/4P2k/8/P1P5/6pp/K7/8 w - - 0 1
kp,4,6,isolated,blocked,14,531,663,132,8/4p3/1p2P3/8/6P1/7K/8/k7 w - - 0 1
kp,4,6,unsupported,passed,2,1077,1137,60,8/p2P1P2/4P3/7k/8/2P5/8/6K1 w - - 0 1
kp,4,6,unsupported,passed,4,949,1063,114,7K/1p1P1P2/4P3/8/6k1/1P4p1/1P6/8 w - - 0 1
kp,4,6,unsupported,passed,5,1172,1362,190,8/1K1P1P2/4P1P1/2p5/p1p3P1/8/P6k/8 w - - 0 1
kp,4,6,unsupported,passed,9,1045,1016,-29,8/3P1P1P/2p1P1k1/8/8/P7/7p/2K5 w - - 0 1
kp,4,6,unsupported,passed,11,1125,1175,50,K7/3P1P2/P3P3/1pp5/6Pp/P7/8/6k1 w - - 0 1
kp,4,6,unsupported,passed,14,1636,1290,-346,8/3P1P2/1p2P3/8/6P1/7K/8/k7 w - - 0 1
kp,4,6,unsupported,contested,2,641,915,274,8/p2P1p2/4P3/7k/8/2P5/8/6K1 w - - 0 1
kp,4,6,unsupported,contested,4,492,846,354,7K/1p1P1p2/4P3/8/6k1/1P4p1/1P6/8 w - - 0 1
kp,4,6,unsupported,contested,5,983,1067,84,8/1K1P1p2/4P1P1/2p5/p1p3P1/8/P6k/8 w - - 0 1
kp,4,6,unsupported,contested,7,805,952,147,8/3P1p2/4P3/P7/2k5/6p1/8/6K1 w - - 0 1
kp,4,6,unsupported,contested,9,757,811,54,8/3P1p1P/2p1P1k1/8/8/P7/7p/2K5 w - - 0 1
kp,4,6,unsupported,contested,11,752,901,149,K7/3P1p2/P3P3/1pp5/6Pp/P7/8/6k1 w - - 0 1
kp,4,6,unsupported,contested,12,685,759,74,8/3P1pp1/1P2P3/1P6/6pk/8/p5PK/8 w - - 0 1
kp,4,6,unsupported,contested,13,722,755,33,8/3P1p2/4P2k/8/P1P5/6pp/K7/8 w - - 0 1
kp,4,6,unsupported,blocked,4,872,871,-1,7K/1p1PpP2/4P3/8/6k1/1P4p1/1P6/8 w - - 0 1
kp,4,6,unsupported,blocked,5,1166,1283,117,8/1K1PpP2/4P1P1/2p5/p1p3P1/8/P6k/8 w - - 0 1
kp,4,6,unsupported,blocked,9,930,1227,297,8/3PpP1P/2p1P1k1/8/8/P7/7p/2K5 w - - 0 1
kp,4,6,unsupported,blocked,11,1272,1233,-39,K7/3PpP2/P3P3/1pp5/6Pp/P7/8/6k1 w - - 0 1
kp,4,6,unsupported,blocked,12,650,859,209,8/3PpPp1/1P2P3/1P6/6pk/8/p5PK/8 w - - 0 1
kp,4,6,unsupported,blocked,14,1256,1205,-51,8/3PpP2/1p2P3/8/6P1/7K/8/k7 w - - 0 1
kp,4,6,supported,passed,1,844,1104,260,8/2P5/4P1pk/3P4/7K/Pp6/8/8 w - - 0 1
kp,4,6,supported,passed,2,723,840,117,8/p7/4P3/3P3k/8/2P5/8/6K1 w - - 0 1
kp,4,6,supported,passed,3,3078,2871,-207,8/8/4P3/K2P4/1p5P/8/8/1k6 w - - 0 1
kp,4,6,supported,passed,5,1004,1031,27,8/1K6/4P1P1/2pP4/p1p3P1/8/P6k/8 w - - 0 1
kp,4,6,supported,passed,7,911,1083,172,8/8/4P3/P2P4/2k5/6p1/8/6K1 w - - 0 1
kp,4,6,supported,passed,9,650,695,45,8/7P/2p1P1k1/3P4/8/P7/7p/2K5 w - - 0 1
kp,4,6,supported,passed,10,727,731,4,6k1/8/1p2P3/3P4/8/1Pp5/7P/2K5 w - - 0 1
kp,4,6,supported,passed,11,606,758,152,K7/8/P3P3/1ppP4/6Pp/P7/8/6k1 w - - 0 1
kp,4,6,supported,passed,12,0,0,0,8/6p1/1P2P3/1P1P4/6pk/8/p5PK/8 w - - 0 1
kp,4,6,supported,contested,1,731,1068,337,8/2P2p2/4P1pk/3P4/7K/Pp6/8/8 w - - 0 1
kp,4,6,supported,contested,5,1005,1021,16,8/1K3p2/4P1P1/2pP4/p1p3P1/8/P6k/8 w - - 0 1
kp,4,6,supported,contested,6,943,1016,73,8/5pP1/4P2k/3P4/7p/8/2K5/8 w - - 0 1
kp,4,6,supported,contested,9,673,627,-46,8/5p1P/2p1P1k1/3P4/8/P7/7p/2K5 w - - 0 1
kp,4,6,supported,contested,10,563,701,138,6k1/5p2/1p2P3/3P4/8/1Pp5/7P/2K5 w - - 0 1
kp,4,6,supported,contested,11,442,740,298,K7/5p2/P3P3/1ppP4/6Pp/P7/8/6k1 w - - 0 1
kp,4,6,supported,contested,12,0,94,94,8/5pp1/1P2P3/1P1P4/6pk/8/p5PK/8 w - - 0 1
kp,4,6,supported,contested,14,815,921,106,8/5p2/1p2P3/3P4/6P1/7K/8/k7 w - - 0 1
kp,4,6,supported,blocked,1,1074,887,-187,8/2P1p3/4P1pk/3P4/7K/Pp6/8/8 w - - 0 1
kp,4,6,supported,blocked,5,791,900,109,8/1K2p3/4P1P1/2pP4/p1p3P1/8/P6k/8 w - - 0 1
kp,4,6,supported,blocked,7,676,709,33,8/4p3/4P3/P2P4/2k5/6p1/8/6K1 w - - 0 1
kp,4,6,supported,blocked,9,678,674,-4,8/4p2P/2p1P1k1/3P4/8/P7/7p/2K5 w - - 0 1
kp,4,6,supported,blocked,10,564,582,18,6k1/4p3/1p2P3/3P4/8/1Pp5/7P/2K5 w - - 0 1
kp,4,6,supported,blocked,11,454,601,147,K7/4p3/P3P3/1ppP4/6Pp/P7/8/6k1 w - - 0 1
kp,4,6,supported,blocked,12,0,0,0,8/4p1p1/1P2P3/1P1P4/6pk/8/p5PK/8 w - - 0 1
kp,4,6,supported,blocked,14,613,882,269,8/4p3/1p2P3/3P4/6P1/7K/8/k7 w - - 0 1
kp,4,6,supported,blocked,15,29,228,199,8/4p1k1/4P3/3P4/2p5/P7/6K1/8 w - - 0 1
kp,4,6,phalanx,passed,0,0,14,14,8/k7/P2PP3/PK6/p7/8/p7/8 w - - 0 1
kp,4,6,phalanx,passed,4,561,773,212,7K/1p6/3PP3/8/6k1/1P4p1/1P6/8 w - - 0 1
kp,4,6,phalanx,passed,5,1043,1080,37,8/1K6/3PP1P1/2p5/p1p3P1/8/P6k/8 w - - 0 1
kp,4,6,phalanx,passed,7,1507,1312,-195,8/8/3PP3/P7/2k5/6p1/8/6K1 w - - 0 1
kp,4,6,phalanx,passed,9,858,867,9,8/7P/2pPP1k1/8/8/P7/7p/2K5 w - - 0 1
kp,4,6,phalanx,passed,10,783,921,138,6k1/8/1p1PP3/8/8/1Pp5/7P/2K5 w - - 0 1
kp,4,6,phalanx,passed,11,706,819,113,K7/8/P2PP3/1pp5/6Pp/P7/8/6k1 w - - 0 1
kp,4,6,phalanx,passed,12,44,296,252,8/6p1/1P1PP3/1P6/6pk/8/p5PK/8 w - - 0 1
kp,4,6,phalanx,passed,13,675,822,147,8/8/3PP2k/8/P1P5/6pp/K7/8 w - - 0 1
kp,4,6,phalanx,passed,15,902,990,88,8/6k1/3PP3/8/2p5/P7/6K1/8 w - - 0 1
kp,4,6,phalanx,contested,0,0,10,10,8/k4p2/P2PP3/PK6/p7/8/p7/8 w - - 0 1
kp,4,6,phalanx,contested,1,861,1017,156,8/2P2p2/3PP1pk/8/7K/Pp6/8/8 w - - 0 1
kp,4,6,phalanx,contested,2,667,1048,381,8/p4p2/3PP3/7k/8/2P5/8/6K1 w - - 0 1
kp,4,6,phalanx,contested,4,478,800,322,7K/1p3p2/3PP3/8/6k1/1P4p1/1P6/8 w - - 0 1
kp,4,6,phalanx,contested,5,1005,1151,146,8/1K3p2/3PP1P1/2p5/p1p3P1/8/P6k/8 w - - 0 1
kp,4,6,phalanx,contested,9,691,759,68,8/5p1P/2pPP1k1/8/8/P7/7p/2K5 w - - 0 1
kp,4,6,phalanx,contested,10,708,751,43,6k1/5p2/1p1PP3/8/8/1Pp5/7P/2K5 w - - 0 1
kp,4,6,phalanx,contested,11,634,774,140,K7/5p2/P2PP3/1pp5/6Pp/P7/8/6k1 w - - 0 1
kp,4,6,phalanx,contested,12,0,240,240,8/5pp1/1P1PP3/1P6/6pk/8/p5PK/8 w - - 0 1
kp,4,6,phalanx,contested,13,488,572,84,8/5p2/3PP2k/8/P1P5/6pp/K7/8 w - - 0 1
kp,4,6,phalanx,contested,15,688,936,248,8/5pk1/3PP3/8/2p5/P7/6K1/8 w - - 0 1
kp,4,6,phalanx,blocked,0,0,0,0,8/k3p3/P2PP3/PK6/p7/8/p7/8 w - - 0 1
kp,4,6,phalanx,blocked,1,1077,829,-248,8/2P1p3/3PP1pk/8/7K/Pp6/8/8 w - - 0 1
kp,4,6,phalanx,blocked,4,578,773,195,7K/1p2p3/3PP3/8/6k1/1P4p1/1P6/8 w - - 0 1
kp,4,6,phalanx,blocked,5,1128,1062,-66,8/1K2p3/3PP1P1/2p5/p1p3P1/8/P6k/8 w - - 0 1
kp,4,6,phalanx,blocked,9,655,789,134,8/4p2P/2pPP1k1/8/8/P7/7p/2K5 w - - 0 1
kp,4,6,phalanx,blocked,11,765,678,-87,K7/4p3/P2PP3/1pp5/6Pp/P7/8/6k1 w - - 0 1
kp,4,6,phalanx,blocked,12,0,0,0,8/4p1p1/1P1PP3/1P6/6pk/8/p5PK/8 w - - 0 1
kp,4,6,phalanx,blocked,13,767,734,-33,8/4p3/3PP2k/8/P1P5/6pp/K7/8 w - - 0 1
kp,4,6,phalanx,blocked,15,687,813,126,8/4p1k1/3PP3/8/2p5/P7/6K1/8 w - - 0 1
kp,4,6,doubled,passed,1,1021,1059,38,8/2P5/4P1pk/4P3/7K/Pp6/8/8 w - - 0 1
kp,4,6,doubled,passed,5,1018,989,-29,8/1K6/4P1P1/2p1P3/p1p3P1/8/P6k/8 w - - 0 1
kp,4,6,doubled,passed,9,686,723,37,8/7P/2p1P1k1/4P3/8/P7/7p/2K5 w - - 0 1
kp,4,6,doubled,passed,10,711,723,12,6k1/8/1p2P3/4P3/8/1Pp5/7P/2K5 w - - 0 1
kp,4,6,doubled,passed,11,629,684,55,K7/8/P3P3/1pp1P3/6Pp/P7/8/6k1 w - - 0 1
kp,4,6,doubled,passed,12,-20,0,20,8/6p1/1P2P3/1P2P3/6pk/8/p5PK/8 w - - 0 1
kp,4,6,doubled,passed,14,2856,3029,173,8/8/1p2P3/4P3/6P1/7K/8/k7 w - - 0 1
kp,4,6,doubled,passed,15,498,618,120,8/6k1/4P3/4P3/2p5/P7/6K1/8 w - - 0 1
kp,4,6,doubled,contested,3,674,955,281,8/5p2/4P3/K3P3/1p5P/8/8/1k6 w - - 0 1
kp,4,6,doubled,contested,5,988,1034,46,8/1K3p2/4P1P1/2p1P3/p1p3P1/8/P6k/8 w - - 0 1
kp,4,6,doubled,contested,7,571,870,299,8/5p2/4P3/P3P3/2k5/6p1/8/6K1 w - - 0 1
kp,4,6,doubled,contested,9,647,725,78,8/5p1P/2p1P1k1/4P3/8/P7/7p/2K5 w - - 0 1
kp,4,6,doubled,contested,10,489,789,300,6k1/5p2/1p2P3/4P3/8/1Pp5/7P/2K5 w - - 0 1
kp,4,6,doubled,contested,12,-217,32,249,8/5pp1/1P2P3/1P2P3/6pk/8/p5PK/8 w - - 0 1
kp,4,6,doubled,blocked,0,-3940,-4124,-184,8/k3p3/P3P3/PK2P3/p7/8/p7/8 w - - 0 1
kp,4,6,doubled,blocked,1,794,982,188,8/2P1p3/4P1pk/4P3/7K/Pp6/8/8 w - - 0 1
kp,4,6,doubled,blocked,2,-126,0,126,8/p3p3/4P3/4P2k/8/2P5/8/6K1 w - - 0 1
kp,4,6,doubled,blocked,5,854,845,-9,8/1K2p3/4P1P1/2p1P3/p1p3P1/8/P6k/8 w - - 0 1
kp,4,6,doubled,blocked,6,963,1177,214,8/4p1P1/4P2k/4P3/7p/8/2K5/8 w - - 0 1
kp,4,6,doubled,blocked,7,666,737,71,8/4p3/4P3/P3P3/2k5/6p1/8/6K1 w - - 0 1
kp,4,6,doubled,blocked,9,682,721,39,8/4p2P/2p1P1k1/4P3/8/P7/7p/2K5 w - - 0 1
kp,4,6,doubled,blocked,10,460,534,74,6k1/4p3/1p2P3/4P3/8/1Pp5/7P/2K5 w - - 0 1
kp,4,6,doubled,blocked,11,37,333,296,K7/4p3/P3P3/1pp1P3/6Pp/P7/8/6k1 w - - 0 1
kp,4,6,doubled,blocked,12,-223,-232,-9,8/4p1p1/1P2P3/1P2P3/6pk/8/p5PK/8 w - - 0 1
kp,4,6,doubled,blocked,13,-814,-735,79,8/4p3/4P2k/4P3/P1P5/6pp/K7/8 w - - 0 1
kp,4,6,doubled,blocked,14,602,744,142,8/4p3/1p2P3/4P3/6P1/7K/8/k7 w - - 0 1
kp,4,7,isolated,passed,5,1036,1166,130,8/1K2P3/6P1/2p5/p1p3P1/8/P6k/8 w - - 0 1
kp,4,7,isolated,passed,7,3047,3003,-44,8/4P3/8/P7/2k5/6p1/8/6K1 w - - 0 1
kp,4,7,isolated,passed,9,699,771,72,8/4P2P/2p3k1/8/8/P7/7p/2K5 w - - 0 1
kp,4,7,isolated,passed,10,733,855,122,6k1/4P3/1p6/8/8/1Pp5/7P/2K5 w - - 0 1
kp,4,7,isolated,passed,12,0,273,273,8/4P1p1/1P6/1P6/6pk/8/p5PK/8 w - - 0 1
kp,4,7,supported,passed,3,3536,3365,-171,8/4P3/3P4/K7/1p5P/8/8/1k6 w - - 0 1
kp,4,7,supported,passed,4,674,905,231,7K/1p2P3/3P4/8/6k1/1P4p1/1P6/8 w - - 0 1
kp,4,7,supported,passed,5,1138,1187,49,8/1K2P3/3P2P1/2p5/p1p3P1/8/P6k/8 w - - 0 1
kp,4,7,supported,passed,9,863,959,96,8/4P2P/2pP2k1/8/8/P7/7p/2K5 w - - 0 1
kp,4,7,supported,passed,10,808,1135,327,6k1/4P3/1p1P4/8/8/1Pp5/7P/2K5 w - - 0 1
kp,4,7,supported,passed,11,730,914,184,K7/4P3/P2P4/1pp5/6Pp/P7/8/6k1 w - - 0 1
kp,4,7,supported,passed,13,833,924,91,8/4P3/3P3k/8/P1P5/6pp/K7/8 w - - 0 1
kp,4,7,phalanx,passed,5,1227,1164,-63,8/1K1PP3/6P1/2p5/p1p3P1/8/P6k/8 w - - 0 1
kp,4,7,phalanx,passed,9,925,1279,354,8/3PP2P/2p3k1/8/8/P7/7p/2K5 w - - 0 1
kp,4,7,doubled,passed,4,733,890,157,7K/1p2P3/4P3/8/6k1/1P4p1/1P6/8 w - - 0 1
kp,4,7,doubled,passed,5,1252,1052,-200,8/1K2P3/4P1P1/2p5/p1p3P1/8/P6k/8 w - - 0 1
kp,4,7,doubled,passed,9,750,890,140,8/4P2P/2p1P1k1/8/8/P7/7p/2K5 w - - 0 1
kp,4,7,doubled,passed,11,644,816,172,K7/4P3/P3P3/1pp5/6Pp/P7/8/6k1 w - - 0 1
kp,4,7,doubled,passed,13,1138,901,-237,8/4P3/4P2k/8/P1P5/6pp/K7/8 w - - 0 1
