fen,src,phase_score,our_total,our_ks,sf11_total,sf11_ks,geo_class,kzone_w,kzone_b,in_check_w,in_check_b,sf18
8/6p1/3K4/5k1p/8/8/8/8 b - - 1 90,vssf_2700,128,-5.716,0.0,-2.55,0.23,quiet,1,1,0,0,
7r/1p5P/1P6/5k2/8/7K/8/8 b - - 14 91,vssf_2700,117,-10.208,0.0,-3.65,-0.94,quiet,1,1,0,0,
6k1/6pp/1N2pp2/P7/2K5/8/4n3/8 b - - 2 40,vssf_2700,117,-7.515,0.0,-1.43,-0.89,quiet,2,0,0,0,
5k2/1p2r3/p1p2p2/P5p1/1R4Pp/5K2/P4P2/3B4 w - - 1 44,vssf_2700,101,-0.791,0.0,2.0,-0.19,ks,3,0,0,0,
8/3R4/p3k2p/1r1p2b1/7p/8/PPR2PK1/8 w - - 6 47,vssf_2700,90,-0.1,0.0,1.05,0.86,quiet,1,1,0,0,
2k3r1/3p2r1/1p2p3/p1p1P3/2P1pP2/P3P3/2P1BBpp/2K3R1 b - - 1 35,vssf_2700,85,-9.185,0.0,-8.17,0.17,quiet,0,0,0,0,
1k1r4/8/1prp3p/6p1/6B1/8/6RP/Q5NK b - - 0 43,vssf_2700,64,11.653,1.65,11.55,0.0,quiet,0,2,0,0,
1k1r4/3p2Q1/1pr4p/6p1/6B1/q7/6RP/3R2NK b - - 9 41,vssf_2700,32,7.289,0.0,6.45,1.24,quiet,0,0,0,0,
2k3r1/1bppq2r/1p2p3/p1n1Pppp/2PQ4/P1B1PP2/2P1B1PP/3R1RK1 b - - 3 20,vssf_2700,21,0.411,0.0,-0.23,0.28,quiet,0,1,0,0,
r2k1r2/2pp2pp/ppn1p3/2Pn1q2/1P1P4/P3PN2/Q2BB1KP/R5R1 w - - 3 24,vssf_2700,16,-2.452,-4.14,1.82,-2.62,quiet,1,0,0,0,
r4rk1/1ppb1ppp/2nqpn2/pB6/Q2P4/4PN2/PP1N1PPP/R3K2R b - - 3 13,vssf_2700,10,-0.237,0.0,-1.11,-0.73,quiet,0,0,0,0,
1r3rk1/p2Qnpbp/2n3p1/q1p5/3P4/N2PBNP1/PP3PBP/2KR3R b - - 0 14,vssf_2700,5,6.859,-1.44,4.74,-0.98,quiet,2,0,0,0,
r1b1kbnr/1p3pp1/p1npp2p/q7/3PP2P/4B3/PP1NNPP1/2RQKB1R b Kkq - 4 9,vssf_2700,0,-0.027,0.0,0.63,-0.14,quiet,1,0,0,0,
8/8/8/PPPP4/5P2/3K4/6k1/8 w - - 0 53,vssf_2400,128,21.52,0.0,15.6,0.81,quiet,0,0,0,0,
8/8/4k3/2pR4/2P1pp2/1P6/4K3/8 w - - 10 73,vssf_2700,117,7.53,0.0,4.24,0.35,quiet,2,2,0,0,
8/7k/4p3/5p1P/1r4p1/8/5PK1/2B5 w - - 0 58,vssf_2700,112,-4.781,0.0,-3.38,0.36,quiet,1,2,0,0,
5k2/1p2r3/p1p2p2/P5p1/1R4Pp/8/P4PK1/3B4 b - - 2 44,vssf_2700,101,-0.717,0.0,2.27,-0.24,quiet,1,0,0,0,
8/R7/pr2k2p/3p2b1/7p/8/PPR2PK1/8 w - - 8 48,vssf_2700,90,-0.501,0.0,1.55,0.62,quiet,1,1,0,0,
8/1k5p/1p4p1/5p2/3p2Pb/3PnPB1/1P5r/4K1R1 b - - 4 37,vssf_2700,90,-9.226,0.0,-7.92,-4.67,quiet,2,1,0,0,
2rr2k1/6pp/1p2pp2/p1n5/7P/P3PN2/1P3PP1/3RK2R w - - 0 26,vssf_2700,74,-0.269,0.0,-0.74,-0.46,quiet,1,0,0,0,
5rk1/1p6/2p3bp/p1P5/P2P4/P3p3/1KNq1pB1/1RR5 w - - 0 41,vssf_2700,58,-8.247,-1.17,-11.96,-3.05,quiet,2,0,0,0,
2k2r2/3p2Q1/1pr4p/6p1/8/4qN2/4B1RP/5R1K b - - 3 38,vssf_2700,32,7.8,1.8,7.17,3.01,quiet,1,1,0,0,
2k3r1/2pp2r1/1p2p3/p3Pp1p/2PQnP2/P1B1P1pq/2P1B2P/R3K2R w - - 2 27,vssf_2700,26,0.24,-1.62,-0.47,-0.77,ks,3,1,0,0,
1rbr2k1/pp2qpp1/2n4p/1BN1p3/1P5P/P3PQ2/5PP1/2R2K1R w - - 1 22,vssf_2700,21,0.987,0.0,-0.15,-0.28,quiet,0,1,0,0,
3rk2r/3nnpbp/4p1p1/pbp5/1pP1P3/4B1P1/PP3PBP/1R1RN1K1 w k - 0 17,vssf_2700,48,-1.577,0.0,-4.13,0.23,quiet,0,1,0,0,
2r3k1/4bpn1/6p1/3qPbPp/Qn3B1P/2PP1N2/1K1N4/R4R2 b - - 0 34,vssf_2700,16,-2.699,-3.42,-0.08,-5.2,ks,3,0,0,0,
r5k1/pr3pbp/q1n3p1/3n2B1/3p4/N2P1NPB/PP1Q1P1P/2K2R1R b - - 13 21,vssf_2700,5,4.353,-1.98,2.21,-1.61,quiet,1,0,0,0,
2r2rk1/1pq1bpp1/p1npbn1p/4p3/Q3P2P/1NPBBN2/PP3PP1/1K1R3R b - - 17 16,vssf_2700,0,1.011,0.0,-0.97,-0.35,quiet,0,0,0,0,
8/5p1k/4p1p1/pp2P3/5K1p/P6P/8/8 b - - 2 66,vssf_2400,128,-7.315,0.0,-3.72,-0.84,ks,3,0,0,0,
8/8/4k3/2pR4/2P1pp2/1P6/4K3/8 w - - 4 70,vssf_2700,117,7.53,0.0,4.41,0.35,quiet,2,2,0,0,
8/7k/4p3/5p1P/1P1r2p1/8/3B1PK1/8 w - - 10 57,vssf_2700,112,-1.298,0.0,-2.42,0.36,quiet,1,2,0,0,
8/1pk1r3/p1p2p2/P5p1/6Pp/8/PRB2PK1/8 w - - 7 47,vssf_2700,101,-0.651,0.0,2.55,-0.5,quiet,1,2,0,0,
6k1/6p1/3b2Q1/p2Pp1pP/8/4Pq2/PP6/6KR w - - 4 37,vssf_2700,69,6.687,0.0,1.92,-2.57,quiet,1,1,0,0,
2b5/1p3k2/2r2B2/3R1P2/8/2P2P1p/PK6/4R3 w - - 0 32,vssf_2700,85,11.043,0.0,7.76,0.0,ks,1,3,0,0,
5bk1/3r4/2R1p3/4Pp2/rP4pP/8/3B1P2/4R1K1 w - - 1 40,vssf_2700,74,2.459,0.0,0.38,0.49,quiet,0,0,0,0,
4k1r1/1q1Nbp2/7p/ppr2p2/3Q4/6P1/PP3P1P/4R1K1 w - - 6 34,vssf_2700,42,-0.359,0.9,-1.91,5.78,ks,1,3,0,0,
r2r2k1/6pp/np2pp2/p1pq4/Q2P3P/P3PN2/1P3PP1/3RK2R w - - 0 23,vssf_2700,32,-0.597,0.0,-0.6,-0.48,quiet,0,0,0,0,
2r3k1/4bp2/4n1p1/3qPbPp/Q4n1P/2P2N2/3N4/2RK1R2 b - - 3 37,vssf_2700,21,-7.051,-2.7,-9.38,-5.15,ks,3,0,0,0,
rn1qn1k1/1p3pp1/3bb2p/4p1P1/3p4/3P1N2/PPPBQP1P/1NKR3R b - - 1 17,vssf_2700,16,3.057,0.0,0.54,-0.41,quiet,0,0,0,0,
2r3k1/pr3pbp/q1n3p1/3n2B1/3p4/N2P1NPB/PP1Q1P1P/2KR3R b - - 11 20,vssf_2700,5,3.952,-1.98,2.57,-1.75,quiet,1,0,0,0,
2r2rk1/2q1bpp1/p1npb2p/1p2p3/Q3P1nP/1NPBBN2/PP3PP1/1K2R2R w - - 0 18,vssf_2700,0,2.006,0.0,-2.04,-0.47,quiet,0,0,0,0,
8/3k4/7P/2p5/4P3/1P2P3/4K3/8 b - - 0 43,vssf1_win_d8,128,8.361,0.0,5.76,0.28,quiet,0,0,0,0,
8/3n4/2p1p3/5p1k/2KP4/8/8/8 b - - 1 61,vssf_2400,122,-11.104,0.0,-6.0,-0.41,ks,3,0,0,0,
7R/3k4/4pn2/2p2p2/P1Pp4/1P3K2/8/8 w - - 3 53,vssf_2700,112,-1.179,0.0,1.38,-0.34,ks,3,1,0,0,
8/8/8/8/8/2Pnk3/4r3/K6R w - - 39 59,vssf_2700,101,-5.785,0.0,-0.76,-0.95,quiet,2,1,0,0,
q7/PR1Q3p/3ppk2/2p5/3p4/2r2PPK/5P2/8 b - - 0 39,vssf_2700,64,1.664,3.3,5.45,13.08,quiet,0,1,0,0,
5k2/1p1r1pp1/2p5/P7/2P1P1NP/R4Pq1/8/5B1K w - - 2 46,vssf_2700,74,-5.328,0.0,-4.8,-2.16,quiet,1,0,0,0,
6k1/8/2R1p3/4Pp1P/1P3bp1/r7/2R2P2/3rB1K1 w - - 7 45,vssf_2700,74,-1.869,0.0,-0.81,-2.79,quiet,1,0,0,0,
3r2k1/5pp1/p3b3/P7/7P/4r1bP/6B1/R5KR w - - 0 38,vssf_2700,69,-7.994,0.0,-7.41,-1.86,quiet,1,0,0,0,
2r4k/1p4p1/8/1PNrq2p/6bP/PQ2P3/6pR/2R3K1 w - - 2 36,vssf_2700,32,-2.042,-4.32,-3.57,-2.35,quiet,2,0,0,0,
4r1kr/pp1qp3/2n4p/6p1/2p5/BPQ3P1/P2N1PBP/R5K1 b - - 2 24,vssf_2700,32,5.047,2.16,5.79,3.37,quiet,0,1,0,0,
r3kb2/5p2/pB1ppn1p/7p/4b3/5n2/PP2NPB1/2RK3R w - - 3 31,vssf_2700,58,-4.322,-1.17,-0.17,-0.64,quiet,2,1,0,0,
rnbqnrk1/p4p2/1pp1p1pQ/4P2P/2P3p1/8/PP1N1PP1/2KR1B1R b - - 0 16,vssf_2700,16,-0.082,2.16,-1.05,1.34,quiet,1,1,0,0,
rnbqr1k1/p4ppp/4pb2/2pp4/2pP4/1PN2NPP/P4P2/R1BQKB1R b KQ - 1 11,vssf_2700,5,2.503,0.0,1.36,-0.15,quiet,0,0,0,0,
r1r3k1/3qbpp1/1Qnpb2p/1B2p3/4P1nP/2P1BN2/PP3PP1/1KN1R2R b - - 2 21,vssf_2700,0,2.001,0.0,0.37,-0.95,quiet,2,0,0,0,
8/8/6PP/2k1p3/1p1p4/1P1P4/P3PK2/8 b - - 0 58,vssf1_win_d8,128,11.291,0.0,11.64,0.02,quiet,1,2,0,0,
8/2p2p2/4k3/8/7R/7P/6PK/8 w - - 1 60,vssf_2400,117,10.206,0.0,5.77,0.58,quiet,0,0,0,0,
8/3N4/P1p4b/7p/1P4k1/3K4/2p5/8 w - - 0 54,vssf_2700,117,-1.265,0.0,-1.96,0.51,quiet,1,0,0,0,
3B4/5pk1/2B3p1/p3n2p/2p4P/P2p2P1/1n1K1P2/8 w - - 4 46,vssf_2700,106,-6.013,0.0,-2.13,-3.59,ks,4,1,0,0,
r1k5/7p/p1n1p3/7r/4Pp2/2P5/R5B1/R4K2 w - - 0 31,vssf_2700,74,-2.204,0.0,-0.84,-0.4,quiet,0,0,0,0,
3r2k1/5pp1/p3b3/P7/7P/1r2P1bP/6B1/R5KR b - - 2 37,vssf_2700,69,-8.406,0.0,-6.46,-0.87,quiet,1,0,0,0,
1r1r2k1/1p3qp1/8/pPN2b1p/4pQ1P/P3P3/5PPR/2R2K2 b - - 1 28,vssf_2700,32,2.174,0.0,0.11,0.13,quiet,0,0,0,0,
5rk1/1p4b1/2p3bp/p1Pp4/P2Pp3/PN2Pp2/2KBq3/1RR4B b - - 3 35,vssf_2700,48,-10.066,-3.6,-9.95,-3.85,quiet,2,0,0,0,
3rk2r/3nnpb1/3Rp1p1/pPp4p/1p2P3/4B1P1/PP3PBP/1R2N1K1 b k - 1 18,vssf_2700,53,0.406,0.0,0.89,0.33,quiet,0,1,0,0,
rnbqnrk1/p1p2ppp/1p2p3/4p1N1/2PP3P/5Q2/PP1N1PP1/R3KB1R b KQ - 0 11,vssf_2700,10,4.101,0.0,0.13,0.45,quiet,0,2,0,0,
r2qr1k1/p4pp1/b1n4p/2Pp4/N5Pb/P2pp2P/3N1PB1/1RBQ1RK1 b - - 1 20,vssf_2700,5,-1.623,0.0,-3.41,-0.77,quiet,2,0,0,0,
rn2k2r/pp1bnpbp/6p1/q1pp4/8/NQPPBNP1/PP3P1P/2KR1B1R b kq - 1 10,vssf_2700,0,0.817,0.0,-0.75,-0.8,quiet,0,0,0,0,
8/8/8/5p2/5k2/3K4/8/8 b - - 1 82,vssf1_win_d8,128,-2.605,0.0,-47.96,0.0,quiet,2,1,0,0,
5Q2/8/8/PPPP4/8/4K3/6k1/8 b - - 2 57,vssf_2400,106,37.819,0.0,63.66,0.0,quiet,1,2,0,0,
5k2/P4p2/q2P3p/5p2/8/3R3P/4K3/8 b - - 0 46,vssf_2700,96,-8.392,0.0,-3.53,-2.32,quiet,1,1,0,0,
8/6p1/3kP2p/p2P4/PbB5/6P1/5PKP/3b4 b - - 2 58,vssf_2700,112,1.289,0.0,-2.22,1.52,ks,1,3,0,0,
8/5pk1/2B2np1/p5Bp/2p4P/P2pK1P1/1n3P2/8 w - - 0 44,vssf_2700,106,-7.388,0.0,-2.67,-3.1,ks,4,1,0,0,
3Q4/5ppk/2r5/N6p/1p6/P3RP1P/1PPR4/6K1 b - - 0 32,vssf_2700,69,29.784,0.0,23.54,0.0,quiet,0,1,0,0,
r7/2k4p/R1n1p3/4Pr2/5p2/2P5/5KB1/R7 b - - 0 33,vssf_2700,74,-3.72,0.0,0.77,2.13,ks,1,3,0,0,
6r1/2p2p1p/1k2p3/pPbq4/3N1R2/1R1PP1P1/2Q5/6K1 b - - 0 32,vssf_2700,42,11.185,0.72,3.81,-1.24,ks,1,4,0,0,
2r1kb2/3b2p1/3p3r/5p1p/p1P2P2/2QN1B2/P3PP1P/3R3K w - - 0 29,vssf_2700,53,7.36,0.0,7.33,0.0,quiet,0,0,0,0,
r1b2qk1/1p3pb1/2p3pp/p2pp3/P2P4/PNP1B1P1/4PPBP/R4RK1 b - - 0 18,vssf_2700,48,-2.318,0.0,-2.61,-0.11,quiet,0,0,0,0,
3rr3/2bnk3/Rn2pppB/pPp1P3/1p6/1B3NP1/PP3PK1/3R4 w - - 2 34,vssf_2700,53,2.182,1.14,1.23,1.09,ks,0,4,0,0,
r1b2rk1/1ppq1pp1/3b3p/p2nN3/4P3/P1Q1B2P/1PP2PP1/R2R2K1 w - - 0 18,vssf_2700,16,-2.446,0.0,-1.85,0.08,quiet,0,1,0,0,
rnbqnrk1/p4ppp/1pp1p3/4p1N1/2PP3P/5Q2/PP1N1PP1/R3KB1R w KQ - 0 12,vssf_2700,10,0.088,0.0,0.08,0.44,quiet,0,2,0,0,
r4rk1/pp1n1ppp/2pb1n2/q2pp1B1/4P1b1/1B1P1N2/PPP2PPP/RN1QR1K1 w - - 8 11,vssf_2700,0,-1.158,0.0,-1.06,-0.08,quiet,0,0,0,0,
5k2/4pp1p/8/1pP3P1/6P1/p2K4/8/8 b - - 1 50,vssf1_win_d8,128,-5.51,0.0,-5.2,0.19,quiet,1,0,0,0,
8/8/8/8/3R4/5k2/8/4K3 b - - 4 70,vssf_2400,117,10.427,0.0,53.6,0.0,quiet,1,2,0,0,
8/5pk1/P2q1p1p/3P4/8/8/5K1P/3R4 w - - 1 42,vssf_2700,96,-7.954,0.0,-3.29,-1.97,quiet,1,0,0,0,
4b3/8/1k3Kp1/2p2p1p/p1P1pB1P/P7/4B3/8 w - - 16 62,vssf_2400,112,-1.017,0.0,2.29,-0.0,quiet,2,2,0,0,
8/6k1/1n3pp1/P6p/1BpnB2P/3p2P1/5P2/4K3 b - - 2 53,vssf_2700,106,-2.893,0.0,-0.19,-1.32,quiet,2,2,0,0,
3Q4/5ppk/8/N6p/1pr5/P3RP1P/1PPR4/6K1 w - - 1 33,vssf_2700,69,35.883,0.0,23.53,0.0,quiet,0,1,0,0,
2b5/1p2bk2/2r5/3R1P1p/5BP1/p1P2P1P/PP6/2K1R3 b - - 1 28,vssf_2700,80,8.911,0.0,8.24,1.23,quiet,1,2,0,0,
r3k2r/5p2/p1p1p1p1/7p/2B1b3/2P4P/P2B1R1P/2R3K1 w kq - 0 27,vssf_2400,69,2.224,0.0,3.01,-0.38,quiet,1,1,0,0,
2nr1b2/5pr1/Qnk5/3pP1p1/P1pP2B1/2P3p1/3B1P2/6K1 w - - 0 33,vssf_2700,58,1.998,2.94,1.0,5.92,ks,1,5,0,0,
r4qk1/1p4b1/2p3bp/p1Pp2p1/P2PpP2/PN2B3/4PPBP/1RR2K2 b - - 0 26,vssf_2700,48,-2.706,0.0,-2.13,-0.03,quiet,0,0,0,0,
4r3/2b1k3/Rn1rpnpB/pP6/1pB5/5NP1/PP3PK1/4R3 w - - 1 37,vssf_2700,53,3.182,0.0,2.07,0.54,ks,0,3,0,0,
rnbqk2r/pp3pp1/4p2p/3p4/2PP4/1Pn2N2/P4PPP/2RQKB1R w Kkq - 0 11,vssf_2700,16,-0.735,0.0,-4.0,-0.03,quiet,1,0,0,0,
r2k1b1r/pp2p1p1/3qb2p/2pnNp2/Q2P4/2P3P1/P3PPBP/R1B2RK1 b - - 0 15,vssf_2700,10,2.569,2.52,6.34,4.47,quiet,0,2,0,0,
r1bqkb1r/ppp4p/3p2p1/1N2n3/2P2Q1N/8/PP3p2/R1BK1B1R b kq - 3 13,vssf_2700,5,0.679,-0.18,-3.09,-1.08,quiet,1,1,0,0,
rnbqnrk1/p1p1bppp/1p2p3/4p1N1/2PP3P/8/PP3PP1/RNBQKB1R w KQ - 0 9,vssf_2700,0,-0.031,0.0,-0.81,-0.05,quiet,0,1,0,0,
8/8/2K5/8/8/2kp4/8/8 w - - 0 58,vssf1_win_d8,128,-5.331,0.0,-47.97,0.0,quiet,0,0,0,0,
8/8/3k2p1/PP1p4/3Kn3/4P1P1/7P/8 w - - 2 48,vssf1_win_d8,122,2.314,0.0,2.41,-0.7,ks,3,2,0,0,
8/8/8/8/2nn4/3k4/K7/8 b - - 25 79,vssf_2400,117,-13.927,0.0,0.0,0.0,quiet,2,0,0,0,
4b3/1k6/5Kp1/2p2p1p/p1P1pB1P/P7/4B3/8 w - - 36 72,vssf_2400,112,-0.988,0.0,2.34,-0.0,quiet,2,1,0,0,
2k5/1r5p/Bq1Qp1p1/3b1p2/8/8/PPK5/8 w - - 0 45,vssf_2700,64,-17.82,-2.43,-8.19,0.0,quiet,2,2,0,0,
2b5/1p2bk2/2r5/5P1p/5BP1/p1P2P1P/PP6/2KRR3 w - - 0 28,vssf_2700,80,9.823,0.0,8.56,1.17,quiet,1,2,0,0,
2r5/5bkp/5qp1/pQPr4/P2P3R/2R4P/8/2K5 w - - 1 39,vssf_2400,37,-0.981,0.0,-4.37,-0.82,quiet,0,1,0,0,
2kr1br1/1p1nnp2/p6p/3pP1p1/2pP1p1P/2P1N3/P1QB1PP1/3B2K1 w - - 0 21,vssf_2700,53,-2.016,0.0,-0.69,0.4,quiet,0,0,0,0,
3k1b1r/1B2p1p1/p2qb2p/2r1Np2/Q4P2/2P5/P3PP1P/3R1RK1 b - - 1 20,vssf_2700,21,4.633,2.88,13.72,12.28,ks,0,3,0,0,
4rk1r/pp1qp1b1/2n2nQp/3p2p1/2PP4/BP4P1/P2NRPBP/R5K1 b - - 0 19,vssf_2700,10,5.111,3.06,6.03,3.68,ks,0,3,0,0,
3rk1r1/6qp/b1p5/P1n1np2/2p1p2P/4P3/PNQb1P2/1R1K1BNR w - - 4 25,vssf_2700,5,-12.824,-4.86,-19.74,-12.16,quiet,2,0,0,0,
rn1qk2r/1p1b1ppp/3bpn2/p3N1B1/3Pp3/2N3P1/PP3P1P/R2QKB1R w KQkq - 0 10,vssf_2700,0,-1.059,0.0,0.39,0.1,quiet,0,1,0,0,
8/7p/P2k3K/6P1/1p6/8/8/8 b - - 0 53,vssf1_win_d8,128,0.131,0.0,1.69,-0.34,quiet,1,0,0,0,
8/8/2kp2p1/5p2/5P1p/8/PPP2P2/4R1K1 w - - 0 31,vssf1_win_d8,117,10.238,0.0,7.41,0.0,quiet,0,0,0,0,
8/8/8/8/8/5kp1/6r1/R6K b - - 15 81,vssf_2400,106,-4.685,0.0,-1.29,-3.31,ks,3,1,0,0,
8/3k1p2/7R/1p1n3P/1P6/PK6/8/3r4 w - - 0 67,vssf_2400,101,-4.609,0.0,-2.97,-1.99,quiet,2,1,0,0,
1k6/7r/4n3/1p1pN3/3P1p2/4PP2/7p/5K1R w - - 0 45,vssf_2400,96,-3.605,0.0,-2.13,0.36,quiet,1,0,0,0,
4r3/1p3pk1/6p1/1P5n/P1P5/5q2/2Q4p/1K1R4 w - - 1 56,vssf_2700,58,-6.876,-1.17,-7.77,-0.42,quiet,0,1,0,0,
5rk1/5ppp/3p1q2/2pp4/Pr6/4QPP1/5P1P/R4K1R w - - 1 23,vssf_2700,42,-2.741,0.0,-3.97,-2.02,quiet,0,0,0,0,
r3k2B/p2p3p/2n1p1p1/3nP3/2p5/2P2PP1/P6P/2R2KNR w q - 0 20,vssf_2400,74,7.611,0.0,4.91,0.23,quiet,0,0,0,0,
2r1r3/1p3kp1/p4b2/7p/1P6/Pn2B3/R4PPP/1N1R2K1 b - - 3 28,vssf_2700,64,1.019,0.0,0.0,0.47,quiet,0,0,0,0,
r3kbr1/1p1nnp2/p6p/3pPpp1/2pP1B1P/2P5/P1Q2PP1/3B1NK1 w q - 0 19,vssf_2700,53,-1.637,0.0,-0.87,0.57,quiet,0,0,0,0,
1k5r/3r1pbp/1p4p1/3p4/1n1n4/2NPBPP1/1P2P2P/1N1K1B1R w - - 4 21,vssf_2700,58,-0.42,0.0,-1.36,-0.16,quiet,2,0,0,0,
r4rk1/1p3pp1/2B5/p2p2q1/3PnNb1/1PB1P1Pp/P6P/2R1QRK1 b - - 0 18,vssf_2400,16,2.441,0.0,3.18,-1.19,quiet,2,0,0,0,
4rk1r/pp1qp1b1/2n2npp/3p2p1/2PP4/BP4P1/P2NRPBP/RQ4K1 w - - 7 19,vssf_2700,10,3.687,1.8,3.15,1.35,quiet,0,2,0,0,
2q1kb1r/1p1b1pp1/1rn1pn1p/p2p4/3P1B1P/2N2NP1/PPQ1PPB1/3R1K1R w k - 0 13,vssf_2700,0,1.447,0.0,1.12,-0.27,quiet,0,0,0,0,
8/p4p2/Pp2p3/2p5/5k2/1PP5/3P2K1/8 b - - 1 42,vssf1_win_d8,128,-2.292,0.0,-2.05,-0.62,quiet,1,2,0,0,
8/8/6P1/8/3p4/8/5r1k/4K3 w - - 0 80,vssf1_win_d8,117,-5.444,0.0,-3.38,-0.44,quiet,1,0,0,0,
8/6k1/5rp1/8/6K1/2R5/8/8 w - - 10 60,vssf_2400,106,-2.089,0.0,0.12,-0.28,quiet,2,0,0,0,
7Q/P5p1/8/2b4p/2p5/n3k2P/8/5K2 b - - 0 48,vssf_2400,96,1.775,0.0,5.54,1.31,quiet,1,1,0,0,
1k6/7r/4n3/1p1pNpp1/3P4/4PPP1/7p/5K1R b - - 1 43,vssf_2400,96,-3.614,0.0,-2.66,0.7,quiet,1,0,0,0,
8/8/1pr2k1p/pNp2p2/2b2P2/P1N1P2P/8/4K1R1 w - - 2 32,vssf_2700,90,1.353,0.0,2.5,0.69,quiet,1,2,0,0,
4r1k1/5ppp/2qp4/2pp4/P1r4P/1Q3PP1/5PK1/R2R4 w - - 3 28,vssf_2700,42,-5.422,0.0,-1.2,-0.6,quiet,0,0,0,0,
2r5/1p4p1/p4bk1/8/1Pr2PP1/Pn2B2p/4R2P/1N1R1K2 b - - 0 33,vssf_2700,64,2.702,0.0,0.36,-0.24,quiet,1,2,0,0,
r3kbnr/1p1n1ppp/p7/3pPp2/2pP4/2P1B3/P1Q1BPPP/5NK1 b kq - 0 14,vssf_2700,53,1.068,0.0,0.76,0.17,quiet,0,0,0,0,
2r1kb1r/1pqn1ppp/p3b3/6P1/Q2pP2P/P1N2P2/1PP1B3/2KR3R w k - 0 20,vssf_2400,16,-4.066,-1.62,-3.32,-1.46,quiet,0,1,0,0,
1r1qr1k1/p4pp1/2n4p/2Pp4/N1b3Pb/P2p3P/Q4PB1/1RB2NK1 w - - 1 24,vssf_2700,16,-4.394,0.0,-7.08,-0.74,quiet,1,0,0,0,
rnbqk2r/1p1pbppp/p7/2pn4/2Pp4/4PNP1/PP3PBP/R1BQK2R w KQkq - 0 9,vssf_2700,5,-1.592,0.0,-4.15,-0.75,quiet,0,0,0,0,
3qk2r/1p1bbpp1/1rn1p2p/p2pB2n/3P3P/2N2NPB/PPQ1PP2/2R2K1R w k - 6 16,vssf_2700,0,1.844,0.0,0.46,-0.15,quiet,0,0,0,0,
8/8/2p2p2/3k4/PP1Pp3/7p/4PP1P/6K1 w - - 1 40,vssf1_win_d8,128,3.817,0.0,2.03,0.26,quiet,1,2,0,0,
6R1/8/pkp5/8/1PK5/8/P1P5/8 w - - 0 46,vssf1_win_d8,117,12.014,0.0,6.93,0.0,ks,3,2,0,0,
n7/P3k3/5pp1/7p/7P/6P1/3R1P2/7K w - - 0 50,vssf_2400,112,6.663,0.0,6.55,2.38,quiet,0,1,0,0,
8/8/Pk6/5pPp/3b4/6P1/2Q4K/r7 w - - 7 83,vssf_2400,90,5.126,0.0,2.72,-0.09,quiet,2,2,0,0,
8/3Q1ppk/p3p3/8/2P5/P1P1P1Pp/1rq4P/4KR2 w - - 5 33,vssf_2400,64,0.001,-3.3,-4.68,-11.17,quiet,1,0,0,0,
8/6k1/1pr4p/pNp2p2/2b2P2/P1N1P2P/8/4K2R w - - 0 31,vssf_2700,90,1.052,0.0,1.9,-0.07,quiet,1,0,0,0,
5k2/1p1r1pp1/2p5/7N/PpP4P/1n2PPP1/1Pb1B2R/4K3 b - - 2 29,vssf_2700,85,2.661,0.0,1.18,-1.09,ks,3,1,0,0,
5r1k/6p1/7p/4P3/3P1n1P/PQP2pPq/1R3Pb1/4R1K1 w - - 1 46,vssf_2400,42,-0.771,-4.68,-3.62,-11.76,ks,4,1,0,0,
3r3k/pp1P2p1/q1P1Brnp/4p3/4Qp1P/P2R1N2/5PP1/2R3K1 b - - 0 33,vssf_2700,26,4.641,0.0,8.96,-0.01,quiet,0,1,0,0,
4r1k1/p1q2pp1/2n4p/2Pp4/N1b3Pb/P2p3P/1Q3PB1/2B2NK1 w - - 2 26,vssf_2700,37,-4.688,0.0,-6.33,-0.85,quiet,2,1,0,0,
2r1r1k1/1p1bqpp1/8/p1pn2p1/Pb1P4/1Q1BP2P/1P1N1P2/2R1K1R1 w - - 0 22,vssf_2400,16,-2.359,0.0,-8.23,-2.96,quiet,1,1,0,0,
r1bq1rk1/ppp1bppp/3ppn2/3P4/2P2B2/P4PP1/1P2BP1P/RN1QK2R b KQ - 2 9,vssf_2700,10,-0.189,0.0,-1.55,-0.23,quiet,0,0,0,0,
r1bqk2r/ppp1bppp/3p1n2/3P4/n1P1p3/4P2P/PPQ2PP1/R1B1KBNR w KQkq - 0 9,vssf_2700,5,-3.259,0.0,-3.23,0.3,quiet,0,0,0,0,
1rb1k2r/1p1nqpbp/p2p1np1/2pP4/5Q2/P1N1P1PP/1P2NPB1/R1B2RK1 b k - 6 14,vssf_2700,0,1.129,0.0,1.11,0.26,quiet,0,0,0,0,
8/P7/2p5/4p1k1/2p5/8/5P2/4K3 b - - 0 55,vssf1_win_d8,128,-0.587,0.0,2.59,0.63,quiet,0,0,0,0,
8/6R1/pkp5/8/1PK5/8/P1P5/8 b - - 1 46,vssf1_win_d8,117,12.027,0.0,7.01,0.0,ks,3,3,0,0,
8/8/8/4b2p/Q7/2p4P/3k4/5K2 w - - 2 53,vssf_2400,101,9.025,0.0,7.73,0.0,quiet,1,2,0,0,
7R/3b1kp1/1B3p2/1p6/2p4P/2P3K1/1P6/8 b - - 0 47,vssf_2400,106,7.403,0.0,3.67,-0.23,quiet,1,1,0,0,
4r3/5k2/1p4Rp/p4P1P/P1pN4/2Nbp3/8/4K3 w - - 4 47,vssf_2700,90,0.325,0.0,1.93,0.35,ks,2,4,0,0,
6k1/1p1r1pp1/2p5/7p/PpP2N1P/1n2PPP1/1Pb1BR2/4K3 w - - 3 28,vssf_2700,85,1.472,0.0,1.37,-1.38,ks,3,0,0,0,
1k1r4/4q1p1/1p1rp3/4Q3/2PP1R1p/7P/3N1P1K/7B w - - 1 51,vssf_2400,42,2.332,0.0,4.46,2.41,quiet,1,1,0,0,
2b2b1r/1p2kppp/8/r1PBB3/p7/2P3P1/PP2PP1P/R3K2R b KQ - 0 16,vssf_2700,64,7.078,1.14,4.38,1.56,ks,0,3,0,0,
r2r2k1/3n1p2/2p3p1/p1qpp2p/2P4Q/1P1bP1PP/P2N1P2/2RR2K1 w - - 1 24,vssf_2700,26,-4.84,0.0,-4.46,0.14,quiet,1,0,0,0,
r1k2b1r/1p1n1p1p/2n1p1p1/pN1p4/8/1PP1BPPB/R3KP1P/7R b - - 1 17,vssf_2700,53,-1.542,0.0,-0.93,-0.03,quiet,0,1,0,0,
rn2k3/3pbpr1/pq4p1/2pBP1Np/5Q1P/1P3PP1/1BN3K1/R7 b q - 0 22,vssf_2400,21,3.812,1.62,7.41,2.68,ks,0,3,0,0,
1bbqk2r/r4pp1/p1p4p/1p2PPn1/1P1p1N2/PB6/2P1Q1PP/R1B2RK1 b k - 2 21,vssf_2700,10,2.586,1.44,2.85,1.04,quiet,0,1,0,0,
r4k1r/1b2bpp1/ppn1pn2/4q3/Q1P5/P1N1BBPp/1P3P1P/1R2K2R w K - 0 17,vssf_2400,5,-4.344,0.0,-5.3,-0.51,quiet,0,0,0,0,
rnb1qrk1/4bpp1/p1p1p2p/1p1nN3/3P4/P4NPB/1PQBPP1P/2RR1K2 w - - 0 17,vssf_2700,0,2.522,0.0,2.57,0.92,quiet,0,2,0,0,
8/8/k3P3/3p2P1/7p/4PKP1/8/8 w - - 0 58,vssf1_win_d8,128,8.376,0.0,8.14,0.73,quiet,2,0,0,0,
8/8/4pPk1/6B1/6p1/P6p/7K/8 b - - 0 49,vssf1_win_d8,122,0.196,0.0,1.23,1.91,quiet,2,2,0,0,
5k2/5p2/7p/3Bp1p1/4P1P1/r4P1P/6K1/8 w - - 6 43,vssf_2400,112,-1.804,0.0,-2.35,0.3,quiet,1,1,0,0,
1B6/1p2p2p/5r2/5k2/1K3P2/P6n/1P5P/5R2 w - - 5 38,vssf_2400,96,3.214,0.0,0.69,-0.03,ks,0,3,0,0,
4r3/1p3pk1/5np1/8/2P4p/1P3P2/P3Bq2/1K1QR3 w - - 0 48,vssf_2700,53,0.32,0.0,-1.44,-0.15,quiet,0,0,0,0,
6rr/p2k1p2/1pp2b1P/3p4/P2PRB1n/1PPR3P/8/7K w - - 0 37,vssf_2400,69,-1.749,0.0,-3.94,-0.15,quiet,2,2,0,0,
5k1r/1q3p2/3b2pp/pprN1R1Q/8/6P1/PP3P1P/4R1K1 w - - 0 30,vssf_2700,32,3.633,2.88,2.16,4.56,ks,0,3,0,0,
r2r2k1/3n1p2/2p3p1/p1qpp2p/2P4Q/1P1bPNPP/P4P2/2RR2K1 b - - 2 24,vssf_2700,26,-4.664,0.0,-4.12,0.22,quiet,1,0,0,0,
r1b1r1k1/1pp2pp1/3b3p/p2R4/2N1q3/P1Q1B2P/1PP2PP1/3R2K1 w - - 0 21,vssf_2700,21,-0.484,-1.26,0.48,-1.17,quiet,2,1,0,0,
2r1rk2/ppn2ppQ/4q3/8/1PnpB1P1/P3b3/3BR3/1KR5 w - - 1 32,vssf_2400,16,-7.101,0.54,-6.92,-0.64,quiet,1,1,0,0,
r1bqkb1r/1pp2pp1/p3n2p/3N4/1PBpP3/P7/2P1QPPP/R1B1K2R b KQkq - 2 15,vssf_2700,10,0.719,0.0,-0.29,0.32,quiet,0,1,0,0,
rnbqk2r/ppppn1pp/8/8/1b2P3/1QN5/PP3PPP/R1B1K1NR w KQ - 2 8,vssf_2400,5,-1.69,1.26,-2.41,1.09,quiet,0,1,0,0,
r1bqk2r/pp2bpp1/2n1pn1p/8/2BP4/PP3N2/5PPP/RNBQK2R w KQkq - 1 10,vssf_2700,0,0.213,0.0,-1.34,-0.51,quiet,0,0,0,0,
6k1/8/4p1p1/P2p3p/8/5P2/5KPP/8 w - - 0 41,vssf1_win_d8,128,0.452,0.0,2.08,0.08,quiet,0,0,0,0,
4k3/1R6/8/8/8/3K4/8/8 w - - 1 59,vssf1_win_d8,117,10.154,0.0,53.46,0.0,quiet,0,1,0,0,
8/7k/4B3/3P3p/1r3P2/5K1P/P7/8 w - - 0 49,vssf_2400,112,5.533,0.0,2.74,0.17,quiet,2,1,0,0,
5B2/R7/8/p6p/1p4k1/2nKP3/P1P5/8 w - - 2 43,vssf_2400,106,9.222,0.0,5.98,1.14,quiet,2,1,0,0,
1R2bk1r/6p1/1B1P1p2/1p6/2p4P/2P3K1/1P6/8 b - - 1 45,vssf_2400,96,1.751,0.0,1.53,-0.38,quiet,1,2,0,0,
8/5pk1/8/3P3p/4P1p1/1R3nP1/5PK1/r1r2B2 w - - 7 54,vssf_2700,85,-5.978,0.0,-5.97,-3.77,ks,3,0,0,0,
4r3/1p3p1k/6p1/1P5n/2P5/5P2/P3Bq1p/1KQ1R3 w - - 2 52,vssf_2700,53,0.119,0.0,-2.51,-0.26,quiet,0,1,0,0,
4r1k1/1p3p2/5Qp1/P1qp2Pp/P1p1r2P/8/2PP2P1/N2R1K1R b - - 2 37,vssf_2400,37,4.045,0.72,0.54,-2.0,quiet,2,1,0,0,
2r2k1r/1q2bppp/8/pp1p3Q/8/2N3P1/PP3P1P/4RRK1 w - - 0 26,vssf_2700,32,0.933,1.26,-0.23,0.65,quiet,0,2,0,0,
r2r2k1/3n4/5pp1/p2pp2p/1P5Q/q3PNPP/P3bPK1/2RR4 w - - 0 28,vssf_2700,26,-7.814,0.0,-5.43,0.16,quiet,1,0,0,0,
b1r1k2r/p4ppp/1q1np3/2pp4/8/Q3P3/PPPNBPPP/3RK2R w Kk - 2 17,vssf_2700,21,-0.509,0.0,0.05,0.32,quiet,0,0,0,0,
qk1r4/p5p1/Bpbrpn2/Rp2Q1B1/2PP3p/7P/5PP1/1R3NK1 w - - 2 33,vssf_2400,16,4.306,0.0,5.78,2.01,quiet,1,1,0,0,
r1b1k1nr/pp1p1ppp/1qn1p3/8/3N4/1N2P3/PPPQ1PPP/R3KB1R b KQkq - 0 8,vssf_2700,10,0.379,0.0,0.67,0.08,quiet,0,0,0,0,
r2qk2r/1b1N1pp1/pp1bpn2/2pp3p/2PP4/1P2P2P/PB1NBPP1/2RQ1RK1 b kq - 0 13,vssf_2400,5,1.107,0.0,4.72,0.15,quiet,1,1,0,0,
r1bqkb1r/pppn3p/3p1np1/4pp2/2PP2P1/2N1PN1P/PP3P2/R1BQKB1R b KQkq - 1 7,vssf_2700,0,0.344,0.0,-0.12,0.05,quiet,0,0,0,0,
8/7p/1p1k4/2p5/5K2/7P/p7/8 w - - 0 56,vssf1_win_d8,128,-10.113,0.0,-9.38,-0.27,quiet,1,1,0,0,
8/8/8/5b2/4k2p/7P/6K1/8 w - - 4 70,vssf1_win_d8,122,-8.352,0.0,-2.95,-0.08,ks,3,1,0,0,
5k2/3R4/1r6/4K3/8/8/8/8 b - - 37 105,vssf_2400,106,0.616,0.0,-0.13,1.24,quiet,1,1,0,0,
8/5pkp/1p4p1/PR6/2Pr2P1/1n5P/5P1K/8 w - - 0 45,vssf_2400,101,-2.498,0.0,-1.31,-0.03,quiet,0,0,0,0,
5rk1/4bppp/1p1pN3/p5P1/1nB1p3/4P2P/3K1P2/R7 b - - 0 30,vssf_2700,85,-7.565,0.0,-2.84,-0.89,quiet,2,1,0,0,
8/1p1nbr1k/p3p1rP/3p3R/1P1P1BP1/2P1PP2/3K4/6R1 w - - 13 35,vssf_2400,69,2.358,0.0,-0.81,-0.49,ks,0,3,0,0,
r5k1/1p3p1n/6p1/5b1p/2PQN2P/pP3Pq1/P3B1P1/K6R b - - 4 33,vssf_2700,42,2.622,1.26,2.17,0.09,quiet,1,1,0,0,
r2r2k1/3n1p2/2p3p1/p1qpp2p/7Q/1PP1P1PP/P2N1Pb1/2RR2K1 b - - 1 22,vssf_2700,26,-2.797,0.0,-4.67,-0.15,quiet,1,0,0,0,
1r5r/4kpbp/p2p2p1/1ppP4/4P3/P1N3PB/1n1nNPK1/R3R3 w - - 0 26,vssf_2700,53,-2.78,0.0,-2.33,0.54,quiet,1,2,0,0,
2r2k2/3rn1bp/1p2qpp1/1N2p2P/Q7/2P1B1P1/1P1N1PB1/R5K1 b - - 0 27,vssf_2400,21,2.613,0.0,2.76,0.44,quiet,0,0,0,0,
r4rk1/p1nqbppp/2p1pn2/2pp4/Q2P4/6P1/PP1NPPBP/R1B2RK1 w - - 0 13,vssf_2700,10,-1.475,0.0,-1.49,-0.26,quiet,0,0,0,0,
1nbk1r2/1p4qn/r2p2p1/pNpPpp1p/P1P1PP1b/5RPP/1PQB2B1/5RK1 w - - 0 21,vssf_2400,5,0.317,0.0,1.51,1.22,quiet,0,1,0,0,
r3kbr1/3n2qp/b1p5/P2pnp2/Q1P1p3/4P2P/PN3P2/R1B1KBNR b KQq - 0 19,vssf_2700,0,0.179,0.0,-3.92,-0.64,quiet,0,0,0,0,
8/8/p2k1p1p/P2p4/1p3pPP/1P1K1P2/8/8 w - - 11 48,vssf1_win_d8,128,-1.553,0.0,-1.15,-0.14,ks,3,0,0,0,
8/8/8/4k1p1/4b2P/7P/5K2/8 b - - 0 67,vssf1_win_d8,122,-9.136,0.0,-2.54,-0.52,quiet,1,0,0,0,
8/1B6/8/6p1/3K2k1/8/7p/r7 b - - 1 93,vssf_2400,112,-8.818,0.0,-6.77,0.18,quiet,0,1,0,0,
5r2/4k3/6p1/p1n1B2p/1p5P/4P3/P1PRK3/8 w - - 0 37,vssf_2400,96,0.569,0.0,0.13,0.44,quiet,2,2,0,0,
5r1k/6p1/1p2B2P/p2p4/1n5b/4Pp2/3K4/2R5 w - - 0 36,vssf_2700,90,-12.408,0.0,-6.56,-1.54,ks,3,2,0,0,
6kr/5r1p/1n2p2R/p2pP3/p3P1P1/B1P5/8/5QK1 w - - 1 37,vssf_2400,64,7.375,1.89,6.57,1.77,ks,1,3,0,0,
r3k2r/1p1nb3/p3p3/3p3P/1P1P2P1/R1P1PPB1/8/4K2R b K - 0 27,vssf_2400,69,0.551,0.0,-0.22,0.27,quiet,0,0,0,0,
1rr5/5pk1/3R4/2nPn2p/4P1p1/1pN3P1/5P2/3R1BK1 b - - 3 40,vssf_2700,64,2.747,0.0,-1.94,0.18,quiet,0,1,0,0,
3r2k1/5ppp/2n1p3/2Pq4/P7/3rBbPP/1PQ2P2/R3K1R1 w Q - 7 28,vssf_2700,26,-7.064,-3.06,-9.07,-5.5,quiet,2,0,0,0,
2r2rk1/pp1bn1p1/4p2p/q4p2/2PP4/P1R2N2/BQ3PPP/4R1K1 b - - 4 21,vssf_2700,21,0.596,0.0,0.94,0.27,quiet,0,0,0,0,
1r3k1r/p2nnpb1/1p4p1/B2pP1Np/7P/PQ4P1/1P1N1PB1/3R2K1 b - - 0 24,vssf_2400,37,10.714,0.0,11.65,0.0,quiet,0,1,0,0,
4rrk1/2q2pp1/b3p2p/p2nN3/PbNP4/1R4PB/4PP1P/Q1R2K2 b - - 8 34,vssf_2700,10,1.084,0.0,-0.42,-0.52,quiet,1,1,0,0,
r1b1kb1r/pp1nq2p/2Pp1n2/5p2/2P1p3/2N1PB1P/PP3P2/R1BQK1NR b KQkq - 0 11,vssf_2700,0,0.973,0.0,0.37,0.35,quiet,0,1,0,0,
8/5p2/4k1p1/4P2p/p7/8/6K1/8 w - - 0 54,vssf1_win_d8,128,-10.441,0.0,-6.64,-0.18,quiet,0,1,0,0,
8/p4p2/4k1p1/4r2p/5P2/8/8/6K1 w - - 0 52,vssf1_win_d8,117,-12.653,0.0,-8.68,0.0,quiet,0,1,0,0,
8/1B6/8/6p1/2K3k1/7p/8/r7 b - - 3 92,vssf_2400,112,-8.852,0.0,-6.6,-0.16,quiet,0,1,0,0,
8/8/3k4/p3RP2/P3KR1p/7P/2P3r1/8 w - - 1 42,vssf_2400,96,15.493,0.0,7.3,0.0,ks,1,3,0,0,
1R6/2p1kp2/8/4r3/2r4p/5Q1P/6PK/8 w - - 0 51,vssf_2400,74,8.454,0.0,6.49,6.85,quiet,1,2,0,0,
6kr/5r1p/1n2pR2/p2pP3/p3P1P1/B1P5/8/5QK1 b - - 2 37,vssf_2400,64,5.653,2.16,6.9,2.25,quiet,0,2,0,0,
2r5/p3n1k1/1r4p1/p5Pp/2Q5/P1b3P1/5PN1/3R2K1 w - - 5 37,vssf_2400,58,4.386,1.77,1.75,0.68,quiet,0,2,0,0,
2q2k2/Qp2pp2/6p1/3p4/1PnP1b1r/P1B2P2/5P1P/R4R1K w - - 1 27,vssf_2700,37,-2.674,-3.06,-3.12,-5.43,quiet,2,0,0,0,
5rk1/5ppp/2n1p3/2Pq4/P7/3rBbPP/1PQ2P2/R3KR2 w Q - 5 27,vssf_2700,26,-6.696,-3.06,-6.88,-3.59,quiet,2,0,0,0,
2b1rrk1/pp4p1/q2P2np/4p3/2P1Qp1P/PR3N2/B4PP1/4R1K1 b - - 0 27,vssf_2700,21,0.331,0.0,1.19,0.56,quiet,0,0,0,0,
5rk1/npr2pp1/p3p2p/P2pP1b1/3P2PN/1qB4P/1P1QNP2/R3R1K1 w - - 1 28,vssf_2400,16,5.244,0.0,3.38,-0.29,quiet,0,0,0,0,
r1bq1rk1/4npp1/p3pb1p/1p6/3P4/PPQBBN2/5PPP/RR4K1 b - - 1 19,vssf_2700,10,1.734,0.0,-0.38,0.54,quiet,0,1,0,0,
r1bqk2r/pp3ppp/5B2/nPpn4/8/P3P3/3P1PPP/RN1QKBNR b KQkq - 0 10,vssf_2400,5,3.383,0.0,5.67,0.14,quiet,0,1,0,0,
r1b1kb1r/1p1n1pp1/p3p3/q2p2B1/3Qn2P/N4N1P/PPP1PPB1/R4K1R b kq - 0 12,vssf_2700,0,0.074,0.0,-1.84,-0.22,quiet,2,1,0,0,
8/8/3P3k/1p4p1/P4p2/1P6/5PP1/5K2 w - - 0 49,vssf1_win_d8,128,7.225,0.0,6.48,0.5,quiet,0,0,0,0,
1K6/8/p7/P7/6k1/8/8/5R2 w - - 0 61,vssf1_win_d8,117,9.733,0.0,5.63,1.96,quiet,0,1,0,0,
8/8/3K4/6p1/5k2/8/6Bp/4r3 b - - 11 98,vssf_2400,112,-9.663,0.0,-7.16,-1.53,quiet,2,2,0,0,
6r1/8/p3Nk2/P2P4/1PP2Pp1/2K5/4R3/8 w - - 1 41,vssf_2400,101,14.09,0.0,7.82,0.0,ks,0,4,0,0,
1R6/2p1kp2/8/2r5/2r4p/Q6P/6PK/8 w - - 2 52,vssf_2400,74,8.692,0.0,6.83,4.73,quiet,1,1,0,0,
6k1/6pp/1r1P1b2/3P1p2/8/3R3P/3NKPP1/r7 w - - 0 33,vssf_2700,85,-4.256,0.0,-4.19,-0.47,quiet,1,0,0,0,
6k1/5p1p/4RQp1/p7/2PB1P2/8/P1K3PP/1r3B1R b - - 2 28,vssf_2400,64,35.539,2.94,28.31,0.0,quiet,1,1,0,0,
4k2r/5pp1/pp2pn2/7p/2P5/P3Pb1P/1B1q1PPK/1R3R2 b k - 1 22,vssf_2400,58,-12.217,0.0,-11.02,0.0,quiet,1,0,0,0,
rr4k1/4b1pp/bP1p4/B2PPp2/3R4/p4N1P/5PP1/4K2R b K - 2 26,vssf_2700,64,1.168,0.0,-1.17,0.45,quiet,1,0,0,0,
r2r2k1/1pq2pp1/p2bb3/P3N3/5Q1P/1P2P2P/2P3B1/2R3KR b - - 2 27,vssf_2700,21,-3.884,0.0,-0.61,0.05,quiet,0,2,0,0,
rnb2k1r/1p3pbp/3p1Qp1/2pP4/p7/2N1PNPP/PP3P2/3RKB1R b K - 0 14,vssf_2400,32,10.301,3.6,12.58,0.0,quiet,0,1,0,0,
r2qkr2/1p5p/p2p2p1/2p1n1b1/2PN2b1/4B2B/PPK4Q/4R2R b q - 1 20,vssf_2700,10,-9.943,-2.16,-5.65,-1.1,quiet,2,0,0,0,
1nr2k1r/ppqbn1b1/3N1pp1/1Pp5/2N4p/2PP2P1/P5BP/1RQ1R1K1 w - - 2 22,vssf_2400,5,-2.186,0.0,-1.16,1.0,quiet,0,2,0,0,
r2qk1nr/2pbbppp/p1n1p3/4P3/Np2B3/5N2/PPP1QPPP/R1B1K2R b KQkq - 0 10,vssf_2700,0,0.554,0.0,0.31,0.19,quiet,0,0,0,0,
8/8/4k2P/2p5/4P3/1P2P3/4K3/8 w - - 1 44,vssf1_win_d8,128,8.437,0.0,5.38,0.21,quiet,0,1,0,0,
4k3/8/P1p1pBp1/4P2p/7P/3K1P2/8/8 b - - 0 51,vssf1_win_d8,122,8.105,0.0,8.74,0.18,quiet,0,1,0,0,
8/8/7k/8/5n2/8/5b1K/8 b - - 62 76,vssf_2400,117,-14.165,0.0,-68.26,0.0,quiet,2,0,0,0,
6r1/8/8/P2P1k2/1PP2P2/2KN2p1/6R1/8 b - - 4 45,vssf_2400,101,17.724,0.0,8.58,0.0,ks,0,3,0,0,
6r1/8/1R1pPk2/p3nP2/P3KR1p/7P/2P3P1/8 b - - 0 37,vssf_2400,90,11.701,0.0,7.12,1.14,ks,3,4,0,0,
5k2/6pp/3P1b2/3P4/5p2/3R1P1P/r5PK/1r1N4 b - - 4 39,vssf_2700,85,-5.234,0.0,-5.61,0.27,quiet,2,1,0,0,
N5k1/8/5p2/5bpq/P2P4/1P2P1P1/2rB1K1P/4Q3 w - - 7 34,vssf_2400,58,-2.786,-2.64,-1.64,-3.06,quiet,1,0,0,0,
8/2k5/2rq4/2b5/7p/p6P/B4PP1/2R1QR1K b - - 2 38,vssf_2400,42,12.845,2.52,6.13,2.2,quiet,1,0,0,0,
4r3/1p4kB/2p1bq2/r6p/2P5/1P1Q3P/5PP1/2R1R1K1 w - - 3 35,vssf_2400,32,7.837,2.34,3.18,2.96,quiet,1,2,0,0,
1k1r3r/pp3p2/1qp1pPpb/3P4/2P4p/1P3Q1N/PB4KP/R2R4 w - - 0 26,vssf_2700,26,-0.654,-1.98,4.2,-0.54,quiet,2,0,0,0,
1r1bk2r/3nn1p1/P2Qp1P1/2p3Np/1p6/4B3/P1P2P2/2K3RR b - - 0 30,vssf_2700,37,13.182,2.34,8.43,0.0,ks,0,3,0,0,
r2k2nr/1bbn2p1/p1p2p2/3p3p/3P4/B2B1N2/4RPPP/2Q3K1 w - - 2 21,vssf_2400,37,4.934,2.7,5.52,3.55,quiet,1,2,0,0,
r2qkr2/1pp4p/p2p2p1/4n1b1/2PN2b1/4B3/PPK4Q/R4B1R w q - 2 19,vssf_2700,10,-3.766,0.0,-4.59,-0.82,quiet,2,0,0,0,
2kr1br1/ppq2p2/4p3/N3n3/nP1BP1pp/2P3P1/P1NQBP1P/3RR1K1 b - - 1 21,vssf_2400,5,9.193,0.0,6.34,0.62,quiet,0,1,0,0,
r2qk1nr/2pbbppp/p1n1p3/4p3/Np1PB3/5N2/PPP1QPPP/R1B1K2R w KQkq - 2 10,vssf_2700,0,0.118,0.0,-0.4,0.11,quiet,0,0,0,0,
8/6P1/8/8/3k3K/8/8/8 b - - 0 71,vssf1_win_d8,128,4.36,0.0,47.98,0.0,quiet,0,0,0,0,
8/6pk/2R5/1P5p/8/5P2/3K4/8 b - - 0 45,vssf1_win_d8,117,11.394,0.0,7.0,-0.09,quiet,0,1,0,0,
8/8/5n2/b7/3k1K2/8/8/8 w - - 1 46,vssf_2400,117,-14.013,0.0,-68.45,0.0,quiet,2,1,0,0,
1R6/6p1/4k2p/2p5/pPPpN3/P7/1K6/7r b - - 8 47,vssf_2400,101,-0.416,0.0,1.94,2.15,ks,3,2,0,0,
7r/2p5/1p1pPk2/p3nP2/P1P1KR1p/7P/2P3P1/1R6 w - - 2 35,vssf_2400,90,9.607,0.0,5.31,1.09,ks,3,4,0,0,
4r1k1/1p2qpp1/4b3/pQ4p1/P7/3Bp2P/1P3P2/3KR3 b - - 3 27,vssf_2400,53,-5.222,-1.14,-3.98,-1.18,quiet,1,1,0,0,
8/2kq4/2r5/2b1p2Q/7p/p6P/B4PP1/2R2R1K w - - 0 37,vssf_2400,42,11.185,2.16,6.71,2.2,quiet,0,0,0,0,
4r3/1p2qbkp/2p5/r4B1p/2P5/1P3Q1P/5PP1/2RR2K1 w - - 1 32,vssf_2400,32,6.651,2.88,2.53,2.08,quiet,0,1,0,0,
r6r/1bkpq1pp/1pn5/p7/1P3n2/PN2p3/4BPPP/2QR1RK1 w - - 2 24,vssf_2400,16,-0.234,2.88,-5.92,0.06,quiet,2,2,0,0,
r2b1knr/3n2p1/p1q1p1P1/2p1P2p/Pp6/3BBN2/P1P1QP2/2K3RR b - - 0 21,vssf_2700,10,2.907,1.98,2.21,1.32,quiet,0,1,0,0,
rnbqk2r/1p2bppp/2p1pn2/p7/2NP4/4PNP1/PP2BP1P/R1BQK2R b KQkq - 0 8,vssf_2700,0,0.266,0.0,0.47,-0.32,quiet,0,0,0,0,
2k5/K7/8/1P6/8/8/8/8 b - - 5 83,vssf1_win_d8,128,5.193,0.0,47.97,0.0,quiet,1,1,0,0,
3b2k1/7p/3Pp2p/8/4K3/6P1/p7/8 w - - 0 58,vssf1_win_d8,122,-10.088,0.0,-8.01,-0.03,quiet,1,0,0,0,
8/8/8/8/5nk1/8/5b2/7K w - - 57 74,vssf_2400,117,-14.702,0.0,-66.85,0.0,quiet,2,0,0,0,
2Q5/6pk/p3p3/3pP1q1/3P3p/5P1P/4r1P1/5K2 w - - 0 59,vssf_2400,74,-0.968,0.0,-8.17,-7.8,quiet,2,1,0,0,
8/2R5/2p1r1kp/p3p2p/4Np1K/P2PbP2/2P4P/8 w - - 2 40,vssf_2400,96,-1.731,0.0,0.97,-0.31,ks,4,3,0,0,
3r4/5rpp/p3k3/1p4PN/4p2P/3bP1Q1/7K/8 b - - 0 39,vssf_2400,74,-4.924,0.0,-3.53,3.49,ks,0,3,0,0,
3r4/1kr5/1p3bR1/1Bp3pp/P7/5P1P/2K5/4R3 b - - 6 39,vssf_2400,74,-3.738,0.0,-1.02,-0.92,quiet,2,1,0,0,
r2k3r/5p1p/1q1p2p1/pB3b2/pP6/7P/P5P1/n4Q1K b - b3 0 25,vssf_2400,48,-22.757,0.0,-17.4,0.0,quiet,1,1,0,0,
4r3/1p4kB/2p1bq2/r6p/2P5/1P1QR2P/5PP1/2R3K1 b - - 4 35,vssf_2400,32,8.062,2.7,3.76,3.96,quiet,1,2,0,0,
3r1rk1/2q2b1p/3b2p1/p1P5/P2B4/3QP2P/8/2RK2R1 b - - 0 32,vssf_2400,26,-1.208,2.34,-1.94,1.8,quiet,0,1,0,0,
2bq1k2/5r1p/2p1pP2/1p1nB1Q1/2r5/P4BP1/5P1P/R4RK1 w - - 7 28,vssf_2700,21,4.038,3.24,7.17,5.54,quiet,0,2,0,0,
r6r/1bkpq1pp/1pn5/8/1p3n2/PN2PB2/6PP/2QR1RK1 b - - 0 25,vssf_2400,16,-2.954,1.98,-2.39,1.28,ks,1,3,0,0,
r1bqk1nr/2p1bpQp/p3p3/1p6/8/2NP4/PP3PPP/R1B1K1NR b KQkq - 0 10,vssf_2700,10,3.588,0.0,-0.85,0.52,quiet,0,1,0,0,
rnbqr1k1/1p3ppp/p2p1b2/4p3/2Pp4/1P1B1NPP/P4P2/RNBQK2R w KQ - 0 12,vssf_2400,5,-0.043,-1.44,0.72,-0.46,quiet,0,1,0,0,
rnbqk2r/4bppp/2p1pn2/pp6/2NP4/4PNP1/PP2BP1P/R1BQK2R w KQkq - 0 9,vssf_2700,0,0.187,0.0,-0.21,-0.42,quiet,0,0,0,0,
8/7p/p2Pk2K/1p6/1P4P1/8/8/8 b - - 0 50,vssf1_win_d8,128,0.202,0.0,0.38,0.2,quiet,1,2,0,0,
8/8/5p2/1P4k1/5pPp/1P3R1P/6K1/8 b - - 0 44,vssf1_win_d8,117,12.538,0.0,7.11,0.0,ks,2,3,0,0,
8/6p1/pp1N2kp/2pP1b2/P4P2/1P3P2/3K3P/8 w - - 0 40,vssf_2400,117,1.661,0.0,0.83,0.06,quiet,1,2,0,0,
5k2/5pp1/1p6/2p3Pp/5n2/5r2/2b5/6K1 w - - 2 47,vssf_2400,106,-27.971,0.0,-18.45,0.0,quiet,2,0,0,0,
8/6r1/1Rnk3p/p2p1p1P/Pb2p3/6P1/8/1K6 b - - 7 43,vssf_2400,96,-19.559,0.0,-10.43,0.0,quiet,0,1,0,0,
4k1r1/R2n1ppp/1p1Bp3/3b4/8/P5P1/1P4pP/6K1 w - - 3 26,vssf_2400,90,-10.413,0.0,-4.98,0.32,quiet,2,2,0,0,
2r1rk2/p4p2/n6p/2p5/1P1p2P1/P2Rb3/2K5/4R3 w - - 0 38,vssf_2400,74,-14.499,0.0,-10.12,0.0,quiet,2,0,0,0,
2rk1r2/5p1p/1q1p2p1/pB3b2/pPQ5/7P/P5P1/n6K w - - 3 27,vssf_2400,48,-17.974,2.16,-17.31,0.0,quiet,1,2,0,0,
N5k1/8/2r2p2/B5pq/P2Pn3/1P2P1Pb/5R1P/4Q1K1 b - - 3 29,vssf_2400,42,3.305,-2.16,1.0,-1.33,quiet,2,0,0,0,
4rr2/pp1q2pk/3b2pp/3P4/2n5/2N1P2P/PP2Q1P1/3R2KR w - - 0 23,vssf_2400,26,-2.665,-2.16,-6.16,-1.97,quiet,2,0,0,0,
r1b1k2r/1p1pPpp1/p1n1q2p/2B5/8/6P1/5PBP/2RQ1RK1 w kq - 1 19,vssf_2700,21,1.055,1.98,2.57,0.24,ks,0,3,0,0,
3rr1k1/p1p1nppp/1p2pn2/P2q2P1/2bP3P/3BPN2/1P1R1P2/3QK2R b - - 0 22,vssf_2400,16,-6.789,0.0,-4.53,-0.54,quiet,0,1,0,0,
2rqk3/pp2pp2/6pb/3p4/1PnPb1r1/PQB2N1B/4PP1P/R4R1K b - - 7 22,vssf_2700,10,-1.416,0.0,-1.21,-0.45,quiet,1,0,0,0,
rnbqr1k1/1p3ppp/p2ppb2/2p5/2P5/1P1P1NPP/P4P2/RNBQKB1R w KQ - 0 10,vssf_2400,5,0.234,0.0,0.25,-1.15,quiet,0,0,0,0,
rnbqk2r/1p2bppp/2p1pn2/p2p4/2PP4/4PNP1/PPQN1P1P/R1B1KB1R b KQkq - 3 7,vssf_2700,0,0.131,0.0,0.38,-0.04,quiet,0,0,0,0,
8/4p2p/4P1p1/kp2P3/p7/7P/4K1P1/8 b - - 0 38,vssf1_win_d8,128,-6.048,0.0,-4.78,0.38,quiet,0,0,0,0,
8/2P5/1k1K4/5N2/6P1/8/8/8 w - - 1 69,vssf1_win_d8,122,14.014,0.0,8.9,0.76,quiet,1,1,0,0,
3Q4/6P1/p7/P6k/N1P4p/5P2/2K4P/8 b - - 0 51,vssf_2400,101,32.391,0.0,19.23,0.0,quiet,0,2,0,0,
6k1/3r2pp/p1pnR3/P1pp1p2/7P/8/7K/8 w - - 2 44,vssf_2400,101,-15.672,0.0,-9.15,0.0,quiet,0,0,0,0,
6k1/2N2ppp/p1p5/P1pp4/4n2P/6r1/1P6/1R5K w - - 0 37,vssf_2400,96,-8.444,0.0,-6.62,-7.85,quiet,1,0,0,0,
4kr2/R4ppp/1p2pn2/3bB3/8/P5P1/1P4pP/6K1 b - - 0 24,vssf_2400,90,-10.438,0.0,-5.08,0.28,quiet,2,1,0,0,
6k1/2rq1ppp/P2p3n/3Pp3/4P1P1/1p1Q3P/3B1PK1/1R6 b - - 3 43,vssf_2400,53,-0.954,0.0,1.62,-0.29,quiet,0,0,0,0,
8/4k3/4p3/Pp2n3/1Pn1PR2/2K5/4r3/rB4R1 b - - 1 50,vssf_2400,69,-3.633,0.0,-4.13,-5.07,ks,4,1,0,0,
1k2r3/pp3p2/2p3pr/3p2n1/1P1P1Nb1/4PPPp/P3BK1R/2R5 b - - 1 27,vssf_2400,64,-2.002,0.0,-1.22,-0.45,ks,4,0,0,0,
4nk2/3n3p/1p2qppN/p5P1/4pB2/2Q4P/4rPB1/3R2K1 w - - 0 33,vssf_2400,37,0.229,0.0,4.3,2.16,quiet,1,1,0,0,
rnb1k2r/1p1pPpp1/pq5p/2p5/8/6P1/PP1B1PBP/R2QK2R w KQkq - 0 14,vssf_2700,21,-2.175,0.0,1.06,-0.33,quiet,0,1,0,0,
r2qk2r/pp2ppb1/6p1/3p1bN1/1PnP3P/P1Q5/1B2PPBP/R4RK1 b kq - 1 17,vssf_2700,10,-0.681,0.0,-0.86,0.08,quiet,0,1,0,0,
r4rk1/1bp2pbp/p3p1p1/n2q4/NpN5/4Q1B1/1P2BPPP/R4RK1 w - - 1 21,vssf1_win_d8,5,-1.376,0.0,-0.54,-1.45,quiet,1,0,0,0,
rnbqk2r/1p2bppp/4pn2/p1pP4/3P4/4PNP1/PPQN1P1P/R1B1KB1R b KQkq - 0 8,vssf_2700,0,3.122,1.62,3.59,1.96,quiet,0,0,0,0,
8/8/1p2k3/2p1P3/1p3K1p/2P5/8/8 w - - 0 41,vssf1_win_d8,128,-5.221,0.0,-6.11,-0.15,quiet,2,2,0,0,
8/1k6/8/2PK3p/6p1/4N3/7P/8 b - - 2 59,vssf1_win_d8,122,9.036,0.0,4.02,1.31,quiet,1,2,0,0,
8/2pk4/4R3/p5p1/P4bP1/1Pr2P2/6K1/8 w - - 5 68,vssf_2400,101,-4.905,0.0,-4.43,-2.54,quiet,2,1,0,0,
2r3k1/5p2/p3p1p1/1p2P2p/3Q4/P6P/2q3PK/5R2 b - - 3 44,vssf_2400,64,-3.324,0.0,-2.12,0.41,quiet,1,1,0,0,
4k1r1/R2n4/1p1B2p1/P2bppp1/7P/1P6/6p1/6K1 w - - 0 32,vssf_2400,90,-12.901,0.0,-7.01,0.0,quiet,2,2,0,0,
2r2k2/3q1ppp/P2p3n/3Pp3/4P1P1/1R1Q3P/3B1PK1/8 w - - 1 45,vssf_2400,53,0.567,0.0,3.94,0.12,quiet,0,0,0,0,
4Qb2/k2n2p1/p2rp3/3n3P/p4P2/5B2/1P3P2/3R3K b - - 4 40,vssf_2400,64,3.919,0.0,3.85,0.54,quiet,0,1,0,0,
4r1k1/3r2b1/2p3p1/p1Bnp1P1/2B1R3/P1P5/1PK5/5R2 w - - 0 33,vssf_2400,64,0.254,0.0,2.54,0.91,quiet,1,2,0,0,
1k1r1q2/6p1/1p1rp3/4Q2n/2PP1B1p/R6P/3N1P1K/7B w - - 23 49,vssf_2400,32,10.412,3.42,14.49,12.85,quiet,2,2,0,0,
2krr3/1bpn2Qp/pq6/2p5/2P4P/4BNP1/PP2KP2/4R2R b - - 2 24,vssf_2700,21,-0.99,-1.98,0.12,-0.77,quiet,2,1,0,0,
r4rk1/2qp2pp/1p1np3/p1p5/1nP2p1P/NQ1B1P2/PP1B1P2/1K1R3R b - - 1 19,vssf_2400,16,1.377,0.0,1.73,0.02,quiet,1,1,0,0,
rn1q3r/4kpb1/1p2p1pp/pQ2N2n/3Pp3/P1N5/1P1B1PP1/3R1K1R b - - 1 16,vssf_2400,10,3.889,2.16,1.25,2.46,quiet,0,2,0,0,
1r3knr/2p2qp1/b1np4/p1pN1pBp/2B5/P3QN1P/1P3PP1/R4K1R w - - 6 19,vssf1_win_d8,5,8.691,1.62,3.44,1.52,ks,0,3,0,0,
rn1qk2r/pp2pp2/2p1bnpb/3p4/3PP1Pp/1P3P2/PBPN2BP/R2QK1NR b KQkq - 0 10,vssf_2700,0,-0.69,0.0,-0.49,-0.25,quiet,1,0,0,0,
8/8/k3P3/3p2Pp/8/4PKP1/8/8 b - - 0 57,vssf1_win_d8,128,7.128,0.0,8.4,0.73,quiet,2,0,0,0,
8/8/4pb2/8/k1KN3p/7P/8/8 b - - 7 59,vssf_2400,117,-0.886,0.0,-0.59,0.42,ks,3,2,0,0,
8/2pk4/8/R5p1/P4bP1/1r3P2/6K1/8 b - - 0 69,vssf_2400,101,-5.685,0.0,-3.59,-2.78,quiet,2,0,0,0,
6k1/q4p2/4p1p1/pp2P3/6Pp/P4Q1P/2r5/5R1K w - - 0 56,vssf_2400,64,-4.661,-1.53,-2.85,-0.84,quiet,2,1,0,0,
4k1r1/R2n4/1P1B2p1/3bppp1/7P/1P6/6p1/6K1 b - - 0 32,vssf_2400,90,-13.067,0.0,-5.2,-0.21,quiet,2,2,0,0,
6k1/1b3pp1/8/4r3/PP1nP2P/2R2P2/3r2PK/2R5 b - - 0 40,vssf_2400,74,-6.49,0.0,-3.19,-0.29,quiet,1,0,0,0,
4kb2/3rnp1r/p4Bp1/1p2P2p/1NpPQ3/8/P4P1P/5K2 b - - 0 28,vssf_2400,64,0.773,1.65,-0.11,2.4,quiet,0,1,0,0,
4q1k1/5p2/p4npp/3pb2r/P7/4P2P/1BQ1NPP1/2R3K1 w - - 1 29,vssf_2400,42,-0.662,0.0,2.15,0.57,quiet,1,0,0,0,
r2rk3/p3np2/1pp1pb2/6pp/P2PR1Pn/1PP4P/N2B1P2/3R2K1 w - - 1 28,vssf_2400,58,-3.835,0.0,-4.35,0.16,quiet,1,0,0,0,
r5kr/5ppp/1npNp2n/p3P3/p2P3q/B1P1P2P/2Q3P1/R4RK1 w - - 7 24,vssf_2400,21,-0.64,0.0,2.7,0.46,ks,1,3,0,0,
r3kb1r/1p1q1ppp/2n1pB2/p2p4/3P4/2N3P1/PP2PP1P/R2QKB1R b KQkq - 0 10,vssf_2400,16,3.305,0.0,3.27,-0.19,quiet,0,1,0,0,
rn1qkb1r/5ppp/1p2pn2/p2p4/3P3P/PQN1PN2/1P3PP1/R1B2K1R b kq - 0 10,vssf_2400,10,1.052,0.0,0.92,0.35,quiet,0,0,0,0,
r1b2rk1/2q1npbp/1p4p1/1P1pp3/PB6/2N1PQ1P/2B2PP1/R3K1NR b KQ - 0 16,vssf1_win_d8,5,4.471,0.0,2.75,0.3,quiet,0,1,0,0,
rn1qk2r/pp2pp2/2p1bnpb/8/3Pp1Pp/1P3P2/PBPN2BP/R2QK1NR w KQkq - 0 11,vssf_2700,0,-1.792,0.0,-2.66,-0.43,quiet,1,0,0,0,
8/8/P7/3k4/1P6/8/8/6K1 w - - 1 43,vssf1_win_d8,128,6.134,0.0,3.52,-0.66,quiet,0,1,0,0,
3B4/8/8/p2k3p/1p4p1/1K6/6P1/8 w - - 2 60,vssf1_win_d8,122,-0.89,0.0,0.65,-0.45,ks,3,1,0,0,
5k2/1R3p1p/2n1pp2/7P/P7/6P1/5P2/6K1 b - - 0 41,vssf_2400,112,4.135,0.0,3.36,0.19,quiet,0,1,0,0,
8/6N1/3k4/3p4/p1p5/4R3/r7/2K5 w - - 2 70,vssf_2400,101,-3.319,0.0,-0.11,2.38,quiet,1,2,0,0,
7n/7P/2p1k3/6B1/2Np4/3B4/8/1K6 w - - 9 96,vssf_2400,106,12.389,0.0,8.81,0.0,ks,0,3,0,0,
3r4/1p2pk1p/1Bb5/6n1/5p2/P1K5/1P4PP/1R2R3 b - - 0 30,vssf_2400,80,1.041,0.0,2.42,-0.47,quiet,1,1,0,0,
4kb2/r3np1r/p4Bp1/1p2P2p/1NpPQ3/8/P4P1P/5K2 w - - 1 29,vssf_2400,64,-0.036,1.26,-0.28,1.06,quiet,0,1,0,0,
5r2/pp1q2pk/3b2pp/3P4/6Q1/2N1r2P/PP4P1/3R2KR b - - 1 24,vssf_2400,32,-0.915,-2.16,-4.13,-3.24,quiet,2,1,0,0,
r2rk3/p3np2/1pp1pbp1/5n1p/P2PR3/1PP4P/N2B1PP1/3R2K1 b - - 2 26,vssf_2400,58,-4.753,0.0,-4.6,0.8,quiet,0,0,0,0,
rn1qk1nr/5ppp/1pp1p3/p3P3/2pP4/P1N1P3/1PQ3PP/R1B1K2R w KQkq - 0 13,vssf_2400,21,-1.086,0.0,-0.56,-0.83,quiet,0,0,0,0,
r1bk3r/pppn3p/5pp1/nq1Np3/4P3/1N1R2Q1/PPP2PPP/2K4R b - - 3 17,vssf_2400,16,-3.295,0.0,-1.46,0.97,quiet,0,1,0,0,
r3k3/1pq1pp2/1nppbn2/7p/p2PP3/1PPBQ2P/P2N1Pr1/1R2K1NR w Kq - 0 17,vssf_2400,10,-0.985,0.0,-0.32,-0.09,quiet,1,0,0,0,
r1bq1rk1/1ppp1ppp/5n2/p3P3/1bBn4/2N5/PPP2PPP/R1BQR1K1 w - - 0 10,vssf1_win_d8,5,-1.013,0.0,-1.99,0.55,quiet,0,1,0,0,
r1bqkb1r/1p2pp1p/1npp1np1/p7/3PPB2/2PB3P/PP1N1PP1/R2QK1NR w KQkq - 2 8,vssf_2400,0,0.277,0.0,1.76,0.41,quiet,0,0,0,0,
8/4P3/5k2/8/5K2/6p1/6P1/8 b - - 0 65,vssf1_win_d8,128,1.814,0.0,3.89,-0.92,quiet,1,1,0,0,
8/8/2kP1B2/p6p/1p4p1/8/2K3P1/8 w - - 1 58,vssf1_win_d8,122,3.576,0.0,0.69,0.24,quiet,1,1,0,0,
1R6/P3kp1p/3np3/7P/6P1/5P2/6K1/8 b - - 0 60,vssf_2400,112,7.98,0.0,9.24,-0.49,quiet,0,1,0,0,
5q2/8/1p4k1/p3Qp2/P1p1pKp1/4P3/7R/8 w - - 6 60,vssf_2400,74,-0.722,0.0,4.37,5.82,ks,5,3,0,0,
8/8/2p1N3/k2pn3/p6p/B6P/8/2KB4 w - - 0 56,vssf_2400,106,5.59,0.0,4.0,0.49,quiet,0,2,0,0,
2r5/1p2pk1p/1Bb5/6n1/5p2/P1K3P1/1P5P/1R2R3 b - - 0 31,vssf_2400,80,2.226,0.0,1.64,-0.35,quiet,0,1,0,0,
r1b4R/ppkn2Q1/3r1p2/P2Rp1p1/4P1P1/4K3/1PP2P1P/8 w - - 2 32,vssf_2400,53,9.642,3.75,11.42,6.8,ks,2,4,0,0,
4qr2/pp4pk/3b2pp/3P4/7Q/2N1r2P/PP4P1/3R2KR b - - 3 25,vssf_2400,32,-0.583,-1.8,-4.71,-2.72,quiet,2,1,0,0,
r2r4/p2knp2/1pp1pb2/6pP/P2PR3/1PP2n1P/N4P2/2BR3K b - - 4 30,vssf_2400,58,-3.339,0.0,-4.52,0.17,quiet,1,1,0,0,
r1q3kr/5pb1/4pnpp/8/2NP4/P3BP2/1P1Q2P1/2R2K1R b - - 0 28,vssf_2400,21,2.945,0.0,1.83,-0.06,quiet,0,0,0,0,
Q1b2rk1/p1q2p1p/n4bp1/1pP1p3/8/PN2PNP1/1PR1P1BP/4K2R b K - 0 17,vssf_2400,21,7.755,0.0,5.72,-0.44,quiet,0,0,0,0,
r3k3/1pq1pp2/1nppbn2/7p/3PP3/1pPBQ2P/P2NNPr1/1R3K1R b q - 1 18,vssf_2400,10,-2.971,0.0,-2.22,-0.44,quiet,1,0,0,0,
r1bBk2r/1p1p3p/p1n1p2n/5pb1/4P1pN/2N5/PPPQ1PPP/2KR1B1R b kq - 0 13,vssf1_win_d8,21,7.774,0.0,12.8,0.0,quiet,1,2,0,0,
r1bqk2r/1p2pp2/1npp1npb/p6p/3PPB2/2PB1N1P/PP1Q1PP1/R3K1NR b KQkq - 3 10,vssf_2400,0,-0.254,0.0,0.39,0.48,quiet,0,0,0,0,
8/8/3k4/8/1R1P4/1P4K1/8/8 w - - 1 57,vssf1_win_d8,117,13.684,0.0,55.46,0.0,quiet,0,1,0,0,
4k3/n1R2p1p/P3p3/7P/6P1/5P2/6K1/8 b - - 2 57,vssf_2400,112,7.219,0.0,6.87,-0.23,quiet,0,1,0,0,
8/5p2/pk6/6Q1/3qP3/1P4P1/P4PB1/6K1 w - - 1 32,vssf1_win_d8,80,11.11,0.0,7.05,0.0,quiet,1,1,0,0,
8/2p5/5r2/p2p4/1p1kn3/3N3R/PPP1KP2/8 b - - 2 40,vssf_2400,96,-0.387,0.0,-0.88,0.03,ks,3,6,0,0,
2k2N2/7p/p2B2p1/8/2p5/2P2PP1/P1r4P/1R3K1R b - - 4 29,vssf_2400,85,20.181,0.0,15.36,0.0,ks,1,3,0,0,
rr5k/2p1b1p1/4q2p/p1P1P1p1/P1R5/1P3Q2/5PPP/2R3K1 w - - 11 39,vssf_2400,37,-1.289,0.0,-2.63,0.38,quiet,0,0,0,0,
r1q3k1/5ppp/P2p1n1n/1B1Pp3/4P1P1/1p5P/3BQP2/1R4K1 w - - 4 39,vssf_2400,42,0.826,0.0,2.5,-0.29,quiet,0,0,0,0,
1r3k1b/3q1r1p/1p3p2/1N2p2Q/2P5/4N1P1/R4PB1/6K1 b - - 20 43,vssf_2400,32,4.46,1.26,4.69,1.93,quiet,0,1,0,0,
r3r1k1/5pp1/2R5/B2p1q2/3PnNb1/1P2P1Pp/P6P/4QRK1 w - - 1 21,vssf_2400,21,1.805,0.0,0.38,-1.18,quiet,2,0,0,0,
r3r2k/1p4bp/2p1bnp1/4Bp2/pqP5/1P3QNP/P1B2PP1/2RR2K1 b - - 2 25,vssf_2400,10,0.957,0.0,0.75,0.6,quiet,0,0,0,0,
rnbqkb1r/pp3ppp/5P2/4p3/2Pp4/2N5/PP1P1P1P/R1BQKBNR b KQkq - 0 7,vssf1_win_d8,5,1.434,0.0,2.62,0.35,quiet,0,1,0,0,
rbbqr1k1/pp3pp1/5n1p/3pn3/P2N4/1P2PN1P/2Q2PP1/R1B1KB1R w KQ - 2 14,vssf_2400,0,-0.53,0.0,-1.38,-0.89,quiet,0,1,0,0,
8/8/4k1p1/2Kp1p1p/1p5P/1P2PPP1/8/8 b - - 2 46,vssf1_win_d8,128,-0.156,0.0,1.33,-0.25,quiet,2,1,0,0,
8/8/8/3k4/1R1P1K2/1P6/8/8 w - - 3 58,vssf1_win_d8,117,13.891,0.0,55.5,0.0,ks,1,4,0,0,
1r4k1/5p1p/6p1/8/p7/P4P2/1P5P/2q1QK2 b - - 2 38,vssf1_win_d8,74,-10.5,0.0,-8.93,-3.21,quiet,1,0,0,0,
5k2/5b2/3P4/7p/p2QB1r1/P6K/1P6/8 b - - 0 62,vssf_2400,85,12.774,0.0,7.18,0.0,quiet,2,2,0,0,
1q3kr1/3Q4/1N1pp3/p1p1p2p/4P1pP/P1PP2B1/5PP1/6K1 w - - 9 40,vssf_2400,64,4.084,1.89,3.76,2.68,quiet,0,1,0,0,
r3k3/3b4/p1nR2p1/P4p2/Bp2p2p/5R1P/5PP1/6K1 w - - 0 34,vssf_2400,80,-1.04,0.0,0.54,1.38,quiet,0,1,0,0,
2k3r1/1b4p1/1Bpqp3/1p2p3/pP5P/P5P1/4QNBK/8 b - - 3 50,vssf_2400,53,-0.31,0.0,2.38,0.89,quiet,0,1,0,0,
r4r1k/2Rp3p/bp2qp2/p2p2QP/3BpR2/P2p2P1/1P1K1P2/8 b - - 3 31,vssf_2400,32,-10.988,-2.52,-3.96,0.1,ks,3,1,0,0,
3r1k1b/R2q2rp/1p3p1Q/1N1Bp3/2P5/4N1P1/5P2/6K1 b - - 26 46,vssf_2400,32,6.027,3.06,11.54,9.23,quiet,0,2,0,0,
r4k1r/1q2bpp1/pp2pn2/8/Q1P5/P1N1B1Pp/1P3P1P/1R2K2R w K - 0 19,vssf_2400,21,-2.898,-1.8,-2.1,-1.0,quiet,0,1,0,0,
r5nr/2pqkpQ1/p3p3/2n1P3/Pp6/3B1b1P/RPP2PP1/3NK2R w K - 0 19,vssf_2400,16,6.381,1.44,-1.33,1.09,quiet,1,2,0,0,
rn2kb1r/ppq2pp1/2p1pn1p/3p4/P1PP4/2BbP3/1P3PPP/RN1QK1NR w KQkq - 0 9,vssf1_win_d8,5,-3.633,0.0,-5.8,-0.41,quiet,1,0,0,0,
2r1r1k1/1p1bqpp1/2p2n1p/p2p4/Pb1Pn1P1/1QNBPN1P/1P1B1P2/2R1K2R w K - 7 18,vssf_2400,0,0.049,0.0,-2.5,-0.72,quiet,1,0,0,0,
8/p6p/5p2/4p1k1/4P1P1/p2P1K2/8/8 w - - 0 46,vssf1_win_d8,128,-6.166,0.0,-6.0,0.15,ks,2,3,0,0,
8/8/8/8/1R6/4K3/P7/4k3 b - - 12 64,vssf1_win_d8,117,12.183,0.0,54.74,0.0,quiet,1,1,0,0,
8/p7/8/5B1P/3kp1P1/8/4PK2/2q5 b - - 0 50,vssf_2400,101,-10.527,0.0,-6.3,-4.99,ks,3,3,0,0,
5k2/4pp2/1p4p1/4Pq1p/3p3P/1P1Pb3/5N2/6K1 w - - 0 47,vssf1_win_d8,96,-21.156,0.0,-14.98,0.0,quiet,2,0,0,0,
7r/6R1/4p3/P3p3/1PPbPn2/5P1p/2Pk4/1R3K2 b - - 1 64,vssf_2400,85,1.426,0.0,0.1,-1.0,ks,4,3,0,0,
3r2k1/5p2/6p1/7p/1b2p1P1/4P2P/5PK1/rB4NR b - - 3 38,vssf_2400,80,-9.083,0.0,-3.45,-0.03,quiet,1,0,0,0,
3k4/1b3qp1/2pPpp2/1p2P2r/pP1B3P/P2Q2P1/2N3BK/8 w - - 1 44,vssf_2400,53,4.514,1.62,6.26,3.05,quiet,0,1,0,0,
3rkb1r/pp2p1pp/4P1p1/2n5/PPp5/6P1/4QPBP/n1B3K1 b k b3 0 21,vssf_2400,58,-4.191,1.47,-2.8,0.77,quiet,0,1,0,0,
4r1kr/ppp3p1/3b4/7p/4q3/5n2/PP1B1PQP/3R1R1K b - - 5 19,vssf_2400,26,-6.542,1.44,-6.84,-0.85,quiet,2,1,0,0,
1k1r3r/5p1p/1p3q1b/1NpP1bp1/2B5/5P2/PP1Q1P1P/3KR2R b - - 2 21,vssf_2400,21,-1.521,-1.8,0.21,0.3,quiet,1,1,0,0,
2kr3r/ppq2pb1/2p1p1p1/4n3/1Pp1P1P1/P1B1P2p/3NB2P/2RQK2R w K - 0 22,vssf_2400,16,1.702,0.0,0.09,-0.96,quiet,1,0,0,0,
rn3rk1/1bq1ppbp/p5p1/8/2PP1P2/1Q2B3/PP4PP/R3KBNR w KQ - 4 12,vssf_2400,10,1.551,0.0,0.54,-0.79,quiet,0,0,0,0,
r1b1r1k1/pppq1pp1/1n5p/4b3/nP3P2/P1NP4/2QBP1BP/1R1K2R1 w - - 0 18,vssf1_win_d8,5,-0.861,0.0,-4.54,-1.42,quiet,0,0,0,0,
r1bqk2r/pp1n1pp1/2pb1n1p/3p4/8/2NBPNPP/PPQP1P2/R1B1K2R b KQkq - 2 9,vssf_2400,0,0.403,0.0,-1.16,-0.26,quiet,0,0,0,0,
8/8/4k3/8/5PPP/8/6K1/8 w - - 1 40,vssf1_win_d8,128,8.207,0.0,3.71,-0.29,quiet,0,2,0,0,
8/1k6/3pR1p1/5p2/5P1p/8/PPP2P2/6K1 w - - 2 32,vssf1_win_d8,117,11.472,0.0,7.34,0.0,quiet,0,0,0,0,
8/1p4k1/7p/4pB1P/1P2P3/P4PK1/1r6/8 w - - 2 55,vssf_2400,112,0.839,0.0,-0.06,-0.08,quiet,2,2,0,0,
8/4k1p1/2p1pp2/6p1/1b6/4K3/PP3P1P/3R2R1 w - - 0 34,vssf1_win_d8,101,11.058,0.0,9.53,-0.22,quiet,2,1,0,0,
8/1p1B2k1/5r1p/4p2P/4P3/P4P2/1P3R1K/1r6 w - - 13 49,vssf_2400,90,0.013,0.0,-0.9,-0.13,quiet,1,1,0,0,
5r2/2k1b3/4p3/2p1p1pp/P3P3/1P1P1P1P/2PK2nR/5R2 b - - 2 34,vssf_2400,85,1.129,0.0,0.66,0.04,quiet,1,0,0,0,
5r2/7k/3PN1p1/rB2p2p/P7/4P1P1/1p3R2/1R2K3 w - - 3 34,vssf_2400,74,22.593,0.0,8.72,0.0,quiet,1,1,0,0,
2kr3r/pp3p2/4p1p1/1Pp3q1/4P1P1/P1RpP2p/1Q1N3P/3K3R w - - 0 28,vssf_2400,37,-4.207,-4.32,-1.0,-3.32,quiet,1,0,0,0,
4r1kr/ppp1q1pp/2n5/8/1b2P3/4B3/PP3PQP/3R1RK1 b - - 4 14,vssf_2400,26,-4.893,0.0,-2.89,0.16,quiet,0,1,0,0,
4rrk1/pp1nq1p1/3b2pp/2pP4/8/2N1PN2/PP2Q1PP/R5KR w - - 4 18,vssf_2400,21,-0.533,0.0,-2.37,-0.58,quiet,1,0,0,0,
r1r2bk1/2p3pp/1p1pqp2/pN6/4p3/Pn2P2P/RB2BPPK/1Q1R4 b - - 1 24,vssf_2400,16,0.049,0.0,2.21,0.42,quiet,1,0,0,0,
rn2k2r/1bq1ppbp/p5p1/8/2PP1P2/4B3/PP4PP/R2QKBNR w KQkq - 2 11,vssf_2400,10,1.738,0.0,1.84,-0.3,quiet,0,0,0,0,
rnb1k2r/p3ppbp/3p2p1/qPpP4/8/2n2NP1/PP1BPPBP/R2QK2R w KQkq - 0 10,vssf1_win_d8,5,-1.583,0.0,-2.35,-0.23,quiet,1,0,0,0,
rn2kb1r/pp2qppp/8/2pPnb2/2p5/2N1B3/PP1Q1PPP/R3KBNR w KQkq - 7 11,vssf_2400,0,-0.788,0.0,-0.12,-0.21,quiet,0,0,0,0,
3K4/1P4kp/6p1/5p2/p3p3/6P1/1P5P/8 w - - 1 40,vssf1_win_d8,128,-2.933,0.0,2.84,-0.62,quiet,0,0,0,0,
7R/5p2/2K2P2/6kp/2p5/2P5/8/8 w - - 3 44,vssf1_win_d8,117,8.344,0.0,4.98,1.17,quiet,0,1,0,0,
4B3/8/1p3k1p/1P2pP1P/4P3/r7/6K1/8 b - - 18 70,vssf_2400,112,0.152,0.0,-2.55,-0.43,ks,1,4,0,0,
6r1/3R1RP1/p1k5/2p5/4p2p/PP6/6PP/6K1 w - - 1 42,vssf1_win_d8,96,10.21,0.0,7.69,0.0,quiet,0,2,0,0,
5k2/Npp2p1p/3p4/3P1bp1/P3q3/1P6/3R4/2K5 w - - 3 39,vssf_2400,85,-15.81,0.0,-9.76,0.0,quiet,1,0,0,0,
5r2/2k5/4p3/2b1p1pp/P1P1P2n/1P3P1P/2P1KR2/5R2 w - - 3 38,vssf_2400,85,3.15,0.0,0.68,-0.18,ks,3,0,0,0,
3r2k1/pp3p1p/6p1/8/3P4/P2q2Pb/1P2NP1P/R1B2RK1 w - - 3 22,vssf1_win_d8,58,-0.976,0.0,-2.95,-1.0,quiet,1,0,0,0,
r1b1q1k1/ppp1B1pp/3p4/8/4P2Q/5N2/PPK2PPP/R6R b - - 0 19,vssf_2400,37,10.416,0.0,10.41,0.0,quiet,0,2,0,0,
4r1kr/ppp3p1/8/7p/4q3/5n2/PP1B1PQb/3R1R1K w - - 0 20,vssf_2400,26,-8.527,0.18,-6.76,-1.09,quiet,2,1,0,0,
r3k2r/6q1/1pnppn2/p1P1p2p/4P1pP/P1PP2B1/1N1Q1PP1/R4RK1 b kq - 0 20,vssf_2400,21,-0.781,0.0,1.44,0.59,quiet,0,0,0,0,
r1b2rk1/pp4pp/1q6/3p4/4N3/2N2n2/PPQ1KP1P/3R1B1R w - - 0 18,vssf1_win_d8,16,-3.943,-4.86,-2.23,-5.23,ks,3,0,0,0,
rn1qk1nr/pp3ppp/2p5/3p4/2PPp1b1/2B1P3/PP2NPPP/R2QKB1R w KQkq - 2 8,vssf_2400,10,1.207,0.0,0.14,-0.17,quiet,1,0,0,0,
1r1q1rk1/p3bpp1/3ppn1p/1Qn1P3/5B2/P1N2b1P/1PP1BPP1/R4RK1 w - - 0 15,vssf1_win_d8,5,-3.914,0.0,-3.12,-0.17,quiet,1,0,0,0,
2kr1b1r/pp1nqppp/8/2pPnb2/2p5/2N1BN2/PP1Q1PPP/2KR1B1R w - - 11 13,vssf_2400,0,-1.7,-1.26,-0.95,-0.83,quiet,1,0,0,0,
6k1/2p5/p5PP/3P2K1/P7/2P5/8/8 w - - 1 58,vssf1_win_d8,128,10.802,0.0,7.95,0.0,quiet,0,2,0,0,
8/8/5n2/8/5K1P/k7/6P1/8 w - - 3 78,vssf1_win_d8,122,-0.91,0.0,0.13,-0.16,quiet,1,0,0,0,
8/4k3/1p6/1P2pP2/4P2p/6r1/5K2/5B2 w - - 4 99,vssf_2400,112,-3.175,0.0,-2.79,-0.52,quiet,2,1,0,0,
8/8/8/5Nq1/4p1p1/3kN3/5PK1/8 b - - 5 75,vssf1_win_d8,96,-9.186,0.0,-4.61,-0.43,ks,2,3,0,0,
8/2p2pk1/3p3p/Pp1P1bp1/1N6/KP6/R7/q7 b - - 2 53,vssf_2400,85,-15.745,0.0,-9.47,0.0,quiet,2,0,0,0,
3r3k/6p1/5pnp/8/3PP1P1/2Q4P/3N3q/3K1B2 w - - 13 53,vssf_2400,58,0.475,0.0,-0.84,-1.05,quiet,1,0,0,0,
1n4r1/5pk1/p3p3/N6p/3b4/1B6/5PP1/2RR2K1 b - - 3 36,vssf1_win_d8,74,4.36,0.0,3.98,0.08,quiet,1,0,0,0,
r3q1k1/ppp1B1pp/3pb3/8/4P2Q/5N2/PPK2PPP/R6R w - - 1 20,vssf_2400,37,7.314,-2.7,10.24,0.0,quiet,1,2,0,0,
1r1qk3/1R6/1Nnppnr1/p1p1p2p/4P1pP/P1PP2B1/3Q1PP1/1R4K1 w - - 16 29,vssf_2400,21,0.427,0.0,3.25,2.5,quiet,0,2,0,0,
1Qbqkb1r/1p1n2p1/1N1P1p2/1B2B2p/4p3/8/PP3PPP/2R2RK1 b k - 0 22,vssf1_win_d8,21,12.257,2.34,7.61,0.0,ks,0,3,0,0,
rn2k2r/3q2pp/p1p1b3/Bp3p1N/3Pn3/Q2BP3/p5PP/R4RK1 w kq - 0 19,vssf_2400,10,1.843,2.7,-0.75,1.31,quiet,1,2,0,0,
r1q2rk1/1ppN1pp1/3bpn1p/1Q1p1b2/p2P4/2P1BNP1/PP2PPBP/R3K2R b KQ - 0 12,vssf1_win_d8,5,0.857,0.0,2.77,-0.27,quiet,0,1,0,0,
rn2k3/1b1pbpr1/pq3np1/2p1P1Np/2B2Q1P/1Pp2PP1/1PN3K1/R1BR4 b q - 0 19,vssf_2400,0,0.745,2.34,6.31,3.79,ks,1,3,0,0,
8/3k4/1P6/p4p1p/P3pP2/4K3/6PP/8 w - - 0 44,vssf1_win_d8,128,1.168,0.0,3.81,0.04,quiet,2,1,0,0,
2k5/2P2n2/8/8/8/8/8/K7 w - - 39 77,vssf1_win_d8,122,-6.014,0.0,0.13,-0.14,quiet,0,1,0,0,
8/8/8/6p1/3kp3/4NqN1/5P2/5K2 b - - 23 65,vssf1_win_d8,96,-9.626,0.0,-4.17,0.19,ks,1,3,0,0,
8/2p2pk1/3p3p/Pp1P1bp1/1N6/KP6/1R6/6q1 w - - 15 60,vssf_2400,85,-15.78,0.0,-9.5,0.0,quiet,1,0,0,0,
8/6pk/1R6/5Rn1/PP2P2K/6r1/6r1/8 w - - 6 54,vssf_2400,80,-0.692,0.0,-1.52,-5.48,ks,3,1,0,0,
4r1k1/1p4p1/2b5/2Pn4/p2P2PQ/P4r1P/1P2pP1K/4R3 b - - 0 43,vssf_2400,64,-0.706,1.53,-0.49,0.69,quiet,1,1,0,0,
5rk1/5ppp/3p4/3P2P1/r6q/4Bb1P/P4P1K/R5Q1 b - - 1 26,vssf1_win_d8,42,-12.93,-2.16,-6.15,-1.01,quiet,2,0,0,0,
r3kb1r/8/2p2p2/2pppN1p/p1P1n3/1P4PR/PB2K3/7R b kq - 1 27,vssf_2400,64,-8.996,-1.53,-2.74,-0.42,quiet,1,1,0,0,
r1bk3r/1p2bpBp/p7/2n5/2P5/4PN1P/P4PP1/R3K2R b KQ - 0 16,vssf_2400,58,-1.862,0.0,-1.36,1.13,quiet,0,0,0,0,
5r1k/4n1p1/6rp/3pP2q/3P1p2/P1P4b/3B1PPP/RR1QN1K1 b - - 4 32,vssf_2400,21,4.074,0.0,2.91,-1.24,quiet,2,0,0,0,
r1b1k2r/1pp2p2/p2qp1p1/6Bp/2B1P1n1/2N5/PP3PP1/2RQ1RK1 w kq - 4 15,vssf1_win_d8,16,4.104,-0.18,4.76,0.8,quiet,2,1,0,0,
rn2k2r/p2q1ppp/2p1bn2/Bp6/2pPPN2/Q3P3/PP4PP/R3KB1R b KQkq - 0 14,vssf_2400,10,3.737,3.06,1.58,0.5,quiet,0,2,0,0,
rn2kb1r/pb1ppp2/5np1/q1pP3p/1pP4P/N4PP1/PP2PK2/R1BQ1BNR w kq - 0 9,vssf_2400,0,-1.214,0.0,-1.13,-0.37,quiet,0,0,0,0,
8/3P4/ppk5/2P2p1p/P3pP2/4K3/6PP/8 b - - 0 42,vssf1_win_d8,128,-0.866,0.0,4.98,-0.59,quiet,2,2,0,0,
2k5/2P5/8/n7/8/8/8/3K4 w - - 5 60,vssf1_win_d8,122,-5.779,0.0,0.13,0.45,quiet,0,1,0,0,
8/pp3p1p/6k1/3q2p1/6P1/P4PN1/1P4KP/8 b - - 1 34,vssf1_win_d8,101,-13.903,0.0,-8.28,0.0,quiet,1,2,0,0,
4k3/1p2r3/nQ6/P3p2P/2P1P3/1P2K3/5PP1/8 b - - 0 54,vssf1_win_d8,90,14.808,0.0,7.21,0.0,quiet,1,1,0,0,
8/1pp2pk1/3p3p/3P2p1/PK6/1P1b4/N5R1/q7 b - - 13 47,vssf_2400,85,-16.374,0.0,-9.84,0.0,ks,3,0,0,0,
8/1pPr3p/5pkP/5N2/R3Pn2/P7/1P6/5K1R w - - 0 41,vssf_2400,85,13.455,0.0,7.91,0.0,ks,1,4,0,0,
6k1/6p1/p3p1q1/3pP1p1/2nP3p/1R2BP1P/r5P1/2Q2K2 w - - 4 55,vssf_2400,53,-1.621,-1.47,-3.14,-3.04,quiet,1,0,0,0,
6k1/2p2p1p/p5P1/3pN2P/3P1P2/4BB2/qr5r/5bK1 w - - 0 35,vssf1_win_d8,64,-17.244,-1.38,-15.7,0.0,ks,3,2,0,0,
r3kb1r/p1p3p1/3p1p2/2p1p2p/2P1n3/BP3NPP/P7/R3K1R1 w Qkq - 0 20,vssf_2400,64,-4.605,0.0,-3.87,-0.85,quiet,1,0,0,0,
r1b1r3/1p2bp1p/pk6/2n1B3/2P5/4PN1P/P4PP1/3R1RK1 b - - 6 19,vssf_2400,58,-0.774,0.0,-1.26,1.77,quiet,0,2,0,0,
6k1/2r1rppp/3p1n2/pp1Pp3/PP1qP1n1/3B4/4QPPP/1RBR2K1 w - - 0 28,vssf_2400,21,-0.296,0.0,0.98,-0.47,quiet,2,0,0,0,
r2q1k1r/1p2pp2/1n3np1/6N1/5Qp1/2B5/P1B3PP/R3R2K b - - 0 25,vssf1_win_d8,16,5.499,1.62,6.41,3.34,quiet,1,2,0,0,
3r1rk1/2q1p1bp/2p1b1p1/p6n/P1PPN2N/2BQ2PP/4P3/R2K3R w - - 4 24,vssf_2400,10,0.456,0.0,-1.6,-0.64,quiet,0,0,0,0,
r2q2r1/b2n1k1p/2ppbn2/pp4B1/4PQ1P/P1NP1PP1/1PP3B1/R3K2R w KQ - 3 18,vssf1_win_d8,5,4.175,2.7,1.76,1.05,quiet,1,2,0,0,
rn2kb1r/pb1ppp2/5np1/qppP3p/2P5/N4PP1/PP2PK1P/R1BQ1BNR w kq - 0 8,vssf_2400,0,-0.926,0.0,-0.14,-0.2,quiet,1,0,0,0,
8/8/8/3k4/2p5/1p1p4/8/2K5 w - - 0 59,vssf1_win_d8,128,-11.967,0.0,-5.4,-1.76,quiet,2,0,0,0,
6k1/7p/p2p4/P3p2P/2n1P3/2p2P2/8/6K1 w - - 0 46,vssf1_win_d8,122,-10.611,0.0,-8.82,0.1,quiet,0,0,0,0,
8/8/6p1/5pBp/3k1P1P/8/r7/2K5 w - - 68 95,vssf1_win_d8,112,-6.776,0.0,-3.27,-3.43,quiet,1,1,0,0,
8/1p6/1Pr1k3/1R1pp3/4n3/6P1/8/6K1 w - - 2 52,vssf1_win_d8,101,-9.673,0.0,-6.96,-1.12,quiet,1,1,0,0,
3n1k2/8/8/2N1R2n/1PP3p1/8/P4PP1/6K1 b - - 2 46,vssf1_win_d8,101,12.565,0.0,10.13,4.32,quiet,0,1,0,0,
8/1p1Q3p/5p1P/5Nk1/R3Pn2/P7/1P6/5K1R b - - 0 42,vssf_2400,74,34.275,0.0,25.6,0.0,ks,1,4,0,0,
4r1k1/1p3ppp/p1qp4/P1pn4/7P/N4QP1/1P3P2/5RK1 b - - 1 29,vssf_2400,53,-4.629,0.0,-3.08,-0.28,quiet,0,1,0,0,
r3kb1r/pp2pp1p/3p2p1/8/3nP3/5PP1/PP4KP/R1B4R b kq - 0 14,vssf1_win_d8,69,-6.52,0.0,-5.88,-0.32,quiet,1,0,0,0,
r3k1r1/1p2bp1N/p3p3/3pB2n/1P1P4/R1P1PP2/6PP/4K2R w K - 1 23,vssf_2400,64,3.412,0.0,1.19,0.34,quiet,0,1,0,0,
r1b1r3/1pk1bpBp/p7/2n5/2P5/4PN1P/P4PP1/3RK2R w K - 3 18,vssf_2400,58,-0.682,1.02,-2.11,0.92,quiet,0,1,0,0,
2kr3r/p3pp1p/2pn1bp1/8/q1p2BP1/4QN1P/P4P2/1R3RK1 b - - 0 22,vssf_2400,21,-2.49,2.16,-1.42,1.74,quiet,0,1,0,0,
r4rk1/pp2p1bp/2p1bnp1/3q4/3Pp2N/1PP1Q1P1/PB1NP2P/R3K2R w KQ - 3 16,vssf_2400,10,-2.023,0.0,-2.47,-0.11,quiet,0,0,0,0,
rnbq2r1/bp3k1p/2pp1n2/p5B1/N3P2P/P2P1QP1/1PP2PB1/R3K2R b KQ - 0 14,vssf1_win_d8,5,3.577,2.34,4.04,3.23,quiet,1,2,0,0,
1nb1k2r/1p2qp1p/r4np1/pN4B1/Pb2p3/6P1/1P2PPBP/RN1Q1RK1 w k - 4 13,vssf_2400,0,0.957,1.26,1.82,0.47,quiet,0,1,0,0,
8/4k3/4p1P1/3p4/1P1P4/5P2/2K4p/8 w - - 0 47,vssf1_win_d8,128,0.733,0.0,-1.78,-0.34,quiet,0,1,0,0,
8/8/P5p1/5R2/3K4/6k1/1P6/8 b - - 0 51,vssf1_win_d8,117,9.279,0.0,7.11,0.0,quiet,0,1,0,0,
8/4B3/6p1/3k1p1p/5P1P/8/r7/2K5 w - - 70 96,vssf1_win_d8,112,-5.853,0.0,-3.02,-2.0,quiet,1,2,0,0,
4r3/p5pk/2P5/2Bp4/4p3/6P1/P3PPKP/2R5 b - - 2 34,vssf1_win_d8,101,11.824,0.0,9.28,0.31,quiet,1,0,0,0,
5k2/5n2/1R6/2p4P/2P1Nnp1/1P6/P4PP1/6K1 b - - 0 42,vssf1_win_d8,101,11.964,0.0,8.62,1.27,quiet,1,0,0,0,
5r1k/4R3/1pp3pp/4R3/4N1q1/8/5PP1/6K1 b - - 2 37,vssf_2400,69,-6.925,0.0,-4.18,-1.84,quiet,2,1,0,0,
5rk1/5p1p/p3p1p1/1p2P3/1P1q1P1Q/5B2/P1n3PP/4R2K w - - 2 36,vssf_2400,53,-0.186,0.0,0.52,0.86,quiet,1,1,0,0,
5rk1/3n4/1pp3pp/2r4P/4R1q1/2N5/4RPP1/2Q3K1 b - - 0 30,vssf_2400,32,-4.42,-1.26,0.65,0.22,quiet,2,0,0,0,
r3r3/1p1bbp2/pk6/2n1B2p/2PR4/4PN1P/P4PP1/3R2K1 b - - 1 21,vssf_2400,58,0.027,1.32,-1.52,1.63,quiet,0,2,0,0,
r2rb1k1/1p2ppbp/1p6/4P1N1/3P1p2/P4P2/1PnKNBPP/3R3R b - - 5 21,vssf_2400,53,4.746,0.0,1.18,-0.51,quiet,2,1,0,0,
5knr/2p3p1/B2p4/p1pqnpBp/5P1N/Pr5P/1P3QP1/R4K1R b - - 2 22,vssf1_win_d8,16,-0.742,-2.52,2.46,-0.63,quiet,1,1,0,0,
r1b1kbnr/3p1p1p/p1p1pqp1/8/4P2P/P1N1B3/1PP2PP1/R2QKB1R b KQkq - 0 10,vssf_2400,10,0.624,0.0,2.15,0.15,quiet,1,1,0,0,
1nb1kb1r/r1q2pp1/p1p1p2p/1P6/3PP3/3nNN1P/1PQB1PP1/R4RK1 w k - 0 16,vssf1_win_d8,5,-0.46,0.0,-0.2,0.11,quiet,2,0,0,0,
rnb1r1k1/1p2qpbp/2pp1np1/p7/P1PNP3/BPN3P1/4PPBP/R2Q1K1R b - - 1 12,vssf_2400,0,1.612,0.0,0.05,-0.29,quiet,0,0,0,0,
8/4k1P1/4p3/3p4/1P1P4/5P2/2K4p/8 b - - 0 47,vssf1_win_d8,128,1.06,0.0,-1.0,-0.34,quiet,0,1,0,0,
1R6/6k1/8/2PK4/3p2p1/p2P2p1/P7/8 w - - 0 48,vssf1_win_d8,117,10.155,0.0,7.33,2.59,quiet,0,1,0,0,
8/6Bp/2k5/4pp1P/p1P5/Pr4P1/2K2P2/8 b - - 1 38,vssf1_win_d8,112,-1.669,0.0,-2.36,-1.04,quiet,2,1,0,0,
6rk/p1p3p1/8/3p4/4p2B/1P4P1/P3PPKP/2R5 w - - 1 30,vssf1_win_d8,101,8.633,0.0,6.9,0.42,quiet,1,0,0,0,
8/4kn2/1R6/2N4n/2P3p1/1P6/P4PP1/6K1 w - - 1 44,vssf1_win_d8,101,12.58,0.0,8.64,1.93,quiet,0,2,0,0,
8/1p1kpp1p/1B1p2p1/4b3/4PnKP/6P1/r1r5/3R1R2 b - - 1 24,vssf1_win_d8,69,-9.568,0.0,-7.5,0.0,ks,3,2,0,0,
5rk1/5pbp/2qp2p1/8/r3P3/1Q3B1P/P4PP1/3N1RK1 b - - 0 27,vssf_2400,37,-1.087,0.0,-1.89,0.33,quiet,0,1,0,0,
5rk1/np3rp1/p1q1p2p/P2pP3/R2B1bP1/7P/1P1Q1P2/R5K1 w - - 0 37,vssf_2400,26,-5.475,0.0,-4.66,-0.44,quiet,1,0,0,0,
r1b1r1k1/pppp1p1p/3b2q1/3Ppp2/2N1P3/P2P2P1/1P3P1P/R1BQK2R w KQ - 3 15,vssf_2400,21,-1.134,0.0,0.22,0.26,quiet,0,0,0,0,
2b4k/1pp4p/r2p2p1/4b3/P1PpB2n/R2Pq1P1/1B1N1R1P/3Q3K b - - 0 23,vssf1_win_d8,21,3.203,-1.26,8.3,1.65,quiet,1,0,0,0,
2r1kb1r/1pqb1ppp/p4n2/3pp3/4P1PP/PQN1BP2/1PP1B3/2KR3R b k - 1 16,vssf_2400,10,1.504,0.0,0.68,-0.45,quiet,0,0,0,0,
rn2k2r/1bqp1p2/pp1bp1pp/3P4/2P1n3/PP1B1N2/3B1PPP/R2QR1K1 w kq - 0 15,vssf1_win_d8,5,-1.046,0.0,-1.85,0.05,quiet,2,0,0,0,
rnb1k2r/1p1pqpbp/2p2np1/p7/P1PNP3/2N3P1/1P2PPBP/R1BQK2R b KQkq - 0 9,vssf_2400,0,1.814,0.0,2.1,0.15,quiet,0,0,0,0,
8/8/p6p/PP1p1k1P/5p2/2K2P2/8/8 b - - 0 55,vssf1_win_d8,128,-1.057,0.0,3.04,-0.19,quiet,1,2,0,0,
5k2/5P2/8/8/8/8/1K1n4/8 b - - 40 92,vssf1_win_d8,122,-6.215,0.0,-0.13,-0.68,quiet,1,1,0,0,
6k1/1R6/8/7P/4K3/p7/P7/6b1 w - - 3 45,vssf1_win_d8,112,6.164,0.0,4.23,3.03,quiet,1,1,0,0,
8/4ppkp/3p2p1/2pP2P1/3nB3/3P2P1/4r3/5K2 w - - 6 47,vssf1_win_d8,106,-14.152,0.0,-8.78,0.0,quiet,2,2,0,0,
6k1/5p1p/p3p1p1/2B2n2/6P1/1p3P2/1r5P/2R3K1 b - - 0 35,vssf1_win_d8,96,-6.138,0.0,-4.5,-0.61,quiet,1,1,0,0,
8/3nkp2/2p1p3/8/2BP1r2/2P4q/1P2Q2P/7K w - - 0 31,vssf_2400,64,-7.47,-1.53,-5.8,-1.76,quiet,1,2,0,0,
2Q5/2r1rbk1/7p/p4R1p/3P2P1/P7/1P4B1/6K1 w - - 1 45,vssf_2400,64,13.057,2.55,7.51,0.0,quiet,0,2,0,0,
2r1kb1r/pp2pp1p/3p2p1/8/3nP3/5PP1/PP4KP/R1B4R w k - 1 15,vssf1_win_d8,69,-6.735,0.0,-6.18,-0.56,quiet,1,0,0,0,
r7/pb4kp/4p1p1/q7/3PNP2/1B3QPP/PP3B2/2b3K1 b - - 0 30,vssf_2400,48,6.438,2.16,0.37,0.45,quiet,0,1,0,0,
3rk3/1p3p2/5qp1/2nPp2b/p1P1Bb2/P4N1P/1P2QP1P/3R2K1 w - - 7 32,vssf_2400,37,-2.146,0.0,-3.1,-0.13,quiet,1,0,0,0,
r1b1r1k1/pppp1pqp/3b4/3Pp2P/6N1/P2pB1P1/1P3P2/R2QK2R b KQ - 4 19,vssf_2400,21,0.681,2.16,0.62,3.54,quiet,1,0,0,0,
r3k1r1/1q2pp1p/2n3pB/5bN1/1p6/4P3/1R2BPPP/3Q1RK1 b q - 1 20,vssf1_win_d8,16,6.229,1.8,5.68,1.5,ks,0,3,0,0,
2r1kb1r/1pq2ppp/p3bn2/4p1P1/3pP2P/PQN1BP2/1PP1B3/2KR3R w k - 1 18,vssf_2400,10,0.453,0.0,-0.66,0.2,quiet,0,0,0,0,
rnb1k2r/1p2pp2/1qp2npB/p2p3p/3P3P/3BPN2/PPPN1PP1/1R1QK2R b Kkq - 0 9,vssf1_win_d8,5,4.068,0.0,5.02,0.41,quiet,0,1,0,0,
r1b1r1k1/1p2qpb1/2pp1npp/p7/PnPNP3/BPN1P1P1/3Q1PBP/R4K1R w - - 0 15,vssf_2400,0,1.161,0.0,-0.49,-0.42,quiet,0,0,0,0,
8/8/p4p1p/P1kp4/1p3pPP/1P1K4/5P2/8 w - - 3 42,vssf1_win_d8,128,-2.414,0.0,-1.19,-0.15,ks,4,3,0,0,
3k4/R7/6p1/5p1p/2PP4/8/5PPP/5K2 b - - 0 42,vssf1_win_d8,117,13.52,0.0,8.36,0.0,quiet,0,1,0,0,
6k1/2p3P1/3p3p/2p5/8/6R1/r7/4K3 b - - 3 47,vssf1_win_d8,106,-4.362,0.0,-4.36,-1.45,quiet,1,2,0,0,
2k5/2p2R2/p1P5/p2Pp3/1b2P1n1/3K2N1/PP6/8 w - - 2 37,vssf1_win_d8,101,6.68,0.0,6.7,0.07,ks,3,2,0,0,
4k1r1/5pB1/pp2p3/7p/2P1b3/P3P2P/3R1qP1/7K b - - 3 28,vssf_2400,74,-23.457,0.0,-12.92,0.0,quiet,2,2,0,0,
6k1/5p2/pr1rb1pp/3p4/2pQ3P/P3P1P1/1P4B1/4R1K1 b - - 0 33,vssf_2400,64,4.894,0.0,5.67,0.19,quiet,0,1,0,0,
6k1/7p/3pN1p1/p1r1b3/q1P2p2/5N2/3Q1PPP/3R2K1 b - - 1 33,vssf1_win_d8,48,2.837,0.0,4.32,0.42,quiet,0,1,0,0,
r1b1rk2/3n1p1p/p5p1/4p3/PpP1N3/1B2R2P/5PP1/3R2K1 w - - 1 26,vssf_2400,64,-0.618,0.0,0.32,0.6,quiet,0,0,0,0,
3r2k1/1p1q1p2/6p1/2nPp2b/p1P2b2/P4N1P/1P2QPKP/1B1R4 w - - 15 36,vssf_2400,37,-6.093,-2.52,-3.43,-0.77,ks,3,0,0,0,
r3kb1r/pp2p1pp/2nppn2/8/PQ2P3/2N1B2P/1P3PP1/R3KB1R b KQkq - 0 12,vssf1_win_d8,32,5.935,0.0,12.15,0.0,quiet,0,0,0,0,
rb2r1k1/pp1q1pp1/5n1p/3pn3/P2N4/1P2PN1P/1BQ2PP1/R3K2R b KQ - 1 16,vssf_2400,10,-0.281,0.0,-0.42,-0.07,quiet,0,1,0,0,
r2q2k1/pp1b1rpp/5n2/n7/1b1P4/2NpPN2/PPQB1PPP/R3K2R w KQ - 0 14,vssf1_win_d8,5,-0.457,0.0,-3.09,0.29,quiet,1,0,0,0,
r2qk2r/pb1pbppp/np2pn2/2P5/2P5/1PN1PN2/P4PPP/R1BQKB1R w KQkq - 1 8,vssf_2400,0,1.33,0.0,0.92,0.15,quiet,0,1,0,0,
6k1/1p5p/6p1/2P5/8/6P1/p4K1P/8 w - - 0 42,vssf1_win_d8,128,-3.187,0.0,-5.82,-0.26,quiet,0,0,0,0,
6k1/2p3P1/5R2/3p4/2p5/7p/r7/3K4 b - - 1 52,vssf1_win_d8,106,-9.184,0.0,-7.91,0.41,quiet,1,2,0,0,
6R1/1k6/2p5/4K3/2P3p1/4B3/4rPP1/8 b - - 4 65,vssf1_win_d8,101,10.419,0.0,5.47,2.03,quiet,1,2,0,0,
3kn1R1/2p3N1/p1P5/p2Pp3/1b2P3/3K4/PP6/8 b - - 9 40,vssf1_win_d8,101,6.642,0.0,7.21,8.88,ks,2,3,0,0,
7r/2kp2pp/1p6/4n3/1R6/5b2/6nP/6K1 w - - 0 33,vssf_2400,90,-22.602,0.0,-14.78,0.0,quiet,1,1,0,0,
R2n2k1/5r2/1Np1bppp/1pP1p3/1P2P2P/8/4BPP1/6K1 b - - 2 31,vssf1_win_d8,85,-0.126,0.0,1.11,0.3,quiet,0,0,0,0,
r1r5/pp2pkbp/3pp1p1/2B5/P1B1P3/1P5P/K4PP1/3R3R b - - 0 20,vssf1_win_d8,69,3.027,0.0,2.97,0.04,quiet,1,1,0,0,
6r1/3nkp2/2pbp3/1B6/3P4/2P2pPq/1P1Q3P/2B1N2K w - - 0 27,vssf_2400,48,3.108,0.0,-2.21,-1.82,quiet,2,0,0,0,
r1b4r/1p2kp1p/3N2p1/1BpPn3/2N5/4P1PP/Pp6/3RK2R b K - 0 21,vssf_2400,58,9.435,2.79,2.2,1.61,ks,0,4,0,0,
r1bq1rk1/1ppp1pp1/7p/p2P4/Pb1B4/3P2P1/1PQ1PPBP/R4K1R b - - 0 15,vssf_2400,21,1.646,0.0,0.93,-0.22,quiet,1,1,0,0,
r1b1r1k1/1p3pbp/p1pp1qp1/8/2PPB1P1/1QP1BN1P/P4P2/2KR2R1 b - - 0 17,vssf1_win_d8,16,3.385,0.0,4.05,-0.56,quiet,0,0,0,0,
r3k1nr/1pq3pp/p1nppb2/2p1p3/4P3/2PP1N2/PP2QPPP/R1BN1RK1 w kq - 1 11,vssf_2400,10,-0.489,0.0,0.94,0.47,quiet,0,0,0,0,
rnb1k2r/pp2ppbp/2p3pn/4P3/2pqB3/5N2/PP1NQPPP/R1B1K2R b KQkq - 1 9,vssf_2400,0,-2.873,0.0,-0.92,0.11,quiet,1,0,0,0,
6k1/8/6P1/5P1P/8/5K2/8/8 b - - 0 44,vssf1_win_d8,128,10.643,0.0,4.94,1.56,quiet,0,1,0,0,
8/pp6/8/3kP2K/P4P2/2p5/P2n4/8 w - - 0 45,vssf1_win_d8,122,-5.665,0.0,-6.4,-0.55,quiet,0,2,0,0,
5k2/4r3/8/2Q4p/4pp2/4P3/4K1PP/8 w - - 0 45,vssf1_win_d8,96,11.997,0.0,7.34,2.17,quiet,2,1,0,0,
1r6/R4K2/1p2p1Pp/1kp5/1n5P/1P3P2/8/4R3 b - - 0 43,vssf1_win_d8,90,6.158,0.0,6.45,0.18,quiet,1,2,0,0,
7r/6pp/8/2k1n3/8/5bKP/6n1/7q w - - 2 41,vssf_2400,80,-41.665,0.0,-31.22,0.0,ks,4,0,0,0,
3nr3/R2N4/2p5/1pP2bk1/1P2p2p/4K3/2B2PP1/8 w - - 8 45,vssf1_win_d8,85,-0.451,0.0,1.89,0.03,ks,4,2,0,0,
Q2nk1r1/1pq3p1/4p2p/4Np2/8/2P5/PP3PPP/3R1RK1 b - - 4 23,vssf1_win_d8,42,10.945,2.7,7.52,0.0,ks,0,3,0,0,
8/3nkp2/2p1p3/8/2BP1b2/2P2Nrq/1P1Q3P/2B4K w - - 1 29,vssf_2400,48,-1.695,-1.98,-3.1,-2.68,quiet,2,1,0,0,
r5nr/2kn2p1/p3Qp2/1BPp4/6N1/B6P/4RP2/6K1 b - - 0 30,vssf_2400,48,19.424,6.66,10.83,0.0,ks,0,3,0,0,
2q2rk1/p4pb1/1pn3pp/3r4/P6N/3PBPP1/1P5P/R1Q1R1K1 b - - 1 23,vssf_2400,21,1.707,0.0,-1.34,-0.33,quiet,0,0,0,0,
r3r1k1/2q2ppp/ppnb4/3P4/3P4/P2B1b2/2QB1PPP/R4RK1 w - - 0 17,vssf1_win_d8,16,-1.69,0.0,-4.43,-0.7,quiet,2,1,0,0,
2r3k1/1p1n1p1p/r4np1/p3qb2/P1PNpB2/6P1/4PPBP/R1QR2K1 b - - 2 19,vssf_2400,10,0.314,0.0,1.03,-0.11,quiet,0,0,0,0,
rn2k1nr/1bq3pp/4p3/2ppbpN1/1p1P4/4P1P1/PP3PBP/R1BQ1RK1 w kq - 0 14,vssf1_win_d8,5,-1.497,0.0,-0.54,1.12,quiet,0,1,0,0,
r3k2r/pp1nppbp/2p1b1pn/2q1P3/1Pp1B3/5N1P/P2NQPP1/R1B2RK1 b kq b3 0 12,vssf_2400,0,-4.645,0.0,-2.35,0.37,quiet,1,0,0,0,
6k1/8/5pK1/8/6P1/7P/8/8 b - - 2 62,vssf1_def_d8,128,2.432,0.0,1.9,0.06,quiet,2,1,0,0,
5k2/8/6p1/6Bp/1p6/1P1Pp3/1PP3PP/6K1 b - - 2 40,vssf1_win_d8,122,8.539,0.0,5.65,0.87,quiet,1,1,0,0,
8/pp6/P1pnpp2/6k1/3P3p/1K1N4/8/8 b - - 0 49,vssf1_win_d8,117,-12.553,0.0,-7.74,0.42,quiet,1,1,0,0,
5k2/2R5/8/p5N1/6KP/6P1/P3r3/8 b - - 0 46,vssf1_win_d8,101,10.388,0.0,7.19,4.92,quiet,0,2,0,0,
8/7p/3k2p1/1pppb3/2b2N1P/6P1/6K1/3R4 b - - 1 50,vssf1_win_d8,101,-5.842,0.0,-2.7,0.42,quiet,1,2,0,0,
3rr3/2p2k1p/5p1p/p4N2/p7/Kb2pP2/8/2R5 b - - 1 39,vssf_2400,85,-19.116,0.0,-10.85,0.0,ks,3,1,0,0,
1k6/1b1rNp2/pQ1p4/3P4/2P3rp/1P6/P3R1P1/K7 b - - 0 46,vssf1_win_d8,64,9.898,1.77,7.59,0.0,quiet,0,2,0,0,
3r2k1/5ppp/4p3/4P3/bpR1P2P/3B2P1/1q6/4NK1R b - - 7 38,vssf1_win_d8,58,-4.106,0.0,-5.34,-1.05,quiet,1,0,0,0,
2rn1rk1/3p1p2/2b3p1/ppPBP2p/7P/B1P1P3/P1P3R1/3RK3 b - - 2 23,vssf_2400,64,0.83,0.0,0.13,-0.47,quiet,0,1,0,0,
3rr1k1/p1p2ppp/1p2p3/P6P/2bPqn2/4PN2/1P1R1P2/3QK1R1 b - - 2 26,vssf_2400,26,-9.823,-1.26,-7.34,-2.06,quiet,2,1,0,0,
2q2rk1/p4pb1/1pn3pp/3r4/P6N/3PBPP1/1P5P/R2QR1K1 w - - 0 23,vssf_2400,21,1.792,0.0,-1.03,-0.33,quiet,0,0,0,0,
r4rk1/p3bppp/B3b3/2Ppn3/1P2nN2/2p1P1P1/P4P1P/R1B1K2R w KQ - 1 18,vssf1_win_d8,48,-4.465,0.0,-6.42,-1.36,quiet,2,0,0,0,
5rk1/1p1nqp1p/r4np1/pN3bB1/P3p3/2P3P1/4PPBP/R1QR2K1 w - - 1 17,vssf_2400,10,0.883,0.0,1.51,-0.11,quiet,0,0,0,0,
r1bq1rk1/1ppp1pp1/2nb1n1p/p2Np3/2P5/P2P1NP1/1PQ1PP1P/R1B1KB1R w KQ - 0 9,vssf_2400,0,-0.269,0.0,-0.1,-0.04,quiet,0,0,0,0,
8/8/7p/8/8/5kp1/8/5K2 w - - 0 72,vssf1_def_d8,128,-7.548,0.0,-3.08,-0.99,quiet,2,1,0,0,
8/7p/5p2/2k1n1pP/8/6K1/8/8 w - - 0 68,vssf1_win_d8,122,-12.505,0.0,-6.07,-0.1,quiet,2,0,0,0,
8/p7/Pppnpp2/6k1/3P3p/1K1N4/8/8 w - - 0 50,vssf1_win_d8,117,-11.931,0.0,-7.29,0.49,quiet,1,1,0,0,
5k2/R7/8/4K1P1/p3N2P/8/6r1/8 b - - 0 52,vssf1_win_d8,101,10.291,0.0,6.0,4.73,quiet,0,1,0,0,
5k2/8/R2n1p2/3P3P/pP2bPp1/P3K1P1/2r3B1/8 b - - 10 52,vssf_2400,90,0.324,0.0,-2.23,-11.12,ks,4,0,0,0,
2k3r1/pb3p2/1p1p4/3P4/2PN2rp/8/PP1Q2P1/K3R3 b - - 0 38,vssf1_win_d8,64,6.486,0.0,6.67,0.95,quiet,0,0,0,0,
2r3k1/7p/4pp2/3p4/qp1P4/1b3BPP/1R1RP2K/1N6 b - - 1 39,vssf1_win_d8,58,-4.08,0.0,-4.54,0.23,quiet,0,0,0,0,
3r2k1/1p1r1ppp/5n2/p1q5/P1Pp4/1P1R1Q1P/2N2PP1/R5K1 b - - 3 27,vssf_2400,32,-0.816,0.0,-0.12,-0.0,quiet,0,0,0,0,
4rrk1/2qp1npp/1p2p3/2p5/p1P2p1P/3Q1P2/PPNB1P2/1K1R3R w - - 1 23,vssf_2400,26,1.175,0.0,2.16,-0.01,quiet,0,1,0,0,
3r4/pq3pbk/2n3pp/1r6/7N/R2PBPPP/1PQ5/4R1K1 b - - 0 28,vssf_2400,21,2.067,0.0,-0.69,-0.21,quiet,0,2,0,0,
2kr3r/pp1n1pp1/1qp1pn1p/2P5/7Q/3B1N2/PP1B1PPP/R4RK1 b - - 0 14,vssf1_win_d8,16,2.447,0.0,2.87,0.85,quiet,0,0,0,0,
2r1r1k1/ppn2ppp/2n5/3q4/1PNp2Pb/P2Q4/3B1P2/1KR2BR1 w - - 0 26,vssf_2400,10,-3.764,0.0,-2.07,-0.56,quiet,0,1,0,0,
B3k1nr/P3bp2/4bqp1/6Np/1nPp4/3P4/5PPP/RNBQ1RK1 b k - 0 17,vssf1_win_d8,10,9.477,0.0,7.77,0.0,quiet,1,1,0,0,
1k1r3r/p1pbbpp1/Bp1qpn2/nP5p/R7/2PP1NNP/4QPP1/2B1R1K1 b - - 2 22,vssf_2400,0,-0.596,0.0,0.47,0.45,quiet,0,1,0,0,
8/1pp2ppp/p7/6PP/1P3P2/Pk2K3/8/8 w - - 1 36,vssf1_def_d8,128,-0.97,0.0,-1.52,0.54,quiet,0,1,0,0,
8/8/8/8/6r1/1K6/3k4/8 w - - 12 95,vssf1_win_d8,117,-10.64,0.0,-53.69,0.0,quiet,2,1,0,0,
8/5pk1/4p1p1/p5Pp/7P/P7/r3B3/4K3 w - - 2 56,vssf1_win_d8,112,-8.502,0.0,-5.42,-1.71,quiet,1,1,0,0,
8/1p6/p5p1/2QpB2p/P5q1/1k1P4/6P1/7K w - - 0 39,vssf1_win_d8,80,4.693,0.0,3.95,7.5,ks,1,3,0,0,
3n1k2/2R5/1p2p2p/p1p2p1B/2P1b3/4P3/PP3PPP/6K1 b - - 2 24,vssf1_win_d8,101,5.158,0.0,3.69,1.32,quiet,1,2,0,0,
5k2/R7/3n1p2/3P1b1P/pP3Pp1/P1r3P1/6B1/6K1 w - - 5 50,vssf_2400,90,2.098,0.0,-1.56,0.46,quiet,0,1,0,0,
4k3/2q2p2/B1p3rp/3n4/P2Pp2B/Q3P1R1/1P5K/8 w - - 1 39,vssf1_win_d8,48,4.442,0.36,2.95,-0.69,quiet,2,2,0,0,
6r1/1p2k3/3np1r1/4n3/1P2PR2/8/P3N3/1B1RK3 w - - 9 41,vssf_2400,64,2.275,0.0,0.28,0.24,quiet,0,2,0,0,
3k1b1r/2n1p1p1/pr6/1p1n2p1/6BP/P2Q2P1/1P3P2/2B2K1R w - - 1 26,vssf_2400,48,4.53,0.0,5.29,1.51,quiet,0,1,0,0,
2k2b1r/1ppr2pp/p1n2p2/3p1b2/3P1B1P/P3P1P1/1P3PB1/2R2KNR b - - 4 17,vssf_2400,53,0.256,0.0,0.46,0.21,quiet,0,1,0,0,
r4rk1/pp2bpp1/2p2n1p/P2N4/1PP5/3BP1Pb/1q3P1P/R2QK2R w KQ - 0 16,vssf1_win_d8,16,-0.155,0.0,-3.82,0.04,quiet,2,1,0,0,
2r1r1k1/ppn2ppp/2n5/3q4/1PNp2Pb/P6Q/3B1P2/1KR2BR1 b - - 1 26,vssf_2400,10,-4.135,0.0,-3.0,-1.38,quiet,0,0,0,0,
2b1k1nr/P3bp2/5qp1/6Np/1nPpB3/3P4/5PPP/RNBQ1RK1 b k - 2 18,vssf1_win_d8,10,10.605,0.0,8.3,0.0,quiet,1,1,0,0,
r2r2k1/ppp1n1bp/1n2bpp1/4p3/Pq2P2P/2N1BNP1/1PP2PB1/R1QR2K1 w - - 2 15,vssf_2400,0,-0.535,0.0,0.67,0.21,quiet,0,0,0,0,
8/1pp1kppp/p7/8/1P4PP/P3KP2/8/8 b - - 0 32,vssf1_def_d8,128,-0.916,0.0,-1.21,-0.06,quiet,0,0,0,0,
8/4k3/3R4/ppp4P/2P1p1P1/1P2K3/P7/8 b - - 0 48,vssf1_win_d8,117,10.762,0.0,7.5,0.0,quiet,2,1,0,0,
8/1pp1k3/3p4/p1nP4/P1P1P1pp/2N5/4K3/8 w - - 0 45,vssf1_win_d8,117,-7.151,0.0,-6.86,0.01,quiet,2,1,0,0,
8/1p1k4/p5p1/2pp3p/6q1/1PBP4/P5P1/5Q1K w - - 0 32,vssf1_win_d8,80,1.994,0.0,1.91,0.08,quiet,1,0,0,0,
6k1/2p3Pp/1p1p1r2/p2R4/2P1rPR1/P7/1P6/3K4 w - - 2 36,vssf1_win_d8,85,1.637,0.0,-1.0,-0.09,quiet,1,2,0,0,
5k2/8/R2n1p2/3P3P/pP2bPp1/P3K1P1/2r3B1/8 b - - 14 54,vssf_2400,90,0.324,0.0,-2.23,-11.12,ks,4,0,0,0,
r5k1/1pq3p1/2p3pr/p3P3/4PP1p/P1Q4P/1P4P1/3R1RK1 w - - 1 26,vssf1_win_d8,42,2.617,0.0,3.58,0.85,quiet,0,0,0,0,
6k1/1r4pp/5p2/p2pp3/2b3RP/5P2/q2B2P1/3BK2R w - - 2 33,vssf1_win_d8,58,-8.138,-2.34,-7.36,-1.67,quiet,2,1,0,0,
3n2r1/1p2k2p/3rp3/4n3/3NP2R/6P1/PP2K3/1B1R4 w - - 3 29,vssf_2400,64,2.491,0.0,1.39,0.61,quiet,1,1,0,0,
5b1r/2k1p1p1/pn1r4/1p1n2BP/4Q1B1/P5P1/1P3PK1/3R4 b - - 6 32,vssf_2400,48,8.286,3.42,10.05,6.92,quiet,0,1,0,0,
2k2br1/1ppr3p/p1n2pp1/3p1b2/3P1B1P/P3P1PB/1P3P2/2R2KNR w - - 0 19,vssf_2400,53,-0.035,0.0,0.16,0.23,quiet,0,1,0,0,
rn1kr3/1pp3qp/p2np3/3Pbp2/3P1P2/BP6/P2NQ1PP/R3R1K1 w - - 0 19,vssf1_win_d8,16,0.126,0.0,-3.08,-0.34,quiet,1,0,0,0,
2b1qr2/r3n1pk/1npQ3p/1p1pPp2/p2P4/P1PBBN2/5PPP/RR4K1 b - - 7 21,vssf_2400,10,4.102,0.0,1.65,0.96,quiet,0,2,0,0,
q2r2k1/1bp2p1p/2n1p1pP/2b1P3/2N5/1nP2N2/rRQ2PP1/4KB1R b K - 7 27,vssf1_win_d8,5,-6.922,0.0,-9.91,-3.85,ks,3,1,0,0,
r1b1k2r/ppp1bpp1/2npqn2/1B2p2p/8/BPN1PP2/P1PP2PP/R1Q1K1NR w KQkq - 1 9,vssf_2400,0,-0.215,0.0,-0.34,-0.26,quiet,0,0,0,0,
8/1p6/p4k2/3P2p1/8/P1K4p/8/8 b - - 1 53,vssf1_def_d8,128,-6.204,0.0,-6.22,0.11,quiet,0,1,0,0,
8/8/7p/p2p1p1K/5P1P/1k3P2/1P6/7R b - - 0 36,vssf1_win_d8,117,8.846,0.0,6.9,-0.03,quiet,2,1,0,0,
8/1pp5/1n3k2/2pP4/p3P3/6NK/7p/8 w - - 0 52,vssf1_win_d8,117,-7.645,0.0,-6.36,0.57,ks,0,3,0,0,
4n1k1/3R4/r4p2/p2K2pp/3N4/PP2P1PP/5P2/8 b - - 10 43,vssf1_win_d8,96,5.585,0.0,3.81,-0.1,ks,3,1,0,0,
8/6r1/3k3p/R2p1p1P/Pb1n4/6P1/1K6/4q3 b - - 2 47,vssf_2400,74,-34.419,0.0,-20.76,0.0,ks,3,1,0,0,
2b2q1k/8/2Q1p1rp/p6R/P2P1pP1/5P2/1PP3K1/7R w - - 0 36,vssf1_win_d8,48,3.506,-1.98,5.94,-0.21,quiet,1,0,0,0,
5kr1/3P1p1p/pp5q/b1p1R3/6n1/3P1Q2/1PP3P1/R5K1 b - - 0 29,vssf1_win_d8,42,-1.841,1.98,4.2,6.64,ks,2,3,0,0,
4r1k1/1p3rp1/5n2/2P2b2/p2Ppb2/P7/1P2QPPP/R4RK1 w - - 1 25,vssf_2400,48,2.921,0.0,2.23,0.27,quiet,1,0,0,0,
3rkb1r/4np2/p4Bp1/1p1pP2p/n1pP4/N1P5/P4PBP/2Q2K2 b k - 9 23,vssf_2400,53,-2.226,0.0,-0.06,0.16,quiet,0,1,0,0,
r1bq2k1/ppp1r1pp/n2p4/6B1/4PQ2/5N2/PP3PPP/R3K2R w KQ - 0 16,vssf_2400,21,1.043,0.0,0.83,0.91,quiet,0,1,0,0,
4k2r/1p1r1p2/p1n1p2p/3n1qp1/P1NPp2R/Q3P3/1P2BB2/2R2K2 w k - 0 24,vssf1_win_d8,16,-2.036,-2.52,0.29,-1.34,quiet,1,1,0,0,
2b1qrk1/r3n1p1/1npQ3p/1B1pPp2/p2P4/P1P1BN2/5PPP/RR4K1 b - - 0 22,vssf_2400,10,2.72,0.0,1.89,0.54,quiet,0,0,0,0,
1n2k2r/7p/1pp1b1p1/r2q1p2/Pb1Pn3/3B1N2/3BRPPP/RN1Q2K1 b k - 1 16,vssf_2400,0,-0.058,0.0,0.65,0.46,quiet,1,0,0,0,
8/p3pp2/1p6/3Pk3/2K3Pp/P6P/1P6/8 b - - 4 47,vssf1_def_d8,128,0.339,0.0,-1.31,0.08,ks,2,3,0,0,
8/8/7P/3p1pK1/5P2/5P2/pk6/7R b - - 0 40,vssf1_win_d8,117,9.655,0.0,8.17,1.0,quiet,1,1,0,0,
8/1P4k1/1NK4p/6PP/5P2/1r6/8/8 b - - 2 77,vssf1_win_d8,112,6.478,0.0,3.55,-1.46,quiet,1,2,0,0,
8/6p1/p7/1p1k2p1/3P2P1/P7/2r2P1b/R3K3 w - - 0 32,vssf1_win_d8,101,-8.009,0.0,-6.62,-0.15,quiet,1,1,0,0,
6r1/2kn1RP1/p7/1bp1N3/4p2p/PP6/6PP/3R2K1 w - - 1 40,vssf1_win_d8,80,6.717,0.0,7.62,0.8,ks,1,3,0,0,
6k1/1p6/1r1q2p1/1Pb2B2/8/4pQP1/PB1P3P/5RK1 w - - 0 32,vssf1_win_d8,48,9.759,2.34,6.61,1.83,quiet,1,1,0,0,
4r1k1/1pb2rp1/2b5/2Pn4/p2Pp3/P5PP/1P2QP2/R4RK1 w - - 9 36,vssf_2400,48,3.2,0.0,2.21,0.23,quiet,1,0,0,0,
r3kb1r/3nnp2/p5p1/1p1pP2p/2pP4/N1P1B3/P1Q2PBP/5K2 b kq - 1 19,vssf_2400,53,-2.138,0.0,-1.19,-0.11,quiet,0,0,0,0,
r1b1r1k1/1p3pp1/2pq4/p2pn1Pp/PP5P/1Q1B4/2PPN1P1/R4K1R w - - 0 25,vssf_2400,21,-0.922,0.0,-2.02,-0.48,quiet,0,1,0,0,
r3r1k1/pp3p1p/2nP1qp1/4pb2/2B5/2P2N1P/PP2QPP1/RN2K2R b KQ - 0 14,vssf1_win_d8,16,3.582,0.0,3.64,0.31,quiet,0,1,0,0,
2kr3r/p3ppbp/2p3pn/3b4/q1p1B3/5N1P/P3QPP1/1RB2RK1 b - - 0 18,vssf_2400,10,-3.006,0.0,-0.76,2.41,quiet,0,1,0,0,
2r2rk1/pbq2ppp/1p2pn2/4n3/1bPP4/3B2P1/PB1NQP1P/1R1R2K1 w - - 0 18,vssf1_win_d8,5,-2.174,0.0,-4.92,-0.91,quiet,1,1,0,0,
1nbq1rk1/1p3pbp/r1pp1np1/4p3/2P1P3/1QNP1N2/P2BBPPP/1R3RK1 b - - 2 13,vssf_2400,0,1.306,0.0,0.61,0.23,quiet,0,0,0,0,
2k5/2p2p2/2p2p1p/p7/3P2K1/8/PP3P1P/8 b - - 3 29,vssf1_def_d8,128,-0.566,0.0,-0.86,-0.53,quiet,2,0,0,0,
8/6k1/p3ppp1/8/5P1p/2P5/2p5/3NK3 w - - 0 48,vssf1_win_d8,122,-5.592,0.0,-5.5,-0.09,quiet,1,0,0,0,
8/8/1p6/p7/P1B5/4k3/1K2np2/8 w - - 2 70,vssf1_win_d8,117,-6.954,0.0,-6.29,0.28,quiet,1,1,0,0,
8/3k4/N7/5R1p/3Pn1p1/P3P1P1/r6P/5K2 b - - 6 49,vssf1_win_d8,96,5.92,0.0,2.1,-2.14,quiet,2,1,0,0,
3r4/2p1b1p1/2P1P1kp/p5p1/P5P1/1PR1RP2/7r/6K1 b - - 1 55,vssf_2400,80,-1.561,0.0,-4.44,-2.68,quiet,1,2,0,0,
r5r1/pp3p1p/4p3/2kn2B1/4R2P/2P3P1/PK3P2/3R4 b - - 4 23,vssf1_win_d8,74,0.834,0.0,0.52,1.26,ks,1,3,0,0,
6k1/1p6/1r4p1/1Pbq4/4B3/6P1/PB1PQ2P/5R1K b - - 2 34,vssf1_win_d8,48,11.009,3.42,10.17,4.01,quiet,1,2,0,0,
1k3b2/6p1/pn1rp3/3n3P/p3Qr2/5BP1/1P3P2/3R3K w - - 0 38,vssf_2400,53,2.102,0.0,-0.79,0.55,quiet,0,0,0,0,
4kbr1/1pB2R2/r1n3p1/p1pR2N1/7p/2P1K1PB/PP2P2P/8 w - - 4 27,vssf_2400,58,13.723,3.69,14.17,13.23,ks,2,5,0,0,
2kr3r/p1q5/4pp1n/1p6/2Np1bPp/P1PQ4/1P2B1PP/1K2R2R w - - 0 24,vssf_2400,21,-3.031,0.0,-0.07,0.96,quiet,1,0,0,0,
3r2k1/pp2rp2/2n3p1/4qb1p/2B1p3/N1P4P/PP2QPP1/R3RNK1 w - - 4 20,vssf1_win_d8,16,4.325,0.0,3.39,0.2,quiet,1,1,0,0,
r1bq1rk1/nppp1pp1/3b3p/p2Pp3/8/P2P1NP1/1PQ1PPBP/R1B1K2R w KQ - 1 11,vssf_2400,10,0.581,0.0,0.32,-0.07,quiet,0,0,0,0,
r1b1k2r/ppq2pbp/n2pp1p1/2P5/N1P2n2/5NPP/PP2PPB1/R2Q1RK1 w kq - 0 14,vssf1_win_d8,5,-1.699,0.0,-2.44,-0.15,quiet,1,0,0,0,
2bq1rk1/1p3pbp/r1pp1np1/2n1p3/2P1P3/2NP1N2/P2BBPPP/1R1Q1RK1 w - - 5 15,vssf_2400,0,0.302,0.0,-0.32,0.19,quiet,0,0,0,0,
8/8/8/3p4/8/3k4/5K2/8 w - - 0 72,vssf1_def_d8,128,-2.659,0.0,-47.96,0.0,quiet,1,1,0,0,
8/6k1/p3ppp1/8/5P1p/2P5/2pK4/3N4 b - - 1 48,vssf1_win_d8,122,-8.327,0.0,-2.46,-0.32,quiet,1,0,0,0,
8/3k1p2/pp3P2/4K1p1/2P2n2/P4P2/2B5/8 w - - 3 33,vssf1_win_d8,117,-0.169,0.0,-0.08,0.18,ks,4,2,0,0,
8/7k/5Q2/8/K4N2/4P3/8/1q6 b - - 0 84,vssf1_win_d8,80,8.675,0.0,4.53,4.08,quiet,1,2,0,0,
4k3/R7/4N3/p2p1p1p/3Pn1p1/Pr2P1P1/5PKP/8 w - - 4 42,vssf1_win_d8,96,1.492,0.0,1.98,9.11,quiet,2,2,0,0,
5k2/6q1/6pQ/p2B1p2/1p2n2p/P7/8/3R3K w - - 4 52,vssf_2400,64,-1.094,-0.63,3.23,3.97,quiet,0,2,0,0,
6r1/5p1p/2r1p3/ppkn2B1/4R2P/P1P3P1/2K2P2/1R6 w - - 6 28,vssf1_win_d8,74,0.533,0.0,-0.03,0.86,ks,1,4,0,0,
1r2r1k1/6pp/5p2/8/2qp2PP/3Q1Pn1/P2R4/R5K1 b - - 1 37,vssf1_win_d8,37,-5.109,1.26,-4.6,-0.84,quiet,1,1,0,0,
4kr2/4q1p1/p3p3/1p1pP1pp/n1rP4/R1P1R1BP/P4PP1/2Q3K1 b - - 1 39,vssf_2400,32,0.864,0.0,-0.71,1.01,quiet,1,0,0,0,
4kb1r/1p3ppp/r1n5/p1pRP1N1/5B2/2P3PB/PP2PK1P/7R w - - 1 18,vssf_2400,58,8.276,1.89,9.68,4.09,ks,0,3,0,0,
2kr3r/ppq5/4pp1n/2p5/2NP1bPp/P1PQ4/1PK3PP/4RB1R w - - 2 22,vssf_2400,21,-2.013,0.0,1.15,0.23,quiet,1,0,0,0,
1r2k2r/4p1bp/n1n1p1p1/1p1q2N1/3PB3/BP5P/5PP1/3Q1RK1 w k - 0 23,vssf1_win_d8,21,3.061,1.44,-2.62,2.03,quiet,0,2,0,0,
r1bq1rk1/1ppp1pp1/3b3p/pn1Pp3/P7/3PBNP1/1PQ1PPBP/R3K2R b KQ - 0 12,vssf_2400,10,3.073,0.0,0.36,-0.25,quiet,0,0,0,0,
r1bqk2r/2pn1pp1/pp2pn1p/3p4/PP1P1b2/2PBPN2/3N1PPP/R2QK2R w KQkq - 0 10,vssf1_win_d8,5,-2.6,0.0,-2.57,0.0,quiet,0,0,0,0,
rnb1kb1r/ppqn1p1p/4p1p1/4p1N1/2B2P2/2P4P/P5P1/RNBQK2R w KQkq - 1 12,vssf_2400,0,-0.234,1.62,-2.21,0.51,quiet,0,2,0,0,
8/6k1/1pp1p2p/p3P1p1/3P4/6PP/8/5K2 b - - 0 48,vssf1_def_d8,128,-5.301,0.0,-3.79,-0.24,quiet,0,1,0,0,
8/2B5/P4k2/2p3pp/5p2/1P3P2/6PP/6K1 b - - 0 48,vssf1_win_d8,122,9.118,0.0,8.38,0.53,quiet,0,1,0,0,
3k4/4p3/1p4r1/1N1P4/6p1/6K1/P4R2/8 b - - 2 39,vssf1_win_d8,101,3.103,0.0,3.24,0.38,quiet,2,1,0,0,
2r1b3/8/k1p5/2BP4/2PK2p1/8/1R3PP1/8 w - - 3 57,vssf1_win_d8,96,5.457,0.0,3.93,5.08,ks,1,3,0,0,
5k2/8/p5p1/1pnB1p2/5q1p/P7/4Q1K1/3R4 w - - 0 45,vssf_2400,64,-8.187,-3.45,1.67,-2.08,quiet,2,2,0,0,
3k1br1/2p2pnp/p5p1/p2Pp3/4P1P1/2N4P/PPP5/R3KR2 w Q - 0 20,vssf1_win_d8,80,5.536,0.0,4.01,0.55,quiet,0,0,0,0,
3rk3/4p1bN/6p1/1p3r2/1n1PQ3/1P5P/5PP1/5RK1 w - - 0 29,vssf1_win_d8,58,5.814,1.89,4.35,2.13,quiet,1,2,0,0,
3rrk2/Q2n1pp1/1p3n2/2p4p/2P5/3pP1PP/5PB1/3b1NK1 w - - 0 33,vssf_2400,58,-7.816,0.0,-6.37,-0.21,quiet,0,0,0,0,
5b1r/1p2k2p/r1n1B1p1/p1pR2N1/5B2/2P1K1P1/PP2P2P/7R b - - 0 21,vssf_2400,58,20.937,4.56,13.86,13.16,ks,2,4,0,0,
2kr3r/p1q5/4pp1n/1p6/2NpQbPp/P1P5/1P2B1PP/1K2R2R b - - 1 24,vssf_2400,21,1.456,3.6,2.34,3.69,quiet,1,1,0,0,
r4rk1/pbp2ppp/1p1bpq2/8/2n1P3/PPN3P1/1B1PQP1P/2KR3R w - - 0 16,vssf1_win_d8,16,-2.676,0.0,-4.51,-1.15,quiet,1,0,0,0,
3r1rk1/p1q2pb1/1p3npp/4p3/3n4/2NPB1P1/PPP2PNP/R2QR1K1 b - - 2 17,vssf_2400,10,0.522,0.0,-0.03,-0.37,quiet,0,0,0,0,
r2r2k1/2b1qppp/1nb1pn2/p2p4/3P4/P2BPN2/1PQB1PPP/R3R1K1 w - - 0 17,vssf1_win_d8,5,-2.589,0.0,-2.85,0.0,quiet,1,1,0,0,
rnb1kb1r/ppqn1p2/4p1pp/4p1N1/2B2P2/2P4P/P3Q1P1/RNB1K2R w KQkq - 0 13,vssf_2400,0,-2.479,0.0,-2.96,0.15,quiet,0,1,0,0,
8/8/8/P7/3p1kp1/7p/5K1P/8 b - - 0 54,vssf1_def_d8,128,-4.179,0.0,-1.64,-0.51,ks,4,2,0,0,
8/8/8/2k1K3/p7/P6R/8/8 w - - 3 61,vssf1_win_d8,117,10.328,0.0,4.98,1.62,quiet,1,2,0,0,
8/8/8/3kbP1R/8/p7/P3KPPP/8 b - - 0 39,vssf1_win_d8,112,10.263,0.0,6.51,0.17,quiet,0,1,0,0,
3R4/5k2/2N4P/2p5/4r1P1/8/2K5/8 w - - 2 63,vssf1_win_d8,101,9.473,0.0,5.6,3.81,ks,0,3,0,0,
8/7p/3k3P/2p3R1/B3p3/4p3/1P3r2/1K3b2 b - - 2 42,vssf1_win_d8,96,-6.592,0.0,-4.13,0.28,quiet,1,2,0,0,
1k6/7B/2pN1P1p/p2p4/n6B/2b4P/2K5/8 b - - 0 38,vssf_2400,101,1.698,0.0,4.34,-0.66,quiet,2,1,0,0,
r3k3/3n4/2p3pr/pp1n1p2/2NP4/2P3QP/PP3PP1/4N1K1 w q - 0 21,vssf1_win_d8,64,5.384,1.65,2.86,2.49,quiet,0,0,0,0,
1r3k2/4qp2/1rpp1b2/Q4B2/2PRpP2/1P2P1P1/p6P/K1N5 b - - 1 35,vssf_2400,37,-0.567,0.0,-2.13,1.32,quiet,1,0,0,0,
r1bk1r2/ppp4p/q4pp1/2nNp3/4P2Q/1P3R2/1PP2PPP/2K4R w - - 5 21,vssf_2400,26,-2.524,0.0,-3.67,-0.9,quiet,0,1,0,0,
2kr3r/p1q5/4pp1n/1p6/2N1Q1Pp/P1p3P1/1P1bB2P/1K2R2R w - - 1 26,vssf_2400,21,1.376,2.7,0.43,2.47,quiet,2,1,0,0,
1r3rk1/2p1qpp1/2B2n2/3p4/1P1N3p/PQPbP1nP/6P1/R2KR3 b - - 3 23,vssf1_win_d8,16,-4.13,0.0,-7.65,-2.39,quiet,2,0,0,0,
r1b1kb1r/p1pp1pp1/2p2n2/4p2p/6q1/BPN1P1P1/P1PP1P1P/R1Q1K1NR b KQkq - 0 9,vssf_2400,10,-0.619,0.0,-1.28,-0.31,quiet,1,1,0,0,
r2q1rk1/1p1bppbp/5np1/1p1pN3/2NP4/4B1PP/PQ2PPB1/2R1K2R b K - 0 17,vssf1_win_d8,5,2.483,0.0,2.42,0.23,quiet,0,1,0,0,
r1bqk2r/pp2bp1p/1nnpp1p1/4P3/3P1P2/2NBBN1P/PP4P1/R2Q1RK1 b kq - 5 12,vssf_2400,0,1.419,0.0,2.38,0.22,quiet,0,0,0,0,
8/8/8/6p1/7p/2K5/6k1/8 b - - 0 79,vssf1_def_d8,128,-8.594,0.0,-4.56,0.23,quiet,0,0,0,0,
8/1P4k1/7p/5pp1/2P1p3/p7/P4PPP/1K5R b - - 0 40,vssf1_win_d8,117,12.191,0.0,12.95,-0.51,quiet,1,0,0,0,
6k1/8/1B3pp1/7p/4N3/4P3/5PPP/5K2 b - - 0 41,vssf1_win_d8,117,13.885,0.0,9.56,0.0,quiet,0,0,0,0,
8/8/5p2/6P1/8/7R/5rr1/4k2K b - - 0 77,vssf1_win_d8,96,-10.755,0.0,-5.11,-3.56,quiet,2,0,0,0,
5k2/7p/1pn2b2/5p2/4Pp2/2B5/PP2K2P/2R5 b - - 0 29,vssf1_win_d8,101,1.474,0.0,4.13,-0.05,quiet,1,0,0,0,
8/8/8/3N1R2/2pq4/k5K1/7r/3q4 b - - 3 103,vssf_2400,58,-35.305,-7.38,-20.71,0.0,ks,3,1,0,0,
1r6/3kp2p/4n1p1/8/p2p2P1/4B2P/PbK2P2/1R1R4 b - - 1 29,vssf1_win_d8,80,0.071,0.0,1.28,-2.91,ks,4,0,0,0,
2r3k1/ppp4p/8/4B3/r5p1/3P3P/1P3bN1/nR1K4 w - - 0 31,vssf1_win_d8,74,-10.564,0.0,-7.93,0.0,quiet,2,1,0,0,
r1b1kr2/6pp/p3p3/Np2n3/8/1p6/P2RB1PP/2KR4 w q - 0 24,vssf_2400,64,-3.467,0.0,-0.86,2.73,quiet,1,1,0,0,
5rk1/3n4/1pp3pp/2rb3P/4N1q1/2N1R3/4RPP1/2Q3K1 b - - 2 29,vssf_2400,21,-5.382,-1.26,-0.5,-0.26,quiet,2,0,0,0,
1r3rk1/2p2pp1/2B2n2/3pq3/1P1Nn2p/PQPbP2P/6P1/R1K1R3 w - - 6 25,vssf1_win_d8,16,-5.784,-1.44,-7.36,-2.55,quiet,2,0,0,0,
r1b2rk1/1pp1bpp1/p3qn2/3pp2p/1P6/P1NBPP1N/1QPP2PP/R3K2R w KQ - 1 15,vssf_2400,10,-0.055,0.0,-2.13,-0.25,quiet,0,1,0,0,
r3kb1r/ppq2p2/b2p1np1/4p1Bp/3nP3/PPN2PN1/2P3PP/R2KQ2R b kq - 6 16,vssf1_win_d8,5,-9.032,-2.52,-6.82,-2.4,quiet,2,0,0,0,
r1bq1rk1/pp2bp1p/1n1pp1p1/4P3/1n1P1P2/2NBBN1P/PP4P1/2RQ1RK1 w - - 8 14,vssf_2400,0,1.911,0.0,1.77,0.22,quiet,0,0,0,0,
8/K4pp1/1p2k3/4P3/P1P3pP/8/8/8 w - - 0 61,vssf1_def_d8,128,-1.185,0.0,-3.82,-0.49,quiet,0,2,0,0,
8/8/8/8/3k1pp1/4n3/5K2/8 b - - 3 66,vssf1_win_d8,122,-15.037,0.0,-6.9,-3.48,ks,4,1,0,0,
8/5b2/p7/P7/5Bp1/4Kp2/5PkP/8 w - - 15 82,vssf1_win_d8,117,-0.382,0.0,-0.0,-0.47,ks,3,4,0,0,
1r3k2/5p1p/2pP2p1/4P3/3nNP2/6PP/8/3K4 w - - 3 34,vssf1_win_d8,106,-5.316,0.0,-4.88,-1.32,quiet,1,1,0,0,
5k2/2R4p/8/1p2BP2/5p2/3nbK2/PP5P/8 w - - 8 37,vssf1_win_d8,101,6.246,0.0,6.35,6.25,ks,3,2,0,0,
r7/1p1R2R1/kprNp3/2p1Pp2/P1K3p1/7p/7P/8 b - - 12 53,vssf_2400,80,-2.029,0.0,0.42,0.33,ks,5,4,0,0,
5k1r/3b2b1/p4p1p/3NQ3/3pP2P/3P4/PP3RP1/6K1 b - - 0 30,vssf1_win_d8,69,14.334,0.0,10.51,0.0,quiet,0,2,0,0,
6k1/8/br1p2pp/5p2/1n5P/RN2P1P1/2r2P2/2NK3R b - - 4 33,vssf_2400,64,-2.622,-1.02,-2.09,-2.56,ks,3,0,0,0,
r1b1r1k1/3n1p1p/p5p1/4p3/PpPbN3/1B2B2P/5PP1/3RR1K1 b - - 1 24,vssf_2400,53,-0.547,0.0,-0.47,0.3,quiet,0,0,0,0,
B1bq1rk1/p1p1bppp/8/8/8/PQ1n1N2/1P1P1PPP/R1B2K1R b - - 2 14,vssf1_win_d8,21,7.322,0.0,3.71,-0.51,quiet,1,1,0,0,
1rb1k2r/pp6/1qn1p1pp/8/4NR2/b1P4P/PnKNQ1P1/5R2 w k - 3 24,vssf_2400,10,-13.703,-0.72,-9.39,0.0,ks,3,1,0,0,
r1bqkbr1/pp3p2/7p/1N1pn1pn/2pP4/P3P2P/1PP1BPPB/R2Q1RK1 w q - 0 14,vssf1_win_d8,5,-0.506,0.0,0.1,0.08,quiet,0,0,0,0,
1r3rk1/1p1bbp1p/1q2p1p1/p1n5/1nBN4/4PN2/P3QPPP/1R1RB1K1 b - - 1 20,vssf_2400,0,0.276,0.0,-0.02,0.3,quiet,0,0,0,0,
8/6k1/7p/1P4p1/8/6PP/8/6K1 w - - 0 40,vssf1_def_d8,128,2.883,0.0,2.15,0.17,quiet,0,0,0,0,
8/8/7p/6p1/1Pk2pP1/2n4P/5K2/8 b - - 6 56,vssf1_win_d8,122,-10.113,0.0,-5.51,-1.18,quiet,2,1,0,0,
8/8/p1bB4/P7/5Kp1/5p1k/5P1P/8 b - - 26 87,vssf1_win_d8,117,-0.725,0.0,-0.15,-0.1,ks,3,3,0,0,
8/3pp1kp/6p1/3P1p2/4b3/6n1/6BP/6K1 w - - 0 40,vssf1_win_d8,112,-8.987,0.0,-7.55,0.0,quiet,2,0,0,0,
8/3q3k/1pr5/p3Qp1p/P1p1p3/4P3/2R3R1/6K1 b - - 3 54,vssf_2400,53,4.579,0.48,2.75,0.4,quiet,0,2,0,0,
r3k3/P4rQ1/2p1pp1p/4q3/2P5/6P1/1P2PP1P/R2R2K1 w - - 5 36,vssf1_win_d8,42,6.555,2.88,6.79,3.82,quiet,0,2,0,0,
6k1/q5n1/4Rp1p/PRp3n1/2Pp2QN/3P2P1/5P1P/6K1 b - - 0 45,vssf1_win_d8,48,10.275,0.0,10.14,0.0,quiet,0,0,0,0,
6k1/8/br1p2pp/3n1p2/3N3P/R3P1P1/5r2/2NK3R w - - 2 35,vssf_2400,64,-2.63,0.0,-2.38,-2.12,quiet,2,0,0,0,
1rbqk3/p3ppb1/np6/4N3/P2P1P2/4P3/2Q2P2/R3K2B b Q - 2 24,vssf_2400,37,-0.861,1.44,-1.04,3.04,quiet,0,1,0,0,
r1r4k/p2q1p2/Ppn1pPpp/1N1p1n2/6P1/5N1P/1QR2P2/2R3K1 w - - 1 24,vssf_2400,21,-2.917,0.0,-0.08,0.26,quiet,0,1,0,0,
1rbk3r/pp6/1qn1p1pp/8/5RN1/b1P3QP/PnKN2P1/5R2 b - - 10 27,vssf_2400,10,-16.221,-2.88,-9.61,0.0,ks,3,0,0,0,
r1b2rk1/pp2ppb1/3q3p/1PnNp3/2P2PnN/7P/P1Q2PB1/3R1RK1 b - - 0 21,vssf1_win_d8,5,-1.347,1.62,-0.95,1.6,quiet,1,1,0,0,
1rb2rk1/pp2bp1p/1qn1p1p1/1Nn5/2B5/4PN2/PPQ2PPP/R2RB1K1 b - - 16 16,vssf_2400,0,1.225,0.0,0.51,0.3,quiet,0,0,0,0,
8/1P4k1/8/6pp/8/6PP/8/6K1 b - - 0 41,vssf1_def_d8,128,4.177,0.0,4.99,0.31,quiet,0,0,0,0,
8/8/7p/3k2p1/1P3pP1/2n2K1P/8/8 b - - 4 55,vssf1_win_d8,122,-8.733,0.0,-4.52,-0.98,ks,4,2,0,0,
8/8/p7/P3B3/3K2p1/5p2/b4PkP/8 w - - 37 93,vssf1_win_d8,117,-0.123,0.0,0.06,0.38,ks,1,3,0,0,
8/R7/5k2/5P2/1p6/8/p5r1/3NK3 w - - 0 52,vssf1_win_d8,101,0.465,0.0,-0.5,1.69,quiet,1,2,0,0,
5rk1/pR4pp/8/8/4r3/8/PP1K1P1P/1b5R b - - 0 26,vssf1_win_d8,80,-5.674,0.0,-4.04,-3.44,quiet,2,1,0,0,
5k2/pp4pp/8/q1n1P3/8/P1N5/1P1N1r1P/2K1R3 b - - 1 31,vssf1_win_d8,69,-10.457,0.0,-8.77,0.0,quiet,1,0,0,0,
4k2r/1Bppbppp/pp6/4p3/2P2B2/PnN2PP1/1P2P2R/5K2 b k - 0 17,vssf1_win_d8,80,1.149,0.0,3.87,-0.45,quiet,0,0,0,0,
2r3k1/8/br1p2pp/5p2/1n5P/RN2P1P1/3K1P2/2N4R b - - 2 32,vssf_2400,64,-6.273,-2.04,-2.44,-4.37,ks,3,0,0,0,
1rb1k3/p1q1ppb1/np6/4N3/P2P1P2/4P3/2Q2P2/R3K2B w Q - 3 25,vssf_2400,37,-2.311,0.0,-1.83,1.92,quiet,0,1,0,0,
2r1k2r/4bp2/3Qb1p1/p1P1p3/4q2p/P6P/BP2NPP1/R4RK1 w k - 1 23,vssf_2400,21,2.071,1.44,0.17,0.44,quiet,1,1,0,0,
r1b1k2r/4bppp/2n1pn2/1B6/8/4PN2/PP1B1PPP/2R2RK1 b - - 0 16,vssf1_win_d8,48,-1.749,0.0,0.07,0.7,quiet,0,0,0,0,
rnb2rk1/pp3p1p/3bp1p1/3n2B1/3P4/1B3N2/PP3PPP/RN2R1K1 w - - 5 13,vssf_2400,42,0.664,0.0,0.23,0.34,quiet,1,0,0,0,
r1b1k2r/ppq2Np1/3bpn1p/3p4/8/2N3P1/PP2QPBP/R1B2RK1 b kq - 0 12,vssf1_win_d8,5,1.651,1.98,6.43,2.11,quiet,0,1,0,0,
1rb1k2r/pp2bp1p/1qn1pnp1/1N6/2B5/1Q2PN2/PP3PPP/R1BR2K1 w k - 9 13,vssf_2400,0,1.461,0.0,2.35,1.53,quiet,0,1,0,0,
8/8/2k5/2P1p3/8/3K1p2/8/8 b - - 1 46,vssf1_def_d8,128,-6.171,0.0,-3.04,0.53,quiet,2,1,0,0,
8/8/p7/P3B3/6p1/1b2Kp2/5PkP/8 w - - 11 80,vssf1_win_d8,117,0.189,0.0,0.02,-0.51,ks,3,4,0,0,
8/p4k2/2p5/1p3P2/4R3/4N3/3r2P1/5K2 w - - 0 44,vssf1_win_d8,101,4.619,0.0,2.41,1.32,quiet,1,2,0,0,
4r1k1/R4R2/P7/8/6PP/r7/5PK1/8 w - - 3 50,vssf1_win_d8,85,6.905,0.0,6.36,3.96,quiet,1,2,0,0,
4r3/p2kP2r/4p3/Pp2P1N1/2p5/2P1B1P1/1P6/R2K4 w - - 0 32,vssf1_win_d8,85,14.903,0.0,4.13,-0.03,ks,0,3,0,0,
3nk1r1/2R5/1p2p1Np/p1p2p1B/2P1b3/4P3/PP3PPP/6K1 b - - 0 22,vssf1_win_d8,85,1.333,0.0,1.63,3.26,quiet,1,2,0,0,
3r2k1/2Q2p2/p4p2/3q3r/3R3p/P1B5/1P3PPP/4R1K1 b - - 0 32,vssf1_win_d8,37,6.699,0.0,7.65,2.15,quiet,1,1,0,0,
8/2N2ppk/7p/8/1b1Ppq2/1P3n1P/r7/2R2QBK w - - 0 41,vssf_2400,42,-3.944,-1.98,-5.43,-3.95,ks,3,0,0,0,
4rrk1/pp4pp/1q6/3R4/4N1b1/8/PP2BP1P/1Q2K2R b - - 0 22,vssf1_win_d8,26,0.755,-2.7,1.22,-2.61,ks,3,0,0,0,
1r1qkb1r/1pp2ppp/p1n1p1N1/3p4/3P2P1/4PQ2/PPPN1P1P/R1B1K2R b KQk - 0 10,vssf1_win_d8,16,1.172,0.0,4.03,0.16,quiet,0,2,0,0,
r1bq1rk1/1p2p1bp/n1pp2p1/p4p2/2PP1B1P/PQn2NP1/1P2PPB1/3RK2R w K - 0 12,vssf1_win_d8,5,-0.622,0.0,-3.42,-0.01,quiet,1,0,0,0,
r1b1k2r/ppq1bp1p/2n1pnp1/8/2BN4/1QN1P3/PP3PPP/R1BR2K1 w kq - 5 11,vssf_2400,0,1.549,0.0,1.09,0.23,quiet,1,0,0,0,
8/8/4k3/p1p5/2P1KP2/6P1/P7/8 b - - 0 45,vssf1_def_d8,128,6.44,0.0,2.76,0.21,ks,2,3,0,0,
8/8/p7/P1p5/2Pr4/1K6/5k2/8 b - - 5 68,vssf1_win_d8,117,-10.286,0.0,-5.64,-0.7,quiet,2,0,0,0,
6k1/5p2/1p3rp1/3Bp3/7p/3K4/8/8 b - - 1 45,vssf1_win_d8,112,-12.724,0.0,-8.09,-0.67,quiet,1,1,0,0,
8/3B1N1k/6pP/5p2/4p3/2r5/5K2/8 b - - 3 60,vssf1_win_d8,106,-1.836,0.0,-2.18,-2.2,quiet,2,2,0,0,
r4k2/1R1R2p1/4p1r1/2P1P3/3P2Pp/5K1P/4P3/8 w - - 7 40,vssf1_win_d8,85,6.683,0.0,5.92,1.63,quiet,2,1,0,0,
2r5/8/4k3/PR2pr2/6p1/2NR4/6PP/6K1 w - - 1 45,vssf1_win_d8,80,7.507,0.0,5.98,3.75,ks,1,3,0,0,
3nk1r1/2R3p1/1p2p2p/p1p1Np2/2P1b3/4P3/PP2BPPP/6K1 w - - 2 21,vssf1_win_d8,85,0.055,0.0,2.03,2.04,quiet,1,2,0,0,
4q2k/1n4pp/R1p5/1pNp1r2/1P1p4/6P1/3BQP1P/6K1 b - - 1 27,vssf1_win_d8,48,-7.143,0.0,4.61,0.91,quiet,1,0,0,0,
1rbq1rk1/p3b2p/2p1p3/2p1Qp2/P4p2/2BP2P1/1PP2P1P/R4RK1 b - - 1 17,vssf1_win_d8,26,-1.894,1.26,-1.04,3.35,quiet,0,1,0,0,
r1b4r/1p1nkp1p/3p2p1/1BpPb3/2N1N3/p3P1PP/PP3P2/3RK2R w K - 2 19,vssf_2400,53,3.345,1.47,0.98,0.93,ks,0,4,0,0,
1r3b1r/3k2pp/p2ppq2/2p1n3/2P2N2/2N5/PP4PP/R1BQR1K1 b - - 1 16,vssf1_win_d8,16,6.68,1.98,4.61,1.89,quiet,0,2,0,0,
r3kbnr/ppq2ppp/2n1p3/P2pP3/8/2p2N1P/1P2QPP1/RNB2RK1 w kq - 0 12,vssf_2400,10,-3.537,0.0,-2.43,0.18,quiet,0,0,0,0,
2rqkbnr/1b2pppp/p2p4/1p2P3/N6Q/4BN2/1PP2PPP/1K1R1B1R b k - 0 13,vssf1_win_d8,5,2.179,0.0,3.49,-0.04,quiet,1,1,0,0,
r3r1k1/1q1n1p2/6p1/1b1n3p/1P1bpB2/1Q2P2P/3N1PP1/2R1KBNR b K - 0 28,vssf_2400,0,-0.244,0.0,-2.21,-1.37,quiet,1,0,0,0,
8/8/3k3P/1p4P1/4K3/8/PP6/8 w - - 0 52,vssf1_def_d8,128,10.668,0.0,9.35,0.08,quiet,1,1,0,0,
1k6/1p6/p7/2r2p1p/PP1PpP2/4K3/6PP/8 w - - 0 39,vssf1_win_d8,117,-4.983,0.0,-5.04,-1.42,quiet,2,0,0,0,
6k1/5p2/1p1r2p1/3Bp3/4K2p/8/8/8 b - - 3 46,vssf1_win_d8,112,-12.047,0.0,-8.68,-0.42,ks,3,1,0,0,
8/5N1k/4B1pP/5p2/4p3/4P3/1r6/5K2 w - - 8 48,vssf1_win_d8,106,1.453,0.0,-0.41,-1.64,quiet,1,2,0,0,
r4k2/1R1R2p1/4p1r1/2P1P3/3PK1Pp/7P/4P3/8 b - - 8 40,vssf1_win_d8,85,7.311,0.0,6.14,2.23,quiet,1,1,0,0,
3nk1r1/1bR3p1/1p2p2p/p1p1Np2/2P5/4P3/PP2BPPP/6K1 b - - 1 20,vssf1_win_d8,85,0.276,0.0,1.98,2.02,quiet,1,2,0,0,
5rk1/pp4pp/1r6/3P4/2n1P3/1b3N1P/1P2R1PK/7R b - - 8 28,vssf1_win_d8,69,-1.233,0.0,-3.37,0.18,quiet,0,0,0,0,
3rk1r1/3R1p2/8/1Qb2N2/8/6PP/PPN1KP2/7R w - - 1 30,vssf_2400,48,23.324,2.7,20.3,0.0,ks,1,3,0,0,
2kr1br1/1pp2pnp/Q5p1/p2Pp1B1/4P1P1/2N4P/PPP5/R3KR2 b Q - 0 18,vssf1_win_d8,42,8.819,2.88,12.83,0.0,quiet,0,2,0,0,
r2k2nr/1b1n2p1/p1p2p2/3p4/3P3p/B2BQ3/4RPPN/6K1 w - - 0 23,vssf_2400,42,7.526,2.34,12.41,9.15,quiet,0,2,0,0,
r4b1r/p2k2pp/3ppq2/1Np1n3/5N2/8/PPP2KPP/R1BQR3 w - - 1 14,vssf1_win_d8,16,0.685,-1.62,1.48,-1.57,ks,1,3,0,0,
r3k2r/p1q1npbp/Ppn1p1p1/1N1pP3/8/4BN1P/1Q3PP1/R1R3K1 b kq - 3 17,vssf_2400,10,-0.932,1.62,1.43,2.12,quiet,0,0,0,0,
r1bq1rk1/3nbppp/p2p4/1p1np3/P3P3/3QBN2/1PP2PPP/2KR1B1R w - - 0 12,vssf1_win_d8,5,-1.172,0.0,-4.59,-0.41,quiet,0,0,0,0,
r3r1k1/1q1n1pb1/b4np1/p2p3p/1P2p3/P1P1Q1BP/3NPPP1/3RKBNR b K - 0 21,vssf_2400,0,0.082,0.0,-1.72,0.15,quiet,1,0,0,0,
8/6p1/pp1p4/2pP4/P1P2p2/2P2kP1/2K5/8 b - - 0 48,vssf1_def_d8,128,-4.936,0.0,-3.85,-0.09,quiet,0,1,0,0,
r7/8/6pP/pppp4/4kP2/PP2P3/4K3/8 w - - 1 37,vssf1_win_d8,117,-9.162,0.0,-7.29,-0.36,ks,1,3,0,0,
5k2/1p3ppp/3p4/p2P4/3R4/p5KP/4r1P1/8 w - - 0 33,vssf1_win_d8,106,-8.245,0.0,-9.23,-1.23,quiet,1,0,0,0,
5k2/7p/3N2PP/3Bpp2/8/4P3/7r/4K3 b - - 0 42,vssf1_win_d8,106,4.438,0.0,3.02,2.1,ks,1,4,0,0,
8/p5pp/1p1k1p2/3P4/1PR5/6PP/r3r3/5KB1 b - - 1 37,vssf1_win_d8,90,-5.882,0.0,-5.25,0.89,ks,2,4,0,0,
6r1/7p/2r5/pk1nppB1/3R3P/P1PK2P1/5P2/8 w - - 0 31,vssf1_win_d8,85,-1.854,0.0,-7.19,-2.34,ks,5,4,0,0,
8/1B2p3/1p1pp3/p3b2k/Pr1RP3/7P/2r5/K2R4 w - - 2 52,vssf1_win_d8,74,-2.936,0.0,-5.04,-3.61,quiet,2,1,0,0,
r5k1/1pp1p1bp/p3b1p1/P3r3/R1B5/NP5P/3P4/3K4 b - - 3 32,vssf1_win_d8,74,-11.361,0.0,-9.25,0.0,quiet,1,0,0,0,
r4k2/2p2p2/2q1p2n/p1n1P3/P2Q4/3B1P1P/RPP3P1/3K3R b - - 0 24,vssf_2400,37,6.664,0.0,4.52,0.22,quiet,0,0,0,0,
r5k1/1pp2pp1/p4q1p/2P2b2/Qn1P4/4rN1P/PP1R2B1/2K5 b - - 2 22,vssf1_win_d8,32,-8.975,0.0,-10.75,-3.15,quiet,2,0,0,0,
3q1rk1/r3bpp1/p1R2n2/3p3p/3P1B2/1Q1B1P2/PP4PP/4R1K1 b - - 2 19,vssf_2400,21,4.191,0.0,3.5,0.65,quiet,0,1,0,0,
2r1r1k1/pp2bppp/3p1n2/2pP4/1Q6/2N2PNP/P1Pn1BP1/R3R1K1 b - - 0 19,vssf1_win_d8,32,4.324,0.0,11.31,0.0,quiet,1,0,0,0,
3rk2r/np1qbpp1/p3p2p/P2pPn2/3P4/5NPP/1P1BNP2/R2QR1K1 b k - 2 21,vssf_2400,10,1.113,0.0,0.73,-0.23,quiet,0,0,0,0,
r1br2k1/pp3p1p/n2p2p1/q1pP4/2P1Q1n1/2b2NP1/PP2PPBP/R1B2RK1 w - - 0 13,vssf1_win_d8,5,-2.124,0.0,-1.49,0.23,quiet,1,0,0,0,
r1bqk2r/1p1n1pp1/p1pbpn2/3p3p/2PP4/1P2PN1P/PB1NBPP1/R2Q1RK1 b kq - 3 10,vssf_2400,0,0.516,0.0,1.21,0.07,quiet,1,0,0,0,
8/5k2/3K4/2P4P/6P1/p7/P7/8 w - - 1 53,vssf1_def_d8,128,10.448,0.0,7.36,0.49,quiet,1,2,0,0,
8/8/5Pk1/4p1B1/P5p1/7p/7K/8 b - - 0 50,vssf1_win_d8,122,0.056,0.0,1.54,1.9,quiet,2,2,0,0,
5k2/1p3ppp/3p4/p2P4/R7/p5KP/4r1P1/8 b - - 1 33,vssf1_win_d8,106,-6.12,0.0,-6.83,-1.23,quiet,1,0,0,0,
5k2/4b1pp/5p2/p6P/Pr1N2P1/4P3/5K2/8 b - - 2 40,vssf1_win_d8,106,-9.281,0.0,-7.26,-0.31,quiet,0,0,0,0,
8/p5pp/1p1k1p2/3P4/1PR5/6PP/r5r1/5KB1 w - - 2 38,vssf1_win_d8,90,-6.318,0.0,-5.38,1.22,ks,2,4,0,0,
6k1/6pp/p3pp2/8/1Pb2P2/R3nN1P/4r1P1/6K1 b - - 1 38,vssf1_win_d8,90,-8.896,0.0,-6.06,-1.9,quiet,2,0,0,0,
7r/1p2pk2/3pp1pp/p1r3P1/P1B1PP1b/1P1R1R1P/1K6/8 b - - 1 31,vssf1_win_d8,74,-0.061,0.0,-0.43,0.35,quiet,0,2,0,0,
6k1/7p/1p2p1p1/1P6/4b3/2rn2qP/5RP1/5RNK w - - 1 40,vssf1_win_d8,58,-13.877,0.0,-12.48,0.0,quiet,2,1,0,0,
3rnk2/R3R3/1p4qp/2p2p2/1nP4P/1N3Q2/PP3PP1/6K1 w - - 3 33,vssf1_win_d8,37,8.135,2.34,7.28,3.47,quiet,1,2,0,0,
r5k1/1pp2pp1/p4q1p/2P2b2/1n1P4/4rN1P/PP1R2B1/2KQ4 w - - 1 22,vssf1_win_d8,32,-11.599,-1.98,-11.57,-5.15,quiet,2,0,0,0,
r1bb2k1/p4p1p/1p6/3BP2N/6n1/1PBq2P1/P4P1P/R1Q2RK1 b - - 0 24,vssf1_win_d8,21,8.493,1.8,8.13,0.0,quiet,2,2,0,0,
3rk2r/1p1qbpp1/p1n1p2p/P2pPn2/Q2P4/5N1P/1P1BNPP1/R3R1K1 w k - 14 20,vssf_2400,10,0.994,0.0,0.64,0.08,quiet,0,0,0,0,
r2q1rk1/4ppbp/p4np1/1p1pn3/3PbBP1/2N4P/PP2PPB1/R2Q1RK1 w - - 0 14,vssf1_win_d8,5,-1.959,0.0,-3.37,-0.62,quiet,1,0,0,0,
r3k2r/1pqbbp2/2Pp1np1/p3p1B1/1nP1P2p/1BN4P/PP1QNPP1/R3K2R b KQkq - 0 14,vssf_2400,0,0.002,0.0,2.7,0.49,quiet,0,1,0,0,
6k1/8/1p2p1p1/p6p/5P2/1P2K1P1/P6P/8 w - - 0 33,vssf1_def_d8,128,0.22,0.0,1.21,-0.34,quiet,0,0,0,0,
8/8/4pPk1/6B1/1p4pp/8/PP5K/8 b - - 2 47,vssf1_win_d8,122,-0.921,0.0,1.39,0.57,quiet,2,2,0,0,
3r4/5pk1/3P2p1/2pP2Pp/5P1P/1p6/6B1/5K2 b - - 0 43,vssf1_win_d8,112,-6.347,0.0,-7.08,-0.8,quiet,0,1,0,0,
5k2/4b1pp/5p2/p6P/r2N2P1/4P3/5K2/8 w - - 0 41,vssf1_win_d8,106,-10.672,0.0,-6.95,0.0,quiet,0,0,0,0,
4k3/7R/2rBK3/5p2/1p6/4n3/PP6/8 b - - 7 55,vssf1_win_d8,96,0.454,0.0,0.37,1.26,ks,3,3,0,0,
8/3k3p/5qP1/1r1pR3/3PpN2/7K/5PN1/8 b - - 0 48,vssf1_win_d8,74,-7.127,0.0,-4.52,-2.13,quiet,1,2,0,0,
r4k2/5pp1/1R3n2/p2p3p/3Nr3/PP2P1P1/5PKP/2R5 w - - 4 32,vssf1_win_d8,74,1.74,0.0,2.73,-0.08,quiet,0,0,0,0,
2k4r/4Q1pp/pr1bp3/8/2P2NP1/8/PP4P1/R1B3K1 w - - 3 26,vssf1_win_d8,58,16.907,2.49,11.77,0.0,quiet,0,1,0,0,
1k1r3r/2qb1p2/p6p/3R2p1/3QP3/1P4P1/P4PB1/3R2K1 w - - 3 27,vssf1_win_d8,32,5.517,1.62,5.0,2.59,quiet,0,1,0,0,
r1b3k1/1pp2pp1/p1n2q1p/2P5/8/3PrN1P/PP1R2B1/2KQ4 b - - 3 20,vssf1_win_d8,32,-8.728,0.0,-8.83,-0.5,quiet,1,0,0,0,
2kr4/ppq2p2/4p3/NN6/1P1bP1p1/2P3P1/PnQ1BP2/3RR2K w - - 0 28,vssf_2400,26,18.659,-0.36,10.92,0.0,quiet,0,2,0,0,
r1b2rk1/5ppp/2qb4/1pp5/4P1n1/2PPB3/1PQ2PPP/RN2K2R w KQ - 0 14,vssf1_win_d8,16,-4.926,0.0,-4.58,-0.26,quiet,1,0,0,0,
1n1kr3/3bq2n/rp4pB/pNpPpp1p/P1P1P2P/2Q3RP/1P4B1/5RK1 b - - 3 26,vssf_2400,10,4.147,2.34,4.84,1.84,quiet,0,1,0,0,
r1bqk2r/1p3pbp/n1pp1np1/p7/2PNP3/2NB4/PP3PPP/R1BQ1RK1 w kq - 3 10,vssf_2400,0,0.719,0.0,1.41,0.3,quiet,0,0,0,0,
8/8/1P6/8/4K2p/8/7k/8 b - - 0 51,vssf1_def_d8,128,0.857,0.0,1.11,0.62,quiet,0,0,0,0,
8/8/P4Pk1/8/6p1/7p/7K/4B3 b - - 0 54,vssf1_win_d8,122,5.143,0.0,4.53,1.77,quiet,2,1,0,0,
8/3k1p2/2p3p1/1p1p3p/7P/2PQ4/q7/6K1 b - - 11 59,vssf1_win_d8,85,-9.126,0.0,-5.47,-1.74,quiet,1,0,0,0,
6k1/3R4/8/1p1p4/1P1P1N1p/4PP1P/3K2P1/1r6 b - - 3 55,vssf1_win_d8,101,12.091,0.0,7.36,0.0,quiet,1,1,0,0,
6k1/p5b1/8/4r1p1/2PKN3/6P1/P2R3P/8 w - - 5 36,vssf1_win_d8,96,4.777,0.0,3.13,0.01,quiet,2,0,0,0,
2Qq4/k1p5/ppn3p1/8/3p1B1P/3P2P1/PPP2PB1/1K6 w - - 8 40,vssf1_win_d8,69,9.512,0.0,7.15,0.0,quiet,0,1,0,0,
3r2k1/1p3r1p/2p3p1/p1q2p2/P4P1P/2N1P3/1P2BP2/2K4R b - - 4 30,vssf1_win_d8,64,-14.276,-1.38,-9.91,0.0,quiet,1,0,0,0,
7r/1b1k2p1/p2b3p/1p6/3r4/P1P2BP1/5P1P/R4KR1 b - - 0 24,vssf1_win_d8,69,-6.174,0.0,-4.61,0.32,quiet,0,1,0,0,
1r2r1k1/R4npp/1Np1bp2/1pP1p3/1P2P3/8/4BPPP/3R2K1 b - - 1 24,vssf1_win_d8,64,-0.425,0.0,0.53,0.17,quiet,0,1,0,0,
4r1k1/p3qpbp/P1p1r1p1/3p4/5P2/1R1QP2P/n1N5/1K2R3 b - - 1 31,vssf1_win_d8,26,-9.361,-2.34,-8.02,-1.77,quiet,2,0,0,0,
2rq2k1/1b1p4/p2bpr2/1p4PQ/3BPP2/n1N5/1P2B3/2KR4 w - - 2 28,vssf1_win_d8,21,5.879,1.98,-3.79,-0.72,quiet,1,1,0,0,
3qk2r/rp2bpp1/p1n2n1p/3p4/3P4/1Q1BBN2/PP3PPP/R3R1K1 w k - 2 14,vssf_2400,10,2.862,0.0,1.89,0.15,quiet,0,0,0,0,
1r2k2r/3b1pp1/p3pb1p/q2p4/1n3Q2/2N2N2/PP1BBPPP/1R1R2K1 b k - 1 20,vssf1_win_d8,5,3.228,0.0,3.7,1.18,quiet,0,0,0,0,
1nb1k2r/1pq2pb1/r2ppnp1/p1pP2Np/P1P5/R1N3PP/1P2PPB1/2BQK2R b Kk - 3 11,vssf_2400,0,0.163,0.0,0.82,0.22,quiet,0,1,0,0,
5k2/8/1p2p3/pK5p/5P2/1P6/P6P/8 b - - 0 36,vssf1_def_d8,128,0.194,0.0,0.93,0.01,quiet,2,0,0,0,
5k2/1R6/3K4/8/8/8/8/8 w - - 7 62,vssf1_win_d8,117,10.914,0.0,53.78,0.0,quiet,1,2,0,0,
8/3k1p2/2p3p1/1p1p3p/q6P/2PQ4/8/6K1 w - - 12 60,vssf1_win_d8,85,-8.64,0.0,-5.0,0.31,quiet,0,0,0,0,
6k1/5p2/1p2pPp1/7p/p1b4P/P5P1/3K4/r4BR1 w - - 4 36,vssf1_win_d8,96,-0.722,0.0,-3.1,-3.26,quiet,2,1,0,0,
3r2k1/pp4P1/2n5/4p3/2P4P/2Pq4/P1Q2P2/1K4R1 w - - 7 34,vssf1_win_d8,58,3.474,2.94,-1.97,0.25,quiet,1,2,0,0,
2r3k1/6pp/p2b1p2/1p1P4/8/P2RB1P1/4rP1P/R5K1 w - - 0 25,vssf1_win_d8,74,0.689,0.0,-0.46,-0.06,quiet,1,0,0,0,
1r4k1/5p1p/6p1/p3p3/4B2Q/6PP/2PqbbR1/7K b - - 1 36,vssf1_win_d8,48,-8.927,0.0,-11.63,-6.72,quiet,1,1,0,0,
4rrk1/pp4pp/1q1R4/8/4N3/8/PP2bP1P/1Q2K2R b - - 1 23,vssf1_win_d8,32,-4.901,-3.6,-4.03,-3.35,ks,3,0,0,0,
4r1k1/p3qpbp/P3r1p1/2pp4/5P2/1R2P2P/n1NQ4/1K2R3 b - - 1 32,vssf1_win_d8,26,-8.221,-1.44,-8.47,-1.66,quiet,2,0,0,0,
r3r1k1/1p3ppp/p3b3/q2pN3/2PQn3/1P4PP/P4P2/RN3K1R b - - 0 22,vssf_2400,21,-1.625,0.0,-3.19,-1.69,quiet,2,1,0,0,
r1b1kb1Q/1p1p4/p3pqpB/2p1n3/P7/3P2P1/1Pn2PBP/1R3RK1 w q - 0 18,vssf1_win_d8,21,8.046,0.0,0.48,0.62,quiet,1,2,0,0,
rnb2rk1/p3bppp/1n6/q1p1P3/5P2/2PP2P1/P2B2BP/R2QK1NR w KQ - 3 14,vssf1_win_d8,5,-1.592,0.0,-1.08,-0.46,quiet,0,0,0,0,
1nbk1r2/1p3qbn/r2p2p1/pNpPpp1p/P1P1PP1N/R5PP/1PQB2B1/4K2R b K - 2 18,vssf_2400,0,0.117,0.0,3.75,1.34,quiet,0,1,0,0,
8/8/4k2p/8/1p1p2PP/1P2p3/4K3/8 b - - 2 44,vssf1_def_d8,128,-5.714,0.0,-2.13,-0.69,quiet,2,1,0,0,
3n2k1/5ppp/8/2p5/6P1/p4K2/8/8 w - - 0 53,vssf1_win_d8,122,-15.649,0.0,-7.47,0.0,quiet,0,0,0,0,
1bk5/8/R7/3p3p/pP2p3/4P3/4K1P1/5R2 w - - 1 47,vssf1_win_d8,101,11.405,0.0,6.99,0.0,quiet,1,0,0,0,
5rk1/1p3pp1/2p5/6Pp/3P1N1P/4P3/5PB1/1n4K1 b - - 1 34,vssf1_win_d8,101,-1.465,0.0,-1.09,-0.0,quiet,0,0,0,0,
3rr1k1/5pp1/7p/1Q1p3P/P7/1BP5/K5b1/8 b - - 2 55,vssf1_win_d8,74,-0.077,0.0,-2.07,-1.26,quiet,0,0,0,0,
8/5kpp/p2b4/1p1P1p2/8/P2RBKP1/2r1rP1P/1R6 b - - 1 28,vssf1_win_d8,74,1.122,0.0,-1.52,-1.88,ks,4,1,0,0,
3b1k2/1q3pp1/4rn2/1Q1p3p/3R4/5P2/PP3P1P/2R3K1 w - - 0 36,vssf1_win_d8,42,7.496,0.0,-1.04,0.27,quiet,0,1,0,0,
4r1k1/1b4qp/1p1R2p1/p4p2/PrPN4/1P4pP/K2Q4/3B4 b - - 1 62,vssf1_win_d8,37,-6.705,0.0,-4.15,0.9,quiet,1,0,0,0,
4r1k1/p3qpbp/r5p1/2p5/4pP2/1R5P/n1NQ4/1K2R3 w - - 0 34,vssf1_win_d8,26,-15.002,-3.06,-7.74,0.0,ks,3,0,0,0,
2r1kb1r/1p2pppp/2n2n2/pN1p4/3P1B2/2P2BP1/P4P1P/2R1K2R b Kk - 0 13,vssf_2400,53,0.328,0.0,-0.36,-0.04,quiet,0,0,0,0,
r2B1rk1/1ppq1pp1/n2p4/3Pp3/P1P1P3/1PN2N1b/5P2/RQ2K1R1 b Q - 0 25,vssf1_win_d8,16,3.364,0.0,4.6,0.84,quiet,1,1,0,0,
r1b1k2r/pp3ppp/5q2/nPpn4/8/P3P3/R2P1PPP/1N1QKBNR b Kkq - 1 11,vssf_2400,10,0.858,0.0,0.09,-0.36,quiet,1,0,0,0,
r2r2k1/pp2ppbp/n2p1np1/qbpP4/P1B3PP/1PP1PPB1/3Q4/3R1KNR w - - 0 21,vssf1_win_d8,5,-1.127,0.0,-2.94,-0.41,quiet,0,0,0,0,
1n1qk1nr/rp2bppp/p1p1b3/3p4/2PP4/1QNB1N2/PP3PPP/R1B1K2R w KQk - 4 9,vssf_2400,0,1.018,0.0,1.71,0.23,quiet,0,0,0,0,
8/8/1p5p/2p5/Pp4P1/1P3K1P/2k5/8 w - - 0 55,vssf1_def_d8,128,0.285,0.0,-1.04,0.05,quiet,0,0,0,0,
8/8/8/4kb2/7p/7P/8/5K2 w - - 2 69,vssf1_win_d8,122,-9.695,0.0,-2.85,-0.51,quiet,0,0,0,0,
2b5/p2Bp3/p1Pk4/8/7p/8/6K1/8 b - - 4 55,vssf1_win_d8,117,-6.822,0.0,-2.92,0.29,quiet,1,2,0,0,
7k/6Rp/1p2N1p1/3P4/8/4PK1P/6P1/1r6 w - - 5 40,vssf1_win_d8,101,10.643,0.0,8.43,0.53,quiet,0,2,0,0,
3r4/5pk1/3P1Np1/1pp3Pp/7P/4P3/5PB1/1n4K1 w - - 4 39,vssf1_win_d8,101,-0.868,0.0,-1.89,0.15,quiet,0,2,0,0,
3r2k1/5pp1/7p/Q2p3P/P1p5/2P4b/KPB5/4r3 b - - 1 52,vssf1_win_d8,74,-0.987,0.0,-1.54,0.46,quiet,2,1,0,0,
2r4k/7p/3nN1pN/p7/q4PP1/8/1R1Q3K/8 w - - 5 55,vssf1_win_d8,48,2.206,0.0,3.44,0.7,quiet,0,2,0,0,
2r1q1k1/7p/1pbR2p1/p4p2/PrPN1p2/1P5P/2BQ2P1/K7 b - - 7 55,vssf1_win_d8,37,-3.266,0.0,-0.67,0.53,quiet,0,0,0,0,
3r2k1/1p3pp1/2p1n1p1/q3P3/p1P5/N2r1P2/3pQBPP/3R1R1K b - - 0 28,vssf1_win_d8,26,0.154,0.0,-0.66,0.14,quiet,0,0,0,0,
2rk3r/1p2bpp1/2n1pn1p/pN1p4/3P1B2/2P2BP1/P4P1P/1R2K2R w K - 0 17,vssf_2400,53,-0.051,0.0,-0.67,1.02,quiet,0,2,0,0,
r1b2rk1/pp3ppp/5q2/nPpn4/8/P3PQ2/R2P1PPP/1N2KBNR b K - 3 12,vssf_2400,10,0.351,0.0,-0.25,-0.19,quiet,0,0,0,0,
r1b2k1r/1pq1bp1p/p1nNp3/4n3/1P4p1/P1PB2B1/2Q2PPP/R3K2R w KQ - 0 19,vssf1_win_d8,5,-3.092,0.0,-3.08,0.57,quiet,0,1,0,0,
r1bq1k1r/1pp2ppp/p1n2b2/3np3/1P6/P1N1P3/1BQP1PPP/R3KBNR w KQ - 0 10,vssf_2400,0,-0.273,0.0,0.48,0.17,quiet,0,0,0,0,
6k1/4pp1p/2p3p1/2P5/5PP1/2p4P/4P3/6K1 w - - 0 34,vssf1_def_d8,128,-2.851,0.0,-4.16,-0.33,quiet,0,0,0,0,
8/3K4/8/5P1p/k1pP4/8/7P/1R6 w - - 1 52,vssf1_win_d8,117,12.5,0.0,9.43,2.54,quiet,0,1,0,0,
8/kp6/p1p4p/2N2p2/3P1K2/P1P5/1P6/1b6 b - - 1 41,vssf1_win_d8,117,-1.82,0.0,0.76,-1.16,ks,3,1,0,0,
8/4k3/R4p2/4p2r/2R5/4KPPp/2P4P/8 w - - 2 45,vssf1_win_d8,96,10.587,0.0,9.43,1.8,quiet,1,1,0,0,
3r4/5pk1/3P1Np1/2p3Pp/4PP1P/1pn5/6B1/5K2 w - - 0 42,vssf1_win_d8,101,-4.231,0.0,-5.39,-0.62,quiet,1,2,0,0,
1r4k1/5pp1/7p/3pr2P/P3b3/2PQ4/K7/3B4 w - - 7 58,vssf1_win_d8,74,-0.4,0.0,-3.6,-1.55,quiet,1,0,0,0,
3nk3/5r2/2b2p2/Q7/p4NP1/4pRP1/6KP/8 w - - 0 38,vssf1_win_d8,69,8.571,0.0,8.79,0.0,quiet,2,1,0,0,
5rk1/5qpp/3b4/1pp5/4P1b1/N1P1P3/1P4PP/1Q2K2R w K - 3 21,vssf1_win_d8,48,-4.673,-2.16,-8.89,-7.27,quiet,2,0,0,0,
r4rk1/2R2p1p/p2Bp1p1/n7/Np1b4/8/1P3PPP/R5K1 b - - 2 26,vssf1_win_d8,64,-3.256,0.0,-1.23,0.26,quiet,1,2,0,0,
r1b2rk1/1pp2p1p/5Pp1/p2q4/1bp4Q/8/PPP2PPP/R1B1R1K1 w - - 0 14,vssf1_win_d8,26,-3.362,1.98,-3.31,2.03,quiet,1,2,0,0,
r3k2r/1p1q4/2n1p3/pB1p1p2/1b1P2Qp/2N1P2P/PP3P2/2R1K2R w Kkq - 0 17,vssf_2400,21,0.337,0.0,0.25,1.0,quiet,0,0,0,0,
2kr2r1/1bpp1pPp/1pn1p3/p5B1/1q1P4/2N2B2/PP3PPP/2RQ1RK1 b - - 0 15,vssf1_win_d8,16,0.865,0.0,7.05,0.62,quiet,0,1,0,0,
r2qr1k1/1p3ppp/2p1nn2/p1bpp3/2P1P1B1/P2P3P/1P3PP1/RNBQ1RK1 w - - 0 14,vssf_2400,10,-1.191,0.0,-1.75,-0.04,quiet,1,0,0,0,
r2qkb1r/pp2nppp/2pp1n2/8/3PP3/3B3b/PP1N1PPP/R1BQ1RK1 w kq - 0 9,vssf1_win_d8,5,-2.012,0.0,-1.82,0.0,quiet,1,0,0,0,
r1bqk2r/pp2bppp/8/nPpnp3/8/P3P3/1B1P1PPP/RN1QKBNR w KQkq c6 0 9,vssf_2400,0,0.195,0.0,-0.29,-0.15,quiet,0,0,0,0,
6k1/1p3ppp/4p3/4P3/5P1P/p5P1/8/4K3 w - - 0 42,vssf1_def_d8,128,-5.221,0.0,-5.65,-0.97,quiet,0,0,0,0,
2K5/8/r1k5/8/8/8/8/8 w - - 13 99,vssf1_win_d8,117,-10.541,0.0,-53.78,0.0,quiet,1,1,0,0,
8/8/2p2p1p/P1nkp3/1R4P1/1P6/3K2P1/8 w - - 1 41,vssf1_win_d8,112,1.23,0.0,2.68,-0.17,quiet,1,2,0,0,
r4Bk1/2R5/8/3K1p2/2Pp2p1/pP1P2P1/P4P2/8 b - - 0 39,vssf1_win_d8,101,9.233,0.0,8.92,3.61,quiet,1,2,0,0,
7R/p1k5/2p5/1pn1p3/5P2/q3B3/5PK1/8 b - - 0 37,vssf1_win_d8,85,-15.067,0.0,-7.95,0.0,quiet,0,1,0,0,
r3r1k1/1R2pb2/5ppQ/p1p5/3p4/P2P1PP1/4P2P/6K1 b - - 0 32,vssf1_win_d8,69,3.499,0.0,2.83,1.51,quiet,0,1,0,0,
4k3/5p2/2p3Bp/3n4/P2Pp2B/Q3P2K/1P3R2/6q1 b - - 10 46,vssf1_win_d8,58,10.269,2.04,11.11,0.0,ks,1,4,0,0,
8/1p3ppk/7p/2pq1b2/5Q1P/PP4P1/3rrP1R/5RK1 b - - 5 33,vssf1_win_d8,37,-7.482,-1.44,-8.27,-2.35,quiet,2,1,0,0,
r5k1/4pp2/1p4pb/2p1Pq1p/P2rRP1P/1Q1P2R1/1P3N2/7K w - - 7 39,vssf1_win_d8,32,-0.325,0.0,-0.67,-0.03,quiet,0,1,0,0,
5rk1/1r1q1pp1/2np1n2/pR2p2p/2P1P3/P1PPBQ2/5PPP/1R4K1 b - - 2 23,vssf1_win_d8,26,-0.804,0.0,-1.0,0.22,quiet,0,0,0,0,
rr3k2/1q2bp2/2pp4/2n1pB2/p1P5/4P1P1/NPQR1P1P/1K1R4 w - - 2 27,vssf_2400,21,-0.177,-1.62,-1.59,-2.12,quiet,1,0,0,0,
3q1rk1/2p2ppp/rpn5/p1P1P3/1b1p4/2N2P2/PP2Q1PP/R1B2KNR b - - 1 15,vssf1_win_d8,16,4.516,0.0,1.23,-0.43,quiet,0,0,0,0,
r2qr1k1/1p3ppp/2p1nn2/p1bPp3/2P3B1/P2P3P/1P3PP1/RNBQ1RK1 b - - 0 14,vssf_2400,10,-1.321,0.0,0.77,0.01,quiet,1,0,0,0,
rnbqkbnr/1p3pp1/p2pp2p/8/3QP2P/2P1B3/PP2NPP1/RN2KB1R b KQkq - 0 7,vssf_2400,0,0.57,0.0,1.89,0.81,quiet,0,0,0,0,
8/6pk/2R5/1P6/7p/5P2/3K4/8 w - - 0 46,vssf1_win_d8,117,10.716,0.0,6.18,-0.0,quiet,0,1,0,0,
8/5p2/p1pk3p/4p1n1/R5P1/PP6/4K1P1/8 w - - 0 35,vssf1_win_d8,112,0.427,0.0,1.49,-0.25,quiet,1,0,0,0,
5k2/3R4/6Rp/p7/P1p2rP1/8/1PP3P1/6K1 w - - 2 39,vssf1_win_d8,96,11.812,0.0,8.02,0.0,quiet,1,2,0,0,
5rk1/ppp2ppp/3p4/4q3/8/3Q1PP1/PPP4P/R5K1 w - - 0 23,vssf1_win_d8,64,-1.27,0.0,-1.6,-1.23,quiet,0,1,0,0,
4r1k1/1R2pb2/r4p2/2p2Q2/p2p4/P2P2P1/4PK1P/8 b - - 2 36,vssf1_win_d8,69,4.892,0.0,3.34,2.27,quiet,1,1,0,0,
6k1/6pp/5p2/p2pp3/2b3RP/5PR1/q2r2P1/3BK3 w - - 0 35,vssf1_win_d8,64,-14.656,-3.45,-9.69,0.0,ks,3,1,0,0,
5rk1/1pq2ppp/4pn2/p7/2B5/2n1P2P/P1P1QPP1/4K2R w K - 2 22,vssf1_win_d8,48,-5.292,0.0,-6.2,-0.22,quiet,1,0,0,0,
4qk1r/4b1pp/p4r2/1p1Q1R2/8/PB6/1PP3PP/4R1K1 b - - 4 27,vssf1_win_d8,32,4.605,2.16,5.12,3.71,quiet,0,2,0,0,
r5k1/5pbp/p5p1/1Pr2b2/6q1/2P1B3/P2N1P2/K1R1R3 w - - 0 33,vssf1_win_d8,42,-8.568,0.0,-13.32,0.0,quiet,1,0,0,0,
r1b1k1nr/pp1p1ppp/2q1p3/8/8/1N3P2/PPPQP1PP/R3KB1R b KQkq - 0 9,vssf_2400,21,-0.14,0.0,0.2,-0.31,quiet,0,1,0,0,
2kr3r/1ppnn1pp/p2Q1b2/4p3/2P1B3/2N1B2P/PP4P1/R4R1K b - - 0 21,vssf1_win_d8,32,10.704,2.16,12.17,0.0,quiet,0,2,0,0,
3rr1k1/p1p1nppp/1pb1pn2/3q4/P1NP3P/3BPN2/1PQR1PP1/4K2R b - - 0 18,vssf_2400,10,-0.392,0.0,-1.26,-0.69,quiet,0,1,0,0,
r2qkb1r/pppNpp1p/4b1p1/3n4/8/6P1/PP1PPPBP/RNBQK2R b KQkq - 0 7,vssf1_win_d8,5,2.016,0.0,3.73,0.04,quiet,0,1,0,0,
r1bqkb1r/1p3pp1/p1npp2p/8/2N1P1nP/2P1B3/PP2NPP1/R2QKB1R b KQkq - 6 10,vssf_2400,0,0.328,0.0,0.79,0.03,quiet,1,0,0,0,
8/8/P6p/3kppp1/8/1PK2P2/6PP/8 w - - 0 44,vssf1_def_d8,128,3.146,0.0,4.81,0.12,ks,2,3,0,0,
8/8/2rk1p2/8/1K3P2/8/8/8 w - - 0 58,vssf1_win_d8,117,-10.529,0.0,-5.6,-2.49,quiet,2,2,0,0,
8/3n4/2pk1p1p/4p3/PR4P1/1P6/3K2P1/8 b - - 6 39,vssf1_win_d8,112,1.294,0.0,2.53,-0.22,quiet,0,0,0,0,
8/5bk1/R7/7p/p1p5/4R1P1/PP5P/6K1 b - - 5 42,vssf1_win_d8,101,14.284,0.0,9.1,0.0,quiet,0,1,0,0,
r3r1k1/1R2pb2/5ppQ/p1p5/3p4/P2P2P1/4PP1P/6K1 w - - 0 30,vssf1_win_d8,69,3.412,0.0,3.26,1.69,quiet,0,1,0,0,
2Q1bk2/p3n1p1/6q1/8/2B1p2p/2P5/P4KPP/4R3 w - - 2 32,vssf1_win_d8,58,-2.497,-3.39,1.8,-0.84,ks,3,2,0,0,
2r1k3/1R2p2p/p2pp1p1/B7/2PbN3/1Q1P1KPq/P3P3/8 w - - 2 25,vssf1_win_d8,48,-7.419,-5.76,6.24,2.57,quiet,2,2,0,0,
4qk1r/4b1p1/p4r1p/1p1QR3/8/PB6/1PP3PP/4R1K1 b - - 1 28,vssf1_win_d8,32,6.062,1.44,4.07,1.74,quiet,1,2,0,0,
3r2k1/qp3ppp/4p3/2b1P3/b6P/3B1NP1/3BKP2/R6R w - - 5 31,vssf1_win_d8,48,-6.499,-2.34,-4.0,-2.17,ks,3,1,0,0,
r1b1kr2/pp1n2pp/4p3/3p4/5q2/1N6/PPPQ2PP/2KR1B1R w q - 4 18,vssf_2400,21,-1.148,0.0,-1.31,0.22,quiet,1,0,0,0,
4r1k1/4bppp/p1ppbn2/P7/1r2P1P1/2NqBP1P/4N3/R2R2K1 w - - 0 24,vssf1_win_d8,32,-7.457,0.0,-14.08,0.0,quiet,0,0,0,0,
rn1qrk2/pp3pp1/5n1p/2bpp3/8/1B1P1P1P/PPP3RP/RNB1Q2K b - - 1 16,vssf_2400,10,-0.871,0.0,-1.47,-0.08,quiet,1,1,0,0,
1qbQ1b1r/3n1k2/2B2p1p/5r1n/N5p1/2B3P1/PP3P1P/R3R1K1 w - - 0 31,vssf1_win_d8,5,3.947,1.26,7.03,7.2,ks,1,3,0,0,
r1bqkb1r/1p3pp1/p1npp2p/8/4P1nP/2P1B3/PP1NNPP1/R2QKB1R w KQkq - 5 10,vssf_2400,0,0.128,0.0,0.68,-0.1,quiet,1,0,0,0,
4k3/8/P7/4p2p/1P2P3/8/6K1/8 w - - 0 52,vssf1_def_d8,128,4.035,0.0,4.77,-0.29,quiet,0,0,0,0,
8/8/8/8/3rkp2/8/4K3/8 b - - 3 66,vssf1_win_d8,117,-13.776,0.0,-54.64,0.0,ks,3,1,0,0,
1k1r4/6pp/5p2/8/3PQ3/8/P4PPP/6K1 b - - 0 33,vssf1_win_d8,96,14.674,0.0,7.81,0.0,quiet,0,1,0,0,
3Q4/5pp1/1P2p1kp/2P5/3P4/4q2P/6PK/3r4 w - - 4 45,vssf1_win_d8,74,-4.634,0.0,-3.6,-5.89,quiet,2,1,0,0,
8/pp2ppkp/6p1/2P1P3/2B1b1P1/P1R4P/3r4/6K1 b - - 1 35,vssf1_win_d8,96,-1.905,0.0,-2.71,-3.28,quiet,2,2,0,0,
8/2k3r1/6p1/6R1/1RNK2P1/7p/6bP/8 w - - 1 47,vssf1_win_d8,85,8.571,0.0,6.35,3.14,quiet,1,2,0,0,
8/5R2/4p2p/pp2B1k1/1b1P2p1/1br5/4K2P/6R1 b - - 1 44,vssf1_win_d8,80,-2.547,0.0,-0.58,2.92,ks,3,3,0,0,
2rk4/1R2p1bp/p2pp1p1/8/2P5/1QNP1KPP/P2BP2q/8 b - - 4 22,vssf1_win_d8,48,-1.851,-2.88,5.32,0.52,quiet,1,1,0,0,
3q1rk1/5ppp/3p4/3P4/N2Qb1P1/4B2P/P1r2P2/R5K1 b - - 2 21,vssf1_win_d8,37,-0.741,0.0,-2.58,-1.65,quiet,2,1,0,0,
r4rk1/6p1/B1P1p3/3p3p/1b2nPn1/2p1P1P1/7P/R1B2RK1 w - - 2 26,vssf1_win_d8,58,-4.038,0.0,-5.45,-0.36,quiet,2,0,0,0,
r1b1k2r/pp1p1ppp/2q1pn2/8/8/1N3P2/PPPQP1PP/R3KB1R w KQkq - 1 10,vssf_2400,21,-0.72,0.0,0.08,-0.34,quiet,0,1,0,0,
2r1kb1r/ppq2p1n/b2p2p1/4p3/4P3/PPN3QP/2PN3P/R2K3R b k - 0 22,vssf1_win_d8,16,-10.279,-1.62,-7.04,-0.74,quiet,1,0,0,0,
rn1qr1k1/pp3pp1/2p2n1p/2bpp3/4P3/1B1P1PRP/PPP4P/RNB1Q2K b - - 4 14,vssf_2400,10,-1.023,0.0,-1.82,-0.47,quiet,1,1,0,0,
2kr3r/pb1pqp1p/np2p1pb/2pP4/2P1NN2/8/PP2BPPP/R1BQ1RK1 b - - 0 13,vssf1_win_d8,5,4.231,0.0,4.57,1.19,quiet,0,0,0,0,
r2qkbr1/pp1n1p1p/1nb1p3/4N3/3BP1p1/2PB2P1/PPN2P1P/R2QR1K1 b q - 1 15,vssf_2400,0,2.514,0.0,3.64,0.9,quiet,0,1,0,0,
8/7p/1K4p1/1p4P1/pk3P2/8/8/8 b - - 1 44,vssf1_def_d8,128,-8.188,0.0,-4.6,-0.32,quiet,1,1,0,0,
8/8/1KP2p2/5k2/8/4rP2/8/8 b - - 0 54,vssf1_win_d8,117,-7.651,0.0,-2.53,-0.59,quiet,0,1,0,0,
1kr5/4Q1p1/5p2/7p/3P4/8/P4PPP/6K1 w - - 2 35,vssf1_win_d8,96,14.635,0.0,7.8,0.0,quiet,0,1,0,0,
5k2/4n3/7R/5p2/1R2p3/4P3/5PKP/8 w - - 1 48,vssf1_win_d8,101,13.243,0.0,9.03,0.0,quiet,1,0,0,0,
8/pp1bppkp/6p1/2P1P3/4P1P1/P6P/3r4/2R2BK1 b - - 2 33,vssf1_win_d8,96,-0.646,0.0,-1.6,-0.62,quiet,1,1,0,0,
2r5/1RP3p1/4p3/3p1k2/5P1p/B2nPK1P/2p5/1n6 w - - 10 42,vssf1_win_d8,90,-9.311,0.0,-6.51,-0.82,ks,4,4,0,0,
8/pp3R2/4p2p/3bB1k1/1b1P2p1/1P6/2r4P/1R4K1 w - - 11 40,vssf1_win_d8,80,-0.248,0.0,-0.26,0.7,quiet,2,2,0,0,
7k/1R4r1/pN1R4/3Bp1p1/4P1b1/7r/PP1B4/6K1 b - - 0 30,vssf1_win_d8,64,10.23,-0.63,9.49,0.0,quiet,1,2,0,0,
1r3rk1/p3b1pp/B3p3/2Pp4/1P2nPn1/2p1P1P1/P6P/R1B2RK1 w - - 3 21,vssf1_win_d8,58,-3.463,0.0,-5.67,-0.51,quiet,2,0,0,0,
bnq3kr/2n3p1/2P2p1p/1P1pp3/3N4/1NQB1P2/5KPP/R7 w - - 0 30,vssf_2400,32,-2.108,-1.26,5.08,0.06,quiet,0,1,0,0,
r1kr4/1pp2pp1/p1bbq3/2PN4/1P2p1Pp/P4B2/1B3P1P/R2QR1K1 w - - 0 23,vssf1_win_d8,16,4.089,0.0,4.47,0.13,quiet,1,1,0,0,
3r1k1r/2q1bbp1/1pn2p2/p1p1p2p/P3P2P/R1QPBNPB/1P3P2/2R3K1 w - - 4 24,vssf_2400,10,-0.045,0.0,0.66,0.8,quiet,0,0,0,0,
2k1r2r/pb1pq2p/np2p2b/2pP1pp1/2P5/2NN4/PP2BPPP/R1BQR1K1 b - - 1 16,vssf1_win_d8,5,4.141,0.0,4.21,0.71,quiet,0,0,0,0,
rn1q1rk1/pp1b1ppp/2pb1n2/3pp1N1/4P3/1B1P1P2/PPP3PP/RNB1QRK1 w - - 1 10,vssf_2400,0,-0.615,0.0,-3.18,-2.62,quiet,0,1,0,0,
8/1pp2ppp/p7/3k3P/1P3PP1/P3K3/8/8 b - - 0 34,vssf1_def_d8,128,-0.829,0.0,-1.26,0.11,ks,1,3,0,0,
1k6/pp3p2/8/8/4pP1r/1P6/5P2/4K3 w - - 0 41,vssf1_win_d8,117,-11.202,0.0,-7.46,0.0,quiet,0,0,0,0,
8/2b5/2p1k3/p1p2p1p/2Pp1PpP/PP1P2P1/4K3/4N3 b - - 18 51,vssf1_win_d8,117,0.669,0.0,0.21,-0.1,quiet,2,2,0,0,
8/p6R/8/1r6/8/2p5/K5k1/7q w - - 0 67,vssf1_win_d8,85,-14.925,0.0,-13.25,0.0,ks,3,1,0,0,
8/8/1p3k1p/pP3p2/P3rn1P/1K2b3/8/5R2 w - - 4 47,vssf1_win_d8,96,-14.508,0.0,-9.15,0.0,quiet,2,1,0,0,
6k1/4pp1p/3p2p1/2pP2P1/3nB3/1p1P2P1/r1R5/1R2K3 b - - 0 41,vssf1_win_d8,85,-4.031,0.0,-0.02,-0.66,quiet,1,0,0,0,
5kr1/3P1p1p/pp6/b1p5/8/3PRQ2/1PP3Pq/R4K2 b - - 0 31,vssf1_win_d8,48,5.483,1.8,9.83,8.21,ks,3,3,0,0,
1R5R/1p2bkp1/p1p2p1p/3p4/q2P2P1/2B2N1P/1P3P2/1b4K1 b - - 3 32,vssf1_win_d8,64,2.022,1.02,-2.08,0.38,quiet,0,2,0,0,
1r4k1/2p2p1p/p3b3/3pN1PP/3P1P2/q3BB2/P6r/2Q2K2 b - - 4 31,vssf1_win_d8,42,-6.655,-0.54,-4.44,-2.67,quiet,1,1,0,0,
2k2q1r/pp4p1/n1p1R1Qp/3n1p2/1P6/P7/2BB1PPP/5RK1 w - - 1 25,vssf1_win_d8,32,6.815,0.0,7.49,0.92,quiet,0,0,0,0,
bnq2k1r/2n3p1/2P1pp1p/1P1p4/3N4/1NQ2P2/4BKPP/7R w - - 1 28,vssf_2400,32,-1.181,0.0,5.52,1.32,quiet,0,0,0,0,
r1kr4/1pp2pp1/p1bbq3/2PN4/1P2B1Pp/P7/1B3P1P/R2QR1K1 b - - 0 23,vssf1_win_d8,16,5.336,0.0,8.26,1.82,quiet,1,1,0,0,
3r1k1r/2q2b2/1pn5/p5pp/PbpNP3/2R1B1PB/1P1Q1P2/3R2K1 b - - 1 30,vssf_2400,10,0.876,0.0,0.07,0.66,quiet,0,0,0,0,
r1b1kbr1/1p2p3/pq1p1n2/1Np1BP2/2P1P1pp/3P4/PP2NPBP/R2Q1RK1 b q - 0 14,vssf1_win_d8,5,3.324,0.0,4.46,0.49,quiet,0,0,0,0,
rnbqk2r/pp3ppp/2pb1n2/3Pp1N1/8/1B1P4/PPP2PPP/RNBQK2R b KQkq - 0 7,vssf_2400,0,0.511,0.0,-1.64,-1.67,quiet,0,1,0,0,
5k2/1pp2ppp/p7/8/1P5P/P3KPP1/8/8 b - - 0 31,vssf1_def_d8,128,-0.781,0.0,-0.99,-0.46,quiet,0,0,0,0,
8/pp1r3p/7P/P6P/8/8/8/4k1K1 w - - 0 55,vssf1_win_d8,117,-10.602,0.0,-6.45,-0.28,quiet,1,1,0,0,
8/3kb3/2p5/p1p2p1p/2Pp1PpP/PP1P2P1/2N2K2/8 b - - 30 57,vssf1_win_d8,117,0.599,0.0,0.32,0.23,quiet,2,0,0,0,
k7/1R6/3N1b2/p7/2K5/pPP1P1P1/6PP/2r5 w - - 3 46,vssf1_win_d8,96,6.076,0.0,2.77,-0.0,ks,3,2,0,0,
6rk/1p6/8/2r4P/4RP2/2b5/4K2R/8 b - - 2 53,vssf1_win_d8,80,-4.575,0.0,-2.01,0.58,quiet,1,0,0,0,
3r1k2/3b3p/5p2/2pRpP1P/8/2PP2R1/1r4P1/4KB2 w - - 0 32,vssf1_win_d8,74,0.274,0.0,-0.2,-0.89,quiet,1,1,0,0,
1R5R/1p2bkp1/p1p2p1p/3p4/3Pb1PP/2B5/1P3P2/3qN1K1 w - - 1 35,vssf1_win_d8,64,-2.346,-1.38,-4.92,-3.84,quiet,1,2,0,0,
1r4k1/2p1qp1p/p1Q1b3/3pN1PP/3P1P2/4BB2/P6r/5K2 b - - 2 30,vssf1_win_d8,42,-3.416,0.36,-5.9,-4.15,quiet,1,1,0,0,
2k2q1r/ppn3p1/2P3Qp/3nR3/5p2/P7/2BB1PPP/5RK1 b - - 0 27,vssf1_win_d8,32,11.393,4.5,13.66,7.55,quiet,0,1,0,0,
6k1/2R2pp1/r6p/1N1p4/1b1Pn1q1/1P2B3/5P1P/1B2nQ1K w - - 5 33,vssf_2400,32,-2.692,-2.7,-5.01,-6.38,quiet,2,1,0,0,
r7/1p3kq1/p1nbpnr1/3p1p2/N2P1P2/P3PQP1/1PB4P/2R2K1R w - - 3 28,vssf1_win_d8,16,-0.408,0.0,-3.35,0.08,quiet,0,0,0,0,
3r1k1r/2q1bb2/1pn2pp1/p3p2p/P1p1P2P/R2PBNPB/1P1Q1P2/2R3K1 w - - 0 26,vssf_2400,10,0.962,0.0,-0.16,0.99,quiet,0,0,0,0,
r4rk1/1bb1qppp/p3p3/n3P3/PpBPnR2/1P1QP2P/N1P3P1/R1B4K b - - 2 19,vssf1_win_d8,5,-3.313,0.0,-5.08,-1.38,quiet,0,1,0,0,
rn1qnrk1/pbppb1pp/1p2p3/4Pp2/2PP4/3BBN2/PPQ2PPP/RN2K2R b KQ - 3 9,vssf_2400,0,0.48,0.0,0.34,0.21,quiet,0,0,0,0,
8/7p/6p1/3kp3/PK4pP/8/8/8 b - - 0 60,vssf1_def_d8,128,-6.54,0.0,-4.65,-0.33,quiet,1,1,0,0,
8/4K3/2N5/2p5/3P4/2P5/3k4/8 w - - 1 64,vssf1_def_t1,122,9.167,0.0,4.15,0.23,quiet,0,0,0,0,
3b4/3k4/2p5/p1p2p1p/P1Pp1PpP/1P1P2P1/2N2K2/8 w - - 29 78,vssf1_win_d8,117,0.804,0.0,0.56,0.23,quiet,2,0,0,0,
8/p4p2/2B2k2/P4npp/5n2/8/8/6K1 b - - 7 47,vssf1_win_d8,112,-13.925,0.0,-6.89,0.0,quiet,1,0,0,0,
4r1k1/pp4pp/5p2/3P4/q7/8/P2Q1PPP/6KR b - - 0 34,vssf1_win_d8,64,0.443,0.0,-0.95,0.0,quiet,0,0,0,0,
5k2/3Qn1p1/8/5q2/2B1p3/2P4P/P6P/4KR2 b - - 2 37,vssf1_win_d8,64,10.403,0.63,7.17,0.0,quiet,1,2,0,0,
r1k5/pp1r4/2p1N2p/6p1/1P6/6P1/P4K1P/1RBQ4 w - - 2 28,vssf1_win_d8,64,13.261,0.87,14.03,0.0,quiet,0,2,0,0,
3R3R/1p2bkp1/p1p2p1p/3p4/q2P2P1/2B2N1P/1P3P2/1b4K1 w - - 2 32,vssf1_win_d8,64,2.274,1.02,-2.65,0.38,quiet,0,2,0,0,
r3kb1r/1pp2pp1/4p3/p2pP2P/5P1q/2N1P3/PPP4P/R2Q1RK1 b kq - 0 14,vssf1_win_d8,32,-0.872,-1.26,0.3,-1.16,quiet,1,0,0,0,
3r3k/p4pp1/5n1p/PPp5/2Pq1Pb1/R2Br1P1/5Q1P/5RK1 w - - 0 27,vssf1_win_d8,26,-4.292,0.0,-5.01,-1.46,quiet,0,1,0,0,
r4r1k/pp2q2n/2nbp3/3p1p1Q/3P4/2NBP1P1/PP3P1P/2R1K2R w K - 0 19,vssf1_win_d8,16,1.176,1.98,-0.94,1.22,quiet,0,1,0,0,
r3k2r/3qnppp/p3p3/1p1pP2b/nR1P1B2/2PB1N1P/P1Q2PP1/4R1K1 w kq - 0 20,vssf_2400,10,3.375,0.0,2.59,0.45,quiet,0,0,0,0,
2k4r/ppq1ppb1/3rb2p/2p5/1nN2B1P/1N1P2P1/PP2QPB1/R4RK1 w - - 6 19,vssf1_win_d8,5,6.852,0.0,6.77,1.85,quiet,0,1,0,0,
r2qnrk1/pbp1bppp/1pnpp3/4P3/2PP4/3B1N2/PP3PPP/RNBQR1K1 w - - 0 10,vssf_2400,0,1.078,0.0,1.78,0.78,quiet,0,1,0,0,
8/8/k7/4p3/1P5P/4PP2/1P3KP1/8 w - - 0 44,vssf1_def_d8,128,11.307,0.0,7.38,0.88,quiet,0,1,0,0,
8/7k/4R2p/6pK/8/6P1/6P1/8 b - - 7 54,vssf1_def_t1,117,10.947,0.0,5.91,1.09,ks,3,2,0,0,
8/4R1p1/4p1k1/pp2P2p/5P2/5K2/1r6/8 w - - 0 47,vssf1_win_d8,106,-5.915,0.0,-4.64,-0.46,ks,2,3,0,0,
6k1/p4pp1/2B5/7p/P4n1P/6n1/7K/8 b - - 0 41,vssf1_win_d8,112,-10.255,0.0,-5.56,-1.66,quiet,2,0,0,0,
6k1/4b2p/pp6/3pP1p1/3Pn1r1/PP4P1/8/2R3K1 w - - 0 33,vssf1_win_d8,96,-12.252,0.0,-8.66,0.0,quiet,1,0,0,0,
r3kn2/4n1Q1/2p3p1/p3N3/2pP1p2/2P4P/PP3PP1/6K1 b q - 1 25,vssf1_win_d8,80,9.785,0.0,7.22,5.95,quiet,0,2,0,0,
r1k5/pp1r4/2p1N2p/6p1/1P6/5QP1/P4K1P/1RB5 b - - 3 28,vssf1_win_d8,64,14.402,1.14,14.09,0.0,quiet,0,1,0,0,
7k/6p1/p1B1b1np/2R2pq1/P3p3/B3P3/5PPP/2R3K1 w - - 12 41,vssf1_win_d8,64,-0.095,0.0,1.48,-0.35,quiet,1,0,0,0,
2k4r/1pp2p2/4p3/p2pP1pr/1b3P1q/2N1P3/PPP2RQP/3R2K1 w - - 0 19,vssf1_win_d8,32,-1.437,-1.26,-1.87,-2.39,quiet,1,0,0,0,
r4r1k/p4pp1/2p2n1p/P3q3/1PP5/3BP1Pb/5P1P/1R1QK2R w K - 0 19,vssf1_win_d8,26,-2.506,0.0,-3.72,-1.71,quiet,1,1,0,0,
6k1/1pR2pp1/4qn1p/1N1p4/1b1P4/1P1BBn2/r4P1P/5Q1K w - - 2 24,vssf_2400,32,-2.656,-1.62,-2.45,-1.34,quiet,1,2,0,0,
2r2k2/1b2Rppr/q4n2/1N6/P1p1P2p/3P1N1P/PB3QP1/5RK1 b - - 0 34,vssf1_win_d8,16,1.511,0.0,8.22,1.24,quiet,0,1,0,0,
3rrk2/3n1ppb/1p1q1n2/2p4p/2P5/1R1pPNPP/5PB1/1Q1R1NK1 b - - 11 28,vssf_2400,10,-2.356,0.0,-1.62,-0.14,quiet,0,0,0,0,
rnb3nr/p1q1pkb1/1ppp2p1/7p/2PP2P1/1P1BP2P/P2N1P2/R1BQK2R w KQ - 0 12,vssf1_win_d8,5,-0.001,1.26,1.06,2.55,quiet,0,1,0,0,
r2qnrk1/pbp1bppp/1pnpp3/4P3/2PP4/2NB1N2/PP3PPP/R1BQR1K1 b - - 1 10,vssf_2400,0,1.343,0.0,2.19,0.83,quiet,0,1,0,0,
2k5/2p2p2/2p2p1p/p7/3P4/5K2/PP3P1P/8 w - - 2 29,vssf1_def_d8,128,-0.366,0.0,-0.34,-0.4,quiet,0,0,0,0,
1R6/8/8/1p6/5K1k/1P6/8/8 b - - 5 83,vssf1_def_d8,117,11.752,0.0,5.48,2.39,quiet,1,1,0,0,
1k5r/1p4R1/2p5/2Pp4/5P2/2PKP3/PP6/8 w - - 1 46,vssf1_win_d8,106,6.101,0.0,4.53,0.15,quiet,1,1,0,0,
r6k/Np4pp/p3P3/8/8/6P1/Pn2P2P/4K3 b - - 0 30,vssf1_win_d8,106,-8.628,0.0,-5.73,-0.58,quiet,1,0,0,0,
8/2R1b1kp/pp6/3pP1p1/3Pn3/PP4r1/8/5K2 b - - 1 35,vssf1_win_d8,96,-12.502,0.0,-9.44,0.0,quiet,2,1,0,0,
5k2/r1pp2p1/ppB1p2r/4P1pp/2PP4/P5P1/4PP1P/R4RK1 b - - 0 21,vssf1_win_d8,80,2.994,0.0,5.46,0.3,quiet,0,0,0,0,
3kn2r/8/3p4/pR1P3p/P2P1p1K/5rPB/8/2R5 w - - 0 42,vssf1_win_d8,74,0.379,0.0,2.75,2.85,ks,4,2,0,0,
2kr4/ppq5/4p2Q/2npP3/2pB2Pp/8/PP2B3/5RK1 w - - 1 28,vssf1_win_d8,48,1.879,0.0,2.86,-1.27,quiet,0,0,0,0,
6r1/R2n2rk/3p1p1p/2pPp3/4P2P/2PP1BPb/1R1B1K2/8 w - - 1 41,vssf1_win_d8,64,0.388,0.0,2.35,-0.58,quiet,2,1,0,0,
1r3rk1/4np1p/5b2/1p1p3n/1Q6/5N1P/PP3PP1/R4RK1 w - - 3 26,vssf1_win_d8,42,4.883,0.0,6.28,0.93,quiet,0,0,0,0,
4k2r/1p3p2/2q1bp2/p2p3p/1b5N/2r3PP/PQ2PPB1/R2R2K1 w k - 6 21,vssf_2400,21,-1.188,0.0,0.07,0.09,quiet,0,0,0,0,
r3k2r/pp2qpp1/3pbn1p/2p1p3/2PNP3/3PB1PP/PP3PB1/R2Q1RK1 b kq - 0 13,vssf1_win_d8,16,2.85,0.0,5.48,0.4,quiet,0,0,0,0,
3rr1k1/p1qn1pp1/1p3n2/P1p2b1p/2P5/3pPNPP/1R1N1PB1/QR4K1 w - - 1 22,vssf_2400,10,-2.085,0.0,-1.54,-0.27,quiet,0,0,0,0,
rn2k1nr/pp3pb1/2p1p1p1/3p2qp/P2P1N2/4P3/1PPN1PBP/R1BQ1RK1 b kq - 3 14,vssf1_win_d8,5,3.9,0.0,3.6,-0.2,quiet,1,0,0,0,
1nkr3r/1p3pb1/2p2n1p/q2p2pb/Pp1PP3/5PP1/QB1N2NP/R3RBK1 b - - 0 21,vssf_2400,0,-0.347,0.0,0.21,0.45,quiet,0,0,0,0,
8/2p2pK1/2p5/p4p1P/3k4/8/PP3P2/8 w - - 0 35,vssf1_def_d8,128,1.366,0.0,2.08,-0.66,quiet,1,2,0,0,
8/7p/8/5p1P/3k3r/6K1/8/8 b - - 6 63,vssf1_def_d8,117,-14.104,0.0,-6.81,-3.06,quiet,2,0,0,0,
6R1/kp3P2/2p5/2Pp4/8/2PKP3/P4r2/8 w - - 3 50,vssf1_win_d8,106,5.173,0.0,4.54,-0.44,quiet,2,2,0,0,
5k2/5ppp/4p3/4P2P/1P3PP1/1R4K1/2n1q3/8 b - - 2 43,vssf1_win_d8,90,-13.08,0.0,-9.4,0.0,quiet,1,0,0,0,
2r2krR/1R6/8/2P4p/4p3/6P1/5PK1/8 w - - 4 52,vssf1_win_d8,85,1.229,0.0,2.37,1.5,quiet,2,2,0,0,
6k1/6pp/p7/R3Rp2/4BP2/4P1K1/1p1r2P1/3q4 w - - 0 36,vssf1_win_d8,69,-4.914,0.0,-6.75,-4.52,ks,3,0,0,0,
6k1/q5n1/4npQp/PRp5/2Pp3N/3P2P1/5P1P/6K1 b - - 1 46,vssf1_win_d8,58,10.563,2.04,8.9,6.34,quiet,0,1,0,0,
4r1k1/pp3p2/7p/1Pn2R2/2Pb1P2/6qP/P4QB1/7K b - - 4 31,vssf1_win_d8,48,-11.976,1.26,-3.82,0.02,quiet,1,1,0,0,
3r4/RR1n2rk/3p1p2/2pPp2p/4P1PP/2PP1B1b/3B1K2/8 w - - 0 43,vssf1_win_d8,64,1.412,0.0,3.17,-0.7,quiet,1,1,0,0,
r3k2r/4np1p/5b2/1p1p2Nn/1Q6/7P/PP3PP1/R4RK1 b kq - 0 24,vssf1_win_d8,42,6.035,2.52,6.86,2.76,quiet,0,2,0,0,
4k2r/1p1q1p2/4bp2/p2p3p/1b5N/2r3PP/PQ2PPB1/R2R2K1 b k - 5 20,vssf_2400,21,-2.048,0.0,0.2,0.09,quiet,0,0,0,0,
r1b1kn1r/1p3p2/pn4p1/3pP2p/1P1N4/3B4/P2N1PPP/R1B2RK1 w kq - 1 16,vssf1_win_d8,48,5.945,0.0,5.89,0.48,quiet,0,0,0,0,
r2qr1k1/1p2bppp/p3b3/3pp3/2P1n3/1P2QNPP/PB3P2/RN2K2R w KQ - 2 19,vssf_2400,10,-6.132,-2.52,-6.69,-2.96,quiet,1,0,0,0,
r3k1nr/pp1n1pb1/2p1p1pq/3p3p/P2PPN2/5N2/1PP2PBP/R1BQ1RK1 b kq - 0 16,vssf1_win_d8,5,3.39,0.0,4.07,0.0,quiet,0,0,0,0,
1n5r/qpk2p2/1Np2b1p/P6K/1p1rn1p1/1Q2NbP1/1B3p1P/R1R2B2 b - - 3 31,vssf_2400,0,-10.362,-0.72,-14.94,-10.04,ks,6,3,0,0,
8/6pp/3k4/7P/1p6/5K2/8/8 b - - 1 48,vssf1_def_d8,128,-6.306,0.0,-3.14,-0.07,quiet,0,0,0,0,
8/2P4p/8/3n4/2K5/6kp/8/8 b - - 6 69,vssf1_def_d8,122,-12.383,0.0,-3.63,-0.53,quiet,1,0,0,0,
8/8/p1p5/3p3k/2PB3b/3P4/3K4/8 b - - 0 47,vssf1_win_d8,117,-0.196,0.0,-0.06,0.66,quiet,1,0,0,0,
8/4b3/4kp2/3p4/3R2p1/6P1/1P2PP2/2R3K1 b - - 0 32,vssf1_win_d8,101,13.198,0.0,9.17,0.0,quiet,0,1,0,0,
2r3k1/1R5R/2P5/6r1/4p3/6P1/5PK1/8 w - - 1 56,vssf1_win_d8,85,4.694,0.0,3.75,1.78,quiet,2,2,0,0,
2n3kr/2B2ppp/2B1p3/8/8/4PN2/1P3PPP/6K1 b - - 0 25,vssf1_win_d8,96,6.69,0.0,4.68,0.26,quiet,0,0,0,0,
8/2kn4/2pNp3/p1Pn3p/1rR1B3/1P1P2P1/P3PK1P/8 w - - 4 43,vssf1_win_d8,85,6.868,0.0,4.96,0.88,quiet,1,2,0,0,
6r1/R2n2rk/3p1p1p/2pPp3/4P1PP/2PP1B1b/1R1B1K2/8 b - - 0 41,vssf1_win_d8,64,0.283,0.0,2.36,-0.63,quiet,1,1,0,0,
1k1r1b1r/2pq4/4pPpP/p2p4/NpP2P2/1P3Q2/P4R2/R1B3K1 w - - 1 24,vssf1_win_d8,26,1.267,0.0,5.21,-0.6,quiet,0,0,0,0,
r1b1k1nr/2p5/p1n1pp2/3pP2p/1p1P1N2/3B1N1R/PPPK1Pp1/R7 w kq - 0 22,vssf_2400,53,-0.128,0.0,-1.69,0.08,quiet,1,0,0,0,
r1b1nk2/1p3p2/pn4pr/3pP2p/1P1N1P2/3B4/PBRN2PP/5RK1 w - - 7 21,vssf1_win_d8,48,6.371,0.0,7.36,0.38,quiet,0,0,0,0,
r1bk1b1r/1p3ppp/2n5/p1pNP3/4nB2/2P2NP1/PP2PP1P/R3KB1R b KQ - 0 12,vssf_2400,42,3.423,0.0,2.5,0.93,quiet,1,1,0,0,
r1b2rk1/ppq1ppbp/6p1/n2N3n/3P4/Q2BPN2/PP3PPP/R3K2R b KQ - 0 12,vssf1_win_d8,5,-2.472,0.0,-2.01,0.8,quiet,0,0,0,0,
2kr3r/1pqn1pb1/2p1pnpp/3p4/PpPP2bN/4P1P1/1B1N1P1P/R2QRBK1 w - - 2 16,vssf_2400,0,-1.923,0.0,-1.35,0.67,quiet,0,0,0,0,
8/5pp1/4k2p/pp2P2P/3K1P2/8/8/8 b - - 5 50,vssf1_def_d8,128,-5.542,0.0,-3.66,0.22,ks,2,3,0,0,
8/8/6p1/1p3p2/2k2N1P/p5P1/4KP2/8 w - - 2 47,vssf1_def_d8,122,2.75,0.0,-0.54,0.42,quiet,1,2,0,0,
2k5/8/8/BPP1p1Pn/4P2P/3K4/8/8 b - - 2 55,vssf1_win_d8,117,13.987,0.0,8.9,1.31,quiet,1,1,0,0,
8/2k5/6pp/2N5/P1nPP3/2B2PK1/1P6/8 b - - 0 46,vssf1_win_d8,112,14.768,0.0,7.49,0.0,quiet,0,1,0,0,
6k1/1p3p2/p1n1p1p1/P2PP3/1P6/2B5/6rp/2KR4 b - - 0 47,vssf1_win_d8,96,-5.378,0.0,-3.67,-0.77,quiet,1,0,0,0,
6kr/2BBnppp/4p3/8/8/4PN2/1P3PPP/6K1 b - - 2 26,vssf1_win_d8,96,6.245,0.0,4.03,0.23,quiet,0,0,0,0,
2k2br1/1pp3pp/8/pPn1Q3/3B3P/P2qP3/5P2/3RK3 b - - 0 27,vssf1_win_d8,48,-5.341,-0.18,-3.86,-0.72,quiet,1,1,0,0,
1r1k4/ppp1r3/3pB3/1P2bPPb/1R1N4/3P4/P1P4P/4RK2 w - - 3 34,vssf1_win_d8,64,3.788,0.0,4.17,-0.12,quiet,1,1,0,0,
r5nQ/2pqkp2/p3p3/2n1P3/Pp6/3B1b1P/RPP2PP1/3NK2R b K - 0 19,vssf_2400,26,7.15,1.08,2.02,0.05,quiet,1,2,0,0,
r1b2k1r/1p3p2/pn2n1p1/3pP2p/1P1N1P2/3B4/PB1N2PP/2R2RK1 b - - 2 18,vssf1_win_d8,48,6.192,0.0,6.36,0.42,quiet,0,0,0,0,
2rq1rk1/1p1n1pb1/2b1p1p1/p5Pp/3PBB1N/P6P/1PQ1PP2/R2R2K1 b - - 0 21,vssf_2400,10,2.047,0.0,-0.14,0.15,quiet,0,0,0,0,
r2q1r1k/pp2Npbp/6p1/n6n/3P2b1/Q2BPN2/PP3PPP/2R1K2R w K - 3 15,vssf1_win_d8,5,-0.385,0.0,-1.08,0.24,quiet,0,1,0,0,
1nkr3r/qp3pb1/2p2n1p/P5pb/1pNP4/5pP1/QB4NP/R3RBK1 w - - 0 24,vssf_2400,0,-3.272,0.0,-3.25,0.41,quiet,1,0,0,0,
8/p7/1p2kp2/3p2p1/P5P1/1PP4p/4K2P/8 w - - 1 43,vssf1_def_d8,128,-2.251,0.0,-1.32,-0.33,quiet,0,1,0,0,
8/5k2/5p2/3n1K2/8/8/8/8 w - - 4 58,vssf1_def_d8,122,-10.209,0.0,-3.27,-2.62,ks,3,1,0,0,
1R6/4p3/p5pp/4k3/7P/1P2n3/r7/6K1 b - - 5 40,vssf1_win_d8,101,-10.684,0.0,-7.97,-3.32,quiet,2,0,0,0,
2k2r2/1pb5/2p3R1/p2pN3/3P1P2/2PKP3/PP6/8 b - - 5 39,vssf1_win_d8,96,5.26,0.0,2.9,-0.11,quiet,1,1,0,0,
3r4/6kp/6p1/4qp2/Pp2b3/2p1P3/4R1PP/Q6K b - - 1 31,vssf1_win_d8,58,-8.385,0.0,-10.48,-1.1,quiet,2,0,0,0,
3r2k1/5p2/3P1b2/3P4/2P5/p4PPK/4pqB1/2R1R3 b - - 0 47,vssf1_win_d8,64,-7.056,-1.65,-6.57,-1.08,quiet,2,0,0,0,
2k2br1/1pp3pp/6q1/pPnQ4/3B3P/P3P3/5P2/3RK3 b - - 4 29,vssf1_win_d8,48,-1.8,1.26,-3.64,-0.94,quiet,0,1,0,0,
5k1r/3b2b1/p3qp1p/4p2Q/1N1pP1pP/3P2B1/PPR2PP1/6K1 w - - 0 24,vssf1_win_d8,42,1.789,0.0,2.38,1.36,quiet,0,1,0,0,
5k1r/2q1npp1/b1pRp3/1p2P3/pP1BP3/P5PP/n5B1/NQ4K1 b - - 8 33,vssf_2400,32,1.885,0.0,0.04,-0.3,quiet,0,0,0,0,
1r1qk2r/p1pn1p1p/2Q2np1/2Ppp3/7N/3BP3/PP1B1PPP/1R3RK1 b k - 1 14,vssf1_win_d8,16,6.231,0.0,5.56,0.66,quiet,0,1,0,0,
3rr1k1/1p1qnppp/p2p1n2/P1pP1b2/2N5/N5P1/1P3PBP/3QRRK1 w - - 1 23,vssf_2400,10,-2.237,0.0,-0.99,-0.19,quiet,0,0,0,0,
r1b2rk1/ppq1ppbp/6p1/n2p3n/3P4/Q1NBPN2/PP3PPP/R3K2R w KQ - 0 12,vssf1_win_d8,5,-3.707,0.0,-3.57,0.19,quiet,0,0,0,0,
r1b2rk1/1pq1ppb1/1np4p/3p2p1/p2P2nP/P1PQBNP1/1P1NPPB1/R1R3K1 b - - 0 17,vssf_2400,0,1.978,0.0,-0.45,0.04,quiet,1,1,0,0,
8/8/1p6/4k3/2Pp4/5K2/1PP5/8 w - - 0 44,vssf1_def_d8,128,0.811,0.0,0.63,-0.38,quiet,2,2,0,0,
8/5k2/5p2/8/1n2K3/8/8/8 w - - 2 57,vssf1_def_d8,122,-9.531,0.0,-2.75,0.19,quiet,2,0,0,0,
8/1k6/2bR4/5Kp1/6P1/P6P/8/8 b - - 0 46,vssf1_win_d8,112,7.091,0.0,5.64,0.17,quiet,2,1,0,0,
8/R3p3/p5pp/3nk3/7P/1P6/r7/6K1 w - - 2 39,vssf1_win_d8,101,-10.822,0.0,-7.43,-1.67,quiet,1,0,0,0,
2k5/1R3pr1/4R3/p1Np4/2p4p/P7/1P3PPP/5K2 b - - 0 32,vssf1_win_d8,90,11.139,0.0,10.38,0.0,quiet,1,2,0,0,
3r4/6kp/pp4p1/2p1qp2/2P1b3/P3P3/4R1PP/2Q3K1 b - - 0 26,vssf1_win_d8,58,-7.266,-1.17,-7.24,-0.69,quiet,2,0,0,0,
4k2r/1Bppbppp/pp6/2n5/2P2P2/P1N2P2/1P2P2R/5K2 w k - 1 19,vssf1_win_d8,85,-1.989,0.0,-1.06,-0.38,quiet,0,0,0,0,
1r2k3/1bQn1pp1/pp2p2r/3P3p/3PP3/6P1/P2K1P1P/2R1R3 w - - 2 23,vssf1_win_d8,53,7.687,1.95,7.83,0.93,quiet,0,1,0,0,
3q1rk1/1b2npp1/pN2p2p/2R1P3/Pp1p4/1Q1P4/1P2BPPP/6K1 w - - 1 24,vssf1_win_d8,42,0.983,0.0,-0.15,-0.11,quiet,1,0,0,0,
6k1/5ppp/1pr1pq2/7n/1P1Nn3/P2Q1NP1/4PP1P/1r3BK1 w - - 0 25,vssf1_win_d8,37,-2.371,-1.44,-6.85,-1.56,quiet,2,0,0,0,
r2qr1k1/4bppp/1p6/p1Pp4/5N2/P1Q1PbP1/1P1B1P1P/R4KR1 w - - 0 20,vssf_2400,21,-0.467,0.0,-0.8,-0.68,quiet,1,1,0,0,
5rk1/rpp2qp1/3p3p/bP2pN1P/p3P1P1/Pb3B2/1RQN4/4K2n w - - 1 31,vssf1_win_d8,21,-7.831,-1.62,-8.13,0.0,quiet,2,1,0,0,
r2r4/3bbpk1/2ppp3/p1n5/PqPN4/2NBP1P1/1PQ2P1P/2KR3R b - - 4 19,vssf_2400,10,4.79,0.18,0.51,-0.24,quiet,1,1,0,0,
r3k2r/4b3/p1n2np1/1p1q1pN1/2pP1Bp1/N1P5/PP5P/R2QRBK1 b kq - 3 22,vssf1_win_d8,5,2.324,-0.72,5.19,1.24,quiet,2,2,0,0,
r3k2r/1p1nppbp/1qb3p1/p2p3n/3P4/2N1BNPP/PPQ1PPB1/R4RK1 b kq - 6 13,vssf_2400,0,0.909,0.0,2.13,0.18,quiet,0,0,0,0,
8/8/1p6/8/2Pp4/5k2/1PPK4/8 w - - 4 46,vssf1_def_d8,128,0.905,0.0,1.74,0.39,quiet,2,1,0,0,
8/5p2/5k2/P1np3P/8/4K3/P7/8 b - - 2 44,vssf1_def_d8,122,-4.572,0.0,-1.66,0.11,quiet,2,1,0,0,
8/1p1r2pp/p3k3/1pB1P3/5P2/1P4PP/P3K3/8 b - - 0 33,vssf1_win_d8,112,1.073,0.0,-2.0,0.1,ks,1,3,0,0,
3k4/6R1/1pp5/p1p1P3/P1P2P2/1P4b1/2P2BK1/8 b - - 0 63,vssf1_win_d8,106,12.389,0.0,8.73,0.0,quiet,1,1,0,0,
q4b1k/2R4p/6p1/4P3/5P2/6PP/3Q3K/8 b - - 0 43,vssf1_win_d8,69,8.438,0.0,6.17,0.96,quiet,1,1,0,0,
6k1/4bppp/2p5/7P/8/5q2/4rP2/Q5KR w - - 0 37,vssf1_win_d8,58,-12.097,-3.39,-9.38,-4.92,quiet,2,1,0,0,
8/3n1pk1/3R4/5pB1/1n1P4/5BP1/5PKP/1r6 b - - 6 37,vssf1_win_d8,85,7.269,0.0,3.93,1.16,quiet,1,2,0,0,
1r2k2r/1bQn1pp1/pp2p3/3P3p/3PP3/6P1/P2K1P1P/2R1R3 b - - 1 22,vssf1_win_d8,53,6.731,1.95,7.62,0.93,quiet,0,1,0,0,
1k1r4/2p2pp1/pp2qn2/n2p4/5Q1P/3PB1P1/PPP2PB1/1K1R4 b - - 4 26,vssf1_win_d8,42,1.044,0.0,2.13,0.47,quiet,0,1,0,0,
1r2k3/4p1bN/2n3p1/1p3r2/1n1PQ3/BP5P/5PP1/5RK1 b - - 0 27,vssf1_win_d8,48,6.148,1.98,5.01,1.62,quiet,1,2,0,0,
1qr1r1k1/5ppp/2P2b2/p1Q5/3p1N2/P3PbP1/1P1B1P1P/2R2KR1 w - - 2 25,vssf_2400,21,-0.723,0.0,-0.33,-1.07,quiet,1,1,0,0,
r2q3r/5pk1/b2b4/p1pBp3/P2n3P/2QP2P1/1P3P2/R1B1K2R b KQ - 0 19,vssf1_win_d8,16,0.737,2.16,-3.84,-0.6,quiet,1,2,0,0,
r1bk3r/pppn2pp/2nq1p2/1B1Np3/4P3/4Q3/PPPN1PPP/2KR3R b - - 0 13,vssf_2400,10,1.394,0.0,2.07,0.85,quiet,0,1,0,0,
r2qk1nr/ppp2ppp/1b1pB3/4p3/1P1nP3/P1NP4/2P2PPP/1RBQK1NR b Kkq - 0 8,vssf1_win_d8,5,4.205,0.0,3.6,0.56,quiet,1,1,0,0,
r1bq1rk1/ppp1bppp/3ppn2/3Pn3/2P2B2/P1N1P1P1/1P3P1P/R2QKBNR b KQ - 0 8,vssf_2400,0,0.216,0.0,-0.82,-0.24,quiet,0,0,0,0,
5k2/8/5P2/4K3/8/8/8/8 w - - 1 89,v3_s2,128,4.949,0.0,0.0,0.0,quiet,0,1,0,0,
8/8/P7/5Kp1/4B3/7k/1p6/8 b - - 0 64,vssf1_def_d8,122,6.745,0.0,4.31,0.46,quiet,2,2,0,0,
5b1k/2R5/6p1/4P2p/5P2/6PP/q2QK3/8 b - - 15 51,vssf1_win_d8,69,8.049,0.0,4.79,-1.31,quiet,1,1,0,0,
5k2/5P2/5bp1/p4pNp/2K2P1P/P3R1P1/1B5q/8 b - - 0 48,vssf1_win_d8,80,-5.143,0.0,2.38,10.55,ks,2,3,0,0,
4r2r/pp1k1ppp/8/3P4/3P4/PPNn3P/6PB/R4K2 b - - 2 22,vssf1_win_d8,80,0.548,0.0,-2.34,0.51,quiet,2,2,0,0,
5rk1/p2b1p1p/3p2p1/3Pp3/1q2P1PP/1Pn2P2/2B4R/Q3K3 b - - 1 30,vssf1_win_d8,48,-4.943,0.0,-5.13,-1.3,quiet,1,0,0,0,
2r1k3/q2n1p1r/2p1p1pp/8/2P5/2BQ2P1/PP2PP1P/R2R2K1 b - - 1 22,vssf1_win_d8,32,3.514,0.0,5.38,1.18,quiet,1,1,0,0,
r2qr1k1/1p2bppp/8/p1Pp4/4bN2/P1Q1P1P1/1P3P1P/R1B1K1R1 w Q - 2 18,vssf_2400,21,-1.078,0.0,-1.79,-0.83,quiet,0,1,0,0,
r2q1rk1/4ppbp/p4np1/1p1pP3/5BP1/2N4P/PP2PPb1/R2Q1RK1 w - - 0 15,vssf1_win_d8,16,-2.141,0.0,-4.54,-0.53,quiet,1,0,0,0,
1rb1k1nr/1pq2p2/pN1ppbp1/3P3p/2P4P/P3B1PB/5P2/1R1Q1K1R w k - 4 18,vssf_2400,10,0.122,0.0,1.89,1.21,quiet,0,1,0,0,
r1b1kbnr/1p3p1p/p1N2q2/2Pp2p1/5B2/6P1/PPP1PP1P/RN1QKB1R b KQkq - 0 9,vssf1_win_d8,5,3.872,0.0,5.08,0.37,quiet,0,1,0,0,
2r2rk1/p1nbqppp/1p1bpn2/1Ppp4/2PPP2P/P4NP1/2QN1PB1/R1B1R1K1 b - - 0 15,vssf_2400,0,-0.644,0.0,0.67,-0.3,quiet,0,0,0,0,
8/8/6p1/3K3p/5k2/8/8/8 w - - 2 91,v3_s2,128,-6.187,0.0,-2.41,0.11,quiet,1,1,0,0,
8/8/1p2k3/p4p1p/P6P/6P1/4K3/1r6 b - - 1 49,vssf1_def_d8,117,-11.75,0.0,-6.81,0.0,quiet,1,0,0,0,
1N6/8/p7/6p1/3kn1p1/1P6/P4PPP/4K3 b - - 3 38,vssf1_win_d8,117,4.98,0.0,1.39,0.03,quiet,1,2,0,0,
8/6rp/1ppk4/p1p5/P1P1R3/1P1r4/5K2/8 w - - 4 45,vssf1_win_d8,96,-12.512,0.0,-7.62,0.0,quiet,2,2,0,0,
3r4/kp4Rp/p1p2pb1/8/3P4/2P2N2/PP3K2/4r3 w - - 0 30,vssf1_win_d8,85,-7.526,0.0,-6.97,-1.58,quiet,1,1,0,0,
2r4k/p2n1p1p/1p2pp2/8/3PQ3/4P1P1/PP2KP2/R1B3q1 w - - 13 27,vssf1_win_d8,53,-3.509,-1.47,-1.53,-1.96,quiet,1,1,0,0,
r3r2k/pp4pp/8/q7/1bQp4/7P/1P3PP1/2BK1R2 w - - 2 27,vssf1_win_d8,42,-13.229,-4.14,-10.7,-4.64,quiet,2,1,0,0,
2r1k3/q2npp1r/2p3pp/8/2P5/2BQ2P1/PP2PP1P/R4RK1 b - - 3 21,vssf1_win_d8,32,3.277,0.0,3.75,0.65,quiet,1,1,0,0,
4r1kr/1RP3p1/2n2p1p/P3n3/4B2N/2K1BP2/2P3PP/R7 b - - 2 30,vssf1_win_d8,58,9.519,0.0,7.47,0.0,quiet,2,1,0,0,
1rbqk3/p3ppb1/1p4p1/2n5/P1NP1N2/4P1P1/1Q3P2/R3K2B b Q - 0 21,vssf_2400,32,2.115,1.98,2.6,3.85,quiet,0,0,0,0,
r3qrk1/pp1bbppp/4p3/8/2Ppn3/P5P1/1BQPPPBP/R3K2R w KQ - 0 15,vssf1_win_d8,16,-1.655,0.0,-4.84,-0.65,quiet,1,0,0,0,
r1b2rk1/p1q2ppp/n3pb2/1pP5/4Q3/PN2PNP1/1PR1P2P/4KB1R b K - 1 15,vssf_2400,10,0.631,0.0,0.18,-0.53,quiet,0,1,0,0,
2kr1bnr/1p3ppp/p1n2q2/2Ppp3/8/2Nb2P1/PPP1PP1P/R1BQKBR1 w Q - 0 11,vssf1_win_d8,5,-3.92,-1.44,-3.82,0.19,quiet,2,0,0,0,
rn1q1k1r/1bb2pp1/1p2pn1p/2Pp4/1P1P4/2B2N2/2QNBPPP/R3K2R b KQ - 0 15,vssf_2400,0,-0.186,0.0,1.07,0.23,quiet,0,0,0,0,
8/8/4k3/p5K1/P3p3/4P3/5P2/8 b - - 9 55,v3_s1,128,1.231,0.0,0.91,-0.47,quiet,1,1,0,0,
8/8/1p6/8/2Pk4/7r/4K3/8 w - - 3 79,vssf1_def_d8,117,-10.514,0.0,-5.55,-2.0,quiet,2,2,0,0,
8/8/pN1n4/6p1/3k2p1/1P6/P4PPP/4K3 w - - 0 37,vssf1_win_d8,117,5.352,0.0,2.0,0.1,ks,0,3,0,0,
8/1kp5/3p4/p1pP2P1/qrP1Q3/6K1/5P2/8 b - - 2 51,vssf1_win_d8,74,-6.422,0.0,-6.5,-4.66,quiet,0,1,0,0,
5b1k/2R2Q2/6p1/4P3/5PP1/5K2/8/1q6 b - - 0 57,vssf1_win_d8,69,8.13,0.0,10.43,14.34,quiet,1,1,0,0,
2r4k/6bp/6p1/p3p2b/P6P/1P1P1P2/8/1K3R1R b - - 0 31,vssf1_win_d8,85,-1.576,0.0,-2.22,-0.1,quiet,1,0,0,0,
5b1r/1p1k2p1/3P2R1/3n3p/5B2/p3P3/P4PPP/4K2R w K - 3 29,vssf1_win_d8,80,7.631,0.0,4.15,1.81,ks,0,3,0,0,
r5k1/4b1pp/3p4/2qPp3/2N5/1P2P3/r1P3PP/1K1R3R b - - 1 25,vssf1_win_d8,53,-13.028,-2.28,-10.81,0.0,quiet,2,0,0,0,
5k2/p2q3p/1n1p2p1/2r1bp2/2PN4/P2Q1N2/1P3PPP/4R1K1 w - - 1 28,vssf1_win_d8,42,1.544,0.0,2.3,0.97,quiet,1,0,0,0,
Nq3rk1/pp5p/2n1b1p1/2Qp4/4p3/2P3P1/PP2PPB1/R3K2R w KQ - 0 19,vssf1_win_d8,32,5.685,1.44,4.19,0.1,quiet,1,2,0,0,
1Q1qk2b/p1r2p1p/6r1/6pb/5P2/4P1P1/PP1B2BP/R1R3K1 w - - 6 30,vssf1_win_d8,21,3.571,1.8,5.47,2.49,quiet,0,1,0,0,
2rqk2r/pp1b1p1p/2n1p3/1Bp2p2/8/1P2PN2/PbPP2PP/1R1Q1RK1 w k - 0 14,vssf1_win_d8,16,-3.175,0.0,-3.33,-0.09,quiet,0,0,0,0,
1nq2k1r/1b4p1/2P1pp1p/1P1p4/1b1Nn3/1N6/1BQ1BPPP/5K1R b - - 2 23,vssf_2400,21,-0.407,0.0,3.7,-0.11,quiet,2,0,0,0,
r4rk1/pp1b2pp/2p2n2/q3np2/1bP4N/1P2P1PP/P1Q1NPB1/R4K1R b - - 6 20,vssf1_win_d8,5,-4.214,0.0,-5.08,-0.29,quiet,1,0,0,0,
r1b1k2r/ppp1q1bP/3p1n2/2n5/2P2Q2/2N1P2P/PP3P2/R1B1KBNR b KQkq - 2 11,vssf_2400,0,2.072,0.0,1.2,-0.72,quiet,0,0,0,0,
8/2p5/8/p1k5/P7/8/8/4K3 w - - 1 73,v3_s1,128,-1.528,0.0,-1.0,0.23,quiet,0,1,0,0,
8/8/8/3q4/KP6/6p1/5k2/8 b - - 0 59,vssf1_def_d8,106,-22.904,0.0,-12.2,0.0,quiet,1,0,0,0,
8/8/p7/6p1/1P1K2N1/1k6/3n1PPP/8 w - - 1 50,vssf1_win_d8,117,5.814,0.0,1.84,0.48,quiet,2,1,0,0,
2r5/4kp2/4p3/1PP3p1/2KNP1Pp/3R3P/8/8 b - - 0 38,vssf1_win_d8,101,11.702,0.0,7.46,-0.03,quiet,2,2,0,0,
6k1/2R4R/2pp1pP1/3b4/p2P2P1/P6P/1rP5/6K1 b - - 0 36,vssf1_win_d8,90,6.497,0.0,5.89,3.92,ks,1,3,0,0,
5k2/2p2ppp/3p4/3R2R1/1r3P2/1q3P2/7P/3NK3 b - - 3 37,vssf1_win_d8,69,-8.397,0.0,-6.33,-0.6,quiet,1,1,0,0,
r4k1r/1p6/p6q/3b4/PP3P2/6P1/4Q3/1N4K1 w - - 2 34,vssf1_win_d8,53,-12.526,-1.47,-10.45,0.0,quiet,2,1,0,0,
r7/1p2rkpQ/p3N3/2P5/5Pp1/4P3/qB4PP/5RK1 b - - 0 24,vssf1_win_d8,42,15.969,8.64,11.51,13.81,ks,0,3,0,0,
3R1bk1/pp4pp/n7/8/2N1P3/P1N5/1PP2rqP/2K1R3 b - - 4 24,vssf1_win_d8,53,-4.693,0.0,-5.42,-0.86,quiet,1,1,0,0,
Nqb2rk1/pp3p1p/2n3p1/2Qp4/4p2P/2P3P1/PP2PPB1/R3K2R w KQ - 4 17,vssf1_win_d8,32,4.786,0.0,4.9,-0.22,quiet,0,1,0,0,
r4rk1/1ppbq1pp/3bpp2/p7/2P5/PP1PPN1P/1Q4P1/R3KB1R b KQ - 4 20,vssf1_win_d8,21,-1.137,0.0,-2.21,-0.32,quiet,0,0,0,0,
r1b1k2r/pp2Npp1/2n3q1/4p3/2PpN2p/P2P1Q1B/1P3PPP/R4RK1 b kq - 0 18,vssf1_win_d8,16,3.999,1.62,6.36,1.4,quiet,1,2,0,0,
r1b2rk1/pp4pp/2p2n2/q3np2/1bP5/1P2PNPP/P1Q1NPB1/R4K1R b - - 4 19,vssf1_win_d8,5,-4.086,0.0,-4.39,-0.23,quiet,1,0,0,0,
r1b1k2r/pppnq1bp/3p1nP1/4p3/2PP4/2N1P2P/PP3P2/R1BQKBNR w KQkq - 1 9,vssf_2400,0,3.211,0.0,2.38,0.02,quiet,0,1,0,0,
5k2/5p2/1p6/p7/5K2/1P6/8/8 b - - 3 59,v3_s0,128,-5.031,0.0,-1.88,-0.17,quiet,0,0,0,0,
8/5p2/pp1b1P2/5kPK/PP6/8/8/8 b - - 0 60,vssf1_def_d8,122,-6.507,0.0,-3.99,-0.15,quiet,2,2,0,0,
8/8/p7/1n2N1p1/2K3p1/1P6/k4PPP/8 w - - 2 46,vssf1_win_d8,117,5.344,0.0,2.05,-0.83,ks,3,1,0,0,
3R4/8/8/4p3/3bP3/3k1K2/r7/8 w - - 20 68,vssf1_win_d8,101,-8.22,0.0,-2.91,-1.03,ks,4,2,0,0,
6k1/2R5/3R4/8/p2Pb1P1/P1P4P/5K2/2r5 b - - 2 44,vssf1_win_d8,90,8.723,0.0,7.38,-1.17,quiet,2,1,0,0,
2R1qk2/6R1/p4B1p/3n1p2/P7/4P2P/5PP1/6K1 w - - 5 52,vssf1_win_d8,74,6.484,0.0,6.43,9.82,ks,0,3,0,0,
3Q4/5ppk/7p/8/3P4/1q2n3/1r4P1/4N1NK w - - 6 43,vssf1_win_d8,58,-3.896,0.0,-5.53,-1.05,quiet,2,1,0,0,
1rq4r/6k1/b4p2/p7/P1PRB2P/2P3P1/5P2/4K2R b K - 0 27,vssf1_win_d8,53,-6.773,0.0,-9.23,0.0,quiet,0,1,0,0,
3R1bk1/pp4pp/n7/8/2N1P3/P1N5/1Pr3qP/3KR3 b - - 1 25,vssf1_win_d8,53,-9.824,-3.42,-7.95,-4.85,quiet,2,1,0,0,
N1b2rk1/pp2np1p/6p1/3pPq2/4p2P/2P3P1/PP2PPB1/R2QK2R b KQ - 0 14,vssf1_win_d8,32,5.709,-1.26,5.29,-0.41,quiet,1,0,0,0,
r4rk1/1ppbq1pp/5p2/p1b1p3/2P1P3/PP1P1N1P/1Q2B1P1/R3K2R b KQ - 2 22,vssf1_win_d8,21,-1.472,0.0,-2.95,-0.75,quiet,1,0,0,0,
r1bqr1k1/p5bp/1p1p2p1/nPp5/Q1P3N1/P1Bp3P/5PP1/R4K1R w - - 2 20,vssf1_win_d8,16,-6.351,0.0,-7.74,0.28,quiet,2,1,0,0,
r4k1r/2q2pp1/b1p1p2n/1p2P3/pP6/P3P1pP/n4PB1/NRBRQ1K1 w - - 0 26,vssf_2400,10,-0.29,0.0,-1.91,-0.79,quiet,1,0,0,0,
1r1q1rk1/1p1b1pb1/p1np2pp/2p4n/2P2p1P/P1NPP1P1/1PQN1PB1/R2K3R w - - 0 16,vssf1_win_d8,5,-3.27,0.0,-6.67,-1.66,quiet,0,0,0,0,
r3k3/1ppbq1r1/3p1n1b/p1n5/2PN3P/2N1P1Q1/PP3P2/R1B1KB1R w KQq - 3 16,vssf_2400,0,2.894,0.0,0.53,-0.67,quiet,0,0,0,0,
8/5p2/6p1/6Pk/p1K2P2/4P3/8/8 b - - 0 70,v3_s0,128,-0.009,0.0,-0.56,0.44,quiet,1,2,0,0,
5b2/5p2/pp1k1P2/3P2P1/P7/1P6/6K1/8 w - - 1 56,vssf1_def_d8,122,-0.372,0.0,-2.41,-0.28,quiet,0,2,0,0,
4k3/1p5r/p7/P1PPp3/1R2p2P/4K3/7P/8 b - - 0 36,vssf1_win_d8,106,2.726,0.0,4.76,0.21,quiet,2,0,0,0,
5Q2/4K1R1/4P3/1p5p/7k/P7/5r2/8 b - - 0 50,vssf1_win_d8,85,14.18,0.0,12.13,0.0,quiet,1,1,0,0,
8/1Q2nk2/3p4/p2p2P1/P4p2/1P6/4RPPK/1q6 b - - 6 39,vssf1_win_d8,69,4.808,0.0,7.45,8.08,ks,2,3,0,0,
5bk1/4Q2p/p1p4q/5p2/3p1p2/1P1P2P1/2P4P/R3R1K1 w - - 0 26,vssf1_win_d8,58,10.986,0.42,7.82,0.0,quiet,1,1,0,0,
4r1k1/p5p1/3R1b1p/1pr5/2P5/1P6/P1RN1PPP/6K1 w - - 2 24,vssf1_win_d8,74,1.644,0.0,1.87,0.01,quiet,0,0,0,0,
1rq4r/6k1/8/p4p2/P1bRB2P/2P2PP1/8/4K2R w K - 0 29,vssf1_win_d8,53,-8.587,0.0,-9.83,0.0,quiet,1,0,0,0,
r1r3k1/4n2p/1p4p1/5p2/P2qp3/7P/2B1QPP1/1R3K1R w - - 0 26,vssf1_win_d8,32,-1.951,0.0,-1.92,0.31,quiet,1,0,0,0,
4k2r/4pp1p/3p2p1/3P4/prn4N/6PB/bb2RP1P/3R2K1 w k - 0 28,vssf1_win_d8,58,-7.802,0.0,-7.34,0.34,quiet,0,2,0,0,
1n4kr/2q2pb1/p3p3/Nn1p2pp/8/1BP5/1P3PPP/R2Q1RK1 w - - 2 26,vssf1_win_d8,26,0.369,0.0,1.45,0.18,quiet,1,0,0,0,
1rbqkb1r/pp1npp2/6p1/8/2NP3p/P3PBP1/1Q3P1P/R3K1NR b KQk - 2 16,vssf_2400,10,0.237,0.0,-0.0,0.3,quiet,0,0,0,0,
3n2kr/2qbRp2/3p2pb/1r1P3p/5Q2/P1N2N1P/RPB2PP1/2B3K1 w - - 7 28,vssf1_win_d8,5,9.493,1.26,10.97,2.39,quiet,0,2,0,0,
r3k2r/pppbq1bP/3p1n2/2n5/2P2Q2/2N1P2P/PP3P2/R1B1KBNR w KQkq - 3 12,vssf_2400,0,1.856,0.0,1.25,-0.74,quiet,0,0,0,0,
8/8/1k6/8/6K1/2p5/8/8 w - - 0 54,t11_d12,128,-4.316,0.0,-47.97,0.0,quiet,0,0,0,0,
8/pp5P/8/r7/8/4k3/8/2K5 b - - 0 74,vssf1_def_d8,117,-11.01,0.0,-6.85,0.0,quiet,1,1,0,0,
8/p4p2/1p2pk2/P1p4R/5P1p/1PPK4/3P3r/8 b - - 1 33,vssf1_win_d8,106,-4.26,0.0,-2.45,0.85,quiet,2,2,0,0,
8/4k1pp/pp6/2pnr3/8/7P/6P1/R6K b - - 5 47,vssf1_win_d8,101,-12.869,0.0,-7.33,0.0,quiet,0,0,0,0,
1R6/2pk2pp/1b6/4p3/NPP5/P7/2r5/7K b - - 4 37,vssf1_win_d8,96,-3.519,0.0,-3.5,-3.18,quiet,2,1,0,0,
3r2k1/pp3ppp/2pP4/8/P6P/5Pq1/1P4P1/n2Q1K1R w - - 2 34,vssf1_win_d8,58,-2.983,0.0,-3.28,-1.14,quiet,1,0,0,0,
5q1k/6pp/2RN4/1p1p1r2/1P1p4/6P1/3BQP1P/6K1 b - - 2 30,vssf1_win_d8,53,7.507,0.0,8.86,0.0,quiet,1,0,0,0,
3r3k/6p1/2n1r3/2N2q2/1PQp1P2/8/6PP/5RK1 w - - 0 35,vssf1_win_d8,42,-1.201,0.0,-2.97,-0.11,quiet,0,0,0,0,
1n1r1k1r/4n3/6p1/p2p1p1p/P2N4/8/1PP1BPPP/R3R1K1 b - - 5 22,vssf1_win_d8,64,1.034,0.0,2.83,0.71,quiet,0,0,0,0,
2rr2k1/ppp2p1p/8/2b5/P4N2/1n1P2PP/1P3PQq/1RBK4 b - - 2 24,vssf1_win_d8,32,3.419,-1.26,-7.34,-1.56,quiet,1,0,0,0,
r5kr/p2nb2p/np1p2p1/2p5/2P1N3/4PN2/PP3PPP/R1B2RK1 w - - 3 19,vssf1_win_d8,53,1.453,0.0,2.39,0.62,quiet,0,0,0,0,
r1bqr1k1/pp5p/3p2pb/nPp2p2/Q1P1P3/P2P1N1P/1B3PP1/R3K2R w KQ - 0 16,vssf1_win_d8,16,-3.469,0.0,-2.7,0.71,quiet,1,1,0,0,
r2qr1k1/pp3p1p/3p2p1/4bbPn/1pP1N3/1N1B1P2/P3Q2P/2R1K1R1 b - - 1 20,vssf1_win_d8,10,-2.99,0.0,-4.42,-0.8,quiet,0,0,0,0,
r2qkb1r/2p1np1p/p1n3p1/1p1p1PN1/4p3/1BP4Q/PP1P1PPP/RNB2RK1 b kq - 1 11,vssf1_win_d8,5,5.029,0.0,3.91,0.56,quiet,0,1,0,0,
r3k2r/1p1q1pp1/p1n2n2/2bp1b1p/8/5NPP/PPN1PPB1/R1BQ1RK1 w kq - 0 13,vssf_2400,0,-2.084,0.0,-0.08,-0.5,quiet,1,0,0,0,
8/8/p3k2p/P4p2/2K5/5PP1/8/8 w - - 0 63,sfelo2400_mob,128,0.122,0.0,0.57,-0.31,quiet,2,1,0,0,
2R5/8/2Pk4/8/3K4/8/8/8 b - - 8 76,vssf1_def_d8,117,12.957,0.0,54.55,0.0,ks,1,3,0,0,
3k4/5p2/R5p1/8/1P6/3K1Pb1/P5P1/8 w - - 1 44,vssf1_win_d8,112,7.192,0.0,5.64,0.39,quiet,0,0,0,0,
8/8/1p2p3/4Pkp1/4Nn1p/2B5/PP5K/8 w - - 1 37,vssf1_win_d8,112,0.348,0.0,1.22,0.98,ks,2,3,0,0,
1R6/2pk2pp/8/4p3/NPPb4/P7/2r5/7K w - - 5 38,vssf1_win_d8,96,-3.767,0.0,-3.97,-3.25,quiet,2,1,0,0,
kq1r4/1R6/pQ2P3/3p4/2pB2P1/5K2/PP6/8 b - - 0 41,vssf1_win_d8,58,2.185,0.87,9.82,4.2,quiet,2,2,0,0,
2k1r3/1p3p2/1Bn3p1/4P2p/P1P1BP2/1P4Pb/3R1K1P/8 w - - 1 40,vssf1_win_d8,85,6.379,0.0,5.68,0.85,quiet,1,2,0,0,
4r1k1/1p3pp1/p4n1p/P3Qb1P/8/2N1NPP1/8/4R1K1 b - - 0 30,vssf1_win_d8,64,3.103,0.0,11.71,0.0,quiet,0,0,0,0,
5k1r/3nn3/1r4p1/pN3p1p/P7/5B2/1PP2PPP/3RR1K1 b - - 2 27,vssf1_win_d8,64,3.221,0.0,4.34,0.79,quiet,0,1,0,0,
2r2rk1/ppp1bp1p/8/8/P2n1N2/6PP/1P1P1P1q/R1B1KQ2 w Q - 0 21,vssf1_win_d8,32,-8.243,-2.52,-7.26,-1.89,quiet,2,0,0,0,
3kn2r/pr1npQ2/1p3b2/2p1p2p/1BP1N3/6PB/PP5P/3R3K w - - 2 25,vssf1_win_d8,42,9.59,2.7,11.09,4.07,ks,0,3,0,0,
r4knr/3bq1p1/1RpNp1Q1/4Pp1p/3P4/p1NB4/P4PPP/5RK1 w - - 0 26,vssf1_win_d8,16,6.354,0.0,7.91,1.83,quiet,0,2,0,0,
2kr3r/pp2qpp1/2n1bn1p/1Npp4/7N/1P1P2PP/P3PPB1/2RQK2R w K - 5 15,vssf1_win_d8,10,-0.718,0.0,-1.2,0.54,quiet,0,1,0,0,
r2qkb1r/2p1np1p/p1n3p1/1p1p2N1/8/1BP2Q2/PP3PPP/RNB2RK1 b kq - 2 14,vssf1_win_d8,5,7.186,2.34,6.26,2.5,quiet,0,2,0,0,
r2qk1nr/1bp1bppp/p1npp3/4P3/Pp1P4/3B4/1PP1QPPP/R1BNK1NR w KQkq - 2 9,vssf_2400,0,-1.039,0.0,-0.29,0.11,quiet,0,0,0,0,
8/8/7p/6p1/8/7k/5K2/8 w - - 2 78,sfelo2400_base200,128,-6.432,0.0,-1.69,0.06,quiet,1,1,0,0,
8/2r4p/3k2p1/8/1p6/7P/5KP1/8 b - - 1 58,vssf1_def_d8,117,-12.734,0.0,-6.72,0.0,quiet,0,0,0,0,
1R6/5pk1/3p4/p6p/8/P6P/1P5K/3N4 b - - 0 40,vssf1_win_d8,112,12.518,0.0,9.27,0.0,quiet,0,1,0,0,
3r3k/4R3/8/R6p/8/3p4/3K4/8 b - - 0 51,vssf1_win_d8,96,5.016,0.0,4.09,1.27,quiet,2,1,0,0,
8/3n1kp1/6p1/p3B3/Npr5/4K2P/PP3PP1/8 w - - 0 34,vssf1_win_d8,101,-0.303,0.0,-1.63,-0.53,quiet,1,1,0,0,
2r2k2/4b3/PB3p2/3Kp3/7p/2P5/8/R6R b - - 4 39,vssf1_win_d8,85,9.535,0.0,6.41,-0.92,ks,4,0,0,0,
2k1r3/1p3p2/1Bn3p1/3BPb1p/2P2P2/PP4P1/3R1K1P/8 b - - 6 37,vssf1_win_d8,85,6.568,0.0,4.94,0.24,quiet,0,1,0,0,
4r1k1/5qr1/2pR3p/2p2p2/2P1pPp1/PPQ1P3/1B5P/3R2K1 w - - 4 40,vssf1_win_d8,37,10.266,1.8,7.39,0.35,quiet,0,1,0,0,
3r2k1/1p3pp1/2p1n1p1/q3P3/p1P5/r4P2/3pQBPP/3R1RK1 b - - 1 29,vssf1_win_d8,32,-2.517,0.0,-3.92,0.03,quiet,0,0,0,0,
r2q1rk1/pp2bpp1/3p3p/2pPp3/8/PP1PnNP1/3QPP2/2R1K2B w - - 0 20,vssf1_win_d8,32,-5.221,0.0,-7.68,0.0,quiet,1,0,0,0,
1rb1k2r/1p2b1pp/p4q2/3Q1p2/2B1p3/P1N5/1PP2PPP/3R1RK1 w k - 4 17,vssf1_win_d8,21,1.933,0.0,3.15,2.67,quiet,0,1,0,0,
r2q1rk1/p3bppp/2p5/2P1p3/4N2N/4P2b/PPQ2P1P/R1B3KR b - - 0 15,vssf1_win_d8,16,1.594,0.0,1.05,-0.61,quiet,1,0,0,0,
r3k2r/pp3pp1/2nq1n1p/2pp4/6bN/1PNP2P1/P3PPBP/R2QK2R w KQkq - 6 12,vssf1_win_d8,10,-1.207,0.0,-1.49,-0.52,quiet,1,0,0,0,
r2qkb1r/1p1b1ppp/p1Pp1n2/2p1p3/2P5/P1N1PN2/1P2BPPP/R1BQ1RK1 b kq - 0 10,vssf1_win_d8,5,4.062,0.0,5.6,0.08,quiet,0,1,0,0,
rnbqk2r/1p2bppp/5n2/p1pp4/3P4/3BPNP1/PP1N1P1P/R1BQK2R w KQkq - 0 9,vssf_2400,0,0.678,0.0,1.75,1.4,quiet,0,0,0,0,
8/8/5k2/5P2/6K1/8/8/8 b - - 0 71,sfelo2400_base200,128,4.418,0.0,0.0,0.0,quiet,1,2,0,0,
8/5kpp/1p2pn2/8/4P1PP/p4P2/6K1/8 w - - 0 41,vssf1_def_d8,122,-9.751,0.0,-8.83,-0.06,quiet,0,0,0,0,
8/r7/8/8/2k5/8/7K/3R4 b - - 0 76,vssf1_win_d8,106,0.025,0.0,-0.16,1.1,quiet,0,1,0,0,
3n2k1/5ppp/1p6/3B4/p1P3P1/P3r3/8/6K1 b - - 4 48,vssf1_win_d8,106,-12.566,0.0,-7.91,0.0,quiet,0,1,0,0,
8/3nk3/R3ppp1/7p/pP2P2P/6PN/r7/6K1 b - - 3 51,vssf1_win_d8,96,-2.549,0.0,-3.05,0.04,quiet,1,1,0,0,
5k2/1r2b3/1p2p2p/5p1P/1r1P1P2/5K2/3R4/N7 b - - 1 43,vssf1_win_d8,85,-10.441,0.0,-7.66,0.0,quiet,1,0,0,0,
2k1r3/1pp3qp/p2p2p1/8/6P1/3n4/PPP2QP1/R1B4K w - - 0 25,vssf1_win_d8,53,0.227,0.0,-5.9,-5.76,quiet,0,0,0,0,
2r3k1/5ppp/5n2/ppPbN3/3P4/4RPP1/r7/2R3K1 w - - 0 36,vssf1_win_d8,69,-5.799,0.0,-5.78,-0.85,quiet,1,1,0,0,
2k5/1p2q2r/rn2p3/p1p1N1pp/P1P1P3/1P1Q4/3R1PPP/3R2K1 b - - 4 35,vssf1_win_d8,32,5.01,1.8,5.48,3.47,quiet,0,2,0,0,
1r3k1r/3Qnpp1/1p1Np3/p2nP1Bp/8/8/PP2BPPP/R5K1 w - - 2 22,vssf1_win_d8,48,13.027,1.26,11.47,0.0,ks,0,3,0,0,
3q1rk1/Q3bppp/3p4/3P4/6b1/2N1B2P/Pr3PP1/R3K2R b KQ - 0 16,vssf1_win_d8,21,0.303,0.0,-0.13,-0.6,quiet,2,0,0,0,
rr4k1/1b2bppp/pP1ppn2/p2n4/P2P2P1/1Q3N1P/1P2PP2/1K1R1B1R w - - 1 19,vssf1_win_d8,32,4.886,0.0,4.7,-0.38,quiet,0,0,0,0,
rnbq1rk1/pp3pp1/5n1p/2pp4/5Q2/1P1P1NP1/P2NPP1P/R3KB1R b KQ - 2 10,vssf1_win_d8,10,-0.02,0.0,-1.31,-0.07,quiet,0,0,0,0,
2kr3r/1pq3pp/pn1bp3/2p2b2/4NP1N/1P2P3/P2BB1PP/R2Q1RK1 b - - 0 15,vssf1_win_d8,5,0.43,0.0,4.62,0.27,quiet,0,0,0,0,
rn2k2r/pp3pb1/2pqpnp1/3p1b2/1PPP4/P3PNPp/1B1N1P1P/R2QKB1R w KQkq - 2 14,vssf_2400,0,-0.853,0.0,0.05,-0.09,quiet,0,0,0,0,
8/5KP1/7k/7P/8/4P3/8/8 w - - 3 81,sfelo2000,128,8.811,0.0,7.27,0.54,quiet,1,2,0,0,
8/8/p7/8/1P2kp2/6pp/8/5Kn1 w - - 0 73,vssf1_def_d8,122,-15.379,0.0,-7.33,0.0,ks,3,0,0,0,
8/8/5R2/8/8/1k6/3K4/1r6 w - - 23 88,vssf1_win_d8,106,-0.1,0.0,0.13,-1.04,quiet,2,1,0,0,
6nR/1k5P/4p3/1P3pP1/2PPp3/1P6/4K3/2b5 b - - 0 43,vssf1_win_d8,106,2.041,0.0,7.11,0.35,quiet,2,1,0,0,
5k2/1R4p1/5p1p/r1p1p3/n1K5/3NP2P/5PP1/8 b - - 0 38,vssf1_win_d8,96,-2.019,0.0,1.25,-0.04,ks,4,1,0,0,
r5k1/1R6/3N1n2/p7/3N4/6K1/PP6/8 w - - 0 39,vssf1_win_d8,90,8.517,0.0,4.6,0.45,quiet,1,2,0,0,
2r3k1/p1q2p2/6pp/3pp3/8/P1PnPP1P/3NK1P1/1R5R b - - 2 24,vssf1_win_d8,64,-8.167,0.0,-7.15,0.0,quiet,1,0,0,0,
2r3k1/pp3ppp/5n2/4Nb2/3P4/2P2RP1/P3rP2/2R3K1 b - - 7 31,vssf1_win_d8,69,-5.708,0.0,-4.71,-0.58,quiet,1,1,0,0,
2k5/1p2q2r/rn2p3/p1p1N1pp/P1P1P3/1P1Q4/R4PPP/3R2K1 w - - 3 35,vssf1_win_d8,32,4.823,1.8,4.37,2.15,quiet,0,2,0,0,
r1b1k2r/1p2b3/pq6/3p4/PP3P2/2PBRQP1/8/1N4K1 b kq - 4 26,vssf1_win_d8,32,-1.15,1.26,-4.97,-1.58,quiet,1,1,0,0,
r4rk1/p2n1pp1/8/4p1pb/1b5P/1P2PP2/3N4/3RKBNR b K - 0 22,vssf1_win_d8,53,-1.958,0.0,-3.46,-0.54,quiet,1,0,0,0,
r1bqr1k1/pp3pp1/7p/2Rp4/1n3Q2/1P1P1NP1/P2NPnBP/2K4R b - - 1 15,vssf1_win_d8,10,0.25,0.0,-3.46,-2.4,quiet,2,1,0,0,
r1bqkb1r/pp2pppp/5n2/2pP4/2n4P/2N1P3/PP3PP1/R1BQK1NR w KQkq - 0 8,vssf1_win_d8,5,-5.126,0.0,-4.22,0.24,quiet,1,0,0,0,
r2qr1k1/pp3pbp/n2p2p1/2p2bPn/2P1N3/1N1BBP2/PP5P/R2QK1R1 b Q - 0 15,vssf1_win_d8,0,-1.945,0.0,-3.03,-0.7,quiet,0,0,0,0,
3k4/8/8/3K3P/6P1/4P3/8/8 b - - 0 74,sfelo2000,128,9.758,0.0,5.3,0.41,quiet,0,0,0,0,
8/pkp2p2/2p2p1p/8/3r4/2P5/PP3PKP/8 w - - 0 27,vssf1_def_d8,117,-6.656,0.0,-7.7,-0.35,quiet,0,0,0,0,
8/1p2k3/2p5/1p4pp/4P3/2PNK1Pn/8/8 w - - 4 32,vssf1_win_d8,117,-2.162,0.0,-1.52,0.21,quiet,2,0,0,0,
1r6/8/5kN1/2R4P/5PK1/8/8/8 w - - 7 63,vssf1_win_d8,101,12.791,0.0,5.77,6.48,ks,1,5,0,0,
5k2/pr3p2/2K5/R1p2N1p/P1b5/2P1P3/6PP/8 b - - 4 31,vssf1_win_d8,96,0.536,0.0,1.57,-5.7,ks,3,1,0,0,
r3r1k1/pp3ppp/8/2N5/3P4/P4b2/6PP/5R1K w - - 0 28,vssf1_win_d8,85,-7.602,0.0,-7.55,0.0,quiet,1,0,0,0,
1n1r3k/1P5p/r1p1BppB/4N3/p3P3/P2P2P1/6KP/5R2 b - - 0 30,vssf1_win_d8,74,5.226,0.0,9.03,4.24,quiet,0,2,0,0,
2brr1k1/5pp1/7p/Q2p3P/P1p5/2P1q3/1PB5/1K3R1R w - - 2 49,vssf1_win_d8,32,-1.246,0.0,-0.95,-0.22,quiet,1,2,0,0,
r1b1k2r/1p6/p6q/3p2b1/PP3P2/2PB1QP1/R7/1N4K1 b kq - 0 24,vssf1_win_d8,32,-2.59,0.18,-2.58,0.83,quiet,1,0,0,0,
r4rk1/p4pp1/5n2/4p3/1bB1b2P/1P2P3/3N3R/2R1K1N1 w - - 8 28,vssf1_win_d8,53,-2.925,0.0,-3.41,-0.73,quiet,1,1,0,0,
1r2kb2/p4pp1/2p1p2r/3p2Np/3q2n1/2N3PP/PPP1QP2/R1B1R1K1 w - - 0 19,vssf1_win_d8,16,4.297,0.0,4.99,0.63,quiet,2,1,0,0,
r1bqr1k1/pp3pp1/5n1p/2pp4/1n3Q2/1P1P1NP1/P2NPPBP/2RK3R b - - 8 13,vssf1_win_d8,10,-1.696,-1.26,-2.4,-1.5,quiet,2,0,0,0,
rn1q1rk1/p1p1b1pp/4bp2/8/2P1Q1PP/P3P3/1B3P1N/nN2KB1R b K - 1 16,vssf1_win_d8,10,3.362,1.62,-1.83,1.31,quiet,1,1,0,0,
r1bqr1k1/pp3pbp/n2p2p1/2p3Pn/2Pp4/1NN1PP2/PP5P/R1BQKBR1 w Q - 0 13,vssf1_win_d8,0,-1.251,0.0,-3.8,-1.04,quiet,0,0,0,0,
8/8/4k3/6Kp/7P/8/8/8 b - - 3 61,sf11_evalgap_d8,128,0.35,0.0,-0.13,-0.38,quiet,2,1,0,0,
8/ppk5/2p5/2P4p/8/1P3BP1/7P/6K1 w - - 3 47,vssf1_def_d8,122,7.319,0.0,4.79,-0.07,quiet,0,2,0,0,
5B2/8/8/1p1k4/1P3p2/7K/1r2p3/8 w - - 0 52,vssf1_win_d8,112,-9.977,0.0,-10.57,-0.46,quiet,1,2,0,0,
8/r4p2/8/5R2/5p1N/4kP1P/6K1/8 w - - 1 43,vssf1_win_d8,101,7.709,0.0,3.24,3.07,ks,2,4,0,0,
4rk2/p4ppp/1p6/r7/3P4/P1N2P2/7P/3R3K w - - 8 33,vssf1_win_d8,90,-4.451,0.0,-4.57,-0.35,quiet,0,0,0,0,
B7/6kp/3p2p1/8/4pp1P/P5R1/2r1r3/R5K1 b - - 0 41,vssf1_win_d8,80,-5.05,0.0,-2.62,-2.28,quiet,1,1,0,0,
3r3r/pp1k1pp1/2n1p3/3pP3/Pp1P1P1p/4P2P/1R1NK1P1/7R b - - 0 22,vssf1_win_d8,74,-1.389,0.0,-1.78,0.22,quiet,0,1,0,0,
3q1k2/6rp/Q2p1ppB/2p4n/4P1P1/1N1P4/1PP4P/5RK1 b - - 0 27,vssf1_win_d8,48,8.287,0.0,8.69,1.12,quiet,0,1,0,0,
3nk2r/pp1b2p1/2q1p2p/2N2p2/3Q4/2P5/PP3PPP/3R1RK1 b k - 3 19,vssf1_win_d8,37,5.143,1.26,5.24,1.31,quiet,1,2,0,0,
r1b1k2r/1p2b3/p6q/3p4/PP3P2/2PB1QP1/R7/1N4K1 w kq - 1 25,vssf1_win_d8,32,-4.914,-1.98,-7.62,-5.23,quiet,1,0,0,0,
r3kb1r/1pp2pp1/4p3/p2pPb1B/7q/2N1P3/PPP2PPP/R2Q1RK1 w kq - 1 12,vssf1_win_d8,21,0.195,0.0,0.26,0.05,quiet,1,1,0,0,
1r2kb2/p4pp1/1qp1p2r/3p2Np/3P2n1/2N3P1/PPP1QP1P/R1B1R1K1 w - - 5 18,vssf1_win_d8,16,4.696,0.0,5.34,1.42,quiet,1,1,0,0,
r1bqr1k1/pp3pp1/5n1p/2pp4/1n3Q2/1P1P1NP1/P2NPPBP/2R1K2R w K - 7 13,vssf1_win_d8,10,-0.161,0.0,-2.1,-1.2,quiet,1,0,0,0,
rnbqk1nr/2p3pp/pp1Bpp2/3p4/3P4/P4NP1/1PP1PP1P/RN1QKB1R b KQkq - 0 7,vssf1_win_d8,5,4.319,0.0,3.98,0.28,quiet,0,1,0,0,
r2qr1k1/pp3p1p/3p2p1/2p1bbPn/1nP1N3/1N1B1P2/P2BQ2P/1R2K1R1 w - - 6 19,vssf1_win_d8,0,-4.038,0.0,-4.59,-1.32,quiet,0,0,0,0,
8/5p2/8/3K3p/6kP/6P1/8/8 b - - 4 48,sb_on_s1_m750,128,0.211,0.0,-0.64,0.31,quiet,1,2,0,0,
8/p1k5/1pp5/2P4B/8/1P4P1/7P/6K1 w - - 0 48,vssf1_def_d8,122,8.742,0.0,5.57,-0.15,quiet,0,1,0,0,
3k4/8/3pbP2/pB5p/2P2K2/6P1/7P/8 b - - 3 56,vssf1_win_d8,117,2.679,0.0,1.82,-0.08,ks,3,2,0,0,
3k4/3r4/P5p1/3B1p1p/2PP4/8/5PPP/R4K2 b - - 0 39,vssf1_win_d8,101,12.628,0.0,7.31,0.0,quiet,0,0,0,0,
8/1R4pp/4kp2/4p3/6P1/5P2/2r3r1/4R2K b - - 13 55,vssf1_win_d8,85,-3.301,0.0,-1.85,-0.17,ks,2,3,0,0,
7R/1pp5/2nb1k2/p7/2qPQ3/2P5/5PK1/8 w - - 0 44,vssf1_win_d8,64,0.91,1.77,1.8,8.38,quiet,2,2,0,0,
7r/p7/1p2ppp1/3p1n2/k4P2/r6P/R2R2K1/N7 w - - 4 50,vssf1_win_d8,74,-8.221,0.0,-6.0,-0.05,ks,3,2,0,0,
3r2k1/7p/p1p1bp2/1p6/1P1qP1P1/2N1P2P/2P5/R1B2K1R b - - 0 25,vssf1_win_d8,58,-3.985,0.0,-2.89,-1.98,quiet,0,0,0,0,
r5k1/pp3ppp/4p3/3n4/b2P3P/P1Pq1N2/1K1B1PP1/4R2R b - - 0 23,vssf1_win_d8,53,-10.95,-3.09,-8.91,-5.61,ks,3,0,0,0,
3q1k1r/p4n1p/3p2p1/1pnN4/4BPP1/1P5P/P1RB4/3Q2K1 w - - 2 31,vssf1_win_d8,37,8.007,1.62,7.16,0.93,quiet,0,1,0,0,
2bqk2r/p3b1pp/2p1p3/2p2p2/Pr6/3P2P1/1PPBNP1P/R2Q1RK1 b k - 3 13,vssf1_win_d8,21,-0.687,0.0,0.69,-0.11,quiet,0,0,0,0,
r3kbnr/p4ppp/2p1b3/4q3/3p4/3P1PP1/PPP1N2P/R1BQ1RK1 b kq - 0 13,vssf1_win_d8,16,-4.365,0.0,-3.25,-0.92,quiet,0,0,0,0,
rnbqkb1r/pp3p1p/6p1/2pp4/8/4P1P1/PP1PNPBP/R1BQK2R w KQkq - 0 9,vssf1_win_d8,10,0.211,0.0,0.28,0.16,quiet,0,0,0,0,
rn1qk1nr/pp2bppp/8/3p4/2p5/1NPP3P/PP2BPK1/RNBQ1R2 b kq - 0 11,vssf1_win_d8,5,-0.311,0.0,3.08,-0.22,quiet,0,0,0,0,
rnbqkb1r/pp3p1p/5np1/2pp4/3P4/2N1P1P1/PP2NPBP/R1BQK2R b KQkq - 0 8,vssf1_win_d8,0,0.641,0.0,0.87,0.34,quiet,0,0,0,0,
8/8/3k4/1P4p1/4P3/5P2/5K2/8 b - - 2 93,sb_on_s1_m750,128,6.442,0.0,2.51,-0.01,quiet,0,2,0,0,
8/6k1/2B5/p1p4P/6P1/1P2K3/8/8 w - - 1 55,vssf1_def_d8,122,11.283,0.0,6.41,0.86,quiet,1,1,0,0,
8/2k5/3pbP2/7B/6PP/p1K5/8/8 w - - 1 64,vssf1_win_d8,117,1.215,0.0,0.59,-0.16,quiet,2,0,0,0,
8/4ppk1/6p1/1pr4p/1R2b3/P3P3/4K1PP/8 w - - 0 33,vssf1_win_d8,101,-4.981,0.0,-6.35,-2.25,quiet,1,0,0,0,
8/p3kp2/1p6/2p5/2PnN3/PP1Pp3/1Q2P1K1/4q3 w - - 1 39,vssf1_win_d8,74,-1.072,0.0,-1.89,-2.76,ks,3,1,0,0,
8/1pp3k1/p1nbR1p1/5P2/2qPQ3/2P5/5PK1/8 w - - 2 38,vssf1_win_d8,64,-2.17,0.12,0.43,3.79,quiet,2,2,0,0,
3r3r/pp1k1pp1/4p3/n2pP3/Pp3P1p/3PP2P/1R1NK1P1/7R b - - 1 21,vssf1_win_d8,74,-1.453,0.0,-1.23,0.24,quiet,0,1,0,0,
4r1k1/5pbp/2p3p1/3nP3/2B2P2/1PqN3P/6P1/5R1K b - - 2 29,vssf1_win_d8,64,-11.58,0.0,-11.67,0.0,quiet,0,0,0,0,
r1b2rk1/1pp2p1p/5PpQ/p7/1bp5/8/PPP2PKP/R1B1R3 b - - 0 15,vssf1_win_d8,48,6.679,2.7,9.77,4.69,quiet,1,2,0,0,
3q1k1r/p4n1p/3p2p1/1pnN4/5PP1/1P5P/P1RB2B1/3Q2K1 b - - 3 31,vssf1_win_d8,37,6.134,0.0,7.35,0.62,quiet,0,1,0,0,
1rbq1rk1/p3b2p/2p1p3/2p2pp1/P4N2/2BP2P1/1PP1QP1P/R4RK1 b - - 1 16,vssf1_win_d8,21,-0.661,0.0,0.85,1.55,quiet,0,1,0,0,
r2r2k1/2n1ppbn/3p2p1/q1pP4/2P3P1/2P1PP1R/3Q4/3RBKN1 b - - 2 28,vssf1_win_d8,16,-3.225,0.0,-4.33,0.22,quiet,0,1,0,0,
rnb1kb1r/pp2qp1p/6p1/2pp4/8/1Q2P1P1/PP1PNPBP/R1B1K2R w KQkq - 2 10,vssf1_win_d8,10,0.866,0.0,0.43,0.17,quiet,0,0,0,0,
r3k2r/pp1bppbp/2Np1np1/q7/2P1P3/2N4P/PP2BPP1/1RBQ1RK1 b kq - 0 11,vssf1_win_d8,5,2.072,0.0,5.29,0.52,quiet,0,1,0,0,
rnbqkb1r/2p1np2/pp1pp1p1/7p/P1BPPB2/2N2N2/1PP2PPP/R2Q1RK1 b kq - 1 8,vssf1_win_d8,0,1.616,0.0,2.49,0.72,quiet,0,0,0,0,
8/1p3k2/6p1/1pP3P1/1P2K2P/8/8/8 w - - 5 53,sb_on_s1_m750,128,4.509,0.0,1.85,-0.13,quiet,1,1,0,0,
3k4/p7/2p5/2p4B/7P/1P4P1/5K2/8 w - - 2 50,vssf1_def_d8,122,8.127,0.0,5.47,0.06,quiet,0,1,0,0,
4kb2/8/5P2/8/1p1K3P/8/1R6/8 b - - 0 54,vssf1_win_d8,112,6.387,0.0,4.02,1.14,quiet,2,1,0,0,
1B2R3/p4pkp/6p1/8/3q4/5KP1/P6P/8 w - - 2 27,vssf1_win_d8,90,-7.431,0.0,-2.65,-2.7,quiet,1,1,0,0,
8/p3k3/1p6/2P5/2Pn2q1/P1NPpp2/1Q2P3/7K w - - 0 45,vssf1_win_d8,74,-0.391,0.0,-5.52,-8.3,quiet,2,1,0,0,
7R/1pp5/2nb1k2/p7/3PQ3/5P2/3q4/5K2 b - - 5 51,vssf1_win_d8,64,1.913,0.75,-2.98,0.24,quiet,1,2,0,0,
6k1/5p2/1p2pPp1/2r4p/p1b4P/P2rP1P1/6B1/2R1K2R w K - 1 31,vssf1_win_d8,74,-0.889,0.0,-2.18,-1.53,quiet,1,1,0,0,
6k1/p4pp1/2qb4/P7/6nr/3Q3P/6R1/3N3K b - - 0 33,vssf1_win_d8,48,-10.165,-2.52,-10.73,-8.3,ks,3,1,0,0,
1rqr3k/p1p3p1/4p3/1Q1R2B1/4p2p/6PB/PP2PPKP/4R3 b - - 0 24,vssf1_win_d8,32,4.379,0.0,10.17,0.0,quiet,2,0,0,0,
3r2k1/3qb2p/p4pp1/1p2pP2/2b1N3/P1Q1PB2/1B3P2/4K2R b - - 0 30,vssf1_win_d8,37,-0.599,-1.62,0.48,-0.84,quiet,2,1,0,0,
rq3rk1/3bppbp/pp4p1/3P4/3pPB2/P5P1/1PQ1BP1P/R2R2K1 b - - 2 19,vssf1_win_d8,21,0.798,0.0,0.75,0.04,quiet,0,0,0,0,
r5k1/6pp/p1p1bn2/1p6/1bnqP3/P1N2Q1P/2PP2P1/R1B1K2R b KQ - 0 20,vssf1_win_d8,21,-3.673,0.0,-3.41,-0.62,quiet,2,0,0,0,
r2qr1k1/pp3p1p/6p1/2b5/1n2B3/PQN1P1Pb/1P3P1P/R1B1K2R b KQ - 0 15,vssf1_win_d8,10,-1.122,-1.44,-1.53,-1.97,quiet,2,1,0,0,
1rrq2k1/3nbpp1/4p2p/pb1p4/2nP1P2/P3BBPP/3NP3/Q1R2RK1 w - - 4 26,vssf1_win_d8,5,-4.752,0.0,-6.48,-0.46,quiet,0,0,0,0,
rn2k2r/pb1q2bp/1p1ppnp1/2p3N1/2P5/2NBPQ2/PP3PPP/R1B2RK1 w kq - 4 12,vssf1_win_d8,0,0.456,0.0,0.63,1.05,quiet,0,1,0,0,
6k1/1p6/5Kp1/1pP3P1/1P5P/8/8/8 b - - 12 56,sb_on_s1_m750,128,4.761,0.0,3.02,0.18,quiet,2,1,0,0,
8/7p/p4k2/P7/8/6P1/r6P/7K w - - 3 51,vssf1_def_d8,117,-8.342,0.0,-5.88,-0.87,quiet,1,0,0,0,
4k3/8/5P2/2bK4/1p1p3P/8/1R6/8 b - - 1 53,vssf1_win_d8,112,2.653,0.0,3.98,1.43,quiet,1,1,0,0,
8/6pp/p7/1p1kp3/r3b1P1/P1P1R2P/4PK2/8 b - - 1 31,vssf1_win_d8,101,-7.89,0.0,-5.59,-0.48,quiet,1,2,0,0,
6k1/7p/2p3p1/p1b4P/1p2r3/5NP1/P1p2P2/2B4K b - - 0 36,vssf1_win_d8,101,-10.882,0.0,-9.0,0.5,quiet,0,0,0,0,
r4bk1/5ppp/2p5/2P5/3q4/P4P2/2Q2P1P/R4K1R b - - 0 24,vssf1_win_d8,48,-1.715,0.0,-0.13,-1.71,quiet,1,1,0,0,
5k1r/p3bpp1/2q2n2/7p/8/3Q2P1/P5RP/3N2K1 b - - 1 28,vssf1_win_d8,48,-8.737,-1.98,-7.15,-2.45,quiet,1,0,0,0,
r3r1k1/2R2ppp/1p3n2/p2p4/3Nn3/P3P1P1/1P1B1P1P/3R2K1 w - - 0 21,vssf1_win_d8,64,-0.066,0.0,0.44,-0.3,quiet,1,1,0,0,
r1b3k1/ppp3p1/3p4/8/1PPNq1pP/5r2/P3N3/R3K1bR w - - 0 24,vssf1_win_d8,42,-18.979,-5.4,-15.2,0.0,ks,3,0,0,0,
2rr2k1/1pq2ppp/p3pn2/3b4/1P6/P3PN2/1Q1N1PPP/R4RK1 b - - 1 20,vssf1_win_d8,21,-1.023,0.0,-1.32,-0.11,quiet,1,0,0,0,
rnbq2k1/6pp/p1p2n2/1p6/1b2P3/2N2Q2/P1PP2PP/R1B1K2R w KQ - 2 14,vssf1_win_d8,21,-2.335,0.0,-1.95,-0.08,quiet,1,0,0,0,
2kr3r/pb1nqppp/1p1ppn2/8/3N4/2PPB3/PP2QPPP/2KR1B1R w - - 0 14,vssf1_win_d8,10,0.387,0.0,-0.06,0.38,quiet,0,0,0,0,
2kr1b1r/pp2qppp/n1pp1n2/6N1/2PPp3/2N1P3/PPQ1bPPP/R1B2RK1 w - - 0 11,vssf1_win_d8,5,-0.632,0.0,-3.72,0.44,quiet,1,0,0,0,
rn2k2r/pb1q2bp/1p1ppnp1/2p3N1/2P5/2NBP2Q/PP3PPP/R1B2RK1 b kq - 5 12,vssf1_win_d8,0,2.329,1.62,0.9,0.93,quiet,1,1,0,0,
8/5pk1/8/3Pp3/8/3pK1P1/5P2/8 b - - 0 49,sb_on_s1_m750,128,0.068,0.0,1.38,-0.71,quiet,2,0,0,0,
8/6B1/8/5k1K/7P/8/8/8 b - - 2 88,vssf1_def_d8,122,10.811,0.0,3.39,0.27,ks,1,3,0,0,
4k3/1pr2r2/p4R2/P2Pp3/1RP1p2P/8/5K1P/8 w - - 1 34,vssf1_win_d8,85,1.835,0.0,2.13,-0.27,quiet,1,1,0,0,
r7/p5kp/1p1p2p1/1Pp5/2Q3P1/P2p2PP/8/3q1rRK w - - 2 31,vssf1_win_d8,53,-9.133,1.62,-8.2,0.0,quiet,1,1,0,0,
r4R2/ppnk3r/3pp2p/8/P7/3P1Q2/1P1B2PP/7K w - - 1 29,vssf1_win_d8,64,7.919,0.0,8.73,1.79,quiet,0,2,0,0,
8/2k3pr/1p2pp1p/n1bb4/1p3P2/3PP1R1/1B1NK1PP/R7 b - - 4 27,vssf1_win_d8,69,-1.38,0.0,1.21,-0.04,quiet,2,0,0,0,
1rb4r/1pNk1ppp/p2P4/2p1n3/8/1P4P1/1bP1NPBP/5K1R b - - 3 25,vssf1_win_d8,64,-3.154,1.89,-5.99,2.45,ks,0,3,0,0,
r4rk1/p2b2b1/1p1p3p/3Ppp2/4P2q/2NBQ2P/PPP5/2KR3R w - - 0 21,vssf1_win_d8,21,0.548,0.0,0.13,0.74,quiet,0,0,0,0,
2k2b1r/ppqrnp2/2p2p2/7p/2N2B2/3B2QP/PP3P1P/R4RK1 b - - 1 16,vssf1_win_d8,16,4.813,0.0,3.16,-0.35,quiet,0,1,0,0,
2kr3r/p4pp1/1pbpnn2/5q2/2P4p/3P4/PPQBN1PP/1K2RBR1 w - - 2 26,vssf1_win_d8,10,-0.689,0.0,0.97,0.42,quiet,0,0,0,0,
rn2k1nr/pR3pp1/3bNq1p/8/8/B2p1NP1/P2P1PBP/4QRK1 b kq - 0 17,vssf1_win_d8,5,2.323,2.7,11.08,4.47,quiet,0,2,0,0,
8/3Pk3/8/5p2/4p3/3pKPP1/8/8 w - - 0 53,sb_on_s1_m750,128,-3.04,0.0,-0.25,-0.94,ks,3,1,0,0,
8/8/pp3ppp/3k4/P5P1/2B4P/3K4/8 w - - 0 49,vssf1_def_d8,122,4.132,0.0,2.45,-0.15,quiet,0,1,0,0,
8/6pp/p2k4/1p1b4/3Rp1P1/r1P4P/4P3/4K3 w - - 0 35,vssf1_win_d8,101,-8.293,0.0,-5.78,-0.19,quiet,0,1,0,0,
4k3/1R6/3r1n2/1P4N1/5PP1/3p3P/3K4/8 w - - 1 49,vssf1_win_d8,96,6.536,0.0,6.17,0.94,quiet,2,2,0,0,
4r1k1/5p1p/2pP2p1/4P3/3n1P2/6PP/r2N1R2/3K4 w - - 0 31,vssf1_win_d8,85,-5.181,0.0,-4.31,-2.28,quiet,2,0,0,0,
1k1r4/p2n1p2/3b4/3Pp3/PP2P3/5BPp/2RB1K1P/8 b - - 0 39,vssf1_win_d8,85,5.651,0.0,3.35,0.23,quiet,1,1,0,0,
1r1r2k1/5q1p/3P2pP/1N2pp2/1Q5P/4P3/1B4B1/3K4 b - - 2 36,vssf1_win_d8,48,1.551,0.0,0.46,-0.3,quiet,0,1,0,0,
8/2k3pr/1p2pp1p/n1bb4/1p3PR1/3PP3/1B1NK1PP/R7 w - - 3 27,vssf1_win_d8,69,-1.35,0.0,1.17,-0.04,quiet,2,0,0,0,
r1b4r/pp1k1ppp/3P4/2pBn3/8/NP4P1/1bP1NP1P/5K1R w - - 9 23,vssf1_win_d8,64,-5.397,0.0,-6.37,1.42,quiet,0,2,0,0,
2r4k/pp2pp2/1q1p4/1B1Pb2P/Pnp3p1/R1N5/1PbQ2P1/2K2R2 b - - 7 28,vssf1_win_d8,26,-1.144,-0.36,-3.11,-4.52,quiet,2,0,0,0,
rn3k1r/1P1q1p2/p1nNp3/3pb1pp/8/4B3/BPP2PPP/R2Q1RK1 b - - 0 19,vssf1_win_d8,10,2.758,0.0,2.61,0.51,quiet,1,1,0,0,
rnb1kb1r/1p3ppp/p3p3/2pN4/1q5P/5N2/PPPn1PP1/R2QKB1R w KQkq - 0 10,vssf1_win_d8,5,-1.847,-2.16,-6.32,-1.06,quiet,2,1,0,0,
rn1qk2r/p2b1p1p/1p1ppnpb/2pP4/Q1P5/2NBPN2/PP3PPP/R1B1K2R w KQkq - 4 9,vssf1_win_d8,0,0.924,0.0,1.28,0.44,quiet,0,1,0,0,
8/5K2/8/5pp1/8/5k2/8/8 w - - 4 94,sb_on_s1_m750,128,-6.42,0.0,-2.53,-0.15,quiet,0,0,0,0,
8/6p1/3k3P/3n3P/5P2/1p3K2/8/8 b - - 0 60,vssf1_def_d8,122,-8.61,0.0,-3.24,-0.15,quiet,1,1,0,0,
8/8/p2p2pp/P1p1k3/2P1r3/2R4P/2K5/8 b - - 5 53,vssf1_win_d8,106,-4.972,0.0,-2.77,-0.58,quiet,0,1,0,0,
8/1k6/2R5/2n1p3/N3P1PP/4PP2/P7/6K1 b - - 0 56,vssf1_win_d8,106,17.253,0.0,10.94,0.0,quiet,0,2,0,0,
8/pR6/2n1r2k/2R1p2p/8/3PP3/4KPPP/8 b - - 8 36,vssf1_win_d8,90,6.934,0.0,6.36,0.33,quiet,0,1,0,0,
6k1/p4rp1/P3p3/1p5p/2pP1P2/2nqPQ2/1P6/4R2K w - - 0 39,vssf1_win_d8,58,-3.291,0.0,-4.69,0.35,quiet,0,0,0,0,
1k5r/3n1pp1/4p2p/R1B5/2P5/5b1P/PP3P2/R5K1 b - - 0 32,vssf1_win_d8,80,4.134,0.0,3.47,4.6,quiet,1,2,0,0,
1r4k1/1P3r2/8/P1p1p1b1/6p1/1Q1P1B1p/1P3P1P/R4RK1 b - - 0 38,vssf1_win_d8,53,12.869,0.0,14.14,0.0,quiet,1,1,0,0,
1rb1k3/1p2n3/p5r1/3B4/2N3p1/8/PPP1RPPP/2K1R3 b - - 2 26,vssf1_win_d8,64,5.695,1.14,8.56,7.81,quiet,0,2,0,0,
r4r2/1b1pqpkp/ppn3p1/2p5/2P5/1P2PN2/P2QR1PP/5RK1 b - - 3 18,vssf1_win_d8,26,-3.155,1.26,-5.39,0.13,quiet,0,0,0,0,
2r1k3/pp2pp2/3p4/q1pPbb1p/PnB4P/R1N3P1/1P1Q2P1/3K3R b - - 3 20,vssf1_win_d8,26,-4.722,-2.34,-2.89,-2.48,quiet,2,0,0,0,
r1br2k1/1p3ppp/p7/4n3/1b1Pp2P/q1N1Q3/P4PPN/2R1K2R w K - 0 19,vssf1_win_d8,16,-7.191,-1.44,-9.9,-2.8,quiet,0,0,0,0,
r2qr1k1/p2b1p1p/1p1p1np1/2pP4/1n2P3/1QN5/PP1NBPPP/2R2RK1 b - - 2 15,vssf1_win_d8,10,0.648,0.0,0.54,0.08,quiet,0,0,0,0,
rnb1kb1r/1p1p1ppp/p3p3/q1pP4/7P/2N2N2/PPPn1PP1/R2QKB1R w KQkq - 0 8,vssf1_win_d8,5,-2.232,0.0,-4.42,-0.22,quiet,1,0,0,0,
rnbqkb1r/ppn1p3/2pp1pp1/4P2p/2P2P2/2N2NP1/PP1P2BP/R1BQ1RK1 b kq - 1 9,vssf1_win_d8,0,0.481,0.0,1.65,0.05,quiet,0,0,0,0,
8/5pp1/8/2k4p/1p2PP1P/3K2P1/8/8 w - - 0 40,sb_on_s0_m750,128,-0.385,0.0,-1.15,0.14,quiet,2,2,0,0,
8/8/3B4/8/8/p7/K7/3k4 b - - 7 63,vssf1_def_d8,122,8.053,0.0,-0.13,0.75,quiet,1,0,0,0,
1R6/5p2/4n3/P3Pkpp/8/4KP2/6PP/8 w - - 1 44,vssf1_win_d8,112,9.372,0.0,6.43,0.49,ks,3,3,0,0,
8/2B5/8/8/2k1b3/8/4r3/K7 b - - 4 72,vssf1_win_d8,106,-10.731,0.0,-5.15,-4.95,quiet,2,0,0,0,
8/pR6/2nr3k/2R1p2p/8/3PP3/5PPP/5K2 b - - 6 35,vssf1_win_d8,90,5.655,0.0,5.88,0.46,quiet,0,1,0,0,
8/p4pk1/n3pN2/8/3P2P1/8/Pr4PP/4RRK1 w - - 0 37,vssf1_win_d8,85,11.051,0.0,7.78,0.0,quiet,1,2,0,0,
2k4r/3n1pp1/4p2p/R1p5/2P5/4Bb1P/PP3P2/R5K1 b - - 2 31,vssf1_win_d8,80,0.939,0.0,1.78,0.8,quiet,1,0,0,0,
3Bk3/Q3nb2/2p4p/p1Np1p2/1p6/1P4P1/2P2PBK/3q4 b - - 0 40,vssf1_win_d8,58,-3.548,1.77,4.63,3.35,ks,1,3,0,0,
1rb1k3/1p2n3/p4r2/3B4/2N3p1/8/PPPR1PPP/2K1R3 b - - 0 25,vssf1_win_d8,64,5.294,0.87,5.38,1.98,quiet,0,2,0,0,
3r2k1/8/1pq3pr/p1pnP2p/3pNP2/PP1Q4/1B1P2PP/R4RK1 w - - 0 29,vssf1_win_d8,26,6.918,0.0,6.66,0.57,quiet,0,0,0,0,
2r4k/pp2pp2/3p4/1B1Pb2P/Pnpq2p1/R1Nb4/1P1Q2P1/2KR4 w - - 10 30,vssf1_win_d8,26,-2.798,-0.54,-5.91,-6.05,quiet,2,0,0,0,
r1b3k1/1p3ppp/p7/8/1bnrp2P/q1N3Q1/P4PPN/2R2RK1 w - - 0 21,vssf1_win_d8,16,-8.922,0.0,-7.96,0.04,quiet,0,1,0,0,
3r1rk1/pp2ppb1/1np3p1/3nPq1p/5P1P/P2P2P1/1PQBNN2/R3R2K w - - 0 25,vssf1_win_d8,10,0.138,0.0,-0.77,-0.27,quiet,0,0,0,0,
rnb1kb1r/3pqppp/2p5/pPP5/3Q4/4nNP1/1P2PP1P/RN2KB1R w KQkq - 0 10,vssf1_win_d8,5,-2.159,-1.26,-2.14,-0.92,quiet,1,1,0,0,
rnbqkb1r/pp2pp2/1np3p1/4P2p/5P2/1QN3P1/PP1P2BP/R1B1K1NR w KQkq - 2 10,vssf1_win_d8,0,1.686,1.44,-0.21,-0.05,quiet,1,1,0,0,
8/ppk2ppp/8/8/8/P2KP1P1/5P1P/8 w - - 1 33,sb_on_s0_m750,128,0.282,0.0,0.65,0.01,quiet,0,0,0,0,
8/8/1B6/8/8/p7/K7/2k5 b - - 13 66,vssf1_def_d8,122,7.95,0.0,-0.13,1.07,quiet,2,1,0,0,
3k4/R1p5/6p1/1P2K3/2P1P2r/8/8/8 b - - 4 46,vssf1_win_d8,106,3.755,0.0,1.45,-0.22,ks,3,1,0,0,
8/pR6/2n1r2k/2R1p2p/8/3PP3/5PPP/5K2 w - - 7 36,vssf1_win_d8,90,6.573,0.0,6.35,0.43,quiet,0,1,0,0,
1k6/6b1/p1qPb1pp/5p2/8/1P2B1P1/P3PPBP/6K1 w - - 0 26,vssf1_win_d8,85,-2.709,0.0,-9.37,0.0,quiet,1,2,0,0,
4q2k/R3n1p1/5r1p/4N3/1p2Q3/1P6/2P2PPP/6K1 b - - 9 48,vssf1_win_d8,53,4.062,0.0,4.99,3.64,quiet,1,1,0,0,
5rk1/p6p/p5p1/5p1q/P3PQn1/1bN2P2/6P1/4R1K1 b - - 0 27,vssf1_win_d8,48,-7.408,-1.8,-4.85,-1.06,quiet,2,0,0,0,
3r3k/p4pp1/1Pb4p/P1p5/2P1qPn1/R3r1P1/5Q1P/5RK1 w - - 0 31,vssf1_win_d8,32,-11.251,-1.98,-12.95,-8.14,quiet,2,0,0,0,
3r2k1/1p6/2q3pr/p1pnP2p/3p1P2/PPNQ4/1B1P2PP/R4RK1 w - - 1 28,vssf1_win_d8,26,6.909,0.0,5.51,0.46,quiet,0,0,0,0,
5knr/2p5/1rq3p1/p1p1ppBp/2B4N/P6P/1P3QP1/3R1K1R b - - 3 26,vssf1_win_d8,21,8.376,1.26,14.12,8.34,quiet,1,2,0,0,
r1bqkbnr/1p3ppp/p2p4/3QP3/4p3/P7/1PP1BPPP/RNB1K2R w KQkq - 0 10,vssf1_win_d8,10,1.898,0.0,1.12,0.43,quiet,0,1,0,0,
r1b1k3/1pqpPp1r/p1n2n1p/6p1/2B5/1PN2N2/P4PPP/R1BQR1K1 w q - 0 16,vssf1_win_d8,5,8.938,3.24,10.38,3.51,ks,1,4,0,0,
r1bqk2r/pp2bppp/2n2n2/1N1p4/3PpB2/PN6/1PP1BPPP/R2QK2R b KQkq - 7 11,vssf1_win_d8,0,-0.05,0.0,0.45,0.86,quiet,0,0,0,0,
8/8/1k2p1pp/p1p2p2/P4P1P/1P1KPP2/8/8 b - - 2 39,sb_on_s0_m750,128,-0.106,0.0,0.68,-0.35,quiet,2,1,0,0,
8/8/8/8/3B4/p4k2/K7/8 w - - 2 61,vssf1_def_d8,122,7.846,0.0,0.13,1.06,quiet,1,1,0,0,
5R2/P2k4/8/1P2PP2/2K5/7p/5r2/8 b - - 0 58,vssf1_win_d8,106,10.276,0.0,7.78,3.81,ks,0,4,0,0,
8/3b4/4p3/1pB2pp1/pP3kP1/8/1KB5/8 w - - 2 54,vssf1_win_d8,112,-0.109,0.0,0.65,0.26,ks,1,3,0,0,
6k1/5pp1/7p/p2N1P2/6r1/8/1p3K2/1n2N3 b - - 0 50,vssf1_win_d8,101,-13.006,0.0,-9.65,-0.61,quiet,1,0,0,0,
6k1/pp4p1/4p3/P4B2/1q5P/4PQ2/3r1P2/4K1R1 b - - 0 32,vssf1_win_d8,58,1.935,1.32,6.11,3.45,quiet,2,2,0,0,
4q2k/6p1/1n5p/4N3/1p3r2/1P2Q3/2P2PPP/R5K1 b - - 3 45,vssf1_win_d8,53,3.966,0.0,3.63,0.64,quiet,1,0,0,0,
1nr3k1/3p1p1p/2p3p1/1pP5/1P1P2nP/4P3/6q1/Q1B1KR2 b - - 1 23,vssf1_win_d8,48,-8.872,-2.52,-7.27,-4.01,quiet,2,1,0,0,
2b1k2r/4ppbp/2pp2p1/8/3nPB2/7P/1P3PP1/3K1BNR b k - 0 21,vssf1_win_d8,74,-1.893,0.0,-2.7,-1.01,quiet,1,0,0,0,
r4b1r/pp1k1p2/3pb2p/3n1Q2/P7/3P4/1P1B2PP/4RR1K w - - 1 24,vssf1_win_d8,42,7.864,1.44,7.94,3.6,quiet,0,2,0,0,
r4k1r/3b1pb1/p1pq3p/N3p1pQ/3pP2P/3P2B1/PPR2PP1/R5K1 b - - 2 19,vssf1_win_d8,21,-0.657,0.0,1.54,0.9,quiet,0,1,0,0,
3r1rk1/pp5p/1q2b1p1/2n5/2PQ2P1/4P2P/PP1N1n2/R3KB1R w KQ - 3 21,vssf1_win_d8,16,-3.751,-0.36,-8.42,-2.83,quiet,2,1,0,0,
r1bqkb1r/pp3ppp/3P1n2/4p3/2N5/8/PP2BPPP/R1BQ1RK1 w kq - 1 14,vssf1_win_d8,10,3.145,1.8,3.68,1.39,quiet,0,1,0,0,
r1b1k2r/1pqpPp2/p1n2npp/8/8/2N2N2/PP2BPPP/R1BQR1K1 w kq - 1 14,vssf1_win_d8,5,6.774,1.44,7.35,0.31,quiet,1,2,0,0,
r1bqk2r/pp3ppp/2nb1n2/3p4/3Pp3/PNN5/1PP1BPPP/R1BQK2R w KQkq - 4 10,vssf1_win_d8,0,-0.562,0.0,-0.91,-0.11,quiet,0,0,0,0,
8/8/1k2p1p1/p1p2p1p/P1K1PP1P/1P3P2/8/8 b - - 0 48,sb_on_s0_m750,128,-0.324,0.0,0.96,-0.63,ks,4,2,0,0,
8/8/8/8/8/5krp/7K/8 b - - 5 64,vssf1_def_d8,117,-13.356,0.0,-54.83,0.0,ks,3,1,0,0,
2k5/8/5R2/4P3/P1K2P1p/1P4rP/8/8 b - - 0 51,vssf1_win_d8,106,9.637,0.0,6.73,1.16,quiet,1,0,0,0,
7k/5Q2/7b/8/1P1r4/P6P/5PP1/6K1 b - - 0 39,vssf1_win_d8,90,14.011,0.0,8.63,5.08,quiet,0,1,0,0,
8/1k1B2pp/8/4r3/4P3/5P1P/b1K5/4b3 b - - 1 48,vssf1_win_d8,101,-13.452,0.0,-9.71,0.0,quiet,2,1,0,0,
6k1/2R2p2/3p2r1/pP5p/B7/P1N2b1P/1P5K/8 w - - 1 34,vssf1_win_d8,90,6.155,0.0,5.0,-2.91,quiet,2,1,0,0,
7r/3k2p1/p2b3p/1p6/3r4/P1P2bP1/5P1P/R4KR1 w - - 0 25,vssf1_win_d8,74,-9.533,0.0,-8.45,0.0,quiet,1,0,0,0,
1r3k2/4b1pp/1r3p2/p2B3P/P5P1/1PR2N2/5P2/3b2K1 w - - 1 36,vssf1_win_d8,74,-6.859,0.0,-6.18,0.13,quiet,0,1,0,0,
2b1k2r/3pppbp/2p3p1/8/3n1B2/7P/1P2PPP1/3K1BNR b k - 1 20,vssf1_win_d8,74,-1.825,0.0,-2.64,-0.76,quiet,1,0,0,0,
q2r2k1/P3Q3/4n1pp/3b1p2/2r1p3/2B1P1P1/1P3P1P/R2R2K1 w - - 0 39,vssf1_win_d8,26,-0.356,2.16,1.02,2.39,quiet,0,2,0,0,
r1b1k2r/5pb1/p1pq3p/N3p1pQ/3pP3/3P2B1/PP3PPP/R1R3K1 b kq - 3 17,vssf1_win_d8,21,0.357,0.0,1.38,0.53,quiet,0,1,0,0,
B4knr/2q2p1p/QnP1Rbp1/6N1/8/8/1P3PPP/R1B3K1 w - - 1 26,vssf1_win_d8,21,12.659,1.26,8.6,0.0,quiet,1,2,0,0,
1rb1kb1r/Qp1n1pp1/3P4/4B1qp/2N1p3/8/PP2BPPP/2R2RK1 w k - 0 20,vssf1_win_d8,10,3.348,0.0,2.86,0.38,quiet,1,1,0,0,
r1b2rk1/4ppbp/n2q1np1/p1p5/P1p3P1/1P2PN1P/1B1P1P2/2RQKB1R w K - 0 15,vssf1_win_d8,5,-4.053,0.0,-3.69,-0.33,quiet,1,0,0,0,
1rbq1rk1/pp2bppp/2n2n2/1N1p4/3PpB2/PN6/1PP1BPPP/R2QK2R b KQ - 11 13,vssf1_win_d8,0,-0.556,0.0,-0.93,-0.19,quiet,0,0,0,0,
8/p6p/5k2/5P2/5K2/P7/P7/8 w - - 3 38,sb_on_s0_m300,128,2.395,0.0,0.56,0.54,quiet,1,2,0,0,
8/3k3p/3p3P/2pP1P2/2N5/5K2/5P2/8 b - - 0 49,vssf1_def_d8,122,9.488,0.0,6.82,0.94,ks,0,3,0,0,
3r4/2k5/5p2/p7/2KpP2p/1P3P1P/P2R2P1/8 w - - 2 38,vssf1_win_d8,106,5.443,0.0,3.16,-0.12,ks,3,0,0,0,
4k3/R4p2/1r4np/3p1N2/1p4PP/3PK3/PP3P2/8 b - - 2 45,vssf1_win_d8,96,5.646,0.0,4.27,3.32,quiet,2,2,0,0,
8/p4k2/1pp5/3r1P2/1q2p1R1/4N3/6P1/2Q2K2 b - - 1 41,vssf1_win_d8,58,6.917,2.19,2.99,1.76,quiet,1,2,0,0,
1r3rk1/2p5/2p1q1p1/2p3Pp/p6P/P5P1/1PQ1P1K1/3RR3 b - - 2 35,vssf1_win_d8,42,-3.75,-0.54,0.27,-0.99,quiet,2,0,0,0,
3rk2r/1R2pp2/8/p1Np4/P1nP4/6P1/2P3BP/4R1K1 b k - 2 25,vssf1_win_d8,69,7.45,0.0,7.42,2.28,ks,1,3,0,0,
5rk1/1r2npnp/7Q/1p1p2NP/6P1/8/P4P2/R2R2K1 b - - 2 33,vssf1_win_d8,48,12.904,3.6,8.92,0.0,quiet,0,2,0,0,
q2r2k1/P1n1Q3/6pp/3bPp2/2r1p3/2B1P1P1/1P3P1P/R2R2K1 w - - 3 38,vssf1_win_d8,26,-0.148,1.26,1.71,1.59,quiet,0,1,0,0,
r4rk1/1b1q1pp1/p1n1p2p/2R1P3/Pp1p4/1Q1P4/1P1NBPPP/2R3K1 b - - 2 20,vssf1_win_d8,21,0.432,0.0,0.84,0.08,quiet,0,0,0,0,
r2k4/1bp2p2/3p1nr1/pP3q1p/B2B3Q/P1N1pP1P/1P5K/R4R2 w - - 3 26,vssf1_win_d8,16,-1.04,-2.34,4.05,-1.07,quiet,2,0,0,0,
3qkb1r/p1pn1pp1/1r2p1b1/1B4p1/Q2PP3/8/PP1N1PPP/R3K1NR b KQk - 4 13,vssf1_win_d8,10,1.195,0.0,1.26,0.47,quiet,0,1,0,0,
r4rk1/1b2ppbp/3q1np1/p1p5/PnB3P1/1P1PPN1P/1B3P2/2RQK2R w K - 1 17,vssf1_win_d8,5,-3.836,0.0,-4.75,-0.94,quiet,0,1,0,0,
r1bqkbnr/pp3ppp/2n5/3p4/3Pp3/PN6/1PP1BPPP/RNBQK2R b KQkq - 1 8,vssf1_win_d8,0,-0.407,0.0,-0.94,-0.08,quiet,0,0,0,0,
5k2/5P2/5K2/p6p/P7/P7/8/8 w - - 0 47,sb_on_s0_m300,128,2.763,0.0,1.78,0.85,quiet,1,2,0,0,
8/8/8/8/1p2bp2/5k2/8/3K4 w - - 4 68,vssf1_def_d8,122,-14.336,0.0,-6.62,-0.81,quiet,2,1,0,0,
2k5/4r3/5p2/8/PK2PP1p/1P5P/3R2P1/8 w - - 3 47,vssf1_win_d8,106,8.653,0.0,5.41,1.1,quiet,0,1,0,0,
8/7p/8/2Q5/8/5p1P/4r3/3qk2K b - - 1 62,vssf1_win_d8,74,-12.137,0.0,-8.11,-2.38,quiet,2,1,0,0,
4r3/p1p3k1/1p6/2p2p1q/2Q2Pp1/PP2P1R1/6P1/3K1N2 w - - 1 32,vssf1_win_d8,58,5.928,0.27,1.97,0.39,quiet,0,1,0,0,
5rk1/pp3pp1/4p1p1/6P1/4B2P/b7/qQP2P2/2KR4 w - - 0 31,vssf1_win_d8,53,-3.138,-0.81,-4.46,-4.23,quiet,2,1,0,0,
q5kr/4bpp1/2R5/2p1N2p/4P3/1P6/2PQ1PPP/5RK1 w - - 3 33,vssf1_win_d8,42,10.58,0.0,8.38,0.0,quiet,0,1,0,0,
3r2k1/1p2prbp/p5p1/P1P3B1/3p4/1qP1QP1P/8/2R2RK1 w - - 0 25,vssf1_win_d8,32,0.255,0.0,-2.08,0.25,quiet,0,0,0,0,
r4rk1/3p1ppp/2nPp3/2n5/1PP5/pQ1P1qPP/p4P2/R1N1K1R1 w - - 0 26,vssf1_win_d8,26,-1.091,-1.26,-7.42,-1.62,quiet,1,0,0,0,
r4rk1/3bnp1p/1p4p1/1P1p4/P3p3/2q1P2P/2B1NPP1/R2Q1K1R b - - 3 20,vssf1_win_d8,21,-1.046,0.0,-0.04,-0.27,quiet,1,0,0,0,
1r4k1/2p1rpp1/Q1Bb3p/P4q1P/1p1P2nR/5NP1/3B1P2/R4K2 b - - 0 31,vssf1_win_d8,16,2.382,-2.16,0.88,-3.29,quiet,2,0,0,0,
r2qkb1r/1ppnppp1/8/p2p1b1p/3P1B2/4P3/PPP1BPPP/RN1QK2R w KQkq - 0 8,vssf1_win_d8,10,0.233,0.0,0.5,0.18,quiet,0,0,0,0,
1r2kb1r/1b4pp/1q1ppn2/pNB5/2P5/P2B1N2/4QPPP/R4RK1 b k - 0 20,vssf1_win_d8,5,5.172,1.8,9.88,4.9,quiet,0,0,0,0,
r2qkb1r/pQpnppp1/7p/3p1bB1/3n4/2P5/PP1NPPPP/R3KBNR w KQkq - 0 8,vssf1_win_d8,0,-0.898,0.0,-1.31,-1.09,quiet,1,1,0,0,
8/5p2/4p1p1/4P1P1/4kP1K/8/8/8 w - - 4 75,sb_on_s0_m300,128,-0.363,0.0,-0.85,-0.28,quiet,1,1,0,0,
8/7p/2k5/5p1P/r7/8/4K3/8 b - - 0 60,vssf1_def_d8,117,-11.975,0.0,-6.78,0.0,quiet,0,0,0,0,
5k2/R4p2/2P5/6K1/5P2/8/8/7r w - - 1 52,vssf1_win_d8,106,4.609,0.0,3.44,-1.6,quiet,2,1,0,0,
r7/3R1R2/kp4pp/p1p5/P7/1P6/2P3PP/6K1 w - - 0 34,vssf1_win_d8,96,9.049,0.0,8.32,0.32,quiet,0,2,0,0,
8/6p1/1pp2pp1/3p1k2/2nP3P/3RBPK1/5P2/7r b - - 4 38,vssf1_win_d8,96,-6.051,0.0,-4.69,-1.3,ks,2,5,0,0,
5k2/p4p2/7p/1p6/4BP2/Pr2n3/1r5P/K6R b - - 3 41,vssf1_win_d8,85,-9.794,0.0,-7.26,0.0,quiet,2,0,0,0,
5rk1/1p3ppp/8/p2p4/4n3/2nQPP1P/1qP3P1/4R1K1 b - - 0 27,vssf1_win_d8,53,-11.569,0.0,-9.66,0.0,quiet,1,0,0,0,
3R1bk1/2r5/3N2r1/4p2p/1B6/8/PPP2PPP/4R1K1 b - - 0 35,vssf1_win_d8,69,10.156,0.0,8.6,0.0,quiet,1,2,0,0,
3r2k1/1p2pr1p/p5p1/P1Ppb1B1/8/1qP2P1P/3Q4/R4RK1 w - - 0 23,vssf1_win_d8,32,-2.001,0.0,-2.11,-0.46,quiet,1,0,0,0,
1k5r/p1br1p2/2n1pn2/2N5/P2P2pp/1P2P1P1/3B1P1P/R5KB w - - 0 29,vssf1_win_d8,64,1.649,1.14,-2.41,1.23,quiet,0,1,0,0,
r2k3r/1b1qb1Np/p4p2/3pp3/P7/7P/1PQB1PP1/R4RK1 b - - 6 20,vssf1_win_d8,21,2.629,2.7,2.69,3.69,quiet,0,2,0,0,
5rk1/1Bp1rppp/pp1b1q2/8/3P2nP/PQ3NP1/1B3P2/R4K1R w - - 3 22,vssf1_win_d8,16,2.177,-2.52,1.28,-3.45,quiet,2,1,0,0,
r3qk1r/1p3pp1/1np3b1/p3BB2/1b1PP1Qp/2N4P/PP3PP1/R4RK1 b - - 2 18,vssf1_win_d8,10,3.841,1.62,3.37,2.08,quiet,0,1,0,0,
r1bqk2r/1pp2p2/p2bpnp1/7p/2BnP3/2N2N2/PP1B1PPP/2RQ1RK1 w kq - 0 11,vssf1_win_d8,0,2.324,0.0,1.6,0.83,quiet,1,0,0,0,
8/ppk2ppp/8/8/5P2/P2KP1P1/7P/8 b - - 0 33,sb_on_s0_m300,128,0.394,0.0,0.37,0.01,quiet,0,0,0,0,
8/8/7N/1P1K3k/8/8/8/8 b - - 0 59,vssf1_def_d8,122,7.558,0.0,4.22,0.77,quiet,0,1,0,0,
5k2/R4p2/2P5/5Kp1/5P1r/8/8/8 w - - 0 51,vssf1_win_d8,106,4.549,0.0,3.35,-1.03,ks,3,1,0,0,
r7/3R4/kp3R1p/p1p3p1/P7/1P6/2P3PP/6K1 w - - 0 35,vssf1_win_d8,96,10.322,0.0,8.86,0.86,ks,0,3,0,0,
8/6p1/2p2pp1/1p1p1k2/2nP1B1P/3R1PK1/5P2/1r6 w - - 0 40,vssf1_win_d8,96,-5.888,0.0,-4.23,-0.03,ks,1,5,0,0,
5rk1/1p3ppp/8/p1np4/8/2n1PP1P/1qPQ2P1/4R1K1 b - - 2 28,vssf1_win_d8,53,-11.62,0.0,-9.58,0.0,quiet,0,0,0,0,
3R1bk1/2r5/3N2r1/2B1p2p/1p6/8/PPP2PPP/4R1K1 w - - 3 35,vssf1_win_d8,69,8.87,0.0,7.81,0.0,quiet,1,2,0,0,
2R2r2/5k1p/1pn2b2/4pp2/4bN2/2B5/PP2KP1P/2R5 w - - 6 27,vssf1_win_d8,69,0.384,0.0,2.33,1.53,quiet,1,2,0,0,
5rk1/pp2bppp/5n2/4N3/b2N4/P1rpP3/6PP/R4K1R w - - 2 29,vssf1_win_d8,58,-9.132,0.0,-9.47,-0.5,quiet,1,1,0,0,
q3kb1r/3b3p/r4p2/p2ppN2/P7/5Q1P/1P1B1PP1/1RR3K1 w - - 14 28,vssf1_win_d8,21,-0.202,0.0,3.3,3.67,quiet,0,1,0,0,
2k1q2r/pb1p4/np1B4/2pP4/2PbNQ2/3N4/PP4PP/R4R1K b - - 4 29,vssf1_win_d8,21,11.169,1.8,7.98,0.0,quiet,2,1,0,0,
r2qkb1r/1ppn1pp1/4p3/p4b2/2pP1B1p/4P2P/PP2BPP1/RN1Q1RK1 w kq - 0 11,vssf1_win_d8,10,-0.124,0.0,0.15,0.22,quiet,0,0,0,0,
rq3rk1/1b2pp1p/ppn2npb/2p5/2P5/P1N1PN2/1P2BPPP/RQBR2K1 w - - 2 13,vssf1_win_d8,0,0.141,0.0,0.17,0.08,quiet,1,0,0,0,
8/5p2/5k2/7p/1p5P/1K4P1/8/8 w - - 0 46,sb_on_s0_m300,128,-1.053,0.0,-0.72,-0.54,quiet,1,1,0,0,
8/5PK1/8/p1Q5/P1P1k2P/8/8/8 b - - 0 88,vssf1_def_d8,106,29.58,0.0,14.39,0.0,quiet,0,2,0,0,
5k2/5p1p/8/p1P3P1/5P1P/1P3K2/R7/4r3 b - - 1 45,vssf1_win_d8,106,5.388,0.0,4.19,-1.15,quiet,1,0,0,0,
6k1/2p2ppp/1p6/p1Bp4/P1nP4/4rPPP/P1P5/6K1 w - - 0 29,vssf1_win_d8,106,-13.167,0.0,-9.22,-0.69,quiet,0,1,0,0,
8/3k2p1/1pp2pp1/3p4/r1nP4/2R1BPK1/5P1P/8 w - - 2 34,vssf1_win_d8,96,-5.32,0.0,-3.84,-0.15,quiet,0,0,0,0,
r6k/pp3R2/4p1Rp/2q5/2P5/1P1Pp3/P3Q3/7K b - - 0 32,vssf1_win_d8,53,10.308,3.27,12.15,11.23,quiet,0,2,0,0,
2r1r1k1/p4pb1/1p4p1/2p4p/P1PpP3/1P1P1NR1/1B4K1/8 b - - 0 31,vssf1_win_d8,80,-6.967,0.0,-5.53,-0.56,quiet,0,0,0,0,
6k1/p2b1pbp/1p4p1/8/1P6/q1n1P1NP/5PP1/R2R3K b - - 3 33,vssf1_win_d8,64,-8.593,0.0,-9.77,0.0,quiet,0,0,0,0,
4k2r/2R4p/1pn2b2/4pp2/4bN2/2B5/PP2KP1P/2R5 b k - 3 25,vssf1_win_d8,69,-0.506,0.0,3.28,1.62,quiet,1,1,0,0,
3r2k1/1pq2pp1/3b1n1p/pP6/P2Q1P2/2B1PbPP/3R1R2/5K2 b - - 8 30,vssf1_win_d8,32,-2.16,0.0,-1.79,-1.26,quiet,1,0,0,0,
q3kb1r/7p/r1b2p2/p2ppN2/P7/5Q1P/1P1B1PP1/1RR3K1 b - - 13 27,vssf1_win_d8,21,-0.202,0.0,2.9,3.19,quiet,0,1,0,0,
r2qr1k1/1pp2ppp/2n5/p2n4/5B2/2P2N2/P1Q1BPPP/R3K2R w KQ - 0 14,vssf1_win_d8,16,2.879,0.0,1.62,-0.15,quiet,1,1,0,0,
rr4k1/3bqpbp/p2p2p1/2pnp3/2P1P1P1/1Q1nBN1P/PP2BP2/2RR2K1 w - - 0 21,vssf1_win_d8,5,-5.406,0.0,-4.92,-0.25,quiet,1,0,0,0,
r2q1knr/1p1bppb1/1n4p1/3P2Np/8/p1N5/PPB1QPPP/R1B2RK1 w - - 0 17,vssf1_win_d8,0,1.284,0.0,1.78,1.9,quiet,0,2,0,0,
8/6pp/3kp3/p1p2p2/5P2/1P1KP3/P4P1P/8 b - - 0 31,sb_on_s0_m300,128,-0.353,0.0,0.58,-0.06,quiet,2,1,0,0,
8/8/8/8/8/8/3p3N/1k1K4 w - - 18 94,vssf1_def_d8,122,6.59,0.0,0.13,0.45,quiet,2,1,0,0,
8/n7/8/1p1B4/1P1P2pk/2P5/4KPPP/8 b - - 0 51,vssf1_win_d8,117,10.66,0.0,6.32,0.57,ks,1,3,0,0,
5r2/P5kP/2R5/2K5/4B3/2P5/8/8 w - - 1 72,vssf1_win_d8,101,15.625,0.0,10.1,0.88,ks,0,3,0,0,
Q7/6p1/3p2k1/1q1Ppp2/1p6/3P2P1/4BK2/1r6 b - - 9 41,vssf1_win_d8,69,-7.372,0.0,-6.74,-2.19,quiet,1,1,0,0,
8/4k1p1/1R3b1p/1N3p2/P4P2/7P/1r2B3/6K1 b - - 0 39,vssf1_win_d8,90,3.939,0.0,2.84,1.76,quiet,0,2,0,0,
2rr2k1/6pp/1p2p3/p1b2p2/5P2/P4P2/1P2NP1P/R2R2K1 b - - 2 27,vssf1_win_d8,74,-1.249,0.0,-1.09,0.0,quiet,1,0,0,0,
6k1/p2b1pbp/1p4p1/8/1P6/2n1P1NP/1q3PP1/R2R3K w - - 4 34,vssf1_win_d8,64,-5.168,0.0,-9.82,0.0,quiet,0,0,0,0,
3nk3/3bqr2/5p2/Q7/p2p1NP1/5RP1/6KP/2R5 b - - 0 35,vssf1_win_d8,37,-0.788,0.0,3.98,2.41,quiet,0,1,0,0,
2b2rk1/5ppp/3b4/1pp5/4P1n1/2PPB3/qP2QPPP/1N2K2R w K - 2 16,vssf1_win_d8,37,-2.368,0.0,-4.46,-0.96,quiet,1,0,0,0,
rq1k4/3bb1p1/2p1p2p/pP2P3/1np1B3/2N2r2/1P2QPPP/R2R2K1 w - - 0 21,vssf1_win_d8,16,1.002,0.0,1.96,2.22,quiet,1,1,0,0,
1rbq1rk1/pp2bppp/2n1p3/3pP3/P4PP1/3Q1NP1/1PP1p1B1/R1B1K2R b KQ - 1 13,vssf1_win_d8,10,1.599,0.0,-0.38,0.83,quiet,1,2,0,0,
r1b1k1nr/1ppp2pp/2n2q2/p4p2/1bPP4/5N1P/PP2BPP1/RNBQ1K1R b kq - 2 9,vssf1_win_d8,0,0.294,0.0,1.18,0.0,quiet,1,0,0,0,
8/4k3/4p1p1/p1p1Pp1p/P4P1P/1P3P2/4K3/8 w - - 25 62,sb_on_s0_m300,128,-0.433,0.0,0.41,0.04,quiet,0,1,0,0,
8/8/8/8/8/3pN3/3K4/1k6 b - - 19 77,vssf1_def_d8,122,7.178,0.0,-0.13,0.0,quiet,2,2,0,0,
6k1/p6p/6p1/1P6/P1R1p3/4K3/3r2PP/8 b - - 2 34,vssf1_win_d8,106,-0.099,0.0,1.48,-2.56,quiet,2,0,0,0,
8/8/8/7R/pp6/3kn3/6r1/K7 b - - 1 66,vssf1_win_d8,101,-13.341,0.0,-7.89,-11.79,quiet,1,0,0,0,
4nr2/1p3k2/2p1Rp1p/2p5/p3R3/2PP4/PP4PP/6K1 b - - 5 28,vssf1_win_d8,90,5.415,0.0,4.28,2.7,quiet,0,2,0,0,
2r5/p2b2kp/PR4p1/3p4/4p2R/1p3P2/6P1/4NK2 b - - 0 43,vssf1_win_d8,85,-4.044,0.0,0.68,0.41,quiet,0,2,0,0,
5k2/2p2ppp/3p4/p7/2r2P2/1R6/4NP1P/q2NK2R b - - 1 29,vssf1_win_d8,64,-3.607,0.0,-3.28,-0.8,quiet,1,0,0,0,
4k3/4n3/p3RKp1/5p2/1NpP2p1/2P3b1/PP3r2/1R1Q4 b - - 6 34,vssf1_win_d8,58,6.171,-0.57,13.15,0.0,ks,5,2,0,0,
2r3k1/6pp/4pn2/3pP3/qp1P4/1b4PP/1R1RP2K/1N5B w - - 0 38,vssf1_win_d8,53,-6.479,0.0,-7.43,-0.21,quiet,0,0,0,0,
r1b2rk1/1p1P1ppq/1R6/1Bp3Bp/p7/2P3Q1/P1P2PPP/R5K1 b - - 0 20,vssf1_win_d8,26,8.695,0.0,8.94,0.64,quiet,0,0,0,0,
rn1qk1nr/1p3p2/2pp2p1/p2p3p/P3P3/2N1Q3/1PP1BPPP/R4RK1 w kq - 0 14,vssf1_win_d8,21,0.952,0.0,0.7,0.41,quiet,0,0,0,0,
rn3rk1/p4pp1/7p/1p5q/4QPbb/PP2PB2/4K2P/1RB4R b - - 8 24,vssf1_win_d8,16,-0.473,0.0,-5.62,-1.59,quiet,2,1,0,0,
1rbq1rk1/p3bpp1/1p2p3/3pP1P1/Pn6/5NP1/1PP1Q3/R1B1KB1R b KQ - 1 17,vssf1_win_d8,10,0.88,1.26,0.92,1.7,quiet,0,1,0,0,
4rrk1/1p3ppp/p1q1bn2/8/3nNb2/3B2PP/PPPB4/3QRK1R w - - 0 19,vssf1_win_d8,5,-3.211,0.0,-6.05,-1.62,quiet,1,0,0,0,
r1bq1rk1/2p3pp/1pnp1n2/p7/PbPPp3/1QN1B2P/1P2BPP1/R4KNR w - - 0 14,vssf1_win_d8,0,-0.623,0.0,-0.61,-0.01,quiet,0,0,0,0,
8/3k4/K7/8/1P6/8/8/8 w - - 5 101,sb_on_s0_m300,128,2.466,0.0,47.96,0.0,quiet,0,0,0,0,
8/8/4N3/8/8/3p4/3K4/1k6 w - - 26 81,vssf1_def_d8,122,7.201,0.0,0.13,0.08,quiet,2,1,0,0,
6k1/p6p/6p1/1P6/P1R1p3/4K3/6rP/8 w - - 0 35,vssf1_win_d8,106,-1.213,0.0,0.55,-1.14,quiet,2,0,0,0,
2k5/8/p2bb1B1/5p1p/7P/1P2BPP1/P3P1K1/8 w - - 1 32,vssf1_win_d8,106,6.482,0.0,4.24,0.59,quiet,1,0,0,0,
7k/2rB4/5pbp/p5p1/3P4/P4R1P/1R3PP1/6K1 b - - 0 37,vssf1_win_d8,85,7.526,0.0,7.01,0.0,quiet,0,0,0,0,
3q2k1/8/2p2p1p/2p2Pp1/p1P2p2/Pr4P1/1bB1RP1P/4Q1K1 b - - 1 32,vssf1_win_d8,53,-2.481,0.0,-1.05,0.09,quiet,0,0,0,0,
1rr3k1/5ppp/3p4/3P4/q1Np2P1/1P5P/P1PQ4/1K3B1b w - - 0 28,vssf1_win_d8,48,-7.577,0.0,-6.44,-1.07,quiet,1,0,0,0,
2br2k1/6p1/1Q2p1qp/2N1Pn2/3P4/2P5/5RPP/R5K1 b - - 2 29,vssf1_win_d8,37,5.411,0.0,5.86,0.38,quiet,1,0,0,0,
r3r1k1/pQp1qp2/p2p2p1/3PBb2/2P5/1P2PB2/1N2P2p/R2K4 b - - 0 32,vssf1_win_d8,32,-2.198,0.0,-1.34,0.35,quiet,1,1,0,0,
rn3knr/1p2qp2/3N2p1/p2p3p/P7/4Q3/1PP1BPPP/R4RK1 w - - 1 17,vssf1_win_d8,21,1.639,0.0,2.38,0.81,quiet,0,2,0,0,
r2qk2r/p4pbp/p3bnp1/4Q3/P3P2P/1PN5/2P1NPP1/R3K2R w KQkq - 1 13,vssf1_win_d8,16,0.515,1.44,-1.52,0.52,quiet,1,0,0,0,
r1k2b1r/1b1n1B2/p1q1p1P1/1pp1p2p/2P1N3/PQ6/1P4PP/R1B1R1K1 b - - 2 24,vssf1_win_d8,10,0.589,0.0,2.31,0.8,quiet,0,0,0,0,
1rr3k1/1p1bbpp1/1Q1Bp2p/p2n4/3P4/3B1N2/q3NPPP/1R3K1R w - - 1 25,vssf1_win_d8,5,2.552,0.0,0.34,-0.2,quiet,1,1,0,0,
r1bq1rk1/1p2ppbp/3p2p1/p7/NnPpnB2/Q4NPP/PP3P2/3RKB1R w K - 2 13,vssf1_win_d8,0,-4.876,-2.7,-6.82,-2.72,quiet,1,0,0,0,
8/3k4/K7/1P6/8/8/8/8 b - - 0 101,sb_on_s0_m300,128,4.735,0.0,47.97,0.0,quiet,0,1,0,0,
5k2/1b3p2/5p2/p2p1N2/3K4/1PP2PP1/8/8 b - - 1 42,vssf1_win_d8,117,1.281,0.0,1.78,-0.33,ks,3,1,0,0,
7R/8/8/1p6/p1n5/2k5/6r1/K7 w - - 6 62,vssf1_win_d8,101,-13.371,0.0,-7.05,-5.08,ks,3,1,0,0,
1b1k4/3n4/R7/3p3p/pB2p3/P3P3/5KP1/2R5 b - - 0 43,vssf1_win_d8,90,9.92,0.0,7.51,0.0,quiet,2,2,0,0,
2r1k1r1/4B2R/8/2P3np/4p3/6P1/5PK1/1R6 w - - 8 49,vssf1_win_d8,74,4.688,0.0,1.76,0.65,quiet,2,2,0,0,
1r4k1/2r2ppp/3N4/3P4/q2p2P1/1P5P/P1PQ4/1K3B1b w - - 1 29,vssf1_win_d8,48,-10.048,-1.8,-6.74,-2.03,quiet,2,1,0,0,
1r4k1/5ppp/2p1p3/p7/P1P1n2P/q3PN2/P3r1PR/2R1Q1K1 w - - 4 29,vssf1_win_d8,32,0.564,-1.62,-4.39,-3.69,quiet,2,0,0,0,
3r1rk1/6bp/1q4p1/p1p1pp1b/P5PP/1P1PBP2/2Q1P3/2K2R1R b - - 0 25,vssf1_win_d8,26,-4.575,0.0,-3.12,0.2,quiet,0,0,0,0,
4r1k1/pp2qpbp/2p3p1/PP1p4/4rP2/2PQP1nP/B1N5/1R1KR3 w - - 0 26,vssf1_win_d8,21,-3.674,-1.26,-5.93,-3.34,quiet,1,0,0,0,
5rk1/p4p1p/p3b1p1/q2Nb3/P3P1nP/1P3Q2/2r1NPP1/3RR1K1 b - - 3 20,vssf1_win_d8,16,-3.712,0.0,-4.77,-0.85,quiet,2,1,0,0,
r4rk1/ppp2pp1/3p1n1p/4p3/q1PnP1bP/P1QPN1P1/1P3PB1/R3K1NR w KQ - 5 17,vssf1_win_d8,10,-0.592,0.0,-2.18,-1.68,ks,3,0,0,0,
r1b2rk1/1p2bppp/1q2p3/p1ppN3/P2n4/N2P2P1/1PP2PBP/R1B1QRK1 w - - 0 13,vssf1_win_d8,5,2.275,0.0,3.07,-0.12,quiet,0,1,0,0,
r1bq1rk1/1p2ppbp/3p2p1/p7/NnPpnB2/1Q3NPP/PP3P2/3RKB1R b K - 3 13,vssf1_win_d8,0,-3.925,-1.8,-5.19,-1.25,quiet,1,0,0,0,
8/1p4pp/3k1p2/p4P2/3P4/1P2KP2/7P/8 w - - 2 37,sb_on_s0_m300,128,0.257,0.0,-0.55,0.44,quiet,0,2,0,0,
4k3/p2p1pp1/5n2/8/2P5/1P6/P4KPP/8 w - - 0 35,vssf1_def_d8,122,-4.095,0.0,-2.7,-0.22,quiet,0,0,0,0,
8/pp3k2/8/8/1PK2p2/P7/5N1p/3r4 w - - 0 57,vssf1_win_d8,112,-7.106,0.0,-8.5,-1.11,quiet,1,0,0,0,
4k1r1/4n2p/Q7/6p1/2P5/7P/PP3PP1/6K1 b - - 0 29,vssf1_win_d8,90,12.44,0.0,7.38,3.4,quiet,0,0,0,0,
6k1/p5p1/4pr2/qp6/4PPQP/8/6K1/6R1 w - - 0 38,vssf1_win_d8,64,-1.825,0.12,-0.98,-0.72,quiet,0,1,0,0,
5r2/6kp/8/q1p2p2/2b1P2P/P2p1P2/5PK1/3R3R b - - 1 32,vssf1_win_d8,69,-16.712,0.0,-10.09,0.0,quiet,0,0,0,0,
6k1/1p2pp1p/p1n5/P3P2p/3P2q1/2B3r1/1P1RQ3/1K6 b - - 0 40,vssf1_win_d8,53,-4.54,-1.29,-4.16,-3.58,quiet,0,0,0,0,
2r1k3/Rp6/2np1p1p/1Q1Pr3/6p1/6P1/5PBP/5NK1 b - - 2 33,vssf1_win_d8,58,9.272,0.0,9.96,0.0,quiet,0,0,0,0,
4r1kr/Rp3p2/2b4p/3nP1p1/1p1NQ1P1/5P2/PP3P1P/2R3K1 b - - 3 36,vssf1_win_d8,48,12.455,0.0,10.34,0.0,quiet,0,1,0,0,
r2q1rk1/5ppp/1p2p3/pNb5/Q7/P1n1PP2/1P3P1P/R2R2K1 w - - 0 21,vssf1_win_d8,26,-5.439,0.0,-6.59,-3.07,quiet,0,0,0,0,
3r2k1/1p3pp1/2p1n1p1/q1b1P3/p1Pr4/P4PB1/3pQ1PP/1N1R1RK1 w - - 1 26,vssf1_win_d8,21,-1.648,0.0,-3.6,-0.03,quiet,0,0,0,0,
r4rk1/pp3pp1/2pp3p/2n1p2b/q1PnP1PP/P1QPNP2/1P4B1/2R1K1NR b K - 0 23,vssf1_win_d8,10,-1.633,-1.44,-2.91,-2.73,quiet,2,0,0,0,
4r1k1/2p1qpb1/p2p2pp/2n5/P1P2nbP/2N1P3/1r2NP2/2RQKB1R w K - 0 22,vssf1_win_d8,5,-9.609,-3.78,-25.13,-16.66,ks,3,0,0,0,
r1bq1rk1/1p2ppbp/n2p1np1/p7/N1PpPB2/1Q3NPP/PP3P2/3RKB1R b K - 1 11,vssf1_win_d8,0,0.146,0.0,-2.1,0.07,quiet,0,0,0,0,
8/6pp/5p2/2K2k1P/8/5P2/8/8 b - - 1 45,sb_on_s0_m300,128,-1.397,0.0,-1.62,-0.04,quiet,0,2,0,0,
8/5k2/5p2/5K2/1n6/8/8/8 b - - 3 57,vssf1_def_d8,122,-9.705,0.0,-2.73,0.12,quiet,2,1,0,0,
8/pp1r1k2/5P2/8/2K1Np1p/P7/1P6/8 w - - 0 52,vssf1_win_d8,112,-6.583,0.0,-5.76,0.28,quiet,1,2,0,0,
4k3/4n2p/Q5r1/6p1/2P5/7P/PP3PP1/6K1 w - - 1 30,vssf1_win_d8,90,11.756,0.0,6.49,1.83,quiet,0,0,0,0,
5rk1/5qp1/4p3/pp2P3/4QPRP/8/8/7K b - - 5 43,vssf1_win_d8,64,0.848,2.04,-1.42,1.3,quiet,0,2,0,0,
1R4r1/2k3p1/2r5/p3p2p/8/6PB/P2NK2P/8 w - - 0 28,vssf1_win_d8,85,8.047,0.0,0.94,0.67,quiet,0,2,0,0,
1rq3k1/5ppp/p7/2p1p3/2P1P2b/2N2P2/P2Q3P/K2R4 b - - 4 30,vssf1_win_d8,53,-0.708,0.0,-1.17,-1.07,quiet,1,0,0,0,
1k1r4/2p1rp1p/2p5/1N1p2p1/QP1Pn1qP/4PP2/6P1/R5K1 b - - 1 25,vssf1_win_d8,42,-5.365,1.44,2.23,13.02,quiet,2,2,0,0,
2rr3k/1q5B/4p3/4P2Q/2p4P/p1b2RP1/P3PP2/3b1K2 b - - 0 32,vssf1_win_d8,37,-5.978,2.88,-6.43,2.55,quiet,2,2,0,0,
5rk1/1p3p1p/p3p1pP/2bqP3/b2r4/4QPP1/R7/4N1KR w - - 5 32,vssf1_win_d8,26,-5.726,1.98,-7.59,0.32,quiet,0,1,0,0,
2r1k2r/pp1b2p1/2nQp2p/1q3pB1/8/1NP5/PP3PPP/R4RK1 w k - 0 16,vssf1_win_d8,21,1.994,1.62,0.43,1.01,quiet,1,2,0,0,
4k2r/3q1p1p/1pp3p1/2b2b2/2B1p3/rN2P3/2QB1PPP/R4RK1 b k - 1 20,vssf1_win_d8,16,2.97,0.0,3.05,0.33,quiet,0,1,0,0,
r4rk1/pppq1pp1/3p1n1p/4p3/2PnP1bP/P1QPN1P1/1P3PB1/R3K1NR b KQ - 4 16,vssf1_win_d8,10,-0.666,0.0,-2.35,-1.07,quiet,2,0,0,0,
3q1rk1/2pb1pb1/p2p2pp/2n4n/2P2P1P/2N1P3/Pr2NPB1/2RQK2R b K - 0 18,vssf1_win_d8,5,-5.557,0.0,-8.17,-1.38,quiet,1,0,0,0,
r1bq1rk1/1p2ppbp/n2p1np1/p7/2PpPB2/1QN2NPP/PP3P2/3RKB1R w K - 0 11,vssf1_win_d8,0,1.294,0.0,-0.81,0.11,quiet,0,0,0,0,
8/5pp1/8/7p/1p1kPP1P/6P1/2K5/8 w - - 2 41,sb_on_s0,128,-0.345,0.0,-1.28,-0.29,ks,2,3,0,0,
8/5pk1/8/5K2/1n6/8/8/8 b - - 7 55,vssf1_def_d8,122,-9.605,0.0,-2.82,0.25,quiet,2,1,0,0,
8/3p1pkp/6pn/P7/3p4/8/P4PPP/4R1K1 w - - 1 28,vssf1_win_d8,112,3.185,0.0,4.47,0.26,quiet,0,0,0,0,
3b2k1/5pp1/3p3p/3Np3/4P3/3r1PPP/6K1/8 b - - 0 45,vssf1_win_d8,106,-10.396,0.0,-6.85,0.0,quiet,1,0,0,0,
8/8/p1n1p1kr/2bpP3/P1p5/2P3K1/7P/4R3 b - - 3 37,vssf1_win_d8,96,-12.654,0.0,-9.14,0.0,quiet,2,1,0,0,
8/5q1k/p1Q4p/1p6/2p5/P7/1Pr2r2/KR6 w - - 0 46,vssf1_win_d8,53,-9.467,0.0,-8.09,0.0,quiet,1,1,0,0,
1rq3k1/5ppp/p7/2p1p1b1/N1P1P3/5P2/P3Q2P/K2R4 w - - 9 33,vssf1_win_d8,53,-1.528,0.0,-1.65,-1.38,quiet,1,0,0,0,
6k1/pp3ppp/8/P7/1BNr1q1R/1P1p4/4rPP1/5QK1 b - - 0 33,vssf1_win_d8,42,-6.412,0.0,-1.25,-0.54,quiet,2,2,0,0,
5rk1/3p1p1p/1p1pr1b1/6Q1/1PqB1P2/4P3/1R4PP/4R1K1 b - - 7 31,vssf1_win_d8,32,3.793,2.16,3.07,1.81,quiet,1,1,0,0,
5rk1/1p2bp1p/pq2p1pP/4P3/b2r4/4Q1P1/R4P2/4NK1R w - - 0 29,vssf1_win_d8,26,-6.182,1.44,-7.75,-0.86,quiet,0,1,0,0,
2r1qrk1/p1p2ppp/1pnp4/5bP1/2P2P1P/1Q2B3/PP3PB1/2R1K1R1 w - - 1 20,vssf1_win_d8,21,-1.125,-1.44,-1.38,-0.78,quiet,0,0,0,0,
r2qk2r/4npb1/b5p1/3pP1B1/3Q3p/6P1/PRP2PBP/4K2R w Kkq - 3 18,vssf1_win_d8,16,-2.107,-0.18,-0.53,0.88,quiet,1,1,0,0,
r5k1/pp4p1/2pp1rbp/2n1p2P/q1PnP3/P1QPNP2/1P4B1/2R1K1NR b K - 0 26,vssf1_win_d8,10,-2.434,-1.98,-4.76,-3.98,quiet,2,0,0,0,
r1bqkbnr/1p3pp1/p1n1p2p/2p5/3pP3/N1PP1N2/PP2BPPP/R1BQ1RK1 w kq - 2 8,vssf1_win_d8,0,-0.009,0.0,0.7,0.08,quiet,0,0,0,0,
8/7p/3kp1p1/p1p2p2/2K2P2/1P2P3/P4P1P/8 b - - 1 32,sb_on_s0,128,-0.584,0.0,0.98,-0.37,ks,4,2,0,0,
6R1/4k3/8/P1K1pP2/7P/8/1p6/8 w - - 0 47,vssf1_def_d8,117,13.042,0.0,6.77,0.0,ks,2,3,0,0,
8/8/1b5P/1k1Np1K1/4P3/8/P5P1/8 w - - 1 50,vssf1_win_d8,117,8.274,0.0,8.23,0.32,quiet,1,1,0,0,
8/3r1kpp/2p2pb1/1p6/6P1/PR6/1KP5/8 w - - 0 39,vssf1_win_d8,101,-9.601,0.0,-7.54,-0.36,quiet,1,0,0,0,
r7/P3k3/6pp/1N3p2/R4P1P/4b3/6K1/8 b - - 6 60,vssf1_win_d8,96,0.638,0.0,0.13,0.13,quiet,1,1,0,0,
7R/3p1p2/p4kp1/2p5/q1P1nNP1/8/P4P2/3R1K2 w - - 3 30,vssf1_win_d8,74,-1.841,0.0,-1.32,-1.33,quiet,1,2,0,0,
Q1bk3r/2p1n3/pp3R1p/3P4/4N3/2P4P/PP4P1/6K1 b - - 0 33,vssf1_win_d8,69,14.557,0.0,10.69,0.0,quiet,0,1,0,0,
2Rq2k1/5p2/rp1p3p/3Nn1pB/3QP3/P6P/5PP1/6K1 b - - 1 33,vssf1_win_d8,48,-0.355,0.0,12.61,12.55,quiet,0,1,0,0,
2r3k1/3p1p1p/1p1prBb1/6Q1/1Pq2P2/4P3/5RPP/4R1K1 w - - 4 30,vssf1_win_d8,32,2.068,2.16,2.32,1.72,quiet,1,1,0,0,
r1r3k1/5pbp/p5p1/1PQ2b2/6q1/2P1B3/P2N1P2/K2RR3 w - - 3 32,vssf1_win_d8,21,-0.578,0.0,-3.79,-3.28,quiet,1,1,0,0,
r2qkbnr/1b3p2/6p1/3pP3/p6p/6P1/PPP2PBP/R1BQK2R w KQkq - 0 13,vssf1_win_d8,16,-3.015,0.0,-3.69,-2.02,quiet,0,0,0,0,
r4rk1/1ppb1ppp/p3pn2/q2n4/3P4/PP2P3/2QN1PPP/R3KBNR w KQ - 1 13,vssf1_win_d8,10,-0.585,0.0,-1.29,-0.21,quiet,1,1,0,0,
r4rk1/pp2ppbp/2n1bnp1/3q2N1/3P1B2/1PQ1PP2/2P1B1PP/R3K2R b KQ - 0 15,vssf1_win_d8,5,-3.518,0.0,-3.0,-0.17,quiet,0,1,0,0,
r1bqkb1r/1p3pp1/p1n1pn1p/2p5/3pP3/NQPP1N2/PP2BPPP/R1B1R1K1 b kq - 5 9,vssf1_win_d8,0,0.184,0.0,0.48,0.12,quiet,0,0,0,0,
8/8/1k2p1p1/p1p1Pp1p/P4P1P/1P1K1P2/8/8 b - - 2 50,sb_on_s0,128,-0.396,0.0,0.41,-0.51,quiet,2,1,0,0,
8/8/8/P4Kp1/4B3/7k/1p6/8 w - - 0 64,vssf1_def_d8,122,7.821,0.0,3.45,0.46,quiet,2,2,0,0,
8/7p/2p1k2P/1P3r2/p2B4/4P3/4K3/8 b - - 0 44,vssf1_win_d8,112,-3.923,0.0,-1.91,-0.1,quiet,1,1,0,0,
6k1/1p3ppp/2p3b1/r3P3/8/P5P1/2P5/3K2R1 w - - 0 33,vssf1_win_d8,101,-7.611,0.0,-7.56,-2.38,quiet,1,0,0,0,
2r5/3b2kp/Pp4p1/3p4/4p2R/1p1N1P2/6P1/5K2 b - - 1 44,vssf1_win_d8,96,-10.044,0.0,-4.42,0.27,quiet,0,1,0,0,
4r1k1/1p4p1/4p2p/p1p1q3/P7/3Q3P/1PP3P1/R2R2K1 b - - 1 28,vssf1_win_d8,53,4.165,-1.14,5.55,-0.24,quiet,1,1,0,0,
3r2k1/5ppp/p7/P1p3P1/4r2P/2Rn2B1/8/1R5K b - - 1 44,vssf1_win_d8,74,-2.973,0.0,-2.2,-0.74,quiet,0,0,0,0,
r5nr/1p1k2pp/4p3/p3p3/8/2P3P1/PR1N1K1P/5B1R b - - 0 19,vssf1_win_d8,69,2.779,0.0,4.08,0.83,quiet,0,0,0,0,
2r2k2/1bqp1p1p/1p1prB2/p4p2/2P2P2/PP1QP3/6PP/R4RK1 w - - 1 21,vssf1_win_d8,32,1.522,0.0,1.39,1.08,quiet,1,1,0,0,
2rq1rk1/p2b1ppp/4p3/6P1/Pp1R4/1P1P1N1P/4QPK1/2q4R w - - 0 28,vssf1_win_d8,10,-11.104,0.0,-12.74,0.0,quiet,1,0,0,0,
2r3k1/1p1b1ppp/1q2p3/2b1P3/7P/2BB1NP1/4rP2/1R3K1R w - - 0 28,vssf1_win_d8,37,-5.238,0.0,-9.41,0.0,quiet,2,1,0,0,
r2r2k1/1b2qppp/4p3/p3bn2/P1PP2R1/1pPQP2P/N5P1/R3B1K1 w - - 0 26,vssf1_win_d8,16,-4.04,0.0,-8.15,-1.85,quiet,2,1,0,0,
r2qkb1r/pppb1p1p/5np1/3Pp3/4P3/2N2Q1P/PPP3P1/R1B1KB1R w KQkq - 0 10,vssf1_win_d8,10,1.827,1.44,0.92,0.12,quiet,0,0,0,0,
r3k2r/1q3pp1/1p1b1n1p/p1n1N3/P2N4/6PB/1P1BQ3/R4RK1 w kq - 0 26,vssf1_win_d8,5,5.238,0.9,9.26,5.08,quiet,1,2,0,0,
2krr3/1ppq1pp1/p1nbbn1p/3p4/3N4/2NPB1PP/PPP1QPB1/2KR3R w - - 12 13,vssf1_win_d8,0,-0.145,0.0,0.24,-0.09,quiet,0,0,0,0,
7k/pp4pp/5p2/8/5P2/1P1P1P2/7P/6K1 b - - 0 32,sb_on_s0,128,-0.395,0.0,-0.73,-0.27,quiet,0,0,0,0,
8/7p/1pp1k2P/p4r2/2P5/2B1P3/4K3/8 b - - 1 42,vssf1_win_d8,112,-5.5,0.0,-4.43,-0.15,quiet,1,2,0,0,
1b6/1P4k1/p1P5/P2K1R2/1r4P1/8/8/8 w - - 2 51,vssf1_win_d8,101,2.937,0.0,4.63,-0.55,quiet,2,1,0,0,
8/b1r3pp/p3kp2/p3p3/2P1P3/1K4P1/4R2P/4N3 w - - 1 38,vssf1_win_d8,96,-4.941,0.0,-2.9,-1.26,quiet,2,2,0,0,
R5n1/1BR1ppr1/3pk2p/P5p1/8/4P3/5PPP/6K1 w - - 2 33,vssf1_win_d8,85,10.479,0.0,10.56,2.0,quiet,0,2,0,0,
6k1/1p4r1/4p3/3pP3/b7/1NP4P/pqPK1Q2/6R1 b - - 5 44,vssf1_win_d8,53,-1.526,0.81,-0.48,3.06,quiet,1,2,0,0,
r3r2k/1R5p/2N3p1/3n2B1/p2P4/8/PP3PPP/R5K1 w - - 1 32,vssf1_win_d8,69,10.22,0.0,7.52,0.0,quiet,0,1,0,0,
2r3k1/3p1p1p/1p1prB2/5Q2/1Pq1bP2/4P3/5RPP/4R1K1 w - - 2 29,vssf1_win_d8,32,3.426,3.24,1.32,3.43,quiet,2,2,0,0,
7r/p3k1pp/P1b2r2/2bp4/2n3B1/2P3PP/Rp3P1R/1N3K2 b - - 2 29,vssf1_win_d8,58,-5.843,0.0,-8.36,0.29,quiet,2,1,0,0,
3rk2r/4qp2/p1nb2p1/1p3Q1p/3p4/4P3/PP2BPPP/R1BR2K1 w k - 0 20,vssf1_win_d8,21,1.238,0.0,-0.77,0.19,quiet,1,1,0,0,
r2k2nQ/1q1np3/ppppb1B1/7p/2PPN1P1/1P2P2P/P4P2/R1B1K2R w KQ - 0 18,vssf1_win_d8,21,11.081,0.0,9.12,0.0,quiet,0,1,0,0,
r4rk1/pppb1pb1/3n2pp/2BPp3/4P2q/2NB3P/PPPQ2P1/2KR3R w - - 10 17,vssf1_win_d8,10,0.819,0.0,0.39,-0.11,quiet,0,0,0,0,
2kr1b1r/ppp1pppp/2nqb3/5n2/8/PP2NP2/1BPPN1PP/2RQK2R w K - 7 12,vssf1_win_d8,5,-6.526,0.0,-5.32,-0.66,quiet,1,0,0,0,
2kr3r/1ppq1pp1/p1nbbn1p/3p4/3N4/2NPB1PP/PPP1QPB1/R3K2R w KQ - 10 12,vssf1_win_d8,0,-0.546,0.0,0.22,0.16,quiet,0,0,0,0,
8/6pp/5p2/pp1k1P2/3P3P/1P3P2/3K4/8 w - - 2 39,sb_on_s0,128,-0.916,0.0,-1.63,-0.01,ks,0,4,0,0,
8/pp6/8/P6P/8/8/r7/4K1k1 w - - 1 71,vssf1_def_d8,117,-10.553,0.0,-5.27,-1.59,quiet,2,1,0,0,
8/1B6/1p6/1P2kp2/8/4P1p1/2r5/5K2 b - - 1 60,vssf1_win_d8,112,-7.079,0.0,-5.12,-2.06,quiet,2,2,0,0,
8/5pp1/4pk2/8/1N1P1P2/pq6/2NK4/8 b - - 3 49,vssf1_win_d8,96,-13.193,0.0,-8.5,-0.35,quiet,1,2,0,0,
6k1/7p/2p3pP/2P1p1p1/8/2b1P2R/r3r3/1R5K b - - 3 41,vssf1_win_d8,80,-8.45,0.0,-7.73,-0.33,quiet,1,1,0,0,
3r2k1/5pp1/1Rb1p3/p3n2p/4P2P/6P1/1P3NB1/6K1 w - - 0 37,vssf1_win_d8,85,-3.025,0.0,-1.7,-0.55,quiet,0,0,0,0,
r3r1k1/1R2n2p/2p3pB/4N3/p2P4/8/PP3PPP/R5K1 w - - 1 30,vssf1_win_d8,69,8.679,0.0,7.39,0.85,quiet,0,2,0,0,
5k1N/pQ1b2p1/2n2q2/4pr2/2B4p/2P1R3/P4PPP/6K1 b - - 4 27,vssf1_win_d8,42,3.167,1.98,2.02,3.34,quiet,1,2,0,0,
r3k2r/p5pp/b2bB3/P2p4/2n5/6P1/RpP2P1P/1N4KR b kq - 0 23,vssf1_win_d8,58,-6.327,0.0,-7.44,0.1,quiet,0,1,0,0,
3rk2r/4qpp1/p1nb4/1p3Q1p/2Bp4/4P3/PP3PPP/R1BR2K1 w k - 0 19,vssf1_win_d8,21,1.372,0.0,-0.48,0.17,quiet,1,2,0,0,
r2q1r1k/pp3pbp/6p1/n2N3n/3P4/Q2BPP2/PP3P1P/2R1K2R b K - 0 16,vssf1_win_d8,16,-1.29,0.0,-2.38,-0.1,quiet,0,0,0,0,
r3k1r1/pp1bpp2/3p4/q1pP1P1p/PnBb3P/R1N3N1/1PPQ1PP1/4K2R b Kq - 6 14,vssf1_win_d8,10,0.117,0.0,0.92,0.04,quiet,1,0,0,0,
2bqk1nR/p2p1pb1/nr2p1p1/2pP4/1pP1N3/6P1/PP2PP2/R1BQKBN1 b Q - 0 11,vssf1_win_d8,10,0.682,0.0,9.38,3.13,quiet,0,0,0,0,
rn2k2r/p1q1ppbp/4bnp1/3N4/1P6/4PN2/PB2BPPP/R2Q1RK1 b kq - 0 12,vssf1_win_d8,0,1.214,2.52,10.76,7.08,quiet,1,1,0,0,
8/5p2/8/3K3p/7P/6k1/8/8 w - - 0 49,sb_off_s1,128,-1.067,0.0,-1.22,0.66,quiet,1,0,0,0,
8/pp6/8/P6P/8/8/1r6/4K1k1 b - - 0 70,vssf1_def_d8,117,-9.363,0.0,-5.33,-1.59,quiet,2,1,0,0,
8/1p2kp2/3p4/P1r2p1p/5P2/8/3K4/5N2 w - - 0 48,vssf1_win_d8,112,-9.617,0.0,-7.35,-1.95,quiet,1,0,0,0,
6k1/p1p5/6Pp/2ppP3/4p3/P1B1P3/1P3qP1/2R4K b - - 0 33,vssf1_win_d8,90,-2.176,0.0,-2.69,-1.78,quiet,1,1,0,0,
2b5/1p1k4/5pp1/1N2n3/2PpB2P/3P2P1/5P2/6K1 w - - 0 37,vssf1_win_d8,106,4.292,0.0,2.4,1.16,quiet,0,2,0,0,
5bk1/5pp1/2pp2p1/p1n1p3/P1P1P1q1/8/1Q2NP2/3K4 b - - 5 35,vssf1_win_d8,69,-12.354,0.0,-8.04,0.0,quiet,1,0,0,0,
1q1r2rk/p7/6P1/2p2P1p/3pP1p1/1PB4P/P3Q3/R4RK1 w - - 0 30,vssf1_win_d8,37,3.364,-2.7,5.53,0.17,quiet,1,1,0,0,
2r2rk1/pp1b1p1p/4pp2/8/3PN3/1P2BP2/1b4PP/3R1RK1 b - - 1 23,vssf1_win_d8,64,0.337,0.0,-0.48,0.62,quiet,0,0,0,0,
7r/p3k1pp/P1b2r2/2bp4/2n3B1/2P3PP/Rp3P1R/1N4K1 w - - 1 29,vssf1_win_d8,58,-5.78,0.0,-8.02,0.81,quiet,2,1,0,0,
3r1k1r/4b3/4Q1p1/1pq2p1p/1n1pBP2/4P3/1B4PP/1R1R2K1 b - - 1 30,vssf1_win_d8,21,0.101,1.98,0.36,1.08,quiet,0,1,0,0,
r1bq1rk1/1p2bp2/p3p1p1/4n2p/2p5/2PPB1PP/PP2QP2/2K1RB1R w - - 0 16,vssf1_win_d8,16,-4.897,-1.26,-4.97,-0.86,quiet,0,0,0,0,
2bq1r1k/1pp4p/r2p1bp1/5n2/2PpB3/3P4/PB1N1PPP/R2QR1K1 b - - 3 16,vssf1_win_d8,10,0.716,0.0,0.56,0.32,quiet,0,0,0,0,
2r1kb1r/ppp1qpp1/2n1b3/1N5p/4QB2/8/PPP1NPPP/2KR1B1R w k - 1 13,vssf1_win_d8,5,7.642,2.16,5.58,1.71,quiet,0,1,0,0,
r1b2rk1/2q1npbp/1p4p1/1P1pp3/PB6/2n1PQ1P/2B2PP1/RN2K1NR w KQ - 0 16,vssf1_win_d8,0,2.198,0.0,-2.21,0.12,quiet,1,1,0,0,
8/8/8/1Pk3p1/4P3/5PK1/8/8 b - - 4 94,sb_off_s1,128,4.307,0.0,1.55,-0.08,quiet,1,2,0,0,
8/6k1/1P3R2/7p/8/P5PP/6K1/8 b - - 0 45,vssf1_def_d8,117,12.506,0.0,8.85,0.0,quiet,0,1,0,0,
2b5/1p1k4/5pp1/1N2n3/2PpBP1P/3P2P1/8/6K1 b - - 0 37,vssf1_win_d8,106,3.454,0.0,2.29,0.85,quiet,0,2,0,0,
1r3rk1/p6p/4ppp1/3pQ3/1P6/P2P4/5B2/KR6 b - - 0 37,vssf1_win_d8,69,-2.626,0.0,7.73,0.0,quiet,0,0,0,0,
4rkn1/7Q/2qp3p/3N2p1/2P1P3/3P1pR1/5P1P/7K b - - 3 37,vssf1_win_d8,53,7.288,4.74,8.09,12.87,quiet,1,2,0,0,
4r3/kpb5/p1Pn2p1/P6p/1R3Pp1/3Q4/q5PP/4R1K1 w - - 0 35,vssf1_win_d8,42,-0.413,-0.72,-3.05,-1.49,ks,1,4,0,0,
1r1q1rk1/3b1p1p/p2p2p1/2p1pP1P/4P2Q/2PP2R1/RP4P1/4KB2 w - - 3 27,vssf1_win_d8,32,0.842,0.0,-0.85,0.1,quiet,0,0,0,0,
r5k1/pp3ppp/2pr4/4P3/P1b4P/5Pq1/1PBQn1P1/R4K1R w - - 0 29,vssf1_win_d8,26,-1.854,-2.16,-8.52,-4.52,ks,3,1,0,0,
2kr2r1/pp5p/2pbpp2/3n4/3P2nP/P2B1NP1/1P3P2/R1BK1R2 b - - 1 22,vssf1_win_d8,53,0.09,0.0,-1.2,-0.55,quiet,0,0,0,0,
2q2rk1/Q4ppp/3p4/p7/3nNPbP/P2PRNP1/1r4B1/3K3R w - - 0 24,vssf1_win_d8,16,1.346,-4.68,-11.98,-15.43,ks,3,1,0,0,
r1b1kb1r/p3pp1p/q1pp1np1/1N6/2P5/4B1P1/PP2PPBP/R2QK2R b KQkq - 3 10,vssf1_win_d8,10,-0.288,0.0,0.96,0.92,quiet,0,0,0,0,
2r1kb1r/ppp1qpp1/2n1b3/1N5p/3NQB2/8/PPP2PPP/2KR1B1R b k - 2 13,vssf1_win_d8,5,7.841,1.62,5.87,1.33,quiet,0,0,0,0,
r1b1kb1r/3nn1p1/2p3qp/1p3p2/p1B2B2/2N2N1P/PP2QPP1/R3R1K1 w kq - 0 18,vssf1_win_d8,0,4.396,2.7,5.41,3.85,quiet,1,2,0,0,
8/8/8/1Pk3p1/4P3/5P2/5K2/8 w - - 3 94,sb_off_s1,128,6.512,0.0,1.85,0.17,quiet,0,2,0,0,
8/4p1k1/1p4B1/2p1PPKP/PpP5/1P6/8/8 w - - 1 58,vssf1_def_d8,122,12.989,0.0,8.78,1.52,ks,2,5,0,0,
8/8/6R1/5p1K/5k1P/1p6/1P4r1/8 b - - 1 45,vssf1_win_d8,106,-1.453,0.0,-0.76,-0.31,ks,3,3,0,0,
8/8/4k3/pp6/3pPnKp/1P1P2bP/2B5/8 b - - 5 46,vssf1_win_d8,112,-7.372,0.0,-4.01,-1.75,ks,4,2,0,0,
k2r4/pp2pp2/7p/2R4P/P4B2/7r/1P3P2/4K3 b - - 0 29,vssf1_win_d8,90,-3.408,0.0,-3.39,-1.22,quiet,1,1,0,0,
2k1r3/p6p/2pn4/B4PP1/4b3/1P1PK3/P1P5/6R1 w - - 0 30,vssf1_win_d8,90,1.01,0.0,1.47,-1.49,ks,3,1,0,0,
8/3k1pp1/p1pb4/3n2r1/PP1R2b1/2P5/5P2/R1K5 w - - 5 25,vssf1_win_d8,80,-10.947,0.0,-7.25,0.0,quiet,1,0,0,0,
3r2k1/p1pq2pp/4b3/8/2P1Q1P1/P3P3/4Bb1N/7K b - - 1 27,vssf1_win_d8,53,-8.102,0.0,-7.29,0.0,quiet,1,1,0,0,
6k1/pp2p2p/3p2q1/P1pbb1B1/4N2Q/2P2rP1/1P6/4R1K1 w - - 2 32,vssf1_win_d8,42,-0.239,1.98,-3.17,0.04,quiet,1,1,0,0,
4r1k1/3n1ppp/p1pp4/P5P1/1rbbP3/2N1BP1P/3R4/R5K1 w - - 0 28,vssf1_win_d8,58,-2.773,0.0,-6.54,-0.55,quiet,1,0,0,0,
4kr2/1pQnn3/3pq1p1/1Pp2pb1/4p3/P2PPBP1/1B5P/4RRK1 w - - 0 28,vssf1_win_d8,26,5.447,1.62,2.49,1.08,quiet,0,1,0,0,
r1N1kbr1/1q1n1pBp/8/pp6/4p3/2N3PP/PPP2P2/R2Q1RK1 w q - 1 18,vssf1_win_d8,16,4.323,1.44,5.36,1.37,ks,0,3,0,0,
rn2k2r/pp1qbppp/3ppn2/2pP4/4P3/3Q1N2/PPP2PPP/RNB2RK1 b kq - 2 9,vssf1_win_d8,10,0.812,0.0,1.23,0.23,quiet,0,0,0,0,
r4rk1/1bppqppp/1pnbp3/p7/2PPN3/P2B1N2/1PQB1PPP/R4RK1 b - - 1 14,vssf1_win_d8,5,4.12,0.0,4.22,0.16,quiet,1,0,0,0,
r1b1kb1r/1p2n1p1/2p4p/2n2p2/p5q1/2NB1N2/PP2QPPP/R1B1R1K1 w kq - 4 15,vssf1_win_d8,0,0.996,0.0,1.72,0.53,quiet,1,1,0,0,
8/1p3k2/1pp3p1/4p3/P1P5/1P4PP/3K4/8 w - - 0 42,sb_off_s1,128,0.159,0.0,0.98,-0.35,quiet,0,0,0,0,
5k2/5P2/5KB1/1Pp4P/Pp6/1P6/8/8 b - - 0 62,vssf1_def_d8,122,17.623,0.0,6.75,0.0,ks,1,3,0,0,
8/8/8/1p4kn/1B3p2/5K1p/7P/8 b - - 19 79,vssf1_win_d8,117,-5.983,0.0,-1.43,-0.95,ks,4,1,0,0,
6k1/6b1/3P3p/2P2R2/3r2PP/4K1P1/8/8 b - - 4 48,vssf1_win_d8,101,3.354,0.0,2.67,-1.4,quiet,2,1,0,0,
4r2k/R7/2p1qp1p/P5p1/3P2P1/2P4P/1P4P1/5QK1 b - - 0 36,vssf1_win_d8,64,5.043,0.0,2.98,-2.61,quiet,0,1,0,0,
4r1k1/6pp/p2p4/1p1P4/b2QP2P/q2B4/2P5/1K6 b - - 0 39,vssf1_win_d8,64,-10.994,-2.43,-8.75,-2.63,quiet,2,1,0,0,
r1b4r/p1N2kp1/p4p1p/8/5P2/8/PPPR2PP/3R2K1 b - - 0 28,vssf1_win_d8,74,1.353,0.0,2.7,0.18,quiet,0,1,0,0,
2q2knr/2p5/1pBp1p1p/6p1/4P2Q/4B3/RPP2PPP/6K1 w - - 0 19,vssf1_win_d8,48,5.5,0.0,7.64,3.2,quiet,0,1,0,0,
3r2k1/ppp3p1/7p/1b2rp2/PP1qB3/3P2R1/5N1P/1Q2K3 b - - 0 31,vssf1_win_d8,37,-6.275,-0.72,-8.85,-2.38,quiet,1,1,0,0,
2kr1r2/ppqn4/4p2p/3pP1p1/2pB2P1/4Q2P/PP2B3/R4RK1 w - - 2 25,vssf1_win_d8,26,3.592,0.0,2.66,-0.5,quiet,1,0,0,0,
r4k1r/ppR1bp2/4p2p/3pNq2/3Pn1p1/P3P1P1/1P1BQP1P/4R1K1 b - - 0 19,vssf1_win_d8,21,2.13,1.26,3.06,2.5,quiet,2,2,0,0,
1k1rr3/1p3pp1/pbn2q2/n6p/4B3/PP1PP1PP/5P2/1RBQK1R1 w - - 1 24,vssf1_win_d8,16,-3.493,-1.62,-5.69,-3.51,quiet,1,0,0,0,
r3k2r/pp1qbppp/n2ppn2/2pP4/4P3/3Q1N2/PPP2PPP/RNB2RK1 w kq - 3 10,vssf1_win_d8,10,0.423,0.0,0.95,0.23,quiet,0,0,0,0,
rnb2k1r/6p1/p1pqpb2/3N1p1p/Pp6/1P1PB1P1/2Q1PPBP/R2N1RK1 b - - 3 22,vssf1_win_d8,5,-0.453,0.0,5.58,0.85,quiet,0,1,0,0,
r1b1kb1r/1p1nn1p1/2p3qp/5p2/p1B2B2/2N2N1P/PP2QPP1/R3R1K1 b kq - 2 17,vssf1_win_d8,0,4.402,2.7,6.64,4.08,quiet,1,2,0,0,
8/1p4k1/1pp3p1/4p3/P1P3PP/1P2K3/8/8 w - - 1 45,sb_off_s1,128,0.367,0.0,1.62,-0.08,quiet,1,0,0,0,
5k2/8/P6p/2p3p1/4R1P1/8/P3KP2/8 b - - 0 42,vssf1_def_d8,117,12.232,0.0,7.08,0.0,quiet,0,1,0,0,
6k1/6b1/2PP3p/5R2/6rP/4K1P1/8/8 b - - 0 49,vssf1_win_d8,101,2.556,0.0,6.17,-3.88,quiet,2,1,0,0,
6k1/6pp/p1Q5/1p6/8/1PP3Pq/P2K4/4rN2 b - - 1 33,vssf1_win_d8,69,-5.305,0.0,-3.56,-1.41,quiet,1,0,0,0,
1r6/2p3k1/1pnp1p1p/6pQ/2B1P3/4B3/1PP2PPP/6K1 b - - 6 24,vssf1_win_d8,80,14.689,0.0,11.19,0.0,quiet,0,2,0,0,
7r/p1r2kp1/5p1p/2N2b2/5P2/2P5/PP1R2PP/3R2K1 w - - 3 32,vssf1_win_d8,74,1.888,0.0,1.77,0.18,quiet,0,1,0,0,
1k1r4/5R1p/p3P1p1/qpNr4/3pQ3/1P6/PB1P2PP/6K1 w - - 3 32,vssf1_win_d8,42,8.072,2.88,13.59,13.35,quiet,0,2,0,0,
1r2r1k1/3q2pp/5p2/8/2Npn1PP/Q2R1P2/P7/2R3K1 b - - 3 34,vssf1_win_d8,32,-1.715,0.0,-0.77,-1.04,quiet,1,1,0,0,
3r2r1/pp1n4/2p2kbR/3n4/2pP4/P4NP1/1PBK1P2/4R3 w - - 4 33,vssf1_win_d8,58,1.258,2.49,0.72,4.28,ks,3,5,0,0,
r1b1kb1r/pp5p/2pp2p1/8/1n1PpB2/5N1P/PP1K1PP1/4RB1R w kq - 0 15,vssf1_win_d8,53,-1.771,0.0,0.11,-0.52,quiet,2,0,0,0,
3r1rk1/p1p4p/1p1pPqp1/5p2/1PPb4/PN1n1PPB/6KP/1RBQ1R2 b - - 1 19,vssf1_win_d8,16,-1.514,-1.26,3.04,-0.95,quiet,2,1,0,0,
r4rk1/pp2b1pp/n1qp1n2/4p3/2pQPB2/P1N5/1PPN1PPP/R3K2R w KQ - 0 15,vssf1_win_d8,10,0.303,0.0,-2.35,0.21,quiet,0,0,0,0,
r4rk1/1pq1bppp/pnN1pn2/2p5/2P1P3/P1NP4/2Q1BPPP/1RB1K2R b K - 0 14,vssf1_win_d8,5,2.576,0.0,4.15,0.04,quiet,0,0,0,0,
rnbqk2r/1p2bppp/2p3n1/3pP3/p7/2P2N2/P1B1QPPP/RNB1K2R w KQkq - 3 11,vssf1_win_d8,0,-0.734,0.0,-0.8,0.11,quiet,0,0,0,0,
8/1p6/2p1k1p1/1PP1p3/1P2K1PP/8/8/8 b - - 0 48,sb_off_s1,128,0.446,0.0,2.11,0.01,ks,4,3,0,0,
8/2k5/4p1BP/6p1/1p6/1P2K3/8/8 b - - 0 43,vssf1_def_d8,122,7.021,0.0,5.7,-0.01,quiet,1,0,0,0,
8/1pB1b3/p7/P4k2/6pp/8/6K1/8 w - - 2 60,vssf1_win_d8,117,-8.958,0.0,-5.26,-0.73,quiet,2,1,0,0,
6k1/2PP2b1/4K2p/r4R2/7P/8/8/8 b - - 2 54,vssf1_win_d8,101,3.955,0.0,10.35,-1.84,ks,3,2,0,0,
1r4k1/p1b4p/2p1p3/8/4P3/6P1/P4P1P/2RR2K1 b - - 1 28,vssf1_win_d8,90,4.647,0.0,4.09,0.43,quiet,0,0,0,0,
2b2Q2/8/2k1pnp1/5p2/2NP1P2/4r3/2K3PP/8 b - - 3 42,vssf1_win_d8,80,6.143,0.0,6.06,7.53,ks,1,3,0,0,
r4rk1/pp3ppp/8/2Nb4/3P4/P7/4B1PP/5R1K b - - 2 26,vssf1_win_d8,80,-3.951,0.0,-3.74,-0.1,quiet,1,1,0,0,
5r1k/1B3pp1/pq1pb3/2p1P3/8/PPb2P2/2P3PP/1K1R3R b - - 0 22,vssf1_win_d8,58,-12.661,-1.02,-9.35,0.0,quiet,1,0,0,0,
6k1/5pp1/Q1N1pq1p/1p2N2n/PP6/2n3P1/4PPKP/2r2B2 b - - 1 29,vssf1_win_d8,48,-6.337,-2.34,-0.53,-0.3,ks,3,1,0,0,
1r4r1/1p1n4/p1p2kbR/3n4/2pP4/P4NP1/1PB2P2/1K2R3 w - - 4 36,vssf1_win_d8,58,2.6,2.49,1.05,4.92,ks,1,5,0,0,
2b1k2r/r2pppbp/2p3p1/8/1n1P1B2/5N1P/1P1RPPP1/4KB1R b k - 3 16,vssf1_win_d8,53,-0.053,0.0,-1.22,-0.52,quiet,0,0,0,0,
r4rk1/pp1b3p/2p5/q3n1p1/1bP1QP1N/1P2P1PP/P3N3/R4K1R b - - 0 23,vssf1_win_d8,16,-2.247,1.62,-3.58,-0.66,quiet,1,1,0,0,
rn2k1r1/p1q1ppBp/4b1p1/3n4/1P6/4PN2/P3BPPP/2RQ1RK1 b q - 2 14,vssf1_win_d8,10,4.727,1.26,8.73,4.17,quiet,1,1,0,0,
r1bq1rk1/ppp1bppp/1n6/3N4/2B5/P2P3P/1P1N1PP1/R1BQK2R b KQ - 0 13,vssf1_win_d8,5,1.392,0.0,3.09,0.21,quiet,0,0,0,0,
r3kb1r/pp1b1ppp/q1n1pn2/8/3P3P/1B3N2/PP3PP1/RNBQK2R w KQkq - 3 11,vssf1_win_d8,0,-2.681,-2.7,-3.27,-2.99,quiet,1,0,0,0,
8/8/8/8/8/8/3p4/k2K1N2 w - - 20 95,vssf1_def_d8,122,6.676,0.0,0.13,0.61,quiet,1,0,0,0,
8/5p1p/1q2pk2/8/Q7/1p2PP1P/P5K1/8 b - - 0 43,vssf1_win_d8,85,0.174,0.0,-2.86,1.38,quiet,0,0,0,0,
4r1k1/6pp/1p6/p3q2P/P1PQ4/6p1/8/2K5 w - - 2 40,vssf1_win_d8,74,-12.97,0.0,-7.9,0.0,quiet,0,0,0,0,
8/5bk1/1R1R4/p5p1/3r4/P6P/5PP1/6K1 b - - 1 41,vssf1_win_d8,90,4.897,0.0,4.62,1.23,quiet,0,1,0,0,
6Q1/p1r1k1p1/1p1qpp2/7p/P7/1P6/2pP2PP/2R2R1K w - - 0 31,vssf1_win_d8,53,8.162,2.61,4.66,4.43,quiet,1,2,0,0,
5r1k/1B3pp1/pq1pb3/2p1P3/8/P1b2P2/1PP3PP/1K1R3R w - - 1 22,vssf1_win_d8,58,-10.715,-1.77,-9.31,0.0,ks,3,0,0,0,
r7/3np1k1/p1pr2p1/5p2/P7/1BRn1N1P/3P1P2/5K1R w - - 2 28,vssf1_win_d8,64,-1.098,0.0,-1.36,0.32,quiet,1,1,0,0,
r4rk1/pp2ppb1/7p/1Pn2R1q/2P5/7P/P1Q2PB1/4R1K1 b - - 0 26,vssf1_win_d8,26,-3.986,0.0,-2.28,0.14,quiet,0,1,0,0,
rn1kr3/1pp3qp/p7/1n1pPp2/P4P2/1P6/1B1NQ1PP/R3R1K1 b - - 0 21,vssf1_win_d8,21,1.528,0.0,3.68,0.2,quiet,1,0,0,0,
r5k1/1p2pp1p/r3b1p1/8/PBpPN3/Q3bNqP/6P1/3R1K1R b - - 6 23,vssf1_win_d8,16,-1.358,-1.98,-0.21,-1.61,quiet,2,0,0,0,
r1b1r1k1/pp3pp1/2n4p/q3p3/1bP1B1P1/2N2N2/PP1Q1P1P/2K1R1R1 b - - 3 17,vssf1_win_d8,10,-0.211,0.0,-0.77,-0.35,quiet,0,1,0,0,
rn2k1nr/p2q2bp/1ppPN1p1/5p2/2QPpB2/8/PP3PPP/RN2KB1R b KQ - 7 14,vssf1_win_d8,5,11.346,4.5,13.03,7.02,quiet,0,2,0,0,
r3kbnr/pp1b1ppp/1qn1p3/8/3p3P/2P2N2/PPB2PP1/RNBQK2R w KQkq - 0 9,vssf1_win_d8,0,-0.787,0.0,-1.15,-0.22,quiet,0,0,0,0,
8/8/5p2/p2K1p1p/k6P/8/8/8 b - - 1 59,sb_off_s1,128,-7.416,0.0,-3.29,0.66,quiet,2,0,0,0,
8/4p1k1/1p6/2p1PB1K/PpP2P1P/1P6/8/8 w - - 0 54,vssf1_def_d8,122,12.602,0.0,7.53,0.38,ks,1,3,0,0,
7k/4P3/3n1p2/2Np4/3P1KP1/7P/8/8 w - - 1 63,vssf1_win_d8,117,7.851,0.0,5.38,-0.54,ks,3,0,0,0,
3r4/8/1bp2p1k/P7/3p4/P4P2/1BPP2PP/4K3 b - - 0 31,vssf1_win_d8,106,-3.813,0.0,-2.54,0.01,quiet,0,0,0,0,
8/3pk3/3r4/R4p2/4b3/4K1PN/7P/8 b - - 0 52,vssf1_win_d8,96,-1.921,0.0,-0.41,-3.93,ks,3,0,0,0,
7Q/p1r1kpp1/1p2p3/7p/P2q4/1P6/2pP2PP/2R2R1K w - - 3 29,vssf1_win_d8,53,7.675,2.28,3.32,1.58,quiet,1,2,0,0,
3r2k1/1p3pp1/p6p/2q1P2P/3rPP2/P5P1/2b4R/4QBK1 w - - 0 33,vssf1_win_d8,42,-6.733,0.0,-6.67,-0.6,quiet,0,0,0,0,
1r6/6k1/p1pr2p1/P1n1ppN1/2B2n2/7P/2RP1P2/5K1R w - - 4 32,vssf1_win_d8,64,-1.018,0.0,-2.92,-0.46,quiet,1,2,0,0,
r6k/1pp2p2/p3Pq1b/2n5/6Q1/P2B2P1/1P3P1P/R1B1R1K1 w - - 0 25,vssf1_win_d8,32,13.62,3.06,8.4,0.0,quiet,1,2,0,0,
1r3rk1/p4p1p/4p1p1/4PnPn/3p1P2/1P3Q1P/2qBN3/4K1RB w - - 1 30,vssf1_win_d8,26,-7.485,-3.96,-8.07,-5.08,quiet,1,0,0,0,
rb2k2r/1p3p2/2n2npp/pNp1p3/2P5/PPB1Pb2/2B2PPP/R4RK1 w kq - 0 16,vssf1_win_d8,48,-2.304,0.0,-2.81,0.12,quiet,1,0,0,0,
1rb3k1/pp2rpp1/2n4p/q2Bp3/1bP1R1P1/2N2N2/PP1Q1P1P/2K3R1 b - - 7 19,vssf1_win_d8,10,-0.033,0.0,-0.77,-0.39,quiet,0,1,0,0,
rn2k2r/p2q2bp/1ppPNnp1/5p2/2QPpB2/8/PP3PPP/RN2KB1R w KQ - 8 15,vssf1_win_d8,5,10.51,4.14,12.38,6.95,quiet,0,2,0,0,
r2qkb1r/pp2pp2/2n2npp/2pp1b2/8/P1PP1NP1/1PQ1PPBP/RNB2RK1 b kq - 0 8,vssf1_win_d8,0,-0.881,0.0,-0.41,-0.15,quiet,0,0,0,0,
8/8/8/1pP5/3k4/4p3/4K3/8 b - - 0 102,sb_off_s1,128,-6.405,0.0,-1.29,-0.79,quiet,2,1,0,0,
8/2p3k1/1pPp4/pP6/8/7r/6K1/8 w - - 0 38,vssf1_def_d8,117,-10.171,0.0,-7.88,0.0,quiet,1,0,0,0,
3K4/5r2/1p4k1/1P6/8/8/5p2/5R2 w - - 6 81,vssf1_win_d8,106,-4.695,0.0,-2.71,-0.85,quiet,1,0,0,0,
8/8/r2b1p1k/2pK4/P2p4/5P2/1BPP2P1/8 w - - 8 41,vssf1_win_d8,106,-7.322,0.0,-4.36,-0.68,ks,4,0,0,0,
6k1/R4p1p/4n3/1P2p3/2r5/6P1/4PPKP/3R4 w - - 0 30,vssf1_win_d8,90,7.781,0.0,6.73,0.17,quiet,0,1,0,0,
3r2k1/p1p4p/1p2ppp1/2r5/1N6/P7/1P2BKPP/7R w - - 2 37,vssf1_win_d8,85,-1.838,0.0,-1.44,-0.33,quiet,0,0,0,0,
R2r2k1/1P3pp1/8/2p1p3/8/2P3nP/1P1Bb1B1/6K1 b - - 1 31,vssf1_win_d8,85,1.36,0.0,3.71,-0.53,quiet,2,0,0,0,
r7/p5kp/6p1/6N1/5PN1/bb4P1/2r4P/4RK2 w - - 6 39,vssf1_win_d8,74,-9.893,0.0,-7.06,0.26,quiet,1,2,0,0,
3r1rk1/pp3ppp/1q6/2pBP3/2Pb4/1P1P1QP1/8/4RN1K b - - 2 29,vssf1_win_d8,37,-3.422,0.0,-5.0,-1.69,quiet,1,2,0,0,
1rb1k2r/4n1pp/p1p1pp2/q7/N1pP4/2P1PN2/P4PPP/R2Q1RK1 w k - 0 14,vssf1_win_d8,21,0.821,0.0,1.12,0.28,quiet,0,0,0,0,
1r1q1k1r/1bNpn1p1/1Q3p2/p3p2p/R3P2N/8/1PP1BPPP/3R2K1 b - - 9 22,vssf1_win_d8,16,6.439,0.0,6.96,1.62,quiet,0,1,0,0,
r1bk1b1r/1pq2p2/1npp1N1p/p3P1p1/8/3BP3/PPPN1PPP/R2Q1RK1 b - - 0 17,vssf1_win_d8,10,0.941,0.0,3.57,1.25,quiet,0,1,0,0,
rnb1k2r/ppq3pp/2pb1B2/3p1p2/7N/1P1BP2P/P1PP1P2/RN1QK2R b KQkq - 0 10,vssf1_win_d8,5,3.256,0.0,3.13,0.86,quiet,0,1,0,0,
r1bqk2r/pp2ppb1/2n2npp/1P1p4/2p5/P1PP1NP1/2Q1PPBP/RNB1K2R b KQkq - 0 9,vssf1_win_d8,0,-0.562,0.0,-0.44,-0.11,quiet,0,0,0,0,
8/5p2/4p1p1/4P1P1/3k1P2/6K1/8/8 w - - 2 74,sb_off_s0,128,0.17,0.0,-0.12,-0.3,quiet,0,1,0,0,
6k1/2p2pp1/3p4/3Pp1b1/4P2p/P4P2/2K5/8 w - - 0 41,vssf1_def_d8,122,-10.832,0.0,-8.24,-0.93,quiet,1,0,0,0,
8/p4R2/1p6/1P4P1/4k2K/5p2/8/r7 b - - 0 63,vssf1_win_d8,106,-0.96,0.0,0.13,0.68,quiet,0,1,0,0,
6k1/2R1Qp2/1p2q1p1/7p/pP6/P3P2P/6P1/7K b - - 0 44,vssf1_win_d8,74,8.448,0.0,7.48,3.08,quiet,0,1,0,0,
6k1/1R6/5P2/rb1p4/2pK4/p1P5/P7/1R6 b - - 1 43,vssf1_win_d8,90,4.807,0.0,5.49,3.41,ks,3,2,0,0,
6rk/2R3p1/5N2/1R5p/1n6/p3KP1P/P5P1/8 b - - 5 40,vssf1_win_d8,85,11.284,0.0,7.46,0.0,quiet,1,2,0,0,
3r2k1/pp3p1p/2b1p3/8/2P5/P4PP1/3q2BP/1R4KR b - - 1 27,vssf1_win_d8,64,-7.112,-1.02,-9.84,-3.68,quiet,1,0,0,0,
3r1k2/4pp2/p5p1/2nPb1Pp/4p2P/P3B3/2r1BP2/1R3K1R w - - 2 41,vssf1_win_d8,64,-0.417,0.0,-2.22,-0.51,quiet,1,0,0,0,
r2r2k1/2p2ppp/1p2p3/8/1n6/1P1qPPNP/p2N1P2/Q1BK3R w - - 1 24,vssf1_win_d8,32,-6.814,-4.32,-9.87,-8.31,quiet,2,1,0,0,
1rb2rk1/4n1pp/p1p1ppq1/8/N1NPPP2/2P5/P5PP/R2Q1RK1 w - - 1 18,vssf1_win_d8,21,0.971,0.0,1.66,-0.18,quiet,1,0,0,0,
2r1k2r/3p1ppp/p3p3/4P3/2b2n2/bqP2N2/NP3PPP/1KBR3R w k - 0 23,vssf1_win_d8,32,-18.697,-2.52,-13.15,0.0,quiet,2,1,0,0,
r3kb1r/pp1b1ppp/1qn1p3/8/3NN3/2P5/PP3PPP/R1BQ1RK1 w kq - 1 11,vssf1_win_d8,10,0.038,0.0,0.78,0.46,quiet,0,0,0,0,
r1bqk2r/pp2ppb1/5npp/nP1p4/8/P1PP1NPP/2QN1PB1/R1B2RK1 b kq - 2 13,vssf1_win_d8,0,0.478,0.0,0.88,-0.04,quiet,0,0,0,0,
4k3/8/8/p4NK1/3PP2p/1P6/P7/8 w - - 0 54,vssf1_def_d8,122,13.948,0.0,6.67,0.0,quiet,0,1,0,0,
8/2rk2pp/p7/P4p2/8/7P/1R6/5K2 b - - 5 39,vssf1_win_d8,106,-4.053,0.0,-2.3,-0.29,quiet,0,0,0,0,
4r3/1p4k1/2p1pp2/p2P1p2/3P3p/8/PP3PPP/4RRK1 w - - 0 38,vssf1_win_d8,96,9.932,0.0,6.38,0.49,quiet,0,0,0,0,
8/8/2k1B3/p3p2R/8/6P1/P2NK2P/2r5 w - - 1 33,vssf1_win_d8,96,14.939,0.0,9.13,0.0,quiet,1,1,0,0,
2rk1n2/1p3B2/2p5/p3p2p/P6P/1P3rP1/2PP2K1/3R4 w - - 0 38,vssf1_win_d8,85,-0.075,0.0,-4.28,0.17,quiet,1,1,0,0,
r4q1k/6b1/p3p3/2R1p1p1/4P2p/2P1NPP1/1P2Q1KP/8 w - - 1 43,vssf1_win_d8,53,2.516,0.0,2.71,0.18,quiet,2,0,0,0,
r6k/p6p/4N1p1/8/5PN1/bb4PP/2r5/4RK2 b - - 0 40,vssf1_win_d8,74,-9.207,0.0,-7.15,-0.19,quiet,1,1,0,0,
1r4k1/p5pp/4bp2/q1pp4/1r6/3BPN1P/P1P3P1/3R1RK1 b - - 1 25,vssf1_win_d8,48,-11.352,0.0,-9.54,0.0,quiet,0,1,0,0,
r2r1knQ/P4pp1/4q2p/1P2p3/3p4/6PP/3B2BK/R4R2 b - - 0 35,vssf1_win_d8,26,5.29,2.16,8.84,3.79,quiet,1,2,0,0,
r2q1rk1/5ppp/2pbpn2/p1pp4/P1P5/3PPN2/PB2QPPP/R3K2R b KQ - 0 14,vssf1_win_d8,21,-0.802,0.0,-1.01,-0.11,quiet,0,0,0,0,
r4rk1/pp3pbp/3pb3/4p1p1/7N/P3PBP1/1q2NP1P/2RQ1K1R w - - 0 24,vssf1_win_d8,16,2.964,0.0,-0.35,-0.67,quiet,1,0,0,0,
r1r3k1/pp1b1ppp/q1n1pn2/8/3P1B1P/1BP2N2/P1Q2PP1/2KR3R b - - 0 15,vssf1_win_d8,10,0.932,0.0,-1.38,-1.62,quiet,0,1,0,0,
r4rk1/pp1q2pp/2p5/b2pB3/2P1n3/1P2PN1b/P1Q1BP2/RN4KR w - - 0 18,vssf1_win_d8,5,-1.39,-4.14,-3.61,-5.82,quiet,2,1,0,0,
2kr1n1r/ppq1ppbp/2ppbnp1/P5N1/1PPP4/2NBP2P/5PP1/R1BQ1RK1 b - - 0 13,vssf1_win_d8,0,0.505,0.0,2.61,1.06,quiet,0,0,0,0,
1k6/pp3ppp/8/8/8/P2KP1P1/5P1P/8 b - - 0 32,sb_off_s0,128,0.447,0.0,0.83,-0.27,quiet,0,0,0,0,
5k2/7p/p7/5p2/3p4/1P1PpN2/P3P3/5K2 b - - 1 41,vssf1_def_d8,122,4.178,0.0,3.04,-0.19,quiet,1,0,0,0,
6k1/P1n5/5p2/8/3P4/2P4R/6PP/6K1 b - - 0 43,vssf1_win_d8,112,13.518,0.0,10.25,1.89,quiet,0,1,0,0,
8/6k1/4Rp2/p4p2/7p/1P5P/P1R1KPP1/7r b - - 0 47,vssf1_win_d8,96,11.147,0.0,7.2,0.0,quiet,1,1,0,0,
1k3r2/1p6/2p2q2/Q2p4/3P1N2/6P1/PP1K1P2/4R3 w - - 1 34,vssf1_win_d8,58,6.153,-0.87,7.27,0.86,quiet,0,1,0,0,
3r2k1/7p/2p3p1/p1b4P/1p2r3/5NP1/P1p2P2/2B3KR b - - 0 34,vssf1_win_d8,80,-7.389,0.0,-8.3,-0.15,quiet,1,0,0,0,
6rr/6Rp/p7/2n5/2N1k1p1/5nB1/P5KP/8 w - - 1 32,vssf1_win_d8,74,-9.039,0.0,-4.75,3.85,ks,3,3,0,0,
1r4k1/p5pp/4bp2/2pp4/P7/2qBPN1P/1rP3P1/3R1RK1 w - - 1 27,vssf1_win_d8,48,-10.776,0.0,-9.62,0.0,quiet,0,1,0,0,
1rr2k2/5pp1/P3q2p/3np3/1P1p4/3Q2PP/3B2BK/R4R2 b - - 0 31,vssf1_win_d8,26,1.738,0.0,5.03,0.38,quiet,1,1,0,0,
3q1rk1/1r3ppp/2pbpn2/p1pp4/P1P5/3PPN2/PBQ2PPP/2R1K2R w K - 5 17,vssf1_win_d8,21,-0.254,0.0,-1.11,-0.11,quiet,0,0,0,0,
5rk1/pp1bb3/4p1q1/4P3/3B1n2/5N1r/PP3PPR/R2Q2K1 w - - 0 27,vssf1_win_d8,16,-3.354,-1.26,-2.85,-1.24,ks,3,0,0,0,
2r1r1k1/pp3p2/1q1bp1pp/nPnp4/PB6/2PP1NPP/3Q1P2/1R2RBK1 b - - 5 24,vssf1_win_d8,10,-0.062,0.0,1.3,0.2,quiet,0,0,0,0,
2rqkb1r/pp1npppp/2n5/2P5/QPb5/2N1P3/P4PPP/R1B1KB1R w KQk - 0 11,vssf1_win_d8,5,-1.179,0.0,-2.25,0.0,quiet,1,0,0,0,
r1bqk2r/pp2ppbp/1npp1np1/8/2PP4/3BPN1P/PP3PP1/RNBQ1RK1 w kq - 4 8,vssf1_win_d8,0,0.376,0.0,1.16,0.33,quiet,0,0,0,0,
8/8/3kp1pp/p1p2p2/P1K2P1P/1P2PP2/8/8 b - - 6 41,sb_off_s0,128,-0.321,0.0,0.79,-0.33,ks,4,2,0,0,
4b1k1/6pp/5p2/1p3PP1/8/p4K2/7P/8 b - - 0 51,vssf1_def_d8,122,-12.464,0.0,-10.38,-0.37,quiet,0,0,0,0,
4n3/5k2/P7/3p3p/5N2/1p3P1P/1P3K2/8 w - - 1 45,vssf1_win_d8,117,5.905,0.0,5.46,0.23,quiet,0,1,0,0,
3bk3/RR3pr1/8/2p1pP2/8/5PPp/2P4P/6K1 b - - 0 35,vssf1_win_d8,90,3.99,0.0,4.05,0.42,quiet,1,1,0,0,
6k1/p4pp1/2B5/7p/5n1P/P1n5/3r3R/6K1 b - - 4 37,vssf1_win_d8,90,-9.117,0.0,-7.0,-2.8,quiet,2,0,0,0,
r3r1k1/3p3p/6p1/p1P1B3/1ppP3P/5N2/Pb3PPK/7R b - - 0 27,vssf1_win_d8,80,-5.075,0.0,-3.79,0.78,quiet,0,1,0,0,
7r/2R4p/p2N2r1/2n5/6p1/3k1nB1/P5KP/8 b - - 6 34,vssf1_win_d8,74,-9.747,0.0,-6.0,-0.12,quiet,2,1,0,0,
1r4k1/p1p3pp/4bp2/q2p4/3r4/3BPN1P/P1P1K1P1/3R1R2 b - - 1 23,vssf1_win_d8,48,-14.639,-2.16,-9.57,0.0,quiet,2,1,0,0,
2rr2k1/2qbbppp/4p3/1p2P3/2p1BQ1P/pPNR2P1/P3PP2/2KR4 w - - 0 23,vssf1_win_d8,21,0.199,1.26,-0.68,-0.61,quiet,1,2,0,0,
1r3rk1/2pq1pp1/1pnp1n1p/pR1Bp3/2P1P1b1/P2P1N2/2P1QPPP/2B1R1K1 w - - 2 17,vssf1_win_d8,10,0.639,0.0,-0.43,-0.03,quiet,0,1,0,0,
r1bqkbnr/1p3ppp/p1p1p3/8/3Bn3/3P1N2/PPP1BPPP/R1Q2RK1 w kq - 0 11,vssf1_win_d8,5,-1.629,0.0,-1.88,0.08,quiet,1,0,0,0,
2kr3r/ppq1ppbp/1nppbnp1/8/P1PP4/1PNBPN1P/5PP1/R1BQ1RK1 w - - 1 11,vssf1_win_d8,0,-0.023,0.0,2.08,0.77,quiet,0,0,0,0,
3k4/8/4p1p1/p1p1Pp1p/P1K2P1P/1P3P2/8/8 b - - 28 63,sb_off_s0,128,0.125,0.0,1.11,-0.19,ks,3,0,0,0,
1B6/6kp/P4p2/6p1/8/2p4P/1P3PP1/6K1 w - - 0 36,vssf1_def_d8,122,10.687,0.0,6.27,0.71,quiet,0,0,0,0,
8/5k2/P4n2/3N3p/8/1p3P1P/1P3K2/8 w - - 1 46,vssf1_win_d8,117,6.93,0.0,5.62,0.15,quiet,0,1,0,0,
5k2/7R/3p1N2/pP1Pp3/P1r1P1p1/8/5KPP/8 b - - 6 43,vssf1_win_d8,101,11.423,0.0,8.64,11.09,quiet,1,2,0,0,
8/p2bk3/Pp5p/5Pp1/2PNN3/r7/4KP2/8 b - - 4 40,vssf1_win_d8,101,-3.99,0.0,-3.59,0.58,ks,1,3,0,0,
5rk1/1pp3p1/p6p/1P1pp1n1/6b1/P4P2/2P1BK2/6N1 w - - 0 32,vssf1_win_d8,96,-14.824,0.0,-10.15,0.0,ks,3,0,0,0,
r3r1k1/3p3p/6p1/p1P1B3/1p1P3P/5N2/Pbp2PP1/6KR w - - 0 29,vssf1_win_d8,80,-4.282,0.0,-7.4,0.78,quiet,0,1,0,0,
2kr4/p2n2p1/1pp2r1p/8/2B2b2/1Q3PP1/PP3P1P/R5K1 w - - 0 20,vssf1_win_d8,58,3.808,0.0,3.48,0.89,quiet,0,0,0,0,
r5k1/3p3p/pp1Pp1p1/2pn4/4q3/RP2P3/3QBr2/2K3R1 w - - 2 36,vssf1_win_d8,32,-7.596,-2.16,-4.71,-1.13,quiet,1,0,0,0,
2qr3k/pp3p2/4b3/2Nn1p1p/3P4/P2Q4/1P1B2PP/4RRK1 w - - 2 30,vssf1_win_d8,32,8.514,0.0,6.95,0.15,quiet,0,0,0,0,
r4rk1/pp2p2p/3p2q1/2pPb2p/P5bQ/2P1B3/1P1N1PP1/R2R2K1 w - - 3 19,vssf1_win_d8,21,1.788,1.26,-1.24,-0.34,quiet,2,0,0,0,
2k2r1r/1p2q1p1/pn1bp2p/2p2PN1/5PB1/1P6/P2B2PP/R2Q1RK1 b - - 0 20,vssf1_win_d8,16,3.433,0.0,4.08,0.07,quiet,0,0,0,0,
1r3rk1/1ppq1pp1/2npbn1p/pR1Bp3/4P3/P1PP1N2/2P2PPP/2BQR1K1 w - - 4 15,vssf1_win_d8,10,0.904,0.0,0.37,-0.03,quiet,0,0,0,0,
r3qrk1/1pp2ppp/8/p2P1nBb/P3n1PP/2P2P2/BP2K3/R2Q1NbR w - - 0 17,vssf1_win_d8,5,-6.569,-2.16,-5.56,-3.85,ks,3,0,0,0,
r1bqk1nr/pp1n1pbp/2pp2p1/4p1B1/P2P4/2N2N1P/1PP1PPP1/R2QKB1R b KQkq - 1 7,vssf1_win_d8,0,0.972,0.0,0.19,0.46,quiet,0,1,0,0,
8/1k6/4p1pp/p1p2p2/P4P2/1PK1PP2/7P/8 w - - 0 37,sb_off_s0,128,-0.263,0.0,0.94,-0.23,quiet,2,0,0,0,
8/8/8/8/5K2/8/4p3/1k2N3 b - - 39 86,vssf1_def_d8,122,3.038,0.0,-0.13,0.36,quiet,0,1,0,0,
8/8/4k3/2pp4/4nB2/1P1KP3/8/8 b - - 11 61,vssf1_win_d8,117,-0.222,0.0,-0.63,-1.19,ks,3,1,0,0,
4k1N1/8/3p4/pP1Pp2R/P3P1p1/8/5KPP/2r5 b - - 2 41,vssf1_win_d8,101,10.148,0.0,6.97,-0.32,quiet,2,1,0,0,
8/p2bk3/rp5p/5Pp1/2PNN3/8/4KP2/8 w - - 0 41,vssf1_win_d8,101,-4.538,0.0,-4.12,1.12,ks,0,3,0,0,
2r5/pp1b4/1q2pk2/3p4/3P1P2/2P3Q1/PPN4P/2K5 w - - 0 30,vssf1_win_d8,64,3.533,3.69,-3.06,4.0,ks,1,3,0,0,
2r1k2r/1p3p2/p1q1p3/2p2p1p/P7/1PPPP3/1R4PP/3Q1RK1 b k - 0 20,vssf1_win_d8,42,-0.117,0.0,0.6,-0.02,quiet,1,0,0,0,
r5k1/3p3p/pp1Pp1p1/2pn4/R3q3/1P2P3/3QBr2/2K3R1 b - - 3 36,vssf1_win_d8,32,-8.682,-2.16,-4.04,-0.91,quiet,1,0,0,0,
2qr3k/pp3p2/4b3/2Nn1p1p/3P4/P4Q2/1P1B2PP/4RRK1 b - - 3 30,vssf1_win_d8,32,9.534,0.0,7.78,1.52,quiet,0,0,0,0,
r4rk1/pp2p2p/3p2q1/2pPbb1p/P3Q3/2P1B3/1P1N1PP1/R2R2K1 w - - 1 18,vssf1_win_d8,21,-1.62,-1.62,-1.62,-0.47,quiet,2,0,0,0,
r1b1k2r/p2nppbp/2pp4/7p/qpBPP3/4QN2/PPP2PP1/2K1R2R w kq - 0 15,vssf1_win_d8,16,-3.489,0.0,-2.23,0.41,quiet,1,1,0,0,
rn1q1rk1/p1pp1ppp/bp2pn2/8/Q1PP4/5NP1/PP2PP1P/R1B1KB1R b - - 4 8,vssf1_win_d8,10,0.972,0.0,-0.32,-0.46,quiet,0,0,0,0,
r1bqkb1r/1pp1p2p/2n2pp1/3p4/2NPB3/1p4P1/P1P1PP1P/RNBQ1RK1 w kq - 0 10,vssf1_win_d8,5,5.333,0.0,0.92,0.27,quiet,0,0,0,0,
r1bq1rk1/pp1nnpbp/2p3p1/4p3/P7/2NQBN1P/1PP1PPP1/2KR1B1R b - - 5 10,vssf1_win_d8,0,1.222,0.0,-0.15,0.07,quiet,0,0,0,0,
8/6pp/5p2/pp1k1P2/3P3P/1PK2P2/8/8 b - - 3 39,sb_off_s0,128,-0.212,0.0,-1.74,0.2,ks,3,5,0,0,
5k2/8/6pp/p2Rp3/P7/7P/1P3PP1/6K1 b - - 1 32,vssf1_def_d8,117,11.051,0.0,7.38,0.0,quiet,0,0,0,0,
8/8/8/2pp1kP1/4n3/1P2P2P/1B6/6K1 b - - 0 47,vssf1_win_d8,117,3.965,0.0,0.01,0.17,ks,1,4,0,0,
r7/4kpp1/p1R5/8/6Pp/4B2P/PP3P2/6K1 w - - 1 29,vssf1_win_d8,101,7.835,0.0,6.29,2.82,quiet,0,1,0,0,
4k3/2nr3p/2BQ2p1/8/P7/6P1/5P2/5K2 b - - 2 40,vssf1_win_d8,85,13.238,0.0,7.57,0.0,quiet,0,2,0,0,
r5k1/1pQR1r2/2n2p1p/p3p1p1/2P5/P5P1/1P2PP1P/6K1 w - - 1 30,vssf1_win_d8,69,11.001,0.0,3.79,0.55,quiet,0,1,0,0,
3rk1r1/pp3p1p/4p3/2pq1p2/8/1PP2Q2/P2P1PPP/2KR3R w - - 1 18,vssf1_win_d8,42,-0.276,0.0,-0.79,-0.6,quiet,1,0,0,0,
2b1k1r1/1p3p1p/rQn1p1p1/7P/1p6/8/PPP2PP1/2KR3R w - - 0 18,vssf1_win_d8,53,5.071,0.0,4.79,0.54,quiet,0,2,0,0,
8/3b1rk1/6pp/R1p2pb1/2P5/1r3B1P/1P2P1R1/5N1K b - - 3 34,vssf1_win_d8,64,-1.309,0.0,-1.64,-0.27,quiet,0,0,0,0,
r2k1q1r/pp1n4/2p1R2p/6p1/1P3N2/6P1/P1B2K1P/1RBQ4 w - - 0 22,vssf1_win_d8,21,11.501,3.24,8.45,0.0,quiet,0,2,0,0,
r4rk1/1p2np1p/p1nN4/2p5/2B2B2/P4N2/1bP2PP1/4RRK1 w - - 1 23,vssf1_win_d8,48,4.508,0.0,5.43,0.75,quiet,0,2,0,0,
1k1r3r/pP2ppb1/1qppnnpp/1P6/2PP4/2NBP2P/5PP1/R1BQ1RK1 b - - 0 17,vssf1_win_d8,10,2.533,2.88,5.74,2.15,quiet,0,2,0,0,
r1b2rk1/p1q2ppp/n1pbp3/8/Np1P4/1Q1BPN2/PP1n1PPP/R3K2R w KQ - 0 14,vssf1_win_d8,5,-1.034,0.0,-3.73,0.05,quiet,1,1,0,0,
rnbqkb1r/5ppp/pp2pn2/2pP4/1P6/P1N1PN2/3P1PPP/R1BQKB1R b KQkq - 0 7,vssf1_win_d8,0,0.559,0.0,2.3,0.73,quiet,0,0,0,0,
8/7p/1K2kpP1/8/8/5P2/8/8 b - - 0 48,sb_off_s0,128,-0.527,0.0,1.05,-0.78,quiet,0,1,0,0,
5k2/8/1P4pp/3p4/8/8/B2K2PP/8 b - - 0 43,vssf1_def_d8,122,7.527,0.0,6.77,-0.42,quiet,0,0,0,0,
5q2/8/3r4/4K3/8/4k3/8/8 b - - 7 74,vssf1_win_d8,96,-26.525,0.0,-65.42,0.0,ks,3,1,0,0,
2r3k1/4B1P1/8/pp2pp2/8/P3P2p/3K4/5N2 w - - 0 55,vssf1_win_d8,106,-3.492,0.0,-2.2,-0.05,quiet,1,2,0,0,
7k/3p1p2/p5p1/2p5/q1P1n1P1/4NP2/P7/3R1K2 b - - 0 32,vssf1_win_d8,85,-11.631,0.0,-7.14,0.0,quiet,1,0,0,0,
1R2q1k1/2Q5/3p1pr1/5N1p/4P3/6P1/5PKP/8 b - - 4 41,vssf1_win_d8,58,8.898,3.39,16.34,19.72,quiet,1,2,0,0,
6k1/1b3pp1/7p/p3rP2/1p1Nn1P1/4N3/8/R4K2 b - - 3 43,vssf1_win_d8,85,-8.418,0.0,-5.18,-2.21,quiet,1,0,0,0,
8/3br1k1/6pp/2RB1pb1/2P5/4P2P/6R1/r4N1K w - - 1 38,vssf1_win_d8,64,1.102,0.0,-3.23,-0.67,quiet,0,1,0,0,
1r4k1/2n3bp/3p1q2/7R/B2P1r2/PpP5/1Q1NPP2/4K3 b - - 2 25,vssf1_win_d8,32,-2.866,0.0,-4.41,0.7,quiet,1,1,0,0,
5rk1/1p3pp1/1r1q4/1Pb5/1n1pB3/4PQP1/PB1P3P/R4RK1 b - - 0 25,vssf1_win_d8,21,2.924,0.0,2.86,0.98,quiet,0,2,0,0,
4r1k1/1p2pp1p/2bpq1p1/6n1/2P2BP1/2b1Q2P/r3PPB1/2R2K1R w - - 0 24,vssf1_win_d8,16,-1.834,-2.16,-9.11,-4.04,ks,3,0,0,0,
r1bqr1k1/pp3pbp/2pp2p1/8/2PPn3/1QPBBN1P/P4PP1/2KR2R1 b - - 4 15,vssf1_win_d8,10,0.463,0.0,-0.91,-0.92,quiet,1,0,0,0,
2kr1b1r/pppq4/2n1bp1p/4p1p1/2PpP3/3P1BBN/PP3PPP/RN1Q1RK1 w - - 0 13,vssf1_win_d8,5,2.882,0.0,2.11,0.18,quiet,0,0,0,0,
rnbq1rk1/5ppp/pp1b1n2/3p4/3P4/P1NBPN2/3B1PPP/R2QK2R b KQ - 3 11,vssf1_win_d8,0,0.416,0.0,0.15,0.04,quiet,0,1,0,0,
8/8/8/8/7k/6p1/8/6K1 b - - 5 84,pinoff_s0,128,-4.635,0.0,0.0,0.0,quiet,1,0,0,0,
6k1/8/6pp/1P1p4/8/p2B4/3K2PP/8 w - - 0 41,vssf1_def_d8,122,5.74,0.0,3.79,-0.62,quiet,0,0,0,0,
8/p6K/8/1P2k3/8/8/2B5/3q2r1 w - - 0 51,vssf1_win_d8,90,-13.971,0.0,-14.48,0.0,quiet,1,1,0,0,
8/4P3/3k1P2/2b4p/1p1pK2P/rR6/8/3B4 b - - 2 48,vssf1_win_d8,96,4.988,0.0,4.99,-0.54,ks,3,2,0,0,
5rk1/p1P4p/2pBp1p1/2p5/1np5/6PP/Pb2P3/R2R2K1 w - - 0 30,vssf1_win_d8,80,-0.87,0.0,2.65,-0.0,quiet,1,1,0,0,
3r2k1/p1p4p/bp2ppp1/8/3r4/P2N1N2/1PP1BKPP/7R b - - 1 32,vssf1_win_d8,74,-1.138,0.0,0.22,-0.23,quiet,0,0,0,0,
8/3b2k1/6pp/2R2p2/2P2b2/4r2P/6B1/r4NRK w - - 2 40,vssf1_win_d8,64,-0.813,0.0,-3.11,-0.46,quiet,1,0,0,0,
r3k2r/4qp2/p1p2p2/p1Nb4/3P1N2/P7/1PQB2PP/2R3K1 b kq - 0 25,vssf1_win_d8,32,4.893,0.0,6.45,2.63,quiet,2,1,0,0,
r3k2r/p4ppp/np2pn2/4N1B1/1bP5/2N3P1/P3PPKP/R2R4 w kq - 1 16,vssf1_win_d8,53,-0.199,0.0,1.57,0.15,quiet,0,2,0,0,
N3kbr1/1p1b1p1p/n1qp1Bp1/1p2p3/PP2P3/7P/2P1BPP1/R2Q1RK1 b - - 0 16,vssf1_win_d8,21,5.993,0.0,7.32,1.45,quiet,0,1,0,0,
rn1qk2r/1p1b1ppp/5n2/pB1p4/Q2N4/P3P1P1/1P3P1P/R1B1K2R b KQkq - 0 13,vssf1_win_d8,10,1.556,0.0,1.54,0.17,quiet,0,1,0,0,
r1b1kb1r/ppp2pp1/2nq3p/4p3/3pP2B/2PP1B2/PP3PPP/RN1QK1NR b KQkq - 1 8,vssf1_win_d8,5,4.392,0.0,2.84,-0.11,quiet,0,1,0,0,
r1bqkb1r/1p1p3p/p1n1p2n/5p2/4P1pN/2N3B1/PPPQ1PPP/2KR1B1R b kq - 0 11,vssf1_win_d8,0,1.284,0.0,1.92,0.76,quiet,0,1,0,0,
8/8/8/7k/8/6p1/6K1/8 b - - 9 86,pinoff_s0,128,-1.307,0.0,0.0,0.0,quiet,1,0,0,0,
1k6/2p2p2/5Rp1/8/P2P3p/8/2P1KPPP/8 b - - 1 36,vssf1_def_d8,117,14.451,0.0,7.77,0.0,quiet,0,0,0,0,
8/2R2p1k/4p3/8/1p2p3/4Pb2/1P3P1P/4K3 w - - 0 30,vssf1_win_d8,112,5.011,0.0,3.57,0.54,quiet,1,0,0,0,
3k4/3q1p2/p7/2Q1P3/8/1P4P1/P4PB1/6K1 w - - 5 35,vssf1_win_d8,80,12.478,0.0,7.32,0.0,quiet,0,1,0,0,
6R1/1BR1pp2/P2pkn1p/6p1/8/4P3/5PPP/6K1 b - - 0 35,vssf1_win_d8,96,15.709,0.0,12.43,0.0,quiet,0,2,0,0,
8/1rp1k3/2p1prQ1/3p4/p1bP4/2P5/PP3PPP/1R4K1 w - - 1 36,vssf1_win_d8,69,7.698,0.0,4.99,3.0,quiet,2,1,0,0,
3r2k1/p5p1/1b2p2p/2R5/4r3/P4N2/1P3PPP/2R2K2 w - - 1 28,vssf1_win_d8,74,0.813,0.0,1.11,-0.03,quiet,1,0,0,0,
2r3k1/Qb3ppp/1r6/p7/1q6/1P2P3/P1P3PP/3RN1K1 b - - 2 25,vssf1_win_d8,42,-5.189,0.0,-6.11,-0.64,quiet,1,0,0,0,
4rk2/2Q2p2/pp2b1p1/3p1nqp/1P1P4/P7/4RPPP/3N1BK1 w - - 8 35,vssf1_win_d8,42,-0.215,0.0,-0.61,0.22,quiet,1,1,0,0,
r4rk1/p1Bn1p1p/3P1np1/3p4/4p2N/4P3/PP2BPPP/1R3RK1 b - - 0 19,vssf1_win_d8,58,6.807,0.0,5.64,0.19,quiet,0,0,0,0,
1qb1kr2/p1p3pp/5rn1/2Np1p2/1P1NpP2/3P4/P1PQ2PP/R4RK1 b - - 4 18,vssf1_win_d8,21,0.973,0.0,1.4,0.92,quiet,0,1,0,0,
1r3rk1/p1pqb1pp/4bp2/4B3/2P1Q1PP/P3P3/5P1N/1N2KB1R b K - 0 20,vssf1_win_d8,21,2.139,0.0,0.27,-0.29,quiet,1,1,0,0,
2r3k1/1p1b1ppp/1q2p3/2bnP3/7P/3B1NP1/rB2QP2/3R1K1R w - - 0 26,vssf1_win_d8,10,-0.541,0.0,-3.12,-0.34,quiet,1,1,0,0,
r3kb1r/ppp2pp1/2nqb2p/4p3/3pP2B/2PP1B2/PP3PPP/RN1QK1NR w KQkq - 2 9,vssf1_win_d8,5,4.236,0.0,2.86,-0.18,quiet,0,1,0,0,
8/8/7p/7P/4k3/pK6/8/8 w - - 23 71,pinoff_s0,128,-1.586,0.0,-0.65,0.53,quiet,1,0,0,0,
8/8/8/4BK2/2k2P2/8/8/8 b - - 0 73,vssf1_def_d8,122,11.155,0.0,4.1,0.23,quiet,0,1,0,0,
2r3k1/5p1p/6p1/8/p6Q/P4P2/1q5P/5K2 w - - 2 40,vssf1_win_d8,74,-11.351,0.0,-7.25,0.0,quiet,1,1,0,0,
1r4k1/B6p/4p1p1/3p4/1P6/PR3r2/1K1p4/8 w - - 0 42,vssf1_win_d8,90,-1.109,0.0,-7.96,-0.64,quiet,2,0,0,0,
6k1/1bpn1p2/1p4pp/pP1P4/3PP1Q1/8/P1B2K1b/2B5 b - - 1 28,vssf1_win_d8,80,10.434,0.0,7.71,0.0,quiet,1,0,0,0,
1n5b/2k5/1Rp1p2r/7P/1R1PBP2/4P3/3B1K2/8 b - - 4 36,vssf1_win_d8,74,12.035,0.0,9.71,0.0,ks,0,3,0,0,
5rk1/pp3pp1/1q1p3p/2pPb3/6r1/PP1RP1P1/4P3/2Q1KN1B w - - 4 27,vssf1_win_d8,37,-4.681,0.0,-5.55,-2.39,quiet,0,0,0,0,
1n3rk1/r1B2p1p/3P1np1/1B1p4/p3p2N/4P3/PPR2PPP/3R2K1 b - - 1 26,vssf1_win_d8,58,7.364,0.0,7.95,0.19,quiet,0,0,0,0,
1qbk1r2/p1p3pp/5rn1/2Np4/1P1NpP2/8/P1PQ2PP/R4RK1 w - - 0 20,vssf1_win_d8,21,-0.162,0.0,1.23,0.87,quiet,0,1,0,0,
4rk1r/pp3pp1/n1pp1b2/q4B1p/2PP4/1PN1P3/PB3PPP/R2Q1RK1 b - - 0 14,vssf1_win_d8,16,4.612,0.0,6.87,0.3,quiet,0,0,0,0,
r1b3kr/pp1nn2p/2pNNppQ/q2p4/P7/2P4P/4PPP1/2R1KB1R b K - 3 19,vssf1_win_d8,10,0.176,2.16,3.97,5.65,ks,0,3,0,0,
r1b1k2r/p1p1qppp/1pn5/b3p3/2P1nB2/P1N1PN2/1PQ2PPP/R3K2R w KQkq - 0 12,vssf1_win_d8,5,-6.583,0.0,-5.26,-0.29,quiet,1,0,0,0,
rnb1kbnr/1p1p3p/pq2pp2/2p5/3P2p1/2N3B1/PPP1PPPP/R2QKBNR w KQkq - 6 10,vssf1_win_d8,0,0.59,0.0,1.38,0.62,quiet,0,0,0,0,
8/6p1/8/8/1p2kpP1/8/2K5/8 w - - 0 74,pinoff_s0,128,-7.79,0.0,-4.34,-0.65,quiet,2,2,0,0,
8/7p/7p/7P/8/5k2/7r/4K3 w - - 0 56,vssf1_def_d8,117,-12.936,0.0,-7.43,-2.07,quiet,2,1,0,0,
6k1/4R3/4p3/3b1pKp/5P1P/6P1/8/8 w - - 7 60,vssf1_win_d8,112,3.722,0.0,3.67,2.54,ks,3,1,0,0,
8/4kpp1/2p1p3/6p1/1b6/4K3/PP3P1P/3RR3 w - - 2 33,vssf1_win_d8,101,11.214,0.0,8.76,-0.46,quiet,2,1,0,0,
6R1/2p5/2P5/6pp/1n1k1p2/4p2P/3r2P1/2R3K1 w - - 4 43,vssf1_win_d8,90,-3.8,0.0,-2.42,1.4,quiet,2,1,0,0,
6k1/Bp3pp1/3b4/3p2pP/8/5P2/P1r1r3/3R1K2 b - - 0 28,vssf1_win_d8,85,-11.091,0.0,-8.36,0.0,quiet,2,0,0,0,
4k3/2Rb1p1p/5p1r/3N4/4PP2/6P1/r1P3BP/5RK1 w - - 6 30,vssf1_win_d8,69,8.349,0.0,7.74,0.58,quiet,1,2,0,0,
1k1r2n1/1pp3Qp/1b2p1p1/2P5/8/3r1B1P/R4PP1/1R4K1 b - - 0 34,vssf1_win_d8,48,11.776,3.42,7.51,0.0,ks,0,3,0,0,
4r1k1/2Q2pb1/5n1r/R2p4/1B1P2pp/1P1NP3/4BPPP/6K1 b - - 1 38,vssf1_win_d8,48,14.735,0.0,13.0,0.0,quiet,0,2,0,0,
1rr3k1/p3bppp/4p2n/q1ppP3/P5P1/3PQN1P/3N1P2/R1R4K b - - 7 29,vssf1_win_d8,21,-1.393,0.0,-1.44,-0.1,quiet,0,0,0,0,
3r1rk1/3nbpp1/bpB4p/8/3P3P/3nP1P1/p2BNP2/R5KR b - - 1 21,vssf1_win_d8,48,-2.935,0.0,-5.55,-0.44,quiet,1,0,0,0,
r1b4r/pp1nn1kp/2pN1pp1/q2p4/P2N1Q2/2P4P/4PPP1/2R1KB1R w K - 0 18,vssf1_win_d8,10,1.515,2.16,1.19,3.01,quiet,0,2,0,0,
rnb1k1r1/p3bpBp/2ppp3/2pP3q/3P4/5N1P/PP3PP1/RN1QKB1R b KQq - 0 12,vssf1_win_d8,5,1.035,0.0,3.87,0.51,quiet,0,1,0,0,
r2qk2r/pp1bpp1p/2np1npb/2p5/2P5/1PNP2P1/PB2PPBP/R2QK1NR w KQkq - 5 8,vssf1_win_d8,0,-0.087,0.0,0.36,-0.21,quiet,1,0,0,0,
8/6pp/p6P/2Pk1p2/1p1P4/3p2P1/3Kp3/8 b - - 0 41,night_tempo,128,-10.61,0.0,-7.6,0.35,ks,3,2,0,0,
6r1/7p/p4p2/P4p1P/5P2/2k5/8/7K b - - 0 56,vssf1_def_d8,117,-11.144,0.0,-9.45,-0.18,quiet,1,0,0,0,
6k1/4R3/4p3/3b1p1K/5P1P/6P1/8/8 b - - 0 60,vssf1_win_d8,112,6.057,0.0,3.93,2.21,quiet,1,1,0,0,
8/4k3/4pp2/b1p5/8/P2K3R/1P3P2/2R5 w - - 1 41,vssf1_win_d8,101,12.89,0.0,7.92,0.0,quiet,2,0,0,0,
6k1/p2p1pp1/P6p/3br3/1p5P/6P1/7K/3R2N1 b - - 0 36,vssf1_win_d8,96,-7.498,0.0,-4.95,-0.92,quiet,1,0,0,0,
8/3n1kr1/1p6/p4N1R/P3B3/6P1/1P3P1P/6K1 b - - 2 38,vssf1_win_d8,90,12.499,0.0,7.52,0.0,quiet,0,1,0,0,
r4kn1/4b3/3p1p1p/5PpN/2PQ2P1/P2P3P/1P1B4/6K1 b - - 0 37,vssf1_win_d8,74,15.729,0.0,9.99,0.0,quiet,0,1,0,0,
r5k1/3bpp1p/3p2p1/1p1P2P1/1b3P1P/4PB2/6R1/1q1N2K1 w - - 0 39,vssf1_win_d8,64,-14.994,0.0,-13.9,0.0,quiet,0,0,0,0,
1k2r1n1/ppp4p/1r2pbp1/1P6/2PpQ3/P2P1B1P/R4PP1/5RK1 w - - 0 27,vssf1_win_d8,48,9.389,0.0,8.73,0.0,quiet,0,1,0,0,
1r4k1/q3b1pp/3p4/2nPp3/8/1PQ1P3/r1PN2PP/1K1R3R b - - 8 23,vssf1_win_d8,26,-4.835,-2.7,-7.75,-6.08,quiet,2,0,0,0,
rn1q1r2/4ppkp/p1p3p1/1p3P2/P3Bn2/1P3N1P/2QP1P2/R4K1R b - - 0 17,vssf1_win_d8,21,4.772,2.7,-1.18,0.47,quiet,1,1,0,0,
r4rk1/3nbpp1/7p/Bp6/2bPB2P/3nP1P1/p3NP2/R5KR w - - 2 24,vssf1_win_d8,48,-3.399,0.0,-6.07,-0.37,quiet,1,1,0,0,
r1bq1rk1/pp1n1pbp/2p3p1/4p3/P7/2N1QNPP/1PP1PP2/2KR1B1R b - - 0 12,vssf1_win_d8,10,0.325,0.0,-0.62,0.0,quiet,0,0,0,0,
r4rk1/pp1qbpp1/7p/3bQn2/4N3/3BPNPP/PP1B1P2/n2K3R w - - 0 20,vssf1_win_d8,10,-6.6,-1.26,-7.43,-2.7,quiet,1,1,0,0,
r3k2r/3bnpbp/p2q1np1/3p4/7Q/2BBNN1P/PP3PP1/R4RK1 b kq - 9 18,vssf1_win_d8,0,0.543,0.0,1.79,0.33,quiet,1,0,0,0,
5k2/8/P2P1p2/2K5/8/8/5P2/8 b - - 0 48,night_tempo,128,8.526,0.0,7.83,-0.29,quiet,0,1,0,0,
6k1/2p2pp1/3p4/3Pp1bp/4P3/P4P2/2K5/8 b - - 1 40,vssf1_def_d8,122,-10.052,0.0,-7.14,-1.02,quiet,1,0,0,0,
8/pp3p1p/6k1/3P2pN/4q1P1/P4P2/1P4KP/8 b - - 0 33,vssf1_win_d8,101,-13.067,0.0,-7.54,0.0,quiet,1,2,0,0,
6k1/p2p1pp1/1p5p/P7/4r2P/1b3N2/6PK/R7 b - - 0 32,vssf1_win_d8,96,-5.819,0.0,-4.14,-0.5,quiet,0,0,0,0,
4k3/3n2r1/1p6/p6R/P2NB3/6P1/1P3P1P/6K1 b - - 0 37,vssf1_win_d8,90,12.754,0.0,7.8,0.0,quiet,0,0,0,0,
2r2kn1/4b3/3p1p1p/5PpN/2PQ2P1/P2P3P/1P1B2K1/8 w - - 3 39,vssf1_win_d8,74,16.282,0.0,10.02,0.0,quiet,0,1,0,0,
r1b2rk1/1pQR4/2n2p1p/p3p1p1/2P5/P5P1/1P2PP1P/3R2K1 b - - 1 28,vssf1_win_d8,53,5.608,0.0,6.36,1.26,quiet,0,1,0,0,
r1r3k1/2q2ppp/1p3b2/1P6/P3P3/3Q1N1P/2p2PP1/B1R3K1 b - - 1 33,vssf1_win_d8,37,-2.345,0.0,-2.51,0.07,quiet,1,0,0,0,
r4r2/1p2Nkpp/p3b3/2P5/3NQPp1/4P3/qB4PP/5RK1 b - - 8 22,vssf1_win_d8,32,5.453,3.6,4.74,1.98,ks,0,3,0,0,
r4rk1/pp1bbppp/4p3/q1p5/2P2P2/P2PQ1P1/1P1N2BP/1R3RK1 b - - 0 18,vssf1_win_d8,21,0.021,0.0,0.33,-0.34,quiet,0,0,0,0,
r2k1b1r/1p4p1/p1qpbp2/6QB/2p1P3/P1N5/1PP2PPP/1RBR2K1 w - - 1 21,vssf1_win_d8,16,6.401,0.0,9.76,3.7,quiet,0,1,0,0,
r4rk1/1p3pbp/1np1b1p1/p1Q1p3/Pq6/1NNR2PP/1PP1PP2/2K2B1R w - - 2 17,vssf1_win_d8,10,-4.127,-1.26,-3.39,-1.36,quiet,0,1,0,0,
r1b1kb1r/pp1ppp1p/n1p3p1/q7/P1PP4/2n2NP1/1P2PPBP/R1BQK2R w KQkq - 0 8,vssf1_win_d8,5,-2.146,0.0,-2.74,-0.15,quiet,1,0,0,0,
r1bqk1nr/1p1pppbp/p1n3p1/8/2P1P3/3B1N1P/PP3PP1/RNBQ1K1R b kq - 2 8,vssf1_win_d8,0,0.458,0.0,0.4,0.14,quiet,0,0,0,0,
8/8/8/7k/5K1P/8/6P1/8 w - - 1 58,night_def5_s2,128,4.465,0.0,1.76,0.07,quiet,1,2,0,0,
8/5k2/2B5/p1p4P/6P1/1P2K3/8/8 b - - 0 54,vssf1_def_d8,122,11.473,0.0,6.9,0.76,quiet,1,2,0,0,
2k5/8/2B5/2P5/1P2p3/4K3/5Pb1/8 b - - 2 59,vssf1_win_d8,117,7.148,0.0,4.1,1.07,quiet,2,1,0,0,
5rk1/6pp/8/2QP1p2/6P1/p4q1P/5N2/6K1 b - - 1 43,vssf1_win_d8,69,-3.817,0.0,-7.23,-2.74,quiet,1,1,0,0,
3r1b1k/7p/1pp1RP2/p1p3r1/2P2p2/1P1P1K2/P7/5R2 b - - 0 35,vssf1_win_d8,80,-3.68,0.0,-3.41,-1.54,quiet,2,1,0,0,
1r4k1/3npp1p/p2p2p1/P1pb3P/6P1/4PP2/3BB3/5K1R b - - 0 31,vssf1_win_d8,85,-2.525,0.0,-2.27,-0.4,quiet,0,0,0,0,
5bk1/4rp1p/6p1/pp3P2/8/1q2nQ1P/6P1/2B2R1K w - - 0 33,vssf1_win_d8,48,-8.821,0.0,-7.57,0.4,quiet,1,0,0,0,
r5k1/2pQ1b2/3bN1p1/P2p1q2/1P1P2p1/2P4P/5P1P/4RRK1 w - - 0 29,vssf1_win_d8,37,5.137,-0.54,3.76,-1.13,quiet,2,2,0,0,
5rk1/rpp2qp1/3p3p/bP2pN1P/4P1P1/Pp3B2/2QN4/4K2n w - - 0 32,vssf1_win_d8,37,-10.581,-1.62,-9.33,0.0,quiet,2,1,0,0,
3r1rk1/pp1b1ppp/1q2p3/2p5/2P2P2/1P1PQBPP/1b6/1N2RR1K w - - 2 25,vssf1_win_d8,21,-1.252,0.0,-2.08,-0.08,quiet,0,0,0,0,
3k1b1r/1p1q2p1/r2pb1Q1/p2N3B/2p1P3/P3B3/1PP2PPP/1R1R2K1 w - - 3 26,vssf1_win_d8,16,10.376,2.16,14.77,6.96,quiet,0,2,0,0,
rn1qkb1r/pp3pp1/2p1pn1p/8/3P3Q/5N2/PPPB1PPP/R3KB1R b KQkq - 1 9,vssf1_win_d8,10,0.461,0.0,0.09,0.12,quiet,0,0,0,0,
rn2kb1r/pp2pppp/1q3n2/3p4/3P4/5bPP/PPPB1PB1/RN1QK2R w KQkq - 0 9,vssf1_win_d8,5,-4.452,-1.26,-6.24,-1.34,quiet,1,0,0,0,
rnbq1rk1/1p2p1bp/p5pn/2ppP3/P2P4/N1P2N2/1P4PP/R1BQKB1R w KQ - 0 10,vssf1_win_d8,0,0.869,0.0,0.77,0.23,quiet,0,0,0,0,
6k1/8/5PK1/8/7P/8/8/8 b - - 2 55,night_def5_s1,128,8.044,0.0,3.01,1.27,quiet,1,2,0,0,
8/7p/5k2/pr6/6P1/7P/7K/8 w - - 0 54,vssf1_def_d8,117,-10.231,0.0,-6.45,0.07,quiet,0,1,0,0,
8/3k4/8/1pP2b1B/1P2p2p/4K3/5PP1/8 w - - 2 55,vssf1_win_d8,117,3.855,0.0,2.93,0.25,quiet,2,2,0,0,
8/8/8/6q1/4p1p1/3kN1N1/5P2/6K1 w - - 22 84,vssf1_win_d8,96,-10.159,0.0,-4.15,-0.22,ks,0,3,0,0,
Q7/3qkpp1/4p2p/1PP5/3P4/5N1P/1r4P1/5K2 w - - 5 38,vssf1_win_d8,69,3.979,0.0,-3.19,-6.68,quiet,1,2,0,0,
3r4/5k1p/1ppbRP2/p1p5/P1P1Rp2/1P1r4/5K2/8 w - - 0 40,vssf1_win_d8,80,-8.743,0.0,-7.68,-0.33,ks,2,3,0,0,
2bk3r/5pp1/2R4p/p2N4/8/bP6/2P2PPP/4R1K1 w - - 1 28,vssf1_win_d8,80,4.331,0.0,4.93,2.54,ks,0,3,0,0,
5bk1/pp1r1p1p/6p1/8/4QP2/1q2P3/2n3PP/2B2R1K b - - 0 29,vssf1_win_d8,48,-6.16,0.0,-6.87,0.26,quiet,0,0,0,0,
r5k1/2pQ1bp1/3bN3/3p1qpp/P2P4/2P5/1P3PPP/4RRK1 b - - 0 25,vssf1_win_d8,37,5.381,0.0,3.37,0.06,quiet,2,2,0,0,
5k2/3r2br/3Ppnpn/pp2p1P1/8/P2PB2p/1P2PP1P/2RQ1RK1 b - - 0 25,vssf1_win_d8,42,5.0,0.0,9.31,1.18,quiet,1,1,0,0,
r4knr/1R1Ppp2/p1p2b1p/q4p2/3P1B2/P7/2P1BP1P/3Q1RK1 w - - 1 19,vssf1_win_d8,21,0.616,0.0,4.39,0.15,quiet,0,1,0,0,
r1b4r/pN2kpbp/2n2np1/8/7N/6P1/P3PPBP/1R1R2K1 b - - 0 18,vssf1_win_d8,48,-0.554,1.44,-2.52,0.85,quiet,0,2,0,0,
2rkr3/1p1n4/p1npq1pb/2pNpp2/QPP5/P2PP1P1/1B4BP/4RRK1 b - - 5 21,vssf1_win_d8,10,0.79,0.0,2.44,0.73,quiet,0,1,0,0,
r1bqkb1r/p2n1ppp/2pp4/4p3/Pp1P3P/3Q2n1/1PP1PPP1/R2NKBNR w KQkq - 0 10,vssf1_win_d8,5,-1.609,0.0,-6.66,-0.45,quiet,1,0,0,0,
rnbq1rk1/1pp1p1bp/p5pn/3pp3/P2P1P2/N1P2N2/1P4PP/R1BQKB1R w KQ - 0 9,vssf1_win_d8,0,-0.058,0.0,-1.74,0.21,quiet,0,0,0,0,
8/8/3kp3/6P1/1P6/3pP3/3P4/4K3 b - - 0 39,night_def5_s1,128,5.621,0.0,2.5,-0.24,quiet,1,1,0,0,
8/p5pp/1p3p2/3k4/3P2P1/PKB4P/8/8 w - - 8 44,vssf1_def_d8,122,5.622,0.0,3.04,0.39,ks,1,3,0,0,
8/8/1p6/p7/PrP3p1/1P6/5pB1/1K2k3 b - - 3 87,vssf1_win_d8,112,-10.065,0.0,-8.99,0.42,quiet,0,1,0,0,
8/8/8/2k3p1/4p3/8/4qPN1/5NK1 b - - 7 57,vssf1_win_d8,96,-10.644,0.0,-5.2,-0.93,quiet,1,0,0,0,
7r/2ppkpp1/b1p1p3/p5P1/P2PP1nP/7R/2r3P1/1R2K3 w - - 4 20,vssf1_win_d8,74,-12.659,0.0,-10.23,0.0,ks,3,1,0,0,
1r3rk1/2p1q3/2p1p1pQ/3p4/p1bP4/2P4R/PP3PPP/1R4K1 w - - 0 30,vssf1_win_d8,37,0.63,3.42,3.53,10.48,quiet,2,1,0,0,
5rk1/2pQ1bp1/3bp3/3p1qpp/3P1N2/2P5/PP3PPP/4RRK1 w - - 0 24,vssf1_win_d8,37,5.204,0.0,2.04,0.31,quiet,0,1,0,0,
r3r1k1/5q2/2pR2pp/p1p2pb1/2P1pN2/PPB1P1P1/2Q4P/1R4K1 b - - 11 33,vssf1_win_d8,26,7.069,1.98,8.96,5.11,quiet,0,1,0,0,
5rk1/1p1nppb1/p1prb1pp/4p3/N3P1P1/PP1PBB1P/2P2P2/1R2K2R w K - 4 23,vssf1_win_d8,53,0.398,0.0,-0.3,-0.25,quiet,0,0,0,0,
r3kb1r/pp3p1p/5p2/3q4/1n1P2b1/1P5P/PQ1B1PP1/2R1KB1R b Kkq - 0 18,vssf1_win_d8,16,-6.221,-2.52,-3.76,-3.13,quiet,1,0,0,0,
r2k3r/1p1n4/p1npq1pb/2pNpp2/1PP5/P2PP1P1/1B1Q2BP/4RRK1 b - - 1 19,vssf1_win_d8,10,0.765,0.0,3.32,0.8,quiet,0,1,0,0,
r4rk1/1b3pp1/p1nbpn1p/qp1pN3/2pP4/P1N1Q1PP/1PP1PPB1/1K1R3R b - - 3 18,vssf1_win_d8,5,-5.668,0.0,-5.04,-0.65,quiet,0,1,0,0,
r3kb1r/1pq2pp1/p1n1pn1p/3p4/P2Pb3/2N1PN2/1P1BBPPP/R2QK2R w KQkq - 0 12,vssf1_win_d8,0,-1.095,0.0,-0.69,-0.26,quiet,0,0,0,0,
7k/8/6P1/8/6K1/8/8/8 w - - 11 62,night_def5_s1,128,4.601,0.0,0.0,0.0,quiet,0,1,0,0,
8/8/8/4k1Bp/2K4P/8/8/8 w - - 31 76,vssf1_def_d8,122,8.063,0.0,2.7,0.14,quiet,1,2,0,0,
8/pp6/8/2pkP3/P4P2/7K/P2B4/5n2 b - - 2 42,vssf1_win_d8,117,0.658,0.0,0.91,-0.46,quiet,1,2,0,0,
6k1/pp4P1/P1n5/2P3RP/8/4p3/2K5/7r b - - 2 43,vssf1_win_d8,101,-4.744,0.0,-4.54,-4.55,quiet,2,2,0,0,
1k6/1pR2p2/p3qp1p/r7/2QPp3/4P3/PP4PP/6K1 w - - 3 31,vssf1_win_d8,64,2.234,1.14,1.6,1.26,quiet,0,2,0,0,
3r3k/p1p5/1pB5/4r1p1/3P3p/BPP5/P1K3PP/3R4 b - - 0 31,vssf1_win_d8,85,5.469,0.0,4.85,0.34,quiet,0,0,0,0,
5k1r/5pp1/1pp3p1/3p4/r1nP4/2R1BPK1/4RP1P/8 w - - 2 29,vssf1_win_d8,74,-3.951,0.0,-3.61,-0.85,quiet,1,0,0,0,
5rk1/3b1ppp/8/b2R1p2/2p2P2/4PN1q/1PP4P/2K2R2 w - - 1 31,vssf1_win_d8,58,-10.137,0.0,-11.24,0.0,quiet,1,0,0,0,
1n4k1/1r3pp1/P3pn1p/3p1b2/1N1P4/4B1P1/4PPBP/R5K1 b - - 0 24,vssf1_win_d8,74,1.214,0.0,3.04,-0.33,quiet,0,0,0,0,
5rk1/ppP2pbp/1qn1B1p1/2p5/2p2B2/6PP/PPQ1P3/R3R1K1 b - - 0 25,vssf1_win_d8,32,2.248,0.0,5.93,-0.15,quiet,0,1,0,0,
r1b1k2r/ppp2pp1/2np3p/P2n2B1/3P4/2PB1N2/2PK1PPP/R6R w kq - 1 14,vssf1_win_d8,53,0.14,0.0,0.0,-0.41,quiet,1,1,0,0,
r3kb1r/pp3p1p/2n1bp2/3q4/3P3P/1P3P2/PQ1B2P1/2R1KB1R b Kkq - 0 20,vssf1_win_d8,16,-4.302,0.0,-2.46,-0.14,quiet,0,0,0,0,
rn5r/1ppkq2p/p3pb1n/3p1p2/3P1P2/2P2N2/PP2Q1PP/RNB1R1K1 w - - 4 13,vssf1_win_d8,10,1.738,0.0,2.38,0.25,quiet,0,1,0,0,
rn1qkb1r/1bp2ppp/3pp3/p5Pn/Np1PP3/8/PPP1NPBP/R1BQK2R w KQkq - 0 9,vssf1_win_d8,0,-0.349,0.0,0.57,-0.19,quiet,0,0,0,0,
8/5kP1/8/5K2/8/8/8/8 b - - 2 70,night_def5_s1,128,1.961,0.0,0.0,0.0,quiet,1,2,0,0,
8/8/8/8/5B2/p7/K1k5/8 b - - 35 77,vssf1_def_d8,122,8.111,0.0,-0.13,0.83,quiet,2,2,0,0,
8/6k1/6p1/p2Pr3/Pn3P1p/7P/6PK/2r5 w - - 0 43,vssf1_win_d8,101,-16.055,0.0,-15.1,0.0,quiet,2,0,0,0,
k2r4/1R5R/r1p5/p3PK2/P2P2P1/8/1PP5/8 w - - 5 44,vssf1_win_d8,85,10.066,0.0,7.16,-0.25,quiet,0,2,0,0,
5r1r/1kp5/3p4/p1pP4/P1P3P1/qP2Q2P/4RP2/6K1 b - - 0 44,vssf1_win_d8,53,2.918,1.47,-4.92,-2.75,quiet,1,1,0,0,
6k1/2n1pq2/p1Pn3p/1p1p4/1P1P1pP1/3Q3P/4RP2/3R2K1 w - - 0 47,vssf1_win_d8,53,6.586,0.0,5.85,0.08,quiet,0,1,0,0,
r1bk3r/2n2p2/pp2p1pp/8/4P3/PP1BQ3/5PP1/5R1K b - - 0 22,vssf1_win_d8,58,1.543,0.0,3.49,1.92,quiet,0,0,0,0,
r5k1/1p1n1pp1/4p2p/3p1b2/1P1P3P/2q3P1/1p1NPPB1/3R1RK1 b - - 1 21,vssf1_win_d8,53,-9.766,0.0,-7.55,0.0,quiet,0,0,0,0,
6k1/4bp2/4b1p1/3nP1Bp/7P/5BP1/rprp4/1R3R1K w - - 2 39,vssf1_win_d8,58,-7.658,0.0,-10.26,-0.21,quiet,0,0,0,0,
r4k1r/ppp2pp1/2np3p/P7/1nPP2bN/3BB3/2PK1PPP/R3R3 b - - 6 17,vssf1_win_d8,53,-0.421,0.0,1.24,-0.4,quiet,2,0,0,0,
r3kb1r/pp3p1p/5p2/q7/1n1P2b1/1P6/PQ1B1PPP/2R1KB1R b Kkq - 1 17,vssf1_win_d8,16,-3.637,0.0,-2.25,-0.25,quiet,1,0,0,0,
rn5r/1ppkqn1p/p3pb2/3p1p2/3P1P2/1PP2N2/P3Q1PP/RNB1R1K1 w - - 1 14,vssf1_win_d8,10,1.529,0.0,2.46,0.31,quiet,0,1,0,0,
1rbqr1k1/5ppp/5n2/p1p1bn2/3p1P1P/P2B1Q2/1PP3P1/R1BNK2R w KQ - 0 18,vssf1_win_d8,5,-5.603,0.0,-6.41,-0.62,quiet,0,0,0,0,
r2qkb1r/1bp5/3ppnpP/p3n3/Np1NP3/8/PPP2P1P/R1BQ1RKB b kq - 3 15,vssf1_win_d8,0,-2.724,0.0,0.14,-0.64,quiet,0,0,0,0,
8/8/6p1/7p/4K1kP/8/8/8 b - - 2 114,night_def5_s1,128,-3.289,0.0,-1.83,0.38,quiet,2,2,0,0,
8/8/6k1/p4p1p/5K2/1P1P1N2/P3P3/8 w - - 2 49,vssf1_def_d8,122,9.384,0.0,6.93,0.45,ks,3,2,0,0,
8/8/5pp1/2B4p/7P/3k1PP1/1r6/6K1 b - - 7 56,vssf1_win_d8,112,-1.906,0.0,-3.35,0.1,quiet,1,2,0,0,
3k4/5pp1/4p2p/pp1pP2P/4nP2/P3P1r1/7K/4R3 w - - 4 40,vssf1_win_d8,101,-10.116,0.0,-7.96,-0.87,quiet,2,0,0,0,
k5r1/1R5R/r1p5/p3P3/P2PK1P1/8/1PP5/8 w - - 3 43,vssf1_win_d8,85,9.631,0.0,6.46,-0.15,quiet,1,2,0,0,
8/1p5p/3pk2b/2p1p2P/4P3/1N6/2R4r/3KR3 b - - 3 41,vssf1_win_d8,85,0.614,0.0,1.95,-0.4,quiet,2,1,0,0,
6k1/2n1pq2/p1Pn3p/1p1p4/1P1P1pP1/3Q1P1P/4R3/3R2K1 b - - 0 47,vssf1_win_d8,53,7.891,1.14,5.71,0.1,quiet,0,1,0,0,
4r1k1/5ppp/pp6/2b5/P1p5/2N4q/1PPB1RRP/5K2 w - - 4 32,vssf1_win_d8,58,-7.62,-2.49,-6.74,-2.85,ks,3,2,0,0,
r5k1/1p1n1pp1/4p2p/3p1b2/1P1P3P/2q2NP1/1p2PPB1/3R1RK1 w - - 0 21,vssf1_win_d8,53,-9.463,0.0,-7.54,0.0,quiet,0,0,0,0,
r3r1k1/pp3ppp/4b3/8/1b4n1/2NP1NP1/PP2KP1P/RR6 w - - 4 22,vssf1_win_d8,58,-4.275,0.0,-4.4,-0.69,quiet,1,0,0,0,
r1b1r2k/p3Rpb1/8/2pp2B1/P2P3P/1qPB1P2/3Q4/5K1R b - - 0 25,vssf1_win_d8,21,5.149,2.52,7.0,5.96,quiet,0,1,0,0,
rn1qkb1r/p4pp1/1pp1p2p/3N4/3P4/1Q3PP1/PP3P1P/R1B1KB1R b KQkq - 0 10,vssf1_win_d8,16,3.712,0.0,4.03,-0.0,quiet,0,1,0,0,
r1b1r1k1/pp3pbp/5q2/3Bp3/2Pn4/2B4P/PP2NP2/R2QK2R w KQ - 7 15,vssf1_win_d8,10,-2.538,-1.8,-2.24,-0.95,quiet,2,1,0,0,
1r1q1rk1/1bn1b1pp/3pn3/B4p1P/2P5/P2BPN2/2Q2PP1/1R2K2R w K - 0 22,vssf1_win_d8,5,-1.754,0.0,-1.77,0.25,quiet,0,0,0,0,
rnbqk2r/p1p1bppp/3pp3/6Pn/1p1PP3/8/PPP1NP1P/RNBQKBR1 b Qkq - 4 8,vssf1_win_d8,0,0.334,0.0,0.88,-0.21,quiet,0,0,0,0,
8/8/8/8/2k5/1p6/1K6/8 w - - 0 80,night_def5,128,-4.888,0.0,0.0,0.0,quiet,2,1,0,0,
8/2k5/2P5/8/2R5/4K2P/8/8 b - - 6 82,v3_s2,117,15.092,0.0,55.5,0.0,quiet,0,2,0,0,
8/7p/2k5/2P2p1P/pK6/8/4pB2/6r1 b - - 3 47,vssf1_win_d8,112,-9.768,0.0,-6.52,-0.49,ks,2,3,0,0,
8/4kpp1/4p2p/pp1pP2P/4nP2/P3P1r1/7K/4R3 w - - 0 38,vssf1_win_d8,101,-10.527,0.0,-6.87,0.0,quiet,2,1,0,0,
k7/1R5R/r1p3P1/p3PK2/r7/8/1PP5/8 w - - 0 46,vssf1_win_d8,85,8.487,0.0,10.45,2.09,quiet,1,2,0,0,
4k2r/3r1pp1/2B1p2p/p1B5/8/1P6/P4PPP/3R2K1 b k - 1 26,vssf1_win_d8,85,4.586,0.0,5.35,2.22,ks,0,3,0,0,
8/5k1p/6p1/1pp1rpP1/2b2N1P/5P2/2R3K1/r1B5 w - - 0 43,vssf1_win_d8,80,-7.385,0.0,-4.53,-0.2,quiet,1,2,0,0,
3rq2k/7p/1p2B1pb/4P2n/8/1P2PP2/2P3PP/R3KR2 w Q - 0 28,vssf1_win_d8,58,-4.925,0.0,-5.86,-0.57,quiet,1,1,0,0,
1k1q4/1p2rp2/3r1np1/PQR4p/2PPp3/4P2P/4NPP1/1R4K1 w - - 1 32,vssf1_win_d8,32,7.103,2.7,5.98,4.23,quiet,0,2,0,0,
r2r2k1/pp3ppp/4b3/8/1b4n1/2NP1NP1/PP2KP1P/RR6 b - - 3 21,vssf1_win_d8,58,-4.263,0.0,-4.9,-0.81,quiet,2,0,0,0,
5rk1/1q5p/2p3pb/2Pp4/3PpnbP/1Q2B3/3NPP2/3K1B1R b - - 1 27,vssf1_win_d8,32,-0.976,0.0,-2.46,-1.68,quiet,2,0,0,0,
r1q2rk1/p4p1p/2p1Bnpb/1p1p4/1P1Pp3/BQP1P1P1/P4P1P/1R2K1NR b K - 0 20,vssf1_win_d8,16,1.695,0.0,1.65,-0.16,quiet,0,1,0,0,
r1b1r1k1/pp3pbp/8/3Bp3/2Pn3q/2B3NP/PP3P2/R2QK2R w KQ - 9 16,vssf1_win_d8,10,-1.209,0.0,-0.69,-0.2,quiet,1,1,0,0,
rnb2rk1/p1p2p1p/3qp1p1/3pP1Pn/1b1P4/2N5/1PP2PBP/RNBQK1R1 b Q - 0 13,vssf1_win_d8,0,0.959,0.0,-0.59,-0.58,quiet,0,0,0,0,
8/3k4/3P4/3K1P2/3P4/7P/8/8 w - - 1 51,night_base_s2,128,11.604,0.0,5.6,0.97,ks,1,3,0,0,
8/4P1k1/3n4/6p1/1K6/6P1/8/8 w - - 2 74,v3_s2,122,-2.603,0.0,-1.38,-0.28,quiet,1,1,0,0,
8/7R/4k1p1/4p3/3b2PP/p2K4/P7/8 w - - 1 37,vssf1_win_d8,112,0.565,0.0,2.32,-0.15,quiet,2,2,0,0,
8/8/R3bk1p/7P/5pp1/8/6K1/4r3 w - - 0 54,vssf1_win_d8,101,-13.067,0.0,-7.34,-4.38,ks,3,2,0,0,
6k1/1p4bp/3pr1p1/pPpN4/2P5/P3PPP1/2R5/6K1 w - - 1 29,vssf1_win_d8,96,0.384,0.0,0.76,-0.13,quiet,0,0,0,0,
r5r1/p4kbR/6pB/1ppp4/5P2/P3P1P1/1P6/3K4 w - - 0 30,vssf1_win_d8,85,-8.775,0.0,-6.82,-0.21,quiet,0,2,0,0,
r1k1n3/3b4/2p1p3/ppP2pQ1/3Pp1p1/4P3/PP3PP1/2R2RK1 w - - 0 34,vssf1_win_d8,64,14.518,1.38,10.05,0.0,quiet,0,1,0,0,
r1r3k1/p4pp1/1q5p/4P3/Q1p2P1b/1P1p4/P2B2P1/5R1K w - - 0 25,vssf1_win_d8,42,-8.469,0.0,-9.05,-0.75,quiet,1,0,0,0,
k2qr3/P2n1p2/1pr3p1/7p/Q1PPpN2/4P2P/5PP1/RR4K1 b - - 6 39,vssf1_win_d8,32,8.308,3.6,7.45,4.39,quiet,0,2,0,0,
4k2r/p3bpp1/r3p3/2N2b2/3B1P1p/1P1PPqnP/2PQ4/R3K1R1 b k - 2 30,vssf1_win_d8,16,-4.97,0.0,-4.5,-2.02,quiet,2,1,0,0,
r1b2rk1/pp3pbp/5q2/3Bp3/2Pn4/2B4P/PP3P2/R2QK1NR w KQ - 5 14,vssf1_win_d8,10,-2.618,-1.8,-1.94,-0.72,quiet,2,1,0,0,
r2q2k1/5r1p/p1n1bppP/1pbBp3/3p4/N2Q1N2/PPPB1PP1/2K2R1R b - - 0 17,vssf1_win_d8,5,1.083,1.26,1.15,0.43,quiet,0,1,0,0,
rnb2rk1/p1p2p1p/3qp1p1/3p2Pn/1b1PP3/2N5/1PP2PBP/RNBQK1R1 w Q - 2 13,vssf1_win_d8,0,0.725,0.0,-1.48,-0.62,quiet,0,0,0,0,
8/8/8/8/5k2/5p2/8/5K2 w - - 12 76,night_base_s1,128,-4.866,0.0,0.0,0.0,quiet,1,0,0,0,
8/2k5/6p1/4PbP1/K7/8/8/8 b - - 0 57,v3_s2,122,-5.427,0.0,-2.62,-0.24,quiet,0,1,0,0,
8/7R/4k1p1/4p3/6P1/p6P/P1K2b2/8 w - - 1 35,vssf1_win_d8,112,0.766,0.0,2.08,-0.23,quiet,1,2,0,0,
4k3/2R5/8/p3K3/4N1PP/8/6r1/8 b - - 2 50,vssf1_win_d8,101,8.82,0.0,5.73,9.61,quiet,0,1,0,0,
1r6/1p3kb1/3p2pp/1PpN4/p1P3P1/P2KPP2/8/1R6 w - - 6 36,vssf1_win_d8,96,0.716,0.0,1.09,-0.05,quiet,2,1,0,0,
1r6/1P3rk1/P3Q3/2p1p1b1/8/3P1p1p/1P3P1P/R4RK1 b - - 2 40,vssf1_win_d8,58,14.529,2.19,10.85,0.0,quiet,2,1,0,0,
r5k1/p4pp1/7p/4P3/3q1P1b/3p1R2/P1rB2P1/3Q3K w - - 2 28,vssf1_win_d8,42,-8.922,0.0,-8.31,-0.82,quiet,1,0,0,0,
3r2k1/pp3pp1/4p2p/P7/1Q2Nq1n/R4P1P/1P1r1P2/5B1K w - - 5 38,vssf1_win_d8,37,-4.019,-1.26,-4.25,-1.04,quiet,2,1,0,0,
4Qbk1/5ppp/p2pp3/p2b2P1/n2Pn3/1r3N1P/1P2P1B1/2K2R2 b - - 3 29,vssf1_win_d8,53,-1.407,-1.14,1.63,-1.13,ks,3,1,0,0,
2n2rk1/1QP1pp1p/n2pq1pB/r7/3P4/6P1/4PPBP/1R2R1K1 b - - 4 28,vssf1_win_d8,21,2.587,0.0,5.73,0.31,quiet,0,1,0,0,
r1bq1rk1/1pp2ppp/4p3/8/3PP1n1/PN1B4/1Q2NPP1/R4RK1 b - - 2 18,vssf1_win_d8,16,4.394,0.0,3.62,-0.41,quiet,1,0,0,0,
4kb2/1r1b1r2/2n1qp1p/pp1N4/3pP1P1/P2Q2P1/1P1B2BP/2R2RK1 w - - 0 26,vssf1_win_d8,10,1.399,0.0,4.28,1.22,quiet,0,1,0,0,
2r1k1nr/pp2b1pp/1qN2p2/1B1p1b2/Q2P1B2/8/PP3PPP/RN3RK1 b k - 0 12,vssf1_win_d8,5,1.968,0.0,4.09,0.81,quiet,0,1,0,0,
r1b1k2r/1pp2ppp/n3pn2/pN2Nq2/1bQP4/4BBP1/PP2PP1P/R4RK1 b kq - 0 13,vssf1_win_d8,0,3.0,1.62,4.41,1.72,quiet,0,1,0,0,
8/8/8/8/5k2/5p2/8/4K3 w - - 4 72,night_base_s1,128,-4.985,0.0,0.0,0.0,quiet,1,0,0,0,
8/3b4/6p1/2K1k1P1/8/8/8/8 w - - 10 65,v3_s2,122,-8.318,0.0,-2.81,-0.43,quiet,2,2,0,0,
6k1/2p3P1/3p3p/r1p5/8/6R1/3K4/8 b - - 1 46,vssf1_win_d8,106,-4.038,0.0,-3.59,-0.05,quiet,0,2,0,0,
6k1/5p2/1p2pPp1/7p/p1B4P/P5P1/3K4/r5R1 b - - 0 36,vssf1_win_d8,101,-5.289,0.0,2.63,-0.77,quiet,1,1,0,0,
5r2/1p3k2/3p1bpp/1Pp5/N1P2PP1/P2KP3/R7/8 b - - 0 46,vssf1_win_d8,96,1.054,0.0,1.22,-0.07,quiet,2,0,0,0,
5k2/pp4pp/8/2pnq3/8/4r2P/6P1/Q5RK b - - 9 42,vssf1_win_d8,58,-12.003,0.0,-7.59,0.0,quiet,1,0,0,0,
4k3/3b4/2rQp3/P3Pr1p/6p1/8/2p2PPP/R4RK1 w - - 1 34,vssf1_win_d8,58,12.748,2.49,9.11,0.0,quiet,1,1,0,0,
3R4/5ppk/1B2p2p/4q3/2b1Pb2/5P1P/2r3P1/6QK w - - 2 52,vssf1_win_d8,48,-4.41,0.0,-7.19,-4.65,quiet,2,1,0,0,
1n3rk1/5ppp/1q2p3/8/2pP1P2/5N2/p5PP/1n1NQRK1 w - - 6 29,vssf1_win_d8,42,-3.955,0.0,-5.82,-0.04,quiet,0,0,0,0,
4k2r/p2rbp1p/2B2pp1/Q1p5/N2PP1b1/5N2/P4PPP/1R4K1 b - - 0 19,vssf1_win_d8,48,12.947,2.16,10.91,0.0,quiet,0,2,0,0,
2n2rk1/1QP1pp1p/n2pq1p1/8/3P4/4B1P1/r3PPBP/1R2R1K1 b - - 2 27,vssf1_win_d8,21,2.812,0.0,4.79,0.01,quiet,0,0,0,0,
r1bqkb2/1p3p1r/p1n1p2p/8/Q2pP1p1/P5P1/1P1BPPBP/R3NRK1 b q - 1 15,vssf1_win_d8,10,-0.287,0.0,1.72,0.75,quiet,0,0,0,0,
r1bqkbn1/pp2ppp1/3p4/2p5/1nP5/2NPPPP1/PP4B1/RQB1K1Nr w Qq - 0 11,vssf1_win_d8,10,-1.489,0.0,-9.1,-3.48,quiet,0,0,0,0,
rnb1k1nr/1pp2ppp/4p3/p6q/1bpP4/2N1BNP1/PPQ1PPBP/R4RK1 w kq - 6 10,vssf1_win_d8,0,0.562,0.0,2.48,0.36,quiet,1,0,0,0,
8/8/8/k5p1/4K1P1/8/8/8 b - - 7 75,night_base_s1,128,0.298,0.0,0.27,0.58,quiet,1,0,0,0,
6k1/2Pb1p2/6p1/p7/3KP1P1/5P2/8/8 b - - 1 47,v3_s2,122,-1.928,0.0,-1.4,-0.3,quiet,0,0,0,0,
1r3k2/R2R2pp/8/4p1p1/2P5/6P1/5K1P/8 b - - 6 35,vssf1_win_d8,96,8.6,0.0,6.43,2.0,quiet,0,1,0,0,
8/p7/P1p3p1/3k2Np/2np3P/4r3/2P5/1K5R b - - 5 45,vssf1_win_d8,96,-5.797,0.0,-3.46,-1.99,quiet,1,1,0,0,
7r/4N2k/1p2p3/3pP1p1/1B5p/4P3/PP3nK1/2R5 b - - 1 28,vssf1_win_d8,90,-0.07,0.0,3.4,-0.35,quiet,2,1,0,0,
1r6/p3k1pp/p2bbp2/P1P1p3/4P3/2PRNN2/6PP/K7 b - - 2 25,vssf1_win_d8,85,-2.258,0.0,-1.54,-0.26,quiet,2,2,0,0,
6k1/5pp1/4p2p/4P3/2bBPb2/5P2/r3q1PP/3R2QK w - - 2 47,vssf1_win_d8,48,-3.819,0.0,-5.23,-1.49,quiet,2,0,0,0,
1n3rk1/5ppp/4p3/8/2pP1P2/5N2/pq3NPP/1n2QRK1 w - - 4 28,vssf1_win_d8,42,-4.446,0.0,-4.69,-0.08,quiet,1,0,0,0,
rn3rk1/5pbp/1Pp1p1p1/8/p1N1PB2/n2P2P1/1P3PBP/5RK1 w - - 0 21,vssf1_win_d8,64,-0.881,0.0,-0.66,0.19,quiet,0,0,0,0,
1rr3k1/4qpp1/3p3p/p3p3/2Q5/PnP1B1PP/1b1RNP2/1R4K1 w - - 2 24,vssf1_win_d8,21,-0.643,0.0,-3.66,-0.08,quiet,0,1,0,0,
rn3rk1/ppb2ppp/5q2/4N3/2b4Q/1NP5/PP3PPP/R2R2K1 w - - 0 16,vssf1_win_d8,16,-2.63,0.0,-3.05,0.18,quiet,2,2,0,0,
2rq1rk1/5ppp/p3pn2/np1pN3/b2P1P2/N1P1Q1PP/4P1B1/R1R3K1 w - - 1 21,vssf1_win_d8,10,-0.47,0.0,-1.24,-0.27,quiet,0,1,0,0,
rnbq1rk1/1pp1bppp/4p3/p2n4/3P4/2NQBNP1/PP2PPBP/R3K2R b KQ - 6 10,vssf1_win_d8,0,0.763,0.0,-0.46,0.15,quiet,0,1,0,0,
8/8/3k4/3P1p1p/5P1P/pK6/8/8 w - - 6 88,night_base_s1,128,-0.136,0.0,-0.76,0.69,quiet,1,2,0,0,
8/p3kp2/4p3/r2pP2p/2P2P2/6P1/3K3P/8 b - - 0 40,v3_s2,117,-10.699,0.0,-7.88,-0.62,quiet,0,1,0,0,
8/3k4/4r3/8/4pP1Q/4K3/6PP/8 w - - 1 49,vssf1_win_d8,96,12.615,0.0,7.95,0.0,quiet,2,1,0,0,
8/6p1/p2b4/3k2p1/Pp1P2P1/8/2r2P2/R4K2 w - - 0 34,vssf1_win_d8,101,-9.33,0.0,-7.73,0.08,quiet,1,1,0,0,
8/p7/7R/1r6/3p4/3N1nk1/K1P4p/8 b - - 5 62,vssf1_win_d8,96,-6.338,0.0,-4.57,1.97,quiet,1,2,0,0,
B7/2B5/4p3/5pk1/b4n2/2r5/8/4K3 w - - 14 45,vssf1_win_d8,96,-12.805,0.0,-7.99,0.0,quiet,2,1,0,0,
r7/p2bk1pp/p1p2p2/P3p3/4P3/3R1N2/1PP2bPP/1K1N4 b - - 1 20,vssf1_win_d8,85,-1.789,0.0,-0.78,1.0,quiet,0,1,0,0,
6k1/5pp1/4p2p/4P3/2bBPb2/5P1P/2rq2P1/1R4QK w - - 1 49,vssf1_win_d8,48,-4.069,0.0,-4.9,-1.17,quiet,2,0,0,0,
3r2kr/2Q2p2/p4p2/3q4/3nR2p/P1B5/1P3PPP/4R1K1 b - - 1 31,vssf1_win_d8,32,1.831,0.0,3.27,2.0,quiet,0,1,0,0,
4r1k1/1bpn1p1p/1p1p2p1/pP4bn/2PP4/2N5/PBBQ1PPP/6K1 w - - 0 20,vssf1_win_d8,58,4.404,0.0,2.1,-0.08,quiet,1,0,0,0,
1k6/1p2r3/r1pqnp2/p2n1B1Q/3P4/P3B3/1P4PP/2R1R1K1 w - - 1 37,vssf1_win_d8,21,2.255,0.0,2.11,0.58,quiet,1,0,0,0,
rq4k1/1b1p1ppp/3b4/2pP4/NpB5/4rNPK/2Q5/1R3R2 b - - 0 22,vssf1_win_d8,16,-2.427,0.0,-3.14,-0.67,quiet,1,1,0,0,
rn1q1rk1/3b1ppp/pp2pn2/3p4/3P1Q2/2P2NP1/4PPBP/RN1R2K1 w - - 0 15,vssf1_win_d8,10,-0.101,0.0,-0.47,0.0,quiet,0,0,0,0,
rn3knr/q3b3/p3ppp1/N2b3Q/B3pB1P/2P5/PP3PP1/R4RK1 w - - 0 18,vssf1_win_d8,5,2.687,0.0,-0.76,1.12,quiet,1,1,0,0,
r1bq1rk1/pp3ppp/2nbpn2/8/2BP4/1QN1B3/PP2NPPP/R4RK1 w - - 1 12,vssf1_win_d8,0,1.115,0.0,-0.06,-0.16,quiet,1,0,0,0,
8/8/5k2/p6P/p3K1P1/P7/1P6/8 b - - 6 70,night_base,128,7.689,0.0,3.46,0.33,ks,1,3,0,0,
8/p3kp2/4p3/4P2p/4KP2/6P1/r7/8 w - - 2 47,v3_s2,117,-11.165,0.0,-6.87,0.0,quiet,1,1,0,0,
8/pp6/2pnpp2/P5kp/3P4/1K1N4/8/8 b - - 3 48,vssf1_win_d8,117,-10.59,0.0,-6.12,0.2,quiet,1,1,0,0,
8/6p1/p2b4/3k2p1/P2P2P1/1p6/2r2P2/3R1K2 w - - 0 35,vssf1_win_d8,101,-8.208,0.0,-8.75,0.18,quiet,1,2,0,0,
8/4Rpk1/ppr2np1/7p/PP3P2/2PR1KP1/5P1P/8 b - - 0 50,vssf1_win_d8,90,7.203,0.0,5.51,-0.23,quiet,2,1,0,0,
B7/2B5/4p3/5pk1/b4n2/3r4/8/4K3 b - - 13 44,vssf1_win_d8,96,-12.709,0.0,-8.05,0.0,ks,3,1,0,0,
2bnkr2/1p4p1/4p1p1/8/1RPp1P1P/N2P2P1/5PB1/6K1 b - - 0 31,vssf1_win_d8,85,3.062,0.0,3.36,0.94,quiet,0,0,0,0,
6nr/4ppk1/1N4p1/p1p4p/2P1P3/3R1rPP/PP6/3RKB2 b - - 2 23,vssf1_win_d8,69,5.064,0.0,4.33,-1.0,quiet,1,0,0,0,
3r2k1/1p3ppp/p3pb2/q3B2R/3N1P2/4P3/P5P1/1R1K1B2 b - - 3 24,vssf1_win_d8,53,-1.39,-2.28,-2.84,-4.69,quiet,1,1,0,0,
4r1k1/5p2/3p1np1/2pP2B1/1nPbP1P1/q4P2/4QN2/5K1R b - - 7 44,vssf1_win_d8,37,-3.693,0.0,-3.88,-0.91,quiet,1,1,0,0,
2k5/1p2r2p/r1pqnpp1/p3nP2/4B3/P1QPB3/1P4PP/2R1R1K1 b - - 2 31,vssf1_win_d8,21,1.199,0.0,2.78,1.4,quiet,0,0,0,0,
r3k2r/1p1n2bp/3Pb1pn/1P2pp2/8/P3PN2/1P1BBPPP/R4RK1 w kq - 3 15,vssf1_win_d8,48,-1.182,0.0,-0.28,0.53,quiet,0,1,0,0,
r4rk1/ppqn4/2p1p2p/5p2/P1NP1Pn1/2B1P1p1/1P1NQ1Pb/R4K1R w - - 0 19,vssf1_win_d8,10,-1.932,-1.26,-2.16,-1.81,ks,3,0,0,0,
r1b1k2r/pp1p1ppp/2n1pn2/q1B5/8/2N2N2/PPP1PPPP/R2QKB1R b KQkq - 0 7,vssf1_win_d8,5,4.03,0.0,4.12,0.12,quiet,0,2,0,0,
r1bq1rk1/pp2ppbp/2np2p1/2P5/4nB2/2P2N1P/PPQ2PP1/RN2KB1R w KQ - 0 9,vssf1_win_d8,0,1.273,0.0,-1.6,0.14,quiet,1,0,0,0,
8/7k/8/p6p/p2K3P/P4PP1/1P6/8 w - - 3 61,night_base,128,6.175,0.0,3.61,-0.27,quiet,0,0,0,0,
8/pp5p/2p1pp2/Pn4k1/2KP4/8/8/4N3 b - - 3 46,vssf1_win_d8,117,-10.292,0.0,-5.94,-0.94,ks,3,0,0,0,
6k1/P2R4/1N6/1P3p1p/4p3/6bP/4K3/8 b - - 0 52,vssf1_win_d8,106,9.665,0.0,11.32,1.23,quiet,2,1,0,0,
8/1p3pk1/p1r2npp/8/1P3P2/P1PR2P1/5P1P/4R1K1 b - - 2 46,vssf1_win_d8,90,6.161,0.0,4.45,0.14,quiet,0,0,0,0,
7k/p7/6p1/6rp/P2pqp2/5R2/7P/2R2Q1K b - - 1 34,vssf1_win_d8,53,1.236,0.0,2.37,-0.59,quiet,1,0,0,0,
2R2n2/6kp/1p1Bn1r1/3B1p2/3P4/6P1/PP2PP1P/6K1 b - - 0 32,vssf1_win_d8,85,7.654,0.0,7.04,0.67,quiet,0,2,0,0,
7r/pp2k3/3N1pp1/3Pp3/qP1p3P/3P1NR1/2R2P2/2b1K3 w - - 2 30,vssf1_win_d8,58,1.577,-1.02,-3.24,0.99,quiet,1,2,0,0,
r3k2r/1p2bppp/p2q4/3P4/1p6/1P1Q1N2/P4PPP/R3R1K1 w kq - 1 18,vssf1_win_d8,32,2.152,0.0,1.95,0.61,quiet,1,1,0,0,
2kr3r/1ppb1ppp/p7/4N3/1bP5/2n1P3/PP2BPPP/R1K4R w - - 0 17,vssf1_win_d8,58,-1.556,0.0,-4.06,-0.67,quiet,1,1,0,0,
2k5/1p1nr3/r1pqnp2/p4B1p/2Q5/P2PB3/1P4PP/2R1R1K1 w - - 0 34,vssf1_win_d8,21,1.461,0.0,2.77,0.73,quiet,1,0,0,0,
rn2k1nr/1p4bp/3Pb1p1/1P2pp2/8/4PN2/PP2BPPP/R1B2RK1 w kq - 1 13,vssf1_win_d8,48,-1.421,0.0,0.31,0.61,quiet,0,1,0,0,
r4rk1/ppqn1p2/2p1pn1p/8/P1NP4/2BQP1p1/1P1N1PPb/R4K1R w - - 0 17,vssf1_win_d8,10,-0.09,0.0,-0.29,-0.5,quiet,2,1,0,0,
r1bq1rk1/pp3pbp/2n1p1p1/2p5/3p1PP1/2P1NBB1/PP1Q3P/RN2K2R w KQ - 0 17,vssf1_win_d8,5,1.4,0.0,-0.26,-0.39,quiet,0,0,0,0,
r1bq1rk1/pp2ppbp/2np2p1/2pP3n/4P3/2P1BN1P/PPQ2PP1/RN2KB1R b KQ - 2 9,vssf1_win_d8,0,0.384,0.0,0.78,0.33,quiet,0,0,0,0,
8/8/6k1/p6p/p3K2P/P4PP1/1P6/8 w - - 5 62,night_base,128,6.675,0.0,3.18,-0.15,quiet,1,2,0,0,
4k3/p4p2/4b3/4P1p1/Pp3PP1/2P4P/8/5K2 b - - 0 43,v3_s2,122,-0.749,0.0,-4.55,-0.34,quiet,0,0,0,0,
8/pp5p/2p1ppkP/8/P2P4/2n2K2/8/4N3 w - - 2 43,vssf1_win_d8,117,-11.14,0.0,-4.55,-1.06,quiet,1,1,0,0,
6k1/3R4/1N6/1P3pbp/P3p3/6PP/4K3/8 b - - 1 49,vssf1_win_d8,106,11.508,0.0,7.12,0.0,quiet,2,1,0,0,
1n2r3/4kp2/ppQ1p1P1/3p1p1p/P2P1N2/1P2PP2/6P1/6K1 w - - 1 31,vssf1_win_d8,85,13.252,0.0,7.16,0.0,ks,0,3,0,0,
3r2k1/r4ppp/1p2n3/8/p5P1/P1P5/6B1/3R3K w - - 1 45,vssf1_win_d8,85,-10.598,0.0,-8.44,0.0,quiet,0,0,0,0,
3rbk2/R1R5/4p1p1/1p1pNr2/1P1P3p/4PP1P/1P4P1/6K1 w - - 2 44,vssf1_win_d8,74,3.162,0.0,5.3,2.28,quiet,0,2,0,0,
4r1kr/1p2bppp/p2P4/2q5/1pN1Q3/1P6/P3RPPP/4R1K1 b - - 0 23,vssf1_win_d8,32,1.025,0.0,3.8,0.23,quiet,1,1,0,0,
4k2r/Q2r1pp1/2N1b3/3q3p/1Bp5/8/PP3PPP/4RRK1 w k - 1 26,vssf1_win_d8,26,9.939,3.6,10.67,5.85,ks,1,3,0,0,
1r3rk1/pB1bp1b1/3p2pp/2p2p2/2P3P1/1PNPP1nP/1P1NP3/1R2R1K1 w - - 1 20,vssf1_win_d8,53,-0.262,0.0,-0.82,-0.49,quiet,1,0,0,0,
2kr3r/ppq2pbp/2ppb3/8/3PR1B1/1Q2P1P1/PP1n1PN1/R3K3 w Q - 0 18,vssf1_win_d8,16,-1.571,0.0,-6.07,-0.13,quiet,1,1,0,0,
3r1rk1/ppq5/4pn1p/2n2p2/P1NB1P2/3QPNp1/1P4Pb/R3KR2 w - - 0 25,vssf1_win_d8,10,-2.075,-1.44,-3.33,-2.0,quiet,1,0,0,0,
rnb1k2r/1pq1pp1p/2pp2p1/p2P3n/2P1P1P1/2bBBN1P/PP3P2/R2Q1RK1 w kq - 0 13,vssf1_win_d8,5,-0.441,0.0,-0.9,0.01,quiet,0,0,0,0,
rnbqk2r/pp4p1/1npb3p/4pp2/8/2N2NP1/PPBPPP1P/1RBQK2R w Kkq - 2 10,vssf1_win_d8,0,0.331,0.0,-0.83,-0.07,quiet,0,0,0,0,
8/4K2k/5P2/8/8/8/8/8 w - - 6 74,night_base,128,5.723,0.0,47.97,0.0,quiet,0,1,0,0,
8/2n1p3/3k4/8/8/4K3/8/8 w - - 6 99,v3_s2,122,-9.454,0.0,-2.85,0.03,quiet,0,0,0,0,
4r3/3nkp2/ppQ1p1P1/3p1p1p/P2P1N2/1P2PP2/6P1/6K1 b - - 0 30,vssf1_win_d8,85,11.621,0.0,8.82,2.45,ks,0,3,0,0,
5r2/7p/2k1b3/1p3p2/P1pB1K2/3BPP2/7P/2R5 b - - 0 36,vssf1_win_d8,90,5.467,0.0,4.71,0.15,ks,3,2,0,0,
6k1/2r2ppp/8/3P4/qr1p2P1/1P5P/P1P1Q3/1K3B1b w - - 2 31,vssf1_win_d8,53,-14.791,-1.62,-10.13,0.0,quiet,2,0,0,0,
1nkr4/1pp3N1/Q6p/1R6/3p2p1/2bP4/5PPP/2R3K1 b - - 0 32,vssf1_win_d8,58,5.353,2.19,13.45,0.0,quiet,0,2,0,0,
4r1kr/1p2bppp/p2q4/3PN3/1p2Q3/1P6/P3RPPP/4R1K1 w - - 9 22,vssf1_win_d8,32,2.105,0.0,1.91,0.7,quiet,0,2,0,0,
rn3k1r/p4p2/3Np2p/N7/1p1PnBp1/8/PP3PPP/2R2RK1 b - - 0 25,vssf1_win_d8,58,5.403,0.0,7.65,2.34,quiet,1,1,0,0,
2r1rk2/1b1Q1p2/pp1n1qp1/3p3p/1P1P4/P7/1RR1BPPP/3N2K1 b - - 0 29,vssf1_win_d8,21,-1.09,0.0,-1.5,0.3,quiet,1,1,0,0,
1nb1nk1r/3pqp2/1Np3pp/pp2P3/2P2P2/P6P/1PB3P1/R1BQR1K1 b - - 2 20,vssf1_win_d8,21,7.974,0.0,10.43,0.43,quiet,0,0,0,0,
r3kb1r/2pq4/3ppPpP/p7/Np1N1Pn1/8/PPP4P/R1BQ1RKb b kq - 0 18,vssf1_win_d8,10,-10.955,-1.26,0.16,-1.32,quiet,2,1,0,0,
r2q1rk1/pp4bp/2npppp1/2p3Bn/2B1P2P/2PPNb2/PP3PP1/R2QR1K1 w - - 0 13,vssf1_win_d8,5,-3.408,0.0,-2.63,0.77,quiet,1,0,0,0,
r1bqr1k1/ppp2pp1/nn5p/8/5P1b/P1NP4/1PQ1P1BP/1RBK2NR w - - 3 13,vssf1_win_d8,0,-1.571,-1.44,-2.16,-1.57,quiet,2,0,0,0,
8/6kP/8/p3K2P/P7/8/P7/8 b - - 2 58,night_all3,128,6.332,0.0,3.94,-0.95,ks,1,3,0,0,
8/2n1p3/2K2k2/2P5/4P3/8/8/8 b - - 6 88,v3_s2,122,-4.408,0.0,-1.4,0.08,quiet,2,1,0,0,
6r1/8/5k2/8/p2P3P/8/2p4K/2B5 w - - 0 48,vssf1_win_d8,112,-5.623,0.0,-4.73,-0.12,ks,1,3,0,0,
3k4/4p3/1p6/1N1P2r1/6p1/6K1/P4R2/8 w - - 3 40,vssf1_win_d8,101,3.044,0.0,3.17,1.13,quiet,2,1,0,0,
1n4rk/8/2pK4/8/N1R5/8/1PP5/8 b - - 0 36,vssf1_win_d8,96,2.082,0.0,2.38,0.24,quiet,2,0,0,0,
2r1b3/8/k2K4/5B1p/2pB1P2/4P3/7P/1R6 b - - 0 45,vssf1_win_d8,90,9.22,0.0,7.95,5.01,quiet,2,2,0,0,
6k1/2r2ppp/8/1r1P4/q2p2P1/1P5P/P1PQ4/1K3B1b w - - 0 30,vssf1_win_d8,53,-12.617,-1.62,-10.14,0.0,quiet,2,0,0,0,
4rknr/BPR5/3pQp2/p4p1p/5p2/8/PP3PPP/5RK1 b - - 0 28,vssf1_win_d8,53,7.285,4.23,13.9,0.0,quiet,0,2,0,0,
3r1k1r/1p2bppp/p2q4/3P4/1p2Q3/1P3N2/P3RPPP/4R1K1 b - - 6 20,vssf1_win_d8,32,0.84,0.0,2.32,1.08,quiet,1,1,0,0,
r1b5/pp2k1p1/n1pr3p/8/1P1PP3/P1p1BPbP/8/R4KNR b - - 0 25,vssf1_win_d8,58,-4.056,0.0,-6.42,0.0,quiet,1,0,0,0,
3r1rk1/3q1ppp/p1b1p3/2p1P2P/1pPb1PP1/P1N5/3PQ3/B1K1RR2 w - - 0 27,vssf1_win_d8,21,-1.078,0.0,-3.1,-0.88,quiet,0,0,0,0,
r1bQ1bk1/pp3p1p/6p1/8/2P1r3/4PN2/1qnB1PPP/3R1RK1 w - - 2 21,vssf1_win_d8,16,-4.692,0.0,-2.97,0.48,quiet,0,1,0,0,
r1b1kbnr/6pp/p1p1pp2/q1pp4/N7/BP2PN2/P1PP1PPP/R2QK2R w KQkq - 0 9,vssf1_win_d8,10,-0.568,0.0,0.13,0.13,quiet,1,0,0,0,
rn1q1rk1/p2b1p1p/1p1ppnp1/2pP4/2P1P3/1QNB1N2/PP3PPP/R1b1K2R w KQ - 0 11,vssf1_win_d8,5,-1.127,0.0,-3.79,0.08,quiet,1,0,0,0,
r1bq1rk1/1p3ppp/2nb4/2n1p3/p1Pp3P/B2P1NP1/PQ2PPB1/RN2K2R w KQ - 3 14,vssf1_win_d8,0,-0.574,0.0,-2.7,-1.6,quiet,0,0,0,0,
8/7p/7k/P4p2/8/1P6/5P1P/6K1 b - - 0 40,mediocre_mine,128,5.944,0.0,4.03,0.56,quiet,0,0,0,0,
8/8/8/p1pp1kp1/Pp1p4/1P1P2K1/2P3N1/8 w - - 2 47,v3_s2,122,0.062,0.0,1.38,-0.36,ks,2,3,0,0,
8/1pp1k3/3p4/p1nP2pp/P1P1P3/2N5/8/4K3 b - - 1 43,vssf1_win_d8,117,-5.598,0.0,-5.1,-0.02,quiet,0,1,0,0,
5b2/6kp/R3R3/2p2p2/3p4/1P1P2P1/2P5/6K1 w - - 1 30,vssf1_win_d8,101,12.274,0.0,8.29,0.0,quiet,0,1,0,0,
1n2r2k/8/2pK4/8/N1p2R2/8/1PP5/8 b - - 0 35,vssf1_win_d8,96,0.908,0.0,1.61,-2.94,ks,3,0,0,0,
6k1/n4p1p/p3pp2/8/2R5/5N1P/r3BPP1/5K2 w - - 0 29,vssf1_win_d8,90,3.3,0.0,3.03,0.3,quiet,1,0,0,0,
r5k1/1pp2ppp/1p6/1n6/1P3p1P/P1Pq4/1B3P2/2KBR3 b - - 2 27,vssf1_win_d8,69,-14.899,0.0,-10.0,0.0,quiet,1,0,0,0,
q5k1/p4p1p/1p4pB/8/P2r4/2QP2Pb/5P1P/1R3RK1 w - - 1 27,vssf1_win_d8,42,9.459,-1.98,2.67,-3.36,quiet,2,1,0,0,
2rr2k1/1p3ppp/p3q3/3nNP2/P2P4/1P1Q4/4N1PP/3R2K1 b - - 0 25,vssf1_win_d8,37,0.1,0.0,-1.61,0.21,quiet,0,1,0,0,
2r1k1r1/1q4P1/2p2p1B/p2np2p/8/3B1N2/PPQ2PPP/3R2K1 w - - 3 28,vssf1_win_d8,32,5.306,0.0,6.5,1.47,quiet,0,1,0,0,
3r1rk1/1bp1qppp/pp2p3/7Q/2PbPP1P/P1N3P1/1B1P4/2K1RR2 b - - 0 21,vssf1_win_d8,21,-0.497,0.0,-1.53,-0.6,quiet,0,1,0,0,
1r4k1/3bbppp/2pp1n2/8/rq2Pp2/1P1P2PP/2P3B1/1NKRQ2R w - - 0 22,vssf1_win_d8,16,-1.755,0.0,-5.61,-1.28,quiet,1,0,0,0,
r2qk2r/5ppp/b1pbpn2/p1pp4/8/1PN1PN2/PBPPQPPP/R3K2R w KQkq - 2 11,vssf1_win_d8,10,-0.774,0.0,-1.27,-0.25,quiet,1,0,0,0,
1r1q1rk1/1pp2p1p/p1n1bnp1/3pN3/3P1P1P/1Qb1P3/PP1BB1P1/2R1K2R w K - 0 14,vssf1_win_d8,5,-1.348,0.0,-4.24,-0.49,quiet,1,1,0,0,
r1bq1rk1/1p3ppp/2nb4/2n1p3/p1Pp3P/B2P1NP1/PQ1NPPB1/R3K2R b KQ - 4 14,vssf1_win_d8,0,-0.331,0.0,-1.25,-0.51,quiet,0,0,0,0,
8/5p2/1p3K2/1P6/8/2k5/8/8 w - - 1 56,lmr_e3_g_s1,128,-0.713,0.0,-0.3,0.11,quiet,1,0,0,0,
8/1pp5/1n3k2/2pP4/4P3/p5N1/7K/8 w - - 0 53,vssf1_win_d8,117,-6.272,0.0,-6.92,0.44,ks,0,3,0,0,
8/1p4k1/4p3/3pP3/8/1bP4P/pqPK1Q2/8 w - - 0 46,vssf1_win_d8,80,-7.104,0.0,-9.21,-0.27,quiet,2,2,0,0,
7r/R3n1p1/2p2k2/Pp1p4/1P1P2p1/2P5/5PPP/3B1K2 w - - 6 37,vssf1_win_d8,96,5.14,0.0,3.49,0.37,quiet,0,2,0,0,
1n5r/4Rr1p/4R1pk/8/P7/2P5/1P3P1P/5K2 w - - 0 41,vssf1_win_d8,80,5.824,0.0,0.6,0.22,quiet,1,1,0,0,
r2b2k1/5ppp/4p3/3pP3/2r5/pp2PN1P/3R1KP1/1R6 w - - 0 34,vssf1_win_d8,74,-6.84,0.0,-7.74,-0.67,quiet,0,0,0,0,
2R2bk1/2P2ppp/4p3/1pRnN3/8/1P2P2P/5PP1/r2B2K1 b - - 0 24,vssf1_win_d8,74,8.847,0.0,7.33,0.0,quiet,0,2,0,0,
5k1r/p2b2p1/1p2p3/2b1n3/3N2p1/PB2P3/1P5P/R1BK4 w - - 0 23,vssf1_win_d8,74,-0.863,0.0,-2.23,-0.33,quiet,0,0,0,0,
1n1r1qk1/1p3p2/1Q2b2p/2p3n1/2Pp2pN/3P2P1/P3RPBP/4R1K1 w - - 2 34,vssf1_win_d8,26,3.436,0.0,3.46,0.25,quiet,0,0,0,0,
r3k2r/1bpp1p2/1pn1pq1p/p1P5/2P1B1p1/P1N2NP1/1P2PP1P/R2QK2R b KQkq - 0 12,vssf1_win_d8,16,1.471,0.0,3.5,0.28,quiet,0,1,0,0,
r3k2r/1p1b1ppp/nnN1p3/pN6/1b1P2P1/4BP2/PPQ2P1P/R4RK1 w kq - 3 18,vssf1_win_d8,26,10.844,0.0,9.23,0.0,quiet,0,1,0,0,
r2q1k1r/1p2pp2/1n3np1/6Np/3b2P1/2N5/PpB3PP/R1B1RQ1K w - - 4 23,vssf1_win_d8,5,4.154,1.62,3.27,2.24,quiet,1,2,0,0,
rn1q1rk1/pb1pbppp/1pp1pn2/8/2PP1B2/1P3NP1/P3PPBP/RN1Q1RK1 b - - 2 8,vssf1_win_d8,0,0.459,0.0,1.13,-0.11,quiet,0,0,0,0,
8/8/1p2K3/1Pk5/8/8/8/8 w - - 3 58,lmr_e3_g_s1,128,0.179,0.0,-0.54,0.26,quiet,1,2,0,0,
8/7k/5pp1/7p/5K1P/4P1P1/B4P2/8 b - - 19 56,v3_s2,122,9.584,0.0,5.38,-0.72,ks,3,1,0,0,
8/4k3/p3P3/1ppnR3/P1p5/3r4/1P6/1K6 b - - 2 58,vssf1_win_d8,101,-7.968,0.0,-7.42,-0.83,quiet,0,2,0,0,
4k2r/1p3p2/2r2p1p/p5N1/2p5/5QP1/PPP3KP/5R2 w k - 0 26,vssf1_win_d8,69,14.206,0.0,10.84,0.0,quiet,0,1,0,0,
1r4k1/8/p1pqrp1p/2R3p1/8/P1QP2PP/1PP3P1/5RK1 w - - 1 26,vssf1_win_d8,42,1.543,0.0,1.68,0.23,quiet,0,0,0,0,
r4k2/1NRRn2r/8/p3p1pp/8/6P1/PP2PPBP/6K1 w - - 2 26,vssf1_win_d8,69,8.278,0.0,8.52,0.75,quiet,0,1,0,0,
2r2k2/2q2pp1/pp2pb2/3p4/1P3pr1/P3P3/2P1Q2N/1R1K1R2 b - - 5 29,vssf1_win_d8,32,-6.205,-1.62,-5.52,-2.2,quiet,1,0,0,0,
1k1rr1n1/ppp3pp/3qpb2/1P6/2Pp4/P2P3P/R3BPP1/2BQ1RK1 w - - 0 19,vssf1_win_d8,21,-1.085,0.0,0.59,0.08,quiet,1,0,0,0,
1rr3k1/4bppq/4bn1p/pp5P/2P2P2/P3P1P1/1P2Q1B1/2R1K1NR w K - 0 24,vssf1_win_d8,16,-3.004,0.0,-4.84,-0.97,quiet,0,0,0,0,
r1bq1rk1/1pp1bppp/2n1p3/p7/3P4/2N1QNP1/PP2PPBP/2KR3R b - - 2 12,vssf1_win_d8,10,0.094,0.0,-0.02,-0.78,quiet,0,0,0,0,
r2q1k1r/1p2pp2/1n3np1/6Np/3b2P1/2N5/PBB3PP/R3RQ1K b - - 0 23,vssf1_win_d8,5,4.556,1.62,5.62,2.19,quiet,1,2,0,0,
rnbqk2r/4pp1p/p4npb/1p1p4/8/PPN1PN1P/3P1PP1/R1BQKB1R w KQkq - 2 9,vssf1_win_d8,0,-0.033,0.0,0.74,0.22,quiet,0,0,0,0,
8/7p/2k3p1/4p1P1/P6P/4K3/5P2/8 b - - 0 50,lmr_e3_g_s0,128,2.377,0.0,2.07,0.07,quiet,1,1,0,0,
8/8/7P/R2K4/6P1/8/2k5/8 w - - 1 75,v3_s2,117,15.229,0.0,55.6,0.0,quiet,0,0,0,0,
8/3k1p2/pp3P2/6p1/2Pp4/P1nK1P2/2B5/8 w - - 0 31,vssf1_win_d8,117,-2.416,0.0,0.08,-0.07,quiet,2,1,0,0,
4k3/P1R5/7r/1P5p/1n6/8/5PPP/6K1 b - - 0 44,vssf1_win_d8,101,4.734,0.0,6.0,2.38,quiet,0,1,0,0,
4k1r1/4q2p/2p1p3/8/4Q2p/4P3/3PKPPP/7R b - - 1 31,vssf1_win_d8,64,3.487,1.26,2.24,1.81,quiet,0,0,0,0,
7k/1R1n4/6pP/3rp1N1/4p3/8/4K3/4B3 w - - 3 62,vssf1_win_d8,90,5.406,0.0,3.64,-0.59,quiet,2,2,0,0,
3r2k1/6pp/p1n1q3/1pQ1p3/4pP2/2P3PP/PP5N/2K1R3 w - - 0 27,vssf1_win_d8,53,-1.481,-1.62,-1.47,-1.53,quiet,1,1,0,0,
r4k1r/1N1Rn3/8/p3p1pp/8/6P1/PP2PPBP/2R3K1 w - - 0 25,vssf1_win_d8,69,8.434,0.0,8.45,0.71,quiet,0,1,0,0,
r7/3r3p/5n2/pp2kP2/4P2P/P1NP2P1/1PP2bq1/R2KR3 w - - 1 27,vssf1_win_d8,48,-1.644,3.24,-11.5,0.0,ks,1,6,0,0,
3q1rk1/R3bpp1/p6p/3n4/1P2N3/P3P1B1/4BPPP/1Q4K1 b - - 2 31,vssf1_win_d8,37,9.72,0.0,7.5,0.19,quiet,0,0,0,0,
3r2k1/pp3pp1/2p3q1/2N1n1Pp/2r2b1P/P2PpP1R/1PQ1B3/3K2N1 w - - 6 29,vssf1_win_d8,26,-8.955,-4.5,-11.22,-9.09,quiet,2,0,0,0,
2rq1rk1/pb1p1ppp/1pnp1n2/4p3/2P4P/P2P1N2/1PQ1PPP1/R1B1KB1R w KQ - 1 10,vssf1_win_d8,10,0.213,0.0,-1.11,-0.15,quiet,0,0,0,0,
r1b1k1nr/2pp1qp1/1pn5/p1P2pBp/8/P4N1P/1P2BPP1/RN1Q1K1R b kq - 0 13,vssf1_win_d8,5,4.267,0.0,3.66,0.44,quiet,0,2,0,0,
rn1q1rk1/4ppbp/p1p3p1/1p1n1b2/4P3/PPN2N1P/1BQP1PP1/R3KB1R b KQ - 0 11,vssf1_win_d8,0,0.381,0.0,1.25,0.15,quiet,0,0,0,0,
8/p7/5k1P/p7/P1K5/1P6/8/8 b - - 0 49,lmr_e2_g_s0,128,5.04,0.0,2.68,0.0,quiet,1,1,0,0,
8/8/8/6k1/8/7p/8/4K1b1 w - - 10 69,v3_s2,122,-11.438,0.0,-5.67,0.2,quiet,1,0,0,0,
8/8/pp3p2/n1k2P2/2P5/P1K5/4B3/8 w - - 9 48,vssf1_win_d8,117,0.208,0.0,-0.31,0.21,ks,2,4,0,0,
3k4/R4p2/7R/8/2P5/1P3KPp/7P/4r3 b - - 2 44,vssf1_win_d8,96,15.218,0.0,8.0,0.0,quiet,2,1,0,0,
5nr1/8/8/2k1pBP1/R6P/6K1/2PP4/8 w - - 1 50,vssf1_win_d8,96,9.447,0.0,6.81,1.46,quiet,1,1,0,0,
7k/1R1n4/4Npp1/4p3/4P2P/8/8/3rB1K1 w - - 3 57,vssf1_win_d8,90,4.462,0.0,1.85,-0.26,quiet,0,1,0,0,
6k1/6pp/p1n5/1p1r4/4pp2/1PP3Pq/P4Q2/2K1RN2 w - - 0 30,vssf1_win_d8,53,-3.281,0.0,-4.13,-1.2,quiet,1,0,0,0,
8/4kpp1/p1b1pn2/P1p5/1n6/1rB5/1P3P2/3N2KB b - - 6 38,vssf1_win_d8,85,-12.334,0.0,-8.03,0.0,quiet,1,1,0,0,
3q1rk1/p1r2ppp/Bp2pn2/3p3P/3P1P2/P1P1PP2/2Q5/2R1K2R b K - 0 20,vssf1_win_d8,32,-0.001,0.0,-1.42,-0.38,quiet,0,1,0,0,
2k4r/pb1p4/np6/2pPN2q/2P1NQ2/8/PP4PP/R4R1K b - - 0 31,vssf1_win_d8,32,12.423,1.98,8.4,0.0,quiet,1,1,0,0,
3rr1k1/3b1pb1/3p4/p1pPp2Q/2P5/3P1PP1/q1N5/2R1R1KB w - - 0 34,vssf1_win_d8,21,1.601,2.16,-0.51,0.5,quiet,0,1,0,0,
5bnr/5kpp/4pp2/1b2P3/qn1P4/5N2/3BQPPP/3NK2R w K - 1 21,vssf1_win_d8,26,-6.274,-3.6,-6.02,-2.64,quiet,2,1,0,0,
r1b1k2r/p1q2ppp/1pnppn2/6N1/2PP4/2PB4/P1Q2PPP/R1B2RK1 w kq - 2 12,vssf1_win_d8,10,1.217,0.0,1.48,0.19,quiet,0,1,0,0,
r3k1nr/1bp2qp1/2np4/p1pN1pBp/8/P4N1P/1P2BPP1/R2Q1K1R w kq - 0 16,vssf1_win_d8,5,2.878,0.0,3.9,0.9,quiet,0,2,0,0,
rnbqk2r/pp3ppp/3bpn2/2p5/2Pp1P2/P2P2PN/1P2P1BP/RNBQK2R b KQkq - 2 7,vssf1_win_d8,0,-0.666,0.0,-0.87,-0.56,quiet,0,0,0,0,
8/p7/5k2/p6P/P1K5/1P6/8/8 w - - 1 49,lmr_e2_g_s0,128,4.701,0.0,2.12,0.0,quiet,1,1,0,0,
5K2/8/8/1p6/1k6/5R2/8/8 w - - 0 63,v3_s1,117,7.861,0.0,0.94,0.0,quiet,0,1,0,0,
2k5/3R4/3K4/P2n4/1P6/8/8/8 w - - 5 77,vssf1_win_d8,112,13.909,0.0,5.14,1.11,quiet,2,2,0,0,
3k4/R4p2/p7/5r2/2P5/1P3pPp/R4K1P/8 b - - 0 41,vssf1_win_d8,96,9.375,0.0,9.74,0.6,ks,3,1,0,0,
8/8/1n1k4/2R2BPP/2PP1K2/8/8/4r3 w - - 3 59,vssf1_win_d8,96,14.434,0.0,9.4,0.53,ks,2,5,0,0,
1r4k1/p1b2p1p/2p1b3/2N5/4P3/6P1/P4P1P/R2R2K1 w - - 1 27,vssf1_win_d8,80,3.528,0.0,3.23,0.07,quiet,0,0,0,0,
5qk1/p1r2ppp/1p1rpn2/3p3P/1Q1P1P2/P1PBPP2/8/2R2K1R b - - 8 24,vssf1_win_d8,32,0.003,0.0,-1.1,-0.18,quiet,0,1,0,0,
r3r2k/ppp2pp1/8/3q4/P2n1B2/3BP3/1P1b1PPP/1Q3K1R b - - 1 19,vssf1_win_d8,32,-6.549,-1.26,-5.84,-1.29,ks,3,1,0,0,
2kr1b1r/1pq2pp1/p4n1p/8/P1pPp3/B1P1P2P/1Q2NPP1/RR4K1 b - - 1 18,vssf1_win_d8,21,2.762,1.62,2.41,1.48,quiet,1,1,0,0,
4rk2/1p1b2pp/rq2pp2/pNbp4/P2p1P2/1P1P2P1/2PB2BP/R3QRK1 w - - 1 22,vssf1_win_d8,16,3.347,0.0,3.81,0.06,quiet,0,0,0,0,
q2bk1nr/1p3ppp/p1npb3/P1p1p3/4P2P/2N5/1PPP1PP1/R1BQKB1R w KQk - 2 11,vssf1_win_d8,16,0.77,0.0,1.3,-0.26,quiet,0,0,0,0,
r1bq1rk1/5pbp/3p2p1/p3p3/QnPNn3/6PP/PP3P2/2BRKB1R b K - 0 16,vssf1_win_d8,5,-8.676,-1.44,-6.76,-0.83,quiet,1,0,0,0,
r2qk2r/pp1b1ppp/2nbpn2/2p5/2Pp1P2/P2P2PN/1P2P1BP/RNBQ1RK1 w kq - 5 9,vssf1_win_d8,0,-0.791,0.0,-0.23,-0.53,quiet,0,0,0,0,
8/4k3/pp6/8/P7/6Kp/8/8 b - - 1 61,l1a_s1,128,-3.947,0.0,-1.49,0.64,quiet,1,0,0,0,
8/4k3/8/4bP1R/6PP/p7/P3KP2/8 b - - 0 41,vssf1_win_d8,112,10.959,0.0,7.26,0.73,quiet,0,1,0,0,
6k1/7p/2p5/p6p/1p6/1N2B1PK/P1p1r3/8 b - - 0 41,vssf1_win_d8,106,-8.57,0.0,-5.4,-0.03,quiet,2,0,0,0,
4r1k1/1R1N3p/1p2p1p1/p1b2p2/P4P2/1PP4P/4K1P1/8 b - - 6 33,vssf1_win_d8,96,0.417,0.0,1.11,-0.52,quiet,1,1,0,0,
3R4/1k6/1Pb5/p1pB2p1/6pr/2N5/5P1P/6K1 b - - 3 56,vssf1_win_d8,90,3.707,0.0,4.3,8.54,ks,1,3,0,0,
2kr3r/1p2nppp/3p4/1p6/1R2PPb1/4B1P1/PPP3BP/R5K1 b - - 1 20,vssf1_win_d8,64,3.221,0.0,2.93,0.2,quiet,0,0,0,0,
6k1/5qrp/p1n1p2Q/2bpP3/P1p5/2P5/1r4PP/1B1R2RK w - - 2 32,vssf1_win_d8,26,-3.538,1.62,-6.85,-0.6,ks,3,2,0,0,
4rb1r/pp1k1ppp/1n6/3P4/3Pn3/2N4P/PP4P1/R1B1K1NR w KQ - 0 15,vssf1_win_d8,53,2.701,0.0,-0.49,0.67,quiet,1,1,0,0,
r4k2/1p1b2pp/rq2pp2/pNbp4/P2p1P2/1P1P2P1/2PB1RBP/R3Q1K1 w - - 3 23,vssf1_win_d8,16,2.22,0.0,4.17,0.08,quiet,0,0,0,0,
q3k1nr/1p2bppp/p1npb3/P1p1p3/4P2P/8/1PPPNPP1/R1BQKB1R w KQk - 0 10,vssf1_win_d8,16,1.14,0.0,0.71,-0.3,quiet,0,0,0,0,
r1b1kb1r/3nn1p1/5q1p/1p3p2/p4B1N/2N4P/PP2QPP1/R3R1K1 w kq - 0 20,vssf1_win_d8,5,0.607,2.7,2.71,4.54,quiet,0,1,0,0,
r2qk2r/1p1n1p2/2p1pnpp/p4b2/1bNP1B2/2PB1N1P/PP3PP1/R2QR1K1 b kq - 0 13,vssf1_win_d8,0,1.132,0.0,4.25,1.26,quiet,0,0,0,0,
6k1/8/5KP1/8/8/8/8/8 b - - 3 97,l1a_s1,128,5.389,0.0,0.0,0.0,quiet,1,2,0,0,
3B4/8/p1p1kp2/P1Kb2p1/6p1/8/5P1P/8 b - - 4 45,vssf1_win_d8,117,-6.017,0.0,-0.99,-0.64,ks,4,2,0,0,
8/6pp/4k3/1p2p3/rb5P/1R2BPK1/5P2/8 b - - 3 38,vssf1_win_d8,96,-1.995,0.0,-1.87,0.15,quiet,1,0,0,0,
3R4/1k6/1P2B3/p1p3p1/4b1pr/8/4NP1P/6K1 w - - 0 55,vssf1_win_d8,90,3.644,0.0,3.93,8.22,ks,2,3,0,0,
6k1/pbpp1ppp/1p3q2/3P4/P7/6PP/r4PB1/2R2RK1 b - - 6 27,vssf1_win_d8,64,-8.237,0.0,-8.79,0.0,quiet,2,0,0,0,
b7/p5pk/1p2p1rp/1P2q3/2PRP3/P1N5/4BpP1/1K3R2 w - - 0 35,vssf1_win_d8,58,-0.336,0.0,-4.89,-0.11,quiet,0,0,0,0,
2q5/1prn1k2/2p1pp1r/P1Pp1p1P/3P1N2/P3P1Q1/1R3PP1/1R4K1 w - - 3 38,vssf1_win_d8,32,7.071,1.44,4.9,1.84,ks,0,3,0,0,
1k1r1b2/2pq1pp1/Pp3n1p/1NPp4/Q2P4/P3r3/5PPP/R3R1K1 w - - 0 22,vssf1_win_d8,26,5.028,3.24,-0.86,0.9,quiet,0,2,0,0,
r1b2k1r/4npp1/pp1Npn2/7p/4P3/8/PPQBBPPP/R5K1 w - - 1 18,vssf1_win_d8,42,7.843,0.0,9.38,0.7,quiet,0,1,0,0,
5k1r/1p1b1pb1/6pp/1Nr1n2n/p7/5NP1/PP1QPPBP/5RK1 w - - 0 24,vssf1_win_d8,37,4.077,0.0,3.65,0.49,quiet,0,0,0,0,
r5k1/pppb1pp1/1n5p/4r3/nP1qN3/P2P1BR1/2QBP2P/1R1K4 b - - 5 21,vssf1_win_d8,10,0.497,0.0,0.22,0.19,quiet,0,1,0,0,
r1r3k1/pp1b1ppp/q1n1pn2/8/3P1B1P/1Bb2N2/PPQ2PP1/2KR3R w - - 0 15,vssf1_win_d8,5,-2.782,0.0,-4.96,-1.21,quiet,1,1,0,0,
rnbqkb1r/pp2pp2/2p2npp/8/3P4/2NB1N2/PPP2PPP/R1BQK2R b KQkq - 1 7,vssf1_win_d8,0,0.43,0.0,0.82,0.38,quiet,0,0,0,0,
8/6p1/1p4P1/4k3/2K5/8/8/8 b - - 0 58,l1a_s1,128,-1.389,0.0,-0.71,0.04,quiet,2,1,0,0,
8/7k/2K2p2/8/p7/1p6/8/1R6 b - - 1 51,v3_s1,117,0.355,0.0,1.55,0.19,quiet,0,0,0,0,
8/8/p7/P7/5Kp1/5pBk/2b2P1P/8 w - - 21 85,vssf1_win_d8,117,-1.182,0.0,0.04,0.09,ks,3,4,0,0,
2N5/2k3p1/5p1p/p7/2P5/bP6/5PPP/R5K1 b - - 0 34,vssf1_win_d8,106,10.992,0.0,6.83,0.0,quiet,0,1,0,0,
4k2N/pp4pp/8/8/8/2N1P1P1/Pn1rPK1P/8 w - - 0 24,vssf1_win_d8,101,-0.439,0.0,-2.29,0.49,quiet,1,1,0,0,
4R3/5pk1/6p1/3Pb3/6P1/3bB3/r7/7K b - - 2 43,vssf1_win_d8,90,-6.301,0.0,-5.4,-7.0,quiet,2,2,0,0,
4r1k1/6p1/2p2r1p/1b3P2/p1pPBKPP/2P5/P7/1R2R3 w - - 4 33,vssf1_win_d8,74,1.606,0.0,2.83,-0.07,ks,3,0,0,0,
1r4k1/p4p1p/3p1Bp1/2pP4/P1pnP3/5PP1/1Qr4P/4RRK1 b - - 0 27,vssf1_win_d8,53,1.788,0.0,11.79,0.0,quiet,1,1,0,0,
r2q1bk1/5ppp/2p5/2P5/8/PQ3P2/1Br2P1P/R4K1R b - - 0 22,vssf1_win_d8,32,-0.851,0.0,-2.71,-1.29,quiet,1,2,0,0,
2b3k1/1p5r/2p2q2/3pNP1p/r2P4/PN6/6PP/R2Q1RK1 w - - 3 27,vssf1_win_d8,26,7.296,1.26,6.34,1.19,quiet,0,1,0,0,
3r2k1/pp3pp1/4p2p/P2rq3/1R1b3n/Q4PNP/1P3P2/R4B1K b - - 11 33,vssf1_win_d8,21,-3.231,0.0,-3.75,-1.45,quiet,1,0,0,0,
r1b2rk1/p1q1bpp1/2p4p/2ppn3/Q3P2P/2PPBN2/PP3PP1/R3K2R w KQ - 0 13,vssf1_win_d8,16,-3.384,0.0,-5.6,-1.07,quiet,0,0,0,0,
2r2rk1/p2p1ppp/1p1Qpq2/1Nn4n/1PP1b3/P4NP1/4PPBP/1RR3K1 b - - 0 17,vssf1_win_d8,10,-1.983,0.0,0.39,-0.3,quiet,0,1,0,0,
2kr1n1r/ppq1ppb1/2ppNnpp/P7/1PPP4/2NBP2P/5PP1/R1BQ1RK1 b - - 0 14,vssf1_win_d8,5,2.224,0.0,8.38,1.68,quiet,0,1,0,0,
r1b1kbnr/ppp2p1p/2n1q1p1/3pN3/3Pp2P/2P3P1/PP2PPB1/RNBQK2R w KQkq - 2 8,vssf1_win_d8,0,0.006,0.0,0.19,-0.11,quiet,0,1,0,0,
8/6p1/6k1/4K3/1p6/8/8/8 w - - 0 62,l1a_s1,128,-6.176,0.0,-2.67,0.65,quiet,2,1,0,0,
8/8/5k2/5P1p/5pp1/6P1/2q5/4K3 w - - 2 61,v3_s1,106,-22.779,0.0,-13.74,0.0,quiet,1,1,0,0,
8/8/p7/P3K3/6p1/5pB1/b4P1P/6k1 b - - 40 94,vssf1_win_d8,117,-0.724,0.0,-0.13,0.84,quiet,1,1,0,0,
4R3/3k4/7p/3N2p1/2P5/1P6/5PPP/b5K1 w - - 6 44,vssf1_win_d8,106,15.029,0.0,9.58,0.0,quiet,0,2,0,0,
5k1N/pp4pp/8/1N6/4P3/6P1/Pn1rPK1P/8 b - - 2 25,vssf1_win_d8,101,-0.568,0.0,-2.47,-0.15,quiet,1,1,0,0,
2r5/N1P2pkp/1r4p1/3B4/P1R4P/4P1P1/8/5K2 b - - 2 35,vssf1_win_d8,85,8.258,0.0,6.17,-0.27,quiet,0,1,0,0,
5rk1/1R4p1/r1p5/1b3PP1/2pPBK2/p1P5/P7/1R6 b - - 2 38,vssf1_win_d8,74,3.166,0.0,3.15,1.02,quiet,1,1,0,0,
4k2r/1p3p1p/2R2p2/p1r3b1/2p1N3/5QP1/PPP3KP/5R2 b k - 0 24,vssf1_win_d8,53,10.341,3.09,12.71,0.0,quiet,0,0,0,0,
1r4k1/3p1ppp/2q1p3/8/2P2N1P/pr3nP1/5P2/2QR1K1R b - - 6 37,vssf1_win_d8,32,-5.3,-1.62,-6.03,-1.66,quiet,1,0,0,0,
5rk1/3q1p1p/1pp3p1/2b2b2/2B1p3/1N2P3/2QB1PPP/R5K1 w - - 1 22,vssf1_win_d8,37,2.074,0.0,2.76,0.21,quiet,0,1,0,0,
1q3rk1/pp3pp1/4p2p/P2r1n2/2QPN3/5P1P/1P3P1b/R2R1B1K w - - 5 25,vssf1_win_d8,21,-2.305,-1.98,-2.8,-1.7,quiet,2,0,0,0,
2kr1b1r/ppp2ppp/2nqp3/8/8/P3NN2/1PPP2PP/R1BQ1RK1 b - - 1 12,vssf1_win_d8,16,1.889,0.0,2.09,-0.28,quiet,1,0,0,0,
1rbqkb1r/p1p1n1pp/2p1p3/3p1p2/4P3/1P3N2/P1PPQPPP/RNB2RK1 w k - 0 8,vssf1_win_d8,10,-0.268,0.0,0.47,0.38,quiet,0,0,0,0,
r1b1kb1r/pp1ppp1p/n1p3p1/2P5/1q1P1B2/7P/PPQnPPP1/R3KBNR w KQkq - 1 9,vssf1_win_d8,5,-1.62,0.0,-3.79,-0.07,quiet,2,0,0,0,
1nbqk2r/4ppbp/1n1p2p1/1p1P4/rQ1N4/N1P3P1/P3PPBP/R1B1R1K1 w k - 1 16,vssf1_win_d8,0,2.557,0.0,2.96,1.21,quiet,0,0,0,0,
8/5p2/8/p1p1k3/Pp3p2/1P1K4/8/8 w - - 0 61,l1a_s0,128,-8.474,0.0,-4.47,-0.37,ks,4,1,0,0,
2k5/2p5/pp6/3P4/1P6/P6r/2K5/8 b - - 3 50,v3_s1,117,-10.381,0.0,-6.88,-2.06,quiet,1,0,0,0,
8/8/p3b3/P3B3/6p1/4Kp2/5PkP/8 b - - 10 79,vssf1_win_d8,117,0.168,0.0,-0.27,-0.47,ks,3,4,0,0,
8/4k1p1/7p/5R2/2Pb1N2/1P6/5PPP/6K1 b - - 0 40,vssf1_win_d8,106,14.208,0.0,9.13,0.0,quiet,1,2,0,0,
k7/b3B3/8/1RpP4/2P1p1PP/PP1r4/5K2/8 b - - 0 57,vssf1_win_d8,96,7.749,0.0,7.1,-2.24,quiet,2,1,0,0,
8/5p2/pR3N2/6k1/8/1PbbPP2/r5P1/6K1 b - - 6 38,vssf1_win_d8,90,-7.527,0.0,-3.68,-0.89,ks,2,4,0,0,
2q3k1/5p2/rp1p3p/3Nn1pB/3QP3/P6P/5PP1/6K1 w - - 0 34,vssf1_win_d8,58,-2.94,0.0,-0.59,1.64,quiet,0,1,0,0,
r5k1/1pp4p/2np2p1/pN2p3/2PP3q/P4K2/1P1Q1P2/R6R b - - 1 20,vssf1_win_d8,42,-8.52,-5.94,-1.79,-10.57,quiet,2,0,0,0,
r4rk1/3p1ppp/2nPp3/2P4q/2P5/p1QP2PP/p4P2/R1N1K1R1 b - - 2 27,vssf1_win_d8,32,-1.146,-1.44,-3.49,-0.97,quiet,1,1,0,0,
2r3k1/pp2ppbp/q5p1/P1PrPb2/6P1/R1Q1PN1P/1P6/2K3R1 w - - 1 25,vssf1_win_d8,26,-5.689,-2.34,-8.1,-4.14,quiet,2,0,0,0,
3rr1k1/1p3p1p/p1n2bp1/3q2P1/5Q1P/BP5R/P2NpP2/2R1K3 b - - 0 25,vssf1_win_d8,21,-4.94,-1.98,-4.76,-2.07,ks,3,1,0,0,
1k1r1r2/ppp1b1pp/2n1p3/3qNp2/3P4/P1P2N2/1P4PP/R1BQ1RK1 w - - 5 17,vssf1_win_d8,16,1.641,0.0,3.32,-0.55,quiet,0,0,0,0,
1rbqkb1r/p1p2ppp/2p1p3/3pPn2/8/1P3N2/PBPPQPPP/RN2K2R b KQk - 2 8,vssf1_win_d8,10,-0.397,0.0,-0.77,0.04,quiet,0,0,0,0,
rnbqk2r/p3ppbp/3p1np1/1PpP4/8/5NP1/PP2PPBP/RNBQK2R b KQkq - 0 7,vssf1_win_d8,0,0.81,0.0,0.73,-0.22,quiet,0,0,0,0,
4k3/5p2/2p3p1/pp6/P4P2/1P4Kp/8/8 b - - 1 53,l1a_s0,128,-4.622,0.0,-3.52,0.52,quiet,1,0,0,0,
8/8/8/k1p1B3/1pP1KP2/8/8/8 w - - 5 79,v3_s1,122,7.222,0.0,3.83,0.65,quiet,1,1,0,0,
5k2/1p3ppp/3p4/p2P4/Pp1R4/6KP/4r1P1/8 b - a3 0 32,vssf1_win_d8,106,-6.657,0.0,-6.23,-1.23,quiet,1,0,0,0,
7k/1R4R1/8/5p1p/1PP5/p3K3/r5PP/8 w - - 0 41,vssf1_win_d8,96,11.036,0.0,7.55,0.0,quiet,2,2,0,0,
1b1B4/k7/8/1RpPp3/2P5/PP2r1P1/7P/6K1 b - - 4 53,vssf1_win_d8,96,7.382,0.0,6.17,6.3,quiet,0,2,0,0,
3R4/kpN5/7r/p1p1r3/P3P3/3P2Pp/1PP4P/5RK1 b - - 6 37,vssf1_win_d8,80,10.605,0.0,7.59,0.0,quiet,1,2,0,0,
2rkr3/p2np3/1p1Q4/6Bp/7p/1P4P1/P3PP2/b2R2K1 b - - 0 26,vssf1_win_d8,58,5.541,2.34,8.97,9.01,quiet,0,2,0,0,
5k1r/r4ppp/p1nN4/2bRp1B1/8/2P3P1/5PKP/R7 b - - 2 25,vssf1_win_d8,64,-0.983,0.0,0.55,0.36,quiet,1,2,0,0,
3r4/2R1bkpp/3rppb1/p7/PpRP2PP/1Pn5/3N1P2/5BK1 w - - 1 29,vssf1_win_d8,58,-5.212,0.0,-4.97,-0.13,quiet,0,1,0,0,
3rr1k1/1p3pbp/p1nB2p1/q7/5QPP/1P5R/P2NpP2/2R1K3 b - - 2 23,vssf1_win_d8,21,-5.473,-2.88,-4.76,-1.81,ks,3,2,0,0,
2kr1b1r/ppp2ppp/2nqp3/8/8/P3NN2/1PPP1KPP/R1BQ1R2 w - - 0 12,vssf1_win_d8,16,-1.121,-1.44,1.84,-0.59,quiet,1,0,0,0,
2bq1rk1/p1p1bppp/1rp1p3/3pPn2/8/1P1P1N2/PBP1QPPP/RN2R1K1 b - - 2 11,vssf1_win_d8,10,0.539,0.0,-0.59,0.0,quiet,0,0,0,0,
r1bq1rk1/pp2ppbp/2np2p1/2P5/4QB2/2P2N1P/PP3PP1/RN2KB1R b KQ - 0 9,vssf1_win_d8,5,4.119,0.0,2.0,0.45,quiet,0,0,0,0,
r2qkbnr/p2n1pp1/2bpp2p/8/Np1N4/4P2P/1PPPBPP1/R1BQ1RK1 b kq - 1 12,vssf1_win_d8,0,-0.374,0.0,0.45,-0.17,quiet,1,0,0,0,
4k3/1p3p2/2p3p1/p7/P2K1P1p/1P6/8/8 w - - 0 51,l1a_s0,128,-7.378,0.0,-5.15,-0.12,quiet,1,0,0,0,
8/2p5/2P5/p2k4/P7/3n4/2K5/8 b - - 23 70,v3_s1,122,-7.692,0.0,-3.24,-1.0,quiet,1,0,0,0,
1k6/6p1/5p2/PP2p2p/2P5/5K1P/b4P2/2R5 w - - 0 44,vssf1_win_d8,112,8.261,0.0,7.21,0.54,quiet,2,0,0,0,
1b1B4/1k6/5R2/2pPp3/2P5/PP2r1P1/7P/6K1 w - - 1 52,vssf1_win_d8,96,7.418,0.0,5.41,3.15,ks,0,3,0,0,
rn3k2/1p2npp1/2p1p3/p3R2Q/2B5/P7/1PP2PPP/6K1 b - - 0 22,vssf1_win_d8,69,12.987,0.0,8.6,0.0,quiet,0,1,0,0,
1R6/rp2ppkp/p3bp1b/8/8/4p3/PPP1NPPP/1K3B1R w - - 0 18,vssf1_win_d8,74,6.961,0.0,5.23,0.44,quiet,1,1,0,0,
1n2k2r/r4ppp/pN2p3/2p1b1B1/1p6/6P1/PPP2PKP/R4R2 w - - 2 18,vssf1_win_d8,64,-2.423,0.0,0.0,0.62,quiet,1,2,0,0,
4r1k1/1prb1ppp/8/2q1n3/3RQ2P/6P1/1p1NPP2/3R2K1 w - - 6 36,vssf1_win_d8,26,-6.233,0.0,-7.16,-0.41,quiet,0,1,0,0,
r3r1k1/1p3pbp/pqn3p1/8/5Q1P/BP4PR/P2NpP2/3RK3 w - - 0 21,vssf1_win_d8,21,-5.759,-3.24,-5.31,-1.49,ks,3,2,0,0,
2bk1q1b/p2p1n2/n6r/2p2BN1/1pP1N3/4P1Q1/PP3P2/2KR4 b - - 4 25,vssf1_win_d8,26,0.431,2.7,1.98,5.48,ks,1,3,0,0,
3q1rk1/p1p1bppp/b3p2n/3pP3/1r4P1/1P1P1N1P/PB1NQP2/R3R1K1 b - - 0 17,vssf1_win_d8,10,-0.133,0.0,0.03,-0.37,quiet,0,0,0,0,
r2qk2r/1p1n1p2/2p1pnpp/p7/1bNP1B2/2Pb1N1P/PP3PP1/R2QR1K1 w kq - 0 14,vssf1_win_d8,5,-0.583,0.0,-1.24,0.89,quiet,1,0,0,0,
r1bqkb1r/p2n1pp1/2pppn1p/1p6/8/P1N1PN1P/1PPPBPP1/R1BQ1RK1 w kq - 1 8,vssf1_win_d8,0,-0.168,0.0,0.31,0.0,quiet,0,0,0,0,
8/8/5k2/p3pp1P/P1P5/3KP1P1/8/8 w - - 1 53,l1a_s0,128,6.1,0.0,3.52,0.03,quiet,2,1,0,0,
8/8/3k4/7R/4K3/8/8/8 w - - 9 78,v3_s0,117,10.564,0.0,53.55,0.0,quiet,1,2,0,0,
5k2/4pp1p/8/ppB3P1/1P4P1/2r5/8/5K2 b - - 1 47,vssf1_win_d8,112,-6.948,0.0,-6.17,-0.93,quiet,0,1,0,0,
5k2/5N2/6pP/3B1p2/4p3/4P3/7r/5K2 b - - 1 44,vssf1_win_d8,106,1.681,0.0,-0.37,-2.14,quiet,1,2,0,0,
2r5/pp1k1b2/5P2/3pQ3/2qP4/2P5/PP5P/2K5 b - - 0 45,vssf1_win_d8,69,-8.064,0.0,-7.75,0.0,quiet,0,2,0,0,
4r3/ppp5/3k1b2/6p1/P1R1P3/4K1P1/4N3/7r b - - 2 33,vssf1_win_d8,85,-11.277,0.0,-7.42,0.0,ks,3,2,0,0,
5rk1/2Rbq2p/1p2p1p1/1P6/P2PN3/4P1QP/6P1/6K1 w - - 4 30,vssf1_win_d8,53,3.992,0.0,3.52,0.44,quiet,1,0,0,0,
3R4/rpb1pp1p/p3bp1k/7N/6P1/8/PPP1B2P/1K5R w - - 1 24,vssf1_win_d8,74,6.852,0.0,5.61,1.36,quiet,1,2,0,0,
1nq1r2k/6bp/1BpP2p1/P3p3/4Q3/1P3B2/2P2PPP/3R2K1 b - - 0 38,vssf1_win_d8,42,6.058,0.0,6.7,0.59,quiet,0,0,0,0,
r2r2k1/5pp1/2b1p3/p3P1q1/P1P1N1n1/2P3P1/4Q3/R3B1K1 b - - 4 35,vssf1_win_d8,32,-6.844,0.0,-6.4,-0.9,quiet,1,0,0,0,
1n3rk1/5ppp/2r1p3/3p4/3PnP2/2P2N1N/pq4PP/2RQ1RK1 w - - 2 24,vssf1_win_d8,21,-2.351,0.0,-3.57,-0.6,quiet,2,0,0,0,
5rk1/2n1ppbp/3p1Bp1/2pP1b2/1pP4P/1N4P1/r3PPBN/1R2K2R b K - 0 19,vssf1_win_d8,48,-1.407,0.0,1.01,-0.15,quiet,1,1,0,0,
r2qk2r/pp3p2/3bbp1p/2p1n3/2PpPN2/P2P2P1/1P4BP/RN1Q1RK1 w kq - 2 14,vssf1_win_d8,10,-0.49,0.0,0.77,-0.03,quiet,0,0,0,0,
r4rk1/pp1b1ppp/n3p3/q1b1Q3/8/2n1BN2/PP2PPPP/3RKB1R w K - 0 13,vssf1_win_d8,5,-1.557,0.0,-4.37,-0.24,quiet,1,1,0,0,
r2qkb1r/ppp2ppp/2n5/3b1nN1/3pN3/P2P4/1PP1BPPP/R1BQK2R b KQkq - 0 10,vssf1_win_d8,0,-0.62,0.0,0.15,0.17,quiet,0,1,0,0,
8/8/5p2/6p1/4p2p/7P/6P1/4k2K w - - 0 62,l1a_s0,128,-6.515,0.0,-4.14,0.59,quiet,0,0,0,0,
8/6kp/4P3/4K3/7P/5b2/8/8 b - - 2 54,v3_s0,122,-4.879,0.0,-0.77,0.03,quiet,2,2,0,0,
8/5p2/2pp2p1/1p3k1p/3Q1P1P/2P3P1/q7/6K1 b - - 6 49,vssf1_win_d8,85,-4.537,0.0,-2.5,2.8,ks,1,4,0,0,
6k1/3PR2N/2r5/p7/P7/2p3P1/2P3KP/8 b - - 0 40,vssf1_win_d8,101,13.07,0.0,11.26,4.36,quiet,0,2,0,0,
8/5k1p/p1r1pp1P/3p2p1/3P4/P1P3Pq/1p1B1P2/1N2R1K1 w - - 1 39,vssf1_win_d8,74,-11.311,0.0,-9.13,-0.54,quiet,1,2,0,0,
2k5/pp4pp/2p2b2/2P2p2/1r4nP/5N1R/4r3/2R3K1 w - - 0 34,vssf1_win_d8,69,-11.929,0.0,-8.45,0.0,quiet,2,0,0,0,
1r3rk1/p1pq1p2/4pBp1/np2P2p/3Pp3/1Q2P3/PPP3PP/2R2RK1 w - - 2 23,vssf1_win_d8,32,0.221,0.0,0.69,1.41,quiet,0,1,0,0,
2kr3r/4b3/p1n3p1/1p3pN1/2pP1Kp1/N1P5/PP5P/R2QR3 b - - 0 26,vssf1_win_d8,42,2.403,-3.6,10.59,0.0,ks,5,0,0,0,
r4k1r/p3nppp/p1Pq1b2/8/4Q3/P4N2/1P1P1PPP/R1B2RK1 w - - 1 17,vssf1_win_d8,21,2.818,0.0,3.21,0.41,quiet,1,1,0,0,
r4k1r/2p2pp1/1pnqpn2/1B5p/2NP4/P4N2/P4PP1/R2Q1RK1 b - - 4 18,vssf1_win_d8,16,1.462,0.0,2.9,-0.46,quiet,1,0,0,0,
rnb1k2r/p3ppbp/3p2p1/qPpP4/8/2n2NP1/PP1BPPBP/R1Q1K2R b KQkq - 1 10,vssf1_win_d8,5,-5.536,0.0,-2.59,-0.27,quiet,1,0,0,0,
r1bq1rk1/ppp1bppp/2n5/3p1n2/P5B1/2N4P/1PPP1PP1/R1BQK1NR b KQ - 0 9,vssf1_win_d8,0,-0.625,0.0,-2.35,-0.12,quiet,0,0,0,0,
8/8/4K3/6pp/6k1/6P1/7P/8 b - - 1 46,ksfull_ks,128,0.089,0.0,-0.59,0.23,ks,1,3,0,0,
8/4Pbk1/7p/4K3/7P/8/8/8 w - - 1 58,v3_s0,122,-4.46,0.0,-1.04,-0.42,quiet,2,2,0,0,
5k2/1pp2pp1/3p3p/P7/8/q1P2PP1/3Q2KP/8 b - - 0 35,vssf1_win_d8,85,-1.189,0.0,-1.47,-0.08,quiet,0,0,0,0,
5k2/4R3/2rP1N2/p7/P7/2p3P1/2P3KP/8 w - - 3 39,vssf1_win_d8,101,12.238,0.0,7.21,0.0,ks,0,3,0,0,
8/6k1/1pr5/2n5/1PP3pB/P3R3/5PP1/6K1 b - - 0 46,vssf1_win_d8,96,5.542,0.0,4.17,1.31,quiet,0,1,0,0,
8/5k2/p3pp1p/P2p1qp1/r2P1P2/2P3P1/1p1B1K2/1N2R3 w - - 4 45,vssf1_win_d8,74,-12.187,0.0,-9.51,-0.07,quiet,0,1,0,0,
4r1k1/p4p1p/5n1B/1p6/1P6/2P2PPP/1q6/2R3KR b - - 0 32,vssf1_win_d8,64,-4.418,0.0,-7.0,-0.95,quiet,1,1,0,0,
2k5/pp4pp/2p2b2/2P2p2/1P4nP/P2rPN2/1r4P1/R4K1R w - - 1 28,vssf1_win_d8,69,-6.195,0.0,-9.2,-7.76,quiet,2,0,0,0,
1r2r1k1/2p2p2/p1n1pBpQ/q3P2p/2PPp3/4P3/P5PP/2R2RK1 b - - 4 30,vssf1_win_d8,32,4.352,4.32,5.16,7.24,quiet,0,2,0,0,
2b2r2/r1q3k1/4ppp1/1p5p/2n2P2/P1P1Q1PP/1P4B1/2KR3R w - - 1 25,vssf1_win_d8,26,-0.711,0.0,-4.0,-0.52,quiet,1,0,0,0,
3r1k1r/Q4ppp/p1n2b2/1q6/3P4/P4N2/1P1B1PPP/R3R1K1 w - - 3 23,vssf1_win_d8,21,4.663,1.62,2.48,1.08,quiet,1,2,0,0,
rnbq1rk1/ppp1b1pp/8/3Pp3/2B1pP2/8/PPPP2PP/R1BQK2R w KQ - 0 10,vssf1_win_d8,16,-4.169,0.0,-4.15,-0.29,quiet,0,0,0,0,
r1bqk1nr/1pp1ppb1/p2p2pp/8/3PP3/P1N5/1PP1BPPP/R1BQ1RK1 w kq - 0 10,vssf1_win_d8,10,0.446,0.0,2.15,0.27,quiet,0,0,0,0,
r4rk1/pp2bpp1/1q1p1n1p/2p1p2R/2Pn4/2NPBNP1/PP1QPPB1/2R1K3 b - - 0 14,vssf1_win_d8,5,-1.038,0.0,1.55,-0.65,quiet,1,0,0,0,
r2r1bk1/1p1q1p1n/2n1b2p/1Np5/2Pp2pN/1Q1P2P1/P2B1PBP/1RR3K1 w - - 1 25,vssf1_win_d8,0,0.012,0.0,0.84,0.31,quiet,0,0,0,0,
8/8/6p1/7p/3k3P/5P2/8/6K1 b - - 38 107,ksfull_ks,128,-0.524,0.0,-0.59,0.31,quiet,0,1,0,0,
8/4P1k1/6bp/4K3/7P/8/8/8 b - - 0 57,v3_s0,122,-4.598,0.0,-1.38,-0.49,quiet,2,2,0,0,
8/2P5/3np1k1/3p2p1/1p1P4/1P6/4K3/2R5 w - - 1 47,vssf1_win_d8,112,2.415,0.0,3.57,0.22,quiet,0,0,0,0,
6k1/8/8/1p1R4/3P1N1p/4PP1P/2K3P1/4r3 w - - 5 59,vssf1_win_d8,101,12.249,0.0,7.42,0.0,quiet,1,0,0,0,
2r5/6k1/np6/4R3/2P3pB/PP6/5PP1/6K1 b - - 0 44,vssf1_win_d8,96,5.955,0.0,4.08,1.83,quiet,0,1,0,0,
n5r1/5r1k/1pR3p1/p5Qp/3PP3/P7/1P3PPP/6K1 w - - 4 37,vssf1_win_d8,69,10.086,0.0,7.68,1.3,quiet,1,2,0,0,
5rk1/5p1p/p3P1p1/r2p2P1/P1q2P2/2p2NP1/1pQ5/1K2R3 b - - 0 30,vssf1_win_d8,48,-12.523,-3.6,-5.86,-2.67,ks,3,1,0,0,
2k5/pp4pp/2p2b2/2P2p2/1P4nP/4rN2/1r4P1/4R1KR w - - 0 30,vssf1_win_d8,69,-8.592,0.0,-8.78,-0.79,quiet,2,0,0,0,
4k3/rppn1p1p/2np2rB/5N2/2PP3Q/pP6/P3P1B1/5RK1 w - - 1 36,vssf1_win_d8,48,12.592,1.98,10.92,0.0,ks,1,3,0,0,
3r2k1/1p3ppp/p3pb2/q3B2R/P1rQ1P2/4P3/P3N1P1/1R1K1B2 b - - 1 21,vssf1_win_d8,21,0.142,-3.06,7.75,0.0,quiet,2,1,0,0,
rr4k1/1qpb1ppp/3p4/p1pPp3/P1P2nPb/1PN1P2P/2Q2PB1/1R2K2R w K - 0 23,vssf1_win_d8,16,-4.687,-1.26,-7.58,-3.2,quiet,2,1,0,0,
r1bqk1nr/1pp1ppbp/p2p2p1/8/3PP3/P1N5/1PP1BPPP/R1BQK2R w KQkq - 1 9,vssf1_win_d8,10,0.167,0.0,1.26,0.38,quiet,0,0,0,0,
r1br2k1/pp2bppp/2p2n2/4pq2/2PB4/P2P1B1P/1P3PP1/1NRQK1NR b K - 0 14,vssf1_win_d8,5,1.678,0.0,1.39,-0.26,quiet,0,0,0,0,
rnb2rk1/pp2bppp/1q1p1n2/2p1p1B1/2P5/2NP1NP1/PP1QPPBP/R3K2R b KQ - 6 8,vssf1_win_d8,0,1.046,0.0,0.08,-0.19,quiet,0,0,0,0,
8/8/P1k3pp/2p5/4P3/8/5KPP/8 b - - 0 43,ksfull_base,128,3.953,0.0,2.45,0.62,quiet,0,2,0,0,
8/8/4k3/8/8/5K2/3r4/8 w - - 3 62,v3_s0,117,-10.544,0.0,-53.5,0.0,quiet,1,0,0,0,
8/8/1kp5/8/1pPP4/1P1N2Kp/6b1/8 b - - 4 56,vssf1_win_d8,117,-0.948,0.0,0.81,0.8,ks,2,3,0,0,
5rk1/3R4/4p3/1p1p2p1/1P1P2Np/4PP1P/1P3KP1/8 w - - 1 49,vssf1_win_d8,101,9.165,0.0,8.11,1.88,quiet,2,1,0,0,
r4k2/8/2pb1p2/p7/R2Pp2p/1P6/P2BPP1P/6K1 w - - 0 33,vssf1_win_d8,96,2.086,0.0,1.24,0.15,quiet,1,0,0,0,
5r2/2p1k3/2n2p2/1p2pP2/p2pN1P1/P2P1B2/1PP2K1P/5R2 w - - 2 37,vssf1_win_d8,90,7.576,0.0,6.18,-0.13,quiet,1,2,0,0,
2Q2nk1/6b1/7p/B2p2p1/rP1p4/p2K1PPB/P6P/2R5 b - - 0 46,vssf1_win_d8,64,8.87,-1.65,13.31,0.0,ks,3,1,0,0,
2r1kb2/4n2Q/p3Pp2/2pq3p/P2P1B2/8/1P3PPP/R4RK1 b - - 0 21,vssf1_win_d8,37,8.509,3.96,8.22,4.71,quiet,1,2,0,0,
3k4/1pp2pNp/2np3B/r3n3/p1P3r1/3P4/PP1QP1B1/5RK1 w - - 4 31,vssf1_win_d8,48,9.444,0.0,10.5,0.0,quiet,1,1,0,0,
2bqk1nr/r4p1p/p2P1p2/p2Bp3/3pP3/1Q6/1P3PPP/R1BR2K1 w k - 0 20,vssf1_win_d8,21,2.972,1.26,5.28,3.77,quiet,0,2,0,0,
2r1k2r/p2qp3/1pnp2pb/2p2pN1/2P4P/PQNPP1n1/1P3P1P/R2R2K1 w k - 0 22,vssf1_win_d8,16,-1.877,0.0,-1.89,-0.03,quiet,1,1,0,0,
r1bqk2r/1pp1ppbp/p4np1/4p3/4P3/P1N2B2/1PPP1PPP/R1BQK2R w KQkq - 2 9,vssf1_win_d8,10,0.487,0.0,-0.52,0.08,quiet,1,0,0,0,
rnbqk2r/2b2pp1/ppp1p3/6N1/1PPPnP1p/P2B4/1B4PP/R2Q1RK1 w kq - 0 15,vssf1_win_d8,5,-1.101,0.0,-2.46,-0.14,quiet,1,1,0,0,
r1b1k2r/pppqbppp/2n2n2/4p3/2P5/P2PB2P/1P3PP1/RN1QKBNR w KQkq - 3 9,vssf1_win_d8,0,-0.208,0.0,-1.24,-0.15,quiet,0,0,0,0,
8/8/4k3/7p/7P/8/8/4K3 b - - 40 118,iir_s1,128,-0.232,0.0,-0.13,-0.11,quiet,0,0,0,0,
8/8/1k2p3/3n1p1p/7P/3p1p2/8/4K3 w - - 0 48,v3_s0,122,-17.93,0.0,-8.47,0.0,quiet,2,0,0,0,
8/8/1kp5/4N3/2PPb3/1P4Kp/8/8 b - - 4 59,vssf1_win_d8,117,1.008,0.0,1.67,1.15,ks,2,3,0,0,
8/6pp/p7/1p6/3Q4/1PP3Pk/P2K4/4rq2 w - - 14 41,vssf1_win_d8,74,-8.528,0.0,-8.67,-8.75,quiet,2,2,0,0,
6r1/k1p2p2/1r2p2p/8/4R3/P1P3P1/5P1P/4R1K1 b - - 2 31,vssf1_win_d8,85,0.945,0.0,0.88,0.77,quiet,0,0,0,0,
2r3k1/5ppp/p3p3/1p5r/2NP1P2/N7/PP1R3P/4K3 w - - 0 27,vssf1_win_d8,85,0.355,0.0,-1.47,-1.03,quiet,0,0,0,0,
4rkn1/2pR1pp1/1b6/p3P3/6Pr/P1B2P1p/1P5P/3R1K2 w - - 0 40,vssf1_win_d8,69,-4.407,0.0,-1.79,-0.69,quiet,2,1,0,0,
1k6/1p1r1rq1/pP4p1/B1npP2p/5P2/Q3PB2/P5PP/5RK1 b - - 1 37,vssf1_win_d8,37,0.396,0.0,2.08,0.84,quiet,0,1,0,0,
4k3/3n1p2/2qB2rp/pN3Q2/r3p3/6PP/PPP2P2/3RR1K1 b - - 3 24,vssf1_win_d8,26,11.904,3.96,13.03,8.43,quiet,0,2,0,0,
r1b3k1/ppp3p1/3p3b/8/1PPNq1pP/4Pr2/P2KN3/R5QR b - - 4 22,vssf1_win_d8,21,-6.395,-1.62,-3.3,-1.56,ks,3,0,0,0,
2r1kb1r/p1q2ppp/2p1b3/2p1N3/Q7/P1NP2P1/1P2PP1P/R1B1K2R w KQk - 1 13,vssf1_win_d8,16,6.452,0.0,5.23,-0.05,quiet,0,1,0,0,
r1b1k2r/ppppqppp/2n2n2/8/3P4/2PBBN2/P1P2PPP/R2QK2R b KQkq - 2 8,vssf1_win_d8,10,0.806,0.0,0.5,0.0,quiet,0,0,0,0,
rnq1k2r/p4ppp/bp2pn2/8/1bpP4/4P1P1/PP1N1PBP/R1BQ1RK1 w kq - 0 12,vssf1_win_d8,5,-1.941,0.0,-0.97,0.48,quiet,0,0,0,0,
r2qr1k1/pp1b1pbp/n2p1np1/2p1p3/2P1P3/1PNPBNPP/P2Q1PB1/3R1RK1 b - - 0 16,vssf1_win_d8,0,0.86,0.0,0.64,0.07,quiet,0,0,0,0,
8/8/4k2p/8/7P/5p2/5K2/8 b - - 2 96,iir_s1,128,-1.496,0.0,-0.42,-1.37,quiet,1,0,0,0,
8/6p1/5p1p/3p1P1P/2kb2P1/8/6K1/8 b - - 16 56,v3_s0,122,-10.048,0.0,-6.14,0.26,quiet,1,0,0,0,
8/1kr3p1/5p2/7Q/3P4/8/P4PPP/5K2 b - - 0 37,vssf1_win_d8,96,15.014,0.0,8.38,0.0,quiet,0,0,0,0,
8/6pp/p7/1p6/7Q/1PP3P1/P2K2k1/4rq2 w - - 16 42,vssf1_win_d8,74,-8.777,0.0,-10.4,-14.46,quiet,2,1,0,0,
6r1/k1p5/r3p2p/5p2/5R2/P1P3P1/5P1P/4R1K1 w - - 0 33,vssf1_win_d8,85,0.827,0.0,0.9,0.57,quiet,0,0,0,0,
2b1k3/R4p2/2p2Bp1/2r1P2p/7P/P2BKP2/8/8 b - - 0 45,vssf1_win_d8,90,7.141,0.0,7.12,4.46,quiet,0,2,0,0,
r2r4/4k3/2p3p1/1p2ppp1/4b3/2P1P1P1/2B1R3/2R1K3 b - - 1 40,vssf1_win_d8,74,-4.764,0.0,-4.74,-0.48,quiet,1,0,0,0,
r4k2/1p2Rp1r/2q3p1/p2p3p/3P4/1P1N2P1/P2Q1P1P/4R1K1 w - - 3 31,vssf1_win_d8,37,5.952,0.0,7.06,1.73,quiet,0,2,0,0,
1k6/1p1r1rq1/pP4p1/B1npP2p/5P2/3QPB2/P5PP/5RK1 w - - 0 37,vssf1_win_d8,37,3.782,1.98,1.29,1.03,quiet,0,1,0,0,
r3k1br/p2q4/6pp/4ppN1/2PP2n1/5Q2/PP3PPP/4RRK1 w - - 0 25,vssf1_win_d8,26,1.632,0.0,0.24,3.01,quiet,1,1,0,0,
r1b4r/pp2k1p1/4p3/2b1n3/3N2p1/1B2P3/PP4RP/R1BK4 b - - 3 19,vssf1_win_d8,53,0.302,0.0,-1.72,0.04,quiet,0,2,0,0,
r1bqkb1r/p4ppp/2p5/2p1p3/8/P2P2P1/1P2PP1P/RNBQK1NR w KQkq - 0 9,vssf1_win_d8,16,4.33,0.0,2.4,-1.01,quiet,0,0,0,0,
rnb2rk1/pp2ppb1/1q4pp/3p4/3P1B2/1PPB1N2/P4PPP/R2QK2R w KQ - 1 12,vssf1_win_d8,10,0.636,0.0,0.19,0.05,quiet,0,0,0,0,
r1bqk2r/1p1nppb1/p6p/3p2p1/PP6/2PBPNn1/5PPP/RN1QK2R w KQkq - 0 12,vssf1_win_d8,5,-2.669,0.0,-4.72,0.23,quiet,1,0,0,0,
r1q1r1k1/pp3pb1/n2p1npp/2p1p3/2P1P3/1PNPBNPb/P2Q1PB1/3R1RK1 w - - 0 19,vssf1_win_d8,0,0.552,0.0,-0.2,-0.43,quiet,1,0,0,0,
8/p4p2/4p1k1/P3K3/8/7P/6P1/8 b - - 1 49,iir_s1,128,-0.068,0.0,-0.13,0.46,ks,3,1,0,0,
8/8/8/6k1/3pBp1p/5P1K/6P1/8 b - - 1 80,v3_s0,122,5.212,0.0,2.65,-0.35,ks,3,3,0,0,
8/3k4/2p2b2/p1p2p1p/2Pp1PpP/PP1P2P1/5K2/4N3 b - - 28 56,vssf1_win_d8,117,0.606,0.0,0.48,0.15,quiet,2,0,0,0,
6k1/3R3p/1p2N1p1/3P4/8/4PK1P/6P1/1r6 w - - 3 39,vssf1_win_d8,101,10.095,0.0,9.08,2.69,quiet,0,2,0,0,
2r5/5p2/4pkp1/pp1pR2p/3P1P2/1Pr2P1P/P2R1K2/8 w - - 0 29,vssf1_win_d8,85,-3.03,0.0,-3.21,0.14,ks,1,3,0,0,
8/6pk/1p2R2p/3Q4/1P6/2B2P2/4K2b/6q1 b - - 3 39,vssf1_win_d8,64,8.892,0.63,5.54,-0.66,quiet,1,2,0,0,
6k1/4bpp1/2ppq1p1/p3p3/P1P1P1R1/1n6/1Q3P2/2NK4 b - - 0 32,vssf1_win_d8,58,-5.672,-1.02,-3.04,-1.78,quiet,1,0,0,0,
r5k1/1p3R1r/3q2p1/p2pN2p/3P1Q2/1P4P1/P4P1P/4R1K1 b - - 0 33,vssf1_win_d8,37,10.972,3.24,9.61,4.64,ks,0,3,0,0,
6k1/pr1r3p/3pq1pB/1Np1Pp2/2P5/P5PB/6KP/1R1QR3 b - - 0 26,vssf1_win_d8,26,10.02,0.0,12.07,0.0,quiet,0,1,0,0,
5r1r/p2bk1p1/1p2p3/2b1n3/3N2p1/PB2P3/1P3R1P/R1BK4 w - - 1 22,vssf1_win_d8,53,-0.053,0.0,-2.38,0.19,ks,0,3,0,0,
3rk3/pP1np1b1/BqpB2p1/3p1b1p/3P3P/1N2PP2/1PP4Q/R1K3R1 b - - 0 26,vssf1_win_d8,21,8.982,1.62,9.85,0.72,quiet,1,1,0,0,
5rk1/6bp/Q1p1q1p1/2Pp1p1n/P2Pp1bP/4B1P1/r2NPPB1/1R2K2R w K - 0 21,vssf1_win_d8,10,0.739,0.0,-0.92,-0.28,quiet,2,0,0,0,
r3kb1r/1p3ppp/p1np4/q1pn1b2/2PP4/1P3N2/P3BPPP/R1BQ1RK1 w kq - 0 11,vssf1_win_d8,5,-1.597,0.0,-2.41,0.04,quiet,0,0,0,0,
1r1qkb1r/Q1pn1pp1/4p3/3p1b1p/3Pn3/2P2N2/PP2BPPP/RNB1K2R w KQk - 0 9,vssf1_win_d8,0,-0.231,0.0,0.34,-0.02,quiet,1,0,0,0,
8/8/3p4/2p4p/3k3P/8/3K4/8 w - - 0 91,iir_s1,128,-7.032,0.0,-2.8,-0.43,quiet,1,1,0,0,
8/8/8/6k1/3pBp1p/5P2/6P1/6K1 b - - 19 89,v3_s0,122,5.039,0.0,2.01,-0.09,quiet,0,2,0,0,
8/2b1k3/2p5/p1p2p1p/2Pp1PpP/PP1P2P1/2NK4/8 b - - 36 60,vssf1_win_d8,117,0.813,0.0,0.44,0.05,quiet,1,0,0,0,
8/1n2rp1p/1p3pp1/p7/2k3PP/2PR4/2PB1PK1/8 b - - 1 34,vssf1_win_d8,96,-1.84,0.0,-1.92,5.38,ks,0,4,0,0,
3b2k1/1b1q3p/3Pp2p/8/p7/Q4RP1/6K1/8 b - - 0 53,vssf1_win_d8,64,-6.161,0.0,-4.94,-0.6,quiet,1,1,0,0,
q4k1r/2p1n3/1pBp1p1p/6pQ/4P3/4B3/1PP2PPP/6K1 w - - 0 21,vssf1_win_d8,58,6.619,1.17,-0.1,1.36,quiet,0,2,0,0,
5r2/1p1q2k1/4bp2/1P2p3/r1p1P3/5PP1/6B1/2R1Q1K1 b - - 3 39,vssf1_win_d8,42,-6.668,0.0,-7.75,-0.89,quiet,0,0,0,0,
4r1k1/R1PNnpp1/3np2r/7p/3P4/4PB2/3K1PPP/1R6 w - - 3 32,vssf1_win_d8,64,4.596,0.0,5.09,-1.0,quiet,0,1,0,0,
6k1/1p3p1p/4b1p1/8/2pP4/r1N1bN1P/2qR2P1/4BK1R b - - 3 29,vssf1_win_d8,48,-5.712,0.0,-6.59,-0.59,quiet,1,0,0,0,
1r1qk2r/1p3pp1/p1n1p1p1/2bp4/6P1/P3PQ1P/1PPN1P2/R1BK3R w k - 0 15,vssf1_win_d8,21,-0.836,0.0,-1.54,-0.2,quiet,0,1,0,0,
r4Nk1/1p2n1b1/pqnp2p1/4p3/2P5/3P2P1/PP1BPPB1/R2QK2R b KQ - 0 19,vssf1_win_d8,21,9.21,1.8,8.31,0.0,quiet,1,2,0,0,
2q2rk1/QR5p/2p3pb/2Pp4/r2PpnbP/4B3/3NPP2/3K1B1R w - - 0 26,vssf1_win_d8,10,4.609,-1.62,-6.27,-5.16,quiet,2,1,0,0,
1r3rk1/2p1qpp1/2Bb1n2/3p1b2/QP1p3p/P1P1BNnP/5PP1/RN2K1R1 w Q - 0 19,vssf1_win_d8,0,-4.736,-3.24,-5.0,-3.14,quiet,1,0,0,0,
8/5p2/5p2/8/2K3k1/8/8/8 w - - 10 45,gnt_passer_o,128,-4.815,0.0,-1.39,0.23,quiet,0,0,0,0,
8/7p/1kp2p2/8/1P5P/5P2/5K2/r7 w - - 0 42,t11_d12,117,-9.962,0.0,-6.97,-1.22,quiet,1,1,0,0,
8/2b1k3/2p5/p1p2p1p/2Pp1PpP/PP1P2P1/2N5/4K3 w - - 35 60,vssf1_win_d8,117,0.642,0.0,-0.02,0.05,quiet,0,0,0,0,
3k4/3r4/6pp/P2B1p2/2PP4/8/5PPP/R5K1 w - - 0 38,vssf1_win_d8,101,12.18,0.0,7.38,0.0,quiet,0,0,0,0,
8/p4p1p/Ppk1rpp1/8/2nB2P1/2P4P/2P2PK1/R7 b - - 2 26,vssf1_win_d8,96,-0.761,0.0,-0.83,0.51,quiet,0,2,0,0,
3r2k1/1R6/3rpp2/p5pp/2B5/1P1pKP2/P5PP/3R4 b - - 3 32,vssf1_win_d8,80,2.912,0.0,3.76,-0.93,ks,3,1,0,0,
5rk1/2p2ppp/4p3/3n4/1p1q4/5Q2/5N1P/5R1K b - - 1 42,vssf1_win_d8,53,-10.45,0.0,-6.71,-0.62,quiet,0,1,0,0,
5r2/1p4k1/4bp2/1P2p3/2pqP3/2R2PP1/r5B1/4QK2 b - - 7 41,vssf1_win_d8,42,-8.386,-1.8,-9.2,-2.43,quiet,2,0,0,0,
1q1b1k1r/5pp1/p2p1n2/1p5p/1NP5/5P2/PP2QP1P/4RRK1 b - - 1 27,vssf1_win_d8,37,3.679,0.0,2.83,0.21,quiet,0,1,0,0,
r2q1rk1/4b1pp/p2p4/n1pPpp2/2P4P/P2PP1P1/P1Q3B1/1R2K2R w K - 0 19,vssf1_win_d8,26,-3.57,0.0,-2.98,-0.4,quiet,0,0,0,0,
rn1qk2r/pb3ppp/1p1p4/3p4/3P4/P3PN2/1P3PPP/R2QKB1R w KQkq - 1 11,vssf1_win_d8,21,0.779,0.0,2.95,1.73,quiet,0,0,0,0,
r1bqr1k1/1p2bpp1/2p4p/1B1pQ3/p7/P1P5/1P1N1PPP/R1B1K2R b KQ - 0 16,vssf1_win_d8,16,1.445,0.0,-0.74,0.12,quiet,0,1,0,0,
rnb1kb1r/5ppp/p2pp1q1/2pPP3/2B5/1P3N2/P2B1PPP/R2Q1RK1 b kq - 0 14,vssf1_win_d8,10,0.922,0.0,2.59,0.01,quiet,1,0,0,0,
rn1q2r1/bp3k1p/2pp1n2/p5B1/N3PQbP/P2P2P1/1PP2PB1/R3K2R b KQ - 2 15,vssf1_win_d8,5,3.842,2.52,2.03,1.01,quiet,2,2,0,0,
rn1qkb1r/1pp2pp1/4pn1p/p2pNb2/3P4/1QP1B1P1/PP2PP1P/RN2KB1R b KQkq - 1 7,vssf1_win_d8,0,0.727,1.44,0.81,0.68,quiet,0,1,0,0,
8/5p2/5p2/8/5kP1/8/1K6/8 w - - 1 39,gnt_passer_o,128,-0.929,0.0,-1.84,-0.36,quiet,0,1,0,0,
8/3r4/5pk1/R4p2/2R4p/1P5P/P3KPP1/8 b - - 4 53,vssf1_win_d8,96,13.51,0.0,7.89,0.0,quiet,1,1,0,0,
3B4/8/8/4pp2/2k1n3/8/1p6/rR4K1 w - - 2 45,vssf1_win_d8,96,-7.898,0.0,-7.25,-1.46,quiet,1,0,0,0,
3r2k1/1R6/2r1pp2/pB4pp/3p4/1P3P2/P5PP/4R1K1 b - - 1 28,vssf1_win_d8,80,2.849,0.0,3.98,0.65,quiet,0,1,0,0,
6r1/1p1kpp2/p7/P3Pp1Q/1Pp1q2N/2P4P/3r2P1/5R1K b - b3 0 37,vssf1_win_d8,48,2.817,1.62,-3.37,-0.68,ks,3,1,0,0,
r7/pbpk3r/8/2p1RpBp/2Np2p1/P2P2P1/1PP2K1P/R7 b - - 0 25,vssf1_win_d8,69,6.081,0.0,4.62,1.14,ks,3,3,0,0,
r5k1/1pB3b1/4pnnp/3p4/Pp1P2P1/4PB2/1P1N4/4K2R b - - 0 27,vssf1_win_d8,74,1.08,0.0,0.23,0.14,quiet,0,0,0,0,
1r3rk1/6pp/p2p1b1q/n1pPp3/2P5/P2PpBP1/P3Q3/1R2KR2 w - - 8 28,vssf1_win_d8,26,-10.289,-3.24,-7.9,-3.36,quiet,1,0,0,0,
r2k1n1r/1b2q2p/1p1p1p2/pB1p2p1/3P4/PQ2PN2/1P3PPP/2R2RK1 w - - 0 19,vssf1_win_d8,21,3.328,1.62,3.47,1.86,quiet,0,2,0,0,
2k4r/2Pr1pp1/p1Rbq2p/4Bb2/P2p3P/3N2P1/4PPB1/3Q1RK1 b - - 4 27,vssf1_win_d8,16,5.535,3.96,13.62,5.73,quiet,0,2,0,0,
rnb1kb1r/pp1ppppp/5q2/2pP4/4P3/1P3N2/P2B1PPP/R2QKB1R b KQkq - 0 9,vssf1_win_d8,10,-0.557,0.0,1.57,0.08,quiet,0,0,0,0,
r3kbr1/1pqb1Npp/p2p1B2/4pp2/3nP3/1BN5/PPP2PPP/R2Q1RK1 b - - 0 16,vssf1_win_d8,5,3.685,1.26,7.31,3.62,ks,0,3,0,0,
r2qkb1r/1ppn1pp1/4pn1p/p2pNb2/3P4/2P1B1P1/PP1NPP1P/R2QKB1R w KQkq - 2 8,vssf1_win_d8,0,-0.708,0.0,0.25,-0.25,quiet,0,1,0,0,
8/8/6p1/5p2/3K2k1/8/8/8 b - - 2 99,gnt_passer_o,128,-6.398,0.0,-2.24,0.51,quiet,1,0,0,0,
8/5p2/8/2r5/4k3/8/3K4/8 w - - 9 65,t11_d12,117,-12.407,0.0,-54.64,0.0,quiet,2,1,0,0,
1k5r/1p4R1/2p5/2Pp1P2/8/2PKP3/PP6/8 b - - 0 46,vssf1_win_d8,106,6.793,0.0,4.87,0.15,quiet,1,1,0,0,
8/4kpp1/p3p2p/1p1pP2P/4nP2/P3P1r1/4R2K/8 w - - 1 37,vssf1_win_d8,101,-10.489,0.0,-8.11,-0.92,quiet,2,1,0,0,
8/8/2k2pp1/1pp1p3/4n1P1/2P1R3/r7/4B1K1 b - - 1 36,vssf1_win_d8,96,-6.961,0.0,-4.98,-0.58,quiet,2,0,0,0,
3r3k/2R5/8/4p3/p1Br2p1/PP6/3p1KPP/3R4 b - - 5 41,vssf1_win_d8,80,4.404,0.0,4.44,0.37,quiet,2,2,0,0,
4qk1r/Q3b3/6p1/3B1p1p/2P2P2/4R2P/PP4K1/8 b - - 0 28,vssf1_win_d8,53,4.392,1.95,3.7,1.29,ks,0,3,0,0,
2r1k3/5p2/pp1ppQ2/4r3/P1P5/1P2qPNp/3R4/3R1K2 b - - 3 36,vssf1_win_d8,37,0.424,-0.9,3.6,1.29,quiet,2,1,0,0,
4n1k1/6b1/1B2p1np/3p4/rp1P2P1/4PB2/1P1N4/4K2R b - - 0 30,vssf1_win_d8,74,0.902,0.0,0.97,0.07,quiet,0,0,0,0,
r4rk1/6pp/p2p2q1/n1pPp3/2P2p1b/P2PPBP1/P3Q3/1R2K1R1 b - - 1 23,vssf1_win_d8,26,-8.185,-1.62,-4.49,-1.67,quiet,0,0,0,0,
r2k1n1r/1b2q2p/1pBp1p2/p2p2p1/3P4/PQ2PN2/1P3PPP/2R2RK1 b - - 1 19,vssf1_win_d8,21,5.645,2.16,4.49,2.78,quiet,0,1,0,0,
rnb1kb1r/pp1ppppp/5q2/2pP4/8/1P3N2/P2BPPPP/R2QKB1R w KQkq - 2 9,vssf1_win_d8,10,-0.364,0.0,0.52,-0.04,quiet,0,0,0,0,
q2r2k1/1bp2p1p/2n1p1pP/2b1P3/2N5/1nP2N2/r1Q2PP1/1R2KB1R w K - 6 27,vssf1_win_d8,5,-2.439,0.54,-9.87,-3.25,ks,3,1,0,0,
r1bqkb1r/pp3ppp/1n3n2/2pP4/3Pp3/2N1P2P/PP2BPP1/R1BQK1NR w KQkq - 1 8,vssf1_win_d8,0,-0.263,0.0,1.42,0.2,quiet,0,0,0,0,
8/6p1/5p2/p2k2p1/1p6/3K1P1P/1P4P1/8 w - - 2 46,gnt_passer_o,128,-1.486,0.0,-1.49,-0.15,quiet,2,2,0,0,
8/8/1B2kp2/p2p3p/P3pK2/7p/5PP1/8 w - - 0 43,sfelo2400_mob,122,-0.918,0.0,-1.09,-0.45,ks,5,1,0,0,
1k6/1p4R1/2p2P2/2Pp4/8/2PKP3/PP5r/8 b - - 0 47,vssf1_win_d8,106,6.182,0.0,7.14,0.74,quiet,2,1,0,0,
8/4kpp1/4p2p/p2pP2P/1P2nP2/4Pr2/4R2K/8 b - - 0 43,vssf1_win_d8,101,-9.766,0.0,-7.4,-0.5,quiet,2,1,0,0,
2r3k1/1p3ppp/p7/1P1p2q1/P2P4/2n2R1P/6P1/3R3K w - - 0 37,vssf1_win_d8,69,-14.923,0.0,-11.99,0.0,quiet,1,1,0,0,
4q1kr/5np1/p3p1Qp/2p1N3/P7/2P1P3/2P2PPP/3R2K1 b - - 4 27,vssf1_win_d8,53,0.455,1.47,3.8,1.98,quiet,0,2,0,0,
5rk1/1p2p1bp/4b1p1/3pN3/3P2P1/2P1P3/2qNKP2/R6R b - - 0 31,vssf1_win_d8,53,-9.331,-1.8,-8.35,-1.86,quiet,2,2,0,0,
5rk1/1pq1rppp/p1pb4/3p4/NP1PB3/P3P1PP/2Q2P2/1R1R2K1 b - - 0 23,vssf1_win_d8,26,2.743,0.0,3.07,0.09,quiet,0,1,0,0,
r2qk2r/1b1n3p/1p1p1pp1/p2p4/Q2P4/P2BPN2/1P3PPP/R4RK1 b kq - 1 15,vssf1_win_d8,21,1.49,0.0,2.29,0.94,quiet,0,1,0,0,
r1r3k1/1b5p/1B1qn1pQ/pB1p1p2/8/P4N2/1P3PPP/R4RK1 w - - 0 26,vssf1_win_d8,16,4.474,0.0,4.41,0.69,quiet,1,1,0,0,
r1b1k2r/pp1pp2p/n4qp1/2pPbp2/R1N5/1P1QP1N1/5PPP/4KB1R w Kkq - 10 20,vssf1_win_d8,10,-2.193,0.0,-1.01,0.87,quiet,0,0,0,0,
q2r2k1/1bp2p1p/2n1p1pP/r1b1P3/2N5/1nPQ1N2/5PP1/1R2KB1R w K - 4 26,vssf1_win_d8,5,-2.537,0.36,-7.09,-1.15,quiet,2,1,0,0,
r1bqk2r/pp1n1ppp/3bp3/3n4/3P4/P2B1N2/1PQ2PPP/RNB1K2R b KQkq - 0 10,vssf1_win_d8,0,0.186,0.0,-1.41,-0.47,quiet,0,0,0,0,
8/6p1/5p2/p2k2p1/1p6/1P1K1P1P/6P1/8 b - - 0 46,gnt_passer_o,128,-1.418,0.0,-1.76,-0.11,ks,2,3,0,0,
6n1/7P/6p1/k7/8/4PK1P/P2P4/8 b - - 0 50,sfelo2400_mob,122,5.833,0.0,7.3,0.38,quiet,0,0,0,0,
8/2p5/2k5/2P1R1pp/4p1r1/P7/8/7K b - - 3 46,vssf1_win_d8,106,-5.32,0.0,-4.39,-1.0,quiet,1,2,0,0,
5k2/5pp1/p3p2p/1p1pP3/4nP1P/P3P1r1/4R2K/8 w - - 0 36,vssf1_win_d8,101,-10.2,0.0,-6.92,0.0,quiet,2,0,0,0,
3r2k1/1R5R/5p1p/6p1/p3P3/P2p1P2/1P1K1PbP/8 w - - 6 41,vssf1_win_d8,90,1.793,0.0,4.84,2.79,quiet,2,2,0,0,
3nqk1r/6p1/p3p2p/2p1p3/P1N3Q1/2P1P3/2P2PPP/R5K1 w - - 0 25,vssf1_win_d8,53,4.175,1.29,4.22,2.56,quiet,0,1,0,0,
8/5k2/4b3/p3bp1p/P7/BP1Bn1P1/4R2P/5RK1 b - - 1 33,vssf1_win_d8,80,7.923,0.0,9.01,0.0,quiet,1,1,0,0,
r5k1/7p/1b2N1p1/p4p2/1q1p1P2/2nP2PP/2PN1Q1K/4R3 w - - 3 40,vssf1_win_d8,42,-1.726,0.0,0.26,0.54,quiet,0,1,0,0,
r1r3k1/p1npqp1p/5p2/Q3p3/1PP4N/6P1/4PPbP/2RR2K1 w - - 0 20,vssf1_win_d8,26,-2.23,0.0,-2.65,-0.17,quiet,1,0,0,0,
2rq1rk1/p3nppp/1p1ppn2/1B6/3P3P/P1N1PP2/1PQ2P2/2R1K2R w K - 5 16,vssf1_win_d8,21,0.342,0.0,-0.55,-0.46,quiet,0,1,0,0,
r3r1k1/1b2q2p/1B1pn1pQ/pBPp1p2/8/P4N2/1P3PPP/R4RK1 b - - 1 24,vssf1_win_d8,16,3.43,0.0,5.68,0.64,quiet,0,1,0,0,
rnb1k2r/pp1pp2p/1q4p1/2pPbp2/R7/1P1QP1N1/3N1PPP/4KB1R b Kkq - 7 18,vssf1_win_d8,10,-2.188,0.0,-0.76,0.79,quiet,0,0,0,0,
r3k2r/1ppb1pp1/p1Nqpn1p/2bp4/Q2P4/6P1/PP1NPPBP/R1B1K2R w KQkq - 1 11,vssf1_win_d8,5,2.43,0.0,2.37,-0.15,quiet,0,1,0,0,
rnbqk2r/2b2pp1/ppp1pn2/3p3p/1PPP4/P2BPN2/1B1N1PPP/R2QK2R w KQkq - 1 10,vssf1_win_d8,0,0.477,0.0,1.27,0.26,quiet,0,0,0,0,
8/p4pp1/8/4k1p1/2K1P3/6PP/P7/8 b - - 0 50,gnt_passer_o,128,0.011,0.0,-1.25,-0.03,ks,1,3,0,0,
8/8/1k6/2p1p3/8/pP1K1P2/P2N4/8 b - - 3 92,sfelo2400_mob,122,7.048,0.0,3.92,-0.33,quiet,2,0,0,0,
8/8/2p5/2P1R1pp/2k1p1r1/P7/8/7K w - - 2 49,vssf1_win_d8,106,-5.444,0.0,-4.68,-2.3,quiet,1,2,0,0,
4k3/R7/5p2/6p1/pN2P1P1/5P2/1r4P1/4K3 b - - 0 50,vssf1_win_d8,101,4.936,0.0,4.56,0.48,quiet,1,1,0,0,
8/1p5p/4k2b/2p1p3/4P3/3r4/1R2K3/4R3 b - - 3 46,vssf1_win_d8,90,-3.721,0.0,-0.84,-2.57,quiet,2,1,0,0,
5k2/3P2r1/3q1p2/p1N3p1/5PPp/PP2R2P/6QK/8 b - - 0 35,vssf1_win_d8,58,8.513,3.69,13.97,15.54,quiet,1,2,0,0,
1r4k1/7p/p2p2p1/2p1bb2/P1P5/2NP3P/R2K2B1/8 b - - 1 32,vssf1_win_d8,85,-1.85,0.0,-2.92,-0.96,quiet,2,0,0,0,
2r3k1/p2b2b1/p5p1/3pp1N1/6P1/1Pn1P3/3N1P2/2R1K3 w - - 0 32,vssf1_win_d8,80,-8.913,0.0,-6.27,0.15,quiet,1,1,0,0,
4r1k1/7p/1b2N1p1/p4p2/1qNpnP2/3P2PP/2P4K/4R1Q1 w - - 7 42,vssf1_win_d8,42,-1.064,0.0,0.22,0.24,quiet,1,1,0,0,
1rkqR2r/1p2bp2/p4N1p/2pP1b2/P6Q/1P6/2PP1PPP/R5K1 w - - 2 25,vssf1_win_d8,26,0.659,0.0,1.65,1.59,quiet,0,2,0,0,
2kr2nr/1p3ppp/1pnp4/8/3NPPb1/3R2P1/PPP3BP/R1B3K1 b - - 2 17,vssf1_win_d8,53,2.642,0.0,3.36,0.01,quiet,0,0,0,0,
r2rb1k1/1p3ppp/2pnpb2/8/p2P4/P2RnNPP/1P2NPB1/2R3K1 w - - 0 27,vssf1_win_d8,48,-4.439,0.0,-5.36,-0.27,quiet,1,0,0,0,
rnb1k2r/1pp2pp1/3p3p/p1bP4/4N3/q5PN/P1P1PPBP/R2Q1RK1 w kq - 2 11,vssf1_win_d8,10,-0.442,0.0,0.45,-0.62,quiet,1,0,0,0,
r1bq1rk1/ppp1bppp/4pn2/3pn3/2PP4/6P1/PPQNPP1P/R1B1KB1R w KQ - 0 8,vssf1_win_d8,5,-2.102,0.0,-4.49,-0.38,quiet,0,1,0,0,
rnbqkb1r/5pp1/ppp1pn2/3p3p/1P1P4/P3PN2/1BPN1PPP/R2QKB1R w KQkq - 0 8,vssf1_win_d8,0,0.287,0.0,0.57,0.18,quiet,0,0,0,0,
8/p5p1/8/1K3pp1/4k3/6PP/P7/8 w - - 0 52,gnt_passer_o,128,-1.352,0.0,-1.89,-0.42,quiet,1,1,0,0,
8/8/2N5/3k4/6p1/4K1P1/8/8 b - - 0 87,sfelo2400_mob,122,4.197,0.0,2.08,0.78,quiet,2,2,0,0,
8/1n6/1B2k3/4p2p/2p1P3/2K2P2/1PP3PP/8 w - - 14 45,vssf1_win_d8,117,8.326,0.0,4.87,-0.32,quiet,2,1,0,0,
6k1/pp6/7p/4n2p/1PP2Q2/r7/2P2PPP/4K3 w - - 0 30,vssf1_win_d8,90,11.534,0.0,5.59,0.4,quiet,0,1,0,0,
2k4r/3R1pp1/2B1p2p/p1B5/8/1P6/P4PPP/6K1 w - - 1 28,vssf1_win_d8,96,13.441,0.0,9.19,0.0,quiet,0,2,0,0,
8/1p2b2p/1P2kp2/N3pp2/p3nP1P/P3P1P1/2r5/3RK3 b - - 3 35,vssf1_win_d8,90,-7.986,0.0,-7.09,-0.84,quiet,2,2,0,0,
8/6k1/p2p2pp/P1p2b2/2Pb4/1r1P3P/R2K1NB1/8 w - - 1 36,vssf1_win_d8,85,-3.382,0.0,-3.78,-2.52,ks,3,0,0,0,
2r3k1/p5b1/p5p1/3pp1N1/6b1/1Pn1PN2/5P2/2R1K3 w - - 0 33,vssf1_win_d8,80,-9.838,0.0,-7.06,0.15,quiet,1,1,0,0,
4r1k1/7p/1b2N1p1/p4p2/1qNpnP2/3P2PP/2P4K/1R4Q1 b - - 8 42,vssf1_win_d8,42,-5.229,0.0,1.31,0.25,quiet,1,1,0,0,
1rkqRb1r/1p3p2/p4N1p/2pP1b2/P6Q/1P6/2PP1PPP/R5K1 b - - 1 24,vssf1_win_d8,26,0.802,1.44,2.18,2.05,quiet,0,2,0,0,
1n3rk1/3bQ3/pqpNp1p1/R3Pp1r/1P1P3B/7P/5PP1/4R1K1 w - - 1 35,vssf1_win_d8,21,4.29,2.34,4.6,4.04,quiet,0,2,0,0,
r4knr/1p1pq2p/2nN1pp1/p2Q4/5B2/6P1/PP2PPBP/R2R2K1 b - - 4 18,vssf1_win_d8,16,7.631,0.0,9.33,1.72,quiet,0,2,0,0,
2b2knr/R1Qn1pb1/4pq1p/1N1p2p1/1p2P3/3PB2P/1PP1BPP1/5RK1 b - - 1 24,vssf1_win_d8,16,6.85,0.0,7.46,1.83,quiet,1,0,0,0,
r1bq1rk1/pp2ppBp/n5p1/7n/2P5/1Q3NPP/P2NPP2/R3KB1R b KQ - 0 13,vssf1_win_d8,5,3.554,0.0,4.67,0.4,quiet,1,1,0,0,
rnbq1rk1/5ppp/2pbpn2/p2p4/3P1P2/PNBBP3/2P3PP/R2QK1NR b KQ - 1 11,vssf1_win_d8,0,0.071,0.0,-1.45,-0.27,quiet,0,1,0,0,
8/7p/7P/5k2/5p2/8/3pp2K/8 b - - 1 48,gnt_passer_o,128,-14.226,0.0,-18.28,0.26,quiet,1,0,0,0,
5K2/5P2/5R2/6k1/7p/8/8/8 w - - 0 84,sfelo2400_mob,117,10.77,0.0,4.72,0.92,quiet,0,1,0,0,
1n4k1/4B3/8/4p2p/2p1P3/5P2/1PP3PP/6K1 w - - 0 38,vssf1_win_d8,117,7.106,0.0,4.54,0.74,quiet,0,1,0,0,
6k1/pp6/7p/r3n2p/2P2Q2/P7/1PP2PPP/4K3 w - - 1 29,vssf1_win_d8,90,10.911,0.0,7.15,2.9,quiet,0,1,0,0,
8/1r4p1/RpB1p1kp/4K3/4PP2/P7/bP5P/8 b - - 8 34,vssf1_win_d8,96,1.172,0.0,3.03,0.16,ks,4,3,0,0,
r5k1/3pQ1p1/b1p2pr1/8/p4P2/P3R2p/1P2PP1P/3R1K2 w - - 3 35,vssf1_win_d8,58,10.935,0.0,7.93,0.0,ks,3,1,0,0,
r3r1k1/2Pq1p1p/3P2p1/2B1R3/p2P4/4QPR1/1PP2K1P/8 b - - 2 28,vssf1_win_d8,37,6.333,0.0,8.22,0.0,quiet,0,0,0,0,
2r2rk1/pp2bpp1/4p1p1/8/6P1/P3Q2P/1BP2P2/2KR1B1q w - - 0 25,vssf1_win_d8,37,-1.979,0.0,-2.72,-0.47,quiet,1,1,0,0,
1r2k2r/p2qbp2/Q1pp2p1/7p/5B2/5NP1/PP3P1P/2R2RK1 w k - 3 21,vssf1_win_d8,26,4.154,0.0,3.33,0.15,quiet,0,0,0,0,
r4rk1/p1q2pp1/n6p/2Ppp3/3Nn3/P3P2P/1PQB1PP1/R3K2R w KQ - 0 16,vssf1_win_d8,21,0.974,0.0,0.05,-0.2,quiet,1,0,0,0,
4k2r/1r1q1p2/2Npp1pp/1B1b4/Q7/P3B2P/1b3PP1/R4RK1 b k - 0 25,vssf1_win_d8,16,2.935,0.0,4.61,1.81,quiet,1,1,0,0,
N1bk2nr/R2n1pb1/3ppq1p/1p4p1/1p2P3/3PB2P/1PP1BPP1/Q4RK1 w - - 4 21,vssf1_win_d8,16,3.295,1.26,7.65,5.02,quiet,1,2,0,0,
r1bqk2r/1p2pp1p/5npb/p1p1n3/2N5/1P1P2P1/PB2PPBP/R2QK2R w KQkq - 0 11,vssf1_win_d8,5,-1.707,0.0,-3.38,-0.79,quiet,1,0,0,0,
rn1qk2r/p3bppp/bpp1pn2/3p4/2PP4/4PNP1/PP1N1PBP/R1BQ1RK1 b kq - 3 8,vssf1_win_d8,0,-0.225,0.0,1.43,-0.08,quiet,0,0,0,0,
3k4/5p1p/6p1/3pp3/6P1/7P/5PK1/8 b - - 1 34,gnt_passer_o,128,-5.126,0.0,-2.63,0.69,quiet,0,0,0,0,
8/1p6/1K2k3/8/8/4N3/8/8 b - - 17 75,sfelo2400_mob,122,6.683,0.0,-0.13,-0.23,quiet,1,1,0,0,
5nk1/5ppp/p7/P5P1/7P/8/1p6/4B2K w - - 0 56,vssf1_win_d8,117,-5.966,0.0,-6.76,-0.62,quiet,0,0,0,0,
5r2/5kp1/4p3/3p4/1P4p1/3r4/5P2/1K2R3 w - - 0 33,vssf1_win_d8,96,-11.91,0.0,-8.06,0.0,quiet,0,1,0,0,
6B1/2r5/pp4R1/7b/2P5/8/5kp1/2K5 w - - 0 56,vssf1_win_d8,96,-5.401,0.0,-5.35,1.48,quiet,1,1,0,0,
3Bn1kr/1p1R2pp/4p3/5Q2/P7/4PP2/1PP3P1/6K1 b - - 0 31,vssf1_win_d8,74,10.361,0.0,15.11,0.0,quiet,0,2,0,0,
8/pp4k1/4p1p1/4p3/bpPnP3/P2P2p1/1Q4B1/4KNq1 b - - 0 37,vssf1_win_d8,64,-6.552,-2.16,-10.06,-11.33,ks,4,0,0,0,
r3r1k1/2P2p1p/3P2p1/1qB1R3/p2P4/4QPR1/1PP2K1P/8 w - - 3 29,vssf1_win_d8,37,6.236,0.0,8.23,0.0,quiet,1,0,0,0,
3r1k1r/2R1n3/4qp1p/4p2B/pQ6/4P1P1/PP3P1P/2R3K1 b - - 5 27,vssf1_win_d8,32,4.676,1.8,6.56,2.33,ks,0,3,0,0,
2rq1rk1/pp3pp1/7p/P2p4/3npP1P/3P1nP1/1P3P2/R1BQ1K1R b - - 0 24,vssf1_win_d8,26,-6.515,0.0,-9.04,-2.9,quiet,2,0,0,0,
r1q2k2/5p2/2p1pnp1/1PPpNb1r/P2P3p/2Q1P2P/3N1PP1/R4RK1 b - - 0 24,vssf1_win_d8,21,2.852,0.0,5.45,0.81,quiet,0,1,0,0,
r3k1nr/pp5p/3p2p1/2qNbPB1/3p2Q1/6P1/PP3PBP/2R2RK1 b kq - 0 15,vssf1_win_d8,16,8.822,1.62,12.46,5.0,quiet,0,2,0,0,
2kr3r/pp3pbp/2n2np1/q1p1p3/N1P5/1Q2BBP1/PP2PP1P/R4RK1 w - - 0 13,vssf1_win_d8,10,3.3,1.8,1.62,1.83,quiet,0,1,0,0,
r1b2rk1/1p2ppbp/3p2p1/p1qP3n/2P1P1n1/PQ1B1NP1/R6P/1N2K1R1 b - - 0 20,vssf1_win_d8,5,-9.375,-1.98,-10.61,-3.76,quiet,2,0,0,0,
rnbq1rk1/p3bppp/1pp1pn2/3pN3/2PP4/4P1P1/PP3PBP/RNBQK2R w KQ - 2 8,vssf1_win_d8,0,0.4,0.0,-0.11,-0.39,quiet,0,1,0,0,
8/5k2/5p2/6pp/8/6P1/5K2/8 b - - 1 63,gnt_passer_o,128,-5.163,0.0,-2.09,-0.02,quiet,0,0,0,0,
3r4/8/8/1P2k3/8/4K3/8/8 b - - 0 106,sfelo2400_mob,117,-8.031,0.0,-6.46,0.0,quiet,2,1,0,0,
2k5/p1n5/1p2p3/4P1p1/1P1R4/P4P1P/5P2/6K1 w - - 1 36,vssf1_win_d8,112,7.164,0.0,4.93,0.46,quiet,0,1,0,0,
8/8/R1K4k/1P4p1/7p/r7/P3R3/8 b - - 1 58,vssf1_win_d8,96,8.336,0.0,6.51,0.05,quiet,0,0,0,0,
8/6rp/ppb2R2/6pP/2P5/4k3/8/2KB4 b - - 5 49,vssf1_win_d8,96,-5.198,0.0,-2.22,2.05,ks,1,3,0,0,
4R3/3r2kp/1p4p1/3B1b2/2P5/1N6/7P/6K1 w - - 0 45,vssf1_win_d8,90,5.352,0.0,2.95,2.27,quiet,0,2,0,0,
4n1kr/2n2pp1/7p/8/1PP3B1/R3B3/P4PPP/6K1 w - - 1 38,vssf1_win_d8,85,8.155,0.0,6.49,0.15,quiet,0,0,0,0,
r3r1k1/2Pq1p1p/3P2p1/2B1R3/p2P4/5PR1/1PPQ1K1P/8 w - - 1 28,vssf1_win_d8,37,6.157,0.0,8.22,0.0,quiet,0,0,0,0,
r4k1r/4n3/1q3p1p/2R1p2B/p7/2Q1P1P1/PP3P1P/R5K1 w - - 0 25,vssf1_win_d8,32,2.706,0.0,3.85,1.15,quiet,0,1,0,0,
3r4/5kpp/2p5/1p2p2P/2b1P2Q/2PnqB2/1p3R2/1r4RK w - - 0 38,vssf1_win_d8,26,3.877,1.98,-7.62,0.0,ks,1,3,0,0,
3r1k2/1qp2p2/4pnp1/p1PpNb1r/3P3p/QP2P2P/P2N1PP1/R4RK1 w - - 1 20,vssf1_win_d8,21,1.207,0.0,3.36,0.84,quiet,0,1,0,0,
r3k1nr/pp5p/3p2p1/2qNbpB1/3pP1Q1/6P1/PP3PBP/2R2RK1 w kq - 0 15,vssf1_win_d8,16,5.596,0.0,8.42,3.08,quiet,0,2,0,0,
2kr3r/pp2ppbp/2n2np1/q1p5/N1P5/1Q2BBP1/PP2PP1P/R4RK1 b - - 4 12,vssf1_win_d8,10,3.071,1.8,1.63,1.89,quiet,0,1,0,0,
rnq2rk1/p3bppp/bp2pn2/3pN3/3P1PP1/2N1P3/PP4BP/R1BQK2R b KQ - 0 11,vssf1_win_d8,0,0.181,0.0,-0.48,-0.62,quiet,1,1,0,0,
8/p6p/Pp1k2P1/4p2P/8/3p4/1P3KP1/8 b - - 1 46,gnt_nullgate150,128,-2.069,0.0,2.06,0.18,quiet,1,0,0,0,
3r4/8/8/4k3/8/1P2K3/8/8 b - - 0 104,sfelo2400_mob,117,-8.826,0.0,-6.46,0.0,quiet,2,1,0,0,
8/1k6/1p2p3/p3P1R1/1P3n1P/P4P2/5P1K/8 w - - 0 40,vssf1_win_d8,112,8.768,0.0,6.34,-0.15,quiet,1,0,0,0,
1R1bk3/5Np1/4K3/8/6p1/8/8/8 b - - 3 65,vssf1_win_d8,106,5.402,0.0,3.05,8.27,ks,3,3,0,0,
8/1r4pp/ppb2k2/4pp2/2P2PPP/8/1R6/3BK3 w - - 0 40,vssf1_win_d8,96,-5.438,0.0,-2.79,0.09,ks,0,3,0,0,
5rk1/4Rp1R/r7/1p3BP1/1Pp2P2/p2pK3/P7/8 w - - 2 44,vssf1_win_d8,80,1.57,0.0,3.84,2.93,ks,2,3,0,0,
3Q4/p5bk/1p1Nq3/2p5/2P4P/rP2P1P1/5P2/5NK1 w - - 4 45,vssf1_win_d8,58,7.14,1.62,1.17,1.14,quiet,0,1,0,0,
r7/1p3pkp/4p1p1/2ppPnP1/3P1Q2/1qn2N1P/5PK1/4R3 w - - 0 33,vssf1_win_d8,48,-5.433,1.98,-7.54,-0.2,quiet,1,2,0,0,
2krr3/1p3pRp/p1p5/8/3P4/2P5/PPbN1KQq/R7 b - - 4 21,vssf1_win_d8,32,-11.994,-5.4,-5.08,-6.22,quiet,2,0,0,0,
r3r1k1/1p5p/2p1qnpB/p3NR2/3P4/4Q3/PP3PPP/R5K1 b - - 0 25,vssf1_win_d8,26,6.444,2.88,6.94,3.3,quiet,0,2,0,0,
r1q2k2/5p2/2p1pnp1/2PpNb1r/PP1P3p/2Q1P2P/3N1PP1/R4RK1 w - - 1 24,vssf1_win_d8,21,2.839,0.0,4.55,0.79,quiet,0,1,0,0,
4r1k1/1bqp2pp/pp6/2b1Bp2/2N4P/P7/2P2nP1/R2NKB1R w KQ - 1 21,vssf1_win_d8,37,-7.819,-2.34,-9.87,-3.15,quiet,2,1,0,0,
2r1rk2/1b3p2/pp3qp1/3pb2p/1P1Nn3/P2BP2Q/1RR2PPP/3N2K1 w - - 7 27,vssf1_win_d8,10,-1.042,0.0,-0.16,-0.38,ks,3,0,0,0,
r3k2r/p2N1p1p/bp1qpn1b/3P2p1/3p4/1PN3P1/P1P2PBP/R1BQR1K1 b kq - 0 13,vssf1_win_d8,5,4.104,1.44,8.71,3.12,quiet,1,1,0,0,
r1bq1rk1/p1p1bppp/5n2/1B1P4/1n6/PQN2N2/1P1P1PPP/R1B1K2R b KQ - 0 10,vssf1_win_d8,0,1.989,0.0,1.65,-0.08,quiet,0,0,0,0,
8/8/5k1P/p4p2/3p4/P2K4/8/8 w - - 1 45,gnt_nullgate150,128,-0.81,0.0,1.24,0.07,quiet,2,1,0,0,
8/8/p3Bk1p/P4p2/2K5/5PP1/8/8 b - - 0 62,sfelo2400_mob,122,4.326,0.0,4.07,-0.15,quiet,1,1,0,0,
5k2/1P4p1/8/2K5/3B2rp/6P1/5P2/8 b - - 0 60,vssf1_win_d8,112,0.797,0.0,2.33,-1.07,quiet,1,1,0,0,
5k2/1R4p1/6p1/8/4K3/5N2/8/b7 b - - 19 60,vssf1_win_d8,106,5.82,0.0,3.06,0.83,quiet,2,1,0,0,
3r2k1/5p2/r7/1p1p1BP1/1Pp2P2/p7/P5K1/1R2R3 w - - 1 37,vssf1_win_d8,80,1.144,0.0,2.97,0.24,quiet,0,1,0,0,
7k/p4qb1/1p6/2p2NQ1/2P4P/rP2P1P1/5P2/5NK1 w - - 0 43,vssf1_win_d8,58,6.484,2.34,3.14,3.1,quiet,0,2,0,0,
8/1p3pkp/4p1p1/2PpPnP1/r3n3/1q3N1P/3Q1PK1/4R3 w - - 3 35,vssf1_win_d8,48,-10.532,-1.44,-8.3,-1.84,ks,3,2,0,0,
6k1/5pp1/q1rb3p/3pp3/2nP4/P1RQ2PP/5P2/2BN2K1 b - - 1 44,vssf1_win_d8,42,-0.571,0.0,-1.91,-0.03,quiet,0,1,0,0,
3r1rk1/pp2pp1p/6p1/2q5/2P5/3P1BPb/nQ3P1P/3RK2R b - - 1 22,vssf1_win_d8,26,-4.911,-2.16,-6.99,-2.3,quiet,2,1,0,0,
rn3k2/1bqp1p1r/pp4pp/3PB3/2P5/PP6/2B2PPP/R2QR1K1 b - - 0 19,vssf1_win_d8,21,3.561,0.0,7.04,2.17,quiet,0,1,0,0,
2r1k2r/pp1bppbp/3p4/q4p1P/8/P1n2NP1/1P1QPP2/R3KB1R w KQk - 0 15,vssf1_win_d8,16,-5.953,0.0,-5.05,-0.61,quiet,1,0,0,0,
r4rk1/pp2bpp1/1q1p3p/2p1p2n/2Pn4/2NPBNP1/PP1QPPB1/2R1K3 w - - 0 15,vssf1_win_d8,16,-1.926,0.0,-2.65,-0.68,quiet,1,0,0,0,
2q1k1nr/1pp2pp1/2npBb2/2rN3p/p1P5/4QNP1/PP1BPP1P/R4RK1 b k - 0 14,vssf1_win_d8,5,2.99,1.44,7.78,2.81,quiet,0,2,0,0,
r1bqk2r/ppp1bppp/5n2/3P4/1nB5/1QN2N2/PP1P1PPP/R1B1K2R b KQkq - 6 8,vssf1_win_d8,0,3.852,1.8,2.18,1.48,quiet,0,0,0,0,
4k3/8/6K1/8/7P/8/8/8 b - - 2 84,gnt_ng_s1,128,2.724,0.0,0.0,0.0,quiet,1,1,0,0,
8/7P/1p6/4k3/2P5/5K2/7r/8 b - - 2 98,sfelo2400_mob,117,-9.903,0.0,-3.96,-3.34,quiet,2,2,0,0,
8/5kp1/6p1/p3K3/1p1B3P/P5P1/1P3P2/6r1 w - - 3 49,vssf1_win_d8,112,-0.591,0.0,-1.29,-1.1,ks,3,1,0,0,
8/pp5p/b5k1/5pp1/P7/3PPBP1/3rP2P/6K1 w - - 2 39,vssf1_win_d8,106,-7.905,0.0,-6.0,0.49,quiet,0,1,0,0,
6k1/p1p3pp/1q2pp2/8/1r2P3/4N2P/1P1Q1PP1/6K1 b - - 4 30,vssf1_win_d8,69,-5.633,0.0,-3.43,0.79,quiet,0,0,0,0,
2r1r1k1/1p3ppp/p7/3p4/8/2P1P1nP/1P5R/3R2K1 b - - 1 27,vssf1_win_d8,80,-8.512,0.0,-6.85,-0.96,quiet,1,0,0,0,
4k2r/1Q3pp1/3B4/3p4/p5b1/4q3/P5KP/RR6 b k - 1 40,vssf1_win_d8,42,-4.65,-2.16,2.62,-2.98,ks,3,2,0,0,
r7/pp1q1p1k/3p3p/P1pPb3/2P3R1/1RNnB2P/1P3PP1/6K1 b - - 5 24,vssf1_win_d8,53,-3.118,0.0,-6.15,-0.25,quiet,2,2,0,0,
3r1rk1/pp2pp1p/2n3p1/2q5/2P5/2QP2Pb/P3BP1P/2R1K2R w - - 2 20,vssf1_win_d8,26,-6.917,-1.44,-6.23,-1.08,quiet,2,1,0,0,
3rk2r/1b3ppp/ppq1pn2/2P5/5N2/P1B1P3/1P2QPPP/R4RK1 b k - 4 16,vssf1_win_d8,21,0.402,0.0,1.07,0.02,quiet,1,0,0,0,
r2q1rk1/1pp1p2p/2np2p1/p7/2PP2bP/P1NB1N2/1P3PK1/R2Q1R2 w - - 1 15,vssf1_win_d8,16,0.061,-1.26,2.34,-0.36,quiet,2,0,0,0,
r5k1/pp3pp1/2p1b1q1/4n1Pp/2Pr1b1P/P1RPpP1R/1P2B3/1NQK2N1 w - - 3 24,vssf1_win_d8,10,-5.665,-2.88,-9.07,-4.7,quiet,1,0,0,0,
rnb1kb1r/1pqp4/p3ppp1/2p4Q/P2nP3/2N3P1/1PPP1PBP/R1B2RK1 w kq - 0 11,vssf1_win_d8,5,1.565,0.0,-2.15,0.62,quiet,0,0,0,0,
r1b1kb1r/1p1npppp/pq3n2/3p4/5B2/2P2N2/PP1NPPPP/R2QKB1R w KQkq - 4 8,vssf1_win_d8,0,0.093,0.0,0.2,-0.08,quiet,1,0,0,0,
8/6p1/8/7P/4k1p1/8/3K4/8 b - - 1 52,gnt_ng_s1,128,-2.807,0.0,-2.55,-0.34,quiet,1,1,0,0,
8/8/8/r7/5k1P/8/6K1/8 w - - 1 66,sfelo2400_mob,117,-8.692,0.0,-1.13,0.0,quiet,1,2,0,0,
7R/8/1k3K1P/3b2P1/8/P7/8/8 b - - 0 54,vssf1_win_d8,112,12.21,0.0,10.08,0.23,quiet,1,0,0,0,
6k1/p1p3pp/4pp2/1q6/1rN1P3/7P/1P3PP1/2Q3K1 w - - 1 29,vssf1_win_d8,69,-4.68,0.0,-4.02,0.28,quiet,0,0,0,0,
4r3/1p3kpp/8/1r1p1p1P/2nR4/p1P1P3/5K2/4R3 b - - 1 39,vssf1_win_d8,80,-11.215,0.0,-7.26,0.0,quiet,2,1,0,0,
2r5/4nkb1/R2R1p2/5p2/4p2p/1P2P3/PB3PPP/6K1 w - - 3 36,vssf1_win_d8,80,7.473,0.0,5.67,0.71,quiet,0,2,0,0,
6k1/pp3ppp/2n5/5br1/q7/P1Q1P2P/1P4P1/4RK1R w - - 1 25,vssf1_win_d8,42,-5.457,-1.98,-5.38,-3.99,quiet,1,1,0,0,
r5k1/pp2q3/3pR3/P1pP4/2Pb4/1RNn3P/1P1B1p2/5K2 b - - 1 31,vssf1_win_d8,53,-7.901,-1.14,-7.15,-0.57,ks,3,0,0,0,
3r2k1/pp2pp1p/6p1/2q2b2/2Pr4/2Qn1BP1/3R1P1P/5K1R b - - 1 27,vssf1_win_d8,26,-8.321,0.0,-8.94,-1.92,quiet,1,0,0,0,
r1r5/3p1kn1/p3pb1p/1p5q/P2P1P2/NB2Q2P/4N3/2BK4 b - - 0 32,vssf1_win_d8,32,-4.067,-0.54,-7.3,-0.65,quiet,2,2,0,0,
1r3knr/2p2ppp/p2b4/4p1N1/q7/Pp1P2P1/1PnBPPKP/1R1Q3R b - - 1 19,vssf1_win_d8,16,-6.556,0.0,-3.08,-0.38,quiet,0,1,0,0,
r1b3k1/pp2bppp/2p2n2/4pq2/2Pr4/P2P1B1P/1P3PP1/1NRQK1NR w K - 0 15,vssf1_win_d8,10,-2.593,0.0,-2.56,-0.57,quiet,0,0,0,0,
r3kb1r/pp1npppp/1Qp1b3/3pB2n/3P4/2P2NPP/PP2PP2/RN2KB1R b KQkq - 0 9,vssf1_win_d8,21,3.97,0.0,12.69,0.0,quiet,0,1,0,0,
r1bq1rk1/1p2bppp/p1np1n2/2p1p3/2P4P/PPNBPN2/3P1PP1/R1BQK2R b KQ - 0 9,vssf1_win_d8,0,0.196,0.0,-1.46,-0.03,quiet,0,1,0,0,
8/8/1p4p1/p2k3p/P4PP1/4K2P/1P6/8 b - - 1 36,gnt_ng_s1,128,1.21,0.0,1.74,-0.04,quiet,1,2,0,0,
8/8/8/7P/4k3/8/1r6/4K3 w - - 3 69,sfelo2400_mob,117,-8.088,0.0,-6.46,0.0,quiet,1,0,0,0,
8/1Q6/6K1/8/8/kq6/8/8 w - - 24 89,vssf1_win_d8,85,0.139,0.0,0.2,0.99,quiet,1,1,0,0,
5k2/8/6pp/p3R3/4BPK1/1r6/6PP/8 w - - 0 40,vssf1_win_d8,101,8.322,0.0,5.03,0.44,ks,3,1,0,0,
8/p4pk1/p2pn1p1/6Pp/R7/P1rN4/P4K2/8 w - - 10 46,vssf1_win_d8,96,-7.01,0.0,-4.07,-0.6,quiet,0,1,0,0,
4r3/1p3kpp/8/pr1p1p1P/2n5/2P1P3/4RK2/3R4 b - - 0 37,vssf1_win_d8,80,-10.316,0.0,-7.19,0.0,quiet,2,1,0,0,
7R/bP1n3p/4b3/p3B1pk/4B3/6PP/1P3P2/3K4 b - - 6 35,vssf1_win_d8,90,4.147,0.0,8.21,3.5,ks,0,3,0,0,
5rk1/1p1b3p/4prP1/p1bpP3/P7/2P4R/1PB5/5R1K w - - 0 45,vssf1_win_d8,69,-0.678,0.0,-4.94,-0.62,quiet,1,2,0,0,
r5k1/pp1q1p2/3p3p/P1pPb3/2P2R2/R1N4P/1P3PP1/2B1n1K1 w - - 0 22,vssf1_win_d8,53,-4.612,0.0,-5.57,0.26,quiet,1,1,0,0,
rq1k3r/1pp1n2p/2npB1p1/p5Q1/2P5/6P1/PP2PP1P/R2R2K1 b - - 0 22,vssf1_win_d8,26,0.413,1.8,-0.13,2.6,quiet,0,2,0,0,
rn2kb1r/5ppp/p3pn2/2p1N1B1/1p6/6P1/PPP1NPKP/R4R2 b - - 0 14,vssf1_win_d8,53,-1.469,0.0,1.17,0.54,quiet,0,1,0,0,
r1bqkb1r/p1p5/4pp2/2p4p/3p2p1/P2P1NP1/1PPN1K1P/R1BQ3R w kq - 0 14,vssf1_win_d8,16,-1.7,-1.44,1.44,0.02,quiet,2,0,0,0,
4rbkr/pp3p1p/1q3npB/2p2N2/2P2Q2/8/PPn2PPP/RN1R2K1 w - - 5 20,vssf1_win_d8,10,-5.985,0.0,-0.69,1.18,quiet,0,2,0,0,
rn2kbnr/pp3ppp/4p3/1bpqP3/8/N1P2N2/PP3PPP/R1BQ1RK1 w kq - 0 9,vssf1_win_d8,5,-1.046,0.0,-2.69,0.08,quiet,1,0,0,0,
r1b2rk1/1p3ppp/pq2pn2/n7/PbBP4/1P1Q1N2/3BNPPP/R3K2R b KQ - 2 14,vssf1_win_d8,0,0.271,0.0,-1.64,-0.02,quiet,1,1,0,0,
8/8/k5K1/P6p/7P/6P1/8/8 b - - 0 67,gnt_ng_o,128,4.695,0.0,2.54,0.06,quiet,0,1,0,0,
8/8/3n4/8/2p3pp/3kp3/8/2K5 w - - 0 67,sfelo2400_mob,122,-22.354,0.0,-7.66,0.0,quiet,2,1,0,0,
1r3k2/R4p2/2K5/P4P1p/2p5/2P5/6PP/8 b - - 0 35,vssf1_win_d8,106,5.678,0.0,3.88,-1.1,quiet,1,1,0,0,
3r1b2/p4k2/P3pp2/R4npp/1ppP4/2P2P1P/1P3K1B/4R3 b - - 11 49,vssf1_win_d8,80,1.084,0.0,0.62,0.02,quiet,1,1,0,0,
3r4/p4k2/7p/3qpp1P/1b6/1P3P2/3NR1N1/2B1K3 b - - 4 47,vssf1_win_d8,64,-8.097,-1.53,-10.19,-2.67,quiet,2,1,0,0,
r4rk1/1p1B1pp1/1R6/2p3Bp/p3q3/2P3Q1/P1P2PPP/R5K1 w - - 1 22,vssf1_win_d8,32,9.142,0.0,8.96,0.0,quiet,1,0,0,0,
4kb1r/3q1p1p/r1pp1p2/p1p5/Q1P1p3/P3P3/1P1BBPPP/R2R2K1 w k - 0 20,vssf1_win_d8,26,6.5,0.0,5.45,0.37,quiet,0,0,0,0,
1n2r1k1/3p1ppp/1q6/2pPb3/r3Q3/3RB1PP/pPK2PB1/7R w - - 0 25,vssf1_win_d8,21,-3.891,-4.68,-4.74,-3.75,ks,3,1,0,0,
4r1k1/1pp2ppp/8/3P4/2nb3P/2nb1BPR/4NP2/r1B2KN1 w - - 2 27,vssf1_win_d8,53,-9.674,0.0,-8.36,0.0,ks,4,0,0,0,
4rbkr/pp3p1p/1q3npB/2p1QN2/1nP5/8/PP3PPP/RN1R2K1 w - - 3 19,vssf1_win_d8,10,0.884,0.0,-0.29,1.68,quiet,0,2,0,0,
r1bqk1nr/ppp3pp/3p1b2/2n2p2/2P1P3/2N2N2/PP3PPP/RQB1KB1R w KQkq - 6 9,vssf1_win_d8,0,0.969,0.0,0.0,0.18,quiet,0,0,0,0,
8/1p6/4k1p1/p6p/P4P2/5KPP/1P6/8 b - - 0 34,gnt_ng_o,128,1.392,0.0,1.46,0.34,quiet,1,1,0,0,
8/8/8/1p3p2/1P1K2k1/4P3/4b3/8 w - - 14 55,sfelo2400_big,122,-7.412,0.0,-3.31,0.36,ks,3,1,0,0,
8/pp3p2/2p5/4k1p1/P1P1Bn1p/1P5b/5P1K/8 w - - 3 42,vssf1_win_d8,112,-11.498,0.0,-8.46,-0.57,ks,3,2,0,0,
1B3b2/p2r1k2/P1R2p2/R5pp/1p6/3n1P1P/1P4K1/8 b - - 6 61,vssf1_win_d8,80,0.665,0.0,0.69,0.35,quiet,1,1,0,0,
r1b4r/pp2Q1pk/4p2p/1B1PNp2/8/8/PPP3PP/2K4R b - - 0 23,vssf1_win_d8,58,11.936,0.0,11.28,0.0,quiet,0,2,0,0,
5rkq/1p3pp1/7R/r4B1p/p1p5/2P1B1Q1/P1P2PPP/R5K1 w - - 2 26,vssf1_win_d8,32,14.282,1.8,9.13,0.0,ks,0,3,0,0,
5rk1/r3bp1p/1q1p1p2/pPp5/4Q3/P1BBP3/5PPP/1R1R2K1 b - - 4 26,vssf1_win_d8,26,9.525,1.26,9.96,4.52,quiet,0,1,0,0,
3r3k/1p2p1bp/1qp2np1/p1n1B3/P1B1P3/4Q3/1PP2PPP/3R1RK1 b - - 7 24,vssf1_win_d8,26,3.849,0.0,4.11,1.26,quiet,0,1,0,0,
r3r1k1/1pp2ppp/P7/3P2B1/2nb3P/2nb1BPR/4NP2/5KN1 b - - 0 25,vssf1_win_d8,53,-9.266,0.0,-11.68,-3.84,ks,4,0,0,0,
r4rk1/ppqn1ppp/3p1b2/2p5/1PPpP1b1/Q4N2/PB1N1PPP/1R3RK1 w - - 6 16,vssf1_win_d8,10,-2.329,0.0,-2.42,-0.15,quiet,0,0,0,0,
r1bqk2r/ppp1n1p1/3p1b2/2n2P1p/2P3P1/5N2/PP2NP1P/RQB1KB1R b KQkq - 1 11,vssf1_win_d8,0,-0.423,0.0,0.32,-0.45,quiet,0,0,0,0,
4k3/1p6/6p1/p6p/5P2/6P1/PP3K1P/8 w - - 0 32,gnt_ng_o,128,1.543,0.0,1.68,0.34,quiet,0,0,0,0,
8/4Kp2/8/1p3pPk/1P5P/4P3/2b5/8 b - - 1 43,sfelo2400_big,122,-4.972,0.0,-2.69,0.49,quiet,1,2,0,0,
8/3p4/3P1p2/7p/5k1p/3R1P2/2r5/5K2 w - - 0 50,vssf1_win_d8,106,-5.191,0.0,-3.93,-1.2,quiet,1,2,0,0,
5rk1/6pp/2R1n3/4N3/1P2p3/7P/2P2PP1/6K1 b - - 0 35,vssf1_win_d8,96,4.414,0.0,2.98,0.32,quiet,1,1,0,0,
1B6/p2rbk2/P1R2p2/R5pp/1p5P/5P2/1n6/6K1 b - - 2 63,vssf1_win_d8,80,-1.122,0.0,-1.38,0.53,quiet,0,1,0,0,
2r4k/3q1p1p/4pp2/8/1bN1P1Q1/1N6/5PPP/2R3K1 b - - 10 28,vssf1_win_d8,48,5.233,0.0,3.62,0.69,quiet,0,1,0,0,
4r1k1/Qp3pp1/3q3p/B1p2b2/7P/PP1p4/4rPP1/3R2KR w - - 2 28,vssf1_win_d8,32,-3.354,-1.26,-4.45,-1.65,quiet,2,0,0,0,
r5kr/3nB1p1/pp1pN3/3Pqp1B/8/1P6/P4PPP/3Q1RK1 b - - 0 24,vssf1_win_d8,32,6.578,1.62,6.79,2.96,ks,1,3,0,0,
4r2k/1p1n2bp/1qp1p1p1/p1n1P3/P1BB4/4Q3/1PP2PPP/3R1RK1 w - - 0 27,vssf1_win_d8,26,4.628,0.0,4.38,0.55,quiet,0,0,0,0,
r5kr/1p1q1pp1/pnbBp3/3P2Np/P1B5/5QP1/1P3P1P/R3R1K1 b - - 0 19,vssf1_win_d8,16,7.01,0.0,6.02,1.24,ks,0,3,0,0,
1r3rk1/2q2ppp/1p2bb2/pRp1n3/2PpP3/1Q3N1P/P2N1PP1/B1R3K1 w - - 4 22,vssf1_win_d8,10,-2.985,0.0,-3.68,-0.22,quiet,0,0,0,0,
r1b3k1/1ppq3r/1nn2b2/pN1p2p1/P1P2p2/2B2N1P/1PQ2PP1/R4RK1 w - - 0 20,vssf1_win_d8,5,0.562,2.52,-2.56,2.52,quiet,0,1,0,0,
rnbqr1k1/bp1p1p1p/2p2n2/p3N1p1/N3PB2/P2P2P1/1PP2PBP/R2QK2R w KQ - 0 11,vssf1_win_d8,0,2.832,0.0,2.78,0.49,quiet,1,1,0,0,
8/8/8/pP1k1P2/5K2/8/1P6/8 b - - 0 41,gnt_ng_o,128,6.991,0.0,3.52,0.0,ks,1,3,0,0,
8/8/8/1p1K1p2/1P6/4Pk2/8/1b6 w - - 20 58,sfelo2400_big,122,-7.258,0.0,-3.38,-0.2,ks,4,2,0,0,
8/8/p4N2/6p1/1k6/1n2K3/5PPP/8 b - - 27 64,vssf1_win_d8,117,1.537,0.0,1.08,0.43,quiet,2,0,0,0,
2r4k/5R2/6p1/p2p1p2/P4P2/2PP2PP/5KB1/8 w - - 3 44,vssf1_win_d8,101,9.408,0.0,7.89,0.34,quiet,0,1,0,0,
4r1k1/2R3pp/8/1P6/2N1p3/7P/2n2PP1/6K1 b - - 0 38,vssf1_win_d8,96,4.015,0.0,3.07,0.39,quiet,0,1,0,0,
3k4/1Q3pp1/2pbp3/6p1/4q3/8/PP1K1P1P/3RR3 b - - 10 30,vssf1_win_d8,58,0.207,-2.34,6.69,-3.2,quiet,1,1,0,0,
1r1R3r/5k2/1p2p3/pBp1Pp1p/8/1P2B3/1K4PP/3R4 w - - 1 30,vssf1_win_d8,74,11.087,0.0,7.39,0.0,ks,0,3,0,0,
2r2k2/4bp1p/q3pp2/8/2NNP3/2Q5/5PPP/2R3K1 w - - 29 38,vssf1_win_d8,48,5.481,0.0,3.62,0.83,quiet,0,0,0,0,
3r1kn1/p2q4/6Q1/1pp2p2/1P1np3/4B2P/P3PPK1/3RR3 w - - 1 32,vssf1_win_d8,37,3.034,1.62,3.15,1.37,quiet,2,1,0,0,
r3kr2/p1p1q2p/2pn2b1/4Q3/7P/1P2P3/PBPP1P2/R3K2R w KQq - 0 17,vssf1_win_d8,26,1.534,2.52,-0.48,0.42,quiet,1,1,0,0,
1k5r/p1br1p2/2R1pn2/3n2pp/P2P4/1P2PBP1/1N1B1P1P/R5K1 b - - 0 25,vssf1_win_d8,53,3.638,0.0,3.02,0.69,quiet,0,1,0,0,
3r2k1/2b3p1/p3bp1p/1p2Nq1P/6nB/P7/1P2BPP1/1N2Q1KR b - - 0 31,vssf1_win_d8,26,2.859,0.0,1.54,-0.49,quiet,2,1,0,0,
r2k3r/2qn1p2/2pNb3/p1P1p2p/1n1p2pN/QP1P2P1/P3PPBP/2R2RK1 w - - 0 26,vssf1_win_d8,10,1.455,0.0,4.09,2.53,quiet,0,1,0,0,
rnb1kb1r/ppq2ppp/4p3/2pN4/3P4/1P2P1P1/P4P1P/R1BQKBNR b KQkq - 0 8,vssf1_win_d8,5,3.006,1.62,6.44,1.96,quiet,0,1,0,0,
r1bqk1nr/pp1pbppp/2n5/2pQ4/4PB2/6P1/PPP2PBP/RN2K1NR b KQkq - 2 7,vssf1_win_d8,0,1.983,1.26,0.16,0.25,quiet,0,1,0,0,
8/k5p1/p6p/p6P/4K1P1/8/1P3P2/8 w - - 0 50,gnt_ng_o,128,0.667,0.0,1.76,0.03,quiet,0,0,0,0,
8/8/5P1Q/8/8/5K2/8/5k2 w - - 3 109,sfelo2400_big,106,22.968,0.0,60.71,0.0,quiet,1,1,0,0,
8/8/pN6/2k3p1/8/1n2K3/5PPP/8 w - - 24 63,vssf1_win_d8,117,1.525,0.0,0.71,0.57,ks,3,2,0,0,
6k1/6q1/2p5/p1p5/P1P1Q1p1/3NP1Pp/5P1P/6K1 w - - 1 49,vssf1_win_d8,80,10.506,0.0,6.48,1.14,quiet,1,1,0,0,
4R3/3r2Bp/1r4kP/6p1/8/K3pP2/8/8 w - - 2 61,vssf1_win_d8,90,-1.926,0.0,-5.39,-1.99,quiet,1,2,0,0,
2r1k3/3Rp3/1p6/7r/4N1p1/P2R4/6PP/6K1 b - - 8 38,vssf1_win_d8,80,5.742,0.0,3.85,1.04,quiet,1,2,0,0,
1r4k1/4p2p/3p2p1/p2P1p2/1pr4P/2q1PPP1/3R4/1R2Q1K1 b - - 3 29,vssf1_win_d8,42,-3.142,0.0,-3.38,-0.25,quiet,0,0,0,0,
1r4k1/5Rp1/2Q1p2r/2P1PpNp/3P4/3R4/5KPP/2q5 w - - 1 34,vssf1_win_d8,37,-2.803,-6.48,1.52,-6.11,quiet,1,2,0,0,
r3k3/pp2q3/5n1B/Q1p2p2/3np3/1P5P/P3PPK1/3RR3 b q - 0 26,vssf1_win_d8,37,0.956,1.8,2.23,0.62,quiet,2,2,0,0,
1b1r3r/pk3pp1/2p1pn2/1N1n3p/3P4/1P2PBP1/P2B1P1P/R1R3K1 w - - 1 21,vssf1_win_d8,53,4.007,1.14,1.41,0.62,quiet,0,2,0,0,
rn3rk1/1Q3pp1/3qpn1p/3pNb2/3P4/p3B1P1/PP2PPBP/R4RK1 b - - 0 16,vssf1_win_d8,10,1.51,0.0,2.3,-0.05,quiet,0,2,0,0,
r3kb1r/ppq2p2/b2p1np1/4p2p/3nP3/PPN2PN1/2P3PP/R1BKQ2R w kq - 5 16,vssf1_win_d8,5,-9.21,-2.52,-7.52,-2.45,quiet,2,0,0,0,
r1b1k2r/pp2bppp/1q1P4/2p4n/3n4/2Q1B1P1/PPP2PBP/RN2K1NR b KQkq - 0 12,vssf1_win_d8,0,0.26,0.0,0.99,-0.18,quiet,1,1,0,0,
8/8/8/8/4kp2/8/4K3/8 w - - 0 118,gnt_ng_o,128,-5.001,0.0,0.0,0.0,quiet,2,1,0,0,
8/5k2/8/n4P2/K7/8/8/8 b - - 12 85,sfelo2400_big,122,-4.255,0.0,-0.13,-0.21,quiet,1,1,0,0,
8/8/8/6p1/p1k1K3/1n6/2N2PPP/8 w - - 6 69,vssf1_win_d8,117,0.375,0.0,0.38,0.11,ks,3,2,0,0,
8/5k2/4p1R1/pB1pKp1p/P1pPn3/2P1P3/1P6/8 w - - 10 49,vssf1_win_d8,106,8.364,0.0,6.11,1.1,ks,5,3,0,0,
B7/p6R/1p6/4kp1p/P5p1/3n3P/1r6/K7 b - - 1 51,vssf1_win_d8,96,-6.961,0.0,-5.9,-1.06,quiet,2,1,0,0,
6k1/6pp/p3pp2/3b1n2/RP3P2/4PN1P/4r1P1/5K2 b - - 6 36,vssf1_win_d8,90,-8.065,0.0,-5.1,-3.66,quiet,1,0,0,0,
rn3r2/5ppk/2pR4/1p2p2P/2p1P3/P1N2P2/1PP5/2K4R w - - 0 20,vssf1_win_d8,74,1.13,0.0,1.09,0.08,quiet,0,2,0,0,
6k1/2p3pp/1p2p3/1Pb2p2/7P/4nP2/1q1rB2Q/4R2K b - - 0 35,vssf1_win_d8,48,-10.557,0.0,-7.81,0.0,quiet,1,0,0,0,
r3k1n1/p3q3/Q7/1pp2p2/3np3/1P2B2P/P3PPK1/3RR3 b q - 1 29,vssf1_win_d8,37,0.08,0.0,3.08,0.16,quiet,2,0,0,0,
4rrk1/p3qppp/p4n2/3p1b2/3P3P/1PN1PP2/P2Q2R1/2B1K3 b - - 0 23,vssf1_win_d8,32,-7.135,0.0,-6.57,-1.29,quiet,0,1,0,0,
2rqr1k1/pp3pp1/1b5p/3n4/1P1P4/1Rp2PP1/P1N2Q1P/R3B1K1 w - - 0 28,vssf1_win_d8,21,-1.25,0.0,-2.81,-0.92,quiet,0,0,0,0,
5k1r/1p1rnp2/1BN1b1pp/4P1b1/B2p4/5N2/PP3PPP/1R1R2K1 b - - 0 25,vssf1_win_d8,48,2.638,0.0,5.25,0.48,quiet,0,1,0,0,
r1b2k1r/p4pp1/1p2pn2/1Nbn3p/2N1P3/8/PPQBBPPP/R5K1 b - - 0 15,vssf1_win_d8,32,7.796,0.0,8.4,0.26,quiet,1,0,0,0,
r3kb1r/ppq2p2/b2p1np1/4p2p/1n2P3/PPN2PN1/2PQ2PP/R1B1K2R w KQkq - 1 14,vssf1_win_d8,5,-4.501,0.0,-4.09,-0.51,quiet,1,0,0,0,
r2k1b1r/1pqb1Bpp/p1np1n2/4ppN1/4P3/2N5/PPP2PPP/R1BQ1RK1 w - - 6 13,vssf1_win_d8,0,1.84,1.44,2.74,1.93,quiet,0,1,0,0,
8/6k1/pp6/2p2KP1/P1P5/8/8/8 b - - 2 42,gnt_ng_o,128,1.174,0.0,1.03,0.75,quiet,1,2,0,0,
8/8/2K2k2/5P2/8/4n3/8/8 w - - 21 90,sfelo2400_big,122,-6.836,0.0,0.13,0.03,quiet,1,1,0,0,
8/1p1PQ3/p6K/3k4/5P2/3qP3/6PP/8 b - - 0 39,vssf1_win_d8,85,8.857,0.0,6.38,4.11,ks,1,3,0,0,
8/pp6/b1p5/P1P4R/3k4/7P/5r2/7K w - - 2 41,vssf1_win_d8,101,-7.557,0.0,-5.85,-1.97,quiet,1,1,0,0,
B7/p6R/1p6/4kp1p/P7/3n2pP/1r6/K7 w - - 0 52,vssf1_win_d8,96,-7.519,0.0,-5.88,-1.05,quiet,2,1,0,0,
7B/4k2p/1p2p2P/2p3pB/8/1b1Pn1P1/3r4/1K6 w - - 4 41,vssf1_win_d8,96,-11.596,0.0,-7.97,0.0,ks,3,2,0,0,
1n3r2/r4ppk/2pR3P/1p2p3/2p1P3/P1N2P2/1PPK4/7R b - - 0 21,vssf1_win_d8,74,1.382,0.0,0.23,-1.29,ks,1,3,0,0,
1r2qk2/1PRRpp1r/6p1/p3N2p/7Q/1P4P1/P3PP2/6K1 b - - 3 32,vssf1_win_d8,37,7.288,0.0,11.01,3.2,ks,0,3,0,0,
2r1r1k1/p4p2/1p2q1p1/2p1b2p/P1PpP3/1P1P1Q2/1B1N4/6RK b - - 3 28,vssf1_win_d8,37,-8.759,-2.7,-5.71,-0.89,quiet,1,1,0,0,
4rrk1/p3qppp/p4n2/3p1b2/3P4/1PN1PP2/P2Q2RP/2B1K3 w - - 4 23,vssf1_win_d8,32,-7.109,0.0,-6.33,-1.34,quiet,0,1,0,0,
2r1r1k1/ppb2pp1/7p/P2n2q1/1P1P4/1Rp2PP1/2N2Q1P/R3B1K1 w - - 1 30,vssf1_win_d8,21,-0.664,0.0,-2.32,-1.23,quiet,0,0,0,0,
r4rk1/ppn1pp2/6pn/1q1P3p/N2BP3/PP1P2PP/6B1/R2Q1R1K w - - 1 21,vssf1_win_d8,16,7.331,0.0,8.35,1.09,quiet,0,2,0,0,
4k1r1/1p1qp1bp/1nr1p1p1/p6n/8/B1PP1QPB/P4P1P/RN2R1K1 b - - 7 23,vssf1_win_d8,10,4.498,2.7,3.87,2.61,quiet,0,2,0,0,
rnbq1rk1/p4ppp/1p2p3/2bN4/8/P3P2P/1P3PP1/R1BQKBNR b KQ - 0 9,vssf1_win_d8,5,2.546,0.0,2.88,0.14,quiet,0,0,0,0,
rnbq1rk1/p4pp1/1pp1pn1p/2Pp4/1b1P4/4PN1P/PPQN1PP1/R1B1KB1R w KQ - 0 9,vssf1_win_d8,0,-0.054,0.0,-0.73,-0.06,quiet,1,1,0,0,
8/6k1/pp6/2p3P1/P1P2K2/8/8/8 w - - 7 45,gnt_ng_o,128,0.828,0.0,0.83,0.64,quiet,0,1,0,0,
8/4k1p1/8/4P2P/4K3/8/8/6r1 w - - 0 62,sfelo2400_big,117,-7.156,0.0,-3.91,0.06,quiet,0,1,0,0,
Q7/8/6K1/1k3PP1/3QP3/1p6/8/8 w - - 3 57,vssf1_win_d8,85,45.278,0.0,26.97,0.0,quiet,0,2,0,0,
6k1/p6p/1p4p1/1B3p2/3r4/P3n2P/KP6/R7 b - - 1 39,vssf1_win_d8,96,-4.811,0.0,-2.76,0.19,quiet,0,0,0,0,
7B/4k2p/1p2p2P/2p3p1/8/1b1PnBP1/3r4/1K6 b - - 5 41,vssf1_win_d8,96,-11.767,0.0,-7.92,0.0,ks,3,1,0,0,
1r4k1/6pp/p1pb2n1/Pp1p2B1/1P1PR3/2P5/B4PPP/6K1 b - - 0 26,vssf1_win_d8,85,2.949,0.0,0.67,0.55,quiet,1,0,0,0,
r1b2k1r/1pP2p2/8/P2Qpp2/1P1p2np/8/5PPP/R3R1K1 w - - 0 28,vssf1_win_d8,53,7.435,1.95,7.22,1.59,quiet,1,1,0,0,
r1b1k2r/1p3ppp/2n1p3/6N1/1p6/8/PPP1BPPP/R2R2K1 b kq - 1 16,vssf1_win_d8,64,0.053,0.0,0.92,0.26,quiet,0,2,0,0,
r4rk1/3b2pp/pp1p4/3Pnq2/P6P/2N1P3/1PPR2B1/2K1Q3 w - - 4 26,vssf1_win_d8,32,-5.466,0.0,-5.8,-0.07,quiet,1,0,0,0,
2r3k1/1pr2p1p/pq2pb2/3p1p2/1PnP1P2/2PQPBP1/4N2P/RR4K1 w - - 7 29,vssf1_win_d8,21,0.561,0.0,-0.39,-0.19,quiet,0,0,0,0,
r4rk1/ppn1pp2/6p1/1q1P3p/N2BP1n1/PP1P2P1/6BP/R2Q1R1K w - - 1 20,vssf1_win_d8,16,7.144,0.0,7.46,0.91,quiet,1,2,0,0,
4k1r1/1p1qp1bp/1nr1p1p1/p6n/4R3/B1PP2PB/P3QP1P/RN4K1 b - - 3 21,vssf1_win_d8,10,1.025,0.0,3.61,1.45,quiet,0,1,0,0,
r1b2rk1/pp2ppb1/5n1p/1PnNq3/2P4N/7P/P1Q2PB1/3R1RK1 w - - 0 23,vssf1_win_d8,5,-4.757,0.0,-3.2,0.37,quiet,1,1,0,0,
rnbqkb1r/3p1p1p/pp2pnp1/2p5/2PP4/1PNBPN2/P4PPP/R1BQK2R b KQkq - 1 7,vssf1_win_d8,0,0.887,0.0,2.05,0.45,quiet,0,0,0,0,
8/4k1p1/8/4PK1P/8/8/8/6r1 b - - 1 62,sfelo2400_big,117,-7.265,0.0,-4.09,-1.79,ks,3,2,0,0,
8/p4p2/1p2pk2/P1p1R3/5P1p/1PPK4/3P3r/8 w - - 0 33,vssf1_win_d8,106,-1.554,0.0,-3.83,-0.06,quiet,2,2,0,0,
8/3k3p/5q2/1r1pR1pP/3PpN2/7K/5PN1/8 w - g6 0 48,vssf1_win_d8,74,-8.192,0.0,-7.46,-1.98,quiet,1,2,0,0,
r3r1k1/1pp4p/5p2/1p1pN3/1P1Pn3/P2RP2P/6P1/5RK1 w - - 0 28,vssf1_win_d8,74,0.929,0.0,-0.8,0.39,quiet,1,1,0,0,
1r3b1r/2k2p2/1p1p1p2/p1pP4/B1P4p/1R5P/3B1PP1/4R1K1 b - - 3 37,vssf1_win_d8,69,5.672,0.0,4.54,1.43,ks,0,3,0,0,
2b4r/1p2k1pp/2n1pp2/3r4/1p2NP2/3R4/PPP1B1PP/3R2K1 b - - 4 20,vssf1_win_d8,64,0.413,0.0,1.1,0.53,quiet,0,1,0,0,
4qknr/1pp2pp1/1pnp3p/1B4B1/3NP2Q/8/RPP2PPP/6K1 b - - 2 15,vssf1_win_d8,37,1.207,0.0,4.67,1.43,quiet,0,1,0,0,
3rr1k1/1pp2p1p/p2qpb2/n2p1p2/3P1P2/PPNQPBP1/2P4P/3R1RK1 w - - 1 21,vssf1_win_d8,21,0.489,0.0,0.49,-0.19,quiet,0,0,0,0,
3r1rk1/pp2bppp/1B3n2/3pp2b/4P3/2NB4/PP1N1PPP/R3R1K1 b - - 0 18,vssf1_win_d8,48,-0.118,0.0,3.57,-0.19,quiet,0,0,0,0,
4k1r1/1p1qp1bp/1nr1p1p1/p6n/4R3/B1PP2PB/P1Q2P1P/RN4K1 w - - 2 21,vssf1_win_d8,10,1.412,0.0,3.3,1.39,quiet,0,1,0,0,
r1bq1rk1/pp3pb1/2n3pp/3Np3/1P6/3P1NP1/3BPP1P/1R1QKB1R b K - 0 12,vssf1_win_d8,5,3.049,0.0,3.37,0.26,quiet,0,0,0,0,
rnbqkb1r/1p2pp2/2p2np1/p2p3p/3P1B1P/3BPN2/PPPN1PP1/R2QK2R b KQkq - 1 7,vssf1_win_d8,0,0.897,0.0,1.3,0.49,quiet,0,0,0,0,
8/8/4k2p/5p2/P2K4/6PP/8/8 b - - 0 38,gnt_ng_o,128,2.356,0.0,1.48,0.04,quiet,2,1,0,0,
7R/3k4/2p5/3p4/8/3K4/8/8 b - - 4 71,sfelo2400_big,117,5.536,0.0,3.06,1.4,quiet,1,1,0,0,
8/p5p1/7p/PPb1pk2/2N5/8/4KPPP/8 b - - 0 38,vssf1_win_d8,117,1.661,0.0,1.97,0.22,quiet,1,1,0,0,
3r4/p4k1p/3p1rp1/2P1p3/4P3/1N6/P6P/1K1R4 b - - 0 30,vssf1_win_d8,90,-5.442,0.0,-3.69,0.18,quiet,0,0,0,0,
1r4k1/5pp1/7p/3pr2P/P7/2PQ4/K5b1/3B4 b - - 6 57,vssf1_win_d8,74,-0.954,0.0,-2.47,-1.24,quiet,1,1,0,0,
6k1/2p2ppp/ppq1pb2/4n3/4P3/PPN1BP2/3Q2PP/5K2 w - - 2 27,vssf1_win_d8,64,-1.126,0.0,-0.72,-0.6,quiet,0,0,0,0,
2rk3r/R4qp1/1p2pp2/1b1p3p/1P6/1P2P3/3P1PPP/1QR3K1 w - - 0 22,vssf1_win_d8,37,10.399,1.44,-1.08,2.48,quiet,1,2,0,0,
r4rk1/5ppp/1p2pq2/p1b5/4Q3/P1N1PP2/1P3P1P/R2R2K1 b - - 2 22,vssf1_win_d8,32,0.017,0.0,-0.57,-1.11,quiet,0,1,0,0,
1k1r3r/p3bpp1/4p3/q1p5/P2nPP1p/1PpPB1PP/2P2Q2/R4RK1 w - - 0 21,vssf1_win_d8,26,-2.4,0.0,-3.18,0.04,quiet,0,0,0,0,
2kr3r/1b3ppp/p1n1pn2/2p5/8/2PBBN1P/PP3PP1/R2R2K1 b - - 2 22,vssf1_win_d8,53,1.828,0.0,1.55,1.2,quiet,0,0,0,0,
rqb2rk1/1p2b2p/p1p3pP/3N4/3N1p2/3PP3/PP2B1P1/R1Q2K1R b - - 0 20,vssf1_win_d8,16,3.928,1.98,5.61,2.26,quiet,0,1,0,0,
r4rk1/1p2ppbp/pqn2np1/2pp4/5Q1P/BPPP1NPR/P3PP2/RN2K3 w Q - 0 12,vssf1_win_d8,10,-0.951,0.0,-2.87,-0.32,quiet,0,0,0,0,
2r1kbnr/1bq2ppp/p2pp3/1p2P3/5Q2/2N1BN2/1PP2PPP/1K1R1B1R b k - 3 15,vssf1_win_d8,5,4.771,0.0,3.57,-0.07,quiet,0,1,0,0,
r1bqk2r/pp3ppp/2n1pn2/2pp4/1bPP4/2NBP3/PP1BNPPP/R2Q1RK1 b kq - 3 8,vssf1_win_d8,0,0.59,0.0,1.59,0.23,quiet,0,0,0,0,
8/3k4/8/7K/7P/6P1/8/8 w - - 1 48,gnt_ng_o,128,5.709,0.0,2.39,-0.5,quiet,0,0,0,0,
5R2/8/2p1k3/3p4/8/8/4K3/8 b - - 0 69,sfelo2400_big,117,5.614,0.0,2.87,1.44,quiet,0,1,0,0,
8/4pk1p/pp4p1/4P3/5P2/1p4P1/4nB1P/7K w - - 0 37,vssf1_win_d8,117,-5.082,0.0,-6.1,0.28,quiet,1,1,0,0,
3k4/5Rp1/6p1/3p4/3p1b2/3P2P1/PP3PKP/4r3 w - - 0 29,vssf1_win_d8,101,0.954,0.0,0.0,1.17,quiet,2,1,0,0,
r4rk1/p6p/3p1pp1/4p1P1/2P5/1N2P3/P6P/1K4R1 w - - 0 27,vssf1_win_d8,90,-5.312,0.0,-3.47,-0.59,quiet,0,0,0,0,
r3r1k1/p3p3/4bpp1/2p5/3p4/P2P2P1/3QPP1P/1R4K1 w - - 0 28,vssf1_win_d8,69,2.757,0.0,2.77,0.49,quiet,0,0,0,0,
5nk1/Q2qbppp/4p3/4P3/2p2P2/p5PP/5B2/2N3K1 w - - 4 46,vssf1_win_d8,64,-4.997,0.0,-4.38,-0.93,quiet,0,0,0,0,
2r2r2/pp2k3/2np2p1/2pB4/2P3Pp/1P1PP1nP/P2Q4/3R2K1 w - - 4 26,vssf1_win_d8,58,5.265,1.17,3.57,0.35,quiet,2,1,0,0,
4k3/2p1n1Br/1q1ppn2/2p3Qp/p1P5/5RP1/PP2PP1P/R5K1 w - - 9 25,vssf1_win_d8,37,6.98,1.44,3.69,1.2,quiet,0,1,0,0,
1k1r3r/p3bpp1/Pq6/2p1pP2/3nP1Pp/1PpPB2P/R1P2Q2/5RK1 w - - 3 26,vssf1_win_d8,26,-3.379,0.0,-3.33,-0.07,quiet,0,1,0,0,
r4rk1/1pq3p1/2p1pP1p/2nn4/PpNN4/1P6/2P1QPPP/R3R1K1 b - - 0 23,vssf1_win_d8,21,1.638,0.0,2.05,1.25,quiet,1,1,0,0,
r1r3k1/1pqb1pp1/2n4p/p3N3/2P1QB2/2PB4/P4PPP/R4RK1 b - - 0 18,vssf1_win_d8,16,6.914,0.0,10.42,5.94,quiet,0,2,0,0,
rnbq1k2/2b3p1/pp3P1r/3p2N1/1PP1B2p/P4Q2/1B4PP/4RRK1 b - - 0 20,vssf1_win_d8,10,5.151,3.78,13.97,10.83,quiet,1,2,0,0,
r1bqk1nr/1p3pp1/2pBpn1p/p7/2PP4/3BPN2/P4PPP/RNQ2RK1 b kq - 0 12,vssf1_win_d8,5,4.693,0.0,6.63,0.53,quiet,0,1,0,0,
r1bqk2r/pp3ppp/2n1pn2/2p5/1bBP4/2N1P3/PP1BNPPP/R2Q1RK1 b kq - 0 9,vssf1_win_d8,0,0.141,0.0,2.0,0.19,quiet,0,0,0,0,
8/6K1/4k3/8/7P/6P1/8/8 w - - 5 50,gnt_ng_o,128,6.231,0.0,2.34,-0.46,quiet,1,1,0,0,
1B6/8/3P1p1p/5pk1/8/5P2/1P3KPP/8 b - - 0 51,sfelo2400_big,122,12.061,0.0,9.28,0.28,quiet,0,1,0,0,
4R3/5p2/1P3k2/8/3p3p/7P/7K/3N4 b - - 0 45,vssf1_win_d8,112,13.394,0.0,9.23,0.0,quiet,1,1,0,0,
2r5/p3k2p/2Pp2p1/N3p3/4P3/8/P6r/1KR5 w - - 0 34,vssf1_win_d8,90,-6.313,0.0,-5.59,-0.77,quiet,1,1,0,0,
8/1p6/1Pr3kp/3pp3/1Q6/2n2PPq/1R6/6K1 w - - 0 42,vssf1_win_d8,58,-5.276,0.12,-7.5,-4.54,quiet,1,0,0,0,
6k1/5ppp/4p1n1/4P3/qb1B1P2/p1p3PP/4Q3/2N3K1 w - - 2 50,vssf1_win_d8,64,-4.94,0.0,-4.13,-0.31,quiet,0,0,0,0,
6kr/2R2pp1/r3bB1p/3p4/p2N4/P2PP2P/1P3PP1/R5K1 b - - 0 34,vssf1_win_d8,69,5.541,0.0,6.79,0.26,quiet,0,2,0,0,
1q2k1n1/2p1n1Br/3pp3/2p3Qp/p1P5/3R2P1/PP2PP1P/R5K1 b - - 6 23,vssf1_win_d8,37,6.135,1.44,4.33,1.41,quiet,0,2,0,0,
2b1k1r1/1p2bN2/2p1p1pQ/3nNp2/3P1P2/1P2P3/3RK1PP/r7 b - - 0 30,vssf1_win_d8,48,2.349,1.44,2.39,-0.02,ks,2,3,0,0,
1n2k2r/P3r2p/2pqNnp1/3P1p2/8/2PBQ3/1P3P2/2KR2R1 b k - 0 21,vssf1_win_d8,21,4.381,1.98,6.49,1.33,quiet,0,1,0,0,
rn4k1/p2bb1p1/4pr1p/5p2/2Bp4/2q2N2/P3QPPP/1R3K1R w - - 6 23,vssf1_win_d8,16,-7.262,0.0,-6.3,0.03,quiet,1,0,0,0,
rnbqk3/2b3p1/ppp1pp1r/6N1/1PPPBP1p/P4Q2/1B4PP/4RRK1 b q - 1 17,vssf1_win_d8,10,-0.067,0.0,3.06,1.36,quiet,0,1,0,0,
rnb1k2r/p2nbppp/8/q1p1P3/5P2/2pP2P1/PP4BP/R1BQK1NR w KQkq - 0 12,vssf1_win_d8,5,3.179,0.0,-1.66,-0.42,quiet,1,0,0,0,
rnbq1rk1/pp3ppp/4pn2/2pp4/1bPP4/1QNBPN2/PP1B1PPP/R3K2R b KQ - 3 8,vssf1_win_d8,0,1.216,0.0,0.17,0.07,quiet,0,1,0,0,
8/7k/3p3P/p1pP2P1/P7/3K4/8/8 w - - 7 69,gnt_mob_base_s4,128,4.68,0.0,3.03,-0.69,quiet,1,2,0,0,
1B6/6kp/5p2/5p2/3P4/5P2/1P4PP/6K1 b - - 0 48,sfelo2400_big,122,10.879,0.0,6.5,0.31,quiet,0,0,0,0,
3k4/R7/5p2/6p1/p1K1P1P1/5P2/1r4P1/8 w - - 6 54,vssf1_win_d8,106,1.012,0.0,1.49,-0.23,quiet,2,1,0,0,
4k3/1R6/pp6/2p2p2/2P1p3/BP2P1P1/P2nKP2/8 b - - 3 38,vssf1_win_d8,106,10.458,0.0,7.36,0.0,quiet,2,1,0,0,
8/4ppk1/2b3p1/1pr4p/1R6/P2BP3/4K1PP/8 w - - 0 32,vssf1_win_d8,96,-1.849,0.0,-1.23,-0.73,quiet,1,1,0,0,
3r1rk1/R7/1Pp2p1R/3b4/3Pp3/4P2P/4BPP1/6K1 w - - 1 40,vssf1_win_d8,74,5.905,0.0,7.27,4.37,quiet,0,2,0,0,
4kr2/pr2b1Q1/5p1B/5b2/2Rp4/7P/PP3PP1/6K1 w - - 1 26,vssf1_win_d8,58,2.995,0.0,4.97,1.22,quiet,0,1,0,0,
2q1k1nr/2p3p1/3pp3/2p1n2p/p1P5/2B1Q1P1/PP2PP1P/R4RK1 b k - 1 19,vssf1_win_d8,37,1.172,0.0,2.34,0.32,quiet,0,0,0,0,
r4rk1/5ppp/7n/1NbpP2P/5q2/3Q4/P2p1PP1/R5KR w - - 2 29,vssf1_win_d8,26,-8.113,-1.44,-8.77,-3.28,quiet,2,1,0,0,
r1bb2k1/p4p1p/1p6/3qP2N/6n1/1PB3P1/P4P1P/R1QR2K1 b - - 1 25,vssf1_win_d8,26,1.963,-1.8,4.76,-1.45,quiet,2,1,0,0,
rnb3k1/p5p1/3bpr1p/q3Np2/2Bp3P/7R/P3QPP1/1R3K2 w - - 3 26,vssf1_win_d8,16,-6.824,0.0,-5.45,0.22,quiet,1,1,0,0,
r2q1rk1/p3bppp/bp2p3/3pP1P1/1n1P3P/2N1PQ2/PP4B1/R1B1K2R w KQ - 3 16,vssf1_win_d8,10,-3.28,-2.88,-2.93,-2.61,quiet,1,1,0,0,
r1b2rk1/p1n1bppp/1p1ppn2/qp6/2PP2P1/PQ3N1P/1P1BPP2/2KR1B1R w - - 0 14,vssf1_win_d8,5,3.363,0.0,-3.24,-0.89,quiet,1,0,0,0,
r1b1kb1r/1p3p1p/1qn1pnp1/pNpp4/2P5/P2BPN2/1PQP1PPP/R1B1K2R w KQkq - 0 9,vssf1_win_d8,0,-0.176,0.0,-0.23,0.24,quiet,0,0,0,0,
8/8/4k1p1/6P1/p5Pp/1p2P3/1P4P1/2K5 w - - 2 36,gnt_mob_base_s4,128,0.424,0.0,-0.69,0.01,quiet,1,2,0,0,
1B6/8/3P1p1p/5p2/7k/5P2/1P3KPP/8 w - - 1 52,sfelo2400_big,122,12.716,0.0,10.46,0.28,ks,1,4,0,0,
1k6/6K1/5p1r/6p1/4P1P1/R4P2/8/8 b - - 11 60,vssf1_win_d8,106,1.759,0.0,2.46,0.96,quiet,1,1,0,0,
3r2k1/1RR5/1p4p1/p4p1p/P1K1p2P/1P2P3/5PP1/8 b - - 4 41,vssf1_win_d8,96,9.865,0.0,8.99,1.32,ks,4,1,0,0,
8/5pk1/2r2bp1/7p/P6P/3R2P1/1pB1PP2/1K6 w - - 7 45,vssf1_win_d8,96,-0.571,0.0,0.61,-1.57,ks,3,0,0,0,
2r5/R5p1/2P1p1k1/3p3p/4nP2/B3PKnP/2p5/8 w - - 6 35,vssf1_win_d8,90,-8.774,0.0,-6.65,-3.26,ks,4,2,0,0,
q4k2/1pp2p1p/3p1p1P/1P2p3/2P1Pn2/3P1P2/5P2/r1QK1BR1 w - - 7 24,vssf1_win_d8,53,-2.072,-1.62,-4.05,-4.3,quiet,2,2,0,0,
2br2k1/Qp5p/n1p2pp1/R7/P1P4P/5B2/1P3P1K/4r3 b - - 4 29,vssf1_win_d8,58,-1.168,0.0,0.92,-0.04,quiet,2,0,0,0,
3r2k1/2q5/2p2p1p/2p1bPp1/p1P2p2/Pr1B2P1/1P2RP1P/2QR2K1 w - - 3 30,vssf1_win_d8,32,0.165,0.0,-0.79,0.3,quiet,0,0,0,0,
5rk1/3b1p1p/3Q2p1/q3p1PP/p1PpPb2/3P4/3r1PB1/3RK2R w - - 0 33,vssf1_win_d8,26,-4.209,-1.8,-10.22,-5.95,ks,3,1,0,0,
r1b3k1/pp3ppp/1q4n1/2bB4/5P2/2P3PP/P2N4/R1BK3R b - - 0 19,vssf1_win_d8,42,-6.911,0.0,-8.05,-1.11,quiet,0,1,0,0,
2kr3r/1p1nb3/p1p1QBp1/4p2p/1q2P3/1PNR4/P1P1NPPP/5RK1 b - - 0 19,vssf1_win_d8,16,6.357,0.0,8.29,0.93,quiet,0,2,0,0,
r2q1rk1/p3bppp/1p2p3/3pP1P1/3P3P/P1NbPQ2/1Pn3B1/R1BK3R w - - 1 18,vssf1_win_d8,10,-2.029,-1.26,-4.05,-2.42,quiet,2,1,0,0,
r1bk1n1r/1pq2Bp1/2p1p3/p2nN1Np/3P4/4P1P1/PPQb1P1P/R4RK1 w - - 0 16,vssf1_win_d8,5,1.338,2.16,4.8,4.86,quiet,0,2,0,0,
r1b1kb1r/1p3ppp/1qn1pn2/pNpp4/2P5/P3PN2/1PQP1PPP/R1B1KB1R w KQkq - 2 8,vssf1_win_d8,0,-0.643,0.0,-0.28,0.01,quiet,0,0,0,0,
8/8/6p1/2k3P1/p3P1Pp/1pK5/1P4P1/8 w - - 1 40,gnt_mob_base_s4,128,0.732,0.0,0.76,-0.92,ks,3,2,0,0,
8/8/6p1/7k/4B3/5K2/8/8 w - - 2 92,sfelo2400_big,122,6.523,0.0,0.13,0.65,quiet,1,2,0,0,
8/8/6pp/2kNpp2/2P1P1P1/p1K5/8/6b1 w - - 0 55,vssf1_win_d8,117,-4.355,0.0,-4.94,0.07,ks,4,4,0,0,
6k1/4bppp/4p3/8/8/2N3P1/r4P1P/6K1 b - - 2 33,vssf1_win_d8,106,-11.07,0.0,-7.44,0.0,quiet,1,0,0,0,
R7/4p3/5pp1/2r2k1p/p2rpP1P/R5P1/1P6/1K6 w - - 2 44,vssf1_win_d8,85,-3.694,0.0,-3.84,-1.45,ks,1,3,0,0,
6rk/1p6/p1r5/2P4P/1P6/2b5/5P2/4RK1R w - - 1 49,vssf1_win_d8,80,-2.177,0.0,-1.81,0.56,quiet,2,0,0,0,
5k2/1pp2p1p/1P1p1p1P/4p3/1qP1Pn2/3P1P2/2K2P2/r1Q2BR1 b - - 4 26,vssf1_win_d8,53,-13.99,-3.93,-9.23,-14.81,ks,3,2,0,0,
2R2b1r/3kpp1p/6p1/qp6/P2P1B2/5bP1/1P3P1P/R5K1 w - - 2 19,vssf1_win_d8,58,-2.734,1.77,-10.12,0.0,quiet,1,2,0,0,
1r1r2k1/2q5/2p2p1p/2p1bPp1/p1P2p2/P2B2P1/1P2RP1P/2QR2K1 b - - 2 29,vssf1_win_d8,32,0.144,0.0,-0.9,0.29,quiet,0,0,0,0,
3r4/ppk5/n1b5/3Bbp2/2P2p2/3R2pr/2P1P1N1/3K1R2 b - - 5 31,vssf1_win_d8,58,-6.947,0.0,-7.33,0.0,quiet,0,1,0,0,
r1b3k1/pp3ppp/1qp3n1/2bP4/5P2/2P3PP/P2N2B1/R1BK3R b - - 0 18,vssf1_win_d8,42,-7.265,0.0,-7.59,-1.14,quiet,0,0,0,0,
r1br2k1/pp2pp1p/1q4p1/1B1P2N1/4N1n1/PQ4P1/3B1P1P/R5K1 b - - 2 23,vssf1_win_d8,21,2.709,0.0,2.9,1.13,quiet,2,1,0,0,
2bk1b1r/rp1nppp1/3n4/2PN3p/1P3B2/p3PN2/P4PPP/R3KB1R b KQ - 0 17,vssf1_win_d8,42,2.439,0.0,3.5,1.37,quiet,0,1,0,0,
rnb1k2r/1p4p1/p3pq2/2bp2Np/8/PPNB4/1P3PPP/R1BQR1K1 b kq - 0 13,vssf1_win_d8,5,4.205,0.0,4.77,-0.74,quiet,2,1,0,0,
r1b1kb1r/ppqp1pp1/2n1pn1p/2p5/P1B1PP2/2NP4/1PP1N1PP/R1BQK2R b KQkq - 0 7,vssf1_win_d8,0,0.074,0.0,1.07,-0.16,quiet,0,0,0,0,
8/6k1/6P1/4K3/8/8/8/8 w - - 11 95,gnt_mob_base_s4,128,1.664,0.0,0.0,0.0,quiet,1,2,0,0,
8/4k3/2p4P/1p2p3/8/p5P1/Pr3P2/5K2 w - - 0 53,sfelo2400_big,117,-9.658,0.0,-5.24,-0.4,quiet,1,0,0,0,
8/8/1p2k3/1pp1P3/4K2p/2PN4/4n3/8 w - - 2 39,vssf1_win_d8,117,-6.252,0.0,-4.03,0.36,ks,3,3,0,0,
6k1/4bppp/4p3/8/r7/8/4NPPP/6K1 w - - 0 32,vssf1_win_d8,106,-11.246,0.0,-7.4,0.0,quiet,0,0,0,0,
1k6/2R5/1PB4r/p5p1/N1p3p1/8/5P1P/6K1 w - - 0 61,vssf1_win_d8,96,11.758,0.0,7.89,0.0,ks,1,3,0,0,
4k3/2bn1p2/7r/p2B2p1/3P4/PP2PP1P/4K2P/2R5 w - - 0 30,vssf1_win_d8,90,5.107,0.0,-0.07,0.16,quiet,0,1,0,0,
1k6/pp2qrb1/2p5/3p4/3P1N2/4P1P1/PPQK1P2/R7 b - - 2 26,vssf1_win_d8,53,-0.445,-2.1,1.43,-1.62,quiet,1,0,0,0,
2R2b1r/3kp2p/5pp1/q7/3P1B2/5bP1/1p3P1P/2R3K1 w - - 0 23,vssf1_win_d8,58,-3.577,2.34,-11.76,0.0,ks,1,3,0,0,
1r4k1/5p1p/4b1p1/3pq3/2p3P1/R4B1P/1r2P3/R1Q4K b - - 3 40,vssf1_win_d8,32,-3.648,0.0,-4.08,-0.99,quiet,1,0,0,0,
3r4/ppkb2b1/8/P1nBppp1/2P5/R3NP1r/2P1P3/4K1R1 b - - 1 25,vssf1_win_d8,58,-4.77,0.0,-6.22,0.01,quiet,0,2,0,0,
2rqkbn1/4pp1r/p1p1P1p1/6Bp/P2P1N2/5Q2/1P3PPP/R4RK1 b - - 1 16,vssf1_win_d8,21,2.863,1.26,3.49,2.01,quiet,0,2,0,0,
r2r2k1/pp1bpp1p/1q4p1/1B1P2N1/4N1n1/PQ4P1/3B1P1P/R5K1 w - - 3 24,vssf1_win_d8,21,2.311,0.0,2.38,0.93,quiet,2,1,0,0,
2q2k1r/p4n1p/1p1p2p1/3Nn3/2b1BRPb/4P2P/PP1B4/R2Q2K1 b - - 5 25,vssf1_win_d8,16,2.726,0.54,2.61,-0.27,quiet,2,2,0,0,
r1b1k2r/1p1nbp1p/p1n1p3/q3P3/4N1p1/P1PB2B1/1P3PPP/R2QK2R w KQkq - 2 16,vssf1_win_d8,5,-3.024,0.0,-0.8,0.52,quiet,0,0,0,0,
rn1qkbnr/1b1p2pp/4p3/1pp2p2/8/N2PPNP1/PP3PBP/R1BQ1RK1 b kq - 1 9,vssf1_win_d8,0,-0.023,0.0,0.63,0.08,quiet,0,0,0,0,
8/5p1p/4k1p1/pp3p2/P2P1P2/1K4PP/8/8 b - - 0 40,gnt_mob_base_s4,128,-0.958,0.0,-2.39,0.27,quiet,2,2,0,0,
7R/8/8/8/8/6kp/6p1/6K1 w - - 19 77,sfelo2400_big,117,0.561,0.0,1.1,3.41,ks,3,2,0,0,
8/1p1b4/3k4/5p1P/2P5/3P1NP1/5K2/8 b - - 0 43,vssf1_win_d8,117,6.52,0.0,3.92,0.14,quiet,0,2,0,0,
8/5k2/3P1p2/1q4p1/8/8/1B1R4/1K6 b - - 0 59,vssf1_win_d8,90,-5.821,0.0,-3.68,-3.06,quiet,1,2,0,0,
4k1n1/8/4qp2/3p1R2/P2Q4/8/1P4P1/6K1 w - - 2 33,vssf1_win_d8,69,6.494,0.0,4.12,-0.75,quiet,0,0,0,0,
1r4k1/p1p2pp1/7p/1p6/1P1q1P2/P6P/1r4P1/5RRK w - - 2 30,vssf1_win_d8,64,-14.617,0.0,-13.96,0.0,quiet,2,0,0,0,
2r3k1/3r3p/4p1p1/p1p5/2n1PP2/1pP2P2/5R2/BR4K1 w - - 0 31,vssf1_win_d8,74,-3.873,0.0,-5.05,-0.17,quiet,0,0,0,0,
4r3/ppp2Nk1/1bn1Bp2/3Np3/3p4/P2P2P1/1PP2P1P/5RK1 w - - 2 26,vssf1_win_d8,80,7.902,0.0,4.91,1.46,ks,0,3,0,0,
rnk1r3/3b1R2/2p1p3/8/1P1P1B2/p4B2/P4PP1/4R1K1 b - - 0 33,vssf1_win_d8,64,5.04,1.26,4.75,0.94,quiet,0,2,0,0,
6k1/3nbpp1/4p2p/qb1p4/3P1P2/Pp3BPP/1Br1P3/Q4RK1 w - - 6 33,vssf1_win_d8,37,-6.317,0.0,-6.88,-0.57,quiet,0,0,0,0,
rnb1rk2/pp1p1p1p/2p1q3/7B/8/6Q1/PPPB1PPP/R5KR w - - 6 17,vssf1_win_d8,21,4.133,3.06,7.46,6.93,quiet,0,2,0,0,
r4rk1/pb2qppp/1p2pn2/4b3/1Pp5/P1N1P3/1B3PPP/2R1KQ1R b K - 5 17,vssf1_win_d8,16,-8.065,0.0,-7.33,-0.53,quiet,0,0,0,0,
q2b1knr/pp4pp/2npbp2/3Np3/2P5/4B1P1/PP2PP1P/R2QKB1R w KQ - 0 13,vssf1_win_d8,16,1.107,0.0,1.64,-0.1,quiet,0,1,0,0,
r2qr1k1/5pbp/2pp1np1/p4b2/1B1PP3/2NB1N1P/PRP2PP1/3QK2R b K - 0 16,vssf1_win_d8,5,2.449,0.0,4.72,0.3,quiet,0,0,0,0,
1r3rk1/pPpqppbp/2npb1pn/8/Q4P2/2P3PN/1P1PP1BP/RNB1K2R b KQ - 2 10,vssf1_win_d8,0,-2.85,0.0,0.99,-0.38,quiet,0,0,0,0,
6k1/1p6/6p1/1pPK2P1/1P5P/8/8/8 w - - 7 54,gnt_mob_base_s3,128,4.703,0.0,2.69,0.22,quiet,2,0,0,0,
8/8/8/8/3K4/8/5R2/4k3 w - - 39 101,sfelo2400_big,117,10.693,0.0,53.64,0.0,quiet,0,1,0,0,
6k1/ppb2p1p/4p1p1/P7/1r6/4BP1P/RP6/5K2 b - - 3 32,vssf1_win_d8,96,-2.907,0.0,-2.34,-0.85,quiet,0,0,0,0,
1r2r2k/6pp/5p2/8/P2p2P1/5P2/5R2/4qQ1K b - - 3 48,vssf1_win_d8,53,-9.663,0.0,-9.69,-1.15,quiet,0,0,0,0,
8/3r3p/4k1r1/p1p1np2/7R/1pP2P2/8/BR5K w - - 10 38,vssf1_win_d8,74,-5.288,0.0,-5.76,-0.84,quiet,1,0,0,0,
r3k3/pp3p2/1q2p2p/3p4/3P1P1b/PP3P1P/3NB3/R4RK1 b q - 0 22,vssf1_win_d8,58,-3.175,0.0,-3.77,-1.99,quiet,1,0,0,0,
rn2r3/1k1b1R2/2p1p3/8/3P1B2/pP3B2/P4PP1/4R1K1 b - - 4 32,vssf1_win_d8,64,4.902,0.0,5.13,0.43,quiet,0,2,0,0,
2rq2k1/3nbpp1/4p2p/3p4/2bP1P2/Pp2BBPP/4P3/Q1R3K1 w - - 0 30,vssf1_win_d8,37,-5.387,0.0,-6.19,-0.46,quiet,0,0,0,0,
rnbqk2r/pppp1ppp/5P2/8/2B5/2p5/PPPP1PPP/R1BQK2R b KQkq - 0 7,vssf1_win_d8,21,2.652,1.44,3.13,2.18,quiet,1,2,0,0,
r5k1/pb3ppp/1p2p3/8/PPpbPPn1/2Nr2Pq/1B2Q2P/2R1K2R w K - 1 23,vssf1_win_d8,16,-12.301,-3.96,-18.92,-12.94,ks,4,0,0,0,
2rq1rk1/1p1b1ppp/p2pp3/7n/2PQ1P1b/4P3/PP1BN1P1/R2K1B1R w - - 4 15,vssf1_win_d8,10,-0.7,0.0,-2.85,-1.33,quiet,1,1,0,0,
r1bqkbnr/pp3ppp/2N5/1B6/4p3/8/PP3PPP/RNBQK2R b KQkq - 0 8,vssf1_win_d8,5,1.359,0.36,5.52,2.63,quiet,1,2,0,0,
r4rk1/qpp1ppbp/p1npb1p1/P6n/R3PP2/NPP3PP/3P1NB1/2BQK2R b K - 2 15,vssf1_win_d8,0,-1.06,0.0,-1.73,-0.44,quiet,1,0,0,0,
8/1p6/2p1k1p1/1pP1p3/PP2K1PP/8/8/8 w - - 0 48,gnt_mob_base_s3,128,0.154,0.0,1.52,-0.06,ks,4,3,0,0,
8/5B1k/8/6K1/7P/8/8/8 b - - 26 85,sfelo2400_base200,0,0.0,0.0,-0.13,1.3,quiet,1,2,0,0,
8/8/8/1pBk4/1P2pp2/7K/1r6/8 b - - 3 50,vssf1_win_d8,112,-10.636,0.0,-7.41,-2.91,quiet,2,2,0,0,
6k1/p7/8/2B2p2/8/6Pp/7P/4K1Qq b - - 37 57,vssf1_win_d8,80,6.288,0.0,2.08,-1.36,quiet,0,1,0,0,
2k5/1n1n4/R7/2pNp2p/4P3/4PPP1/P6P/6K1 w - - 0 49,vssf1_win_d8,101,9.356,0.0,8.11,4.61,quiet,0,1,0,0,
1r2r2k/6pp/5p2/8/Pq1p2P1/5P2/5R2/5Q1K w - - 4 49,vssf1_win_d8,53,-10.322,0.0,-9.76,-2.28,quiet,0,0,0,0,
2rk4/R6R/3br1p1/3Np3/1P2P2P/6P1/2p5/2K5 w - - 4 36,vssf1_win_d8,74,-0.141,0.0,2.97,2.92,ks,2,3,0,0,
rn1k3r/3b4/2p1pR1p/6p1/3P3P/pP3B2/P4PP1/2B1R1K1 b - - 2 28,vssf1_win_d8,64,1.088,0.0,3.08,1.13,quiet,0,0,0,0,
r1b1Q3/2p4k/1pP1P3/rP1p3P/5B1b/2Nn1P1P/4N2K/8 w - - 1 46,vssf1_win_d8,53,14.366,5.07,9.26,9.0,ks,1,3,0,0,
rnbr1k2/pp1p1p1p/2p1q3/7B/8/2B3Q1/PPP2PPP/R5KR w - - 8 18,vssf1_win_d8,21,6.164,3.96,10.78,10.2,ks,0,3,0,0,
2rk3r/2qn1P2/p2pQ2p/4b3/PP1NB1P1/6P1/3B1P2/RN4K1 b - - 0 23,vssf1_win_d8,21,10.346,3.96,11.45,4.78,quiet,0,2,0,0,
r1b2rk1/1p1qbp1p/p1n3p1/2p1p3/7P/PPPBP3/2Q2PPN/R1B1K2R w KQ - 0 14,vssf1_win_d8,10,-0.699,0.0,-2.01,0.04,quiet,0,0,0,0,
r1bqk1nr/5ppp/n1p1p3/p2p4/8/2P2N1P/PPQ1PPPb/RN2KB1R w KQkq - 0 10,vssf1_win_d8,5,-4.007,0.0,-4.13,-0.08,quiet,0,0,0,0,
r4rk1/qpp1p1bp/p3b1p1/P1P2n2/R4PQ1/NP1p3P/3PnNB1/2B1K1R1 w - - 3 23,vssf1_win_d8,0,-1.359,0.0,-7.27,-0.72,quiet,1,0,0,0,
8/1p2k3/1pp3p1/4p3/P1P4P/1P2K1P1/8/8 b - - 0 43,gnt_mob_base_s3,128,0.276,0.0,1.07,-0.02,quiet,1,0,0,0,
8/7k/5K2/8/7P/8/4B3/8 b - - 50 97,sfelo2400_base200,0,0.0,0.0,-0.13,0.77,quiet,1,1,0,0,
8/p6p/1n1Pk3/1PB5/2p5/P1K3P1/7P/8 b - - 5 49,vssf1_win_d8,117,5.575,0.0,2.88,-0.83,quiet,2,2,0,0,
6k1/p7/2Q5/2B2p2/1K6/6Pp/q6P/8 b - - 11 44,vssf1_win_d8,80,4.812,0.0,2.65,-1.29,quiet,1,1,0,0,
1k6/3n4/8/2nNp2R/2p1P2P/4PPP1/P7/6K1 w - - 1 52,vssf1_win_d8,101,11.304,0.0,8.78,0.85,quiet,0,1,0,0,
2Q5/3P2bk/6p1/1p1r4/8/1P1n3P/5PP1/4R1K1 w - - 1 37,vssf1_win_d8,74,11.923,0.0,8.31,0.8,quiet,1,1,0,0,
4k1r1/R3n3/2r1pR2/3PB3/1P4pP/4P3/4PK1P/8 b - - 0 50,vssf1_win_d8,74,5.228,0.0,7.38,4.85,quiet,1,2,0,0,
2r2rk1/1p2Rp1p/2b1p1p1/p2pN3/8/3B4/PP3PPP/4R1K1 w - - 0 22,vssf1_win_d8,69,2.407,0.0,3.34,0.53,quiet,0,2,0,0,
r1q3k1/1p2bppp/p4n2/2p1p3/2P1P2Q/1P2BP2/P3N2P/1K1R4 b - - 0 24,vssf1_win_d8,42,-0.6,0.0,-0.79,-0.12,quiet,0,1,0,0,
r4k1r/1p3ppp/3b1nn1/p5B1/4p3/2P5/PP2BPPP/R2R2K1 w - - 0 18,vssf1_win_d8,58,-2.285,0.0,-2.35,0.11,quiet,1,0,0,0,
rnb1r1k1/pppp1pPp/8/3B4/7q/2p5/PPPP1PPP/R1BQ1K1R b - - 4 10,vssf1_win_d8,21,-1.091,-1.26,1.85,-0.26,quiet,2,2,0,0,
2k2r1r/pp1np2n/2p3pp/2P2b2/4N2N/2b1Q1P1/P4PBP/1R4K1 w - - 0 25,vssf1_win_d8,37,6.565,0.0,3.59,1.33,quiet,0,1,0,0,
1nbqk2r/r4p1p/pp1P1p1n/2p1p3/P1B5/1Q2PN2/1P3PPP/R1B2RK1 w k - 0 15,vssf1_win_d8,10,1.704,0.0,3.09,0.65,quiet,0,2,0,0,
2Rqkb1r/1b3pp1/p3nn1p/1p1p1N2/1P6/P3P3/1B1NBPPP/3Q1RK1 b k - 0 16,vssf1_win_d8,10,2.61,0.0,9.77,2.37,quiet,0,2,0,0,
r4rk1/qpp1p1bp/p1n1b1p1/P2p1n2/R1N2P2/1PP4P/3P1NB1/2BQK1R1 w - - 0 19,vssf1_win_d8,0,-3.487,-1.26,-4.37,-0.7,quiet,1,0,0,0,
8/8/4k3/8/7P/8/5P2/7K b - - 0 46,gnt_mob_base_s3,128,4.74,0.0,0.8,0.0,quiet,0,0,0,0,
8/5B1k/7p/7K/7P/p7/8/8 w - - 1 64,sfelo2400_base200,122,5.275,0.0,0.13,0.33,quiet,2,2,0,0,
R7/8/8/4kp2/3p4/2r3P1/3K3P/8 b - - 2 63,vssf1_win_d8,106,-1.773,0.0,-0.13,-1.13,quiet,2,1,0,0,
8/5k2/1B1K4/2Q2p2/1q6/6Pp/7P/8 b - - 22 69,vssf1_win_d8,80,7.037,0.0,2.38,-2.33,quiet,2,1,0,0,
6k1/2R5/6p1/p2r3p/3b1B2/1P4PP/P3KP2/8 b - - 8 37,vssf1_win_d8,96,3.075,0.0,2.31,1.36,quiet,1,1,0,0,
r3kn2/4n1Q1/2p3p1/p7/2pP1p2/2P2N1P/PP3PP1/6K1 w q - 0 25,vssf1_win_d8,80,9.055,0.0,5.67,1.94,quiet,0,1,0,0,
r3k3/3R1p1p/5p1r/3N4/4PP2/6P1/2P3BP/1R4K1 b - - 0 31,vssf1_win_d8,74,11.351,0.0,11.37,0.0,quiet,1,2,0,0,
2r3k1/6pp/2q2p2/3p3Q/p1rPp3/6P1/2n4P/1R1R3K w - - 4 67,vssf1_win_d8,37,-10.67,0.0,-7.5,0.0,quiet,0,1,0,0,
2kr1b2/pp2r3/n1p1p1Rp/3pN2R/3P4/2P1P3/PP1N1P2/2K5 b - - 3 24,vssf1_win_d8,64,0.396,0.0,1.91,0.08,quiet,0,1,0,0,
r1b1kb1r/1p3ppp/p1n1p3/8/1p5P/6Q1/PPP2PP1/R3KB1R w KQkq - 2 13,vssf1_win_d8,42,3.212,0.0,3.24,-0.15,quiet,0,0,0,0,
r3k2r/2p5/2p2bp1/2p2b1p/pqP1NP1P/Q1N1p1P1/PP2P1K1/R1R5 b kq - 2 25,vssf1_win_d8,21,-0.676,1.98,1.02,0.48,quiet,2,0,0,0,
5rk1/pp1b1pp1/q3p2p/7P/3PP1n1/1Q2b3/PPN1R1P1/2r1NK1R b - - 15 26,vssf1_win_d8,16,-8.622,-2.52,-13.89,-8.36,ks,4,0,0,0,
1nbqk1nr/r4p1p/pp1P1p2/2p1p3/P1B1P3/1Q3N2/1P3PPP/R1B2RK1 w k - 1 16,vssf1_win_d8,10,2.196,0.0,4.34,0.91,quiet,0,2,0,0,
rn1qkb1r/1b1p1ppp/p3pn2/2pP4/1pP1P3/5NP1/PP2NP1P/R1BQKB1R b KQkq c3 0 8,vssf1_win_d8,0,-1.029,0.0,0.79,-0.15,quiet,0,0,0,0,
8/5p2/8/7p/5K2/7k/8/8 w - - 2 51,gnt_mob_base_s3,128,-5.522,0.0,-1.29,0.24,quiet,2,1,0,0,
6k1/8/5K2/7B/7P/8/8/8 w - - 1 73,sfelo2400_base200,0,0.0,0.0,0.13,1.18,quiet,1,2,0,0,
8/7p/2p2k2/3p3P/3p1PB1/3P4/1r6/6K1 w - - 1 42,vssf1_win_d8,112,-5.018,0.0,-4.37,-1.18,ks,1,3,0,0,
2kr4/5p2/1p5p/p1p5/P1P1pPP1/1PP1P3/3R1K2/3q4 w - - 0 43,vssf1_win_d8,85,-9.915,0.0,-10.91,0.0,quiet,2,1,0,0,
5k2/2R5/5bp1/p4r1p/4KB2/1P4PP/P4P2/8 b - - 16 41,vssf1_win_d8,96,3.559,0.0,2.59,1.32,ks,3,1,0,0,
6R1/5p2/2n4k/8/P4NP1/8/2b1BK1P/8 w - - 1 57,vssf1_win_d8,96,13.032,0.0,8.2,0.0,ks,0,3,0,0,
3rk2N/pp4pp/8/8/8/2N1P1P1/Pn1nPK1P/3R4 w - - 0 23,vssf1_win_d8,85,1.864,0.0,0.63,0.42,quiet,1,1,0,0,
2r1k3/pp3p2/q3p2b/3p4/1B1P4/1P2P1P1/P3NP2/R4KN1 w - - 1 20,vssf1_win_d8,64,-3.063,0.0,-3.73,0.16,quiet,1,1,0,0,
r3n2r/1p1kp2p/1pp1p1pb/3pP3/5PPP/2P1P3/PP1N4/R3KB1R b KQ - 0 17,vssf1_win_d8,64,1.312,0.0,0.72,0.43,quiet,0,1,0,0,
1N3k1r/p2Qnr2/3bppp1/5b1p/2pN1P2/4P3/P1PP2PP/5RK1 w - - 0 22,vssf1_win_d8,48,6.759,0.0,5.04,2.75,quiet,0,1,0,0,
r3k2r/2p3b1/2p3p1/2p2bNp/pqP4P/Q1N1pPP1/PP2P1K1/R1R5 b kq - 1 23,vssf1_win_d8,21,-2.866,0.0,0.38,-0.14,quiet,2,1,0,0,
r1b1kb2/pp1n1pp1/7r/3PP2p/4N3/1P2R1P1/PB1N2BP/R6K w q - 1 23,vssf1_win_d8,48,7.029,0.0,7.69,0.57,quiet,0,0,0,0,
r4rk1/1p3ppp/pqb1pn2/n7/P1BP4/1P1Q4/3NNPPP/R2R2K1 b - - 4 17,vssf1_win_d8,10,0.908,0.0,-1.07,0.04,quiet,1,1,0,0,
5rk1/1bpnrppp/pp1b3q/3p4/3P4/PP3BP1/1B1N1P1P/R2Q1KNR w - - 2 17,vssf1_win_d8,5,1.758,0.0,1.12,-1.09,quiet,1,0,0,0,
r3kbnr/1p3p2/p1n1bqp1/1P4Np/2Pp4/3P1B2/5PPP/RNBQ1RK1 b kq - 0 13,vssf1_win_d8,0,0.217,0.0,2.32,0.26,quiet,0,1,0,0,
8/5p2/8/2K4p/6kP/6P1/8/8 w - - 3 48,gnt_mob_base_s3,128,0.128,0.0,-0.81,-0.08,quiet,0,2,0,0,
8/8/8/4K3/1k6/6R1/8/8 b - - 6 77,sfelo2400_base200,117,10.469,0.0,53.55,0.0,quiet,0,1,0,0,
8/p1k2B2/1p1p4/2p2P1p/1PP5/P3K1P1/6bP/8 b - - 2 49,vssf1_win_d8,117,1.117,0.0,3.5,0.04,quiet,2,0,0,0,
8/1p1k1ppp/3Np3/3rP1P1/P7/1P2n3/8/K7 b - - 4 40,vssf1_win_d8,106,-11.264,0.0,-7.53,0.0,quiet,0,2,0,0,
8/N4R1p/8/3B2k1/P5P1/4r3/2K5/8 w - - 0 43,vssf1_win_d8,96,14.569,0.0,8.78,0.0,quiet,1,2,0,0,
8/5p2/4b1k1/2n3pN/P7/8/3RBPPP/6K1 w - - 1 50,vssf1_win_d8,96,12.049,0.0,7.62,0.0,quiet,0,2,0,0,
2r5/pp5p/1b3k2/8/4p1rP/3bP2R/5P2/R6K w - - 0 44,vssf1_win_d8,74,-14.233,0.0,-10.19,0.0,quiet,1,1,0,0,
4k3/pp3p2/4p2b/3p4/1B1P4/PP2P1P1/2r1NPq1/3RK1N1 b - - 6 24,vssf1_win_d8,64,-4.74,-1.65,-4.67,-1.63,quiet,2,1,0,0,
r4b1r/1p1kp1pp/1pp1p3/3pP2n/8/2P1P1PP/PP3P2/RN2KB1R b KQ - 0 13,vssf1_win_d8,64,0.893,0.0,0.54,0.69,quiet,0,1,0,0,
1N3k1r/p3nrp1/3bpp2/1Q3b1p/2pN1P2/4P3/P1PP2PP/5RK1 w - - 5 21,vssf1_win_d8,48,4.056,0.0,4.63,1.41,quiet,0,1,0,0,
3r2k1/1p3p2/4q3/1pn5/3bppPP/r7/4QP2/1R1N1KNR w - - 0 27,vssf1_win_d8,21,-5.916,-1.62,-6.09,-1.29,quiet,1,0,0,0,
r3kb1r/1b3ppp/p3pn2/q7/P2B4/4Q2P/3N1P2/R3K1R1 b Qkq - 0 22,vssf1_win_d8,16,-7.405,0.0,-7.24,-0.98,quiet,1,0,0,0,
r1b1kb1r/pp3ppp/2n1p3/1NP5/2B3n1/4P3/PP3P1P/R1BK2NR w kq - 0 11,vssf1_win_d8,42,-0.8,0.0,-1.86,-0.62,quiet,0,0,0,0,
2kr3r/pb1pqp1p/np2p1pb/2p5/2PPNN2/8/PP2BPPP/R1BQ1RK1 w - - 0 13,vssf1_win_d8,5,4.165,0.0,3.63,1.1,quiet,0,0,0,0,
r3kbnr/1p3p1p/p1n1bqp1/6N1/1pPp4/P2P1B2/5PPP/RNBQ1RK1 w kq - 2 12,vssf1_win_d8,0,-0.722,0.0,0.19,0.19,quiet,0,1,0,0,
8/5p2/5k2/7p/1K5P/6P1/8/8 b - - 0 46,gnt_mob_base_s3,128,0.252,0.0,-0.82,-0.54,quiet,0,1,0,0,
8/4K3/4p3/1p2k3/1P6/3b4/8/8 w - - 4 81,sfelo2400_base200,122,-10.473,0.0,-4.06,-0.15,quiet,1,1,0,0,
1k6/2p5/R3P3/1P1K2p1/2P5/8/8/6r1 w - - 0 52,vssf1_win_d8,106,5.141,0.0,4.62,0.87,quiet,1,1,0,0,
2r5/pp2p3/5kp1/P4p2/2PN4/1b2P3/6P1/6K1 b - - 7 33,vssf1_win_d8,106,-12.348,0.0,-7.38,0.0,quiet,0,1,0,0,
8/4p3/2b1kp2/1pB3p1/pP2P1P1/b1P2B2/2K5/8 w - - 4 42,vssf1_win_d8,106,-1.878,0.0,-1.58,0.0,ks,2,3,0,0,
2r5/pp1krppp/8/3P4/3P1B2/PPN4P/6P1/3R1K2 b - - 0 26,vssf1_win_d8,85,4.315,0.0,2.51,0.66,quiet,1,2,0,0,
r1b3k1/1p6/p3pr2/P5pp/1PPR4/5B1P/5PP1/3R1K2 w - - 0 41,vssf1_win_d8,74,3.306,0.0,3.69,0.79,quiet,0,0,0,0,
5r2/1p1kp1b1/4p1Pp/3pP2R/2n2P2/r7/1p2N3/1B1R2K1 w - - 4 43,vssf1_win_d8,64,-3.334,0.0,-4.01,-0.22,quiet,0,1,0,0,
3qk1r1/1r3ppp/Q2P4/5b2/1p1Rp3/B1P5/PK2BP1P/4R3 w - - 0 26,vssf1_win_d8,26,10.31,2.88,8.39,2.64,quiet,1,1,0,0,
r2r2k1/pp3p2/4q3/1Pn5/3bppPP/8/P3QP2/1R1NK1NR b K - 0 24,vssf1_win_d8,21,-4.047,-2.7,-8.33,-5.76,quiet,1,0,0,0,
2q2rk1/3nb1pp/5p2/Q1p1pP2/3pb3/PP1N4/3BB1PP/1R3RK1 w - - 0 22,vssf1_win_d8,21,4.951,0.0,3.74,0.1,quiet,1,0,0,0,
r4r1k/1p2q1pp/2pp1n2/2n1pB2/1pQbP3/P1N3P1/2PB1P1P/4RRK1 w - - 0 19,vssf1_win_d8,10,0.37,0.0,-2.69,0.22,quiet,1,2,0,0,
1q1k1b1r/5ppp/P3rnb1/3pBN2/Rp6/1P1BPQ1P/3P2P1/1N3RK1 b - - 0 27,vssf1_win_d8,5,4.507,0.0,8.15,1.57,quiet,0,2,0,0,
rn1qk2r/1b2bppp/pp1ppn2/2p5/3PP3/2PB1N2/PP1N1PPP/R1BQ1RK1 w kq - 0 9,vssf1_win_d8,0,0.533,0.0,2.37,0.84,quiet,0,0,0,0,
8/5p2/8/5k1p/1K5P/6P1/8/8 w - - 1 47,gnt_mob_base_s3,128,0.283,0.0,-0.5,-0.54,quiet,0,2,0,0,
8/5K2/4p3/1p2k3/1P6/8/4b3/8 w - - 8 83,sfelo2400_base200,122,-10.162,0.0,-4.1,-0.51,quiet,1,1,0,0,
4k3/2R2N2/pp4p1/8/5P2/1P2pb2/P7/4K3 b - - 4 45,vssf1_win_d8,106,5.273,0.0,4.61,7.06,quiet,2,2,0,0,
8/2pk1p1p/1q3pp1/3P4/4P3/3p1K1P/r4PP1/3Q1R2 b - - 5 25,vssf1_win_d8,64,-2.756,-1.53,-2.19,-0.74,ks,3,1,0,0,
2r5/5pkp/pp2q3/3p2P1/3Pb3/6Q1/3R4/3K4 b - - 1 37,vssf1_win_d8,58,-8.451,0.12,-9.28,-2.93,quiet,2,1,0,0,
8/4r2p/p1Bp3P/1p6/r1nR2p1/2P1k3/5p2/1K1R4 b - - 3 44,vssf1_win_d8,74,-8.188,0.0,-6.74,1.85,ks,2,4,0,0,
2r3k1/7p/2pBpnp1/1p1pN3/3P4/3BPP1P/1q4PK/4Q3 b - - 0 29,vssf1_win_d8,53,0.036,0.0,3.3,1.31,quiet,1,2,0,0,
7r/1p1kp1b1/1p2p2p/3pP1P1/1n3P2/rN2P3/P6R/1BR1K3 w - - 0 30,vssf1_win_d8,64,2.809,0.0,0.81,0.22,quiet,0,2,0,0,
4k1r1/1r3ppp/p4q2/Qp1P1b2/3Rp3/B1P5/PK2BP1P/4R3 w - - 6 24,vssf1_win_d8,26,6.345,1.98,5.36,1.07,quiet,0,2,0,0,
3r2k1/1p3p2/4q3/1pn3P1/3bp2P/5p2/rNQ2P2/1R3KNR b - - 3 29,vssf1_win_d8,21,-6.246,-1.8,-7.62,-1.28,quiet,2,0,0,0,
r4rk1/pp2pp1p/1Q2bnp1/3n4/3P4/4PB2/PP1NN1PP/2R1K2R b K - 0 15,vssf1_win_d8,32,1.194,0.0,12.13,0.0,quiet,0,0,0,0,
r2q1rk1/1p4pp/n1pppn2/p1b5/4P3/P1N3P1/1PP1QPBP/R1B2RK1 w - - 2 13,vssf1_win_d8,10,-0.378,0.0,0.93,0.15,quiet,1,0,0,0,
r1bqk2r/pp3ppp/2n2n2/3p4/4p3/1NbP2PP/PP2PPB1/R1BQ1RK1 w kq - 0 12,vssf1_win_d8,5,-1.367,0.0,-3.58,-0.38,quiet,0,0,0,0,
1rbqk2r/2p1bppp/2n1p3/2n1P3/7P/2P1QN2/3N1PP1/R1B1KB1R b KQk - 0 16,vssf1_win_d8,0,0.146,0.0,-0.02,-0.09,quiet,1,0,0,0,
6k1/8/p4K2/1p4P1/P5P1/8/8/8 w - - 0 43,gnt_mob_base_s3,128,5.18,0.0,2.04,0.84,quiet,1,1,0,0,
6N1/1p3p2/4kP2/4p2P/P7/5K1P/8/8 b - - 0 59,sfelo2400_base200,122,9.479,0.0,5.49,0.56,quiet,1,2,0,0,
8/7p/4Q1p1/2p2p2/8/6PP/3pr3/3k3K w - - 6 55,vssf1_win_d8,96,2.854,0.0,-0.95,1.76,quiet,1,1,0,0,
4k3/2R2N2/pp4p1/7b/5P2/1P2p3/P7/4K3 w - - 5 46,vssf1_win_d8,106,6.101,0.0,4.98,7.3,quiet,2,2,0,0,
8/5p2/1p3kp1/p3pr1p/R4R1P/P7/7r/6K1 b - - 1 43,vssf1_win_d8,85,-7.004,0.0,-5.72,0.11,quiet,1,2,0,0,
2n1k3/3q3p/3p1pr1/3R1N2/4P3/2Q5/5PPP/6K1 b - - 6 33,vssf1_win_d8,53,3.92,1.14,3.93,2.18,quiet,1,1,0,0,
2r1n1k1/7p/2pBp1p1/1p1pN3/3P4/3BPP1P/1q4PK/4Q3 w - - 1 30,vssf1_win_d8,53,1.499,1.14,3.57,1.97,quiet,1,2,0,0,
2q1kn2/3r1pp1/4p3/1Q2n1N1/2P4p/7P/P2R1PP1/3R2K1 w - - 3 34,vssf1_win_d8,37,8.659,0.0,7.09,3.31,ks,0,3,0,0,
3r1rk1/2R2n2/1p1P1bp1/1P2np2/1B2p3/P3P3/1P2BPP1/3R2K1 b - - 3 28,vssf1_win_d8,58,-0.687,0.0,0.15,0.34,quiet,0,1,0,0,
4k1nr/r1pn1pp1/p3pq2/7p/pN1P4/1P2PQ2/3KBPPP/R6R w k - 0 16,vssf1_win_d8,21,-1.221,0.0,0.15,-0.68,quiet,0,0,0,0,
r2Nk3/n1pb2p1/p2b1pp1/8/1p1PP3/1B4r1/PP3K2/R1BQ1R2 b q - 1 22,vssf1_win_d8,32,5.835,0.18,11.19,0.0,quiet,2,2,0,0,
r3kbr1/1pqb1Npp/p2p1B2/3Npp2/4P3/1n6/PPP2PPP/R2Q1RK1 b - - 1 17,vssf1_win_d8,10,2.066,1.62,6.03,5.08,ks,0,3,0,0,
2kr3r/pp2ppb1/3qb2p/2p5/1nN4P/1N1P2P1/PP2QPB1/R1B2RK1 b - - 3 17,vssf1_win_d8,5,3.571,0.0,5.89,1.34,quiet,0,1,0,0,
1rbqk2r/2pnbppp/2n1p3/1p2P3/8/2P2N2/1P1NQPPP/R1B1KB1R b KQk - 1 13,vssf1_win_d8,0,0.315,0.0,0.37,0.08,quiet,0,0,0,0,
8/pp6/4k3/6P1/6PK/8/P7/8 w - - 3 38,gnt_mob_base_s3,128,2.829,0.0,2.05,-0.53,quiet,0,2,0,0,
7k/4r2p/3PP2P/8/P7/2P1P1p1/8/1K6 b - - 0 49,sfelo2400_base200,117,-0.483,0.0,-1.39,-0.08,quiet,0,1,0,0,
6k1/5R2/4p3/8/1p2p3/4Pb2/1P3P1P/4K3 w - - 1 31,vssf1_win_d8,112,5.488,0.0,3.37,1.1,quiet,1,1,0,0,
8/4k3/7R/4N2b/1p3P2/1P2p3/P7/4K3 b - - 4 51,vssf1_win_d8,106,9.648,0.0,6.88,0.0,quiet,2,2,0,0,
8/kpR5/p7/3nN1P1/P7/1b1P4/7P/7K w - - 1 38,vssf1_win_d8,101,9.071,0.0,6.0,-0.38,quiet,0,1,0,0,
4r2k/2R3p1/5q2/Q2pr2p/p2P1pP1/P2B4/1P3PP1/6K1 w - - 0 37,vssf1_win_d8,48,2.803,0.0,-0.63,-1.0,quiet,0,2,0,0,
1r3rk1/4pp1p/6p1/5Q2/1pP5/q7/1R2NPPP/1K5R b - - 0 24,vssf1_win_d8,37,-6.985,-3.24,0.27,-2.35,quiet,1,1,0,0,
r7/2p1k1p1/5p2/ppb1r3/2Q5/5P1N/Pp1q2PP/1R3K1R w - - 0 27,vssf1_win_d8,32,-0.492,-1.08,-6.72,-2.59,ks,3,1,0,0,
r5k1/7p/p2p2p1/2p5/1pPpPrn1/1Q1P3q/PPN3N1/1R2R1K1 w - - 0 29,vssf1_win_d8,26,-4.103,-6.3,-8.29,-13.2,ks,3,0,0,0,
r2q1rk1/pp6/6Nb/2pP3p/1n2P3/1P2P1P1/1B2QPbP/R3K2R b K - 0 19,vssf1_win_d8,16,-2.451,0.18,-3.88,-1.62,quiet,2,2,0,0,
r1q1kbr1/1p3N1Q/p2pbBp1/3Npp2/4P3/1n6/PPP2PPP/R4RK1 w - - 1 20,vssf1_win_d8,10,8.35,2.16,7.12,5.58,ks,0,4,0,0,
r1bqk2r/2pnbppp/p1n1p3/1p2P3/8/2P2N2/PP1N1PPP/R1BQKB1R w KQkq - 2 11,vssf1_win_d8,0,-0.347,0.0,0.1,0.0,quiet,0,0,0,0,
8/8/8/8/4k2P/8/5PK1/8 w - - 3 48,gnt_mob_base_s2,128,5.623,0.0,1.71,-0.15,quiet,1,2,0,0,
6Q1/K7/P1P5/5k1p/7P/8/5p2/8 b - - 0 55,sfelo2400_base200,106,22.453,0.0,12.59,0.0,quiet,0,2,0,0,
6k1/1R6/4p3/8/1p2p3/1K2P3/1P2bP1P/8 b - - 8 34,vssf1_win_d8,112,6.783,0.0,5.12,0.93,quiet,2,1,0,0,
8/kpp5/p7/3nN1P1/P4R2/1bPP4/7P/7K w - - 1 36,vssf1_win_d8,101,8.721,0.0,5.94,-0.89,quiet,0,0,0,0,
6kr/2BB1ppp/4p3/3n4/8/4PN2/1P3PPP/6K1 w - - 3 27,vssf1_win_d8,96,6.231,0.0,4.08,0.19,quiet,0,0,0,0,
3r2k1/pr4pp/4b3/8/1PB1p3/P3K3/6PP/2R2R2 b - - 3 27,vssf1_win_d8,74,1.349,0.0,1.58,-0.64,quiet,2,1,0,0,
1kr2Q2/1b4Q1/p2r3p/Pp1p4/8/3R4/4N1PP/6K1 b - - 0 41,vssf1_win_d8,42,16.338,3.24,18.16,0.0,quiet,0,2,0,0,
r4rk1/7p/p2p2p1/2p5/1pPpPPn1/1Q1P3q/PPN3N1/1R2R1K1 b - - 0 28,vssf1_win_d8,26,-2.95,-4.86,-4.83,-8.97,quiet,2,0,0,0,
r1b2rk1/1p2qpbp/4p1p1/p1P1N3/3Q4/1P4PP/P4PB1/3RR1K1 b - - 0 23,vssf1_win_d8,21,1.01,0.0,0.94,0.3,quiet,0,1,0,0,
r3k2r/p4ppp/np2p3/2p5/P1BPn2q/1P2P3/2Qb1PRP/R1B2K2 b kq - 5 19,vssf1_win_d8,16,-6.648,-1.44,-4.87,-1.94,ks,3,0,0,0,
r1q1kbr1/1p1b1N1Q/p2p1Bp1/3Npp2/4P3/1n6/PPP2PPP/R4RK1 b - - 0 19,vssf1_win_d8,10,6.785,2.52,8.49,6.4,ks,0,4,0,0,
rnb1k1nr/p1q1p1b1/1ppp2p1/7p/2PP2P1/1P1BPQ1P/P2N1P2/R1B1K2R w KQ - 2 13,vssf1_win_d8,5,0.02,1.44,1.13,2.18,quiet,0,1,0,0,
1n2kb1r/r5pp/P1pqpn2/3b1pN1/3P1N2/3BB3/1PP2P1P/R2QK1R1 w Qk - 1 14,vssf1_win_d8,0,0.972,0.0,2.31,-0.54,quiet,0,1,0,0,
8/8/8/8/6PK/3kP2P/8/8 w - - 1 86,gnt_mob_base_s2,128,7.861,0.0,2.82,-0.54,quiet,0,1,0,0,
4Q3/p6k/8/8/7P/4P1P1/1p3K2/8 w - - 3 40,sfelo2400_base200,106,21.347,0.0,13.23,0.0,quiet,0,1,0,0,
8/3k1p2/1R4p1/P6p/2P5/1P3P2/2b1K1PP/8 w - - 0 38,vssf1_win_d8,112,10.908,0.0,8.54,1.13,quiet,1,1,0,0,
5k2/1R4p1/6p1/6N1/4K3/8/8/b7 w - - 18 60,vssf1_win_d8,106,5.693,0.0,3.43,5.15,quiet,2,2,0,0,
8/6b1/6k1/P2R3p/8/nP4P1/4R1KP/8 b - - 0 40,vssf1_win_d8,96,11.715,0.0,6.96,0.0,quiet,0,1,0,0,
2k1r3/1ppq3p/p2p2p1/8/6P1/3P4/PP1B1QP1/R6K b - - 2 26,vssf1_win_d8,58,1.336,0.0,2.52,-0.34,quiet,0,0,0,0,
2r3k1/5ppp/p3p3/q2p3P/5B2/3n2P1/1P1N1P2/1K5R w - - 2 34,vssf1_win_d8,69,-15.174,0.0,-10.4,0.0,ks,3,0,0,0,
r1b4R/ppp2kpp/8/4p3/2P1Bb1r/P1N5/1P3P2/4RK2 w - - 0 26,vssf1_win_d8,64,2.248,0.87,-0.38,0.81,quiet,0,2,0,0,
3r2k1/5pp1/p1p3p1/2q1p3/b3P2P/3PnP2/3QNR2/1rN1K3 w - - 0 33,vssf1_win_d8,32,-13.97,-2.7,-8.74,0.0,quiet,2,0,0,0,
1q2k2r/4bppp/ppbp1n2/8/N1P5/5B2/PPQ2PPP/4RRK1 b k - 1 22,vssf1_win_d8,26,2.009,0.0,4.13,1.55,quiet,0,1,0,0,
r3k2r/p4ppp/np2p3/2p5/PbBPn2q/1P1QP3/5P1P/R1B2KR1 w kq - 2 18,vssf1_win_d8,16,-5.465,-3.42,-9.02,-5.52,ks,3,0,0,0,
1nbrkb1r/1q4p1/p1p1ppN1/8/1PNPPQ1p/2B4P/5PP1/R3R1K1 b k - 1 25,vssf1_win_d8,10,2.674,1.62,5.08,1.85,quiet,0,1,0,0,
rnbk2nr/p1q1p1b1/1ppp2B1/7p/2PP2P1/1P2PQ1P/P2N1P2/R1B1K2R w KQ - 1 14,vssf1_win_d8,5,-1.117,0.0,0.92,1.0,quiet,0,1,0,0,
rn2kbnr/2p3pp/p2qp3/1p1b1pN1/P2P1N2/3BB3/1PP2P1P/R2QK1R1 b Qkq - 0 11,vssf1_win_d8,0,1.521,1.62,2.28,1.68,quiet,0,1,0,0,
8/8/8/6P1/4k3/6KP/8/8 b - - 3 88,gnt_mob_base_s2,128,6.487,0.0,2.92,-0.12,quiet,1,1,0,0,
4r2k/1P1R4/5p1N/4p1pp/8/4P2P/5PP1/6K1 w - - 1 46,vssf1_win_d8,101,9.321,0.0,8.28,2.43,quiet,0,2,0,0,
8/7k/2PPp2p/pN6/4R3/P2K1P2/1P4rb/8 b - - 0 39,vssf1_win_d8,96,9.736,0.0,11.13,-0.14,quiet,1,0,0,0,
1n4k1/4B1r1/p3p1pQ/1p2Pp2/3P4/7P/5PP1/3R2K1 b - - 0 43,vssf1_win_d8,74,14.748,0.0,12.86,0.0,quiet,0,2,0,0,
3q1k2/1Q1b1p1p/3r1p2/p2p4/P2N4/2P2P2/1P4PP/4R1K1 b - - 0 29,vssf1_win_d8,53,2.094,0.0,1.85,1.05,quiet,0,1,0,0,
1n4k1/5p1p/5np1/3pq3/P7/4B3/3QKP1P/2R3R1 b - - 3 33,vssf1_win_d8,48,0.952,-2.88,6.69,-0.73,quiet,1,0,0,0,
1k2r3/1p1rn1p1/1B1p1b1p/1P2p3/4B3/7P/P5P1/3R1RK1 w - - 9 34,vssf1_win_d8,64,-0.913,0.0,1.15,1.01,quiet,0,2,0,0,
2rr2k1/3N1p2/2p1q1pp/2Qb4/RP1Pp3/4P2P/4BPP1/2R3K1 b - - 0 28,vssf1_win_d8,26,4.075,0.0,6.4,0.73,quiet,0,2,0,0,
3rknn1/1b6/pp1Rp3/2p4r/P1B3Np/4P3/1P3PPP/RN4K1 w - - 1 20,vssf1_win_d8,53,2.847,0.0,2.62,0.96,quiet,1,1,0,0,
r6r/p3kppp/1p2p3/1Bp5/Pn1Pn2q/1Pb1P3/5PRP/R1BQ1K2 w - - 10 22,vssf1_win_d8,16,-3.804,0.0,-6.89,-1.33,ks,3,1,0,0,
1nb1kb1r/1r3pp1/p1p1p2p/1q6/1PNPP3/3Q1N1P/3B1PP1/R4RK1 b k - 0 19,vssf1_win_d8,10,0.618,0.0,2.95,0.26,quiet,0,0,0,0,
2r3k1/p1qb1pbp/1p3np1/3pr3/nPP5/P3P2P/3NQPP1/BB1RK2R w K - 0 22,vssf1_win_d8,5,-3.332,0.0,-4.18,0.15,quiet,0,0,0,0,
rn1qkbnr/1bp2ppp/p3p3/1p4N1/3PN3/4B3/PPP2PPP/R2QKB1R b KQkq - 3 7,vssf1_win_d8,0,0.588,0.0,1.8,0.92,quiet,0,1,0,0,
8/2K5/8/1P6/P3k3/8/8/8 b - - 0 90,gnt_mob_base_s2,128,7.858,0.0,3.82,-0.11,quiet,0,0,0,0,
8/8/8/5k2/3K1P2/8/5n2/8 w - - 25 81,sfelo2400_base200,122,-6.676,0.0,0.13,0.25,quiet,2,2,0,0,
5k2/1R4n1/8/4P3/4K1pp/8/6PP/8 w - - 0 61,vssf1_win_d8,112,7.331,0.0,4.88,2.22,quiet,2,1,0,0,
4R3/1p6/5kp1/7p/Pr6/2r5/6PK/8 w - - 2 56,vssf1_win_d8,96,-11.671,0.0,-6.98,0.0,quiet,1,1,0,0,
8/2nk4/3n2p1/3pp1BP/6P1/5P2/1PP1PK2/R7 b - - 0 39,vssf1_win_d8,101,9.619,0.0,9.45,0.1,quiet,0,1,0,0,
5bk1/5ppp/2p5/2q5/7P/5P2/r4P2/4QK1R b - - 3 32,vssf1_win_d8,58,-8.332,-1.62,-8.22,-3.19,quiet,2,0,0,0,
r1r3k1/3p1p2/4p1pp/4q3/2bR3P/2Q2P2/p1P3P1/K3R3 b - - 1 25,vssf1_win_d8,37,-11.428,-2.88,-6.45,-0.66,ks,3,0,0,0,
3r2k1/5ppp/p7/P1pb2P1/3rN2P/2Rn1PB1/8/R6K b - - 0 42,vssf1_win_d8,64,-1.907,0.0,-1.11,-0.39,quiet,0,0,0,0,
3qk1r1/1Q2np1p/2p1b3/6p1/2B1p2N/4P3/1B1P1PPP/4K2R w K - 3 25,vssf1_win_d8,37,3.473,1.8,3.59,1.07,quiet,1,1,0,0,
4knn1/8/pR2p3/2p4r/P3b1Np/4P3/1P3PPP/RN1r1BK1 w - - 3 22,vssf1_win_d8,53,3.622,0.0,1.46,0.51,quiet,2,0,0,0,
r1r1b1k1/1qP3p1/4Nb1p/PP1pp3/R7/B7/4BPPP/Q2R2K1 b - - 1 28,vssf1_win_d8,16,5.767,0.0,9.77,1.13,quiet,0,2,0,0,
rn3k2/1bqp1p1r/pp1b2pp/3Pp3/2P5/PPB2N2/2B2PPP/R2QR1K1 w - - 2 18,vssf1_win_d8,10,2.463,0.0,3.48,0.81,quiet,0,0,0,0,
r1bq1r1k/pp2Npbp/6p1/n6n/3P4/Q2BPN2/PP3PPP/R3K2R w KQ - 1 14,vssf1_win_d8,5,-0.228,0.0,-1.14,0.28,quiet,0,1,0,0,
r1b1k2r/1pp2pp1/p1nqpn1p/2bpN3/Q2P4/6P1/PP1NPPBP/R1B1K2R w KQkq - 0 10,vssf1_win_d8,0,-0.224,0.0,0.54,-0.04,quiet,0,1,0,0,
8/8/K1k5/8/1P6/8/8/8 b - - 4 100,gnt_mob_base_s2,128,2.502,0.0,47.96,0.0,quiet,1,2,0,0,
8/8/8/1K3k2/4nP2/8/8/8 w - - 39 88,sfelo2400_base200,122,-6.814,0.0,0.13,-0.62,quiet,1,1,0,0,
8/8/5k1p/P1Pb2p1/3Kp3/6PB/7P/8 b - - 1 45,vssf1_win_d8,117,2.921,0.0,2.74,0.2,ks,3,2,0,0,
R7/1p6/5kp1/7p/Pr6/r7/6PK/8 w - - 4 57,vssf1_win_d8,96,-11.979,0.0,-7.0,0.0,quiet,1,0,0,0,
6k1/P5p1/1R6/4K1p1/2p3r1/8/6b1/4R3 w - - 5 49,vssf1_win_d8,90,0.703,0.0,2.46,-0.23,ks,4,0,0,0,
R7/ppnk3r/3pp2p/8/P7/3P1Q2/1P1B2PP/7K b - - 0 29,vssf1_win_d8,74,12.898,0.0,12.55,0.0,quiet,0,2,0,0,
r1r3k1/3p1p2/4p1pp/q7/2bR3P/5P2/pQP3P1/K3R3 w - - 4 27,vssf1_win_d8,37,-12.101,-3.78,-10.32,-4.16,ks,3,0,0,0,
N2q1kr1/pp3p2/4b2p/3pP1p1/2p2P2/P6P/1PP1BPP1/R2Q1RK1 w - - 1 19,vssf1_win_d8,37,9.041,0.0,11.08,0.0,quiet,0,0,0,0,
r5k1/2pr1pp1/2p4p/p1q5/P3P3/b1PB1PPb/2Q4P/1R2K2R b K - 4 25,vssf1_win_d8,26,-8.051,-2.7,-7.86,-4.01,quiet,2,0,0,0,
r3k2r/1p3pRp/p1pq1n2/2p5/2Q1b3/2P5/PP1P1P1P/RNB1K3 b Qkq - 1 13,vssf1_win_d8,21,1.688,2.34,-1.39,0.37,quiet,1,2,0,0,
r1r1b1k1/1qP3p1/4pb1p/PP1p4/R2N4/B7/4BPPP/Q2R2K1 b - - 0 27,vssf1_win_d8,16,5.994,0.0,9.12,0.41,quiet,0,1,0,0,
3rk3/1pq2p2/n1p1pnpr/p1PpNb1p/3P3P/P2BPN2/1PQ2PP1/1R3RK1 b - - 3 16,vssf1_win_d8,10,0.677,0.0,3.62,1.22,quiet,0,1,0,0,
r3k1nr/3qb3/p1n3p1/1p1P1pN1/2pP2p1/N1P5/PP2B2P/R1BQR1K1 b kq - 0 20,vssf1_win_d8,5,4.344,0.18,3.09,-0.41,quiet,1,1,0,0,
8/6k1/6P1/5K2/8/8/8/8 b - - 6 92,gnt_mob_base_s2,128,4.923,0.0,0.0,0.0,quiet,1,2,0,0,
8/8/2K5/5k2/5P2/3n4/8/8 b - - 32 84,sfelo2400_base200,122,-6.879,0.0,-0.13,-0.31,quiet,1,1,0,0,
2k5/p1n5/1p2p3/4P1p1/1P4R1/P4P1P/5P2/6K1 b - - 2 36,vssf1_win_d8,112,8.052,0.0,4.75,0.33,quiet,0,0,0,0,
6k1/6p1/PR6/6p1/2pK4/3b4/r5P1/7R b - - 0 45,vssf1_win_d8,90,0.409,0.0,2.79,0.43,quiet,2,1,0,0,
3r2k1/1pp1p2p/p5p1/P7/3bR3/1P2N2r/3P4/3K4 w - - 4 37,vssf1_win_d8,85,-12.902,0.0,-9.35,0.0,quiet,0,0,0,0,
k7/p1n2r2/4pBp1/2R1P2p/7P/6P1/4rPK1/1R6 b - - 8 35,vssf1_win_d8,74,0.274,0.0,1.89,1.49,quiet,1,1,0,0,
4Bkr1/4ppb1/1Q3n2/2p4p/2P2BpP/2p3P1/1P2PP2/3R2K1 b - - 0 30,vssf1_win_d8,64,11.77,0.0,13.24,0.0,quiet,0,1,0,0,
6k1/1p1b1rp1/pq2p1R1/3pP3/3N4/2PQ3P/2P2r2/2K1R3 w - - 5 31,vssf1_win_d8,32,-1.699,-0.36,-2.07,-0.5,quiet,2,1,0,0,
rn2kbr1/pp2p1pp/3P4/2p1N3/2b2P2/5B2/PPP3PP/R2Q2K1 w q - 0 20,vssf1_win_d8,48,10.992,2.88,9.66,2.87,quiet,1,2,0,0,
r2qr1k1/ppp2ppp/8/3p4/4n1bP/1Q1BB3/PPP2PP1/R3K2R w KQ - 4 14,vssf1_win_d8,21,-2.145,-1.26,-1.0,-0.66,quiet,2,0,0,0,
6k1/pppb2pp/1bn5/2qp3n/4r3/P2PBNPP/1PP2PB1/4RK1R b - - 2 19,vssf1_win_d8,37,-11.822,0.0,-9.77,0.0,quiet,0,0,0,0,
r3k2r/4b3/p1n3p1/1p1q1pNn/2pP1Bp1/N1P5/PP5P/R2QRBK1 w kq - 4 23,vssf1_win_d8,5,3.659,-0.54,5.53,1.49,quiet,1,2,0,0,
r1bqk2r/1pp2pp1/p1n1pn1p/3p4/QbPP4/5NP1/PP1NPPBP/R1B1K2R w KQkq - 2 8,vssf1_win_d8,0,-0.694,0.0,-0.72,-0.43,quiet,1,0,0,0,
6k1/1p6/6K1/1pP3P1/1P5P/8/8/8 w - - 1 58,gnt_mob_base_s2,128,8.061,0.0,5.05,0.3,quiet,1,1,0,0,
8/4k1P1/5r2/6K1/8/8/8/8 w - - 0 65,sfelo2400_base200,117,-7.222,0.0,-1.01,0.0,quiet,2,2,0,0,
8/pp5p/b4P2/8/P5P1/5rkp/3KP3/8 b - - 1 46,vssf1_win_d8,112,-18.726,0.0,-10.16,0.0,quiet,2,1,0,0,
r7/2p2p1p/2k1pN2/1p4P1/6P1/1P3b2/8/4K3 b - - 0 29,vssf1_win_d8,106,-13.579,0.0,-8.57,0.0,quiet,1,1,0,0,
8/5p2/pR2b3/6k1/1P6/4PP2/r2b4/5K2 w - - 3 45,vssf1_win_d8,96,-11.362,0.0,-7.86,0.0,quiet,1,2,0,0,
r5k1/5ppp/1p6/2p5/1b3B1P/3P4/4r1P1/1K1R4 b - - 3 30,vssf1_win_d8,85,-11.681,0.0,-8.16,0.0,quiet,2,0,0,0,
6k1/p2r1pp1/1p6/1b1P2bp/2NP4/1P2N3/1PKB4/8 w - - 0 43,vssf1_win_d8,90,-5.848,0.0,-5.54,-0.18,quiet,0,0,0,0,
2r3k1/5ppp/2b1p3/8/1bp1P3/4RP1P/6P1/rBKR4 w - - 0 33,vssf1_win_d8,69,-8.614,0.0,-8.1,-2.63,quiet,2,0,0,0,
3q2k1/1p1b1rp1/p3p1R1/3pP3/3N4/2PQ3P/2P2r2/2K1R3 w - - 13 35,vssf1_win_d8,32,1.53,1.98,-1.71,0.62,quiet,1,1,0,0,
r2r4/pp4kp/4B3/b3n3/P2pp2P/2PbP2R/1B3P2/4R1K1 b - - 1 34,vssf1_win_d8,58,-4.413,1.32,-5.67,0.34,quiet,1,1,0,0,
r1bq1rk1/ppp2ppp/8/3p4/4n2P/1Q6/PPP2PP1/R1B1KB1R w KQ - 0 12,vssf1_win_d8,21,-1.203,0.0,-1.0,-0.3,quiet,1,0,0,0,
kq3b2/p2r1pp1/Bn3n1p/2Np4/3Pp3/2B1P2P/Q4PP1/3R1RK1 w - - 0 28,vssf1_win_d8,21,9.516,1.26,9.53,2.95,quiet,1,2,0,0,
r1b1kb1r/pp3pp1/2npp2p/2q2P1Q/P3P3/2Np4/BPP3PP/R1B2R1K w kq - 1 15,vssf1_win_d8,10,1.036,0.0,-0.89,0.45,quiet,1,1,0,0,
r3k1nr/3qb3/p1n3p1/1p1p1pN1/2pPP1p1/N1P5/PP2B2P/R1BQR1K1 w kq - 0 20,vssf1_win_d8,5,3.507,-0.36,2.18,-0.54,quiet,1,1,0,0,
8/6k1/1p4pp/PPp1pp2/8/4P1PP/5P2/5K2 b - - 0 34,gnt_mob_base_s1,128,-2.097,0.0,2.5,-0.18,quiet,0,0,0,0,
2R5/5k2/1p2pPp1/5p1p/1PPp3P/5P2/6P1/4K3 w - - 1 45,sfelo2400_base200,117,7.943,0.0,7.29,3.77,quiet,0,2,0,0,
1k6/1b2R3/p7/P7/5P2/8/7K/8 w - - 1 67,vssf1_win_d8,112,5.04,0.0,3.87,0.31,quiet,1,1,0,0,
8/6kp/p7/2r2pp1/1p6/1Pr5/2P2R1P/2K5 b - - 1 40,vssf1_win_d8,96,-12.376,0.0,-8.27,0.0,quiet,1,0,0,0,
8/5p2/pR2b3/6k1/1P6/2b1PP2/r7/5K2 b - - 2 44,vssf1_win_d8,96,-12.205,0.0,-7.87,0.0,quiet,2,2,0,0,
3r2k1/5ppp/1p6/2p5/1b3B1P/3P4/4r1P1/2KR4 b - - 1 29,vssf1_win_d8,85,-11.982,0.0,-8.26,0.0,quiet,2,0,0,0,
5rk1/5p2/p2pp1pp/8/6q1/1PQ1PN2/P4PB1/2R3K1 b - - 1 24,vssf1_win_d8,53,4.297,-1.47,6.76,-0.61,quiet,1,1,0,0,
1r1k1r2/2pB4/1p3p2/p7/2b2Q1n/P5P1/1P2PP2/3R2K1 b - - 1 25,vssf1_win_d8,58,5.178,2.79,6.52,3.05,ks,1,3,0,0,
2r3k1/1pq2ppp/p3p3/P2p4/3Qb2P/2P1P1P1/Rb3P2/4NBK1 b - - 9 30,vssf1_win_d8,42,-3.232,0.0,-2.6,-0.56,quiet,1,1,0,0,
1r4k1/1r1b1ppp/2p5/3p1Pbn/4P3/1P1P1R1P/2PN4/1K1R1B2 w - - 8 31,vssf1_win_d8,58,-3.95,0.0,-4.55,-0.49,quiet,0,0,0,0,
1rbr2k1/4qp1p/2p2p1b/p1p5/2Pp2p1/1P1P2P1/P1QNPPNP/R3R1K1 w - - 10 18,vssf1_win_d8,21,-0.048,0.0,0.76,0.06,quiet,0,0,0,0,
r1b1k1nr/1p1p2pp/p3pp2/2b5/N3P3/3n1N2/PPPB1PPP/R4RK1 w kq - 0 13,vssf1_win_d8,48,-2.252,0.0,-2.69,0.17,quiet,2,0,0,0,
r1b1kb1r/pp3p2/2npp2p/2q2p2/P3P3/2NP3Q/BP4PP/R1B2R1K w kq - 0 17,vssf1_win_d8,10,-0.243,0.0,-0.13,0.1,quiet,1,0,0,0,
r1bq1rk1/bppp1ppp/8/p1P5/1n2Nn2/PQ1PPNP1/1P4BP/2R1K2R w K - 0 15,vssf1_win_d8,5,-3.953,-2.16,-5.17,-2.18,quiet,1,1,0,0,
2r2rk1/pbqn1ppp/1p2p3/7n/1bPP4/3B1NP1/PB1NQP1P/1R1R2K1 b - - 0 16,vssf1_win_d8,0,0.895,0.0,0.26,-0.03,quiet,0,1,0,0,
8/1k6/4p1p1/p1p2p1p/P4P1P/1P1KPP2/8/8 w - - 6 47,gnt_mob_base_s1,128,-0.342,0.0,1.3,-0.31,quiet,2,0,0,0,
3R4/8/8/8/8/8/1pk3K1/1r6 w - - 4 68,vssf1_win_d8,106,-2.797,0.0,-2.16,0.98,quiet,1,1,0,0,
8/6k1/p3ppp1/1q5p/5P2/2Pp4/3K1R2/3N4 w - - 2 44,vssf1_win_d8,90,-13.756,0.0,-7.34,-1.23,quiet,2,0,0,0,
2Rnr1k1/8/8/1P3B2/4PP2/p3K3/P7/8 w - - 3 51,vssf1_win_d8,96,8.649,0.0,7.09,0.92,quiet,1,1,0,0,
5k2/4bP2/6p1/p4pNp/2p2P1P/P3R1P1/1B1K4/7q b - - 5 46,vssf1_win_d8,80,-3.125,0.0,-0.17,3.83,ks,2,4,0,0,
4r1k1/1q3p2/p3pQpp/3pN3/8/1P2P2B/P4P2/2R3K1 w - - 6 28,vssf1_win_d8,53,5.544,0.0,7.85,1.1,quiet,0,2,0,0,
1r1k1r2/2pB4/1p3p2/p7/2b2Q1n/P5P1/1P2PP2/5RK1 w - - 0 25,vssf1_win_d8,58,8.706,1.89,5.01,0.78,quiet,1,2,0,0,
2r3k1/1p3ppp/p3p3/3p4/5Q1P/2bbP1P1/R4P1N/2q2BK1 b - - 13 38,vssf1_win_d8,42,-5.654,0.0,-6.18,-0.42,quiet,2,1,0,0,
r1b1k2r/2n2p2/pp2p1pp/8/3bP3/PP1B4/3B1PP1/3Q1R1K w kq - 0 20,vssf1_win_d8,48,1.104,0.0,2.36,0.06,quiet,0,0,0,0,
2kr3N/p6p/bp4qb/3p2p1/3p4/1P4P1/P1P2PBP/R1BQR1K1 b - - 0 17,vssf1_win_d8,26,8.804,0.0,10.23,0.0,quiet,1,0,0,0,
r1q2k2/2p1b2r/pp1pPpp1/4n3/P3P3/1QN1B2P/1P2B1P1/2R2RK1 b - - 2 23,vssf1_win_d8,16,8.366,1.98,7.43,2.04,quiet,0,1,0,0,
r4rk1/3p2p1/pp2pp1p/n1p1P2n/PP3Pqb/N1PP4/B3N2P/R1BK1Q2 b - - 0 21,vssf1_win_d8,16,-2.749,0.0,-3.27,-0.82,quiet,2,0,0,0,
r1bq1rk1/pp2b1pp/n1p2n2/5p2/Q1P1P3/2N1P1PP/PP1N1PB1/R3K2R w KQ - 1 14,vssf1_win_d8,5,-1.932,0.0,-3.04,-0.15,quiet,1,0,0,0,
1rb1kb1r/2q2pp1/p2p1n2/1p2n2p/5B2/1NN3PP/PPP1PQB1/R4RK1 w k - 0 15,vssf1_win_d8,0,0.414,0.0,0.48,-0.46,quiet,0,0,0,0,
8/3k4/4p1p1/2K1Pp1p/P4P1P/5P2/8/8 w - - 3 68,gnt_mob_base_s1,128,1.306,0.0,2.23,0.02,quiet,2,2,0,0,
8/1kp5/6p1/2P3P1/4Pp1p/1r3P1P/5K2/8 b - - 0 61,sfelo2400,117,-7.585,0.0,-6.9,-1.08,ks,3,1,0,0,
2R5/8/8/3k4/8/8/1p4K1/1r6 w - - 28 80,vssf1_win_d8,106,-2.547,0.0,-1.23,0.68,quiet,1,1,0,0,
1k6/1p4r1/3R4/7p/1PP5/P5P1/6BP/7K b - - 0 42,vssf1_win_d8,101,10.881,0.0,7.07,0.0,quiet,0,1,0,0,
6k1/1nR5/1r1p4/4p3/4PPB1/pP4P1/P4K2/8 b - - 1 41,vssf1_win_d8,96,5.637,0.0,5.5,4.97,quiet,0,1,0,0,
r5k1/4R2p/ppR3p1/5p2/3r4/BP5P/P4P1P/6K1 w - - 2 24,vssf1_win_d8,80,6.16,0.0,5.53,1.32,quiet,0,1,0,0,
5k2/1p1n1pp1/1bp5/1p1p2Np/3PnP1P/3N4/8/B2K4 b - - 4 36,vssf1_win_d8,96,-10.101,0.0,-6.81,-0.65,quiet,1,1,0,0,
4r1k1/6b1/1Bn3p1/p6p/4p3/2N4K/PP2PP2/R1R5 w - - 3 32,vssf1_win_d8,74,6.774,0.0,6.61,-0.31,quiet,1,0,0,0,
r4rk1/3b1ppp/4p3/p3n3/4P3/2R3P1/1P1R2BP/3N2K1 b - - 4 31,vssf1_win_d8,64,-0.89,0.0,-0.87,-0.59,quiet,0,0,0,0,
2r2rk1/2qn1ppp/p3p3/P2pP2P/5B2/1Q4P1/1PnN1P2/3KR3 w - - 2 29,vssf1_win_d8,32,-10.67,-2.52,-9.54,-2.76,quiet,2,0,0,0,
2kr3N/p6p/bp3q1b/3p2pQ/3p4/1P4P1/P1P2PBP/R1B1R1K1 w - - 3 19,vssf1_win_d8,26,9.503,0.0,10.18,0.0,quiet,2,0,0,0,
r4k2/4b2r/pQ1pqpp1/4n1B1/P1p1P3/2N4P/1P2B1P1/2R2RK1 w - - 0 26,vssf1_win_d8,16,5.537,0.0,5.67,0.94,quiet,0,0,0,0,
1r3rkb/1P2p2p/2pqp1p1/pQ3n2/1n2PP2/2P3PB/1P5P/RNB2RK1 w - - 0 19,vssf1_win_d8,10,0.788,0.0,4.15,0.04,quiet,0,0,0,0,
r1bqk1nr/ppp3pp/3p1b2/3Ppp2/2PN4/P5P1/1PQ1PP1P/RNB1KB1R b KQkq - 0 8,vssf1_win_d8,5,2.853,0.0,4.41,0.96,quiet,0,0,0,0,
1rbqkb1r/1p3pp1/p2p1n2/4n2p/5B2/1NN3PP/PPP1P1B1/R2Q1RK1 w k - 2 13,vssf1_win_d8,0,0.818,0.0,-0.38,-1.59,quiet,0,0,0,0,
8/8/8/1k4K1/4PP2/8/8/8 b - - 0 97,gnt_mob_base_s1,128,6.234,0.0,3.03,0.12,quiet,0,0,0,0,
8/8/6p1/7p/7P/2K2kP1/R7/8 w - - 1 78,sfelo2000,117,9.396,0.0,5.11,-0.02,quiet,0,2,0,0,
3k4/5p1R/p2p4/2pKbP2/4P3/1P6/P7/8 w - - 0 54,vssf1_win_d8,112,3.598,0.0,4.02,0.12,ks,4,0,0,0,
8/8/8/6n1/R3p3/2K5/3r1kp1/8 w - - 0 72,vssf1_win_d8,101,-10.556,0.0,-10.09,-2.47,quiet,2,0,0,0,
6k1/4r3/3R4/2n2B2/4PP2/pP2K3/P7/8 b - - 0 46,vssf1_win_d8,96,7.596,0.0,5.29,3.91,quiet,2,1,0,0,
2rk4/pp2p3/7r/1Np3p1/2P5/8/PR3R2/6K1 b - - 0 30,vssf1_win_d8,80,0.813,0.0,0.78,-0.45,quiet,1,1,0,0,
5rk1/5ppp/2q5/2n5/5P1P/2P5/P5P1/R1B2K1R b - - 0 24,vssf1_win_d8,64,-5.316,-1.14,-6.18,-1.88,quiet,1,0,0,0,
4rrk1/1R1Q1p1p/3p1q2/p2B4/4P3/P7/5PPP/3R2K1 b - - 0 31,vssf1_win_d8,37,6.739,0.0,8.4,3.42,quiet,1,2,0,0,
r1r3k1/3b1ppp/4p3/p3n3/4P2P/2R3P1/1P1R2B1/3N2K1 b - - 0 32,vssf1_win_d8,64,-0.943,0.0,-1.3,-0.66,quiet,0,0,0,0,
r4rk1/pp2p1bp/2q1p1p1/4P2n/2B5/1PQ1PP2/2P3PP/R3K2R w KQ - 1 20,vssf1_win_d8,26,-2.342,0.0,-3.14,0.14,quiet,0,0,0,0,
r4rk1/pp3ppp/2qb4/8/2b5/2N1PN2/P4PPP/1QB3KR w - - 6 23,vssf1_win_d8,26,-2.887,0.0,-3.4,-0.52,quiet,2,1,0,0,
2r2k2/3nb2r/3p1pp1/p2Nq3/PPB1PB2/4Q2P/6P1/2R2RK1 b - - 1 30,vssf1_win_d8,16,7.485,0.0,8.66,0.69,quiet,0,1,0,0,
1r3rkb/1P2p2p/1Qpqp1p1/p7/1n1nPP2/2P3PB/1P5P/RNB2RK1 w - - 2 20,vssf1_win_d8,10,4.99,0.0,4.54,-0.85,quiet,0,0,0,0,
1rbqkbnr/1p1n1ppp/p2p4/4p3/3N4/2N3PP/PPP1PPB1/R1BQK2R w KQk - 0 8,vssf1_win_d8,0,1.519,0.0,-0.01,-0.04,quiet,0,0,0,0,
8/1pp2k2/1p4p1/4p3/P1P5/1P5P/3K2P1/8 w - - 0 41,gnt_mob_base_s1,128,0.22,0.0,0.63,-0.28,quiet,0,0,0,0,
8/8/K7/3q4/2k5/8/8/8 b - - 9 86,sf11_evalgap_d8,106,-21.457,0.0,-59.71,0.0,quiet,2,1,0,0,
8/8/5K2/4N1P1/3nkP2/8/8/8 w - - 3 61,vssf1_win_d8,117,7.634,0.0,2.98,-0.17,ks,2,3,0,0,
8/6k1/8/4p3/1R2P1pP/4KnP1/6r1/8 b - - 0 52,vssf1_win_d8,101,-5.676,0.0,-2.54,-1.39,ks,4,0,0,0,
R5nk/2N5/5r2/6p1/3PP2p/3K4/6PP/8 w - - 1 54,vssf1_win_d8,96,6.589,0.0,4.98,-0.08,quiet,0,1,0,0,
6k1/2R3p1/p5np/5p1q/P7/B3P2P/5PP1/2R3K1 w - - 4 48,vssf1_win_d8,74,2.14,0.0,3.47,1.01,quiet,0,2,0,0,
3r2k1/5p2/3pn1p1/7p/P1P1P3/3RB2P/5PP1/1r1B2K1 w - - 4 39,vssf1_win_d8,80,0.629,0.0,0.06,0.37,quiet,0,0,0,0,
4rrk1/ppRQ1p1p/3p1q2/3B4/4P3/8/P4PPP/3R2K1 w - - 4 30,vssf1_win_d8,37,6.336,0.0,8.03,3.34,quiet,1,2,0,0,
2kr1b1r/2p2pp1/4p3/pp5p/4Qn1P/PP1P4/1BP2qP1/1R1K3R w - - 1 27,vssf1_win_d8,26,-7.299,-0.9,-7.56,-1.44,quiet,2,1,0,0,
r4rk1/pp3ppp/3b4/q7/2b5/2N1PN2/P4PPP/1QB3KR w - - 2 21,vssf1_win_d8,26,-2.748,0.0,-3.99,-0.42,quiet,2,1,0,0,
2r3k1/1q1b2pp/p3p1r1/1pP2pb1/3P4/PBQ2PPn/3N3P/3RRK2 b - - 6 31,vssf1_win_d8,16,-6.437,-2.16,-5.99,-2.15,quiet,1,0,0,0,
rn2r1k1/1b1p1ppp/5q2/2pPb3/p1Q5/1p2B1PP/PP2NPB1/2KR3R w - - 4 20,vssf1_win_d8,10,-1.199,-1.44,-1.69,-1.49,quiet,2,0,0,0,
r1bq1rk1/pp3pbp/2Pp1np1/2p5/2P1p3/1Q1BPN2/PP1BNPPP/R3K2R b KQ - 0 11,vssf1_win_d8,5,2.854,0.0,2.24,0.15,quiet,0,0,0,0,
r1bqk2r/pp3pbp/n2ppnp1/2p5/2PP4/2N2NPP/PP2PPB1/R1BQ1RK1 b kq - 1 10,vssf1_win_d8,0,0.467,0.0,2.13,0.6,quiet,0,0,0,0,
8/7k/3p3P/p1pP2P1/P7/3K4/8/8 w - - 11 71,gnt_mob_base_s0,128,4.68,0.0,2.99,-0.69,quiet,1,2,0,0,
8/8/5pk1/2K4p/7P/6P1/3r4/8 b - - 3 56,sf11_evalgap_d8,117,-9.721,0.0,-6.57,-2.65,quiet,1,1,0,0,
n2k4/1R6/8/8/8/5KP1/7P/8 w - - 3 43,vssf1_win_d8,112,8.629,0.0,5.69,1.26,quiet,0,1,0,0,
5R2/8/8/8/8/2K1pn2/5k2/1q6 w - - 2 76,vssf1_win_d8,90,-21.208,0.0,-10.35,0.0,ks,3,1,0,0,
R5nk/2NP4/8/4r1p1/7p/8/3K2PP/8 b - - 1 59,vssf1_win_d8,96,4.71,0.0,5.18,-0.77,quiet,1,1,0,0,
5k2/6R1/p4B1p/3n1p1q/P7/4P2P/5PP1/2R3K1 w - - 3 51,vssf1_win_d8,74,4.124,0.0,4.19,4.32,quiet,0,2,0,0,
8/2k2ppp/1p6/2p1p3/4P2P/2P2rP1/r2n3R/2R1B1K1 b - - 3 27,vssf1_win_d8,74,-5.036,0.0,-3.98,-1.77,quiet,2,0,0,0,
5r1k/1RR5/3p3p/p2Brp2/4Pq2/P1Q5/5PPP/6K1 b - - 1 36,vssf1_win_d8,37,8.929,0.0,13.27,7.68,quiet,1,2,0,0,
r1b2k1r/1p2b3/1B3p2/P3p3/7p/5BP1/1PP3KP/R4R2 w - - 0 23,vssf1_win_d8,64,-0.176,0.0,2.31,-0.03,quiet,2,0,0,0,
2bk1q2/p2p4/n4bQr/2p2B2/1pP1N3/4P3/PP3P2/2KR4 w - - 9 31,vssf1_win_d8,37,0.804,3.24,-0.59,2.47,ks,1,3,0,0,
5k2/1br2p2/p2n3r/p5RB/1q1Np3/1P2P1Pp/2P4P/2Q2RK1 b - - 4 43,vssf1_win_d8,21,3.402,2.88,4.31,5.08,ks,1,3,0,0,
r3kb1r/1b2pppp/4qn2/1p2N3/Q4P2/4P3/PP4PP/R1BR2K1 w kq - 0 16,vssf1_win_d8,16,-1.638,1.26,-1.62,1.87,quiet,1,2,0,0,
rn3rk1/pp2p1bp/1qp2np1/4p3/P3PN2/3B4/1PPB1PPP/R2Q1RK1 w - - 0 15,vssf1_win_d8,10,1.316,0.0,1.16,1.11,quiet,1,0,0,0,
r2q1rk1/pp3pp1/5n1p/1Q1pn3/3bpNbP/P3P1P1/1P1PBP2/R1B1K2R b KQ - 1 15,vssf1_win_d8,5,-0.564,0.0,-7.28,-1.62,quiet,1,0,0,0,
r1bq1rk1/pp2ppbp/n4np1/2p5/2PP4/1Q3NPP/P2NPP2/R1B1KB1R w KQ - 0 11,vssf1_win_d8,0,0.471,0.0,-0.47,0.03,quiet,0,0,0,0,
8/8/8/8/8/5kp1/8/5K2 b - - 5 48,gnt_mob_base_s0,128,-5.553,0.0,0.0,0.0,quiet,2,1,0,0,
8/8/3p2k1/1p1P1p1p/2r2P1P/4K1P1/8/8 b - - 3 44,sf11_evalgap_d8,117,-10.082,0.0,-8.22,-1.77,quiet,2,2,0,0,
8/ppr4p/7P/P3pk2/4p2P/6K1/1R3P2/8 b - - 4 38,vssf1_win_d8,106,-1.812,0.0,-1.07,-0.69,ks,3,2,0,0,
6R1/8/8/4p2k/4P1pr/5n2/5K2/8 b - - 1 57,vssf1_win_d8,101,-9.182,0.0,-4.08,-1.04,quiet,2,1,0,0,
r5k1/6p1/5p1p/2p1pP2/3pK3/1P6/3b2PP/R3R3 w - - 0 36,vssf1_win_d8,90,1.362,0.0,0.96,-0.91,ks,5,0,0,0,
2r3k1/1p3ppp/p3p3/3p4/3Q3P/4P1P1/5P1N/2q2bK1 w - - 0 42,vssf1_win_d8,64,-11.396,0.0,-9.03,0.0,quiet,2,1,0,0,
Q7/p1pkb2p/1r4p1/2pPpP2/8/Pn2P3/3P1PBP/1R4K1 w - - 3 26,vssf1_win_d8,69,12.852,0.0,9.41,0.0,ks,0,3,0,0,
r1b3k1/1p2b1r1/1B3p2/PP2p3/4B1Pp/2P4P/6K1/3R1R2 b - - 0 30,vssf1_win_d8,64,0.196,0.0,3.94,0.23,quiet,1,1,0,0,
3r1k1r/1QRn1pp1/2N1p3/1p4qp/3P4/4N3/P4PP1/5RK1 w - - 6 28,vssf1_win_d8,26,5.95,0.0,4.01,-0.5,quiet,1,1,0,0,
2r1k2r/1b3pp1/pp2pn2/2qp4/P2N3p/1P2P3/2P1BPPP/R2QR1K1 b k - 1 21,vssf1_win_d8,21,-0.831,0.0,-0.11,-0.02,quiet,0,0,0,0,
r1b2rk1/2q2p1p/pp3pp1/2b5/4N3/1P1R1N1P/P3Q1P1/4KB1R b K - 1 19,vssf1_win_d8,16,0.46,-1.44,2.24,0.31,quiet,1,0,0,0,
6k1/pb3p1p/1p1rpbp1/nB6/PP2P3/N1r1PNqP/4Q1P1/1R3R1K w - - 3 28,vssf1_win_d8,10,-4.488,0.0,-1.11,-0.33,quiet,1,0,0,0,
2r2k1r/1b1n4/1p1q1nQ1/p1bp1N1p/8/1P1BP3/PB3PPP/2R2RK1 b - - 2 23,vssf1_win_d8,5,3.284,4.5,6.05,6.43,quiet,1,2,0,0,
r2q1rk1/pp2bppp/2n2n2/5b2/N1Pp4/PQ3N2/1P2BPPP/R1B2K1R w - - 3 14,vssf1_win_d8,0,-1.227,0.0,-2.41,-0.33,quiet,0,0,0,0,
8/5k1p/8/p4PK1/P7/8/P7/8 b - - 2 40,gnt_mob_base_s0,128,2.737,0.0,1.51,0.61,quiet,2,2,0,0,
2k5/K1n5/5pp1/6p1/8/1r3P2/2R5/8 w - - 14 80,vssf1_win_d8,101,-10.074,0.0,-5.6,-1.61,ks,3,2,0,0,
3r1k2/5p1n/R7/2Np4/3P1PKp/7P/6P1/8 b - - 0 47,vssf1_win_d8,96,4.55,0.0,2.85,-0.35,quiet,2,0,0,0,
k1q4r/1p3R2/p2QP3/3p4/2pB2P1/5K2/PP6/8 b - - 0 39,vssf1_win_d8,58,7.208,1.32,7.54,-1.1,ks,1,3,0,0,
8/p4R2/5p2/3kp1pr/qP1p4/3P1N2/5P2/2b1K1R1 b - - 1 34,vssf1_win_d8,64,-7.829,-1.65,-8.67,0.0,ks,2,3,0,0,
1n3kr1/5p2/p2Np3/4b2p/8/1B6/5PP1/2RR2K1 w - - 8 39,vssf1_win_d8,74,4.459,0.0,4.42,1.22,quiet,2,1,0,0,
r1b1k2r/1p2b2p/1B3p2/4p3/8/P4BP1/1PP4P/R4RK1 w kq - 0 20,vssf1_win_d8,64,0.189,0.0,2.26,0.1,quiet,0,1,0,0,
1qk3r1/Rb3p1p/1Qp1p1p1/1N6/1b1P2B1/1P6/3P1PPP/5RK1 w - - 2 25,vssf1_win_d8,32,8.542,2.52,9.95,4.87,ks,1,3,0,0,
2r1k2r/pb3pp1/1p2pn2/2qp3p/P7/NP2P3/2P1BPPP/R2QR1K1 b k - 1 19,vssf1_win_d8,21,-0.863,0.0,-0.43,0.17,quiet,0,0,0,0,
3r1rk1/4qp1p/pp3pp1/5b2/1bR1N3/1P1Q1N1P/P5P1/3K1B1R w - - 10 24,vssf1_win_d8,16,-0.844,-1.62,-5.77,-5.06,quiet,1,0,0,0,
r2q1b1r/p2k2pp/3pp3/1Np1n3/4nN2/8/PPP2PPP/R1BQ1RK1 w - - 2 12,vssf1_win_d8,10,1.078,0.0,2.42,1.86,ks,1,3,0,0,
r1bqkb1r/1p3pp1/1np1p3/p7/3PPn1p/5N1P/PPQBBPP1/R2R2K1 w q - 0 17,vssf1_win_d8,5,-0.794,0.0,-2.31,0.28,quiet,1,0,0,0,
r1bqk2r/pp3ppp/2n2n2/2b5/2Pp4/2N2N2/PP2BPPP/R1BQK2R w KQkq - 0 10,vssf1_win_d8,0,-0.917,0.0,-1.1,-0.04,quiet,0,0,0,0,
8/8/4p3/5p2/3pk3/8/2K5/8 b - - 5 78,gnt_mob_base_s0,128,-10.477,0.0,-4.43,-0.54,quiet,2,1,0,0,
8/4k1P1/4P3/4KPr1/p7/8/8/8 w - - 3 64,sb_on_s1_m750,117,-0.374,0.0,-2.2,1.42,ks,2,4,0,0,
8/8/8/1P1B4/2KP2k1/5p1p/5b2/8 b - - 1 47,vssf1_win_d8,117,-0.464,0.0,-1.19,0.34,quiet,1,1,0,0,
1K6/8/3k1pp1/3n2p1/2r5/5P2/R7/8 b - - 3 74,vssf1_win_d8,101,-11.057,0.0,-7.6,-3.95,ks,3,1,0,0,
4r3/1p6/r1pRpk2/2P2p2/p1P2P1p/P3K3/1P5P/6R1 w - - 2 33,vssf1_win_d8,85,-0.225,0.0,1.0,1.6,ks,1,3,0,0,
8/1p2n1k1/p1p1n3/8/2prB1P1/P4P2/1P6/1K4R1 w - - 0 45,vssf1_win_d8,90,-4.473,0.0,-4.37,0.81,quiet,0,1,0,0,
8/3bk3/p7/1p1P2p1/1Pn3p1/P1q3P1/4PRBP/R5K1 w - - 10 43,vssf1_win_d8,69,-2.134,0.0,-2.97,-0.6,quiet,0,2,0,0,
3k3r/pr1Np3/1p1nQ3/4p2p/1pP5/6PB/PP5P/3R3K b - - 0 27,vssf1_win_d8,58,12.622,2.34,10.34,0.0,quiet,0,1,0,0,
8/5kpp/2n1pp2/bp1p4/2b4P/3NP3/rRP3B1/2K1B3 b - - 9 38,vssf1_win_d8,74,-5.247,0.0,-4.36,-2.01,quiet,2,0,0,0,
4qrk1/5ppp/n1r5/2b5/BP3P2/2P4P/P5P1/R1B2K1R w - - 0 22,vssf1_win_d8,42,-10.518,-2.16,-9.49,0.0,quiet,2,0,0,0,
2r1k2r/1b3pp1/pp3n2/2qpp3/P2N4/1P2P1Pp/2P1BP1P/R2QR1K1 w k - 0 23,vssf1_win_d8,21,-0.575,0.0,-0.73,-0.52,quiet,1,0,0,0,
r1b2rk1/4qp1p/pp3pp1/8/1b2N3/1PRQ1N1P/P5P1/3K1B1R b - - 7 22,vssf1_win_d8,16,1.257,0.0,-0.92,-2.01,quiet,0,0,0,0,
r2qr1k1/pp1nbppp/3p1n2/2pP4/8/5PN1/PPP3PP/RNBQ1RK1 w - - 5 11,vssf1_win_d8,10,-0.926,0.0,-0.79,-0.13,quiet,0,0,0,0,
3n2kr/2qbRpb1/3p2p1/1r1P3p/5Q2/P1N2N1P/RPB2PP1/2B3K1 b - - 6 27,vssf1_win_d8,5,7.506,0.0,9.23,1.98,quiet,0,2,0,0,
2r2rk1/pp2bppp/q3bn2/1N6/B1n5/PP1pBN2/Q4PPP/3R1K1R b - - 1 23,vssf1_win_d8,0,0.427,0.0,-3.69,-0.56,quiet,1,0,0,0,
8/5p2/5P2/3k3p/1p5P/6P1/2K5/8 b - - 0 44,gnt_mob_base_s0,128,-0.686,0.0,-0.7,-0.41,quiet,1,0,0,0,
4k3/1r6/8/8/8/3K4/8/8 b - - 49 102,sb_on_s1_m750,117,-9.455,0.0,-53.27,0.0,quiet,0,0,0,0,
8/8/4B3/1P4k1/2KP4/5p2/5b1p/8 w - - 2 49,vssf1_win_d8,117,0.122,0.0,-1.26,0.26,quiet,1,1,0,0,
r7/5p1p/P7/6p1/3k4/7P/4BP2/2b3K1 b - - 5 47,vssf1_win_d8,106,-8.709,0.0,-4.78,0.23,quiet,0,2,0,0,
5k2/p2B1prp/8/3p4/1P4P1/3p1PP1/P5RK/2q5 b - - 0 39,vssf1_win_d8,80,-14.904,0.0,-7.54,0.0,quiet,1,1,0,0,
8/2r1bk2/4p2p/4Rp1P/1p1r1P2/5K2/6N1/8 w - - 0 49,vssf1_win_d8,85,-13.036,0.0,-8.18,0.0,quiet,2,2,0,0,
r7/4kpp1/3p3p/3Pp3/3qP1BP/1p1p1PP1/p1r5/R4R1K w - - 0 41,vssf1_win_d8,58,-14.02,-1.17,-11.95,0.0,quiet,2,2,0,0,
4r1k1/5ppp/3p4/6P1/6rq/P3Bb1P/5P1K/4RQ2 w - - 1 30,vssf1_win_d8,42,-15.083,-1.98,-6.29,-1.94,ks,3,0,0,0,
4k2r/1bbp2pp/1pn1pp2/8/7P/2B1P3/2P1K1B1/1R2N3 b - - 1 28,vssf1_win_d8,74,-4.512,0.0,-2.55,-0.1,quiet,0,0,0,0,
r3k2r/p2q1ppp/1pn2n2/3p4/2PP4/BP5P/P3BP1P/R2Q1RK1 b kq - 0 14,vssf1_win_d8,21,-0.167,0.0,1.58,-0.24,quiet,0,1,0,0,
3r1rk1/1b3pp1/1qnbp2p/pp1p4/2pP1PP1/P1N1Q1P1/1PP1P1B1/1K1R1R2 b - - 0 24,vssf1_win_d8,16,-5.174,0.0,-5.25,-0.19,quiet,0,0,0,0,
r2q1rk1/1p3ppp/p1b5/2n1p3/2Pb4/P2P1P2/R1Q2PBP/1NB1K1R1 w - - 11 17,vssf1_win_d8,10,-3.021,-1.62,-8.34,-5.59,quiet,1,0,0,0,
1q1n2kr/3b1pb1/3p2p1/1r1P3p/N4Q2/P4N1P/RPB2PP1/2B1R1K1 w - - 3 26,vssf1_win_d8,5,7.321,0.0,7.1,1.31,quiet,0,1,0,0,
r2qkbnr/1b1n1p2/pp2p3/2pP2pp/P1B5/4PNB1/1P3PPP/RN1Q1RK1 b kq - 0 12,vssf1_win_d8,0,0.964,0.0,1.25,0.71,quiet,0,0,0,0,
8/2k5/4p1p1/2K1Pp1p/Pp3P1P/5P2/8/8 w - - 0 66,gnt_mob_base_s0,128,-0.108,0.0,-0.45,0.2,quiet,2,2,0,0,
8/7r/6k1/3K4/8/8/8/8 b - - 39 97,sb_on_s1_m750,117,-9.831,0.0,-53.41,0.0,quiet,0,0,0,0,
8/7p/7P/1PR3P1/3Kbk2/8/8/8 b - - 0 61,vssf1_win_d8,112,8.063,0.0,5.44,0.29,quiet,2,2,0,0,
r7/8/P7/1B3p1p/3k1bp1/7P/5P2/4K3 w - - 0 51,vssf1_win_d8,106,-9.9,0.0,-5.22,0.0,quiet,1,2,0,0,
6k1/4pp2/6p1/p6p/P4P2/4R3/5r1r/3K2N1 b - - 0 41,vssf1_win_d8,90,-8.603,0.0,-7.9,-2.09,quiet,1,0,0,0,
7R/1pp2k2/p1nb1pp1/6q1/3P2P1/2P2Q2/PP3P2/6K1 w - - 0 31,vssf1_win_d8,64,3.939,1.89,0.4,2.24,quiet,1,2,0,0,
r4nk1/1R2R1pr/P6p/8/3p1P2/6P1/3B2P1/5K2 w - - 5 44,vssf1_win_d8,74,0.957,0.0,3.84,0.22,quiet,0,1,0,0,
7k/1r6/pN1R4/3Bp1p1/4P1b1/7r/PP1B4/6K1 w - - 0 31,vssf1_win_d8,74,9.26,0.0,2.8,-1.43,quiet,1,1,0,0,
1r1qr1k1/p1p3pp/2Q5/5p2/4B1b1/P2PB1P1/5P2/2R1K3 w - - 0 24,vssf1_win_d8,37,0.517,0.0,-0.74,2.59,quiet,1,0,0,0,
r1b2rk1/1pp1b1pp/p2p3P/3PpP2/2P5/2N2N1P/PPn2P2/1K1R2R1 b - - 0 18,vssf1_win_d8,58,-4.911,0.0,-2.98,1.42,quiet,1,2,0,0,
r3k2r/3q1ppp/ppn5/3n4/3P4/BP5P/P3BP1P/2RQ1RK1 b kq - 1 16,vssf1_win_d8,21,1.45,0.0,1.44,-0.16,quiet,0,1,0,0,
r2qr3/1p1bppk1/1n4pp/pPn5/8/1B2PN1P/P1PP1PP1/1R1QR1K1 b - - 2 19,vssf1_win_d8,16,0.013,0.0,-2.89,0.27,quiet,0,1,0,0,
r2q1rk1/1p1n1ppp/p1b5/4p3/2Pb4/P2P1P2/R1Q2PBP/1NB1K1R1 b - - 10 16,vssf1_win_d8,10,-1.275,0.0,-5.11,-2.81,quiet,1,0,0,0,
3r1rk1/4nq2/1p1p2p1/pN1PpB1p/P1P3n1/4bN2/1PQ2PP1/R3BK1R b - - 0 25,vssf1_win_d8,5,4.709,0.0,5.11,0.84,quiet,2,0,0,0,
r2qkbnr/1b1n4/pp1Bp3/2p3p1/P1B4p/4PN2/1P3PPP/RN1Q1RK1 b kq - 1 14,vssf1_win_d8,0,3.445,2.16,1.17,1.06,quiet,0,1,0,0,
2k5/8/4p1p1/p1p1Pp1p/P4P1P/1P2KP2/8/8 w - - 21 60,gnt_mob_base_s0,128,-0.296,0.0,0.88,0.03,quiet,2,0,0,0,
8/8/8/8/8/3k4/8/1R3K2 w - - 71 105,sb_on_s1_m750,117,10.015,0.0,53.55,0.0,quiet,1,1,0,0,
8/7p/7P/4kbP1/1R6/8/1P1K4/8 b - - 0 52,vssf1_win_d8,112,6.706,0.0,4.74,1.18,quiet,1,2,0,0,
1r6/5ppp/5k2/P4P2/8/7P/5PK1/2b2B2 b - - 2 42,vssf1_win_d8,106,-8.459,0.0,-4.35,0.95,quiet,0,1,0,0,
6k1/pp4pp/5p2/8/PP2rR2/4r1P1/7P/R5K1 w - - 2 33,vssf1_win_d8,85,-0.836,0.0,-1.75,-0.53,quiet,0,0,0,0,
8/1pp3k1/p1nbR1p1/5P2/3P4/2P2Q2/Pq3PK1/8 b - - 0 36,vssf1_win_d8,64,0.556,0.75,1.12,3.86,quiet,2,2,0,0,
1r4k1/R3R1pr/P3n2p/8/3p1P2/6P1/3B2P1/5K2 b - - 2 42,vssf1_win_d8,74,1.001,0.0,3.14,0.06,quiet,0,1,0,0,
1r1qr2k/p1p3pp/2Q5/3B1p2/6b1/P2PB1P1/5P2/2R1K3 w - - 2 25,vssf1_win_d8,37,-1.339,0.0,-3.23,-0.85,quiet,1,1,0,0,
3k3r/r7/1n3p2/p1p1p1p1/2BbP2p/P1N5/1P1B1PPP/2RR2K1 w - - 7 30,vssf1_win_d8,58,4.982,0.0,5.61,0.68,quiet,1,0,0,0,
3r1r2/1p5k/1N1p3q/P1pPp1R1/1nP1N3/1P2QP1b/8/R2K4 b - - 0 39,vssf1_win_d8,21,4.753,1.44,1.67,1.38,quiet,1,1,0,0,
rn2k1r1/p1qp1pPp/3bp3/1Np5/2pP4/PP3P2/4KP1P/R1BQ1B1R b q - 0 14,vssf1_win_d8,16,-1.168,0.0,6.07,0.35,quiet,1,1,0,0,
r4rk1/1p3ppp/p1b5/2n1p3/2Pb3q/P2P1P2/R1Q2PBP/1NB2KR1 w - - 13 18,vssf1_win_d8,10,-4.354,-1.62,-4.5,-1.61,quiet,2,0,0,0,
r1b2rk1/pp2bppp/1qn1p3/2ppN3/P7/N2P2P1/1PP1QPBP/R1B2RK1 b - - 0 11,vssf1_win_d8,5,3.22,0.0,2.82,0.1,quiet,0,1,0,0,
rnb1k2r/1p2ppbp/1qp2np1/p2p4/P2P1BP1/2P2N1P/1P2PP2/RN1QKB1R w KQkq - 1 8,vssf1_win_d8,0,0.633,0.0,0.23,-0.18,quiet,0,0,0,0,
2k5/8/4p1p1/p1p1Pp1p/P4P1P/1P3P2/3K4/8 w - - 13 56,gnt_mob_base_s0,128,-0.327,0.0,0.59,-0.16,quiet,0,0,0,0,
8/8/8/5k2/8/8/8/3K2R1 b - - 4 71,sb_on_s1_m750,117,9.611,0.0,53.36,0.0,quiet,0,1,0,0,
8/6pk/1R6/p7/2r5/8/PP5P/6K1 w - - 0 42,vssf1_win_d8,106,0.88,0.0,0.41,-0.26,quiet,0,1,0,0,
8/p5pp/1p2kp2/1P6/P3rR2/4r1P1/5R1P/6K1 w - - 2 36,vssf1_win_d8,85,-0.77,0.0,-1.83,0.1,quiet,0,1,0,0,
4R3/1pp3k1/p1nb1ppq/8/3P2P1/2P2Q2/PP3P2/6K1 b - - 5 33,vssf1_win_d8,64,1.398,-0.63,-1.27,-1.77,quiet,2,2,0,0,
1r3nk1/R4Rpr/P6p/8/3p1P2/6P1/3B2P1/5K2 b - - 0 41,vssf1_win_d8,74,1.874,0.0,2.38,0.18,quiet,0,2,0,0,
2k4r/1pp5/4p3/p3P1r1/7q/2p1bQ2/PPP1R2P/3R3K b - - 1 24,vssf1_win_d8,37,-5.36,-0.36,-8.87,-4.93,ks,3,2,0,0,
3qr2k/p1p3pp/3r4/2Q5/3P1Pb1/P3B3/5PB1/2R1K3 b - - 2 28,vssf1_win_d8,37,-0.712,0.0,-2.47,-0.83,quiet,1,0,0,0,
3k3r/1B1n4/r4p2/p1p1p1p1/N2bP2p/P7/1P1B1PPP/2RR2K1 b - - 0 26,vssf1_win_d8,58,4.752,0.0,6.23,0.79,quiet,1,1,0,0,
r2k3r/4ppb1/pR1pn1p1/2n4p/2P4N/2NP2P1/P2BPP1P/1R4K1 b - - 4 19,vssf1_win_d8,53,1.082,0.0,1.97,0.84,quiet,0,0,0,0,
r2k2r1/p2p1QPp/1qn1p3/1Nb2p2/2Pp1P2/P7/4KP1P/R1B2B1R b - - 6 20,vssf1_win_d8,16,5.506,1.44,6.74,2.49,quiet,1,2,0,0,
r2q1rk1/1p1n1ppp/p1b5/4p3/2Pb4/PQ1P1P2/R4PBP/1NB1K1R1 w - - 9 16,vssf1_win_d8,10,-1.259,0.0,-4.95,-2.81,quiet,1,0,0,0,
rn2kb1r/pp2ppp1/2pp1n1p/3Q1b2/1P1P4/2P2NP1/P3PP1P/RNB1KB1R b KQkq - 0 8,vssf1_win_d8,21,5.81,0.0,12.62,0.0,quiet,0,1,0,0,
r1bq1rk1/1p2ppbp/n4np1/pQpp4/P2P1B2/2PBPN1P/1P3PP1/RN2K2R b KQ - 1 10,vssf1_win_d8,0,1.48,0.0,-0.53,0.41,quiet,0,0,0,0,
6k1/pp4pp/5p2/8/5P2/1P1P1P2/7P/6K1 w - - 1 33,gnt_mob_base_s0,128,-0.475,0.0,-0.63,-0.16,quiet,0,0,0,0,
n7/P7/8/2k5/8/8/1K6/8 b - - 4 98,sb_on_s1_m750,122,-1.287,0.0,-0.13,-0.32,quiet,0,0,0,0,
7k/1R6/8/p1r3p1/6K1/8/PP5P/8 w - - 0 46,vssf1_win_d8,106,0.811,0.0,1.74,-0.74,quiet,2,1,0,0,
8/p5Rp/2p5/3p2Bb/3k4/8/P4P2/4K3 w - - 0 40,vssf1_win_d8,106,6.619,0.0,3.87,0.11,quiet,1,2,0,0,
6k1/2B3pp/p4p2/8/Pn6/4PR1P/1r6/4K3 w - - 0 26,vssf1_win_d8,96,-0.889,0.0,-1.55,-5.29,quiet,1,0,0,0,
6k1/1pp2pp1/p1nb4/6q1/3P2P1/2P2Q2/PP3P2/5RK1 w - - 0 28,vssf1_win_d8,64,-0.306,0.0,-1.27,-0.98,quiet,1,1,0,0,
4r1k1/pp4pp/3b4/2pq4/P4PQn/2PP4/1P1B1P2/5K2 w - - 5 30,vssf1_win_d8,58,-13.353,-3.39,-9.61,0.0,ks,3,1,0,0,
4q1k1/1pp2rp1/r6p/1pP4P/1P1ppN2/PQ3nPR/5P2/3R1K2 b - - 6 38,vssf1_win_d8,32,-1.25,0.0,-3.77,-1.39,quiet,1,1,0,0,
r7/pb2qppk/2p2n1p/1p2p3/4P1PN/P1N4P/1PP1BP2/R2R2K1 b - - 4 20,vssf1_win_d8,48,-1.512,0.0,-2.71,-0.44,quiet,0,1,0,0,
1r3rk1/1pqnpp1p/p2pb1p1/P1p5/2P5/2BPP1PP/1PQ2PB1/1R2K2R b K - 2 19,vssf1_win_d8,21,1.11,0.0,0.31,0.25,quiet,0,1,0,0,
r3k2r/pp2bp1p/1qn1Np2/1B6/4N3/1P6/P4PPP/R2Q1RK1 b kq - 0 16,vssf1_win_d8,16,5.823,2.7,10.11,6.46,quiet,1,2,0,0,
r3r1k1/pp2npp1/1q3n1p/b2p4/2pP4/2N2PP1/PPNBPQ1P/RR4K1 b - - 7 20,vssf1_win_d8,10,-0.725,0.0,-0.65,-0.46,quiet,0,0,0,0,
2r1k2r/1bqn1pb1/p2pp2p/3P4/PP1NR1P1/1Q4P1/3B1PB1/RN4K1 b k - 2 19,vssf1_win_d8,5,6.079,0.0,5.39,0.63,quiet,0,0,0,0,
2bqnrk1/1p2ppbp/r3n1p1/p1Qp4/PPpP1B2/2P1PN1P/2B2PP1/RN2K2R w KQ - 3 15,vssf1_win_d8,0,1.319,0.0,-1.19,0.37,quiet,0,0,0,0,
8/6pp/5p2/3k1P1P/3P4/pK3P2/8/8 b - - 1 42,gnt_mob_base_s0,128,-0.794,0.0,-1.34,0.72,ks,2,4,0,0,
8/K3kpp1/4p3/1p2q3/1P6/8/7p/8 w - - 0 49,sb_on_s1_m750,106,-30.075,0.0,-16.59,0.0,quiet,1,0,0,0,
8/1p6/3nk3/1R3p1p/3P4/2P3PP/PP3PK1/8 w - - 3 45,vssf1_win_d8,112,12.02,0.0,7.3,1.62,quiet,0,2,0,0,
3k4/8/6R1/2p2p1p/P3p3/1bb1P2P/5PP1/6K1 w - - 1 44,vssf1_win_d8,106,-2.89,0.0,-1.25,1.31,quiet,0,0,0,0,
6rk/4P3/8/2K4p/1p6/1P2NR1P/6P1/4r3 b - - 2 53,vssf1_win_d8,90,1.753,0.0,2.4,-0.23,quiet,0,0,0,0,
8/p6p/1p1k1p1P/5pp1/P1r5/5b2/3r1P1R/R4K2 w - - 0 45,vssf1_win_d8,80,-11.026,0.0,-7.22,0.0,quiet,2,0,0,0,
1n4R1/N1k2r2/1p1bp3/1P3p2/2PPpP1p/4K2P/1P6/4B3 b - - 3 29,vssf1_win_d8,85,0.673,0.0,3.47,3.01,ks,3,3,0,0,
rn5b/3kp1np/6pB/3p4/p2P2P1/7P/PP2PP2/2R1K2R b K - 2 22,vssf1_win_d8,74,1.109,0.0,1.46,0.77,quiet,0,1,0,0,
4r1k1/p3ppb1/1p1p1npp/8/2rP1P1P/5N2/PP3PP1/N2R1K1R b - - 4 22,vssf1_win_d8,64,-0.49,0.0,-1.34,0.03,quiet,0,0,0,0,
r5r1/p4kbR/1ppq2pB/2pn4/8/PQ2P1P1/1P3P2/3RK3 w - - 6 24,vssf1_win_d8,26,-1.076,1.26,-1.96,0.7,quiet,0,2,0,0,
1r3rk1/1pqnpp1p/p2pb1p1/P1p5/2P5/1QBPP1PP/1P3PB1/1R2K2R w K - 1 19,vssf1_win_d8,21,1.016,0.0,0.52,0.25,quiet,0,1,0,0,
2r3k1/5r1p/p2qbppP/4n3/3bQ2N/pPB5/P4PP1/2K2R1R w - - 3 26,vssf1_win_d8,16,-9.861,-3.24,-21.72,-14.81,quiet,1,1,0,0,
r2q1rk1/pp2npp1/5n1p/2pp4/1b1P4/2NQ1PP1/PPN1P2P/R1B2RK1 b - - 1 16,vssf1_win_d8,10,0.264,0.0,-0.8,-0.35,quiet,0,1,0,0,
r5k1/pppq1pp1/2nb1n1p/3p1b2/Q7/P1NPrNPP/1P2PPB1/R3K2R w KQ - 0 13,vssf1_win_d8,5,-3.743,0.0,-5.09,-0.57,quiet,1,0,0,0,
r2q1rk1/ppp2ppp/n3p1b1/3p4/1b4Pn/P1NPB2P/1PPQPP2/R3KBNR b KQ - 0 13,vssf1_win_d8,0,-0.669,0.0,-1.82,-0.62,quiet,0,0,0,0,
8/8/8/8/3kp3/8/5K2/8 w - - 4 81,gnt_mob_base_s0,128,-5.111,0.0,0.0,0.0,quiet,2,1,0,0,
8/4k3/6p1/p7/6Pp/7K/4q3/8 b - - 3 46,sb_on_s1_m750,106,-23.634,0.0,-14.0,0.0,quiet,2,0,0,0,
8/5k2/3n4/1p1P1pK1/7P/2P3P1/PP2RP2/8 b - - 2 53,vssf1_win_d8,112,14.91,0.0,6.93,0.0,ks,3,3,0,0,
r5k1/5p1p/6p1/pP2p3/8/4b1P1/1P2KP1P/R7 w - - 0 27,vssf1_win_d8,101,-2.798,0.0,-2.46,-0.97,quiet,1,0,0,0,
5r2/5k2/7p/4PN2/1p3K2/1P1R3P/6P1/4r3 b - - 2 45,vssf1_win_d8,90,4.014,0.0,0.03,3.21,quiet,2,2,0,0,
8/p5pp/1p1k1p2/5p1P/P1P5/5b2/2r1rP1R/R4K2 w - - 5 42,vssf1_win_d8,80,-9.402,0.0,-8.85,-1.71,ks,3,1,0,0,
1n3b1r/Np1k1p1p/4p1p1/8/3PpP2/1P5P/1PP1K1P1/2B4R b - - 1 16,vssf1_win_d8,85,0.503,0.0,1.19,0.0,quiet,1,1,0,0,
r6b/3kp2p/2n1n1pB/3p4/p2P2P1/4P2P/PP3P2/2R1K2R w K - 1 24,vssf1_win_d8,74,0.04,0.0,-0.09,0.69,quiet,0,1,0,0,
5k2/4bp2/1p1Np2p/3n3p/1r1PRP2/2r3P1/5PK1/N6R w - - 1 36,vssf1_win_d8,64,-1.991,0.0,-2.12,0.08,quiet,1,1,0,0,
2kr3r/p1p4p/2b2p2/1p2p3/4P3/2Qn2Pq/PP3P1P/R1BR2K1 w - - 0 22,vssf1_win_d8,26,-2.533,-1.26,-5.15,-1.04,quiet,2,0,0,0,
2rk1r2/1p2p1bp/p1qppnp1/8/1RP5/1QNP2PP/P2BPP2/5RK1 b - - 1 17,vssf1_win_d8,21,-0.097,0.0,1.34,0.56,quiet,1,0,0,0,
r5k1/5r1p/p1nqbppP/2b5/4p2N/pP6/P1QB1PP1/2K2R1R b - - 0 23,vssf1_win_d8,16,-8.53,-1.62,-8.51,-1.61,quiet,2,1,0,0,
1r2k2r/ppp2pb1/2nqp1pp/3p4/3PnP2/1Q1BPN2/PPP3PP/R3BRK1 b k - 1 16,vssf1_win_d8,10,-0.167,0.0,0.52,-0.11,quiet,1,0,0,0,
3r1rk1/1b3pp1/pqnbpn1p/1p1p4/2pP1PN1/P1N1Q1PP/1PP1P1B1/1K1R3R b - - 2 20,vssf1_win_d8,5,-5.869,0.0,-6.49,-0.62,quiet,0,0,0,0,
2rq1rk1/pp2bppp/4p1b1/2np4/3B2Pn/P1N1Q2P/1PP1PP2/2KR1BNR w - - 3 18,vssf1_win_d8,0,-0.853,0.0,-2.62,-1.24,quiet,1,1,0,0,
8/5k2/8/6P1/8/5K2/8/8 w - - 5 71,gnt_mob150_s3,128,3.998,0.0,0.0,0.0,quiet,0,1,0,0,
8/8/8/5k2/8/8/2q5/4K3 b - - 13 70,sb_on_s1_m750,106,-20.334,0.0,-59.47,0.0,quiet,1,0,0,0,
8/5p2/3k4/R7/8/p7/r6P/6K1 w - - 0 77,vssf1_win_d8,106,-1.561,0.0,-2.01,-0.19,quiet,1,1,0,0,
1k6/pb3p2/3Pr2p/2P3p1/8/P1Q3P1/5P1P/6K1 w - - 0 27,vssf1_win_d8,90,9.515,0.0,7.13,2.22,quiet,1,1,0,0,
6k1/1R6/5n2/3p2pp/p4p2/P2r1P2/1P2NKPP/8 w - - 0 38,vssf1_win_d8,96,-0.979,0.0,0.85,0.77,quiet,2,1,0,0,
3q2k1/p4p1p/2p3pP/8/1PQp1Pb1/P2P1N2/4r1P1/6K1 b - - 1 27,vssf1_win_d8,64,-6.188,0.0,-6.88,-1.03,quiet,1,2,0,0,
2rbk3/3n4/8/pp1Np2p/8/P1B3PP/1PP1K3/3R4 w - - 0 31,vssf1_win_d8,85,1.227,0.0,2.0,-0.02,quiet,0,1,0,0,
1k2r1n1/2p2Q2/ppn3p1/1q1p4/7P/2BP2PB/PPP2P2/1K6 w - - 0 34,vssf1_win_d8,53,0.13,0.0,-2.5,1.35,quiet,1,2,0,0,
r1q2k2/3Rn1r1/3p1Npp/8/2P1P3/3P1p2/1Q3P1P/5RK1 b - - 2 29,vssf1_win_d8,32,4.272,2.16,2.88,2.01,quiet,1,2,0,0,
1r4k1/2q1n2R/3pp1p1/8/p1P1QPp1/4P3/6B1/qr3RK1 w - - 2 39,vssf1_win_d8,10,-12.45,1.8,-13.56,0.0,quiet,1,1,0,0,
5rk1/p1q1ppbp/8/r2p4/3P3P/1Bp1PpR1/P4Bb1/1QR1K3 b - - 0 32,vssf1_win_d8,21,-3.27,-0.54,-4.61,-1.24,ks,3,2,0,0,
rkr5/1b3p2/p2p1npp/Pp1n4/1P3P1Q/bR1B4/3BN1PP/6K1 b - - 4 31,vssf1_win_d8,37,6.214,0.0,2.82,0.33,quiet,0,0,0,0,
1r1qk2r/ppp2pbp/2n1pnp1/3p4/3P1P1N/1Q1BP3/PPP3PP/R1B2RK1 b k - 3 13,vssf1_win_d8,10,0.613,0.0,-0.42,0.11,quiet,0,0,0,0,
3r1rk1/1b3pp1/p1nbpn1p/qp1pN3/2pP1P2/P1N1Q1PP/1PP1P1B1/1K1R3R b - - 0 19,vssf1_win_d8,5,-5.489,0.0,-5.15,-0.63,quiet,0,1,0,0,
r1bq1rk1/2b2ppp/1np1pn2/p2pN3/3P4/P2BP3/1PQN1PPP/R1B1R1K1 b - - 1 13,vssf1_win_d8,0,0.774,0.0,0.76,0.27,quiet,0,2,0,0,
8/8/8/3k4/6P1/3K4/8/8 b - - 1 64,gnt_mob150_s3,128,1.466,0.0,0.0,0.0,quiet,1,1,0,0,
8/5k2/8/8/8/4q3/7K/8 b - - 5 66,sb_on_s1_m750,106,-20.895,0.0,-59.47,0.0,quiet,1,0,0,0,
8/1p4kp/4p3/3pPp2/pr6/2R5/6P1/7K w - - 0 43,vssf1_win_d8,106,-8.998,0.0,-6.01,0.03,quiet,0,1,0,0,
5r2/1P3kpp/8/3pBp2/3P4/4P3/5PPP/R5K1 b - - 0 40,vssf1_win_d8,101,11.2,0.0,9.62,0.64,quiet,0,1,0,0,
6k1/p1p5/6Pp/2ppr3/3Pp3/P1B1P3/1P3qP1/2R4K w - - 0 33,vssf1_win_d8,80,-6.818,0.0,-8.71,0.0,quiet,1,1,0,0,
r7/p6p/1p1p2pk/1Pp5/6P1/P1Qp2PP/8/3q1rRK w - - 4 32,vssf1_win_d8,53,-8.833,2.1,-7.96,0.0,quiet,1,2,0,0,
1r6/2b5/4k3/3Rp2N/3nK1P1/1p5P/1PPB4/8 w - - 0 41,vssf1_win_d8,85,4.771,0.0,3.44,2.17,ks,4,4,0,0,
2r4r/pp1kppbp/3p2p1/8/3nP2P/5PP1/PP4K1/1RB2R2 b - - 0 17,vssf1_win_d8,69,-7.23,0.0,-7.03,0.39,quiet,1,0,0,0,
4r1k1/p1b2ppp/Ppp3r1/3p4/3Pq3/2B1P2P/1PP1Q1P1/3R1N1K b - - 5 29,vssf1_win_d8,37,-3.567,0.0,-4.38,-1.0,ks,3,0,0,0,
1r3knr/2R4p/1P1pqp2/p2Npp2/8/1Q2B3/PP3PPP/5RK1 w - - 2 25,vssf1_win_d8,26,5.685,0.0,9.79,2.79,quiet,0,2,0,0,
2r3k1/p1q1ppbp/8/r2p4/P2P3P/1Bp1PpR1/5Bb1/1QR1K3 b - - 0 33,vssf1_win_d8,21,-3.675,-0.54,-4.97,-1.38,ks,3,2,0,0,
rkr5/1b3p2/p2p2pp/Pp1nb2n/1P1N3Q/3B4/3B1PPP/4R1K1 w - - 6 28,vssf1_win_d8,37,2.651,0.0,3.44,0.8,quiet,1,0,0,0,
r2q1rk1/ppp2pbp/4pn2/3p1p2/1n1P1P2/2N1P3/PPP1B1PP/R1BQ1RK1 w - - 0 12,vssf1_win_d8,10,0.505,0.0,-0.49,0.07,quiet,0,0,0,0,
r3Bk1r/1pqbp1b1/6pp/p1P1npN1/Q4B2/2P5/PP3PPP/RN1R2K1 b - - 0 17,vssf1_win_d8,5,-5.505,0.0,4.68,1.09,quiet,0,2,0,0,
r2q1rk1/1bb2ppp/1np1pn2/p2pN3/3P4/P2BPN2/1PQ2PPP/R1B1R1K1 b - - 3 14,vssf1_win_d8,0,0.783,0.0,0.4,0.34,quiet,0,2,0,0,
8/1pk5/6p1/P3Kp2/5P1p/7P/6P1/8 b - - 1 62,gnt_mob150_s3,128,0.075,0.0,0.48,-0.13,ks,3,2,0,0,
2k5/8/8/8/6p1/p2K2P1/8/4R3 w - - 2 67,sb_on_s1_m750,117,7.348,0.0,3.5,0.41,quiet,0,0,0,0,
5rk1/6pp/1P6/3pBp2/3P4/4P3/5PPP/R5K1 b - - 0 39,vssf1_win_d8,101,10.82,0.0,9.15,0.34,quiet,0,1,0,0,
1n3b2/1P6/3N1Pp1/2B4k/2P1pK1P/4P3/8/8 w - - 1 54,vssf1_win_d8,106,11.416,0.0,9.88,0.47,ks,3,2,0,0,
2r1k2r/pp2ppbp/3p2p1/8/3nP3/5PP1/PP4KP/1RB2R2 b k - 4 16,vssf1_win_d8,69,-6.846,0.0,-6.47,-0.46,quiet,1,0,0,0,
6k1/p1b2ppp/Ppp1r1r1/3p4/3Pq3/2B1P2P/1PP1Q1P1/2R2N1K b - - 7 30,vssf1_win_d8,37,-4.147,0.0,-4.4,-1.0,ks,3,0,0,0,
1r3knr/BPR5/3pqp2/p2Npp1p/8/1Q6/PP3PPP/5RK1 b - - 1 26,vssf1_win_d8,26,5.175,0.0,9.61,2.12,quiet,0,2,0,0,
r2qr1k1/2p2ppp/1pn5/p1P1P3/1b2QB2/5P1N/Pp4PP/1R3K1R b - - 3 19,vssf1_win_d8,21,-1.897,0.0,-4.34,-0.21,quiet,1,1,0,0,
2q1kb2/1p4rn/r3p3/3Q2p1/2NP2N1/pP5P/P2B3P/4RRK1 b - - 0 33,vssf1_win_d8,16,11.316,4.5,17.95,13.41,quiet,0,2,0,0,
r3kb1r/1pqn1pp1/1np1p2p/p3P3/P7/1PN2N2/2PBQPPP/R4RK1 w kq - 1 17,vssf1_win_d8,10,1.417,0.0,1.44,0.23,quiet,0,0,0,0,
r1bq1rk1/pp4bp/2n1p1p1/2p2P2/2Np1P2/2P2BB1/PP1Q3P/RN2K2R b KQ - 0 18,vssf1_win_d8,5,1.097,0.0,1.2,0.26,quiet,0,0,0,0,
rnbq1rk1/1p2bppp/4pn2/3p4/p1PP4/PP1B1N2/1B1N1PPP/R2QK2R w KQ - 0 11,vssf1_win_d8,0,1.261,0.0,0.17,0.08,quiet,0,1,0,0,
8/2p5/1p1p4/1P1P4/2K2k2/8/8/8 b - - 0 129,gnt_mob150_s3,128,-1.54,0.0,-0.93,0.21,quiet,2,0,0,0,
8/8/8/2k2K2/6p1/6P1/R7/8 b - - 2 75,sb_on_s1_m750,117,9.886,0.0,5.8,0.34,quiet,0,0,0,0,
8/8/8/qp6/2p3k1/4Q3/1P6/1K6 w - - 2 72,vssf1_win_d8,85,0.279,0.0,0.54,5.46,quiet,1,1,0,0,
8/8/8/2P1pB2/5b2/8/5kr1/7K w - - 1 78,vssf1_win_d8,106,-9.387,0.0,-4.32,-5.96,ks,3,1,0,0,
6k1/5n1p/p3Q3/1P2P2p/8/5q2/P4P1P/3R2K1 w - - 1 34,vssf1_win_d8,69,8.052,0.0,7.94,4.76,quiet,1,1,0,0,
5Bk1/p1P4p/2p1p1p1/2p5/1np5/6PP/Pb2P3/R2R2K1 b - - 0 30,vssf1_win_d8,90,2.047,0.0,11.31,0.11,quiet,0,1,0,0,
8/4kpp1/p3pn2/P1p5/1n6/1rB5/1P3P2/3N2Kb w - - 0 39,vssf1_win_d8,90,-16.6,0.0,-12.25,0.0,quiet,1,1,0,0,
1k1rr3/1bp1q2p/p5p1/3Pp3/4p3/1PB1Q2P/P1R2PP1/3R2K1 w - - 0 30,vssf1_win_d8,32,0.773,0.0,1.35,0.66,quiet,0,1,0,0,
4rknr/BPR5/3pqp2/p2Npp1p/8/1Q6/PP3PPP/5RK1 w - - 2 27,vssf1_win_d8,26,5.498,0.0,9.45,1.79,quiet,0,2,0,0,
3q1rk1/2p2ppp/rpn5/p1P1P3/1b6/2p2P1N/PP2Q1PP/R1B2K1R b - - 1 16,vssf1_win_d8,21,-0.629,0.0,-1.92,-0.32,quiet,0,0,0,0,
1r3rk1/B3bppp/2pp1n2/8/1q2P3/1bN1QN1P/2P2PP1/1K1R3R b - - 0 20,vssf1_win_d8,10,-3.908,-2.7,-3.85,-4.5,quiet,1,0,0,0,
rn1qkb1r/pp3pp1/4pn1p/1b1p4/3P4/2N1PN1P/PP3PP1/R1BQ1RK1 w kq - 0 10,vssf1_win_d8,5,-2.279,0.0,-3.22,0.0,quiet,1,0,0,0,
r4rk1/1pq1bppp/2n1pn2/2Pp4/b2P4/P2B1N2/1B1NQPPP/RR4K1 b - - 0 15,vssf1_win_d8,0,0.796,0.0,-0.51,0.0,quiet,1,1,0,0,
8/8/6p1/7p/3k3P/p7/8/1K6 w - - 2 70,gnt_mob150_s3,128,-6.919,0.0,-2.7,0.41,quiet,1,0,0,0,
8/8/8/8/8/5k2/2R5/1K6 b - - 44 131,sb_on_s1_m750,117,9.866,0.0,53.41,0.0,quiet,0,1,0,0,
3q4/p5K1/1p4P1/1B3k2/P7/8/8/8 w - - 7 64,vssf1_win_d8,101,-12.423,0.0,-8.45,0.0,quiet,2,1,0,0,
R5Q1/p2k4/2p5/6r1/8/1P1K4/P1P5/8 b - - 0 42,vssf1_win_d8,85,14.633,0.0,13.27,0.0,quiet,0,2,0,0,
8/1p4pp/2k1p3/p1P1Pn1P/P1R2P1b/8/4K3/6B1 w - - 10 73,vssf1_win_d8,101,5.022,0.0,1.97,0.34,ks,2,5,0,0,
1n1B3k/1P6/r3B1p1/2p1p2p/p3P3/P2P2P1/6KP/5R2 w - - 0 33,vssf1_win_d8,90,10.317,0.0,10.66,6.57,quiet,0,1,0,0,
5rk1/2q2ppp/2p1n3/4N3/1P2Q3/7P/2P2PP1/3R2K1 w - - 3 33,vssf1_win_d8,53,2.741,0.0,2.22,0.44,quiet,0,2,0,0,
6k1/1p3pp1/2p1n1p1/4r3/2P3QP/5P2/p2r1qP1/R5RK b - - 0 38,vssf1_win_d8,37,-9.149,0.0,-10.28,-0.86,quiet,1,0,0,0,
r2r2k1/2p2ppp/1p2p3/8/1n3N2/4PP1P/p2N1P2/1QBK3R b - - 0 28,vssf1_win_d8,53,2.215,0.0,11.71,0.0,quiet,2,1,0,0,
7k/2r1np2/p1r2p1p/3pqN2/Q7/1RbBP3/P4PPP/2R3K1 w - - 7 37,vssf1_win_d8,21,3.052,0.0,4.08,2.64,quiet,1,1,0,0,
2kr4/pp2qp2/4n1p1/1bp1b1P1/4N3/P1RPn3/1P6/2K1Q1NB w - - 0 31,vssf1_win_d8,26,-7.28,-1.26,-9.08,-1.83,quiet,1,0,0,0,
1r3rk1/B3bppp/2pp1n2/8/4P3/qbN1QN1P/2P2PP1/1K1R3R w - - 1 21,vssf1_win_d8,10,-2.826,-3.42,-4.85,-5.69,quiet,2,0,0,0,
r3kb1r/pp1q1pp1/2n1Nn1p/3p4/3p4/2P3P1/PP3PBP/RNBQR1K1 b kq - 0 11,vssf1_win_d8,5,1.974,0.0,4.72,0.58,quiet,0,1,0,0,
rnbqk1nr/pp3pp1/3ppb2/2pP3p/2P1P3/3B1N1P/PP3PP1/RNBQR1K1 w kq - 2 10,vssf1_win_d8,0,0.496,0.0,2.45,0.81,quiet,0,0,0,0,
8/5p2/8/8/5k2/8/4K3/8 b - - 12 110,gnt_mob150_s3,128,-1.387,0.0,-47.95,0.0,quiet,1,1,0,0,
8/8/1R6/8/8/5k2/8/K7 b - - 86 152,sb_on_s1_m750,117,9.46,0.0,53.31,0.0,quiet,0,0,0,0,
8/4k3/1p1n4/p1p5/2P1p1PP/1P2K3/P7/3R4 w - - 8 47,vssf1_win_d8,112,5.876,0.0,6.56,-0.02,ks,3,1,0,0,
8/2p5/2P5/6Rp/3k1p2/3n3P/3K2P1/4r3 b - - 1 47,vssf1_win_d8,101,-6.829,0.0,-4.51,-3.96,ks,4,2,0,0,
8/1p4pp/2k1p3/p1P1Pn1P/P4P2/5K2/2R5/4b1B1 w - - 6 71,vssf1_win_d8,101,4.844,0.0,2.65,0.01,ks,2,5,0,0,
1n1B3k/1P6/r1p1B1p1/4p2p/p3P3/P2P2P1/6KP/5R2 b - - 0 32,vssf1_win_d8,90,10.459,0.0,11.2,6.71,quiet,0,1,0,0,
8/3r1k1p/6pP/P2p3r/2b1p3/2K1B3/5P2/1R4R1 b - - 5 43,vssf1_win_d8,74,-0.966,0.0,-0.46,-0.52,ks,3,2,0,0,
6k1/1p3pp1/2p1n1p1/2q1P3/2P1Q3/r4P2/p2r2PP/R4R1K w - - 2 35,vssf1_win_d8,37,-6.509,0.0,-9.25,-0.36,quiet,2,0,0,0,
r1r3k1/pp3pp1/5n1p/NP2p3/R3P1b1/2Q3P1/1p3PBP/5RK1 b - - 0 20,vssf1_win_d8,42,1.179,0.0,10.44,0.0,quiet,0,0,0,0,
r3r2k/4np2/p2q1p1p/p2p4/8/b1RBPN2/P4PPP/1Q1R2K1 b - - 5 25,vssf1_win_d8,21,0.617,0.0,0.7,0.28,quiet,1,1,0,0,
r4r2/pp5k/1b1p1p1q/2n1P2n/1P4b1/P4PP1/1B2Q2P/2R3KR b - - 0 27,vssf1_win_d8,16,-11.156,0.0,-11.26,0.0,quiet,0,0,0,0,
1r3rk1/4bppp/1Bpp1n2/8/4P3/qbN1QN1P/2P2PP1/1K1R3R b - - 2 21,vssf1_win_d8,10,-3.949,-2.88,-3.44,-3.64,quiet,2,0,0,0,
rn1q1rk1/pp2npp1/3p1b1p/2pP1b2/P1P5/3B1N1P/1P3PP1/RNBQ1RK1 w - - 1 11,vssf1_win_d8,0,-0.228,0.0,0.23,0.04,quiet,0,0,0,0,
8/6p1/4k1Kp/pP5P/P2P2P1/8/8/8 w - - 5 56,gnt_mob150_s3,128,7.905,0.0,5.05,-0.04,ks,3,3,0,0,
1R6/8/8/8/8/4k3/K7/8 w - - 63 141,sb_on_s1_m750,117,9.627,0.0,53.36,0.0,quiet,0,0,0,0,
3k4/5R2/2p4p/2r2p1P/4PKP1/5P2/8/8 w - - 0 36,vssf1_win_d8,106,4.993,0.0,4.6,1.15,ks,3,1,0,0,
6R1/8/4p1p1/3pP1k1/3P2b1/3r4/5K2/8 w - - 2 49,vssf1_win_d8,101,-8.696,0.0,-5.48,-3.09,quiet,2,2,0,0,
4k3/1q1p1p2/4ppP1/1pP4p/3nP3/1NPP2P1/7P/R5K1 w - - 0 32,vssf1_win_d8,85,-4.616,0.0,-3.08,-1.23,quiet,0,1,0,0,
8/3ppkbp/6p1/3b1p2/3P4/2BB2P1/7P/6Kn b - - 5 35,vssf1_win_d8,101,-9.661,0.0,-6.4,-0.35,quiet,2,0,0,0,
1r1k1b1r/2R2R1p/pp4p1/3Np3/4P3/8/PP4PP/6K1 b - - 1 27,vssf1_win_d8,74,1.313,0.0,4.87,6.46,ks,0,3,0,0,
r4k2/1R1R1N2/p3n3/8/6n1/2N3K1/PP2P2r/8 w - - 11 33,vssf1_win_d8,64,-4.55,-2.94,0.81,-3.88,ks,3,1,0,0,
r2b1k2/7R/b2p2B1/2pP1P2/1pP2PN1/1n6/1B6/3R1K2 b - - 0 56,vssf1_win_d8,64,17.677,5.1,15.58,18.93,ks,0,3,0,0,
r3r2k/4np2/p2q1p1p/p1bp1B2/8/4PN2/P4PPP/1QRR2K1 w - - 2 24,vssf1_win_d8,21,0.368,0.0,0.84,0.29,quiet,1,1,0,0,
3rr1k1/pp3p1p/5b2/3p1q2/P1pP1N2/R1PnPBPb/1P1Q3P/6KR w - - 7 25,vssf1_win_d8,16,-6.72,-1.26,-5.49,-1.67,quiet,2,0,0,0,
r4rk1/pp2bppp/2ppbn2/q7/3BP3/2NQ1N1P/PPP2PP1/2KR3R w - - 3 15,vssf1_win_d8,10,-0.263,0.0,-0.31,-0.43,quiet,0,0,0,0,
r3kb1r/pp2ppp1/2np1n1p/q4B2/2PP1B2/2N5/PP3PPP/R2QK1NR b KQkq - 0 9,vssf1_win_d8,5,3.908,0.0,4.54,0.04,quiet,0,1,0,0,
r1bqkb1r/1p1p1p1p/p1n1p1p1/8/2P3nP/P1NQPN2/1P3PP1/R1B1KB1R b KQkq - 0 9,vssf1_win_d8,0,0.861,0.0,0.46,0.31,quiet,1,1,0,0,
8/6p1/3k3p/pP3K1P/P2P2P1/8/8/8 b - - 2 54,gnt_mob150_s3,128,7.133,0.0,3.94,0.2,ks,3,3,0,0,
8/8/4Pk2/5r1p/7P/1K6/8/8 w - - 2 65,sb_on_s1_m750,117,-7.471,0.0,-4.88,-0.09,quiet,0,2,0,0,
2r5/5p2/3Qp3/PPP2kp1/K7/8/8/8 b - - 0 52,vssf1_win_d8,96,16.513,0.0,6.94,0.0,quiet,0,1,0,0,
8/p7/1p4k1/1Ppp2B1/P2p4/3P4/2P2r2/1R1K4 b - - 0 36,vssf1_win_d8,101,1.844,0.0,1.83,-0.71,quiet,1,1,0,0,
8/3n1pp1/4k3/1qppP2p/5P2/1P2P1P1/1B4KP/3Q4 w - - 10 32,vssf1_win_d8,74,3.564,0.0,1.42,1.59,ks,1,4,0,0,
5k2/3pp1bp/6p1/5p2/2bP4/2B3P1/2B3KP/7n b - - 1 33,vssf1_win_d8,101,-7.26,0.0,-5.63,-0.37,quiet,2,0,0,0,
r2n1k2/3R4/pR1N4/8/6n1/2N3K1/PP2r3/8 w - - 0 35,vssf1_win_d8,64,-0.011,-1.65,1.31,-2.78,quiet,2,2,0,0,
3rk1r1/1q3pp1/p3pn1p/1p3N2/1Q6/B7/1P3PPP/2R1R1K1 b - - 9 26,vssf1_win_d8,26,3.481,0.0,5.53,4.34,quiet,1,2,0,0,
r1r4k/4np2/p2q1p1p/3p4/p7/2bBPN2/P3QPPP/1R1R2K1 w - - 2 30,vssf1_win_d8,21,0.158,0.0,0.5,0.23,quiet,1,1,0,0,
r2qk2r/1b3ppp/1pnppB2/p1p5/2P5/P2PPN2/1P2BPPP/R2Q1RK1 b kq - 0 11,vssf1_win_d8,16,1.408,0.0,6.02,0.26,quiet,0,1,0,0,
r1b3k1/p1b2pNp/qp6/3pr3/3P2n1/1PB2BP1/P4P1P/R1Q2RK1 w - - 1 22,vssf1_win_d8,10,1.985,0.0,1.49,-0.42,quiet,2,0,0,0,
r1b2rk1/ppq1ppbp/3p2p1/3P3n/1Q2P1n1/P4NP1/R1P4P/1N2KBR1 w - - 4 18,vssf1_win_d8,5,-7.73,0.0,-9.53,-1.82,quiet,1,0,0,0,
r1bqk2r/ppp2p1p/2n2np1/3p2N1/1bPPp3/1PN3PP/P2BPPB1/R2QK2R b KQkq - 3 10,vssf1_win_d8,0,-1.125,0.0,-0.93,-0.04,quiet,0,1,0,0,
8/8/p1p1kppp/P1P5/4P1P1/8/5K2/8 w - - 3 36,gnt_mob150_s1,128,-1.426,0.0,-1.78,-0.2,ks,0,3,0,0,
3k4/8/8/2K5/8/1P6/8/3r4 w - - 6 60,sb_on_s1_m750,117,-8.319,0.0,-1.01,0.0,quiet,1,0,0,0,
8/5pk1/3Qp1p1/r7/P1P5/1P6/2K5/8 w - - 2 46,vssf1_win_d8,96,11.033,0.0,7.27,1.36,quiet,0,1,0,0,
2k5/R7/3b4/3B4/P1P5/1P6/7p/7K w - - 3 39,vssf1_win_d8,106,12.332,0.0,8.11,0.0,quiet,2,2,0,0,
8/3n2p1/4kp2/2ppPq2/5PQ1/BP2P2P/5K2/8 w - - 0 43,vssf1_win_d8,74,0.789,0.0,1.35,0.58,ks,0,3,0,0,
5k2/p4p2/n2NR3/8/3P2P1/8/r5PP/5RK1 b - - 1 39,vssf1_win_d8,85,12.613,0.0,8.49,0.0,ks,1,3,0,0,
r5k1/pp3p1p/2q1p1p1/4n1P1/2P5/1R1B3P/P3KP2/5R2 w - - 0 32,vssf1_win_d8,64,-11.429,-2.04,-8.0,0.0,quiet,2,0,0,0,
3r2k1/3q1ppp/4p3/2R1P3/bp2P2P/3B1NP1/4K3/7R w - - 2 36,vssf1_win_d8,58,-5.278,-1.32,-6.05,-3.93,quiet,2,0,0,0,
r3k2r/p1p1b1p1/p4p1p/3N1b2/5P2/4B3/PPPR2PP/R5K1 b kq - 1 22,vssf1_win_d8,64,0.134,0.0,1.15,0.12,quiet,0,1,0,0,
3rk1r1/1q3pp1/p3p2p/1p3N1n/1Q6/B7/1P3PPP/2R1R1K1 w - - 10 27,vssf1_win_d8,26,3.918,0.0,7.05,4.93,quiet,1,2,0,0,
3r2k1/2r2ppp/p3b3/q7/2B1n1P1/1P1NP2P/2QN1P2/4K1R1 w - - 9 27,vssf1_win_d8,26,-2.435,-1.8,-5.44,-3.52,quiet,2,0,0,0,
1rbk3r/2ppqp2/1pBn3p/p5p1/2PN1B1P/P5P1/1P2PP2/R1Q2RK1 w - - 0 17,vssf1_win_d8,16,7.569,0.0,6.61,1.45,quiet,0,1,0,0,
r1bq1rk1/ppp1bppp/4pn2/3pP3/2P5/6P1/PPQNPP1P/R1B1KB1R b KQ - 0 8,vssf1_win_d8,10,-0.935,0.0,-0.7,-0.23,quiet,0,1,0,0,
r1bq1rk1/pp2pp1p/3p2p1/3P3n/4P1n1/P4NP1/1bPQ3P/RN2KBR1 w Q - 0 16,vssf1_win_d8,5,-7.494,0.0,-8.4,-1.17,quiet,1,0,0,0,
r1bqkb1r/ppp1np1p/3p1np1/3Pp3/P1P5/1P4PP/4PPB1/RNBQK1NR b KQkq - 0 8,vssf1_win_d8,0,0.883,0.0,-0.59,0.03,quiet,0,0,0,0,
8/8/8/P5p1/4k1P1/2K5/8/8 b - - 0 57,gnt_mob150_s1,128,2.884,0.0,2.49,-0.23,quiet,1,2,0,0,
8/5R2/8/7K/3k4/8/8/8 w - - 73 109,sb_on_s1_m750,117,9.629,0.0,53.31,0.0,quiet,0,0,0,0,
2b5/2k5/P4P2/2pP3p/5Pp1/1P2K3/4B1PP/8 b - - 0 43,vssf1_win_d8,117,11.6,0.0,9.65,0.28,quiet,2,2,0,0,
8/p1p1k2p/1p2ppp1/6r1/8/PB1N3P/1P3KP1/8 b - - 4 43,vssf1_win_d8,106,-4.424,0.0,-1.8,-0.25,quiet,1,1,0,0,
5nk1/2R5/8/4pn2/4N2p/3K1P2/6PP/8 b - - 0 49,vssf1_win_d8,101,6.384,0.0,5.44,1.07,quiet,2,1,0,0,
4r1k1/ppp2pp1/2p4p/2P5/P7/2Pq1P2/1P1N1P1P/R1BK4 b - - 0 18,vssf1_win_d8,74,-9.069,0.0,-9.46,-7.76,quiet,2,0,0,0,
4kr2/1qrp1p2/p2Rp1p1/1p5p/2PQ4/1P2P1P1/P4P1P/3R2K1 b - - 1 27,vssf1_win_d8,42,1.184,0.0,2.79,1.77,quiet,1,1,0,0,
1r3k2/1p2R3/p2N1r2/3B1b2/6p1/8/PPP2PPP/2K1R3 w - - 3 29,vssf1_win_d8,69,10.447,0.0,7.54,0.0,ks,1,4,0,0,
3qk2r/4p3/5np1/2P1QbB1/p3p3/P5P1/1P2PPBP/R5K1 b - - 0 27,vssf1_win_d8,42,6.052,1.26,4.32,0.56,quiet,1,1,0,0,
r3k2r/3nbp1p/1nB3pB/1p6/pP2P3/P6P/3R1PP1/3R2K1 w kq - 2 27,vssf1_win_d8,58,1.22,0.0,1.21,0.87,ks,0,3,0,0,
r1b1r1k1/5ppp/p4n2/q1N5/6P1/1P2P2P/2pN1P2/1Q2KB1R w K - 0 22,vssf1_win_d8,26,0.203,0.0,-4.38,-1.28,quiet,2,0,0,0,
2kr1b1r/pp1q1pp1/2n5/1BP4p/8/2n2QPP/PP3P2/R1B2RK1 w - - 0 15,vssf1_win_d8,16,-0.275,1.62,-3.19,0.76,quiet,0,0,0,0,
2r1kbnr/pp2pp2/1qn3p1/1B1pP1Bp/P2P4/2N2Q2/1P3PPP/R4RK1 b k - 3 12,vssf1_win_d8,10,4.118,1.44,4.26,1.92,quiet,0,2,0,0,
rn1qk1nr/1p4bp/p2p2p1/2p1ppN1/2P5/1PNP2P1/P3PPbP/R1BQ1RK1 w kq - 0 12,vssf1_win_d8,5,-2.561,0.0,-2.8,0.19,quiet,1,1,0,0,
r1bqk2r/ppp1npbp/3p1np1/3P4/P1P1p3/1PN3PP/1B2PPB1/R2QK1NR b KQkq - 1 10,vssf1_win_d8,0,1.094,0.0,0.04,0.03,quiet,0,0,0,0,
8/1p6/4k2p/PPP5/3P1p2/7P/8/5K2 b - - 0 50,gnt_mob150_s1,128,4.881,0.0,2.94,-0.61,quiet,0,2,0,0,
8/6K1/1R6/8/3k4/8/8/8 b - - 18 81,sb_on_s1_m750,117,10.021,0.0,53.41,0.0,quiet,0,0,0,0,
8/2b1k3/5p2/p1p1p1p1/2N1P1Pp/PP1KP2P/8/8 w - - 1 40,vssf1_win_d8,117,0.047,0.0,1.05,0.07,quiet,2,1,0,0,
r7/P1b1p3/4p2k/6R1/4P3/2P2R2/5PP1/6K1 w - - 6 52,vssf1_win_d8,90,9.449,0.0,7.77,3.57,quiet,1,1,0,0,
6k1/2p1Rp2/3p1r2/pP5p/B7/P1N2b1P/1P5K/8 w - - 0 33,vssf1_win_d8,90,1.892,0.0,4.09,-0.13,quiet,1,1,0,0,
1q2kr2/3p1pQ1/2rRp1p1/pp6/3R4/1P2P1P1/P4P1P/6K1 w - - 0 34,vssf1_win_d8,42,3.923,2.16,1.43,1.77,quiet,0,2,0,0,
2k5/pp1r3p/2p1pp2/3n4/3P3P/P2B1Nr1/1P1B4/R4K2 w - - 0 27,vssf1_win_d8,74,0.067,0.0,-1.52,-1.92,quiet,1,0,0,0,
5rk1/5p2/2p1n1p1/p2b4/1p5P/4QN1q/PPB5/K5R1 w - - 8 39,vssf1_win_d8,42,-1.213,1.44,-1.92,0.96,quiet,1,0,0,0,
r4k1r/1NBRn2p/5p2/p3n1p1/8/6P1/PP2PPBP/R5K1 w - - 1 23,vssf1_win_d8,58,7.909,0.0,8.35,0.57,quiet,0,1,0,0,
2b1r1k1/2r2ppp/p4n2/q7/2B3P1/1P1NP2P/2QN1P2/4K2R b K - 4 24,vssf1_win_d8,26,-0.16,0.0,-4.24,-2.53,quiet,1,1,0,0,
3rk2r/p2qnpp1/1p6/1Rb1P1Bp/2P1P1b1/2p3P1/P1Q1BP1P/4K1R1 w k - 0 19,vssf1_win_d8,16,-4.493,-2.16,-9.31,-4.59,ks,4,1,0,0,
2rqkbnr/pp2pp2/2n3p1/1B1pP2p/P2P4/5Q2/1P3PPP/RNB2RK1 w k - 0 11,vssf1_win_d8,10,1.122,0.0,2.43,1.08,quiet,0,1,0,0,
r1bqkbnr/1pp3p1/p2pp3/6Pp/3QPP2/2N1B1NP/PPP3n1/R4RK1 w kq - 0 16,vssf1_win_d8,5,-1.384,0.0,-0.75,0.8,quiet,0,0,0,0,
r1b1r1k1/ppp1qpb1/3p1np1/3P4/P1PB3p/1P2PBnP/4P1R1/R1QNK1N1 w Q - 0 18,vssf1_win_d8,0,-0.052,0.0,-3.48,-1.38,quiet,1,0,0,0,
8/8/8/p4k2/P1p5/2P2K1p/8/8 w - - 1 53,gnt_mob150_s1,128,-4.905,0.0,-2.71,-0.11,quiet,2,1,0,0,
8/8/4R3/3k4/8/8/8/6K1 w - - 67 116,sb_on_s1_m750,117,9.864,0.0,53.31,0.0,quiet,0,1,0,0,
8/4b3/1N1k1p2/pK2p1p1/P3P1Pp/1P2P2P/8/8 w - - 5 55,vssf1_win_d8,117,2.164,0.0,1.97,1.23,ks,2,3,0,0,
8/3pNkp1/3P1p1p/8/1pp3Q1/7K/8/6q1 b - - 11 53,vssf1_win_d8,80,-11.644,0.0,-4.06,1.9,ks,1,3,0,0,
7b/4k3/4p3/p1Nb1p1p/P4P2/4K1PP/8/1R6 b - - 4 41,vssf1_win_d8,101,0.816,0.0,2.49,-0.12,ks,3,1,0,0,
4r2q/p1p2k2/1p6/2p2p2/1P3Pp1/P1Q1P1R1/6P1/3K1N2 w - - 1 34,vssf1_win_d8,58,6.154,-0.12,1.12,-1.32,quiet,0,1,0,0,
1q2kr2/2rp1pQ1/2PRp1p1/pp6/3R4/1P2P1P1/P4P1P/6K1 b - - 0 33,vssf1_win_d8,42,3.158,2.16,4.5,3.31,ks,0,3,0,0,
4k3/3nn3/3p2p1/1P1Q2b1/2p1p3/P3P1P1/1B5P/3BR1K1 b - - 0 33,vssf1_win_d8,69,9.463,0.0,16.21,0.0,quiet,0,1,0,0,
5rk1/5p2/2p1n1pQ/p2b4/1p5P/5N1q/PPB5/K5R1 b - - 9 39,vssf1_win_d8,42,-3.007,2.34,-1.78,2.05,quiet,1,1,0,0,
4k3/3b1pp1/p2bpn2/2p5/P7/1rBn4/RP3PB1/3N1K2 b - - 0 27,vssf1_win_d8,69,-8.548,0.0,-7.31,-0.46,quiet,1,0,0,0,
r4rk1/1b1n2pp/pp1q4/3Pp3/2p1P3/1Q1P4/P5PP/1RB1K1NR w K - 0 20,vssf1_win_d8,21,-2.002,-1.62,-1.16,-1.16,quiet,1,0,0,0,
rn2kb1r/1pq2p1p/p1p1p1p1/5BN1/3P4/7P/PPP2PP1/R1BQ1RK1 b kq - 0 12,vssf1_win_d8,16,3.776,0.0,4.85,0.41,quiet,1,1,0,0,
rn1q1rk1/pp2pp1p/5np1/2pPb3/P1B5/2N2Q2/1P1P1PPP/R1B1K2R w KQ - 4 11,vssf1_win_d8,10,1.032,0.0,-0.68,0.26,quiet,0,0,0,0,
r2r2k1/pp2pp1p/1q1pb1pB/2p4n/2PN4/PnNP2PP/RP2PPB1/1Q2K2R b K - 0 17,vssf1_win_d8,5,1.922,0.0,3.92,-0.0,quiet,1,1,0,0,
rn2k2r/pp3ppp/2pqpn2/3p4/1b1P2b1/2NBPN2/PPP2PPP/R1BQ1RK1 b kq - 5 8,vssf1_win_d8,0,-0.068,0.0,0.29,-0.08,quiet,1,0,0,0,
8/8/4k3/8/6P1/4KP2/8/8 w - - 7 81,gnt_mob150_s0,128,6.189,0.0,1.95,0.15,quiet,0,1,0,0,
8/6R1/8/8/8/4k3/8/7K b - - 0 82,sb_on_s1_m750,117,9.797,0.0,53.46,0.0,quiet,0,0,0,0,
8/4b3/2k2p2/p1pNp1p1/2K1P1Pp/PP2P2P/8/8 b - - 16 47,vssf1_win_d8,117,0.129,0.0,1.56,1.04,ks,5,3,0,0,
8/1k6/4p3/4Br2/1P1RK2P/4P3/4P2P/8 w - - 9 60,vssf1_win_d8,101,13.274,0.0,6.82,0.0,quiet,2,1,0,0,
5rk1/4RR2/8/1p3B2/1Pp2P2/p2pK3/P7/8 b - - 0 46,vssf1_win_d8,90,6.064,0.0,8.51,0.0,ks,2,3,0,0,
8/3p3p/2b2kp1/3n4/2Nr4/R2P1PP1/4K2P/2R5 b - - 2 42,vssf1_win_d8,80,4.489,0.0,4.12,-0.36,quiet,2,1,0,0,
3bk2r/5pp1/2bB1n2/pB1p4/3P3p/PP2PP2/4K1PP/2R5 w - - 0 25,vssf1_win_d8,80,2.794,0.0,-0.94,0.18,quiet,0,1,0,0,
2r1r1k1/1p3p1p/p4np1/8/1q6/4BP2/1PB2P1P/R1R2K2 w - - 4 26,vssf1_win_d8,48,-13.16,-2.7,-9.14,0.0,quiet,1,0,0,0,
6k1/6p1/p2b2Pp/2np4/6b1/P3PN2/q1P1KPP1/1rBQ3R w - - 3 25,vssf1_win_d8,37,-7.348,-2.34,-6.15,-3.35,quiet,2,1,0,0,
r3q1rk/2p1pb1p/1npp1p1Q/5P2/p2P3N/P1N4P/1PP3P1/R4RK1 w - - 1 21,vssf1_win_d8,21,1.789,1.26,0.87,1.15,quiet,1,1,0,0,
2rrn1k1/pp2pp2/nq1p3p/2pPB1p1/2P1R3/1NN5/PP3PPP/R2Q2K1 b - - 0 18,vssf1_win_d8,16,2.808,0.0,3.72,0.85,quiet,0,1,0,0,
2r2rk1/p2qpp1p/1p1b4/2pP2pn/P1Bn1P2/1PNPQ2P/3B2P1/2R2RK1 w - - 0 24,vssf1_win_d8,10,1.697,0.0,-0.26,-0.72,quiet,0,0,0,0,
2r2k1r/1b1n4/1p1q1nQ1/p1bp3p/3N4/1P1BP3/PB3PPP/2R2RK1 w - - 1 23,vssf1_win_d8,5,3.349,4.5,3.62,4.56,quiet,1,1,0,0,
r1bqk2r/1p2pp1p/2n2npb/p1p5/2N5/1P1P1NP1/PB2PPBP/R2QK2R w KQkq - 3 10,vssf1_win_d8,0,0.408,0.0,1.08,-0.13,quiet,1,0,0,0,
8/6R1/8/4k3/8/8/7K/8 w - - 3 84,sb_on_s1_m750,117,9.873,0.0,53.41,0.0,quiet,0,0,0,0,
2k5/8/7p/5p2/p1P2PP1/Pr2R2P/4K3/8 b - - 2 44,vssf1_win_d8,106,4.447,0.0,1.89,0.0,quiet,1,0,0,0,
6k1/2R5/1r4p1/2K4p/4BP2/6P1/7P/8 b - - 8 48,vssf1_win_d8,101,9.423,0.0,6.45,3.16,quiet,1,1,0,0,
6k1/1p2pp2/3p2p1/3R4/2r1P2q/P3K3/5R1P/8 w - - 3 45,vssf1_win_d8,74,-12.293,0.0,-8.92,0.0,quiet,2,1,0,0,
B4k2/p4p2/7p/1p6/5P2/Pr2n3/3r3P/K6R b - - 1 40,vssf1_win_d8,85,-10.523,0.0,-7.6,0.0,quiet,2,0,0,0,
8/8/2bpk1p1/3n3p/2Nr1P2/R2P2P1/3K3P/2R5 w - - 2 45,vssf1_win_d8,80,3.799,0.0,4.56,0.21,quiet,2,2,0,0,
5rk1/p2p2pp/5p1B/3qp3/6RP/3P1P2/2b3P1/4KB1R b K - 1 26,vssf1_win_d8,58,-5.017,-1.47,-6.53,-1.31,quiet,1,2,0,0,
r3r1k1/1p1n1p1p/p5p1/8/1P6/1q1BBP2/1P2KP1P/R1R5 w - - 2 23,vssf1_win_d8,48,-12.861,-2.7,-8.3,0.0,quiet,2,0,0,0,
3rkb1r/pp4p1/1n2pp2/6B1/7p/1PNp4/P1Q2PBP/R5K1 w k - 0 21,vssf1_win_d8,48,7.389,0.0,8.28,0.0,quiet,0,0,0,0,
r4rk1/1pp1p3/2n1P1pp/3p4/8/pPb2NNb/P4PP1/2KRRB2 w - - 0 24,vssf1_win_d8,53,-0.521,0.0,-3.04,-0.49,quiet,2,1,0,0,
r1bqr1k1/pp3pp1/7p/2Rp4/5Q2/1P1P1NP1/P2N1nBP/2K4R b - - 0 16,vssf1_win_d8,16,1.962,0.0,-0.23,-2.29,quiet,1,1,0,0,
r3kr2/ppn1b1qp/2p1Q1p1/3pP3/N3n3/4P3/PP1BBPPP/3R1RK1 w q - 1 23,vssf1_win_d8,10,5.772,2.52,2.19,1.46,quiet,2,1,0,0,
r1b1k1nr/1pqp1pp1/p1Nbp2p/8/4P3/2N1B3/PPP1BPPP/R2Q1RK1 b kq - 0 9,vssf1_win_d8,5,2.215,0.0,6.16,0.49,quiet,1,1,0,0,
rn1qk2r/p4p1p/bp2pnpb/2ppN3/8/1PN1P1P1/P1PP1PBP/R1BQR1K1 b kq - 5 9,vssf1_win_d8,0,-0.195,0.0,1.8,0.03,quiet,1,1,0,0,
8/8/1p6/1k6/6K1/7p/8/8 w - - 0 54,gnt_d90_s2,128,-3.777,0.0,-3.02,-0.04,quiet,0,0,0,0,
4k3/6p1/3K1p1p/5P2/5P1P/8/B7/8 w - - 15 54,sb_on_s0_m750,122,7.651,0.0,3.91,0.45,quiet,2,2,0,0,
2k5/6P1/4RK2/7p/p4P2/P4r2/8/8 b - - 0 53,vssf1_win_d8,106,2.224,0.0,6.02,0.6,quiet,0,0,0,0,
2r2k2/6p1/7p/p2B4/8/1P2RP2/6PP/6K1 b - - 0 33,vssf1_win_d8,101,8.207,0.0,5.37,1.27,quiet,0,2,0,0,
6k1/7p/1p1p1Q2/p1pP4/P3p3/1P1Pq3/1K6/3R1br1 b - - 1 46,vssf1_win_d8,58,-9.293,1.47,-6.01,0.8,quiet,1,1,0,0,
rR6/P1k1r2p/2p3p1/5p1B/2PN4/3P4/P4PPP/R5K1 b - - 0 30,vssf1_win_d8,74,15.249,0.0,11.48,0.0,ks,0,3,0,0,
6k1/p2p1rpp/5p1B/3qp3/6RP/3P1P2/2b3P1/4KB1R w K - 2 27,vssf1_win_d8,58,-5.839,-1.77,-6.35,-1.74,quiet,1,2,0,0,
1rb1k2r/2Q2ppp/pp2pn2/3P4/3PP3/6P1/P2bKP1P/R6R b - - 0 19,vssf1_win_d8,48,1.788,4.14,5.4,4.25,quiet,1,1,0,0,
1r3kr1/6b1/p1qP3p/2n1p3/2P2BpP/8/R1Q2PP1/3R2K1 w - - 0 35,vssf1_win_d8,26,-0.602,1.8,0.06,2.81,quiet,1,1,0,0,
5rk1/1p1b3r/2np4/p2p1qB1/P4p1P/1PQ2N2/5PP1/4RRK1 b - - 0 26,vssf1_win_d8,21,2.312,1.98,0.76,0.59,quiet,0,1,0,0,
r1bqr1k1/pp3pp1/7p/2Rp4/5Q2/1P1n1NP1/P2N2BP/1K5R b - - 1 17,vssf1_win_d8,16,-4.3,0.0,-0.38,-0.74,quiet,1,1,0,0,
r3k3/pp2b3/n1p4r/q3p3/2PP2bB/5N2/PRQ2PP1/3K1B1R b q - 1 22,vssf1_win_d8,10,0.843,-1.62,-1.52,-1.36,quiet,1,1,0,0,
rn1qk1nr/pp3ppp/3p1b2/1b2p3/2Q1PB2/2N5/PPP2PPP/R3KB1R w KQkq - 0 10,vssf1_win_d8,5,-4.136,0.0,-2.56,1.51,quiet,0,1,0,0,
rn1qk2r/p4p1p/bp2pnpb/2ppN3/8/1PN1P1P1/P1PP1PBP/R1BQ1RK1 w kq - 4 9,vssf1_win_d8,0,-0.292,0.0,1.6,0.03,quiet,1,1,0,0,
8/5k2/8/6KP/8/6P1/8/8 w - - 5 97,gnt_d90_s2,128,6.96,0.0,2.98,0.05,quiet,1,2,0,0,
3k4/6p1/3K1p1p/3B1P2/5P1P/8/8/8 w - - 17 55,sb_on_s0_m750,122,8.498,0.0,4.29,0.64,quiet,2,1,0,0,
6k1/1P5p/6p1/3K1p2/p3p3/6P1/1P3r1P/1R6 b - - 0 33,vssf1_win_d8,106,-3.99,0.0,3.82,-1.1,quiet,1,0,0,0,
6k1/p7/1p5p/2p1r2p/2P2r2/P2P4/R4P1P/3B1K2 b - - 1 30,vssf1_win_d8,90,-3.955,0.0,-2.66,-0.45,quiet,2,0,0,0,
5k2/1prb1p1p/3p4/P4p1N/5P2/5B2/7r/4K1R1 w - - 0 42,vssf1_win_d8,80,-6.33,0.0,-6.34,-1.03,quiet,1,2,0,0,
6k1/1p2rp2/p1n3pQ/8/2N2N2/2P3qP/PP4P1/3R3K w - - 1 30,vssf1_win_d8,48,8.947,2.34,6.3,2.11,quiet,1,1,0,0,
2r3k1/3n1ppp/8/2Ppp3/3P1QP1/2BqPP2/r2N3P/2R1K3 w - - 0 31,vssf1_win_d8,37,-1.437,-1.8,-3.62,-1.94,quiet,2,1,0,0,
r2q1rk1/pb1p3p/1p2p3/n1p3pP/1PP3Q1/P1BPP3/7R/2R1K3 b - - 0 23,vssf1_win_d8,26,-3.717,1.26,-4.39,0.54,quiet,1,1,0,0,
r3r1kB/pp3p1p/1q4b1/5n2/2B5/1P2PNPP/P4P2/Q4RK1 b - - 2 22,vssf1_win_d8,26,3.282,1.98,2.54,2.05,ks,0,3,0,0,
5krb/p1r1qp1p/8/6pN/5Pb1/1Q2P1P1/PP4BP/R1B2RK1 b - - 1 26,vssf1_win_d8,16,4.956,2.52,6.73,1.15,quiet,0,2,0,0,
r4rk1/pp2qpb1/n1p3p1/4pb1p/1PP1B2P/2NP2P1/P4P2/1R1QK1NR b K - 0 16,vssf1_win_d8,10,-1.428,0.0,-2.06,0.0,quiet,0,0,0,0,
r2q1rk1/pb3ppp/2n2n2/b3p3/1p6/2NPQBP1/PP2PP1P/2R1K1NR w K - 0 15,vssf1_win_d8,5,-4.233,0.0,-5.74,-0.23,quiet,0,0,0,0,
r1bqk2r/1p1pbppp/2n1pn2/p1P5/8/2N1PN2/PPP1BPPP/R1BQ1RK1 b kq - 1 7,vssf1_win_d8,0,0.933,0.0,1.98,0.23,quiet,0,1,0,0,
6k1/8/8/7P/7K/6P1/8/8 w - - 3 96,gnt_d90_s2,128,6.424,0.0,2.48,0.23,quiet,0,0,0,0,
3k4/8/4p1p1/4P3/P1p1B3/6p1/6K1/8 b - - 2 48,sb_on_s0_m750,122,0.634,0.0,2.6,-1.15,quiet,1,0,0,0,
q7/P3k1pp/R7/1pp1p3/8/7P/6PK/8 b - - 4 55,vssf1_win_d8,96,-12.306,0.0,-8.06,0.0,quiet,1,1,0,0,
2R5/3kb3/5p2/3p4/3p2p1/6P1/1P2PP2/3R2K1 w - - 3 31,vssf1_win_d8,101,13.58,0.0,8.63,0.0,quiet,0,1,0,0,
6k1/p7/1p4pp/2p1r3/2P2r1P/P2P4/5P1P/R2B1K2 w - - 1 29,vssf1_win_d8,90,-4.715,0.0,-2.65,-0.59,quiet,2,0,0,0,
r3r1k1/3NRR2/4p3/p7/P2P4/2p3P1/2P4P/6K1 b - - 0 31,vssf1_win_d8,80,9.21,0.0,9.83,10.98,ks,0,3,0,0,
5nk1/2P5/5b1p/B2p2p1/rP1p4/p2K1PPB/P6P/2R5 b - - 0 45,vssf1_win_d8,85,5.279,0.0,8.58,-0.54,ks,3,0,0,0,
8/3r1kbN/6p1/1pQ1Pr2/1n6/1P5P/5PP1/4R1K1 b - - 0 33,vssf1_win_d8,58,9.649,2.04,5.03,1.51,ks,1,3,0,0,
r3k2r/1p1npp1p/1p1p1np1/8/2PP4/8/PP1N1PPP/R3KB1R b Kkq - 0 13,vssf1_win_d8,64,0.165,0.0,-0.09,0.23,quiet,0,0,0,0,
