fen,phase_bucket,best_uci,best_cp,moves
8/3k4/7P/2p5/4p3/1P2PP2/4K3/8 w - - 0 43,adveg,f3f4,738,f3f4:738;f3e4:737;e2f2:735;e2e1:728;e2d1:717;e2d2:716;h6h7:712;e2f1:669
8/8/1p2k3/1pp1P3/4Kn1p/2P5/8/8 w - - 0 40,adveg,e4f4,-861,e4f4:-861;e4f3:-1021;e4e3:-1031;c3c4:-1133
3n2k1/5ppp/8/2p5/6P1/p4K2/8/8 w - - 0 53,adveg,g4g5,-935,g4g5:-935;f3g3:-1097;f3g2:-1178;f3e4:-1204;f3f4:-1254;f3e2:-1279;f3f2:-1279;f3e3:-1323
8/8/4P3/p5p1/1kPp4/1P1K1P2/P6P/8 b - - 0 49,adveg,a5a4,874,a5a4:874;b4a3:962;b4c5:983;g5g4:1159
8/8/p4p1p/P1kp4/1p3pPP/1P1K1P2/8/8 b - - 0 42,adveg,c5d6,-425,c5d6:-425;c5b5:-425;c5c6:-338;f6f5:451;d5d4:491;h6h5:837
6k1/1R6/8/5K1P/8/p7/P7/6b1 b - - 4 45,adveg,g1e3,633,g1e3:633;g8f8:937;g1d4:1103;g1c5:1315;g1f2:1315;g1h2:1315;g1b6:99994;g1a7:99995
8/3pp1kp/6p1/3P1p2/4b3/6P1/6BP/6Kn b - - 1 39,adveg,e4g2,-543,e4g2:-543;h1g3:-530;h1f2:-497;h7h6:-495;g7f6:-493;g6g5:-492;e4c2:-473;g7f7:-466
8/7p/6p1/KP1P2k1/P7/6p1/8/8 b - - 0 77,adveg,g3g2,-412,g3g2:-412;h7h5:0;g5f5:34;h7h6:46;g5f6:77;g5g4:101;g5h4:131;g5h6:193
2k5/5p2/Pn1B2p1/3PP2p/3K1P2/6P1/7P/8 w - - 1 60,adveg,d4c5,770,d4c5:770;e5e6:723;h2h4:717;d6c5:689;h2h3:681;g3g4:677;d6b4:663;d6e7:649
r6k/Np4pp/p3P3/8/8/6P1/Pn2P2P/4K3 b - - 0 30,adveg,a8a7,-699,a8a7:-699;a8e8:-666;b2c4:-654;g7g5:-645;h7h5:-619;a8g8:-614;g7g6:-606;a8b8:-598
8/8/2p1kb2/p1p2p1p/P1Pp1PpP/1P1P2P1/4K3/4N3 b - - 24 75,adveg,f6d8,0,f6d8:0;f6e7:0;e6d6:0;e6e7:0;e6f7:0;e6d7:0;f6g7:0;f6h8:0
8/8/5pp1/8/8/3K2k1/8/8 b - - 7 93,adveg,g6g5,-728,g6g5:-728;g3h3:-727;g3f3:-721;g3g4:-721;g3f4:-721;f6f5:-721;g3h2:-721;g3h4:-721
8/4k3/8/4K2P/6P1/4P3/8/8 b - - 2 75,adveg,e7f7,1198,e7f7:1198;e7f8:1247;e7e8:1247;e7d8:1406;e7d7:1409
8/p4p2/Pp2p1k1/2p4R/5P2/1PP1K2p/3P4/7r w - - 2 36,adveg,h5g5,-228,h5g5:-228;h5h8:-243;h5h4:-253;h5e5:-649;h5h3:-663;h5c5:-700;f4f5:-728;h5d5:-745
8/ppk5/2p5/2P4B/8/1P4P1/7P/6K1 b - - 0 47,adveg,b7b6,520,b7b6:520;b7b5:559;c7d8:567;c7d7:568;c7c8:574;a7a6:582;a7a5:582;c7b8:661
8/5bk1/3R4/6p1/p7/P6P/5PP1/6K1 w - - 0 43,adveg,f2f3,608,f2f3:608;d6b6:604;d6c6:592;d6a6:577;g1f1:575;d6d4:569;d6d1:568;g2g3:567
R7/p3p1kb/8/4K1p1/8/1P6/P4PP1/8 w - - 7 47,adveg,a8a7,646,a8a7:646;e5d4:636;g2g4:635;g2g3:630;a2a4:626;b3b4:623;a2a3:619;a8e8:608
8/8/5p2/4k3/8/3K4/8/8 b - - 1 80,adveg,e5d5,-502,e5d5:-502;e5f5:-502;e5f4:-501;f6f5:-20;e5d6:-15;e5e6:-14
8/8/8/3B4/8/1p6/1K3k2/8 b - - 7 81,adveg,f2e3,12,f2e3:12;f2e2:13;f2g3:14;f2e1:14;f2f1:15;f2g1:15
8/5P2/8/2b5/7p/3k4/K7/8 w - - 0 69,adveg,f7f8q,-99987,f7f8q:-99987;a2b3:-99987;f7f8r:-99987;f7f8b:-99987;f7f8n:-99987;a2b2:-99992;a2a1:-99993;a2b1:-99993
6k1/5p2/4R1p1/P2p3p/8/5P2/5KPP/8 b - - 0 40,adveg,f7e6,689,f7e6:689;g6g5:740;d5d4:757;f7f5:765;h5h4:766;f7f6:768;g8f8:781;g8h7:785
8/8/2k4P/4p1P1/4P3/4PP2/P7/6K1 w - - 1 61,adveg,g1g2,1220,g1g2:1220;g1h2:1195;g1h1:1181;g1f1:1166;g5g6:1135;h6h7:1122;g1f2:1108;a2a4:1074
8/8/2k5/2P4p/3K2p1/4N3/7P/8 b - - 0 58,adveg,c6b5,706,c6b5:706;c6c7:761;h5h4:774;c6b7:808;c6d7:823;g4g3:1269
2k1B3/8/8/1pP2b2/1P2p2p/4K3/5PP1/8 b - - 5 56,adveg,c8c7,483,c8c7:483;c8b8:506;f5h7:508;c8d8:514;f5g4:515;f5d7:515;f5e6:515;c8b7:519
1R6/8/2P3k1/3K4/3p2p1/p2P2p1/P7/8 w - - 1 49,adveg,d5e5,1117,d5e5:1117;c6c7:1108;b8b1:1069;b8g8:1057;d5e4:1022;d5d6:965;b8b3:959;d5c5:959
8/8/5B2/8/8/1k6/6p1/6K1 b - - 13 99,adveg,b3a4,10,b3a4:10;b3c4:13;b3c2:14;b3a3:16;b3b4:17;b3a2:17
6R1/8/8/1ppk4/3n4/p3KPb1/8/8 b - - 1 62,adveg,a3a2,-641,a3a2:-641;b5b4:-616;d5c4:-612;g3e5:-579;g3c7:-571;g3d6:-570;g3h2:-562;d4f5:-558
k7/8/2p5/8/2PP1N2/1P5p/6bK/8 b - - 10 62,adveg,g2e4,206,g2e4:206;g2f3:290;a8b7:533;g2d5:540;g2f1:541;a8a7:542;a8b8:548;c6c5:580
8/8/2n1k3/2B1p2p/2p1P3/5P2/1PPK2PP/8 w - - 10 43,adveg,h2h3,571,h2h3:571;d2c3:566;c5f2:563;c5e3:556;b2b4:555;h2h4:550;b2b3:546;c5b6:545
5k2/R4p2/2K5/P4P1p/2p5/2P5/1r4PP/8 w - - 1 36,adveg,f5f6,480,f5f6:480;a5a6:477;a7c7:467;a7d7:462;g2g3:420;a7b7:419;h2h3:419;h2h4:393
8/p1k2ppp/8/1p6/5P2/P2KP1P1/7P/8 w - - 0 34,adveg,d3d4,-40,d3d4:-40;e3e4:-48;d3c3:-110;d3e4:-116;g3g4:-118;h2h3:-124;d3c2:-167;d3d2:-171
8/1p1b4/3k4/5p1P/2P5/3P1NP1/5K2/8 b - - 0 43,adveg,d6e6,406,d6e6:406;d6e7:425;d7e6:473;d7e8:491;f5f4:510;b7b5:653;d7b5:669;d6c5:695
8/8/6k1/1p6/1P2K3/8/8/8 w - - 2 96,adveg,e4e3,559,e4e3:559;e4e5:550;e4d5:540;e4d3:520;e4d4:506;e4f4:0;e4f3:-44
6k1/p6p/8/5P2/8/P5K1/P7/8 b - - 0 36,adveg,h7h6,1,h7h6:1;g8g7:1;g8f7:1;g8h8:1;a7a5:1;a7a6:1;g8f8:2;h7h5:649
8/6p1/1p3k2/6p1/4Pp2/3K1P2/8/8 b - - 5 67,adveg,f6e5,-689,f6e5:-689;f6f7:-661;f6e7:-638;g7g6:-630;g5g4:-613;b6b5:-613;f6e6:-595;f6g6:-530
2b4k/8/p5R1/1pNp4/1P1P1p2/2P1P2P/8/6K1 b - - 0 41,adveg,h8h7,680,h8h7:680;f4e3:693;f4f3:736;a6a5:743;c8f5:776;c8h3:788;c8g4:826;c8d7:835
8/8/8/8/6k1/5p2/8/5K2 b - - 11 75,adveg,g4g3,0,g4g3:0;g4h4:0;g4h3:0;g4g5:0;g4h5:0;g4f5:0;g4f4:0;f3f2:0
8/8/3B1n2/1p4k1/5p2/5K1p/7P/8 b - - 3 71,adveg,f6d5,-469,f6d5:-469;f6h5:-394;b5b4:-38;g5f5:-38;f6h7:-35;f6g4:-24;f6d7:-24;f6g8:-22
3k4/8/8/p4N1p/4PK2/1P1P4/P7/8 w - - 1 52,adveg,d3d4,689,d3d4:689;f4e3:684;e4e5:684;f4g3:683;a2a3:682;a2a4:682;f4f3:681;f5h4:675
8/8/8/8/6K1/8/4p3/k3N3 w - - 36 85,adveg,e1d3,9,e1d3:9;g4f3:5;g4g3:1;g4f4:1;g4h4:0;g4h3:0;e1g2:0;e1f3:0
8/8/1p5p/2p5/Pp4P1/1Pk2nKP/2P5/8 w - - 0 54,adveg,h3h4,-482,h3h4:-482;g3f3:-489;a4a5:-604;g3f2:-619;g3f4:-622;g3g2:-633;g4g5:-660
2B5/7p/1p4p1/p7/PrP4P/1P2kp2/K7/8 b - - 1 79,adveg,h7h6,-716,h7h6:-716;e3d3:-713;e3d2:-713;f3f2:-712;e3e2:-712;e3d4:-699;e3f4:-693;e3e4:-687
R7/8/8/1ppk4/3n4/p3KPb1/8/8 w - - 0 62,adveg,e3d3,-577,e3d3:-577;f3f4:-601;a8d8:-638;a8a7:-653;a8h8:-694;a8a3:-728;a8f8:-733;a8e8:-734
4k3/2pp1p1B/pp6/2n2Pp1/2P5/P1P2P2/4P3/5K2 w - - 0 24,adveg,f5f6,-207,f5f6:-207;e2e3:-285;f3f4:-286;f1f2:-288;f1e1:-291;f1g2:-296;e2e4:-316;f1g1:-319
5K2/5R2/8/8/8/3k4/8/8 w - - 3 79,adveg,f7c7,414,f7c7:414;f8e8:414;f8e7:414;f7f3:411;f7f4:411;f8g7:404;f7b7:403;f7f6:399
8/6k1/6p1/1p3pP1/1P1K3p/P6P/8/8 w - f6 0 58,adveg,d4c5,19,d4c5:19;d4e5:0;a3a4:-65;g5f6:-364;d4d5:-431;d4c3:-535;d4d3:-558;d4e3:-558
6k1/p3pp1p/8/1pB3P1/1P4P1/7r/8/6K1 b - - 0 43,adveg,g8f8,-566,g8f8:-566;h3b3:-563;h3d3:-560;h3g3:-560;h3c3:-558;h3h4:-555;h3a3:-550;e7e6:-545
8/8/6k1/1K3p2/p7/1p6/8/1R6 w - - 2 53,adveg,b5a4,500,b5a4:500;b1g1:498;b1h1:495;b1f1:495;b5b4:494;b1d1:494;b1e1:488;b1b2:480
8/1p2K1k1/6p1/1pP3P1/1P5P/8/8/8 b - - 10 55,adveg,g7g8,923,g7g8:923;g7h8:1280;b7b6:99994;g7h7:99994
8/8/8/8/1K6/8/2r5/6k1 b - - 2 57,adveg,g1g2,-421,g1g2:-421;c2d2:-420;c2c1:-417;c2c7:-414;g1f2:-410;g1h2:-410;c2b2:-409;c2c8:-406
8/8/7k/8/8/6K1/5P2/8 w - - 0 51,adveg,g3f3,540,g3f3:540;g3f4:520;g3g4:520;g3h4:515;g3g2:56;g3h2:19;g3h3:19;f2f4:19
6k1/4p2p/p2p1p2/P6P/2p1P2B/4nP2/8/6K1 b - - 1 42,adveg,c4c3,-533,c4c3:-533;d6d5:-427;g8g7:-421;e3c2:-413;g8f7:-407;e3d1:-399;g8f8:-391;g8h8:-378
8/4pk1p/pp4p1/4PP2/8/1p4P1/4nB1P/7K b - - 0 37,adveg,g6f5,-787,g6f5:-787;b3b2:-767;g6g5:-709;b6b5:-706;a6a5:-699;e7e6:-667;h7h6:-664;h7h5:-660
8/7k/3p3P/p1pP2P1/P7/3K4/8/8 w - - 11 71,adveg,d3e4,933,d3e4:933;d3c3:922;d3e2:921;d3c2:869;d3c4:819;d3d2:811;d3e3:804;g5g6:0
8/8/8/3Np1KP/k2bP3/8/P5P1/8 b - - 0 48,adveg,d4b2,626,d4b2:626;d4c5:669;a4a3:831;d4g1:846;d4a7:862;d4f2:867;a4b5:895;a4a5:941
8/3p4/3P1ppp/5k2/2r5/3R1P2/7P/6K1 b - - 0 44,adveg,g6g5,-377,g6g5:-377;f5e6:-375;f5e5:-373;h6h5:-373;f5f4:-369;c4f4:-359;c4h4:-352;c4a4:-343
1k6/2r5/8/6K1/4P1P1/R4P2/8/8 w - - 1 63,adveg,g5g6,596,g5g6:596;a3e3:594;g5f5:592;a3d3:588;a3b3:570;e4e5:567;g5f6:565;g5f4:565
8/7p/2k3pP/4p1P1/1KP1P3/8/8/8 b - - 2 48,adveg,c6b6,1297,c6b6:1297;c6d6:1415;c6c7:1415;c6b7:1415;c6d7:1425
8/7p/7P/3k1bP1/1R6/2K5/1P6/8 b - - 2 53,adveg,f5b1,548,f5b1:548;d5c6:560;f5g6:562;d5e5:589;d5c5:601;d5d6:610;f5e4:610;d5e6:613
8/7p/7R/Pp1kp1r1/1K3p2/8/8/8 b - - 1 51,adveg,g5g8,-462,g5g8:-462;d5e4:-461;f4f3:-461;e5e4:-460;g5g7:-459;d5d4:-455;g5g4:-450;g5g1:-428
8/6k1/8/5KP1/8/8/8/8 w - - 13 82,adveg,f5e5,0,f5e5:0;f5f4:0;f5e4:0;f5g4:0;g5g6:0;f5e6:0
8/n7/2p5/1p2pkP1/p2p4/P2P1B2/1PP2K2/6R1 b - - 2 43,adveg,f5g6,658,f5g6:658;b5b4:746;c6c5:762;f5f4:787;e5e4:791;a7c8:815;f5e6:884
8/1p3k2/6p1/1pPK2P1/1P5P/8/8/8 b - - 6 53,adveg,f7e7,985,f7e7:985;f7e8:1058;f7f8:1318;f7g8:1325;f7g7:1523;b7b6:99993
8/p6p/8/6P1/1Pk4P/8/P7/5N1K b - - 0 47,adveg,c4d5,564,c4d5:564;c4c3:592;c4b4:592;c4d4:596;c4b5:611;a7a5:613;a7a6:620;c4d3:658
8/5k2/8/p5Kp/P7/P7/8/8 w - - 0 48,adveg,g5h5,-38,g5h5:-38;g5f5:-40;g5h4:-46;g5f4:-530;g5h6:-698
8/P7/2p2p2/1p6/8/5k2/8/7K b - - 0 52,adveg,f3e3,446,f3e3:446;f3e4:446;c6c5:449;f3e2:483;b5b4:487;f6f5:491;f3f4:493;f3f2:511
8/3k4/B7/p1K5/P4p2/8/8/8 w - - 1 55,adveg,a6b7,583,a6b7:583;a6b5:583;a6e2:578;a6d3:558;a6f1:554;c5b6:521;a6c4:510;c5b5:501
5k2/8/5KP1/8/8/8/8/8 w - - 9 94,adveg,f6e5,0,f6e5:0;f6e6:0;f6f5:0;f6g5:0;g6g7:0
8/8/3p4/5p1p/1k2nP2/3KP2P/2P5/8 b - - 7 50,adveg,b4c5,-505,b4c5:-505;e4f2:-496;e4c5:-496;b4b5:-496;e4c3:-496;e4f6:-496;e4g3:-467;h5h4:-410
8/3k1p2/2p3p1/1p5p/3p3P/2P4K/8/8 w - - 0 63,adveg,c3d4,-771,c3d4:-771;c3c4:-871;h3g2:-1276;h3h2:-1373;h3g3:-1646
8/3k4/1P5P/p4p2/P3pP2/4K1p1/8/8 w - - 1 48,adveg,b6b7,685,b6b7:685;h6h7:670;e3e2:653;e3d2:-18;e3d4:-615
8/8/8/3B2k1/8/1p6/1K6/8 b - - 31 93,adveg,g5f4,0,g5f4:0;g5g4:0;g5h6:0;g5g6:0;g5h5:0;g5f6:0;g5f5:1;g5h4:1
4k3/8/P5p1/4p2p/1P2P1P1/8/6K1/8 w - - 0 51,adveg,g4h5,724,g4h5:724;b4b5:723;g2h2:712;a6a7:693;g4g5:691;g2h3:687;g2g3:686;g2f2:667
8/8/1k3p2/p4P2/P4K1p/2P3pP/6P1/8 w - - 0 53,adveg,f4g4,576,f4g4:576;f4e3:530;f4e4:528;f4f3:461;c3c4:166
3r4/8/2pkPP2/6p1/4p3/7p/P7/5R1K w - - 0 35,adveg,e6e7,445,e6e7:445;f1d1:430;h1h2:-70;f6f7:-120;a2a4:-202;h1g1:-273;a2a3:-285;f1e1:-345
2k5/8/2PK4/8/7N/6P1/8/8 w - - 3 66,adveg,c6c7,99988,c6c7:99988;h4g6:99987;h4f5:99987;h4g2:99987;d6d5:99986;h4f3:99985;g3g4:1324;d6c5:1195
8/8/8/8/8/4B3/6p1/1k4K1 w - - 34 110,adveg,g1g2,0,g1g2:0;g1f2:0;e3a7:0;e3c1:0;e3d2:0;e3d4:0;g1h2:0;e3h6:0
8/4k1p1/7p/3P4/4KP1P/p5P1/1r6/N7 b - - 3 68,adveg,a3a2,-644,a3a2:-644;b2a2:-626;b2b1:-622;e7d6:-616;b2g2:-611;b2b5:-602;b2b4:-601;b2b6:-589
8/6pk/8/6p1/P3R1P1/3r4/1K6/8 w - - 0 48,adveg,b2c2,363,b2c2:363;b2a2:348;a4a5:338;e4b4:326;e4c4:319;b2b1:302;b2c1:293;b2a1:290
8/8/1K2kpp1/8/8/5P2/8/8 w - - 0 49,adveg,b6c6,-532,b6c6:-532;b6b7:-560;b6c5:-560;b6b5:-570;b6c7:-634;b6a7:-766;b6a5:-808;b6a6:-983
6k1/1R6/1b4p1/4K3/6PP/p7/P7/8 b - - 4 41,adveg,b6f2,588,b6f2:588;b6a5:672;b6c5:675;b6g1:683;b6e3:683;g6g5:809;g8f8:854;b6d4:993
8/p6p/4k3/5p2/4p3/P3P1PK/5P1P/8 w - - 2 43,adveg,h3h4,372,h3h4:372;g3g4:363;a3a4:355;h3g2:182;f2f3:-709;f2f4:-709
8/8/6p1/1p3p2/2k4P/p2N2P1/4KP2/8 b - - 3 47,adveg,a3a2,-585,a3a2:-585;b5b4:-535;c4c3:-516;f5f4:-480;g6g5:-459;c4d4:-34;c4b3:-1;c4d5:0
6k1/3R4/1N6/1P3pbp/P3p3/6PP/4K3/8 b - - 1 49,adveg,h5h4,699,h5h4:699;g8f8:739;g5f6:756;g5h6:780;g5c1:806;f5f4:809;g5d2:842;g5e7:863
8/2p5/2Pp4/K2Pp3/p3p2P/1p3Pp1/1p1PPPk1/8 w - - 0 2,adveg,f3f4,-914,f3f4:-914;a5a6:-918;d2d4:-931;a5b5:-947;h4h5:-974;d2d3:-981;f3e4:-1034;e2e3:-1068
8/3p1p2/8/1K4Pp/2PP1pkP/8/8/8 w - - 0 21,adveg,b5c5,-715,b5c5:-715;d4d5:-737;c4c5:-807;b5b6:-816;b5b4:-856;b5a5:-881;b5a4:-881;b5a6:-887
8/5k2/8/p4p1p/5K1N/1P1P4/P3P3/8 w - - 4 50,adveg,a2a4,704,a2a4:704;f4f5:697;a2a3:692;d3d4:692;h4f5:692;e2e3:691;f4e5:687;f4e3:659
8/2pp2k1/P7/P1PP4/1pP2K1p/1pP4p/p4pP1/8 w - - 0 2,adveg,f4e5,-1542,f4e5:-1542;a6a7:-99990;f4e3:-99990;f4e4:-99993;c5c6:-99993;d5d6:-99993;g2g3:-99993;f4g5:-99993
8/4p3/2b2p2/1p2k1p1/pP4P1/3BB3/K7/8 b - - 3 48,adveg,e7e6,25,e7e6:25;c6d5:27;c6e8:28;c6d7:29;e5e6:30;e5d5:31;e5d6:36;c6f3:138
8/2ppppK1/2P5/6Pk/1pPPp3/2PpP1Pp/7P/8 b - - 0 1,adveg,d7c6,-557,d7c6:-557;d7d5:-351;d7d6:-340;b4c3:-41;h5g4:0;h5g5:112;d3d2:170;b4b3:243
8/8/1p3k2/1P2pp2/5n2/1P3K2/7P/8 w - - 0 56,adveg,f3g3,-576,f3g3:-576;h2h4:-601;f3f2:-604;f3e3:-607;h2h3:-629;b3b4:-650
8/3Pk1p1/2ppp3/P4P2/P5p1/KPp3P1/2p1P3/8 w - - 1 2,adveg,a3b4,-99992,a3b4:-99992;a5a6:-99992;b3b4:-99992;f5f6:-99992;d7d8q:-99993;d7d8r:-99993;d7d8n:-99993;d7d8b:-99993
8/3k2pp/pRr5/P4p2/8/7P/8/5K2 w - - 2 38,adveg,b6b7,-149,b6b7:-149;b6b8:-295;b6b3:-322;b6b1:-341;b6b2:-350;b6b4:-359;f1g1:-481;f1f2:-503
8/5k2/8/8/8/4q3/6K1/8 w - - 4 66,adveg,g2f1,-99993,g2f1:-99993;g2h2:-99993;g2h1:-99994
8/8/8/4b3/2k5/p7/2K5/8 b - - 13 82,adveg,a3a2,-99991,a3a2:-99991;e5f4:-99990;e5h8:-99986;e5c7:-99985;e5d4:-99984;e5c3:-99983;c4b4:-1016;e5d6:-910
6k1/7p/2pK2p1/p4P2/P2B4/4P2P/5P2/8 b - - 0 34,adveg,g8f7,655,g8f7:655;g8f8:696;g6f5:697;c6c5:701;h7h6:830;h7h5:849;g6g5:99991
3B4/2p5/p1p2p2/P4kp1/3K2p1/8/5PbP/8 w - - 14 43,adveg,d4c5,-34,d4c5:-34;d8c7:-35;d4d3:-37;d4c4:-38;d8e7:-38;d4c3:-50;d4e3:-147;d8f6:-443
5rk1/pp2p3/6p1/P4pN1/2P5/1b2P3/6P1/6K1 w - - 0 30,adveg,g5e6,-691,g5e6:-691;g5f3:-714;e3e4:-719;a5a6:-724;g1f2:-725;g2g4:-725;g1f1:-745;g2g3:-750
8/3Pk3/P1P2pP1/2p5/pp1p1p2/5P2/2P2K2/8 b - - 1 3,adveg,d4d3,954,d4d3:954;e7d6:1134;f6f5:1134;e7f8:1201;a4a3:1251;b4b3:1269;e7e6:99992;c5c4:99992
6k1/p3p3/6b1/3n2p1/3K4/1P6/P4PP1/7R w - - 0 43,adveg,d4d5,588,d4d5:588;h1c1:125;a2a4:111;a2a3:106;h1d1:106;g2g3:103;h1h3:101;h1e1:93
8/p5p1/7p/1Pb1pk2/P1N5/8/4KPPP/8 w - - 1 38,adveg,a4a5,334,a4a5:334;f2f3:324;c4e3:298;c4a5:224;c4d2:201;h2h4:200;g2g3:189;h2h3:185
8/4p3/1p3p2/3k4/1P6/2K1Br2/8/8 w - - 0 42,adveg,c3d2,-552,c3d2:-552;c3d3:-662;b4b5:-815;c3b3:-850;c3c2:-970;c3b2:-1069
6K1/8/2P3pp/1P1p1P1p/5p1p/1p1P3P/P3P2k/8 w - - 0 2,adveg,a2b3,577,a2b3:577;f5g6:516;c6c7:509;f5f6:414;b5b6:322;g8h7:228;a2a4:211;g8f7:152
8/1p2k3/1B6/2PP1B2/p4n2/P7/1b1K4/8 w - - 2 62,adveg,d5d6,480,d5d6:480;d2c2:253;f5e4:160;c5c6:96;b6c7:15;f5c8:14;f5c2:13;b6a5:11
8/8/1B6/6Kp/4p2P/5kP1/8/8 b - - 2 82,adveg,f3g3,559,f3g3:559;f3g2:620;e4e3:656;f3e2:668
3r4/8/2p2p1k/b7/3p4/P4P2/1BPPK1PP/8 b - - 1 32,adveg,c6c5,-427,c6c5:-427;d4d3:-408;d8g8:-385;h6g7:-376;a5c7:-376;h6g6:-376;h6h7:-370;f6f5:-360
8/8/2kb1p2/p1p1p1p1/2K1P1Pp/PPN1P2P/8/8 b - - 14 46,adveg,d6e7,70,d6e7:70;d6c7:72;d6f8:295;c6d7:402;c6b7:421;c6c7:428;c6b6:437;d6b8:447
8/p7/4k3/4P1K1/1P2P3/8/8/8 b - - 2 3,adveg,e6e5,-18,e6e5:-18;a7a5:562;e6f7:918;e6e7:936;a7a6:955;e6d7:1021
8/1p1P3p/8/2P1PK1p/2k5/8/p7/8 w - - 0 2,adveg,e5e6,223,e5e6:223;d7d8q:217;c5c6:65;f5f6:31;f5e6:24;f5f4:-18;f5e4:-18;f5g5:-321
8/p6R/8/1r6/8/2p5/K5kp/8 b - - 1 66,adveg,h2h1r,-860,h2h1r:-860;h2h1q:-840;b5c5:-617;b5g5:-584;b5b2:-559;b5a5:-539;c3c2:-527;a7a6:-517
8/p4pK1/3P4/P3P1Pp/2pp2Pp/8/2k2P2/8 b - - 0 1,adveg,d4d3,28,d4d3:28;h4h3:84;h5g4:251;c4c3:260;c2c1:284;a7a6:361;c2d2:385;c2b1:385
8/2Pk4/3P4/5K2/8/8/8/4r3 w - - 10 90,adveg,f5g5,-410,f5g5:-410;f5f6:-419;f5g4:-423;f5f4:-439;f5g6:-443;c7c8q:-487;c7c8n:-530;c7c8b:-549
8/6K1/1p4Pr/1P4k1/8/8/5p2/2R5 w - - 9 77,adveg,c1f1,-430,c1f1:-430;g7f7:-436;g7f8:-436;c1d1:-619;g7g8:-643;c1a1:-644;c1b1:-673;c1c3:-755
8/8/8/2ppB3/4n2k/1P2P3/4K3/8 b - - 1 56,adveg,h4g4,-17,h4g4:-17;h4g5:-15;h4h3:0;e4g5:0;h4h5:0;e4g3:3;c5c4:6;d5d4:27
8/3k3b/3p1p2/3P3p/1PK5/5PP1/8/8 b - - 9 56,adveg,d7c8,-489,d7c8:-489;d7c7:-488;h7f5:-484;h7b1:-483;h7c2:-481;h7g6:-479;d7d8:-479;h7g8:-470
6k1/p1b5/6pP/6P1/P7/4PK2/8/8 w - - 11 60,adveg,f3e4,-360,f3e4:-360;f3g4:-378;e3e4:-398;a4a5:-436;f3e2:-463;h6h7:-471;f3f2:-472;f3g2:-493
6k1/5p2/8/6K1/8/8/8/4r3 b - - 11 73,adveg,e1e6,-634,e1e6:-634;e1e7:-628;e1b1:-626;g8g7:-616;e1e8:-611;e1e2:-609;e1f1:-605;e1e5:-603
8/8/1k2p1pp/p1p2p2/P4P1P/1P1KPP2/8/8 b - - 2 39,adveg,b6a6,0,b6a6:0;b6c6:0;b6b7:0;b6a7:0;b6c7:0;h6h5:0;e6e5:335;c5c4:386
8/8/3p2kP/p1pP2P1/P7/3K4/8/8 b - - 10 70,adveg,g6h7,822,g6h7:822;c5c4:924;g6f7:960;g6f5:1253;g6g5:1277;g6h5:1323
r5k1/1p5p/2p3pP/pPPpp3/8/3K4/5P2/7B b - - 0 35,adveg,e5e4,-618,e5e4:-618;g8f8:-614;a5a4:-597;a8f8:-591;g8f7:-577;a8d8:-576;g6g5:-564;a8e8:-559
k7/2p5/pp6/1P6/3B4/8/P1P3PP/6K1 w - - 0 35,adveg,h2h4,764,h2h4:764;b5a6:750;d4f2:733;d4e3:729;g2g4:729;h2h3:719;g2g3:717;a2a4:703
8/8/P7/5k2/4p1p1/8/3p2K1/8 w - - 0 57,adveg,a6a7,-241,a6a7:-241;g2h2:-1243;g2f2:-1259;g2f1:-99994;g2g1:-99994;g2g3:-99994;g2h1:-99995
8/p7/1p6/3p1kpp/P7/1P1PK3/2P5/8 w - - 1 43,adveg,d3d4,-417,d3d4:-417;c2c4:-476;a4a5:-512;c2c3:-521;b3b4:-553;e3e2:-627;e3d4:-648;e3d2:-668
3k4/5pN1/7p/3b4/7P/6P1/r7/1K6 b - - 0 41,adveg,a2g2,-601,a2g2:-601;a2h2:-589;a2f2:-589;a2e2:-581;a2a6:-573;a2a4:-569;d5c4:-560;a2d2:-540
8/8/8/3k1p1P/1B6/3p4/2p3P1/2K5 b - - 0 58,adveg,d5e6,634,d5e6:634;d3d2:698;f5f4:748;d5e4:756;d5e5:813;d5c4:910;d5d4:966;d5c6:985
8/8/2pp4/p1p1k3/P1P1p3/1P5R/5r2/2K5 b - - 3 67,adveg,d6d5,-546,d6d5:-546;e5d4:-546;f2f3:-540;f2a2:-525;f2g2:-516;f2f4:-497;f2f6:-495;f2f5:-493
8/5pkp/4p3/p3P1B1/1p1P4/P7/2r1NPP1/4K3 w - - 0 32,adveg,a3b4,22,a3b4:22;e1d1:-5;g5f6:-128;g5c1:-270;g2g4:-397;g2g3:-402;f2f3:-424;d4d5:-424
8/6k1/p6p/3K2n1/5NPp/8/PP5P/8 b - - 0 49,adveg,a6a5,289,a6a5:289;g5f3:289;h4h3:364;g7f7:377;g7f6:378;g5h7:379;h6h5:393;g7g8:413
5k2/1R3pp1/8/5P1p/P2b4/7P/5P2/6K1 b - - 0 43,adveg,f8e8,605,f8e8:605;g7g5:609;d4c3:610;g7g6:619;h5h4:640;f8g8:644;d4a1:647;d4c5:649
8/5k2/8/3p1p2/3P4/4bP2/6K1/8 w - - 7 61,adveg,g2f1,-599,g2f1:-599;f3f4:-659;g2h3:-659;g2g3:-660;g2h2:-672;g2h1:-673
6k1/5p1p/8/2K5/8/p1N3P1/Pr2PP1P/8 w - - 4 52,adveg,g3g4,-126,g3g4:-126;f2f3:-152;c5d5:-152;c5c4:-152;c5d4:-158;h2h3:-159;h2h4:-176;f2f4:-207
3r2k1/8/pp3p2/6pp/P6P/4PKP1/8/8 w - - 0 55,adveg,g3g4,-684,g3g4:-684;h4g5:-701;f3e4:-705;f3f2:-717;e3e4:-717;f3e2:-722;a4a5:-742;f3g2:-761
8/7p/7P/6pk/8/4K3/8/8 b - - 3 49,adveg,h5g6,-988,h5g6:-988;h5h6:-988;h5h4:-988;h5g4:-812;g5g4:-790
6k1/6p1/8/2P4p/p2pn2K/5R2/PP5P/8 b - - 2 37,adveg,e4c5,370,e4c5:370;g7g5:487;d4d3:523;g8h7:555;e4f6:574;a4a3:599;g7g6:608;e4d2:615
3b4/6p1/p5k1/P1ppp2p/2b5/5P2/2PB4/3K4 w - - 0 42,adveg,d1e1,-769,d1e1:-769;f3f4:-783;d2e3:-787;d2c3:-808;c2c3:-813;d2c1:-822;d2e1:-822;d1c1:-839
8/8/6kp/8/1p2K1PP/1P6/P7/8 w - - 5 54,adveg,e4f3,735,e4f3:735;e4f4:733;e4d4:702;e4e5:701;e4d3:574;g4g5:573;e4e3:572;e4d5:535
8/8/8/2K2k2/8/1P6/8/8 b - - 0 58,adveg,f5e5,526,f5e5:526;f5f6:526;f5e6:526;f5e4:526;f5f4:527;f5g4:527;f5g6:528;f5g5:528
8/8/6p1/pN2Bp1p/P1k1p2P/3r2P1/2K5/8 w - - 8 67,adveg,e5d6,-198,e5d6:-198;b5d6:-288;e5c7:-296;e5b8:-334;e5f4:-335;e5c3:-343;c2b2:-370;b5c3:-389
8/P4p1P/4P1k1/p6p/P1pP4/5p2/1PK4P/q7 b - - 1 3,adveg,f3f2,-924,f3f2:-924;a1a4:-426;g6h7:-28;a1c1:0;a1e1:0;a1f1:0;f7e6:0;f7f5:0
8/8/r4k2/1P6/2P2pP1/2Kp4/5P2/3R4 b - - 0 58,adveg,a6a2,541,a6a2:541;a6a3:542;a6a5:547;a6a7:563;a6a8:563;a6a4:563;a6b6:581;a6e6:584
k7/pp6/2p2nB1/2P4p/8/1PN3P1/7P/6K1 w - - 5 44,adveg,g1g2,514,g1g2:514;c3e4:513;h2h3:507;g1f1:499;h2h4:495;b3b4:495;g6f5:491;g6b1:483
5k2/8/1r6/5p2/p2PP2p/3K1P2/PPR3PP/8 b - - 0 49,adveg,b6b5,542,b6b5:542;a4a3:547;f5e4:553;b6b8:555;b6b7:556;f8e7:557;b6f6:567;b6e6:569
8/3P1p1K/p1p5/4Ppq1/P3p3/3PP2p/2P4k/8 w - - 2 5,adveg,d7d8b,-1111,d7d8b:-1111;c2c3:-1161;d7d8q:-1161;h7h8:-1161;d7d8r:-1163;d7d8n:-1165;d3d4:-1169;a4a5:-1389
8/3r2pp/3Pk3/1p5P/3B4/8/8/7K w - - 0 45,adveg,d4c3,-481,d4c3:-481;h1g2:-508;h1g1:-509;d4c5:-509;d4b2:-531;h5h6:-534;h1h2:-536;d4a1:-536
8/8/1k5p/1P6/8/r4P2/PR3K2/8 b - - 2 58,adveg,b6a7,385,b6a7:385;a3a4:397;h6h5:408;b6b7:411;a3c3:413;b6c7:414;a3d3:416;a3a8:450
8/1R2bk2/4ppp1/1p6/2p2P2/8/1P3P1P/6K1 b - - 1 34,adveg,b5b4,53,b5b4:53;f6f5:243;f7e8:261;f7f8:282;g6g5:322;e6e5:328;c4c3:430;f7g7:594
2Q5/P6P/P2p1p2/3Kp2p/6P1/1P2p1p1/3kPp2/8 b - - 0 3,adveg,f2f1q,561,f2f1q:561;g3g2:668;e5e4:760;d2d1:770;d2e2:809;h5h4:839;d2e1:892;h5g4:960
6K1/2p1p1p1/2P5/3p1PPp/P4P1P/1P1kp3/8/5q2 b - - 0 5,adveg,f1f4,-902,f1f4:-902;e3e2:-901;f1h3:-839;f1a1:-770;f1h1:-755;f1g1:-743;f1g2:-729;d5d4:-720
8/5K2/Pp4P1/1P3P1P/1p1P1pk1/pp2P3/2pP1p2/7q b - - 0 2,adveg,c2c1q,-99993,c2c1q:-99993;c2c1r:-1255;h1h5:-1232;f2f1q:-1161;h1d5:-1097;h1e4:-1059;f4e3:-1038;a3a2:-1003
8/p2p4/1pPP1p2/5Pp1/4PpP1/2K1P3/5q1P/1k6 w - - 0 3,adveg,c6d7,-866,c6d7:-866;c6c7:-924;e3f4:-930;h2h3:-1122;h2h4:-1184;e4e5:-99985;c3b4:-99986;c3c4:-99987
8/8/pBn1k3/8/2P1P1p1/1P4b1/3K4/8 b - - 5 69,adveg,g3f4,-445,g3f4:-445;g3b8:-431;c6e5:-424;g3d6:-424;g3h2:-423;g3h4:-422;e6f7:-417;c6b4:-416
2n3B1/8/6p1/k6P/8/4PK1P/P2P4/8 b - - 0 48,adveg,g6h5,492,g6h5:492;g6g5:650;c8e7:672;c8d6:741;c8b6:786;c8a7:791;a5a4:853;a5b4:857
8/1p3k2/p5p1/4B2p/1PP1b3/8/4BK1P/8 w - - 3 39,adveg,f2e3,518,f2e3:518;h2h4:496;e5g3:494;e5f4:494;e5c3:494;f2g3:493;e5c7:492;e5a1:485
1Q6/8/1pp2pP1/3p3P/kp1PPpP1/8/5P2/4K3 b - - 0 2,adveg,c6c5,759,c6c5:759;f6f5:785;b6b5:794;a4b5:829;a4b3:858;b4b3:859;a4a3:860;f4f3:868
8/8/2k1p3/1pBn1p2/2n2P1p/P2N4/6K1/8 w - - 5 43,adveg,c5f8,-218,c5f8:-218;c5f2:-308;c5a7:-309;c5d4:-312;c5g1:-321;c5b4:-350;g2h3:-378;a3a4:-379
8/pk1r3p/6p1/5p2/R6P/PP4P1/5PK1/8 w - - 1 39,adveg,a4a5,266,a4a5:266;a4b4:248;g2f1:219;h4h5:218;g2f3:207;a4f4:205;a4c4:184;g2g1:176
8/7P/3P4/1PKPP1p1/P2pp2p/1p1P2p1/p1P5/2kq4 w - - 0 2,adveg,c2b3,-756,c2b3:-756;e5e6:-756;c5b6:-760;d6d7:-779;h7h8q:-781;h7h8r:-856;c5c6:-877;c2c4:-881
8/1b6/p3k3/2Kp1p2/1P3Ppp/6P1/4B3/4B3 w - - 0 67,adveg,g3h4,485,g3h4:485;e1f2:216;e2a6:137;e2f1:41;e2g4:37;e2f3:-19;c5b6:-27;c5d4:-36
8/2p1PpP1/4P3/3p4/1pp2Pp1/k2pP1PP/3P1K2/7q w - - 0 2,adveg,e7e8q,-560,e7e8q:-560;g7g8q:-575;h3g4:-613;g7g8r:-879;e7e8r:-99991;e7e8b:-99992;e6f7:-99993;h3h4:-99993
2B5/4R3/3p3P/p2n4/3k1PP1/6K1/P7/8 w - - 1 41,adveg,e7b7,929,e7b7:929;e7f7:905;e7e8:865;e7a7:863;e7d7:859;e7e6:853;e7e1:850;e7e2:843
8/8/4k3/5p2/5p2/1p1K1Bnp/7p/1R6 w - - 0 70,adveg,b1b3,-4,b1b3:-4;f3a8:-4;f3b7:-4;d3d4:-5;f3c6:-6;d3c4:-6;d3c3:-6;d3d2:-13
k7/P1p4P/3p4/2pp1PP1/2p3KP/2p5/1p1P1P1P/4q3 w - - 0 2,adveg,h7h8q,-537,h7h8q:-537;g5g6:-608;h7h8r:-788;g4f3:-853;g4g3:-854;d2d3:-854;g4h3:-861;h2h3:-876
6k1/1KP3pp/6P1/p2p4/P4P2/5P1P/2q1p3/8 b - - 0 8,adveg,e2e1r,-915,e2e1r:-915;e2e1q:-900;h7g6:-900;c2c7:-815;d5d4:-808;h7h6:-805;c2c5:-771;c2c1:-744
2Q5/5k2/2p2ppp/2P1P1P1/K6p/4P3/Ppp2P2/8 w - - 0 2,adveg,c8d7,99996,c8d7:99996;e5e6:99995;e5f6:772;g5f6:766;c8b7:682;g5h6:630;c8c7:624;c8c6:176
8/4pP1K/2pp4/pP2P2p/6Pp/pP2PP2/1k5P/5q2 w - - 0 2,adveg,f7f8q,-241,f7f8q:-241;g4g5:-351;h7g8:-393;h7g7:-398;f3f4:-399;g4h5:-405;f7f8r:-433;e5d6:-466
8/8/8/k1K5/8/p2b4/8/4R3 b - - 2 61,adveg,a3a2,0,a3a2:0;d3g6:2;a5a4:3;d3b5:3;d3h7:3;d3f5:3;d3a6:3;d3c2:3
8/8/2PkB3/p2P2p1/4p2p/2r4P/8/4K3 b - - 5 49,adveg,c3c5,-659,c3c5:-659;c3c2:-650;a5a4:-643;c3c1:-643;e4e3:-641;c3c4:-638;c3d3:-628;c3f3:-625
8/p1P4P/4P3/2K2p2/pp4pP/1Pp4k/2PpP2P/q7 b - - 1 3,adveg,a1g1,-905,a1g1:-905;d2d1q:-687;a4b3:-656;g4g3:-495;f5f4:-487;a1e1:-484;a1c1:-458;h3h2:-442
8/8/2k5/6PK/r6P/8/8/3R4 w - - 1 73,adveg,d1e1,610,d1e1:610;g5g6:596;d1g1:596;d1f1:588;d1c1:584;d1d3:582;d1h1:582;d1d8:581
6k1/R7/4KP2/3p3b/3P4/8/8/8 b - - 8 53,adveg,g8h8,705,g8h8:705;h5g4:938;h5d1:1071;h5f3:1143;h5e2:99990;h5f7:99990;h5g6:99991;h5e8:99992
8/1p6/p4p2/P1P3k1/1P1N2pp/5P2/4K1Pn/8 b - - 0 43,adveg,h2f3,346,h2f3:346;g5f4:451;g4g3:467;g4f3:477;f6f5:480;h4h3:488;g5h5:488;h2f1:534
8/P1p2kp1/3p1Pp1/PpP1P3/4q3/1P2Ppp1/3K2P1/8 b - - 3 3,adveg,f3f2,-783,f3f2:-783;f3g2:-776;g7f6:-714;e4d5:-706;d6e5:-695;e4a8:-695;d6c5:-685;e4b4:-658
8/1R6/2n5/p2k4/P1p5/2K5/1P6/8 b - - 25 79,adveg,d5c5,526,d5c5:526;d5d6:555;d5e5:557;d5e6:559;d5e4:593;c6e5:675;c6d4:675;c6d8:700
8/2P2P2/2p4K/p1P1P3/2k1p2p/7P/p3P2P/3q4 b - - 0 2,adveg,d1c1,-505,d1c1:-505;a2a1q:-471;d1d2:-447;d1f1:-346;d1d5:-344;d1d7:-245;d1e2:-184;a5a4:-177
7Q/4p1P1/K2PP2p/P7/p3pp2/1p3Pp1/P6k/8 w - - 0 2,adveg,g7g8q,870,g7g8q:870;d6d7:861;h8h6:846;d6e7:797;g7g8r:795;a2b3:790;f3e4:662;a2a3:646
7Q/1p1p4/8/2p2K2/3Pp1p1/1P1P4/P2P3p/6k1 b - - 0 6,adveg,e4e3,245,e4e3:245;g4g3:291;c5c4:332;h2h1q:425;e4d3:433;b7b6:454;g1g2:462;d7d6:484
6k1/2P1pp1p/6p1/8/1pB5/1P4P1/5PKP/r7 w - - 3 32,adveg,c7c8q,692,c7c8q:692;c4f7:592;c7c8r:484;g2f3:447;c4a6:442;g3g4:442;h2h3:435;c4e6:433
4k3/1p6/8/p3Pp1p/Pn3B1P/1n2P3/8/3K4 w - - 0 53,adveg,d1e2,-529,d1e2:-529;f4h2:-539;e3e4:-539;f4g3:-540;d1e1:-541;f4g5:-542;f4h6:-542;e5e6:-557
8/3k4/4p2p/3p2p1/R1p2pP1/P4P1P/2N5/6K1 b - - 0 59,adveg,d7c7,593,d7c7:593;e6e5:594;d7c8:598;c4c3:613;d7d6:614;d7c6:618;d7e8:637;d7e7:645
8/P5K1/8/1pp5/4q2p/8/8/6k1 w - - 0 23,adveg,g7f7,-1052,g7f7:-1052;g7f6:-1200;g7h6:-1209;g7h8:-1375;a7a8q:-1450;g7f8:-1556;g7g8:-1556;a7a8r:-1613
5k2/1R6/8/B7/4B2P/4P3/1P3P1P/6K1 w - - 7 40,adveg,e4g6,99996,e4g6:99996;e4c6:99995;a5b4:99995;e4f5:99992;e4f3:99992;b2b4:99992;h2h3:99991;e4d5:99991
8/8/5p2/1P6/5pk1/7p/8/3r1RK1 b - - 1 58,adveg,d1f1,-875,d1f1:-875;h3h2:-728;d1d4:-418;d1d2:-410;d1d5:-372;d1d6:-359;d1d8:-329;d1d3:-316
8/2pp1Pq1/8/2pP1K2/p2pP2p/Pk3P2/4PP2/8 w - - 3 4,adveg,e4e5,-997,e4e5:-997;f3f4:-1000;d5d6:-1009;f5f4:-1016;f7f8n:-1032;f7f8q:-1071;f7f8r:-1072;f7f8b:-1074
8/6p1/PK2kp2/4p2p/2N5/8/8/r7 b - - 7 55,adveg,h5h4,-576,h5h4:-576;a1b1:-530;e6d5:-514;a1a6:-509;g7g5:-497;a1a2:-479;e5e4:-467;f6f5:-448
7Q/kp6/1p2K3/2p4P/P1P5/4pP2/8/8 b - - 0 2,adveg,b6b5,928,b6b5:928;e3e2:1224;a7a6:99999
5k2/6p1/p7/6p1/P1P1n3/5N2/6PP/7K b - - 1 48,adveg,f8e7,-11,f8e7:-11;e4c5:0;g5g4:5;f8f7:7;f8e8:17;e4c3:34;g7g6:34;f8g8:42
7Q/8/1p4P1/1k1K4/8/7p/2P3p1/8 w - - 0 2,adveg,h8b2,99996,h8b2:99996;h8d4:99994;h8h3:99989;h8a1:1311;h8c3:1287;c2c4:1063;h8e8:838;g6g7:532
8/p7/8/3p1p1p/2kP1n1P/8/2K5/8 w - - 4 12,adveg,c2b2,-1038,c2b2:-1038;c2c1:-1378;c2b1:-1378;c2d1:-1380;c2d2:-1380
8/6k1/P1R5/8/r7/4K3/8/8 b - - 4 85,adveg,g7f8,0,g7f8:0;g7f7:0;g7h7:3;a4a5:3;g7g8:3;a4h4:3;g7h8:5;a4b4:6
8/6pk/r7/5P1P/5K1P/8/8/6R1 b - - 0 45,adveg,a6a4,6,a6a4:6;a6a5:7;a6a7:9;a6a3:9;a6a8:9;a6b6:12;a6a2:12;a6c6:13
8/8/3K4/5r2/8/7k/8/6R1 b - - 27 70,adveg,f5f8,-1,f5f8:-1;f5f3:0;f5f2:0;f5a5:0;f5b5:0;f5f6:0;h3h2:0;f5f4:0
8/P7/2q5/8/3KP3/8/1k6/8 b - - 0 14,adveg,c6b7,-557,c6b7:-557;c6c3:-557;c6a8:-557;c6a4:-557;c6a6:-557;c6b6:-557;c6d7:-556;c6d6:-555
8/1p3p2/1P1K1k2/4p3/p3p3/2P5/1PP5/q7 w - - 0 4,adveg,d6c7,-761,d6c7:-761;c3c4:-875;d6d7:-897;d6d5:-1107;b2b4:-99991;d6c5:-99993;b2b3:-99996
6k1/1b6/5B2/ppr1p1PP/4P3/P3K3/1P6/8 b - - 0 42,adveg,c5c4,-419,c5c4:-419;c5c1:-397;g8f7:-380;b7c8:-363;c5c6:-334;c5c2:-325;g8h7:-324;b7c6:-310
5K2/2P2p2/4pPP1/2p1k3/3rP1p1/7P/2Pp2p1/8 b - - 0 2,adveg,d2d1q,-593,d2d1q:-593;g2g1q:-521;g4h3:-517;e5f6:-475;d4d7:-436;d2d1r:-429;f7g6:-411;e5f4:-386
8/3k4/8/3PBp1p/p1K4P/1r4P1/8/8 w - - 4 74,adveg,e5c3,-513,e5c3:-513;d5d6:-563;e5f4:-564;c4c5:-610;c4d4:-610;e5d4:-631;e5a1:-635;e5h8:-641
8/2k2p2/5p2/3P4/3P4/3q4/1K6/8 b - - 2 9,adveg,f6f5,-99984,f6f5:-99984;d3e4:-1311;c7d8:-1296;d3d4:-1296;c7d6:-1296;d3d2:-1290;d3e3:-1290;d3c4:-1187
8/5p2/p5p1/4k2p/1Pb1P2P/8/p3nPK1/3R4 b - - 5 54,adveg,e5e4,-715,e5e4:-715;e2f4:-698;e2c3:-678;e5f4:-674;f7f6:-665;c4b5:-664;c4b3:-661;e2d4:-657
4k3/1b6/p4K2/1p6/2p5/2B4p/1P5P/3R4 b - - 25 76,adveg,b7f3,745,b7f3:745;b7e4:891;b7c6:936;b7c8:998;b5b4:99991;b7d5:99996;b7g2:99997;b7a8:99997
4k3/8/1b1BP3/p5pp/Pp6/1P2n1PP/2P4K/8 w - - 0 46,adveg,d6e5,-478,d6e5:-478;g3g4:-501;e6e7:-518;h2h1:-543;d6b8:-549;c2c3:-564;c2c4:-597;h3h4:-608
8/1N1k4/p7/P4pK1/6p1/3n4/6P1/8 b - - 4 50,adveg,f5f4,-305,f5f4:-305;d7c7:-298;g4g3:-254;d7c6:-14;d7e6:-10;d7c8:-5;d3e1:-1;d7e7:0
8/4p1KP/8/8/8/1pk4r/8/8 w - - 0 11,adveg,h7h8b,-99988,h7h8b:-99988;h7h8q:-99988;h7h8r:-99988;h7h8n:-99988;g7f7:-99989;g7g8:-99989;g7g6:-99989;g7f8:-99989
r7/1K2p3/4P3/3p4/8/8/1P2k2p/8 b - - 1 4,adveg,h2h1q,-1256,h2h1q:-1256;a8a2:-1176;d5d4:-1150;a8h8:-1062;a8a1:-1057;a8a4:-1049;a8g8:-1038;e2e3:-972
8/6k1/p1Q5/4P3/P7/P4P2/7K/8 b - - 2 6,adveg,g7f8,99994,g7f8:99994;g7h7:99994;g7h8:99994;g7f7:99994;a6a5:99994;g7g8:99995
8/8/8/8/8/4k3/2R5/4K3 w - - 63 101,adveg,c2d2,265,c2d2:265;c2c7:260;c2c1:260;c2e2:257;e1f1:255;c2c3:251;c2b2:246;c2g2:246
1n6/1P6/2k5/8/8/8/6K1/8 w - - 8 84,adveg,g2h2,0,g2h2:0;g2f3:-9;g2f2:-9;g2g1:-12;g2h3:-14;g2f1:-15;g2h1:-16;g2g3:-16
8/p3k3/2B2p1p/1P6/5PP1/1r6/5K2/8 b - - 21 67,adveg,e7e6,-472,e7e6:-472;e7f8:-472;b3d3:-470;b3a3:-470;b3c3:-465;e7d8:-464;e7d6:-460;f6f5:-424
8/8/p1K5/5k2/r7/8/5N1p/8 b - - 7 71,adveg,a4a2,-729,a4a2:-729;a4a1:-727;a4f4:-725;a6a5:-696;f5f4:-692;a4c4:-690;a4g4:-687;a4b4:-685
r5k1/8/8/4K3/8/8/8/8 w - - 20 98,adveg,e5d6,-381,e5d6:-381;e5d5:-384;e5e4:-390;e5f5:-390;e5e6:-391;e5d4:-391;e5f4:-414;e5f6:-593
6r1/8/7P/5P1R/2k2K2/8/8/8 b - - 4 114,adveg,c4d5,626,c4d5:626;g8h8:672;c4d3:703;g8g1:786;g8g2:789;c4b3:833;g8e8:850;c4b5:852
8/2kp2p1/1p1p1pP1/p3pP2/P1P1P3/1P6/1r6/5K2 b - - 3 48,adveg,b2b3,-999,b2b3:-999;c7c6:-959;b2d2:-955;b2b1:-893;b2c2:-892;b2h2:-892;c7d8:-891;b2a2:-891
2k5/8/2K5/8/8/3r4/8/8 w - - 84 135,adveg,c6b6,-128,c6b6:-128;c6b5:-143;c6c5:-163
3B4/8/5P2/3b1kP1/p3n3/1p6/1P6/3K4 w - - 4 67,adveg,d8e7,-249,d8e7:-249;g5g6:-265;d1c1:-267;d8a5:-278;d8b6:-283;f6f7:-290;d8c7:-607;d1e2:-701
r7/7k/7P/8/3K4/8/8/8 b - - 2 92,adveg,a8d8,-389,a8d8:-389;a8b8:-387;a8h8:-387;a8a5:-387;a8e8:-387;a8a2:-387;a8a4:-387;a8a3:-387
3k4/8/8/2N5/8/8/3p4/3K4 b - - 7 144,adveg,d8e7,12,d8e7:12;d8c7:13;d8c8:17;d8e8:18
2R5/8/1p4p1/6kp/P1P5/8/4r3/7K b - - 5 61,adveg,e2a2,-415,e2a2:-415;e2c2:-415;e2f2:-414;e2b2:-414;e2d2:-414;h5h4:-372;e2e4:-359;e2e1:-348
6k1/4r3/8/8/7P/3K4/8/8 b - - 8 68,adveg,e7e5,-446,e7e5:-446;e7d7:-412;e7e8:-408;e7a7:-407;g8g7:-404;e7h7:-403;e7f7:-403;e7e1:-403
8/8/1n6/2k5/P7/1K6/8/8 b - - 2 80,adveg,b6a4,0,b6a4:0;b6c4:5;b6a8:8;b6d5:8;b6d7:11;c5d5:11;c5d6:12;c5d4:12
8/1P6/8/3k4/8/P4K2/8/7N b - - 0 54,adveg,d5d6,969,d5d6:969;d5d4:1069;d5c6:1299;d5c5:99989;d5c4:99989;d5e5:99989;d5e6:99989
8/8/3k4/8/8/8/R7/5K2 w - - 29 90,adveg,f1e2,373,f1e2:373;f1f2:372;a2a5:369;f1g2:364;a2d2:361;f1g1:354;a2h2:348;a2a1:334
8/6p1/1p1p1k2/pPnP4/P7/6R1/4B3/7K b - - 0 62,adveg,c5a4,372,c5a4:372;f6e5:401;g7g6:404;f6f5:404;g7g5:456;c5e4:462;c5d7:464;c5b7:478
8/8/8/8/8/2k1p3/8/2KR4 b - - 23 88,adveg,e3e2,418,e3e2:418;c3c4:431;c3b3:449;c3b4:471
8/2p2p1p/2n1k3/1pP5/3pp1N1/p7/5K1P/8 b - - 1 38,adveg,f7f5,-939,f7f5:-939;a3a2:-931;e4e3:-900;e6f5:-897;d4d3:-885;h7h5:-877;b5b4:-873;c6e5:-866
8/2k5/3p4/3P4/1KPB4/8/4p3/8 w - - 0 79,adveg,d4f2,624,d4f2:624;d4c3:503;b4a3:-448;b4b3:-448;d4g7:-452;d4b2:-496;c4c5:-499;b4c3:-533
8/4k3/R7/1p1Bp3/p2n1p2/P7/3K4/8 w - - 32 84,adveg,d5a8,334,d5a8:334;d5b7:333;d2d3:326;d2c3:325;a6b6:325;a6h6:325;a6g6:322;d5c6:319
k7/8/1B6/P7/P3K3/8/8/8 w - - 5 59,adveg,a5a6,111,a5a6:111;e4d5:107;b6d8:106;e4e5:106;b6e3:106;e4d4:106;e4d3:106;b6f2:106
8/3k4/2p1p3/4BpN1/p4P1p/PnK4P/5P2/8 w - - 12 47,adveg,c3b4,484,c3b4:484;g5f7:483;c3c2:483;g5f3:479;g5h7:478;c3d3:470;c3c4:469;e5b8:458
8/R7/8/8/5k2/8/6Kp/8 b - - 2 80,adveg,h2h1q,380,h2h1q:380;h2h1r:385;f4e4:388;h2h1n:388;f4e5:393;h2h1b:394;f4e3:396;f4f5:448
6k1/8/7p/1PK1bNpP/6P1/8/8/8 w - - 1 63,adveg,c5c6,544,c5c6:544;c5d5:523;f5d4:519;c5c4:519;f5h6:513;b5b6:510;f5e3:508;f5d6:507
8/8/5k1K/7R/8/8/8/8 w - - 15 115,adveg,h5a5,595,h5a5:595;h5c5:535;h5d5:535;h5b5:526;h5g5:509;h6h7:495;h5h4:374;h5h2:356
8/6k1/2p3p1/2p2pK1/2Pp1P2/3P1P1p/1r6/7R w - - 2 52,adveg,h1h3,-171,h1h3:-171;g5h4:-412;h1e1:-522;h1d1:-524;h1a1:-530;h1c1:-535;h1f1:-549;h1g1:-965
8/p5pp/6k1/1P1pp1P1/8/7r/7P/3K4 b - - 1 35,adveg,h3h2,-892,h3h2:-892;h3b3:-886;h3d3:-877;h3h4:-876;g6g5:-876;g6f5:-863;g6h5:-861;h3e3:-861
8/8/8/8/4R2p/7k/4K3/8 b - - 0 65,adveg,h3g3,443,h3g3:443;h3g2:99991;h3h2:99995
8/8/3Pk1p1/5p1p/bB3P1P/5PK1/8/8 b - - 17 89,adveg,a4b3,-32,a4b3:-32;a4e8:-29;e6f6:-28;a4b5:-25;a4c6:-21;e6d7:-18;e6d5:-15;a4d7:-12
8/8/7p/3bk2P/p7/P2K4/8/8 b - - 29 90,adveg,d5e6,-757,d5e6:-757;e5f4:-757;d5h1:-757;d5f3:-757;d5a8:-753;d5c6:-753;d5a2:-753;d5f7:-749
8/8/4k3/8/8/2P1K3/4B3/8 w - - 3 87,adveg,e3d3,668,e3d3:668;e3e4:659;c3c4:658;e3d4:657;e2d3:657;e3f4:657;e2b5:655;e2g4:652
8/8/8/3k1B2/1P6/P3P3/2K5/8 w - - 1 44,adveg,c2d3,729,c2d3:729;f5g6:729;a3a4:727;c2b2:726;f5h7:718;f5d3:718;c2c3:717;c2b3:717
Q7/5k2/5pp1/4p2p/1p1p3P/8/6P1/6K1 w - - 0 47,adveg,a8a7,584,a8a7:584;a8a2:581;a8b7:581;a8d5:580;a8f3:580;a8e4:573;a8c6:558;a8a5:544
8/8/8/5p2/5K2/8/k1N5/8 b - - 11 83,adveg,a2b2,0,a2b2:0;a2b1:0;a2b3:0
6k1/2p3pp/5p2/2p3PP/p7/P4q2/1P3P2/6K1 b - - 0 33,adveg,f6g5,-896,f6g5:-896;f3g4:-857;f3d1:-849;g8f7:-833;f3d3:-820;f3e4:-805;f3h5:-804;c5c4:-804
8/8/5p1r/5Pk1/6P1/8/1K6/8 w - - 0 88,adveg,b2c3,-786,b2c3:-786;b2c2:-923;b2a3:-923;b2c1:-923;b2b3:-1039;b2b1:-1039;b2a2:-1149;b2a1:-1163
8/5p2/3n4/3P2k1/1pB4p/1Pb2K1P/P7/8 w - - 6 64,adveg,c4e2,-512,c4e2:-512;f3e3:-524;c4d3:-526;c4f1:-531;c4a6:-532;f3e2:-588;f3f2:-589;f3g2:-601
8/8/1n6/1k6/8/P1K5/8/8 w - - 2 79,adveg,c3d2,0,c3d2:0;c3d4:0;c3d3:0;a3a4:0;c3c2:0;c3b3:0;c3b2:-1
8/6k1/5p1p/4R3/P5p1/6P1/1P3P1P/6K1 w - - 0 34,adveg,e5a5,783,e5a5:783;e5e1:778;e5h5:778;e5c5:777;e5b5:777;e5e7:775;e5f5:770;e5d5:769
8/5p1k/6p1/8/3q4/8/8/5K2 w - - 2 71,adveg,f1e1,-761,f1e1:-761;f1g2:-1222;f1e2:-1226
Nk6/p5p1/P4p2/3B3P/2K1P3/5n2/8/b7 b - - 18 59,adveg,f3d2,-232,f3d2:-232;f3e5:-231;a1e5:-230;f3g1:-219;a1b2:-218;f3e1:-213;f3g5:-211;f3h4:-188
r7/8/5p2/4k3/8/3K4/8/8 b - - 11 87,adveg,a8c8,-1196,a8c8:-1196;a8a7:-1166;f6f5:-1166;a8b8:-1156;a8a5:-1153;a8d8:-1153;a8h8:-1147;a8a4:-1086
8/4n1k1/2p1P3/6P1/p2P4/K7/8/8 b - - 4 49,adveg,g7g6,-478,g7g6:-478;e7f5:-317;g7h7:-10;e7d5:-10;e7c8:-1;g7f8:0;e7g6:0;e7g8:8
8/2k5/2P5/7r/P1K5/8/8/8 w - - 10 59,adveg,a4a5,-431,a4a5:-431;c4b3:-446;c4d4:-447;c4c3:-450;c4d3:-456;c4b4:-463
8/8/4k2P/2p1p1B1/P2pp3/8/4K3/8 b - - 0 51,adveg,e6f7,567,e6f7:567;d4d3:661;c5c4:664;e6d5:664;e6f5:667;e6d6:673;e4e3:673;e6d7:674
r5k1/3b2pp/8/pp4B1/8/P4P2/5KPP/1R6 b - - 1 26,endgame,a8c8,-3,a8c8:-3;b5b4:0;g8f7:1;h7h6:3;d7e8:3;a8b8:5;g7g6:8;a8e8:9
6k1/6p1/8/2B4K/2r3r1/8/3R4/8 w - - 14 67,endgame,c5a7,-431,c5a7:-431;d2d8:-470;c5f8:-470;c5b6:-473;d2d6:-501;d2d5:-514;c5f2:-524;c5e3:-538
2n5/q6k/6p1/p4p1p/p2Qp2P/6P1/1P1B1P1K/8 w - - 8 45,endgame,d4d8,0,d4d8:0;d4f6:0;d4d5:0;d4c3:0;d4c4:-51;d4a7:-205;d4e5:-340;d2c3:-360
8/1p1k4/6Q1/3pP3/8/1bP4P/pqPK4/8 w - - 5 50,endgame,g6d6,0,g6d6:0;g6f7:0;e5e6:-434;g6b6:-510;g6f6:-563;g6f5:-580;g6h5:-588;g6g7:-605
2r5/p3b3/b3p1kp/P1p1Pp2/2Pp1P2/1P1P2P1/1R4K1/2R5 b - - 3 30,endgame,a6b7,-292,a6b7:-292;h6h5:-288;c8b8:-274;e7f8:-268;c8a8:-268;c8d8:-268;c8h8:-265;c8g8:-257
5k2/5ppp/4p3/4P2P/1P3PP1/1R2n1K1/4q3/8 w - - 3 44,endgame,b3e3,-763,b3e3:-763;f4f5:-99993;b3b2:-99996;h5h6:-99998;b4b5:-99998;b3a3:-99998;g3h3:-99998;b3d3:-99998
7r/8/2k5/4n2P/7R/5P2/5K2/8 b - - 2 57,endgame,e5f7,-3,e5f7:-3;e5d7:-1;h8h6:0;c6d5:0;c6d6:0;c6d7:0;h8h7:0;c6c5:1
r7/8/5R2/8/4kP1P/6K1/6N1/8 b - - 2 52,endgame,a8g8,483,a8g8:483;a8h8:515;a8a3:561;a8a5:563;e4d5:608;e4d3:615;a8c8:636;a8a1:638
3r2k1/5p2/3P4/2PP4/8/p4PPK/5qB1/4R3 b - - 0 50,endgame,f2e1,-667,f2e1:-667;g8g7:-633;a3a2:-599;f2c5:-579;g8f8:-572;f2c2:-529;f2d4:-517;g8h8:-515
4rk2/1p3ppp/3p4/p2P4/1p1Rn3/6NP/P5PK/8 b - - 0 30,endgame,e4g3,-527,e4g3:-527;e4c3:-498;e4c5:-488;e4f6:-462;f7f5:-442;b4b3:-430;e4f2:-172;e4g5:-107
8/2r1bk2/1p2p2p/5p1P/3r1P2/5K2/4R3/4N3 w - - 0 47,endgame,e2e3,-656,e2e3:-656;e2g2:-662;e2a2:-669;e2f2:-698;e2b2:-698;e1c2:-716;f3f2:-722;f3g2:-733
5k1r/3nn3/2r3p1/pN1p1p1p/P7/5B2/1PP2PPP/3RR1K1 w - - 12 26,endgame,f3d5,373,f3d5:373;b2b3:335;b5d4:329;h2h4:322;c2c3:308;e1e2:308;d1d2:285;b5a3:281
8/8/5pk1/P7/1P3Pp1/2Pq3P/6QK/2n5 w - - 0 66,endgame,c3c4,0,c3c4:0;a5a6:0;f4f5:0;g2g4:0;b4b5:0;g2g3:0;h3g4:-3;g2a8:-307
5Q2/6pk/5p2/2Bb4/8/1pP3KP/1P2r1P1/8 w - - 1 45,endgame,f8c8,357,f8c8:357;f8d8:357;f8d6:347;c3c4:331;c5f2:309;g3f4:278;h3h4:275;c5d4:267
4k3/1R6/2p1K3/4B2p/p7/P4r2/1P6/8 b - - 0 73,endgame,f3d3,601,f3d3:601;f3b3:634;f3f6:99998;f3a3:99999;e8d8:99999;f3f7:99999;f3c3:99999;f3e3:99999
R7/1p3r2/5kpp/3bp3/1B4P1/3r1P2/7P/6K1 w - - 2 34,endgame,a8d8,-572,a8d8:-572;f3f4:-591;a8g8:-603;h2h3:-610;b4c5:-627;b4f8:-634;h2h4:-638;a8c8:-639
8/6p1/p7/1p1k2p1/3P2P1/P7/2r2P1b/R4K2 b - - 1 32,endgame,h2f4,-607,h2f4:-607;c2c3:-604;h2d6:-601;c2c4:-601;h2c7:-593;c2d2:-593;d5d4:-575;h2b8:-574
7k/6n1/1P3p2/K2R3p/3N2pP/P3P1P1/6r1/8 b - - 0 52,endgame,g2g3,707,g2g3:707;h8h7:799;g2b2:812;h8g8:849;g7f5:855;g2a2:858;f6f5:889;g2c2:902
5r1k/R7/2R5/P4p2/2p4P/6P1/4rPK1/8 w - - 0 43,endgame,h4h5,534,h4h5:534;c6c4:518;c6c7:505;c6h6:478;a5a6:477;c6c5:471;g2f1:467;g2f3:460
4k2r/1B2p3/5B2/R1Np3p/3n4/1PP2bP1/1P3P1P/4K2R w K - 0 23,endgame,f6h8,905,f6h8:905;a5a8:899;f6d4:865;c3d4:827;h1f1:809;h1g1:808;b7d5:781;b7c6:771
6r1/1p2pk1p/3ppbp1/p1r5/P1B1PP2/KP1R3P/6P1/4R3 w - - 1 27,endgame,g2g4,-42,g2g4:-42;e1e2:-47;e1e3:-54;e1d1:-54;e1b1:-55;g2g3:-56;e1f1:-58;e1c1:-59
6k1/1p3p2/p1n1p1p1/P2PP3/1P6/2B5/6rp/2KR4 b - - 0 47,endgame,g2g1,-697,g2g1:-697;e6d5:-673;c6b8:-627;c6b4:-625;c6a5:-594;c6d8:-594;c6e7:-586;c6a7:-528
3kn2r/8/1R1p4/p2P1p1p/P2P3K/5rPB/8/2R5 w - - 1 41,endgame,b6b7,185,b6b7:185;c1e1:154;b6a6:93;b6b2:77;b6b8:58;c1c2:54;c1g1:51;c1f1:51
6k1/1p3pp1/3b4/3p2pP/8/5P2/r3r3/3R1KB1 b - - 1 29,endgame,e2c2,-773,e2c2:-773;e2b2:-765;d6g3:-757;e2d2:-754;d6f4:-745;g8h7:-744;d6b4:-742;b7b5:-742
4k3/1pr3r1/p4R2/P2Pp2p/1RP1p3/6P1/5K1P/8 b - - 0 32,endgame,h5h4,195,h5h4:195;g7g4:239;c7c5:257;g7h7:284;e4e3:294;g7g5:301;e8d8:311;g7g8:321
8/2k4r/1pn3p1/2b1pbR1/1p2P2p/3P1N2/1B2K1PP/2R5 b - - 0 35,endgame,f5d7,300,f5d7:300;f5c8:304;f5e6:323;h4h3:355;c7d6:371;h7e7:378;c7b7:384;b4b3:389
8/5k1p/1N1p4/2pP1p2/1p1r4/5KPP/1PP1R3/8 b - - 3 40,endgame,c5c4,435,c5c4:435;d4d1:452;f7f6:456;b4b3:457;h7h5:460;f7g7:461;h7h6:470;f7g6:473
r4bk1/pR6/5p2/2p3pp/2Pp1B2/3P2PP/PP3PK1/8 w - - 0 30,endgame,b7b8,344,b7b8:344;f4b8:330;f4c7:309;f4d2:299;f4c1:232;b2b4:6;g2f3:-86;g3g4:-111
8/3br1k1/6pp/2R2p2/2P2b2/7P/6B1/r4NRK b - - 5 41,endgame,e7e2,-455,e7e2:-455;e7e1:-453;a1a3:-447;f4b8:-441;d7e8:-412;h6h5:-399;a1c1:-398;g7f6:-387
1r6/1p3kb1/3p2pp/1PpN4/p1P3P1/P2KPP2/8/7R b - - 7 36,endgame,b8d8,207,b8d8:207;f7e6:212;b8h8:213;b8a8:216;b8g8:219;g6g5:224;b8f8:226;b8e8:232
5rk1/3R4/4p3/1p1p2p1/1P1P2Np/4PP1P/1P3KP1/8 w - - 1 49,endgame,g4h6,624,g4h6:624;d7a7:623;e3e4:566;d7c7:557;d7b7:531;f3f4:527;g4e5:523;g2g3:514
r3k3/3nn1Q1/2p3p1/p3N3/2pP1p2/2P4P/PP3PP1/6K1 w q - 2 26,endgame,g7f7,662,g7f7:662;g7h8:636;g1h2:576;e5g6:569;g1f1:559;e5c4:551;e5c6:541;g1h1:538
7r/7p/1pB1kpp1/r1b5/3p4/P2P2PP/4PP2/1R2K2R b K - 0 24,endgame,e6d6,-12,e6d6:-12;a5a3:22;h8c8:22;h7h5:73;g6g5:100;f6f5:113;a5a7:118;c5a3:121
3rr3/pp3p1k/7P/3n2P1/2p3bR/P1P3P1/R7/5KN1 w - - 1 31,endgame,f1f2,-452,f1f2:-452;f1g2:-489;g1h3:-489;h4g4:-535;a3a4:-585;a2b2:-586;g5g6:-606;g1e2:-642
2k5/pp4pp/2p2b1n/2P2p2/1P5P/P2rPN2/1r4P1/R4K1R b - - 0 27,endgame,h6g4,-685,h6g4:-685;a7a5:-649;d3e3:-639;f6c3:-636;g7g6:-626;d3b3:-624;c8c7:-624;f5f4:-624
8/6bk/P2p1r1p/2nR4/1N2pP1p/4B3/1PP2KPP/1R6 w - - 1 39,endgame,a6a7,716,a6a7:716;b1f1:707;f4f5:704;f2f1:703;b1g1:703;b1d1:702;c2c4:689;b1a1:683
4r1k1/1p4pp/p7/1r1p1p2/2nR3P/2P1P3/4R3/5K2 w - - 2 35,endgame,f1f2,-621,f1f2:-621;h4h5:-660;f1g2:-672;d4f4:-675;d4d1:-687;f1g1:-688;e2a2:-691;e3e4:-691
6k1/4ppb1/1p1p3p/1r1n3p/1P1P1P2/2r2NP1/5PK1/NR5R w - - 0 31,endgame,a1b3,-220,a1b3:-220;b1b2:-240;b1d1:-241;f4f5:-248;b1b3:-248;h1e1:-251;h1d1:-251;b1e1:-256
r1b5/1pp4p/3p3P/p2Pp3/1nP1k2b/2R2R1P/PP3P2/1K6 w - - 0 29,endgame,a2a3,-427,a2a3:-427;f3f8:-450;b2b3:-466;c3e3:-483;c3b3:-484;c3a3:-492;f3f7:-505;f3e3:-511
8/8/pp1kp3/8/P2P4/4R3/3K4/5q2 b - - 0 47,endgame,f1g2,-600,f1g2:-600;d6d5:-597;f1a1:-596;f1f2:-596;f1b1:-595;f1f4:-594;f1g1:-593;f1c4:-582
8/6pp/2p2p2/1p1k4/1R4P1/P2b4/6r1/4K3 w - - 2 48,endgame,a3a4,-741,a3a4:-741;b4b3:-766;b4f4:-766;g4g5:-769;e1d1:-868;b4b1:-1028;b4b2:-1122;b4c4:-1154
3r2k1/5p2/R5p1/2p5/2P1P2P/P2r1nP1/6K1/5R2 b - - 1 55,endgame,f3e5,-421,f3e5:-421;f3d2:-380;f3d4:-303;f3h4:-36;d3c3:-8;d3e3:-5;d3b3:0;d8b8:0
5rk1/4pp1p/3p2p1/2pP2P1/4B3/Bp1P2P1/r1nR4/5RK1 b - - 0 35,endgame,a2a3,-558,a2a3:-558;f7f5:-475;c2a3:-439;f8b8:-417;c5c4:-357;f7f6:-250;e7e5:-230;h7h6:-212
8/p3pp2/1p3kp1/2r4p/2b4P/P4rPN/7R/R3K3 w - - 0 37,endgame,h2f2,-514,h2f2:-514;e1d2:-595;h2h1:-621;h3f2:-694;a1d1:-698;h2e2:-735;a1c1:-740;h2a2:-761
5rk1/pp4pp/1r1n4/3P4/4P3/7P/bP1NR1PK/7R w - - 11 30,endgame,b2b3,-227,b2b3:-227;e4e5:-309;b2b4:-330;d2f3:-335;h1d1:-347;h1a1:-348;h1c1:-349;h1e1:-349
5r1r/5pkp/1nB5/2R5/P2N4/3R2P1/4PP1P/6K1 b - - 0 40,endgame,f8c8,723,f8c8:723;f8d8:726;b6c8:737;b6a4:747;h7h6:756;f8b8:756;h7h5:757;h8g8:760
8/5pk1/p4np1/b1pn2Bp/3p3P/P5P1/1P1NKPB1/8 b - - 4 37,endgame,a5d2,35,a5d2:35;a5c7:66;a5b6:117;g7f8:167;d5e7:183;g7g8:193;d5b6:193;g7h7:196
8/p1R5/5p2/p3pk1p/2P5/1KP5/5q2/2R5 w - - 0 39,endgame,c7b7,-341,c7b7:-341;b3a3:-348;c7h7:-373;c4c5:-376;c7g7:-400;c7f7:-400;c7d7:-403;c7c8:-404
6k1/5p2/7p/1P4p1/P2Q3P/6P1/2q5/4K3 b - - 0 46,endgame,c2b3,175,c2b3:175;c2c7:178;c2g2:178;c2c1:180;c2b1:192;f7f5:197;c2h2:206;g8h7:240
3rk3/1p3p2/2p1b3/p1n3p1/P1p1Pr2/2N1NBK1/1P2P3/3R4 w - - 2 25,endgame,d1h1,-460,d1h1:-460;d1g1:-461;d1e1:-467;d1b1:-477;d1f1:-482;d1d8:-487;e3d5:-490;d1c1:-494
r4k2/8/4p1p1/3pp3/5P1P/r7/p2R2KP/R7 w - - 0 43,endgame,f4e5,-362,f4e5:-362;h4h5:-495;g2g1:-503;g2h1:-505;d2b2:-510;d2f2:-511;d2c2:-513;g2f1:-513
k7/1p1b1R2/pP5p/2Nr4/1P1p1p1P/3P1Pr1/5K2/8 b - - 1 37,endgame,d7c8,-403,d7c8:-403;g3g8:-367;d7e8:-317;d5c5:-153;a8b8:0;d5f5:73;d5e5:152;g3g2:264
4r3/3q3p/2p1pk1P/4Rpp1/p2P1P2/P5P1/1P1Q4/6K1 b - - 0 43,endgame,e8g8,-31,e8g8:-31;g5f4:-22;g5g4:-10;e8d8:0;f6f7:0;d7d8:11;f6g6:17;e8b8:37
2Q5/6pk/5p2/2Bb4/8/1pP3KP/1P2r1P1/8 b - - 2 45,endgame,d5e4,384,d5e4:384;d5e6:399;e2g2:401;d5g2:437;e2d2:439;e2e5:455;h7h6:474;d5f7:478
8/1b1Q3p/1p3kp1/p4p2/PrP5/1P5P/K3B3/6q1 w - - 4 69,endgame,d7d8,-286,d7d8:-286;d7b7:-343;h3h4:-371;d7d6:-387;d7e8:-414;e2d1:-415;e2d3:-443;a2b2:-467
r6k/7p/4pp1P/3b2p1/1bpPn1P1/4PN2/4BP1K/B4R2 b - - 0 32,endgame,a8a2,-463,a8a2:-463;h8g8:-444;b4d6:-418;c4c3:-407;b4f8:-400;b4e7:-368;a8a3:-353;b4a3:-351
3kr2R/4r3/5pP1/3p4/pppP2B1/2n2PK1/2P3P1/7R w - - 0 39,endgame,h8e8,152,h8e8:152;h1h7:24;g4e6:0;g3f2:0;f3f4:-72;g4f5:-124;g4c8:-132;h1h3:-179
8/4b3/1np3k1/4Pn2/Pp1PNPp1/1N6/1PK2B1r/3R4 w - - 3 45,endgame,d1g1,177,d1g1:177;b3d2:169;a4a5:150;c2c1:41;c2b1:41;d1c1:0;c2d3:-10;d1d2:-16
2r5/pp6/5k2/6n1/8/P7/1P5P/1K1R4 w - - 0 35,endgame,d1d7,-271,d1d7:-271;h2h4:-282;d1d3:-297;d1d4:-298;d1h1:-298;d1c1:-301;d1f1:-304;b2b3:-306
5k2/p4pp1/4p2p/1p1pP3/4nP2/P3P1rP/4R2K/8 w - - 0 35,endgame,h3h4,-583,h3h4:-583;f4f5:-594;e2b2:-607;a3a4:-636;e2c2:-636;e2e1:-657;e2a2:-670;e2g2:-672
2b4k/1pp4p/3p2p1/P3b3/2PpB3/1r1Pn1P1/7P/R1B2NK1 b - - 2 29,endgame,h8g7,-162,h8g7:-162;c7c6:-152;e5f6:-150;e3c2:-146;h8g8:-146;g6g5:-145;b3b4:-143;c8f5:-123
6n1/6k1/4Qppr/4p3/1P2P2p/P4N1P/5PP1/6K1 w - - 1 44,endgame,b4b5,762,b4b5:762;g1h2:741;e6c6:720;e6c8:718;e6d7:718;e6d6:714;a3a4:698;g1f1:685
2b1k2r/3pppbp/2p3p1/8/3n1B2/7P/1P2PPP1/3K1BNR b k - 1 20,endgame,e8g8,-333,e8g8:-333;d7d6:-330;c8a6:-327;c6c5:-322;d4e6:-319;d7d5:-308;h7h5:-293;h7h6:-285
2r1k3/P7/1R6/4pr2/6p1/2NR4/6PP/6K1 b - - 0 47,endgame,e8e7,629,e8e7:629;f5f7:633;e5e4:737;f5f3:789;e8f7:838;c8a8:842;f5f6:851;g4g3:873
8/6pk/pp2R3/8/2Br4/8/PP5P/6K1 b - - 0 40,endgame,d4c4,27,d4c4:27;d4g4:30;b6b5:437;a6a5:468;d4d2:471;g7g6:472;d4d1:476;g7g5:487
1R6/rp2ppkp/p3bp1b/8/8/4p3/PPP1NPPP/1K3B1R w - - 0 18,endgame,f2e3,462,f2e3:462;e2g3:431;f2f4:429;e2c3:394;b8d8:392;f2f3:385;e2d4:372;a2a4:369
5K2/7Q/8/3kq1P1/8/8/8/8 b - - 10 76,endgame,e5b8,0,e5b8:0;e5g5:0;d5c4:46;e5d6:80;d5c6:125;e5g3:168;d5d6:218;e5a1:228
8/p1k1bpp1/2P1bn2/2P5/P2P4/8/3R4/r3BK2 w - - 3 37,endgame,d2e2,-700,d2e2:-700;d2c2:-708;f1f2:-721;d2b2:-724;d2h2:-726;f1e2:-736;d4d5:-739;f1g2:-739
r2r2k1/5ppp/pp2p3/8/3P1P2/N5N1/PP4bP/3RKR2 b - - 0 22,endgame,g2f1,39,g2f1:39;h7h5:313;g2d5:320;a8c8:322;d8c8:325;e6e5:331;h7h6:337;a6a5:340
4r1k1/3n1ppp/p2p4/P1p3P1/2b1P3/1rN2P1P/2R2B2/R5K1 b - - 3 30,endgame,d7e5,-250,d7e5:-250;c4d3:-232;h7h6:-209;f7f5:-188;h7h5:-170;f7f6:-165;e8e5:-132;e8e6:-127
2k1r3/p2n2p1/1pp4p/8/2B2r2/5P2/PPQ2P1P/R5K1 w - - 0 22,endgame,c2g6,618,c2g6:618;c2a4:565;c4a6:526;c4d5:520;c4e2:506;g1h1:505;a1d1:491;c4b5:485
r7/1ppk3p/5p2/1p1p1N2/3Pn1P1/P2RP2P/1r6/R5K1 w - - 4 35,endgame,d3d1,-404,d3d1:-404;a1f1:-417;a1c1:-428;f5g7:-459;a3a4:-488;f5h4:-520;h3h4:-529;g1f1:-533
4Q3/4Rpp1/5qkp/3p4/3P4/4P2P/5PP1/6K1 w - - 1 38,endgame,e7a7,722,e7a7:722;f2f4:718;e8d7:707;e7c7:707;e7b7:705;h3h4:700;f2f3:697;e7e5:645
6r1/2k2pPp/1p2p3/p1pp4/N7/P7/1P1R1PPP/2R2K2 w - - 2 26,endgame,b2b3,649,b2b3:649;f2f3:645;h2h4:637;d2c2:635;d2d1:635;f2f4:634;g2g3:625;a4c5:609
r5k1/6p1/1b3p1p/P1p1pP2/3pK3/1P6/3B2PP/1R2R3 b - - 0 34,endgame,b6a7,455,b6a7:455;b6c7:480;b6d8:508;c5c4:523;a8a5:564;b6a5:590;a8a6:600;a8b8:606
4r1k1/5pbp/2p3p1/3nP3/8/1PqB1N1P/2P2PP1/5RK1 w - - 1 25,endgame,f1e1,-567,f1e1:-567;f1d1:-570;d3c4:-579;g2g3:-584;h3h4:-585;d3a6:-588;g2g4:-591;e5e6:-595
6k1/B1n2p2/2B3r1/3n4/1P5P/P5P1/5P2/2R3K1 b - - 0 40,endgame,d5e7,531,d5e7:531;f7f5:537;d5f4:546;g6f6:573;g6g7:573;g8g7:591;g6d6:595;g8h8:600
Nbb1k2r/p2p1ppp/1pn1p3/8/8/B3PN2/2P1K1BP/1R6 w - - 0 24,endgame,e2f2,-172,e2f2:-172;c2c4:-197;h2h4:-203;e2e1:-207;e2f1:-209;h2h3:-213;f3d2:-219;e2d1:-223
8/5p1p/2p1k1p1/5p2/3Q4/5qPP/3prP2/5RK1 w - - 0 34,endgame,d4c4,-392,d4c4:-392;h3h4:-485;d4d8:-498;g3g4:-510;g1h2:-639;d4a1:-690;d4f4:-774;d4a7:-823
1rbR3R/1p3k2/pP2p3/8/8/8/PP3PPP/6K1 b - - 4 32,endgame,f7g6,846,f7g6:846;e6e5:860;f7e7:866;f7f6:877;f7g7:877;b8a8:877;a6a5:882;c8d7:907
r1b5/1p1k4/p3p3/2bn3p/2NP4/8/PP3PPP/2R1R1K1 w - - 0 25,endgame,d4c5,567,d4c5:567;c4e5:542;e1e4:119;e1e5:94;g2g4:83;c1d1:54;h2h4:47;h2h3:34
8/4r2p/p4kp1/3p2R1/1b1P1p1P/3B1P2/1PK2P2/8 b - - 1 35,endgame,e7d7,-9,e7d7:-9;f6e6:0;e7c7:8;b4e1:10;e7e6:12;a6a5:13;e7e1:19;e7e8:26
r1br1k2/5pp1/2p4p/1p2p1b1/4P3/1BP1P1P1/5R2/1R1NK3 b - - 6 32,endgame,d8d7,-381,d8d7:-381;a8a7:-361;f7f6:-343;g5f6:-326;f8g8:-259;f8e8:-248;f7f5:-240;a8a6:-188
3r4/5kpp/4pn2/p7/5P1P/1P3BP1/3r4/5RK1 b - - 1 32,endgame,d8d3,-652,d8d3:-652;d8c8:-652;d2c2:-627;f7e7:-614;d2b2:-607;d2d3:-604;f6e8:-604;d8d7:-571
3q1k2/4Rp1r/6pp/3PQ3/P7/7P/5PP1/6K1 w - - 2 37,endgame,e7b7,675,e7b7:675;d5d6:629;e7c7:547;e7a7:511;e7f7:-196;a4a5:-215;e5d4:-248;e7d7:-261
8/pp4B1/3k4/2p5/4R2p/1P3P1P/P2q2PK/8 w - - 2 38,endgame,g7f8,-16,g7f8:-16;a2a3:-42;a2a4:-45;g7e5:-93;e4h4:-99;e4a4:-102;b3b4:-105;e4c4:-106
6k1/p2p1pp1/P2Rb3/r7/8/8/1p1N1K2/8 b - - 1 44,endgame,a5a1,-649,a5a1:-649;g7g6:-634;a5a2:-632;f7f6:-630;g7g5:-626;g8h8:-615;a5a3:-613;g8f8:-610
3r2k1/5ppp/p7/P1p3P1/4r2P/2Rn2B1/8/R6K w - - 0 44,endgame,h1g2,-249,h1g2:-249;a1b1:-256;a1f1:-261;h1h2:-261;a1g1:-265;c3b3:-290;h1g1:-297;c3c2:-317
6R1/8/p7/1p3p1k/1r3n2/3PB3/8/3K4 w - - 2 52,endgame,g8d8,-225,g8d8:-225;d1c2:-239;g8g3:-243;g8a8:-243;e3d2:-249;g8g7:-249;g8h8:-262;g8f8:-270
3r4/8/p1p1pkn1/4p3/4P1PP/2P2P2/P7/5RK1 w - - 1 29,endgame,h4h5,-297,h4h5:-297;g4g5:-352;f3f4:-388;g1f2:-410;g1h2:-413;g1g2:-417;f1b1:-419;f1c1:-436
r7/8/p7/8/4R1P1/bP6/P1k1PPK1/8 b - - 0 43,endgame,c2b2,-8,c2b2:-8;c2b1:-3;a8g8:69;a6a5:77;c2c3:82;c2c1:82;a8f8:124;a8b8:137
6k1/2R5/2K2Pp1/6B1/pr4P1/1Pb4P/P7/8 b - - 0 51,endgame,c3f6,440,c3f6:440;b4b8:465;b4e4:542;g8h8:605;c3e5:636;b4b3:669;c3d4:750;c3a1:768
4r3/1p1R4/r1p1pk2/2P2p2/p1P2P1p/P3K3/1P5P/6R1 b - - 3 33,endgame,e8e7,111,e8e7:111;e6e5:141;e8f8:196;e8h8:284;a6b6:541;e8d8:625;e8g8:786;h4h3:99998
8/8/2B3p1/4kp2/3Rp1P1/4P3/1q3PK1/8 b - - 2 62,endgame,b2a2,-47,b2a2:-47;b2c2:-42;b2e2:-41;b2b3:-40;e5f6:-28;b2b6:-28;b2b8:-26;b2a3:-26
1R1bk3/8/3p1p2/B4P2/2Pp3p/1p5P/1P2KPb1/8 b - - 1 40,endgame,g2h3,499,g2h3:499;e8d7:505;e8e7:506;e8f7:513;d6d5:515;g2e4:535;e8f8:540;d4d3:548
b4r2/p1p4r/3k4/1R2NpBp/3p2p1/P2P2P1/1PP2K1P/4R3 w - - 7 30,endgame,g5f4,594,g5f4:594;b2b4:543;e5g6:531;b5a5:521;b2b3:519;g5d2:519;a3a4:508;c2c4:504
2r5/4kp2/pp1pn3/2p2P2/2PbP3/1P1K4/P2B2R1/7R b - - 0 46,endgame,e6d8,392,e6d8:392;e6c7:402;e6f8:403;e7d7:421;e6g7:427;d4e5:457;b6b5:464;c8d8:475
r1B1R3/2r2kp1/5p2/3p3p/7N/6P1/1PP2P1P/4R1K1 w - - 1 33,endgame,c8f5,793,c8f5:793;h4f5:740;c8d7:726;c8e6:701;c8b7:697;c2c4:557;c2c3:552;h4g6:539
8/1p4kp/p3p1p1/3pNb2/3P4/1Pr2N2/6P1/2b2R1K b - - 7 36,endgame,h7h5,-507,h7h5:-507;a6a5:-505;c1f4:-504;g6g5:-502;c1e3:-497;c1h6:-488;h7h6:-488;c3c7:-482
7r/3nkppp/p3pn2/2pp2P1/P7/3PBP1P/1r3P2/R3KB1R b KQ - 0 21,endgame,f6e8,-311,f6e8:-311;f6h5:-267;f6g8:-206;h8b8:65;d5d4:79;h8c8:117;b2b4:127;a6a5:135
5rk1/2p3pp/1p1r4/1ppPpp1P/2n4N/2P1P1P1/P2n1P2/B1RR3K b - - 3 30,endgame,d2e4,-500,d2e4:-500;d6d5:-488;e5e4:-468;d6h6:-461;g7g5:-442;d6d8:-437;d6d7:-436;f5f4:-427
4k2r/5p2/2n1p1pp/r1p5/P3R2P/4PN2/1P3PP1/R5K1 b k - 0 19,endgame,e8e7,125,e8e7:125;e8d7:174;e8g8:182;c6b4:227;c6b8:247;c6d8:262;g6g5:273;h6h5:280
3r1k2/5pp1/p6p/P1P2P2/1n4P1/R1R4P/2bn1K2/8 b - - 0 33,endgame,d2e4,-574,d2e4:-574;d8e8:-509;d8c8:-503;c2d3:-499;d2b1:-497;h6h5:-491;f7f6:-482;g7g5:-481
8/pp3pp1/4p2p/8/1n2PkPP/1B1r1P2/P5K1/5R2 w - - 1 27,endgame,f1f2,-414,f1f2:-414;f1c1:-421;g4g5:-421;f1b1:-442;b3c4:-447;f1e1:-451;g2g1:-457;h4h5:-463
1r4k1/6p1/1N1p3r/2p1pb2/2N5/3P2R1/4K3/8 b - - 1 57,endgame,f5e6,-542,f5e6:-542;b8b7:-503;g8h7:-501;h6h2:-499;e5e4:-494;g8h8:-493;h6h3:-485;b8f8:-479
5k2/3R4/5p2/8/2P1K2P/r2P2P1/8/5r2 b - - 4 50,endgame,a3a5,-307,a3a5:-307;f8e8:-306;f1e1:-288;f1d1:-274;f1h1:-274;f1c1:-274;f6f5:-263;f1b1:-261
3Q4/4r3/4N1k1/3K1p2/7b/4PP2/8/8 w - - 1 68,endgame,d8g8,781,d8g8:781;d8f8:650;d8h8:650;e3e4:648;d8c8:608;d8a8:550;e6f4:549;f3f4:520
5k2/2R2p1p/4b1p1/1R3P2/1P2P3/3BK3/r5PP/8 b - - 0 36,endgame,e6f5,677,e6f5:677;g6f5:700;e6d7:765;e6c8:806;e6b3:815;a2a6:822;a2c2:829;a2a8:856
1b3rk1/7p/R7/4pp2/7N/P7/1P3PPP/4K3 b - - 0 36,endgame,e5e4,275,e5e4:275;g8g7:304;f5f4:309;h7h5:327;b8c7:344;h7h6:349;g8h8:355;f8f7:380
2n1Qqk1/8/1p5p/3pR1p1/3Pp3/P3P1P1/1PP4P/6K1 w - - 5 33,endgame,e8g6,858,e8g6:858;e8e6:633;e5e6:630;a3a4:581;c2c4:567;b2b3:561;e8f8:558;h2h4:558
1Rbb2kr/5ppp/1nB1p3/B7/8/4PN2/1P3PPP/6K1 b - - 8 23,endgame,d8c7,409,d8c7:409;h7h6:524;g7g5:529;g7g6:538;h7h5:627;d8f6:665;d8e7:702;f7f5:709
4r1k1/pp3ppp/3p1b2/3n4/2r3PP/2P2P2/P2KN3/1N5R w - - 4 29,endgame,b1a3,-686,b1a3:-686;h4h5:-695;e2g3:-701;h1d1:-705;a2a3:-706;d2d3:-711;g4g5:-713;d2d1:-717
8/p3pp2/1p3kp1/3P3p/1P5P/P1Nr1bP1/1r3P1R/2R1K3 w - - 1 31,endgame,h2h3,-478,h2h3:-478;b4b5:-492;d5d6:-515;c3b1:-519;c3d1:-520;g3g4:-541;a3a4:-549;c3a4:-569
4r1k1/6pp/pp3p2/3R4/3P4/r5PK/P6P/7R w - - 2 36,endgame,h1c1,-122,h1c1:-122;h1b1:-162;h1a1:-227;h3g4:-239;d5d7:-244;h3h4:-276;d5d6:-276;h1f1:-302
5r2/1p1kp1b1/1p2p1Pp/3pP3/1n1N1P1R/r7/P4K2/1B1R4 b - - 5 34,endgame,g7e5,-114,g7e5:-114;b4c6:-86;b4a2:-61;a3a5:-55;a3a6:-26;b4a6:-23;f8c8:-15;a3a8:-6
4r1k1/Q2R3p/6p1/5p2/1PP1p3/P5P1/4PPKP/4q3 b - - 4 31,endgame,e1c3,547,e1c3:547;e1a1:547;e1f2:99994;e8e7:99994;e1f1:99996;e1g1:99996;e1h1:99996;g8f8:99996
5k2/6pp/2p5/1p2n3/p3rp2/1R1N3P/2P5/2K5 w - - 0 38,endgame,b3c3,-647,b3c3:-647;b3b1:-666;b3b2:-673;b3a3:-677;d3c5:-686;d3e5:-706;d3f4:-736;d3f2:-739
2k1rr2/7R/pb1R4/1b1N1p2/5P2/P3P3/1P3K2/8 w - - 0 42,endgame,d6b6,527,d6b6:527;d5b6:442;a3a4:405;b2b3:32;b2b4:19;d6g6:10;d6h6:0;f2f3:-42
3R4/p1p1k3/1b3p2/4p2p/1P2n2p/7R/5PP1/2B2K2 b - - 0 36,endgame,e7d8,46,e7d8:46;e4f2:392;b6f2:432;f6f5:448;c7c5:454;c7c6:454;a7a6:464;e7e6:466
7r/R4pkp/p4n2/6p1/Bp1R4/8/P1P2PPP/6K1 b - - 2 28,endgame,h7h5,610,h7h5:610;h8c8:612;h8f8:619;h8g8:626;g5g4:626;h7h6:627;a6a5:644;h8b8:647
r6k/4Q1p1/7p/3pP1BP/2nP4/2P2P2/p5PK/1q6 w - - 1 35,endgame,g5f6,-646,g5f6:-646;g5h6:-673;h2g3:-788;e7b4:-819;e7b7:-855;e7c7:-885;e7a3:-895;g5d2:-897
R1RN3r/4k1p1/3bp1n1/1p3p1p/3P4/4P3/3B1PPP/6K1 w - - 3 29,endgame,a8a7,734,a8a7:734;d2a5:650;d4d5:647;h2h4:637;f2f4:636;h2h3:627;g2g3:614;d8c6:605
5k2/5ppp/R3p3/8/5P2/8/p1r2P1P/3r1BK1 w - - 1 41,endgame,f4f5,-671,f4f5:-671;g1g2:-676;a6a8:-706;a6a2:-728;a6a4:-735;h2h3:-745;h2h4:-749;a6a5:-780
3R4/5ppk/8/8/5QP1/3P4/3KPP1P/r7 b - - 2 33,endgame,a1a2,1168,a1a2:1168;a1a7:99993;a1h1:99993;a1a5:99993;a1a6:99993;a1d1:99995;a1a8:99995;f7f6:99995
6k1/1p2R3/2p3pr/p7/3r1PKp/P7/1P2R3/8 w - - 4 43,endgame,g4g5,500,g4g5:500;e7e8:499;e7b7:20;b2b4:15;e2e6:6;e7c7:3;e2e5:-27;e7e6:-29
1R6/5nk1/3p4/6rp/1PP1P3/8/2K5/8 b - - 0 79,endgame,h5h4,-456,h5h4:-456;g5g2:-411;g7f6:-330;g5g6:-322;g7h7:-321;f7e5:-319;g5e5:-319;g5g4:-310
r7/p3k3/P1p5/1p2ppp1/1K2N1bp/2P5/5R2/6B1 w - - 0 48,endgame,e4g5,-65,e4g5:-65;f2g2:-85;e4c5:-190;e4d2:-270;g1h2:-376;f2f1:-410;f2c2:-431;b4c5:-440
2r5/2pRn3/1p2k3/p1b1p2p/5p1B/1PP5/P3KPPP/3R4 w - - 0 30,endgame,h4e7,328,h4e7:328;a2a4:328;d7d8:327;d1d2:323;e2f1:316;h4g5:307;h2h3:289;e2e1:287
5k2/1pR1pp1p/3p2pb/r7/4PP2/1KR2P2/7P/8 b - - 9 31,endgame,h6f4,-146,h6f4:-146;a5b5:-93;a5a1:-79;a5h5:-60;f7f6:-59;b7b6:-45;f7f5:-39;d6d5:-27
2k5/2b4R/8/1B2p3/P1P1K3/6Pp/1P3r1P/8 w - - 3 44,endgame,h7h3,435,h7h3:435;h7h8:426;b5d7:413;b2b4:409;b5a6:407;c4c5:367;b5c6:343;b2b3:343
r5k1/5p1p/p1p3p1/1P2P1P1/5PBP/3R4/P2NK1R1/q7 b - - 0 30,endgame,a6b5,146,a6b5:146;a1h1:157;c6c5:251;c6b5:253;a1a2:302;a8b8:338;h7h5:338;a1c1:342
4r3/pp6/6k1/3pp2p/P1p4P/4R1P1/1P1N1r2/4K3 b - - 5 42,endgame,f2g2,-559,f2g2:-559;f2h2:-547;f2f7:-538;f2f6:-537;f2f5:-537;f2f8:-534;f2d2:-477;e8f8:-466
8/5p2/5k2/7p/1pp4P/5q2/1PB3RK/8 w - - 3 51,endgame,h2g1,-484,h2g1:-484;c2b1:-493;c2h7:-493;c2a4:-500;g2g3:-521;h2h1:-524;g2g1:-536;g2g5:-539
5r2/3b4/3P2k1/3R2p1/p7/PpP1K2p/1P5P/8 b - - 11 56,endgame,f8f1,-457,f8f1:-457;g5g4:-442;g6f6:-432;f8c8:-420;f8e8:-417;f8f4:-416;f8f7:-406;f8a8:-406
1kbr4/2p5/1p6/4r2P/1pP1P1P1/4KP2/P2N4/R7 b - - 2 31,endgame,e5g5,-232,e5g5:-232;c8e6:-218;e5c5:-204;e5e7:-193;e5e6:-193;e5a5:-187;c8a6:-178;d8e8:-157
8/pR2bp1r/k1n3p1/7p/8/2B2B1P/PPP2PP1/6K1 w - - 0 28,endgame,f3c6,763,f3c6:763;b7c7:714;b7b3:655;b7d7:643;b7e7:193;b2b4:63;c3b4:47;c3f6:43
8/4pk2/1r2p1p1/R6p/1p5P/6P1/5K2/R7 b - - 0 43,endgame,e6e5,401,e6e5:401;f7e8:408;f7f6:412;b4b3:412;f7g7:427;b6b8:427;g6g5:429;b6b7:432
2r4r/p3kp1p/1n1pb3/1N6/8/6P1/P1PbNPB1/1K1R4 b - - 2 30,endgame,b6c4,-504,b6c4:-504;c8c5:-469;c8b8:-460;d2b4:-459;a7a6:-450;d2g5:-446;d2a5:-433;d2h6:-431
8/8/3p1k1p/4n2P/1pP1P1P1/1P2R3/6r1/1K6 b - - 28 65,endgame,g2g1,-509,g2g1:-509;f6e6:-507;g2g4:-497;f6e7:-483;f6f7:-477;f6g5:-471;e5g4:-447;e5d7:-441
QR6/5kp1/2K2p1p/r4P2/3B3n/2P5/8/8 b - - 0 48,endgame,a5a8,429,a5a8:429;a5f5:766;h4f5:808;a5a6:895;a5c5:897;h4g6:1103;a5e5:99998;a5b5:99998
r3k2r/7p/2R3p1/p1N1bp2/P3p3/4PBP1/5P1P/1R4K1 b - - 2 27,endgame,e4f3,429,e4f3:429;h8f8:503;e5d6:522;e8f8:532;a8a7:535;e5c3:535;e5g7:561;h7h5:563
8/4np2/4p3/4Pk2/4R3/4K1R1/8/7r w - - 16 85,endgame,g3f3,15,g3f3:15;e4f4:-10;g3g4:-14;e3f3:-14;e4a4:-15;e3d3:-16;e4c4:-17;e4g4:-17
2n5/1b1r3p/2p1p1kp/Q1P1Pp2/P7/5BP1/5PK1/8 w - - 3 50,endgame,a5b4,541,a5b4:541;g2g1:504;g2h2:486;a5c3:483;f3e2:471;g2h1:468;a5e1:468;g2f1:465
8/1pk1p1br/3rn1p1/2p5/4RP2/R1P1B1P1/7P/3n2K1 w - - 6 32,endgame,e3d2,-570,e3d2:-570;e3c5:-641;e3c1:-643;a3a5:-650;e4e6:-651;a3a4:-660;a3a7:-661;g3g4:-661
5rk1/1R3p1p/p7/2bp4/1N6/1P3P2/b1B3PP/3K4 b - - 4 37,endgame,c5b4,371,c5b4:371;d5d4:412;f8c8:422;c5f2:423;f8e8:427;a2b3:427;c5e3:434;h7h5:439
2r5/6pk/3R3b/p7/P3P3/1P3P2/3p2PP/5R1K w - - 2 38,endgame,g2g3,259,g2g3:259;g2g4:205;f1d1:129;f1g1:120;h2h4:-9;d6d2:-68;h2h3:-75;d6d3:-272
7r/5ppp/1p2P3/1Rb3P1/4kN2/P1P1P3/P3KP1P/8 b - - 0 30,endgame,f7e6,456,f7e6:456;h8f8:526;f7f5:527;f7f6:529;g7g6:556;e4e5:571;e4f5:601;h7h6:613
4k1r1/RR6/5p2/2p5/1p1r4/7P/7K/8 b - - 8 61,endgame,d4d2,0,d4d2:0;g8g6:0;c5c4:0;b4b3:0;g8h8:0;g8g5:0;g8f8:26;d4d5:289
1r3k1r/2nR1pp1/6np/1p6/pR2p3/2P1B3/PP2BPPP/6K1 b - - 1 24,endgame,b8c8,366,b8c8:366;c7e8:435;c7e6:453;g6e7:476;b8b7:490;c7a6:491;c7a8:510;f8g8:539
5rk1/Q2P4/6p1/p5Bp/4p2P/2qp2P1/3N1P2/6K1 w - - 4 51,endgame,a7b6,607,a7b6:607;g5h6:578;a7e3:547;a7a6:545;a7b7:513;d2f1:499;g1h2:495;g5e3:478
r7/3nkpp1/4p1p1/pp1pP3/5P2/PP2R1PP/3r1N2/2R3K1 b - - 1 28,endgame,d2a2,-289,d2a2:-289;e7d8:-245;a5a4:-244;d2b2:-241;g6g5:-222;e7e8:-213;a8a7:-202;a8a6:-191
3rk1r1/1R3ppp/1p2p3/b7/3PN3/4PP2/PP2K2P/6R1 b - - 4 22,endgame,e8f8,500,e8f8:500;g7g6:506;b6b5:527;g8h8:532;e6e5:536;h7h5:537;h7h6:542;d8a8:546
5k2/1R4pp/3p4/p2Nr3/4p3/P3N1K1/1P6/8 b - - 9 46,endgame,e5g5,487,e5g5:487;h7h6:488;f8g8:488;h7h5:489;e5h5:490;e5e6:495;e5e8:501;a5a4:505
N6r/1b1nkp2/p3p1p1/2p1n1p1/1PP5/P3P1P1/1B2B2P/R4RK1 w - - 0 21,endgame,a8b6,506,a8b6:506;a8c7:412;b2e5:365;f1f7:270;f1d1:240;b4c5:220;b4b5:213;a1d1:213
2rk4/3b4/4p1B1/3r4/1P3P2/P3R3/8/4K3 w - - 5 65,endgame,e1f2,-394,e1f2:-394;e3b3:-404;e3d3:-404;e1e2:-408;a3a4:-410;e3h3:-414;g6d3:-419;g6e4:-456
2Q5/1p3k1p/p1p5/3P1p2/2P2b1P/1PB5/P3KP2/6q1 b - - 15 46,endgame,g1g4,0,g1g4:0;g1b1:301;g1g6:325;g1c1:471;g1h2:526;f4h2:581;f4g3:612;b7b5:639
8/3k4/6p1/p2p1p1p/n3p2P/P1P1P1P1/r3PR2/1NK5 w - - 0 41,endgame,g3g4,-369,g3g4:-369;f2g2:-401;c3c4:-404;b1d2:-418;f2h2:-432;f2f1:-466;c1d1:-491;f2f4:-534
4k3/r2b4/1p1R2Np/p1p2p2/PnB5/1P2P3/5PPP/6K1 b - - 7 30,endgame,a7b7,350,a7b7:350;b6b5:385;b4c6:407;e8d8:422;d7c8:426;h6h5:431;b4c2:446;a7c7:468
6k1/5p1p/Q5p1/8/P3q1n1/6P1/5R1P/6K1 w - - 16 40,endgame,a6c8,28,a6c8:28;f2f4:0;f2e2:0;f2f1:0;a4a5:0;a6b5:-2;a6a7:-8;h2h3:-10
8/5k1p/1b3P2/r2nB1Pp/1ppP3P/5R2/2P1K3/8 w - - 5 56,endgame,e5f4,-436,e5f4:-436;e5g3:-440;f3f1:-441;f3h3:-458;f3g3:-492;e5d6:-496;e2d2:-511;f3f5:-519
R7/1r4k1/5pP1/1r5P/5PK1/8/8/8 b - - 6 67,endgame,b5b1,-303,b5b1:-303;b5b4:-295;b5b2:-295;b7c7:-293;b7b8:-292;b5b6:-291;b5b3:-289;b7e7:-289
6k1/1p3rpp/pb1np3/4q3/2P5/P4PN1/3B2PP/4R2K w - - 0 31,endgame,e1e5,-340,e1e5:-340;e1d1:-620;e1c1:-627;g3e2:-631;a3a4:-644;e1b1:-649;d2b4:-651;c4c5:-662
8/8/4N1pk/b6n/5P2/4K3/5P2/7R w - - 13 97,endgame,e3d3,420,e3d3:420;e3e4:414;e3f3:410;h1h2:409;h1a1:406;h1d1:403;h1g1:392;h1b1:384
4k2r/N3nppp/BK6/n2bp3/8/5PP1/P6P/R5NR w k - 1 23,endgame,a6b5,560,a6b5:560;a1c1:504;b6a5:501;g1e2:429;a1d1:424;g1h3:398;a1b1:384;a1e1:380
8/1pr3k1/8/4p1P1/5p2/4B3/2p1K3/4R3 w - - 0 63,endgame,e3c1,-66,e3c1:-66;e3d2:-139;e3a7:-514;e1c1:-536;e3d4:-537;e3b6:-539;e3f2:-541;e3f4:-546
8/4k3/4p1p1/3n3p/3Pb2P/6P1/3KR3/r7 b - - 11 55,endgame,a1a2,-721,a1a2:-721;e4f5:-720;e4b1:-698;e4f3:-684;e4g2:-669;d5f6:-658;e4h1:-649;a1a3:-581
6k1/p4p1p/4p3/3p4/3P2P1/P3PPR1/Prr5/3R2K1 w - - 2 28,endgame,e3e4,-85,e3e4:-85;a3a4:-157;d1a1:-157;d1e1:-171;f3f4:-175;g1f1:-189;d1f1:-211;g1h1:-211
4R3/5kp1/1q1b3p/2pP1p1P/2p3nR/1P3N2/3B1PP1/6K1 w - - 1 26,endgame,e8e6,-109,e8e6:-109;e8e1:-346;e8e2:-368;h4g4:-407;e8e3:-439;e8c8:-449;e8e4:-462;e8a8:-467
6k1/8/2b5/2p5/1PP1P1pp/P2P1r2/4K3/2R5 b - - 0 45,endgame,c6b7,-397,c6b7:-397;h4h3:-384;c6d7:-376;c6e8:-356;c6a4:-349;f3g3:-341;f3f8:-330;g8g7:-295
4r2r/1R3R2/2k5/4p2p/8/7p/P1P5/6K1 w - - 0 34,endgame,a2a4,-39,a2a4:-39;b7b3:-43;f7c7:-48;b7c7:-48;b7b1:-53;f7d7:-54;g1h2:-57;c2c4:-60
8/8/3r4/P2k1pp1/1R1p3p/2pN1P1P/2K3P1/8 w - - 5 60,endgame,b4b5,469,b4b5:469;b4b1:462;b4b8:461;b4a4:452;c2b3:449;b4b7:448;d3c1:445;b4b3:442
8/8/p2r4/1pR1pkpB/bP2p3/P5Pp/7P/2N1K3 w - - 2 46,endgame,h5e2,282,h5e2:282;e1f2:204;c1a2:196;c1e2:186;c5c3:174;h5e8:150;h5f7:121;c5c7:120
8/pp2Qqk1/8/3p4/2pr4/5BPp/1P3K1P/8 w - - 8 51,endgame,e7g5,-263,e7g5:-263;e7d8:-411;e7e5:-517;e7e2:-519;e7f7:-549;e7e3:-571;e7e1:-606;e7d6:-614
r3n3/2p2kpp/1n1b1p2/3P1P2/3B2PP/1R2N3/P7/1K6 b - - 10 41,endgame,b6c8,-416,b6c8:-416;b6d7:-413;h7h5:-402;b6a4:-401;a8a6:-397;a8a4:-391;a8a7:-380;f7e7:-365
8/1r6/1b1k3P/3P1p2/1p3P2/3R2K1/5P2/8 b - - 0 66,endgame,b4b3,-430,b4b3:-430;b6d8:-427;b6c5:-421;b6a7:-417;b6a5:-396;b7b8:-394;b7h7:-390;d6c5:-345
r7/4b3/4k1rn/1P5R/P2PP3/5N2/5KP1/R7 b - - 2 44,endgame,a8c8,182,a8c8:182;e7d8:199;h6f7:212;h6g4:225;a8g8:233;e7d6:244;a8a5:248;a8h8:269
8/5Q2/pk1bp3/1p3p2/2p5/5R2/1q6/3KN3 b - - 0 49,endgame,c4c3,-297,c4c3:-297;d6b4:-226;b6a5:-198;b2b1:-172;b2a1:-171;b2d4:-170;b2e5:-158;b5b4:0
r7/pp6/2p1n1k1/5ppR/2q5/4P1PP/1P2P1B1/3K1R2 w - - 4 30,endgame,g3g4,-478,g3g4:-478;d1e1:-598;g2f3:-599;f1f3:-601;e3e4:-602;f1f5:-605;h3h4:-613;d1d2:-631
7k/4Nppp/p7/bnp1r3/3p1P2/1P1P2P1/2P4P/5K2 w - - 0 38,endgame,f4e5,-440,f4e5:-440;e7c6:-603;e7g6:-619;c2c4:-713;b3b4:-760;e7f5:-796;f4f5:-814;e7d5:-815
2br4/p4k2/1p2p1pp/2p5/P1P1BPP1/1P2R3/3r3P/4R1K1 w - - 1 30,endgame,g4g5,9,g4g5:9;e1e2:2;e3e2:1;h2h3:-2;e1f1:-6;e3h3:-7;e1b1:-8;h2h4:-14
7r/5p1p/2q4k/5R2/8/6P1/1p3P1P/5RK1 w - - 0 35,endgame,f5e5,-522,f5e5:-522;h2h3:-534;f1e1:-607;f1b1:-609;g3g4:-621;f2f3:-626;f5f4:-631;f1d1:-631
6k1/5pbp/6p1/1pN5/4p3/P3P3/2p3PP/2B2RK1 w - - 0 28,endgame,c5a6,649,c5a6:649;c5e4:627;g2g3:611;c5b3:595;g1f2:585;g2g4:575;h2h4:575;g1h1:571
8/4R1b1/6pk/p4nN1/5PKp/1P6/5P2/8 w - - 26 83,endgame,e7b7,499,e7b7:499;g5f7:476;e7c7:467;e7d7:454;e7f7:452;e7e6:444;e7a7:436;e7e8:419
2bb1k2/1pp3p1/8/4p3/1PpP3P/p3pN1R/P3N1r1/4K3 b - - 0 34,endgame,c8h3,-757,c8h3:-757;e5e4:-695;c8g4:-672;e5d4:-672;d8e7:-632;c7c5:-606;d8f6:-601;c4c3:-595
4k3/4b1p1/p1n1p2p/1pp1p3/n7/3rBN2/3N1PPP/R1R2K2 w - - 4 26,endgame,d2e4,275,d2e4:275;f1e2:261;g2g3:254;c1b1:243;h2h3:242;f3e1:238;h2h4:238;g2g4:235
7k/8/p5p1/Pp1r3p/1P5P/3p2P1/5P1N/3R1K2 b - - 2 53,endgame,d5d4,407,d5d4:407;h8g7:466;g6g5:470;d3d2:476;d5e5:479;h8h7:486;d5d6:486;h8g8:488
2r1k2r/R1B1p3/1p4p1/1b3p2/7p/6PB/Pb2PP1P/1R4K1 w k - 0 23,endgame,b1b2,405,b1b2:405;h3g2:402;h3f1:388;g3g4:363;g3h4:292;e2e3:276;a2a4:244;c7f4:235
8/8/8/3rk1N1/1r3p1P/4p3/1p1pK3/3R2R1 w - - 6 81,endgame,d1b1,-372,d1b1:-372;h4h5:-375;g5f3:-449;e2f3:-486;g5h3:-509;g1f1:-526;g5e6:-563;g5h7:-656
8/3k3p/6p1/R2prp2/1KpN4/5P2/6PP/8 b - - 4 44,endgame,e5e1,343,e5e1:343;d7e8:358;d7d6:397;e5e3:400;g6g5:401;h7h5:404;d7c8:420;f5f4:420
8/N6k/8/P3P2n/1P5B/7P/5KP1/R6R b - - 0 30,endgame,h5f4,979,h5f4:979;h5g7:1034;h7h6:1105;h7g7:1109;h7g6:1129;h5f6:1139;h7h8:1193;h7g8:1574
r3k3/p1p5/2p1b3/4p1p1/1b5p/1P1Pq3/PBK5/2R5 w q - 0 32,endgame,c2b1,-951,c2b1:-951;c1d1:-1002;c1h1:-1037;b2c3:-1139;a2a3:-1228;a2a4:-99991;c1g1:-99992;b2d4:-99992
8/R7/1p3p2/4k3/1P4pp/4n3/8/2R3K1 w - - 5 59,endgame,c1e1,442,c1e1:442;a7e7:435;a7a8:381;a7c7:372;a7h7:369;c1a1:369;b4b5:369;a7g7:367
1R2R3/2P1np2/4bk2/4p2p/8/5p2/5K1P/8 b - - 1 46,endgame,e6d7,604,e6d7:604;e6c8:638;e7d5:644;e6g4:652;e5e4:653;e7c8:653;e6h3:671;e6f5:678
k1rb4/5rpp/1p6/2pNP3/1P4n1/P7/5PPP/R1BR2K1 w - - 3 27,endgame,c1f4,400,c1f4:400;f2f4:395;e5e6:367;b4c5:337;c1e3:271;d1e1:232;a1a2:223;c1b2:223
r2k4/1R2n3/3Nnbp1/p1p1pp2/8/P2PBP1B/4PP2/4K3 w - - 4 27,endgame,d6c4,129,d6c4:129;d6f7:126;e3d2:126;h3g2:102;e3c1:94;a3a4:94;e1d1:88;e3h6:79
2r1rbk1/p4pp1/7p/8/1p4P1/2B1P2P/P2Q1P2/6Kb w - - 0 26,endgame,c3g7,-424,c3g7:-424;c3b4:-460;c3d4:-517;c3b2:-532;c3e5:-533;c3a1:-565;c3f6:-592;g1h1:-665
5R2/pp2n1k1/7p/2p4P/3p4/2PP4/PP3QKP/2q5 b - - 4 29,endgame,c1g5,478,c1g5:478;c1b2:716;c1c2:749;c1d2:783;e7f5:832;c1h1:99995;c1f4:99995;c1f1:99995
2RR4/1r3p2/1p2rk1p/p1p5/5N2/4P1P1/1K3P1P/8 w - - 9 35,endgame,f4e6,540,f4e6:540;f2f3:518;h2h3:476;b2c2:471;b2c3:468;b2b3:458;h2h4:428;f4d5:419
2b3k1/br4pp/p3N3/2p1PP1P/2P3R1/4P3/5PK1/8 b - - 4 39,endgame,a6a5,-199,a6a5:-199;a7b6:-185;b7e7:-148;c8e6:-129;a7b8:-94;b7f7:-82;g8h8:-63;h7h6:-62
5k2/3n2r1/2p3pB/1p3b2/p4R1P/P5P1/BPP5/2K5 w - - 7 36,endgame,g3g4,677,g3g4:677;h4h5:635;a2e6:612;h6g7:574;f4f1:503;f4f3:502;f4d4:482;f4f2:475
8/8/p7/5r1p/2pk3P/P2b1PK1/8/2R5 w - - 4 41,endgame,f3f4,-687,f3f4:-687;g3h2:-688;g3f2:-688;c1a1:-688;g3g2:-690;a3a4:-691;c1g1:-691;c1e1:-691
8/5pk1/4p2p/3q4/2NP2p1/1p1Q2P1/5P2/4K3 b - - 0 47,endgame,d5b5,155,d5b5:155;d5h1:164;h6h5:164;d5b7:171;e6e5:210;d5a8:226;g7f6:239;g7h8:242
3k4/5R1R/p2P4/1p6/1P6/6K1/5r2/8 b - - 2 55,endgame,f2e2,1120,f2e2:1120;f2f7:1382;d8e8:99997;f2f3:99997;f2g2:99997;a6a5:99999;f2f5:99999;f2f1:99999
4r1k1/2R2p2/4p2P/p3B1p1/8/5bK1/5P2/7r b - - 3 48,endgame,g5g4,-567,g5g4:-567;e8a8:-519;h1h6:-501;f3d1:-500;a5a4:-499;f3d5:-499;f3a8:-495;f3e2:-487
4k3/R4p1p/6P1/p7/1p5P/rPb3PK/8/8 b - - 0 48,endgame,f7g6,-526,f7g6:-526;h7g6:-505;a5a4:-413;h7h5:-377;h7h6:-339;e8f8:-325;a3b3:-311;a3a1:-302
8/4r1k1/7p/2bB4/P2N4/3n2Pb/7P/1R5K b - - 12 64,endgame,d3f2,-505,d3f2:-505;c5d4:-494;c5a7:-439;g7f6:-433;g7g6:-431;h6h5:-430;e7e3:-422;g7h8:-421
7R/pp3p1b/3n1k2/3P2p1/8/P5r1/1PP3B1/2KNN3 b - - 5 35,endgame,h7e4,329,h7e4:329;h7g6:334;h7f5:343;f6g7:375;f6g6:410;g3g2:494;d6f5:506;h7c2:522
8/6b1/1N1Qp1k1/3p2p1/4bp1P/8/1r5P/4K3 b - - 1 44,endgame,g7c3,-963,g7c3:-963;f4f3:-492;g6h5:-290;g6h7:-286;b2b1:-230;g6f5:-203;e4f5:-117;b2b5:-61
1r6/1Pk5/7R/p7/P7/5K2/7p/6b1 w - - 9 114,endgame,f3g2,-360,f3g2:-360;h6h7:-383;h6h4:-387;h6h5:-389;f3e2:-396;h6h3:-397;f3e4:-403;f3f4:-442
4k2r/r2n1p2/2p1b3/p6p/1P6/R1NBP3/2P2PP1/5K1R w - - 0 24,endgame,h1h4,359,h1h4:359;a3a5:356;f2f4:336;f2f3:327;b4a5:322;f1e2:314;a3a4:313;a3a1:297
4Q1K1/8/3p2P1/6p1/3P1qp1/2P1p3/8/3k4 b - - 0 12,endgame,e3e2,-524,e3e2:-524;g4g3:-466;d1d2:-444;d1e2:-420;d1e1:-406;d6d5:-361;f4f3:-353;f4f5:-282
2r3k1/5pp1/p6p/1q6/3P1P1P/1Q2B3/5KP1/8 w - - 3 46,endgame,b3d1,-469,b3d1:-469;b3b5:-481;b3a2:-549;b3a3:-608;b3f7:-752;b3a4:-826;d4d5:-838;f2f3:-860
rn1R4/p7/1p1Bp1p1/1P6/3Pk1p1/1P3r2/2K5/6R1 b - - 11 37,endgame,b8c6,173,b8c6:173;f3f2:265;a7a5:300;e4e3:301;a7a6:306;e4d4:330;g6g5:331;f3f5:341
2Q5/8/1p2p3/8/P1PPp1p1/p4PKP/1P5p/2q4k b - - 0 2,endgame,a3b2,-894,a3b2:-894;g4f3:-870;c1e1:-862;c1g1:-801;a3a2:-758;e4f3:-744;c1f1:-735;e4e3:-697
2k5/p4pBb/7p/3p4/Np2n1P1/1P3N1P/4PPK1/8 b - - 0 24,endgame,a7a5,456,a7a5:456;e4g5:470;c8b7:478;c8d7:486;f7f5:487;c8c7:487;h7g6:488;h6h5:497
6k1/p5p1/1b5p/np6/2p2P1P/P2r2PR/1P1B4/1R3K2 b - - 0 33,endgame,d3d2,-460,d3d2:-460;a5b3:-38;d3f3:0;a5c6:75;a5b7:123;h6h5:156;g8h7:164;g8f7:178
2r5/5kp1/1b2pp1p/8/pBprRP1P/P2p2P1/1P1N2K1/2R5 b - - 2 34,endgame,g7g5,310,g7g5:310;d4e4:312;d4d5:334;e6e5:338;h6h5:338;c8d8:345;d4d7:357;c4c3:368
r7/8/7N/kpn1P3/p4R2/6P1/7P/5K2 b - - 0 42,endgame,c5e6,-423,c5e6:-423;a4a3:-417;c5d3:-401;b5b4:-392;a8b8:-353;a8d8:-348;a8c8:-346;a8a6:-341
r6r/1pkb1Bp1/p1n1p3/7P/P7/2N1P3/1P5P/3R1RK1 w - - 1 23,endgame,c3e4,115,c3e4:115;d1c1:62;d1d2:62;c3e2:18;b2b3:17;a4a5:16;f1f4:15;f7g6:-3
5R2/k5B1/7n/7P/8/5P2/2r5/6K1 b - - 14 57,endgame,c2c6,409,c2c6:409;a7b7:411;c2c1:445;c2e2:488;a7a6:506;h6g8:546;c2c7:546;c2c4:547
8/B3kppp/8/R3P3/8/2r3N1/5PPP/1B2K2R b K - 0 26,endgame,c3c1,911,c3c1:911;h7h5:937;f7f6:941;e7e8:949;e7f8:950;g7g6:952;f7f5:977;c3b3:978
5Q2/2K5/7p/P2q4/pP3P1p/3p1P2/3k4/8 w - - 0 13,endgame,a5a6,-248,a5a6:-248;b4b5:-362;f8f6:-402;f8g7:-405;f4f5:-407;f8h6:-412;c7b8:-460;f8h8:-460
1Q6/pp2bN2/1k6/5bP1/2pP4/P1N1P3/1PP2P2/R1B1K3 b Q - 0 26,endgame,b6a6,1285,b6a6:1285;f5g4:1349;f5d7:1407;f5h3:1415;b6c6:1416;f5d3:1448;f5e4:1467;e7f8:1522
8/4K3/4p3/1k2p1P1/5q2/7P/P2p4/4q3 w - - 0 14,endgame,a2a4,-1359,a2a4:-1359;h3h4:-99990;e7e8:-99992;a2a3:-99994;g5g6:-99994;e7e6:-99995;e7d6:-99996;e7d8:-99996
4rk2/2R3pp/8/pp6/Pnb2P2/7P/1P1R2PK/8 b - - 3 33,endgame,b4d5,16,b4d5:16;c4d3:35;e8e7:52;e8a8:92;g7g6:139;c4d5:152;c4g8:168;b4a6:175
8/p3B3/1pkp1Rr1/8/2P5/7P/PP2nKP1/8 w - - 0 35,endgame,f6g6,738,f6g6:738;h3h4:517;f2e2:499;g2g4:494;f6d6:475;a2a3:469;f2f3:458;b2b3:447
4r3/4kp1R/2pb2p1/2p3P1/P7/4B3/P3KP2/8 b - - 0 30,endgame,e8b8,-22,e8b8:-22;e7e6:-14;e8a8:-3;e8d8:0;e8f8:0;e8c8:0;e8g8:1;c5c4:14
8/Rn3pk1/4n3/1P2P1P1/6P1/6rp/2P2N2/1K6 b - - 3 50,endgame,h3h2,-515,h3h2:-515;g3g1:-398;e6c5:-375;b7c5:-370;b7d8:-364;e6d8:-364;g3f3:-354;g3g2:-199
r3k2r/1p3p2/3p1bpp/p1pP4/2P2P2/N2B2P1/PP3RKP/5R2 b kq - 4 22,endgame,a5a4,454,a5a4:454;h6h5:457;e8d7:460;e8g8:469;b7b6:470;e8d8:473;e8c8:475;e8f8:475
k2r4/1p3p2/5p2/8/P7/8/KPPnB1P1/R2Nrr2 w - - 0 34,endgame,e2f1,-584,e2f1:-584;e2h5:-658;e2d3:-691;e2b5:-696;b2b3:-698;e2g4:-699;e2f3:-714;a4a5:-721
8/p2k4/3n1n2/5bR1/3P3P/PP2R3/3r4/K7 w - - 7 50,endgame,h4h5,-273,h4h5:-273;e3e5:-276;e3g3:-306;e3e1:-307;g5g7:-309;e3c3:-326;e3f3:-352;b3b4:-392
3k1r2/7R/3Bp3/pB1n3p/1N2p3/6P1/5PKP/1r6 w - - 9 39,endgame,b4c6,688,b4c6:688;h7a7:594;h7b7:578;b4d5:504;d6f8:478;h7d7:434;b5c6:343;b4a6:320
1r2k3/8/1p1p1Rn1/p1pN4/2P1B2p/3P2rP/P4B2/5K2 b - - 4 39,endgame,g6e7,523,g6e7:523;g6e5:540;g6h8:567;g6f8:584;g6f4:626;g3g5:668;b6b5:698;g3g4:725
2Q5/p7/Pp3pp1/4PP1p/2P4K/P2Pp3/k3P2p/7q w - - 0 3,endgame,h4h3,-1156,h4h3:-1156;c8b7:-1156;c8a8:-99993;c8c6:-99993;h4g3:-99994;f5g6:-99997;e5f6:-99997;c8d7:-99998
3b4/5k2/p2p1p2/P1pP1Pp1/4r1Pp/2B1p2P/4K3/1R1N4 w - - 4 61,endgame,b1b8,445,b1b8:445;b1b7:437;d1e3:419;b1b3:416;e2d3:410;b1b2:407;b1a1:391;e2f3:375
8/7P/1Q2pK2/4p1p1/2k1qP1P/4p2P/P2Pp3/1q6 w - - 1 5,endgame,b6c7,-371,b6c7:-371;b6a6:-563;d2d3:-583;b6e6:-588;b6b1:-791;b6b3:-862;h7h8q:-961;b6b5:-1104
r7/p3kp1p/1pp1n3/3pP3/R7/2PPB3/P1P3PP/6K1 w - - 11 23,endgame,e3b6,309,e3b6:309;a4h4:195;g1f1:178;g1f2:178;e3f2:171;h2h3:164;a4b4:158;a4g4:150
6k1/ppNn2pp/8/8/3nr3/4B3/PP3PPP/2KR3R b - - 5 19,endgame,d4e2,666,d4e2:666;d4c6:721;d4f5:721;d4c2:738;d4f3:739;d4b3:751;d7f6:772;d4e6:780
8/8/3Bbk2/1pK3p1/p5B1/P4P2/8/3r4 w - - 7 78,endgame,g4h5,-406,g4h5:-406;d6f8:-442;d6e5:-444;d6g3:-459;f3f4:-461;d6h2:-473;d6c7:-505;d6b8:-516
8/2Rn1kp1/1rBrp2p/p3b1B1/3p4/1P1P2P1/P5PP/2R3K1 w - - 0 32,endgame,g5d2,398,g5d2:398;g5f4:342;c6d7:309;g5d8:283;c1f1:204;c7d7:177;g5h4:165;c6a4:128
4R3/R7/1np2pk1/8/7r/PP3pKP/2P2P2/8 b - - 1 33,endgame,h4d4,500,h4d4:500;h4h6:517;h4h5:560;h4h7:648;b6c8:712;h4c4:714;b6d5:726;h4h3:727
8/1K2pp2/8/1kp1Q1P1/5P1P/8/1P4p1/5q2 w - - 0 15,endgame,e5d5,-507,e5d5:-507;b2b4:-610;g5g6:-620;e5b8:-649;e5c7:-650;e5f5:-652;h4h5:-655;e5e3:-668
7r/2k5/ppn1r2p/2p1p1p1/6P1/2P2PN1/P1P3PR/2K1R3 w - - 2 24,endgame,a2a4,33,a2a4:33;e1d1:24;e1h1:24;g3f5:12;h2h1:0;c1d2:0;c3c4:0;g3e4:-1
8/pq6/5Q2/5Kp1/1P4p1/2PpP1P1/4kP2/8 b - - 0 3,endgame,d3d2,-708,d3d2:-708;b7f3:-678;b7d5:-656;b7d7:-652;b7c8:-652;e2e1:-622;b7b5:-570;a7a5:-487
4Q3/k7/3P4/4pK1P/1P6/8/1p6/3b1B2 w - - 0 4,endgame,e8f7,99995,e8f7:99995;e8e7:99995;e8d7:99995;f5e5:99991;f5g5:1230;f5f6:1134;f1d3:946;e8b5:584
Q5Q1/2p5/3pK3/6p1/1Pp3p1/2P1p3/p2P2pk/8 w - - 0 4,endgame,g8g5,99996,g8g5:99996;a8a2:717;d2e3:705;g8h7:599;a8e4:569;g8h8:534;g8d8:462;d2d3:392
6Q1/4Q3/1K4p1/2p5/q2p4/2k5/8/8 b - - 4 11,endgame,a4b4,247,a4b4:247;g6g5:488;c5c4:497;c3b2:514;a4b3:524;c3c2:539;a4a3:547;c3d2:624
4rbk1/p2R1p2/2p2p1p/5p2/8/PR2p3/2P3PP/5K2 w - - 0 1,endgame,f1e2,151,f1e2:151;b3c3:119;g2g3:97;d7d3:66;h2h3:65;f1e1:57;b3d3:46;a3a4:29
8/1k6/2p1p3/R1p1Bp1n/NrP5/1P2bK2/P7/8 b - - 1 45,endgame,e3d2,82,e3d2:82;b4a4:155;e3d4:211;e3g1:211;f5f4:275;e3c1:308;e3g5:352;e3h6:381
4k3/2R5/8/p3K1N1/6PP/8/6r1/8 w - - 1 50,endgame,e5d6,579,e5d6:579;e5f5:578;e5e6:570;g5e6:568;e5f6:556;h4h5:538;e5f4:536;c7c4:536
3q2k1/1Qp3pp/1p3p2/3pP3/3P3B/2PK3P/r4P2/7R b - - 0 23,midgame,d8d7,54,d8d7:54;g7g5:207;g8h8:284;h7h6:314;g8f8:341;a2a3:359;g7g6:368;a2a5:377
8/p1q1bpk1/1p1r2p1/1P1p3r/2P5/1P3R1P/5R2/4Q1K1 b - - 1 35,midgame,d6f6,-558,d6f6:-558;h5g5:-529;e7f6:-513;e7h4:-474;f7f5:-456;e7d8:-449;e7g5:-445;f7f6:-418
3r3k/p4q1p/5ppP/4n3/1p1rN3/6P1/1B2QPB1/4R1K1 b - - 3 36,midgame,h8g8,458,h8g8:458;e5d3:465;d4e4:484;a7a6:500;d4d5:501;b4b3:571;a7a5:590;d8d5:593
4r2k/p7/1p1p1q1p/4B3/2P1p3/1P5Q/P7/2R3RK b - - 0 39,midgame,d6e5,576,d6e5:576;e8e5:99996;h8h7:99997;e8e7:99998;f6g7:99998;e4e3:99999;b6b5:99999;d6d5:99999
2q5/1p6/1P1rppkp/3p4/3PnQ2/2r3PP/5P2/1RR3K1 w - - 0 37,midgame,h3h4,-284,h3h4:-284;f2f3:-294;g3g4:-318;g1g2:-346;c1d1:-354;g1h2:-357;f4g4:-360;b1a1:-369
3k3r/6pp/pr2p3/2p1b3/Q1P2NP1/8/PP4P1/R1B3K1 w - - 0 23,midgame,c1e3,691,c1e3:691;a4a5:629;a4d1:621;g1h1:615;f4e2:614;f4h3:611;g1f1:586;c1d2:574
3qkn2/3r1pp1/4p3/1Q6/2R1N2p/7P/P2R1PP1/6K1 b - - 0 36,midgame,f7f6,725,f7f6:725;e6e5:726;e8e7:730;f7f5:769;g7g6:784;d8a8:914;d8a5:99993;f8h7:99995
2b4k/5r1p/p1p1p3/2Q1R3/P4pPq/3P1P2/1PP3K1/R7 w - - 1 29,midgame,c5f2,487,c5f2:487;a1g1:473;e5h5:388;c5d4:388;g2f1:356;c5g1:354;a1c1:342;e5g5:310
3r1rk1/4pp1p/6p1/p7/1q1b2Q1/6PP/b1P2PB1/3R1R1K w - - 0 28,midgame,c2c3,-504,c2c3:-504;g4f4:-524;g4h4:-533;f1e1:-537;g4f3:-544;h1h2:-546;g4e4:-548;g4g5:-548
r3k1r1/pp1qpp1p/1n6/1Q4B1/7P/2P5/P4PP1/R3K2R w KQq - 1 18,midgame,b5e5,5,b5e5:5;b5e2:-33;b5d7:-41;a1b1:-55;a2a4:-89;b5a5:-112;b5c5:-119;b5b3:-127
3R1bk1/pp4pp/n7/8/2N1P3/P1N5/1PP2rqP/2K1R3 b - - 4 24,midgame,g2g5,-467,g2g5:-467;f2f1:-447;f2c2:-435;a6c5:-395;a6c7:-386;h7h5:-383;b7b5:-377;g2h2:-375
5rk1/1p4b1/2p3bp/p1Pp4/P2Pp3/PN2P3/2KBqpB1/1RR5 b - - 1 36,midgame,g7d4,-657,g7d4:-657;e2d3:-549;g6f5:-511;g6f7:-486;f8f7:-485;f8e8:-477;g8h8:-472;e2c4:-451
4r1k1/p4pp1/5b1p/2Pp4/N1b2qP1/P2pN2P/1B2nPB1/4Q2K b - - 11 30,midgame,f6b2,-709,f6b2:-709;d3d2:-709;f6h4:-685;f6d8:-651;e8e3:-626;g8h8:-596;h6h5:-592;g7g6:-586
1r3rk1/p1n1bppp/4pn2/2pp4/2N1P3/6P1/PP3PBP/R1BR2K1 w - - 1 20,midgame,e4d5,-27,e4d5:-27;c4a5:-61;c4d2:-107;c4e5:-108;c1f4:-122;c4e3:-157;e4e5:-163;c4a3:-179
5k1r/1Q4b1/4p1p1/p2p4/P3N1n1/3PP1Pp/1P3P1P/R1B1K2R w KQ - 3 31,midgame,b7c8,1415,b7c8:1415;b7b8:1415;b7a8:1160;e4g5:1159;e4c5:959;f2f3:897;d3d4:850;c1d2:849
7k/p4q1p/2r2ppP/2p1n3/1p1rN3/P5PB/3BQP2/4R1K1 w - - 3 33,midgame,f2f4,420,f2f4:420;a3b4:366;d2f4:348;e4g5:325;d2g5:298;e4f6:272;h3g2:264;h3f1:232
4rbk1/2Q2pp1/6Bp/p2r4/Np1P4/4BN1P/PP3PP1/6K1 b - - 0 28,midgame,f7g6,683,f7g6:683;e8e7:694;f8e7:709;e8d8:792;g8h8:813;d5f5:818;d5d7:835;d5d8:867
5k1r/3q1pp1/6p1/p1bpP3/P2p1Pb1/3B4/3B1QPP/5RK1 w - - 0 27,midgame,f1b1,105,f1b1:105;f1c1:102;h2h3:75;f2g3:73;g1h1:47;f1a1:29;d3b5:28;d2a5:26
6k1/5pp1/7p/3pPb2/3P3P/1BP1P1P1/qr3R2/2Q1K3 b - - 14 40,midgame,a2b1,2,a2b1:2;b2e2:261;b2f2:287;b2b1:422;a2a6:454;a2b3:468;a2a7:474;a2a8:481
2Q3qk/6r1/4n2p/1P3pP1/5P2/5NK1/8/2R5 w - - 0 58,midgame,b5b6,442,b5b6:442;c1c6:414;c1c2:405;c8g8:394;c8a6:387;f3e5:341;c8c3:338;c8c2:253
2q2k1r/p4n1p/1p1p2p1/2nN4/2R1BPP1/1P5P/P2B4/3Q2K1 b - - 0 29,midgame,h7h5,567,h7h5:567;g6g5:586;a7a5:591;b6b5:595;h8g8:606;c8e6:617;a7a6:620;h7h6:621
r1b1k2r/1p1p1ppq/1R2P3/1Bp3Bp/p7/2P3Q1/P1P2PPP/R5K1 b kq - 0 19,midgame,e8g8,721,e8g8:721;h7e4:735;h7f5:775;h7g6:872;h7h6:945;f7f6:1030;h7d3:1049;g7g6:99993
6r1/5k2/p3p1r1/1pqp4/P3pP2/4PnP1/4Q2P/3R1K1R b - - 1 38,midgame,g8c8,-467,g8c8:-467;c5c4:-461;e6e5:-423;b5b4:-420;g6h6:-418;g6g7:-400;g8h8:-393;f7g7:-379
1k1r4/2p2p2/ppq2np1/n2p4/5Q1P/3PB1PB/PPP2P2/1K1R4 w - - 2 28,midgame,e3d4,399,e3d4:399;d1c1:363;a2a3:361;d1e1:358;b2b3:354;h3g2:354;e3d2:346;f4f3:340
2q5/1p3pk1/1P1rp1pp/3pN3/3Pn3/2r1Q1PP/5P2/1RR3K1 w - - 0 35,midgame,c1c3,40,c1c3:40;g1g2:-64;g1h2:-102;e3f4:-144;b1a1:-199;e5g4:-199;e5d3:-216;h3h4:-245
5rk1/1r2npnp/7Q/1p1p2NP/6P1/8/P4P2/R2R2K1 b - - 2 33,midgame,f8c8,886,f8c8:886;f8d8:924;f8b8:935;f8a8:1001;f8e8:1142;b5b4:99999;d5d4:99999;f7f6:99999
5k2/1R1b3r/5p1p/2p1qp2/3p4/3P1BP1/2Q1PP1P/6K1 w - - 2 34,midgame,f3c6,360,f3c6:360;c2b3:294;b7a7:293;c2d2:284;c2b2:273;c2b1:262;c2c1:222;c2a2:174
2b1kb1r/1p1p4/r1R3pp/3NPp2/1p2n3/P2QBN2/5PPP/3R2K1 b k - 0 23,midgame,a6c6,633,a6c6:633;b7c6:723;d7c6:816;e8f7:828;e8d8:832;g6g5:840;a6a8:864;f8e7:906
4rrk1/pp2bpp1/1q1p3p/2pP4/4P3/PPR1PNP1/4P3/2Q1K2B b - - 0 23,midgame,e7f6,-457,e7f6:-457;e7d8:-416;h6h5:-396;b6a6:-379;a7a5:-371;a7a6:-366;g8h8:-361;e8d8:-356
5rk1/1Q1P2pp/4qb2/3pp3/3B4/2N3P1/3P1P2/4R1K1 b - - 2 27,midgame,f8d8,460,f8d8:460;h7h6:477;f8f7:490;h7h5:501;e6f7:508;e6d6:533;g8h8:547;e6f5:561
3r2k1/6pp/p1n1q3/1pQ1p3/4pP2/1PP3PP/P6N/2K1R3 b - - 0 27,midgame,e6d7,-123,e6d7:-123;e5f4:-112;h7h5:-106;d8c8:-104;b5b4:-69;d8d5:-43;c6e7:-41;e6g6:-18
5r1k/1n2q1pp/R1p2n2/1p1ppB2/1P1bP3/2N3P1/2PBQP1P/6K1 b - - 1 23,midgame,b7d6,-99,b7d6:-99;d4c3:-67;b7d8:-27;g7g6:-26;f6e8:0;f6e4:0;e7b4:6;d5e4:8
r5k1/5ppp/4p3/1bB1P1b1/4P3/5P2/2q3PP/4R1QK b - - 17 41,midgame,g5d2,-453,g5d2:-453;h7h6:-441;g5h4:-438;b5e8:-438;g5f4:-438;c2c3:-434;h7h5:-433;c2a2:-421
2q1r2k/3n2bp/1ppRp1p1/p1n1P3/P1B5/1PB1Q3/2P2PPP/3R2K1 w - - 2 32,midgame,h2h4,528,h2h4:528;e3e2:513;c3a1:510;h2h3:506;c4e2:504;d1e1:498;d6d2:498;g2g3:497
1k1r4/p5pp/QN1rqp2/2p5/3Pn3/4P3/PR3PPP/1R4K1 b - - 0 27,midgame,a7b6,689,a7b6:689;d6b6:721;d8c8:951;d8f8:1243;b8c7:99994;e6b3:99994;d6c6:99995;d6d7:99995
2rr2k1/2qbb1p1/p5p1/1p1R2N1/P3Pp1P/1P6/3Q1P2/3R2K1 b - - 3 31,midgame,d7g4,-396,d7g4:-396;d7e8:-364;d7c6:-320;b5a4:-307;c8b8:6;e7g5:8;f4f3:8;g8f8:16
rn2k1r1/3b2pp/2p1p3/2N2pB1/1b1P4/pP3B2/P4PPP/R4RK1 w q - 1 21,midgame,f3h5,205,f3h5:205;a1c1:196;f1c1:187;f3e2:166;f1d1:155;h2h3:145;g5f4:144;g2g3:140
1k1r3r/2p4p/p1pq1pp1/4pb2/4P3/1P1PQ2P/PB3PP1/2RR2K1 b - - 1 24,midgame,f5c8,202,f5c8:202;f5e6:269;f5d7:301;d8d7:370;b8b7:371;h8g8:382;d6d7:389;h7h5:396
2r3k1/1p3ppp/p5q1/3p4/PP1P4/2Pnr2P/2Q3P1/3R1R1K w - - 0 31,midgame,d1d2,-475,d1d2:-475;f1f3:-477;d1d3:-511;h1g1:-523;c3c4:-534;b4b5:-534;a4a5:-547;h3h4:-564
r3r1k1/2Qn1pb1/2p3pp/5b2/3N4/1PB3P1/P3PPBP/5RK1 b - - 4 24,midgame,g7d4,439,g7d4:439;f5g4:468;g7e5:494;e8c8:517;e8e2:521;a8c8:540;a8a2:568;d7e5:574
r1brn1k1/1p2b2p/4p1p1/p1P1Np2/3P4/P3QP2/1R4PP/4R1K1 w - - 4 31,midgame,c5c6,491,c5c6:491;g2g4:454;e1b1:421;e3f2:420;f3f4:418;g2g3:416;h2h3:413;g1h1:413
1n2kb1r/r4pp1/p2PbB2/2p4p/4B3/1P3N1P/P4PP1/R2QR1K1 b k - 0 22,midgame,g7f6,788,g7f6:788;h5h4:934;a7d7:941;h8g8:944;h8h6:951;a7b7:954;a6a5:958;c5c4:963
8/8/5k1p/2PQ4/3P1P1q/p4R1P/P6K/5qr1 w - - 1 65,midgame,d5e5,0,d5e5:0;d5d6:0;d5c6:0;d5d8:0;d5e6:-99995;d5g5:-99996;f3a3:-99998;d5f5:-99998
5rk1/3pppbp/b5p1/6q1/3P2n1/1N2P1P1/2B2P1P/BQ1K3R w - - 1 22,midgame,d1e1,-354,d1e1:-354;d1d2:-361;h1e1:-379;d1c1:-406;f2f4:-451;b3c5:-462;b1a2:-465;a1c3:-522
2kr4/pb5p/rPp1pq2/5pp1/1QBP4/P3P3/5PPK/1R3R2 w - - 2 23,midgame,c4a6,519,c4a6:519;b6a7:353;h2g1:309;b4c5:282;h2h1:264;a3a4:252;f1e1:248;f1d1:247
1r2k2r/3nnpb1/3Rp1p1/pPp4p/1p2P3/4B1P1/PP3PBP/1R2N1K1 w k - 2 19,midgame,b1d1,271,b1d1:271;g2f1:215;b2b3:174;d6a6:171;f2f4:163;a2a4:161;d6d2:159;h2h4:120
6r1/7k/4p1pP/p2bP3/5PR1/P3q3/1P6/KQ6 w - - 6 54,midgame,g4g1,-410,g4g1:-410;b1c2:-446;b1d1:-455;g4g5:-480;b1g1:-484;b1f1:-484;f4f5:-568;b1a2:-627
rn4k1/1p4pp/p2P2b1/2p2pN1/7P/P2q3B/4p1P1/1R2R1K1 b - - 0 26,midgame,h7h6,-521,h7h6:-521;b8c6:-503;b8d7:-497;c5c4:-492;h7h5:-477;d3d2:-461;d3e3:-459;d3d6:-446
1n2r1k1/p4ppp/8/3pN3/N7/1P2K3/P1q2nPP/1R3B1R w - - 1 20,midgame,e3d4,-810,e3d4:-810;h2h3:-873;e3f3:-877;a4c3:-1092;g2g3:-1155;f1c4:-1173;g2g4:-99993;f1e2:-99993
5rk1/1q2bp2/8/2r4p/P2N4/4P2P/2Q2PP1/2R3K1 w - - 7 33,midgame,c2c5,-290,c2c5:-290;c1b1:-352;c2d1:-390;c2b1:-419;c2d2:-428;c2c4:-500;g2g4:-503;g1h2:-504
2r3k1/r2b1p2/2p1pBp1/1pNpP2p/pP1q1P2/P4RN1/7K/2Q5 w - - 6 56,midgame,f4f5,563,f4f5:563;g3h5:513;g3e2:471;g3f1:467;h2h1:466;f3f1:453;h2h3:448;f6h4:434
5rk1/5p1p/2R1b1p1/3pN3/2P5/2P1PP2/qr1n2PP/3R1QK1 w - - 7 33,midgame,d1d2,-485,d1d2:-485;d1a1:-548;f1e2:-555;f1f2:-558;c6a6:-600;c6b6:-612;e5d3:-618;f1e1:-695
2k1rb1n/ppp2p2/2np1q1p/8/5NP1/1P2P3/P1P1Q2P/R2NK2R w KQ - 1 19,midgame,a1c1,136,a1c1:136;c2c3:135;a1b1:133;e1g1:-143;f4d3:-249;d1b2:-336;f4d5:-349;e2d3:-351
1Rbq1kr1/8/5p2/p2pp3/3P2P1/2Q1PP2/1P5R/6K1 b - - 0 46,midgame,f8g7,578,f8g7:578;e5d4:605;a5a4:643;g8g5:655;f8f7:675;f6f5:675;f8e7:713;f8e8:713
r1b1nk2/1p3p2/pn4pr/3pP2p/1P1N1P2/3B4/PBRN2PP/5RK1 w - - 7 21,midgame,e5e6,601,e5e6:601;f1f2:596;d2f3:589;h2h3:586;f1c1:584;d2b3:582;b2a3:581;h2h4:576
8/3r1kbN/6p1/1pQ1Pr2/8/1P1n3P/5PP1/4R1K1 w - - 1 34,midgame,e5e6,559,e5e6:559;h7g5:504;c5c6:409;c5c8:402;c5e3:381;c5b6:378;c5b5:351;c5c3:284
r1b2rk1/pp5p/6q1/2p1bP2/2P5/P5n1/1P4B1/3K3Q b - - 0 30,midgame,g6g4,-1042,g6g4:-1042;c8f5:-1021;g6f5:-984;g3f5:-937;g3h1:-922;f8f5:-915;g6h5:-915;g8g7:-913
8/4rk1b/8/2pN4/1p4Q1/P5P1/1P6/K2Bq3 b - - 5 58,midgame,e1e4,-178,e1e4:-178;e7a7:-169;e7e6:-102;e7b7:0;b4a3:0;e7e5:0;e7e4:0;h7c2:0
2kr3r/1pp2Npp/p7/5b1B/1bP5/4P3/PP3nPP/R1KR4 b - - 3 20,midgame,f2d1,-742,f2d1:-742;d8d1:-545;b4c5:-509;f2d3:-433;d8d3:-420;d8f8:-407;g7g6:-379;f5d3:-355
r6r/pN1bkpbp/5np1/8/5PnN/6P1/P3P1BP/2RR2K1 w - - 1 21,midgame,g2f3,-283,g2f3:-283;c1c3:-283;b7c5:-291;d1d3:-308;g2f1:-310;b7a5:-321;g2h1:-329;e2e3:-335
2r1kb1r/5pp1/p2pb3/1p2n2p/3B4/7P/PP3PP1/R2QR1K1 b k - 5 21,midgame,f8e7,379,f8e7:379;e5c6:401;g7g5:418;h5h4:433;g7g6:434;f7f6:435;c8d8:438;h8h6:442
r7/4n1kp/1p4p1/5p2/Pq2p3/1Br4P/4QPP1/3R1K1R b - - 7 29,midgame,b4b3,-440,b4b3:-440;c3b3:-438;a8a5:-388;e4e3:-368;a8c8:-363;g7f6:-343;b6b5:-319;a8f8:-314
knn1rq2/7p/P1p1P3/3p1p2/5P2/1P6/1B2Q1PP/3RR1K1 w - - 1 31,midgame,b2d4,576,b2d4:576;d1a1:564;g1h1:556;e2c2:550;e2d3:545;h2h3:534;d1c1:529;a6a7:521
r5k1/2pQ1b2/3bN1p1/P2p1q2/1P1P2p1/2P4P/5P1P/4RRK1 w - - 0 29,midgame,h3h4,351,h3h4:351;e1e3:309;a5a6:290;e6c5:280;f2f3:265;f2f4:263;b4b5:176;e1e2:8
6r1/1N2Qpbk/4b1pp/7n/p7/5NP1/PP2PPBP/3R2K1 w - - 1 30,midgame,e7a3,705,e7a3:705;e7b4:688;b7c5:684;f3d4:675;b7d6:664;g2h1:659;b7d8:656;f3g5:654
6k1/pppb2pp/1bnq4/3p3n/4r3/P2P1NPP/1PPB1PB1/4RK1R b - - 0 18,midgame,h5g3,-716,h5g3:-716;d6c5:-676;e4e7:-671;e4e8:-669;e4e6:-634;e4e1:-627;d6g3:-619;b6f2:-608
5rk1/7p/q1p3pb/2Pp4/3Ppn1P/1Q2B3/3NbP2/2K2B1R w - - 0 29,midgame,f1e2,-338,f1e2:-338;c1c2:-338;h4h5:-457;f1h3:-490;d2e4:-494;f1g2:-506;e3f4:-510;h1g1:-517
1n1r1qk1/1p3p2/1Q2b2p/2p3n1/2Pp2pN/3P2P1/P3RPBP/4R1K1 w - - 2 34,midgame,b6b7,365,b6b7:365;f2f4:357;h4g6:326;a2a3:318;e2e6:316;g2b7:303;g2d5:286;b6b1:275
1q2k1n1/2p1n1Br/3pp3/2p3Qp/p1P5/3R2P1/PP2PP1P/R5K1 b - - 6 23,midgame,b8a8,324,b8a8:324;h5h4:343;b8b4:345;e6e5:346;b8b7:351;e8d7:385;a4a3:398;b8b6:411
r1bBk2r/1p1p3p/p1n1p2n/5p2/4P1pN/2N5/PPPR1PPP/2K2B1R b kq - 0 14,midgame,e8d8,209,e8d8:209;c6d8:290;f5e4:493;d7d5:501;b7b5:520;h6f7:528;g4g3:537;e8g8:538
1r4k1/1bn1q1pp/3p1b2/B6P/2P2P2/P2QP3/6PR/1R2K3 b - - 4 27,midgame,c7a6,-177,c7a6:-177;c7e6:-176;c7e8:-137;h7h6:-121;f6h4:-77;g8f7:-51;d6d5:-1;e7d7:0
4rrk1/p4ppp/Pp6/2b2R2/2N1n3/2P1P3/1QP3q1/1K2R3 b - - 4 28,midgame,g2g6,-623,g2g6:-623;g2h3:-616;g7g6:-614;g2g4:-613;b6b5:-601;e8e6:-584;h7h6:-568;c5e7:-525
3rk2r/1pp2pp1/2n5/3pbN1p/Q3p3/2P3P1/PP2PP1P/2KR3R w k - 4 19,midgame,a4b3,554,a4b3:554;a4a3:543;a4b5:533;f5e3:529;h1e1:520;f2f4:518;f2f3:514;h1g1:480
r3k2r/pp1b1p1p/4p3/1Bp2p2/3q4/1P6/P1PP1PPP/R2QK2R w KQkq - 2 14,midgame,b5d7,-12,b5d7:-12;a2a4:-78;b5e2:-87;c2c3:-162;b5f1:-172;c2c4:-212;b5c4:-219;b5d3:-238
1k3b1r/p4p1p/1q3np1/2N5/QPP5/3r2P1/P4PBP/4R2K w - - 0 23,midgame,c5d3,625,c5d3:625;c5a6:566;a4c2:100;g2f1:62;h2h3:16;h2h4:4;h1g1:0;g2f3:0
5k2/Q3nb2/2p4p/B1Np1p2/1p6/1P4P1/2P1qPBK/8 w - - 1 42,midgame,c5d3,535,c5d3:535;a5b4:534;c5d7:507;a5b6:493;a7b8:468;a7b7:467;h2g1:463;a7b6:453
5k2/r4ppp/5q2/8/2B1p3/1P5P/p4rP1/R2R3K b - - 1 44,midgame,a7a8,-698,a7a8:-698;g7g5:-697;e4e3:-695;f6a1:-679;f2d2:-679;g7g6:-674;f6c3:-655;f8e7:-633
5k1r/3qbpp1/R1b5/2p1N2p/4P3/1P6/2P2PPP/4QRK1 b - - 0 30,midgame,d7e8,575,d7e8:575;d7b7:627;d7e6:638;d7c8:646;d7d8:661;d7d6:678;d7c7:695;f8g8:712
B5k1/p2b1pp1/1r1P1b1p/2p1p3/P1P3P1/2q4P/2R2P2/R5K1 w - - 0 27,midgame,c2c3,-25,c2c3:-25;c2c1:-513;a1c1:-587;c2a2:-602;a8d5:-671;g1g2:-703;a1d1:-714;a1f1:-743
3B2kr/1p4pp/4pn1q/4Q3/P7/4P3/1PP2PP1/R5K1 b - - 0 27,midgame,g8f7,454,g8f7:454;f6g4:478;f6e8:480;h6g6:532;f6d7:555;f6h5:562;f6d5:567;h6h5:605
r7/4bpkr/5p1p/1p3P2/p2pN2Q/1B1P3P/PP4P1/1KR5 w - - 0 27,midgame,b3d5,696,b3d5:696;b3f7:690;b3d1:682;b3c2:670;h4g3:668;h4g4:649;e4d2:618;b3a4:617
nk1r4/6p1/1p2rp1p/P1Qn4/3Pp3/4P2P/5PP1/1RR3K1 w - - 0 33,midgame,c5a3,625,c5a3:625;a5b6:620;b1b2:614;g1h1:609;c5c2:606;c5c4:605;g2g3:596;c5b5:590
4kqr1/1p3p1p/2p1bQp1/p3N3/8/8/PP3PPP/R3R1K1 b - - 7 26,midgame,f8e7,607,f8e7:607;h7h5:627;f8g7:651;c6c5:673;a5a4:726;g8g7:769;h7h6:811;e6a2:816
1rb3k1/p2np2p/2p2np1/2q5/2N5/5Q1P/PPK2PP1/3R1B1R w - - 1 23,midgame,f3e3,251,f3e3:251;a2a3:228;c2b1:225;f3f4:224;c2c1:201;g2g4:197;d1d2:196;f3d3:186
2k2b2/pp1bqP2/2n1p2r/6Np/2pP1P1Q/2P3Pp/P6P/R4RK1 w - - 0 26,midgame,f4f5,37,f4f5:37;a1e1:29;a1d1:-94;f1e1:-141;h4h3:-162;f1f2:-162;a2a4:-172;f1f3:-173
6k1/2p3pp/p4pq1/2Pp4/2bQ4/5PP1/PpP1r1P1/1R4K1 w - - 6 33,midgame,g1h2,-698,g1h2:-698;d4h4:-731;g1h1:-733;d4d1:-781;g3g4:-817;d4g4:-818;d4f6:-926;d4f4:-942
4r1k1/5ppp/1p6/8/5q1P/pP1Q4/r5P1/3R3K w - - 0 35,midgame,d3c4,-801,d3c4:-801;d3d4:-802;d3f3:-824;h4h5:-841;d3d8:-889;d1f1:-967;d1c1:-998;d3f1:-1057
4r2k/p5pp/2p5/4q3/1P6/P3PRPP/3r4/1Q4K1 w - - 0 31,midgame,b1f5,-563,b1f5:-563;b1e1:-584;b1b3:-602;h3h4:-627;b1f1:-653;g1h1:-688;b4b5:-702;a3a4:-709
4r1k1/6p1/2qp1rN1/p3p2Q/4R3/8/1PP2PPP/4B1K1 w - - 7 36,midgame,e4g4,396,e4g4:396;e4h4:307;e4e2:302;e4e3:271;f2f3:256;g6h4:89;h5g4:22;h5h8:-7
6k1/2q1nppp/4p3/2bp4/5P2/1b2P1N1/3rBPRP/2R2K2 w - - 0 31,midgame,f1g1,-557,f1g1:-557;f4f5:-563;c1b1:-573;g3h5:-584;g2g1:-584;h2h4:-588;h2h3:-594;c1a1:-610
5rk1/1p3pp1/p3b1q1/N6p/P7/2PrP3/1P3bP1/R1BQ3K w - - 0 29,midgame,d1f3,-813,d1f3:-813;d1g1:-985;d1d3:-1095;d1e1:-1103;c1d2:-99993;d1b3:-99996;g2g4:-99996;d1e2:-99997
2kr1b2/pp1qpN2/2p1r3/7p/3P4/2P2R2/P1P3PP/R1B1Q1K1 w - - 5 19,midgame,e1h4,586,e1h4:586;e1f1:572;e1f2:563;c1e3:544;e1g3:535;f3e3:497;f7e5:492;e1d1:485
3nk2r/R4ppp/1Q1B4/5q2/2P5/2NPPP2/7K/8 b k - 4 30,midgame,g7g6,740,g7g6:740;f5h5:819;f5e5:842;f5g5:1069;g7g5:1144;f5d7:99993;f5f4:99996;f5h3:99996
2Nq1k1r/1p2bb2/n7/p2p3p/3P1p2/P7/1PP1Q1PP/R3R1K1 w - - 2 26,midgame,e2e7,541,e2e7:541;c8e7:442;e2e5:83;c2c3:-179;c8a7:-204;a1d1:-245;e2f1:-254;e1f1:-272
2k1r2r/8/1p4p1/p1q2p1p/3NbB2/2P5/PQ3PPP/R3R1K1 b - - 1 27,midgame,h5h4,398,h5h4:398;g6g5:399;a5a4:456;c8b7:462;e4a8:466;h8g8:471;e4g2:486;e4d3:488
5bnr/ppk2pp1/q2p3p/1P6/4P3/1bP3PB/2nQ1P1P/2BK2NR b - - 0 21,midgame,a6a4,-513,a6a4:-513;a6b6:-449;a6b5:-446;a6a1:-444;a6a2:-444;a6a5:-413;c2a3:-374;c2a1:-364
nk1r4/8/1p1r1n2/P7/3Pp2Q/1R2P2P/6P1/2R3K1 w - - 1 46,midgame,h4g5,660,h4g5:660;h4g3:651;b3b1:644;b3c3:640;h4f4:640;b3b2:629;g1h2:623;a5b6:618
1k1r2r1/pp5p/1b2pp2/8/2Qn3q/1P2BP2/P5P1/3RRK2 w - - 2 30,midgame,e3d4,-742,e3d4:-742;d1d4:-747;e3f4:-812;c4d4:-812;c4c7:-902;e3g5:-1044;c4c8:-1070;e3g1:-1353
2r1k1r1/2bb2p1/p3pn2/5PNp/p7/1P3P2/1B1QB1P1/5R1K b - - 0 26,midgame,h5h4,564,h5h4:564;c7g3:577;a4b3:577;e6e5:597;f6d5:613;f6g4:631;g8f8:632;a4a3:647
8/6k1/3b2pp/5q2/2pp4/5PQP/r7/4R2K w - - 2 59,midgame,g3g4,-711,g3g4:-711;g3g2:-762;f3f4:-1201;e1e5:-99991;e1e7:-99992;e1a1:-99995;h1g1:-99995;h3h4:-99995
5n2/1p1r1kpp/pQn5/2P2r2/3p1B2/6P1/PP2RP1P/6K1 b - - 2 28,midgame,g7g5,307,g7g5:307;g7g6:342;f5f6:372;f8e6:373;f7f6:389;f8g6:391;c6e7:392;f7g6:396
3r1r2/1p3p1p/p4Npk/2pp1b2/PqP5/1P2PPP1/1Q5P/3R1K2 w - - 0 27,midgame,d1d5,-183,d1d5:-183;c4d5:-262;f6d5:-288;g3g4:-368;b2e5:-406;e3e4:-406;b2c1:-412;d1e1:-422
2rr2k1/p3pp2/4p1p1/1p5p/2q4P/4RPP1/P4P2/Q5KR b - - 0 27,midgame,d8d2,-461,d8d2:-461;c4c2:-425;d8d3:-423;b5b4:-417;d8d4:-408;c4d5:-406;a7a6:-404;d8d5:-401
r4nkr/p4pb1/2p2ppp/2P5/Q4B2/8/PPP3PP/5RK1 b - - 2 22,midgame,f8e6,328,f8e6:328;g8h7:337;a8d8:352;f6f5:360;a8c8:372;h6h5:391;a8e8:400;a7a6:424
3r1rk1/p2qnpp1/1p6/2b1P1BQ/2P1P3/1Rp3P1/P4P1P/4K1R1 b - - 0 21,midgame,c3c2,-727,c3c2:-727;f7f6:-665;e7c6:-604;f7f5:-597;d7c7:-569;d7d4:-567;f8e8:-527;e7g6:-527
6k1/pp3r2/6p1/3Pnr1p/bqP5/2R2PR1/PB2QP2/6K1 b - - 2 32,midgame,a4d1,-313,a4d1:-313;h5h4:-306;b4b6:-279;a4d7:-260;g8h7:-252;g6g5:-241;a7a6:-236;f7f6:-235
2r1k2r/1p3p2/1pnbp1bp/1B1pN1p1/3Pn1P1/1N2P2P/PP1B1P2/2R2RK1 b k - 2 16,midgame,e4d2,-94,e4d2:-94;d6e5:-91;h6h5:12;e8e7:27;e8d8:50;e8g8:60;e8f8:68;c8c7:76
6k1/2p1r1pp/pq2p3/1b3p2/7P/1QP2PP1/8/3BK2R w K - 1 34,midgame,c3c4,-334,c3c4:-334;e1d2:-429;b3a2:-479;d1e2:-490;b3c2:-531;b3b2:-656;h1h2:-743;b3b5:-780
r5k1/ppp3pp/8/2Pb1pB1/3p3P/P2q4/1P3P2/R2NR1K1 b - - 2 22,midgame,d3f3,-99996,d3f3:-99996;d3h3:-99991;h7h6:-707;f5f4:-687;d5c6:-658;d5e4:-629;h7h5:-625;g8h8:-594
r3k2r/p4ppp/1p2q3/1N1p4/P5bP/B1PP2P1/2P2PB1/R4K1R b kq - 2 18,midgame,e6e2,-104,e6e2:-104;e8c8:-2;e6f6:45;e8d7:78;e8d8:88;e6h6:120;e6d7:127;e6g6:128
3r1kr1/1pqnR1bp/6p1/2B5/p1PP1P2/8/PP1Q2PP/4R1K1 b - - 0 31,midgame,d7c5,618,d7c5:618;g7d4:673;b7b6:704;g8h8:913;d8e8:1016;g7e5:1024;g7f6:1159;c7c5:1240
3r1qk1/2Q2p2/4bn1p/2p3n1/2Pp2pN/3P2P1/P3RPBP/4R1K1 w - - 3 36,midgame,c7f4,364,c7f4:364;e2b2:355;g1h1:352;c7e5:346;h4g6:345;a2a4:340;g1f1:332;c7b6:328
2rk3r/pp1b1p1p/2n1pp2/2p5/4PNN1/8/PPP3PP/2KR1B1R b - - 2 17,midgame,d8e7,407,d8e7:407;c6b8:409;c5c4:417;c6d4:436;a7a6:445;c6e5:449;c8c7:482;d8c7:485
r6k/6pp/pbp2P2/6B1/3q4/PP1p1Q2/4r1PP/5R1K b - - 0 30,midgame,e2f2,-452,e2f2:-452;e2e6:-434;h8g8:-363;b6d8:-345;a8f8:-344;a8d8:-99;e2e3:0;d4d5:0
r3q1k1/1pp2p1p/6p1/p6n/2P2P2/4r2P/P5P1/R1Q2RK1 w - - 0 24,midgame,c1b2,-529,c1b2:-529;c1d2:-529;f1f2:-532;c1b1:-536;c1c2:-546;f4f5:-557;c1d1:-561;g1h2:-565
4k3/1p2bn2/3p2Q1/2p1p3/4P2P/3P1PP1/qP3K2/1RR5 b - - 1 34,midgame,e8d7,446,e8d7:446;e7f8:449;e8d8:453;a2b3:462;e7d8:474;a2a5:484;c5c4:487;d6d5:505
1r4k1/4q2p/1p2p1p1/p7/Q2RPP2/P3r3/7P/5R1K w - - 2 32,midgame,a4c6,-52,a4c6:-52;a4c4:-75;f4f5:-92;d4d1:-124;a4c2:-133;a4d1:-141;f1d1:-161;d4d2:-162
r2r4/pp2nk1p/1q4p1/5b2/P3P3/1PQ3PP/2RN1P2/4K2R b K - 0 23,midgame,a8c8,-365,a8c8:-365;f5e6:-292;f5d7:-254;f5c8:-232;b6e6:-186;e7d5:-108;d8c8:-102;d8d2:-88
1r3rk1/Rp2bpp1/1p1p1n1p/2pN4/4P1b1/2N3P1/1PPB1PBP/2R3K1 b - - 8 19,midgame,f6d5,481,f6d5:481;e7d8:497;b8e8:507;f8e8:516;g8h7:623;b6b5:623;f6d7:637;b8a8:646
rnbbk2r/5ppp/p1pp4/1p6/N1PNP1P1/8/PP1B1PP1/R3KB1R b KQkq - 0 14,midgame,b5a4,160,b5a4:160;c6c5:234;d6d5:422;c8g4:426;e8g8:430;d8f6:431;f7f5:434;h7h6:451
2r2nk1/5p2/Qn3r1p/2p2p2/P7/4PB1P/1P3PP1/3R2K1 b - - 0 30,midgame,c8b8,495,c8b8:495;f8d7:505;f8g6:518;f5f4:525;c5c4:525;f6e6:531;c8c7:531;c8e8:538
4r1k1/5pp1/p2Qb2p/qp6/3P1P1P/5BP1/P1r2P2/3R2K1 b - - 6 29,midgame,a5c3,-513,a5c3:-513;b5b4:-495;a5c7:-491;e6h3:-484;a5a2:-474;a5d8:-473;c2c8:-467;e6c8:-456
r3kb1r/2B2p2/p2pbn2/2p1p1p1/2N1P3/N4PPp/PPP4P/3R1RK1 b kq - 1 22,midgame,g5g4,99,g5g4:99;f8e7:188;h8h5:192;e8d7:198;a8a7:213;f6d7:223;h8h6:227;a8c8:239
r1r3k1/pp3ppp/2bbpn2/8/1Pn1P3/P1N2N2/1BB2PPP/2KR3R w - - 5 18,midgame,c1b1,-137,c1b1:-137;h1e1:-146;d1d4:-153;e4e5:-168;c2d3:-188;h2h3:-202;h1f1:-204;g2g3:-232
3r2k1/5pbp/1Q3np1/p3p3/1pP5/4PqP1/3r1P1P/BR2KR2 w - - 2 30,midgame,b6d8,-768,b6d8:-768;g3g4:-99999;b6d4:-99999;a1d4:-99999;b6b7:-99999;b6c6:-99999;b6d6:-99999;b6f6:-99999
5k2/5n2/p5p1/2Ppb2q/1R1N4/4Q1P1/1P4KP/8 b - - 7 40,midgame,g6g5,425,g6g5:425;h5g4:428;f8g8:450;h5d1:466;f7d8:477;a6a5:485;f7h6:498;f8g7:498
5rk1/1p2p3/2q1b1pp/5p2/2PQpBn1/6P1/PP2PPBP/2R3K1 b - - 0 23,midgame,g6g5,144,g6g5:144;f8a8:216;g8h7:218;c6a4:227;c6a6:227;h6h5:241;f8c8:251;e6f7:259
r4rk1/6pp/8/p1p2p1Q/1b3P2/6PP/Pp4K1/1q6 b - - 1 26,midgame,b1h1,-99991,b1h1:-99991;b1g1:-99991;b1c2:-1534;f8f7:-1307;b1f1:-1293;b1e4:-1182;b1d3:-1167;f8f6:-1148
2nq1k2/8/QP2p1p1/3p4/1p1P1P1r/2p1P2p/2P4P/1NR3K1 w - - 1 36,midgame,a6a8,103,a6a8:103;b6b7:81;b1c3:0;g1h1:-72;c1f1:-120;b1a3:-123;g1f2:-140;a6b7:-161
1r2qr2/2p3k1/bpnppp2/p7/2PPB2P/P1PQB1P1/4PP2/4K2R b K - 0 20,midgame,f6f5,-268,f6f5:-268;d6d5:-243;c6e7:-229;f8h8:-200;b8d8:-192;f8g8:-189;a6b7:-189;a5a4:-187
4r1k1/pp3pp1/7p/2p1rq2/P1P3n1/1P1p1BP1/3N3P/1RQ3K1 b - - 5 28,midgame,e5e2,-663,e5e2:-663;f5d7:-627;g4e3:-619;e5e7:-604;h6h5:-597;g7g6:-595;e5e3:-593;g8h8:-591
2Rr4/pp3ppk/6b1/4P3/P5P1/1P4Q1/1q5r/2R1K3 w - - 3 36,midgame,g3h2,-705,g3h2:-705;c8c2:-986;g3h4:-99993;g3f3:-99994;g3h3:-99995;c1c2:-99995;e1f1:-99997;g3g2:-99998
8/1p3qkp/3Q4/3P2p1/p4p2/4bB2/1r6/5R1K w - - 0 52,midgame,d6d8,-312,d6d8:-312;f1e1:-345;d6e5:-357;f3g4:-391;f1d1:-391;f1a1:-393;d6b8:-422;f3d1:-434
2r1kbr1/1p3p2/pBpp1n2/4n2p/1P3NpP/1PP3P1/4PPB1/R2R2K1 b - - 0 24,midgame,e5g6,134,e5g6:134;d6d5:180;e8e7:198;f8e7:216;e5d7:220;g8h8:220;f6d7:225;e8d7:226
r4rk1/1p3ppp/1p1p4/2p2Q2/3q4/5P2/PPP3PP/1R3K1R b - - 4 20,midgame,a8a2,-382,a8a2:-382;f8e8:-362;g7g6:-343;a8a4:-337;d4d2:-329;d4c4:-299;d6d5:-297;c5c4:-281
rbr3k1/1p3p1p/1P3p2/p1nbp3/2N4P/P3P1P1/3N1P2/R3KB1R w - - 3 20,midgame,f2f3,-121,f2f3:-121;e3e4:-157;h1h2:-177;h1g1:-179;h1h3:-199;f1h3:-250;e1e2:-307;a1b1:-378
1r6/4R2p/2q4k/5q2/8/6P1/5P1P/4R1K1 w - - 2 38,midgame,f2f3,-99992,f2f3:-99992;e7d7:-99992;e1d1:-99992;e7c7:-99992;e7e6:-99992;e1e6:-99992;e7e2:-99992;e7e3:-99992
3r2k1/5ppp/2q3P1/p3Q3/5Nb1/4P3/PPr4P/1K2R3 b - - 0 36,midgame,h7g6,-723,h7g6:-723;c2d2:-699;c2c5:-694;c2f2:-650;f7g6:-595;c2h2:-595;c2c4:-540;d8c8:-538
5kr1/Q3R3/2n2p1p/1pp2N2/8/1P4P1/5P1P/3q1BK1 w - - 5 28,midgame,a7c5,1059,a7c5:1059;e7f7:919;a7b7:843;a7c7:824;a7a6:824;a7a8:801;a7b6:675;e7d7:576
4q1k1/1p2bp2/3p1p2/pr1Br2p/3pP3/P2P4/1P3RPP/2Q2RK1 w - - 1 30,midgame,f2f3,201,f2f3:201;c1h6:195;h2h4:194;c1d2:192;f2f4:175;b2b3:173;c1f4:170;f2f5:167
3r1rk1/2p2pp1/1p2p2p/4P2P/2P1RR2/5BP1/p4P1K/q7 b - - 1 33,midgame,a1c1,-841,a1c1:-841;a1f1:-837;a1b1:-773;d8d2:-772;a1b2:-762;g8h8:-738;a1c3:-715;d8d3:-712
r4r2/2p1qppk/pp2b2p/3Q4/7R/P3PPP1/1PP2P2/R3K3 w Q - 1 18,midgame,d5e4,-446,d5e4:-446;d5b7:-450;d5d3:-451;d5c6:-470;d5e5:-470;d5d2:-477;d5d4:-479;d5d1:-496
3k4/1pr2p2/p2p4/q1p1pB2/2P1P1Qb/P2P4/1P3PK1/1R6 b - - 1 31,midgame,h4f6,416,h4f6:416;c7c6:446;c7d7:550;c7c8:580;h4f2:583;a5d2:658;a5a4:681;c7e7:705
3r2k1/6p1/2q2p2/4b2P/P3P3/1P3Q2/6P1/5R1K b - - 0 39,midgame,c6c2,-371,c6c2:-371;d8d4:-369;g8h8:-344;c6d7:-341;c6c5:-337;d8d2:-335;d8b8:-317;c6c8:-313
rq4k1/3R2p1/5p2/pp2r3/8/P3PQ1P/1P3PP1/3R2K1 w - - 0 33,midgame,d1d5,499,d1d5:499;f3g4:474;b2b4:470;d1d6:466;d7d5:465;d7b7:465;h3h4:464;b2b3:460
R1b2rk1/7p/1p1p4/1Pq2p1B/2Pp4/3P4/5PPP/Q5K1 w - - 2 33,midgame,h2h4,362,h2h4:362;h5f3:354;h2h3:324;a8a7:323;a1c1:314;a1d1:310;a8a4:303;a1e1:280
r1bk3r/p4pp1/1ppbpn2/7p/2P1P3/P1N3P1/1P2BP1P/R1B1K2R w KQ - 0 12,midgame,h2h4,5,h2h4:5;c1e3:4;f2f3:1;e1g1:-3;h2h3:-5;b2b4:-20;c1g5:-20;c1d2:-23
2b1kr2/8/3qp2Q/1r1pRp2/Npp3pp/6P1/1PP3BP/4R2K b - - 1 30,midgame,e8e7,322,e8e7:322;b5b7:385;e8f7:409;d6e7:442;f8f7:444;h4g3:458;c4c3:460;b4b3:464
r4rk1/p3bppp/b3pn2/8/2NB4/P3PN2/5PPP/R3K2R w KQ - 1 18,midgame,c4d2,-280,c4d2:-280;c4a5:-283;f3e5:-291;f3d2:-298;c4e5:-300;c4b2:-342;a1c1:-387;d4f6:-407
6k1/3p1p1p/4rnp1/2p5/P1P2q2/2N1PP2/1R1Q3P/4K3 w - - 2 33,midgame,e1e2,-280,e1e2:-280;c3d1:-306;c3e4:-380;d2f2:-380;e1d1:-389;e1f1:-433;e1f2:-439;d2c1:-442
1k1r4/pp1n4/5rp1/1Pp1p2p/q1N1P2P/P1PP1p1Q/4RPP1/1R4K1 w - - 0 29,midgame,g2f3,247,g2f3:247;e2d2:185;e2a2:185;e2b2:162;e2e1:152;e2e3:13;c4b2:-87;c4e5:-262
3rr1k1/pp4pp/2p5/3bP1R1/3P1q1n/8/1P1B4/1QK1R3 b - - 1 29,midgame,f4d4,-549,f4d4:-549;f4d2:-511;f4f3:-480;f4f2:-471;f4f7:-438;f4h2:-438;f4f8:-401;d5e4:-299
3r1rk1/pp4pp/6q1/4Qp2/1P2bR2/2P3P1/7P/5RK1 w - - 1 28,midgame,c3c4,-493,c3c4:-493;e5c7:-511;e5c5:-514;e5b5:-521;e5a5:-522;f1a1:-530;f4f2:-534;f1e1:-535
1r4k1/p5p1/2p2p1r/3p3p/8/q6P/2Q2PP1/1R4K1 w - - 0 32,midgame,b1b8,0,b1b8:0;g2g4:-590;b1f1:-596;h3h4:-597;b1e1:-602;b1d1:-605;g2g3:-610;b1c1:-616
r2r4/pp2kppp/2b1p3/2n1P3/2B3n1/2N2N2/PP4PP/R1K4R w - - 8 19,midgame,h1e1,-378,h1e1:-378;h1g1:-428;h2h3:-441;b2b4:-444;c4e2:-450;a1b1:-458;c1b1:-462;c4b5:-471
3r1k2/4q2p/4Br2/1Qp1np1p/Pp3P2/1P2P3/3P2P1/1RB2RK1 b - - 0 29,midgame,e5g4,211,e5g4:211;f6e6:324;e5f7:343;e5d3:347;e5f3:349;f6g6:351;h5h4:365;f6h6:374
r2q1rk1/p4pbp/3pp1p1/2p5/2P1R3/NNB3P1/PP2PP1P/4K2R b K - 0 20,midgame,g7c3,-452,g7c3:-452;d6d5:-427;a8b8:-405;a8c8:-397;a7a6:-395;a7a5:-394;h7h5:-389;f8e8:-382
1b3k2/3q1P1p/2p1n1p1/8/p1Q1P1B1/2P1K3/PP3P2/4R1R1 b - - 10 33,midgame,b8a7,569,b8a7:569;d7a7:641;b8f4:709;d7f7:727;f8f7:734;b8g3:762;a4a3:802;d7d8:826
Bn3rk1/p3pp1p/1p4p1/q7/3b4/2N3P1/PPQ2P1P/R4RK1 b - - 2 16,midgame,g8g7,488,g8g7:488;e7e5:488;f8c8:491;b8d7:497;f8d8:497;b6b5:499;d4f6:506;b8a6:511
r5k1/2b2p2/4p2p/4P1NP/B5R1/2R3P1/KPP2q2/8 b - - 0 40,midgame,h6g5,-203,h6g5:-203;f2e2:25;g8h8:102;a8a4:176;f2f5:261;f7f5:376;f2b6:399;f2f1:400
2r1k2r/1p1b1p2/p3p1pp/3pq3/P2N3P/1PP2B2/5PP1/3R2KR w k - 4 27,midgame,h4h5,-556,h4h5:-556;c3c4:-562;g2g3:-573;h1h3:-585;g2g4:-597;a4a5:-608;d4c2:-612;d1f1:-619
r3k1r1/pp2p3/2p1pnpb/4Q2p/8/2N1P3/PPP3PP/2KR1B1R w q - 2 17,midgame,c1b1,770,c1b1:770;f1c4:769;e5e6:753;a2a4:753;a2a3:742;f1e2:737;h2h3:727;f1d3:704
4r1k1/1pp2ppp/p1b1r3/2qp4/3n3P/2NB1PN1/3Q2P1/5K1R w - - 1 27,midgame,c3e2,-667,c3e2:-667;c3d1:-694;g3e2:-697;c3a2:-714;g3f5:-741;d3f5:-744;d3e2:-749;c3d5:-751
r1b1k1nr/1p1p1p1p/p3p1pb/4P3/2P1N3/P2q1N1P/1P3PPB/R3K2R w KQkq - 0 17,midgame,e4d6,-401,e4d6:-401;e4c3:-535;f3d2:-546;e4d2:-596;f3g5:-612;e4f6:-643;e4g5:-670;e4g3:-683
5r1k/5rpp/3pp3/8/2P3N1/Pq3NbP/3Q2P1/5RK1 b - - 3 35,midgame,b3c4,-458,b3c4:-458;f7c7:-435;b3a3:-417;f8c8:-415;h7h5:-414;b3b6:-403;f8e8:-395;d6d5:-394
2r1kb2/pb3p2/n3pPr1/2p5/1pP2B2/6P1/PP2QP2/2KR1B2 w - - 0 23,midgame,e2d3,604,e2d3:604;e2d2:579;b2b3:475;e2e3:461;e2c2:455;f1h3:452;f4e5:438;d1d2:419
2k2b1r/pp1r1pp1/3p4/7p/2B1nB2/5N1P/PQP2PP1/1R4K1 w - - 0 20,midgame,b2a3,788,b2a3:788;c4d3:779;c4d5:777;h3h4:752;f3d4:749;f3g5:748;b2d4:742;f4e3:741
4rk2/R3pp2/6q1/8/8/1pQ1R3/4p3/K7 b - - 1 48,midgame,f7f6,147,f7f6:147;b3b2:164;f7f5:263;g6f6:277;g6h5:283;g6g1:287;e7e5:300;g6g7:300
1r4k1/pp4pp/2n1p3/1Q2P1q1/P5R1/2P2P2/1P1r2PP/4R1K1 b - - 2 23,midgame,g5d8,-375,g5d8:-375;g5e7:-375;g5f5:-355;g5h5:-348;a7a6:-325;g5h6:-316;c6d4:214;d2g2:331
r5k1/5b2/p1p3pp/7P/1Q1P1P2/4q1P1/PP6/1K1R4 w - - 0 28,midgame,h5g6,-369,h5g6:-369;b4b7:-388;b4d6:-393;b2b3:-395;d1e1:-425;d4d5:-426;b4c5:-426;b4c3:-433
6Q1/pp3p1p/2k1bP2/3p4/3Pp3/4P2P/q1r1BP2/4RK1R w - - 2 29,midgame,f1g2,395,f1g2:395;g8e8:392;g8b8:371;g8a8:356;g8g3:347;g8h8:344;g8d8:343;g8f8:331
r2k3r/pQp3q1/3p3p/5B2/1N6/1P6/1PPp1KPP/R3R3 b - - 0 26,midgame,g7e5,1077,g7e5:1077;g7d4:1188;d2e1b:99991;d2e1n:99991;d2e1q:99991;d2e1r:99991;g7g2:99995;d2d1n:99995
r1b5/1pp3kB/p2b4/5pN1/P4PnR/1n4P1/RPr5/1N4K1 b - - 7 27,midgame,c8d7,-685,c8d7:-685;d6c5:-675;g4f6:-673;c2c1:-640;g4e3:-607;b7b6:-607;b3d4:-574;a6a5:-562
8/1r1q1pkp/5p2/2b5/p1P2Q2/P5P1/5P1P/2R3K1 w - - 6 38,midgame,g3g4,-465,g3g4:-465;c1f1:-479;g1g2:-487;f4f3:-487;f4e4:-489;c1e1:-493;c1a1:-494;g1h1:-501
rn2kbnr/pp2pp1p/6p1/3p4/3P1P2/1PN4P/1PP3P1/R1B1KB1R b KQkq - 1 10,midgame,g8f6,57,g8f6:57;e7e6:60;b8c6:87;b8d7:265;e8d8:280;e8d7:317;a7a6:320;b8a6:351
1r2k2r/2Qn1pbp/1p4p1/2p1p3/p3P3/1P3NP1/2P2PKP/R7 w k - 0 28,midgame,b3a4,455,b3a4:455;a1a4:442;c7d6:405;g3g4:395;f3g5:390;c7c6:388;h2h3:384;c7a7:381
1rbr3k/Rn4p1/1pBp3p/3Npp2/1P6/2B1PP2/6KP/3R4 b - - 1 34,midgame,d8f8,442,d8f8:442;c8e6:453;b7c5:462;b7a5:464;h8h7:470;b6b5:480;h6h5:497;d8g8:504
5rk1/pp3ppb/3bp2p/P6P/3P4/1q2BN2/5PP1/4QK1R w - - 0 27,midgame,e1c1,-305,e1c1:-305;h1h4:-306;f1g1:-307;f3e5:-321;h1h3:-327;e3d2:-339;d4d5:-343;a5a6:-368
1q2r1k1/5pp1/1Bb2b1p/1R6/2P5/1N1p1P1P/p5P1/5QK1 w - - 3 36,midgame,b5b4,-613,b5b4:-613;f1f2:-694;b5f5:-737;b6f2:-738;b6d4:-770;b6c5:-781;f3f4:-784;b6e3:-788
3q2k1/pp5p/2p2pp1/3n3r/4N2P/3PB1P1/P4PB1/Q5K1 b - - 2 27,midgame,h5e5,299,h5e5:299;a7a5:367;f6f5:371;g8g7:374;h5f5:375;h7h6:379;d8e7:380;g8f7:385
3k1b1r/pp4pp/4pp2/1qp5/8/1P2B1P1/P1Q2KB1/1R6 b - - 1 22,midgame,f8d6,241,f8d6:241;b5d7:324;d8c7:328;f8e7:341;d8e8:345;a7a5:356;d8c8:360;f6f5:375
2kr4/1b3prp/2p1q3/6p1/3nB1P1/6N1/5P1P/1Q3RK1 b - - 3 31,midgame,e6g4,-421,e6g4:-421;f7f6:-405;g7g8:-367;c8b8:-364;f7f5:-355;e6d7:-354;e6d6:-354;d8d7:-348
2r5/4q3/k2rpp2/pp6/4P1P1/b1P1Q2P/P1R2P2/1K5R w - - 8 35,midgame,c2d2,-409,c2d2:-409;e3e2:-430;e4e5:-432;e3f3:-471;h3h4:-473;h1c1:-479;e3e1:-488;g4g5:-491
3r4/pp3p1k/2p2n2/4bb2/2P1P3/1PN1Q1Pq/P3P3/2R3K1 w - - 0 28,midgame,e3g5,-638,e3g5:-638;e3f2:-713;e3f3:-741;c1f1:-883;c3d5:-954;c1c2:-961;e4f5:-1032;a2a4:-1127
r5k1/pp1n3p/3p2p1/3Pp3/2R1B3/6Nq/PP3P1r/4R1K1 b - - 0 24,midgame,a8f8,-675,a8f8:-675;d7f6:-662;h2f2:-660;d7c5:-616;a7a5:-601;g8h8:-597;a8b8:-568;b7b5:-568
2b2rk1/6p1/p1Q4p/2pppp2/8/4P2N/q2BBPPP/3R2K1 w - - 0 23,midgame,e2f3,508,e2f3:508;c6c5:502;f2f4:484;c6d6:475;g1h1:473;c6c7:463;e2f1:463;h3f4:453
4rknr/1p4bp/p1np4/3NpNB1/8/2P4P/PP3PP1/R3R1K1 w - - 0 24,midgame,d5c7,495,d5c7:495;a1d1:493;f5d6:481;g1f1:478;g1h1:474;e1e2:472;a2a3:472;d5b6:457
6rk/3P1Rb1/4Q1Bp/4p1q1/1P6/3P2P1/5PKP/8 b - - 0 34,midgame,e5e4,816,e5e4:816;g5d2:851;h6h5:893;g8f8:1002;g5c1:1186;g5d8:1286;g5g4:99991;g5h5:99991
r4k1r/1p1b2p1/p2b1p1p/3pnn1P/P7/1N6/1PPB1P2/1K1R1Q1B w - - 0 21,midgame,h1d5,467,h1d5:467;d2c3:427;d2f4:423;b3a5:416;d2c1:415;f2f4:413;d2a5:412;d2e1:405
7k/rpnr2pp/2pN1p2/2P5/p2B2PP/P3P3/5K2/2R2Q2 b - - 0 41,midgame,a7a5,649,a7a5:649;a7a8:654;h7h5:673;d7e7:682;f6f5:692;c7d5:694;h7h6:696;a7a6:703
5k2/p3r3/P1pqpppr/7p/3PQ2P/5NPB/1R3P2/6K1 w - - 0 49,midgame,h3f1,418,h3f1:418;b2b1:393;b2c2:389;h3g2:384;b2b7:380;f3d2:365;e4d3:364;g1h2:361
8/4Q3/6pk/1p6/2nP4/1R1RP3/q4nPP/2K5 w - - 8 41,midgame,e7b4,0,e7b4:0;e7f8:0;e7h4:0;e7f6:0;g2g3:0;e7e8:0;d4d5:0;h2h3:0
r3n1k1/2q2pbp/3p2p1/1p1P4/p7/P1p2NPP/RP3PB1/2B2K1R w - - 2 23,midgame,b2c3,-498,b2c3:-498;f1g1:-526;c1f4:-559;f3g5:-560;f3d2:-566;c1e3:-575;c1g5:-581;f3d4:-592
6k1/r4p2/3p4/1QpPb1P1/1p5P/1P2P3/q4R2/6K1 b - - 3 49,midgame,a2b1,-496,a2b1:-496;a2a1:-446;a2a6:-405;a2a5:-340;a2a3:-212;a2b3:-200;e5b2:-84;e5h2:0
r5k1/5p1p/r2p2p1/3Pp3/P1Q1Pn1P/3PqP2/R3B2R/4K3 b - - 0 30,midgame,a8b8,-646,a8b8:-646;a6b6:-641;a6a5:-594;e3g1:-512;g8g7:-479;h7h5:-475;h7h6:-472;a6a7:-425
8/3k1q2/p6B/2p4P/P7/KRNr1b2/5p2/1R6 w - - 1 55,midgame,h6g5,-557,h6g5:-557;a4a5:-569;a3b2:-619;h6f8:-643;h6d2:-648;h6c1:-676;h6g7:-684;b1f1:-722
r2qr3/pp4p1/n4nkp/P3R3/8/2BP3P/1PP2PP1/RQ4K1 w - - 1 22,midgame,b1c1,-31,b1c1:-31;b1d1:-31;e5e8:-32;b1f1:-34;b1e1:-36;e5e3:-38;b1a2:-38;d3d4:-49
r3r1k1/pp3ppp/1q1p1b2/2p1pn2/4P3/2NP3P/PPP2PP1/1R1Q1RK1 w - - 0 16,midgame,c3d5,80,c3d5:80;e4f5:2;d3d4:-437;f2f4:-440;d1f3:-440;h3h4:-440;a2a4:-446;b2b4:-449
5rk1/6p1/pp3pr1/3pp1Bp/P1n1b1qP/P1P2N2/R3PPB1/2Q2K2 w - - 2 28,midgame,a2a1,-697,a2a1:-697;f1g1:-716;a2c2:-730;a4a5:-754;g2h1:-755;c1c2:-854;a2b2:-869;f3e1:-893
r4rk1/3q1p2/p1Np1b2/1PpQp2p/P3P3/2PP1PP1/6K1/R4R2 w - - 2 25,midgame,d3d4,309,d3d4:309;f3f4:298;b5b6:267;f1h1:266;a1b1:258;f1b1:242;a1d1:227;f1g1:226
r1bB1rk1/5p1p/1p4pb/p2P4/2n5/2N2N1P/PP3PP1/1K1R3R b - - 0 18,midgame,c8f5,-458,c8f5:-458;f8d8:-447;c4b2:-132;c4a3:-83;h6g7:4;b6b5:19;a5a4:52;c4d2:56
5k1r/1R6/1Nn1pb2/r2p2np/3P2p1/P1P3P1/5PBP/2B1R1K1 w - - 4 29,midgame,b6d7,538,b6d7:538;c1g5:508;h2h4:445;b7c7:405;f2f4:398;c1f4:393;a3a4:388;c3c4:382
rn3rk1/pp3p2/2pPp1pb/8/2N5/1q2PNpP/1B2K1B1/2R4R w - - 0 20,midgame,f3d2,-324,f3d2:-324;b2e5:-363;h3h4:-369;b2d4:-377;h1g1:-377;c1c3:-388;b2a1:-391;f3e5:-396
2b1k2r/1B3pp1/r3p3/p6p/3q4/B4Q2/P5PP/2R1RK2 b k - 2 22,midgame,c8d7,765,c8d7:765;f7f5:800;f7f6:854;a6d6:923;d4c5:1013;d4c3:1069;d4c4:1130;d4d8:1137
1q1r2k1/p1pP1p2/2B3pp/1P2Q3/P7/4R3/5P2/5K2 w - - 2 46,midgame,e5f6,799,e5f6:799;e5b2:797;e5e7:772;e5f4:765;e5d4:757;e5e8:755;e5c3:753;e5d5:750
r1b2k1r/ppnp2p1/3N1p2/2p5/2P1Q2p/8/Pq4PP/3R1R1K b - - 3 27,midgame,h4h3,-237,h4h3:-237;h8h6:-138;f8g8:-73;b2b6:281;c7e6:287;b2d4:546;b2a1:568;b2e2:571
4r2k/1p4p1/2p1n3/7r/p3p3/P1Q5/R5N1/B5K1 b - - 7 60,midgame,c6c5,326,c6c5:326;h8g8:362;e8f8:383;e8d8:387;h5g5:397;h5d5:421;h5c5:426;e8e7:446
8/1PR2bk1/1q3p2/1B1p1p1r/3N1P1p/7P/6P1/2Q4K w - - 1 60,midgame,c1c5,807,c1c5:807;b5e8:712;c7d7:701;d4e6:699;b5e2:698;c1c3:692;c7e7:664;b5a6:638
2q1k1r1/5p2/ppnpp2p/2pNb2n/Q1P5/3PPRP1/PP1B3P/1R4K1 w - - 0 22,midgame,d5b6,218,d5b6:218;g1g2:198;a4a6:189;d3d4:188;b1f1:184;d5c3:170;b1c1:167;b1d1:153
3r2k1/4R2p/ppbP1p2/8/P1P2Q2/2P2PPq/8/6K1 b - - 0 32,midgame,a6a5,-135,a6a5:-135;d8f8:-133;d8e8:-106;d8d7:-105;d8c8:-96;d8a8:-96;h3h5:-67;c6a4:-43
1r3r2/1b2ppkp/p1q3p1/2P5/5P2/4Q3/PP2N1PP/R3KB1R b KQ - 1 18,midgame,b8d8,325,b8d8:325;f8d8:331;e7e5:340;h7h5:346;g7g8:347;b7a8:347;f8c8:359;a6a5:361
4k2r/2pn2p1/r3p3/Np2p2p/3bP3/1P6/1N1B1PPP/1R2K2R b Kk - 1 24,midgame,d7c5,220,d7c5:220;c7c5:226;e8g8:234;h5h4:241;g7g5:249;e8f7:260;e8e7:266;d7f6:278
1k2r2r/pp1q4/3p1R1p/3N4/2P1nQp1/P3B1P1/1P5P/3R2K1 w - - 9 30,midgame,c4c5,447,c4c5:447;d1d4:446;b2b3:443;d1f1:442;f6f7:434;e3c5:432;b2b4:429;e3f2:401
6k1/1q5p/5pp1/4Bb2/p1PRn3/6P1/PPQ4P/R5K1 w - - 2 32,midgame,c2a4,492,c2a4:492;d4e4:481;e5f4:463;e5f6:458;a1e1:450;a1f1:401;d4d8:389;c2g2:385
2bqnrk1/6p1/3p1n1p/2pP1p1P/2P4R/N1Q1PN2/5PP1/5K2 b - - 10 30,midgame,f6e4,-469,f6e4:-469;c8d7:-465;f6g4:-455;d8b6:-446;d8e7:-443;d8c7:-433;f6h7:-432;e8c7:-424
2N2bk1/3r1pp1/r4n2/P2p4/3Q4/4pPp1/2R1P1KP/8 w - - 0 40,midgame,c8b6,135,c8b6:135;h2g3:102;d4d3:71;g2g3:66;d4e3:61;g2h1:43;f3f4:41;c2c1:29
2r2rk1/5p1p/3p2pP/p2Pp1b1/P7/qB1QPP2/3P2P1/1R2K2R b K - 0 27,midgame,c8c1,36,c8c1:36;c8b8:106;f7f5:107;c8a8:115;f8d8:116;c8d8:124;a3c5:127;c8c5:129
1k1r4/ppp1bpp1/4p3/4P1r1/2QB3p/PP2PP1P/2Pq2P1/R4KR1 b - - 2 20,midgame,a7a6,11,a7a6:11;b7b6:37;f7f6:47;a7a5:50;g5f5:67;d8d5:77;c7c5:78;c7c6:91
r1b2r1k/2p3p1/ppq4p/8/2N2p2/2P5/PPQ2PPP/R4RK1 w - - 0 21,midgame,c4e5,358,c4e5:358;c4d2:-84;b2b3:-89;c4a3:-195;c2e2:-217;c2d3:-218;f1e1:-452;c2b3:-456
r3r1k1/4q1pp/2p1bp2/pp5P/2p5/2Q2B2/P1P2PP1/1R3K1R b - - 1 24,midgame,e7c7,-316,e7c7:-316;b5b4:-311;e7c5:-306;a8c8:-273;e7d6:-258;e7d7:-258;e6d5:-253;a8a6:-232
1k5r/pn3R2/2p2p2/1pq1bN1p/8/2P2QP1/PP2BPP1/6K1 w - - 1 32,midgame,f7g7,337,f7g7:337;e2d3:317;f7d7:313;f3d3:297;f3e4:297;a2a3:295;f5d4:294;f7e7:276
2rq1rk1/1p1n1ppn/p3p3/8/P1PP1P2/1P3P2/4N2P/RQ3K1R w - - 1 21,midgame,h2h4,-315,h2h4:-315;f1g2:-326;h1g1:-328;b1e1:-351;b1d3:-352;a4a5:-357;b1c2:-364;a1a2:-364
3q1r2/5ppk/3b4/1p6/3pbPP1/3nP3/1P5P/2BQ1RK1 w - - 1 21,midgame,g4g5,-547,g4g5:-547;c1d2:-645;d1e2:-658;b2b3:-666;f1f3:-667;e3d4:-674;b2b4:-709;d1d2:-723
4rr1k/pb4bp/1p1p2p1/2p5/N1P1Pn2/P2Q3P/1P2N1B1/R4nK1 w - - 0 29,midgame,e2f4,63,e2f4:63;a4c3:-631;e4e5:-633;a1f1:-648;a4c5:-653;a1d1:-656;d3f3:-662;a1e1:-681
3r4/1p3ppk/4p2p/1Pb1p3/2P1P3/3B1P1P/4Q1Pq/3RK3 w - - 9 46,midgame,e1d2,-284,e1d2:-284;e2f1:-338;g2g4:-391;b5b6:-408;f3f4:-409;h3h4:-421;d1b1:-440;d1c1:-453
b2rk3/R1Q2p1r/3b2p1/1p1pN1Pp/3P4/6P1/4PPB1/6K1 w - - 1 30,midgame,c7a5,749,c7a5:749;c7b6:690;c7c3:682;c7c2:632;c7c1:606;c7d8:527;c7d7:445;c7d6:438
3rk2r/p6p/2qP1pp1/1RPnB3/8/7Q/P4P1P/1R4K1 w - - 3 33,midgame,h3e6,1145,h3e6:1145;b5b7:750;e5f6:694;b5b8:611;e5d4:584;e5g3:542;e5a1:515;e5c3:493
3r2k1/5p1p/Q1pr2p1/3Pqp2/8/1P1RP1P1/P4P1P/3R2K1 b - - 0 24,midgame,e5b2,272,e5b2:272;c6d5:272;e5e4:274;d6d5:284;f5f4:332;c6c5:361;g8g7:381;d6f6:407
rn5r/1p1k1Bpp/2p5/Q3Pb2/3Nn3/4PN2/Pp3PPP/R3K2R w KQ - 1 16,midgame,a1d1,421,a1d1:421;a1b1:403;e1g1:318;a5d5:273;e5e6:226;a5d8:218;a5c7:190;e1e2:-32
r2qk3/1pp2pb1/1pnp2p1/4p3/P1P3b1/1QNPP1P1/1P3P2/R1B1K2B w Qq - 1 15,midgame,h1g2,-32,h1g2:-32;a4a5:-35;h1d5:-50;h1e4:-53;f2f3:-60;a1a3:-71;c1d2:-78;e1f1:-106
rr1n1k2/p4pnp/B2pb1p1/P1p3P1/3P1P2/2N2N1P/1PP2K2/2B4R w - - 0 24,midgame,d4c5,127,d4c5:127;c3e4:54;a6e2:37;h1d1:35;h1e1:31;b2b3:18;d4d5:-16;a6d3:-26
3rkb1r/pp2p2p/5pp1/1b1n4/3B3Q/3n1N2/PP3PPP/1K1R3R w k - 0 17,midgame,d1d2,259,d1d2:259;h4e4:247;a2a4:247;b1a1:240;d4a7:234;h4g3:224;a2a3:216;f3e1:214
2krrb2/1p1q2p1/p4n1p/P1p1R3/2Q5/3P3P/1BP2PP1/R5K1 b - - 0 21,midgame,e8e5,-369,e8e5:-369;d7b5:-369;f8d6:-364;c8b8:-354;d7c7:-348;d7c6:-348;f6d5:-346;h6h5:-330
r3r1k1/pp2ppqp/3p2p1/5P2/2n1PB2/2P3Q1/P1P3PP/R3R2K w - - 3 20,midgame,f5g6,-77,f5g6:-77;a1b1:-92;a2a4:-95;a1d1:-100;e1f1:-107;e1b1:-109;h1g1:-112;h2h3:-115
6k1/4ppbp/3p2p1/1PpP1b2/1q2NP2/2NQPnP1/1P3K2/r1BR4 b - - 2 25,midgame,g7c3,-368,g7c3:-368;f3h2:-365;f5g4:-292;c5c4:-289;f3e1:-178;h7h5:-171;f3g5:-156;f3h4:-153
1r6/p1Q2Bk1/5bp1/7p/6P1/8/PPb2P1P/R3R1K1 b - - 1 26,midgame,b8d8,857,b8d8:857;b8f8:905;h5g4:906;c2f5:932;b8b4:941;b8b7:969;c2d1:969;b8b5:1004
r1b1kb1r/2pn1pp1/2pQ4/4p1B1/p3P2p/P1N2PNP/1PP3P1/R2R2K1 b kq - 0 21,midgame,f8d6,-56,f8d6:-56;c7d6:-51;h4g3:605;a8b8:658;g7g6:700;a8a7:703;a8a6:720;h8h6:725
5rk1/Q1p2ppp/2q1b3/4p3/2P1P1P1/5P1P/P1r5/3RKB1R w K - 1 23,midgame,f1d3,-176,f1d3:-176;a7a5:-177;a7g1:-223;a7e3:-237;h3h4:-285;h1g1:-287;a2a3:-293;g4g5:-297
6k1/5pp1/Q3p2p/2q1P3/1p1N3P/2n3P1/5P2/2R2K1b w - - 0 36,midgame,d4e2,-20,d4e2:-20;a6d3:-105;d4e6:-317;d4c2:-441;f1g1:-460;c1c3:-467;d4b3:-470;a6d6:-481
3q1rk1/1p4p1/2p1p1Bp/3n1p1Q/3P3P/r3P3/P4PPB/2R2K1R b - - 0 26,midgame,a3e3,116,a3e3:116;d8a5:197;a3a2:199;d8b6:199;d5f6:218;b7b5:227;d5c3:245;d8e7:257
2r3k1/p2n1p1p/3pp1p1/6P1/8/PP3q1P/R3N2K/2BQ4 w - - 0 27,midgame,d1d4,42,d1d4:42;d1h1:27;c1f4:0;a2d2:0;d1g1:0;d1d6:0;b3b4:0;h2g1:0
4r1k1/r5p1/1p6/3P3p/1pP5/1p1Q2P1/3Bq2P/1R4K1 w - - 2 33,midgame,d3e2,-470,d3e2:-470;d3b3:-631;d3g6:-673;d3f5:-679;d3d4:-738;b1b3:-882;d3e3:-914;d3f3:-997
1nr2k2/5p2/1Qp3pr/3b3p/R7/P4B1P/1P4P1/4R2K w - - 3 36,midgame,b6c5,836,b6c5:836;f3d5:814;b6b7:757;a4a7:749;a4a8:743;b6e3:739;b6b4:703;b6a7:697
4qk2/1p5p/1pb1rpr1/p4Np1/4P3/5QPP/5PBK/B1R5 w - - 14 42,midgame,f3a3,438,f3a3:438;f3e3:434;c1e1:430;c1d1:426;a1b2:425;f3d1:422;f5d4:420;f3b3:419
r4k1r/pp1B1ppp/8/2p5/1q1p4/4Q3/P4PPP/2B2RK1 w - - 0 21,midgame,e3g3,249,e3g3:249;e3e4:248;e3e5:247;e3f3:235;e3g5:234;e3e2:232;e3f4:229;e3d3:219
1r6/5pk1/Qp1rnqp1/3B3p/1R2P2P/6P1/5PK1/1R6 w - - 0 1,midgame,a6a7,52,a6a7:52;a6c4:37;b1c1:30;a6e2:27;b4c4:21;b4b2:16;b1d1:12;a6a2:11
4rk2/2p1rpp1/pbn3bp/1p2P3/PP6/1BP2NNP/5PP1/2R1R1K1 w - - 0 1,midgame,a4a5,94,a4a5:94;e5e6:94;a4b5:55;f3h4:36;c1d1:29;h3h4:0;e1d1:0;g1f1:-2
2r3k1/p2q1pp1/2p4p/1p1p1b1n/2PP4/P1QP1PP1/3B3P/4RBK1 b - - 0 1,midgame,f5h3,-64,f5h3:-64;f5e6:-47;h5f6:-30;f5g6:-11;f5h7:39;b5b4:100;b5c4:130;g7g5:138
2r3k1/pp3pp1/4q2p/4p3/bB2Pn2/P4P2/1P1Q2PP/2R2BK1 w - - 0 1,midgame,c1c8,57,c1c8:57;c1c3:30;c1c5:24;b4c5:23;h2h3:18;g1h1:13;d2e3:13;b4a5:12
5k2/pp2r2Q/2n2q1p/3p2p1/8/BN4P1/P4P1P/4R1K1 b - - 4 33,midgame,b7b6,648,b7b6:648;f8e8:721;f6f7:746;d5d4:762;h6h5:763;f6g7:765;g5g4:780;a7a5:797
rn1q1knr/2pbb1pp/p3p3/4Pp2/Np6/1P1BBN2/P1P1QPPP/R3K2R b KQ - 3 13,opening,c7c5,332,c7c5:332;f8e8:335;d7a4:336;d8c8:342;b8c6:349;h7h6:351;d7b5:353;d8e8:368
r1bqr1k1/pppp1ppp/2nb1B2/3N4/2Pp4/P4NP1/1P2PP1P/R2QKB1R b KQ - 0 9,opening,g7f6,142,g7f6:142;d6e7:447;c6e7:466;c6e5:474;d8f6:530;e8e7:532;e8e2:573;d6b4:584
r2qkb1r/pp3p1p/5pp1/2Pp1b2/1Pn5/2P2NP1/4PP1P/RN1QKB1R b KQkq - 0 10,opening,f5e4,29,f5e4:29;f8g7:30;f8h6:34;a7a5:36;f8e7:59;d8d7:84;a7a6:100;f5b1:103
r1b1kb1r/3nn1p1/5q1p/1p3p2/p4B1N/2N4P/PP2QPP1/R3R1K1 w kq - 0 20,opening,e2h5,369,e2h5:369;c3d5:353;c3b5:316;a1d1:307;e2b5:197;f4d6:190;h4g6:89;f4g3:37
1r1q1rk1/p2bnp1p/3p1np1/Pp1p4/3P4/2NBPN2/1PQ2PPP/R1R3K1 w - b6 0 17,opening,c2d1,46,c2d1:46;c2e2:45;c2b3:41;c3e2:41;h2h3:36;b2b3:36;c2b1:36;b2b4:35
r1bq1rk1/1pp2ppp/3p1b2/p7/1nP2n2/2N3P1/PP1QPPBP/2KR2NR w - - 0 13,opening,g3f4,-199,g3f4:-199;g2e4:-525;d2f4:-538;g2f1:-541;g2f3:-561;e2e4:-564;g2d5:-574;a2a3:-589
r3rbk1/2q2pp1/b1p4p/p1RQ1B2/Np1P4/4BN1P/PP3PP1/4R1K1 b - - 0 21,opening,f8c5,581,f8c5:581;a6b5:581;c7b8:581;a8d8:592;c6d5:602;e8e3:608;f8d6:612;a8c8:626
r1b1k2r/5ppp/p1qb1n2/1pp5/4P3/2PP4/PPQ2PPP/RNB1K2R w KQkq - 0 11,opening,a2a4,-333,a2a4:-333;f2f3:-342;e1g1:-350;c1g5:-357;b1d2:-369;c2e2:-380;c3c4:-386;c1e3:-397
4rbk1/pbQn1p1p/q4np1/8/2NN1P2/2P1B2P/PP4P1/R4RK1 w - - 2 21,opening,b2b3,194,b2b3:194;b2b4:11;c4a5:-89;f4f5:-113;d4b3:-139;a1e1:-145;f1e1:-159;d4f3:-171
1r1qk2r/pQpn1p1p/4pnp1/2Pp4/7N/3BP3/PP3PPP/1RB2RK1 w k - 1 13,opening,b7c6,399,b7c6:399;b7a6:397;b7a7:345;b7b8:-117;c5c6:-186;b7b5:-210;d3a6:-224;b7b3:-303
r1b1k2r/1pp2pp1/1n2pq1p/p3b3/2N5/P4NPP/1P1B1PB1/R2Q1RK1 w kq - 0 16,opening,f3e5,679,f3e5:679;c4e5:657;c4b6:553;f1e1:469;a1c1:469;d2g5:440;d1c2:434;d1b3:434
3qk2r/2pp1pp1/b1p1pn2/p5p1/Pb1PP3/2N2N2/1rPQ1PPP/R3K2R w KQk - 0 13,opening,f3g5,-551,f3g5:-551;f3e5:-591;e1c1:-621;e1d1:-643;h2h4:-648;a1c1:-664;h2h3:-681;g2g3:-682
1rbr2k1/pp2qpp1/2n4p/1BN1p3/1P5P/P3PQ2/5PP1/2R2K1R w - - 1 22,opening,g2g4,15,g2g4:15;b5c4:-9;b5e2:-13;f1g1:-14;f3e4:-14;b5c6:-19;h4h5:-23;f1e2:-33
rnbqk2r/pp3pp1/4p2p/3p4/2PPn3/1PN2N2/P4PPP/R2QKB1R w KQkq - 1 10,opening,c3e4,12,c3e4:12;d1c2:2;a1c1:-9;f3e5:-22;d1d3:-43;c3b1:-89;c3a4:-130;c3e2:-164
3q1rk1/nb2bppp/1p2p3/r1Pn4/B1Q1N3/4PNPP/PP3P2/R1B1K2R b KQ - 0 16,opening,b7a6,-423,b7a6:-423;b6b5:-371;b6c5:-358;f7f5:-294;d8a8:-273;d8c8:-248;d5f6:-224;g8h8:-194
r1b1k2r/1p1pqppp/p1n5/2p1B3/2Pp4/5NPP/PP2PPB1/R2Q1RK1 b kq - 0 12,opening,c6e5,39,c6e5:39;h7h6:428;f7f6:430;h8g8:433;e8g8:441;h7h5:467;d7d5:496;d7d6:511
r4rk1/pp4pp/n1q2n2/2b1Q3/2p1P3/P1N5/1PPN1PPP/R3K2R w KQ - 1 17,opening,e1c1,-344,e1c1:-344;e1g1:-367;f2f3:-378;h1f1:-409;e5f5:-432;e5f4:-443;e5g3:-467;f2f4:-505
1r3rk1/5pb1/bqn3pp/3B4/Q7/PP2P1P1/3BNP1P/1K1R3R w - - 1 23,opening,d1c1,-130,d1c1:-130;d2c3:-137;h1e1:-148;e2c3:-215;e2d4:-254;e2f4:-258;d5c6:-262;a4c6:-281
5rk1/1p1bbp1p/pq2p1pP/4P3/P3BQ2/2rn1NP1/R4P2/5K1R w - - 0 26,opening,f4d2,-460,f4d2:-460;e4d3:-530;f4e3:-569;f4g4:-610;f3g5:-656;h1h4:-671;f1g2:-679;a2b2:-683
r2q1k1r/5pN1/b2b4/p1pnp3/P2n4/2QP2PP/1P3PB1/R1B1K2R w KQ - 1 18,opening,g2d5,-453,g2d5:-453;c3d2:-518;g7e6:-542;c1h6:-547;c1g5:-579;c3a3:-610;c3d4:-615;g7f5:-630
r1b2k1r/pp2npp1/3p2q1/1Npn3p/8/1P2P2P/P1P2PP1/RNQ1KB1R b KQ - 3 15,opening,c8f5,-217,c8f5:-217;c8d7:-171;d5b4:-166;a7a6:-165;h5h4:-164;h8h6:-147;b7b6:-130;g6f6:-130
rn2k1nr/pp3pb1/2p1p1p1/3p3p/P2P1N1q/4P2B/1PPN1P1P/R1BQ1RK1 b kq - 1 13,opening,b8d7,373,b8d7:373;g8e7:376;g8h6:378;g7f8:381;h4f6:393;h4e7:397;b8a6:400;a7a5:408
1k4r1/pbpn4/1p1p4/3Pp3/4Pn1q/PPBBQP1r/2PN2p1/R2K2R1 b - - 1 33,opening,h3h1,-550,h3h1:-550;d7c5:-512;h4h6:-510;b7d5:-506;d7f6:-474;h4g5:-458;h3h2:-458;a7a6:-403
r1b1k1nr/pp1p1ppp/8/1N2p3/1n6/1NP5/PP2BPqP/R2QK2R w KQkq - 0 12,opening,h1f1,278,h1f1:278;e2f3:235;b5d6:151;b5c7:34;e1d2:-8;c3b4:-183;e2f1:-217;b3c5:-246
2kr3r/1p2qp2/p1n1bn1p/1Npp2p1/8/1P1P1NPP/P3PPB1/2RQ1RK1 w - - 0 17,opening,b5c3,64,b5c3:64;b5a3:-44;b3b4:-110;a2a4:-130;a2a3:-230;b5d4:-238;f3d4:-240;d1d2:-278
r1bqkb1r/5ppp/1pn2n2/pN1pP3/5B2/P2NP1PP/5PB1/1R1Q1RK1 b k - 0 20,opening,f6e4,427,f6e4:427;f6d7:534;f8a3:574;f6h5:602;c6a7:608;f6g8:612;f8c5:616;f6g4:632
1r2r1k1/1pp2p1p/p1n1bq2/3pN2P/3P1P2/Q4Bn1/PP1B2PR/2R1K3 b - - 4 22,opening,g3f5,-43,g3f5:-43;h7h6:-11;g8h8:5;c6d4:31;b8d8:45;f6d8:69;b8c8:71;c6e7:90
r5k1/5rpb/2pp3p/ppn1p2P/q1PnP3/P1QP1P2/1P3NBR/2R1K1N1 w - - 0 30,opening,c4b5,-333,c4b5:-333;c1d1:-393;c1b1:-403;e1f1:-427;g1e2:-449;c3d2:-458;g2h3:-486;b2b4:-487
r2k1b1r/1p4p1/p1qpbpQ1/7B/2p1P3/P1N5/1PP2PPP/1RBR2K1 b - - 2 21,opening,c6d7,512,c6d7:512;a8c8:548;d8d7:549;f8e7:559;b7b5:561;d8c7:562;a8b8:568;a6a5:570
rnb1k2r/ppn1p1b1/2p3p1/4p2p/2Pq3N/2N3P1/PP1P2BP/R1BQ1R1K w kq - 4 13,opening,h4g6,235,h4g6:235;d1c2:209;c3e4:194;h2h3:184;b2b3:184;d2d3:181;g2e4:146;a1b1:134
rnb1k2r/1pp2pp1/3p3p/p1qP4/5N2/6P1/P1P1PPBP/R2Q1RK1 b kq - 1 12,opening,e8g8,8,e8g8:8;b8d7:12;b7b6:44;b8a6:49;b7b5:52;a5a4:55;a8a7:60;a8a6:60
1n2nk1r/3pqp2/bN4pp/pp2P3/5P2/P6P/1PB3P1/R1BQR1K1 w - - 0 22,opening,c1e3,691,c1e3:691;b6d5:669;b2b4:658;d1f3:646;c2e4:643;c2b3:633;d1d4:630;c1d2:615
3r1rk1/1p2p1bp/p1n3p1/q1PpPb2/PP6/N1P1BN2/3Q2PP/R4RK1 b - - 0 16,opening,a5c7,30,a5c7:30;a5a4:33;c6b4:333;d5d4:440;a5b4:538;c6e5:548;f5e4:552;b7b5:556
rn2k2r/2p2pp1/1p1qpn2/7p/p1BP4/5N2/PP1N1PP1/R2Q1RK1 b kq - 3 15,opening,h5h4,299,h5h4:299;b8c6:314;a4a3:337;b8d7:337;e8g8:338;e8f8:339;c7c6:347;e8e7:351
r2q1bk1/5ppp/2p5/2P5/6b1/PpQ2N2/1B2rPPP/R4K1R b - - 5 20,opening,e2b2,-400,e2b2:-400;g4f3:-374;d8e8:-351;d8e7:-341;e2c2:-320;e2e4:-278;e2e8:-252;e2e7:-238
2rr2k1/1p3p1p/pq2pb2/3p1p2/1PnP1P2/2PQPBP1/R3N2P/4R1K1 b - - 12 31,opening,c4d6,-78,c4d6:-78;b6b5:-78;c8c7:-76;d8d7:-67;b6c6:-62;c8c6:-61;b6c7:-59;c8a8:-58
r2r2k1/1p3p2/p3q3/1Pn5/3bppPP/8/P3QP2/1R1N1KNR b - - 1 25,opening,a6b5,-477,a6b5:-477;f4f3:-457;d4e5:-419;d8d6:-416;b7b6:-409;a8c8:-399;a6a5:-398;e4e3:-396
r4rk1/1pq2ppp/4pn2/p7/2B5/B1n1P2P/P1P1QPP1/1R2K2R w K - 3 19,opening,e2d3,-438,e2d3:-438;e1g1:-493;e2f1:-548;c4d3:-570;e2f3:-575;b1b5:-577;a3b2:-587;a3f8:-623
4nk1r/1b3p2/p7/p1rp2R1/3Np3/QPq1P1Pp/2P1B2P/R6K b - - 14 37,opening,h8h6,62,h8h6:62;e8d6:62;e8c7:70;e8g7:71;h8g8:98;f8e7:129;h8h7:133;c3b4:135
rnq2rk1/p2nbppp/bp2p3/3pN3/3P1PP1/2N1P3/PP4BP/R1BQK2R w KQ - 1 12,opening,e5f3,-64,e5f3:-64;g4g5:-98;e5d3:-118;h2h4:-125;e5d7:-128;e1f2:-161;c3e2:-174;g2f1:-194
1r1qkb1r/ppp1nppp/2n1p3/1B1pNb2/3P2P1/4P3/PPPN1P1P/R1BQK2R b KQk - 0 7,opening,f5g6,70,f5g6:70;f5e4:83;f7f6:169;a7a6:405;g7g6:412;f5c2:426;d8d6:439;d8c8:444
3rr1k1/pp3p1p/5b2/3p1q2/P1pP1N2/R1PnPBPb/1P1Q3P/6KR w - - 7 25,opening,f4h3,-500,f4h3:-500;g3g4:-506;f3g2:-536;a3a1:-586;a4a5:-608;d2d1:-611;b2b3:-655;a3a2:-678
rn3rk1/pp2p1bp/2pp1np1/q3p3/P2PPN2/3B4/1PPB1PPP/R2Q1RK1 b - - 1 13,opening,a5b6,373,a5b6:373;a5d2:405;a5d8:409;a5c7:411;f6e4:551;a5a6:570;e5f4:575;c6c5:602
r1bq1rk1/1ppn1pp1/p4b1p/3P4/8/1PNnPBN1/P2P1PPP/R2Q1K1R w - - 7 15,opening,f3e2,-273,f3e2:-273;f1g1:-298;a2a3:-308;a1b1:-317;f1e2:-328;d1e2:-328;d1b1:-328;g3h5:-335
1n2k2r/r6p/P1pqpnpb/3b1pN1/3P1N2/2PBB3/1P2QP1P/R3K1R1 w Qk - 2 16,opening,g5e6,318,g5e6:318;h2h4:289;g5h3:262;e1f1:260;f4d5:248;f2f3:238;f4h3:232;e1d1:224
rn3k2/1bqp1p1r/pp4pp/3Pb3/2P5/PPB5/2B2PPP/R2QR1K1 w - - 0 19,opening,c3e5,496,c3e5:496;e1e5:495;c2g6:166;c3b4:128;d1f3:75;d5d6:58;d1d2:15;d1d3:-113
r7/1p3kq1/p1nbpnr1/3p1p2/NP1P1P2/P3PQP1/2B4P/2R2K1R b - - 0 28,opening,a6a5,-315,a6a5:-315;g6h6:-314;a8h8:-313;a8b8:-309;g7h7:-309;c6e7:-309;a8g8:-308;g7h6:-302
r1r3k1/3nbppp/Bpp1p3/7P/P2PPqn1/P4N2/2QN1PP1/2B1RK1R b - - 0 21,opening,a8a6,293,a8a6:293;g4f2:393;c8f8:526;c8b8:533;c8d8:544;c8e8:557;e7a3:608;d7f6:630
r4rk1/p1nqbppp/2p1pn2/2pp4/Q2P4/6P1/PP1NPPBP/R1B2RK1 w - - 0 13,opening,d2f3,-87,d2f3:-87;d4c5:-87;d2b3:-119;e2e4:-148;f1d1:-155;a1b1:-160;b2b3:-169;e2e3:-172
2r2rk1/pp1nqppp/2nbp3/3p1b2/QP1P4/P1N1P2P/1B2BPP1/2R2KNR b - - 10 15,opening,d7b6,-217,d7b6:-217;h7h6:-201;a7a6:-186;h7h5:-185;f8d8:-174;f5g6:-173;f8e8:-170;g8h8:-153
r2k3r/2qp1p2/p1bbpN1p/4n1p1/8/8/PBB1QPPP/1R3RK1 w - - 6 22,opening,f1d1,126,f1d1:126;b1d1:92;f6e4:69;f1c1:51;f1e1:1;b1c1:0;b2d4:-10;a2a4:-73
rn3k1r/1b2b1pp/4p3/ppN1q3/1n6/6P1/PPQ2PBP/R1BR2K1 w - - 0 17,opening,c2b3,-145,c2b3:-145;c2c3:-256;c5b7:-377;c1f4:-383;d1d8:-388;c2d3:-389;c2d2:-408;a1b1:-439
r1bqr3/1p1n1pk1/2p5/3pp3/p2P4/6P1/PPPQP1BP/R1N2RK1 w - - 2 19,opening,c1d3,160,c1d3:160;e2e3:127;g2f3:125;f1f2:122;d4e5:117;d2e3:114;g2h3:111;a2a3:108
r3kbnr/1bp1q3/pp2p1pp/5p2/3P1B2/2PB2NQ/PP3PPP/R3R1K1 b k - 1 16,opening,g8f6,248,g8f6:248;h8h7:319;e8d8:319;h6h5:327;f8g7:329;b7c6:329;e8f7:343;e7d7:345
4rBkr/pp3p1p/1q3np1/2p2N2/2P2Q2/8/PPn2PPP/RN1R2K1 b - - 0 20,opening,g6f5,0,g6f5:0;b6e6:96;h7h6:147;b6b2:200;h7h5:212;e8d8:319;f6g4:364;c2d4:400
r2qkb1r/1p2pp2/1n3np1/p2p1N1p/P2P4/1N4P1/1PP2PBP/R1BQ1RK1 b kq - 0 12,opening,g6f5,133,g6f5:133;h5h4:499;a8c8:508;b6c4:516;e7e6:521;b6a4:530;f6e4:533;b6c8:533
2rr2k1/qp3ppp/p1n1pb2/2Np1b2/1P1P4/P1N1P2P/1B2QPP1/2R1R1K1 w - - 9 23,opening,c3a4,-35,c3a4:-35;c3b1:-58;e1f1:-58;e1d1:-59;g1h1:-61;c1d1:-63;c3d1:-64;c3a2:-64
2kr2nr/p2n2b1/Pp2qpp1/1p1p1b2/3Pp2p/R3P2P/1PPNBPPB/3Q1RK1 w - - 0 18,opening,a3c3,539,a3c3:539;e2b5:257;d1c1:214;b2b4:207;d2e4:195;a3b3:191;d1a1:119;c2c4:19
r2r2k1/2n2p2/3ppbp1/q1pP2n1/2P3PB/2P1PP2/3Q4/3R1KNR w - - 2 31,opening,e3e4,-147,e3e4:-147;f3f4:-261;d2d3:-280;d2h2:-283;f1g2:-294;f1f2:-299;d5e6:-300;h4g5:-307
3r1rk1/pq3ppp/4pn2/1Qp5/3bP3/1PN2PP1/P2B2KP/2R2R2 b - - 2 20,opening,b7a8,45,b7a8:45;b7b6:47;b7d7:61;b7e7:90;b7c7:96;d8d7:109;d8b8:118;b7c8:137
rnb1k2r/pp3ppp/2pqp3/3n4/2BP4/2N1PN2/PPQ2PPP/R3K2R b kq - 1 11,opening,b7b6,49,b7b6:49;d5c3:50;b8d7:51;h7h6:72;d6b4:82;a7a5:85;d5b4:88;e8g8:100
rnb1k2r/1pq1pp1p/2pp2p1/p2P3n/2P1P1P1/2bBBN1P/PP3P2/R2Q1RK1 w kq - 0 13,opening,b2c3,173,b2c3:173;g1h2:13;g4h5:11;g1g2:-17;g1h1:-17;f3g5:-68;c4c5:-95;d3e2:-98
2r2rk1/5ppp/1Q1bq3/6B1/P1p1b3/2n2N2/2P2PPP/1R2R1K1 b - - 8 26,opening,c8b8,-526,c8b8:-526;h7h6:-516;f8e8:-509;c8e8:-508;c3b1:-505;e6g6:-491;e6d5:-488;f7f5:-459
2q2k1r/p3b3/2p1bN1p/Q1p5/3r1Bp1/PP2N3/5PPP/R2R2K1 b - - 0 26,opening,d4f4,213,d4f4:213;d4d1:340;h6h5:395;f8g7:440;g4g3:451;a7a6:451;c8d8:457;e6b3:473
r2qk1nr/2pbb2p/p1n1p3/4Pp2/1p2B1p1/8/PPP1QPPP/RNB1NRK1 w kq f6 0 13,opening,e5f6,98,e5f6:98;e4d3:38;e4c6:37;a2a3:-107;c2c3:-154;c1f4:-176;c1d2:-193;b1d2:-205
r1b1kb1r/3n1ppp/2N2q2/pp1p4/3PB3/4B1PP/PPP2P2/RN1Q1RK1 b kq - 0 11,opening,f6c6,179,f6c6:179;d5e4:211;d7b6:257;f6e6:315;f6d6:352;f8a3:444;c8b7:463;a8a6:489
r1r3k1/pp3ppp/3bbn2/q1pp4/1n6/1P2PN1P/PBNPBPP1/R1Q1R1K1 b - - 13 15,opening,e6f5,-59,e6f5:-59;b4c6:-1;d6e7:0;a5d8:10;f6e8:26;f6d7:27;f6e4:52;a8b8:55
r4k1r/ppR1bp2/4p2p/3pNq2/3Pn1p1/P3P1P1/1P1BQP1P/4R1K1 b - - 0 19,opening,h8h7,47,h8h7:47;f7f6:49;a7a5:106;h6h5:142;a8e8:156;a7a6:167;h8g8:172;e4g5:184
1k1q2rr/pbp1n3/1p1ppn2/5ppp/3PP3/PPBB1P2/2PNQ1PP/4RRK1 b - - 1 20,opening,e7g6,-231,e7g6:-231;h5h4:-169;h8h6:-145;f5e4:-140;h8h7:-125;d8c8:-120;g8g7:-119;b7c8:-112
1r3r2/1q3pkp/p3p3/2p1P3/2Pb1PP1/p1NQ4/3P2b1/B1K1RR2 w - - 6 32,opening,f1g1,-397,f1g1:-397;f4f5:-466;d3c2:-478;f1h1:-480;c1d1:-481;f1f2:-510;g4g5:-511;e1d1:-524
1rbq1rk1/p3bpp1/1p2p3/3pP1P1/Pn6/5NP1/1PP1Q3/R1B1KB1R b KQ - 1 17,opening,f7f6,401,f7f6:401;f7f5:440;c8b7:466;d5d4:520;b6b5:526;c8a6:550;a7a6:568;b8b7:583
r1q2k2/5p2/2p1pnp1/2PpNb1r/PP1P3p/2Q1P2P/3N1PP1/R4RK1 w - - 1 24,opening,b4b5,397,b4b5:397;g1h2:385;c3b2:374;g1h1:370;c3b3:362;f1c1:357;a4a5:344;a1a3:344
r1bqkb1r/3p1ppp/p3pn2/1pp5/3P4/1B2PN2/PPP2PPP/RNBQK2R b KQkq - 1 7,opening,c5c4,86,c5c4:86;g7g5:264;c8b7:274;d8c7:308;h7h5:313;h7h6:335;f8d6:346;a6a5:349
r1bb2k1/p4p1p/1p6/3BP2N/6n1/1PBq2P1/P4P1P/R1Q2RK1 b - - 0 24,opening,d3d5,599,d3d5:599;d3g6:645;b6b5:646;d3f5:680;g4f2:684;a8b8:690;c8a6:690;g4h2:690
r2qr1k1/5ppp/ppnb1B2/2pp4/P7/1Q2PN2/P2PBPPP/2R2RK1 b - - 0 16,opening,g7f6,128,g7f6:128;d8f6:164;d6h2:430;d8d7:439;d8c8:458;d8c7:465;d6e7:476;d8b8:488
r3kb1r/ppp1qpp1/2n1b3/1N1Q3p/4pB2/8/PPP1NPPP/2KR1B1R w kq - 1 12,opening,d5e4,549,d5e4:549;b5c7:482;d5g5:475;d5d2:454;d5c6:426;e2c3:405;f4g5:326;b5c3:211
1k1r3r/pB3pbp/1q3np1/2N1p3/QPPn4/4B1P1/P3PP1P/R4RK1 b - - 0 16,opening,d4e2,440,d4e2:440;h7h5:440;e5e4:468;g7h6:491;d8d6:497;h7h6:501;h8e8:502;b8c7:502
rnb1kbnr/1p1p3p/pq2pp2/2p5/3P2p1/2N3B1/PPP1PPPP/R2QKBNR w KQkq - 2 8,opening,e2e3,59,e2e3:59;c3a4:36;d4c5:1;d4d5:-99;e2e4:-127;d1d2:-137;g3b8:-159;d1d3:-165
rnb1k2r/1pp2ppp/4pn2/pN2N2q/1bpP4/4B1P1/PPQ1PPBP/R4RK1 b kq - 9 11,opening,b8a6,252,b8a6:252;e8g8:311;b4d6:313;f6d5:437;e8d8:460;b8d7:462;e8e7:468;c7c6:492
r1bq1rk1/pp3ppp/2p3n1/2bp4/4PP2/2Q3P1/PP1N2BP/R1B1K2R b KQ - 2 14,opening,d8b6,-326,d8b6:-326;d8e7:-226;c5b6:-201;d8d6:-197;c5e7:-144;c5d6:-126;b7b6:-111;g6f4:-23
r3k2r/1b1p1pp1/pqn1pn1p/2p5/2P5/2B1PNP1/PP2BP1P/R2Q1RK1 w kq - 6 15,opening,c3f6,78,c3f6:78;b2b3:72;f3d2:65;f1e1:58;f3h4:57;d1c2:56;a1b1:53;d1d3:52
r1bqnr1k/p1p1b3/1p4p1/3pP3/1n1P4/2N2N2/PP3PPP/RQB1K2R w KQ - 0 14,opening,b1g6,-76,b1g6:-76;g2g4:-247;e5e6:-259;c1h6:-304;c1g5:-319;c1e3:-334;c1f4:-381;h2h4:-431
3rkb1r/pp2pppp/4q3/2P1n3/4p3/8/PPPBNPPP/R1Q2RK1 b k - 3 13,opening,g7g6,-39,g7g6:-39;e6c4:0;e5c4:28;e5c6:35;e6g4:53;g7g5:67;h8g8:69;h7h5:69
2r3k1/4p2p/6p1/1p1nb3/pn2q3/Q1N2r2/PP1B4/2KRN3 w - - 0 29,opening,e1d3,-1068,e1d3:-1068;a3b4:-1184;d2e3:-1302;a3a4:-99992;d2g5:-99993;d2h6:-99994;b2b3:-99996;a3b3:-99996
r1b1kb1r/pp4pp/3p4/q2pp3/2P5/P1n2N2/1P1Q2PP/R1B1K2R w KQkq - 0 14,opening,c4d5,-296,c4d5:-296;b2c3:-319;h1f1:-348;b2b4:-354;e1g1:-373;h2h3:-385;d2c3:-396;a3a4:-406
r3kb1r/1p1n1ppp/nq2p3/p2p4/3P4/PPN1P3/5PPP/R1BQKB1R w KQkq - 0 12,opening,f1b5,61,f1b5:61;c3a4:60;c1b2:53;g2g3:50;f1d3:50;c1d2:50;a1a2:50;d1c2:43
r1bqk2r/ppp2pbp/3p1np1/4N3/4P3/2N1B3/PPP1BPPP/R2QK2R b KQkq - 0 8,opening,d6e5,125,d6e5:125;f6e4:429;c7c6:447;d8e7:449;e8g8:462;a7a5:462;d6d5:465;a7a6:491
r3kb1r/1p3pp1/p1qpb3/4Q2p/2p1P3/P1N5/1PP1BPPP/1RBR2K1 w - - 1 19,opening,e5d4,548,e5d4:548;e5a5:535;e5f4:526;e5g3:512;e5g5:510;e5h5:52;e5f5:21;d1d6:8
1rbqkb2/pp3pp1/2np4/2pN2Pr/Q1P1Pp2/3P4/PP4R1/R3KBN1 w Q - 0 16,opening,g1f3,-104,g1f3:-104;e1c1:-156;g5g6:-175;d3d4:-188;a4c2:-217;b2b4:-219;e1f2:-223;f1e2:-231
r4rk1/pp5p/1qpppb2/4p2P/nPP1P1N1/P2P1N2/3Q1pP1/2R2K1R w - - 0 26,opening,f3g5,293,f3g5:293;g4f6:272;h1h3:253;c4c5:247;d2h6:243;d2c2:235;d2d1:231;d3d4:175
4kbr1/1P3r2/p2q1n2/P1p1pb2/6p1/1QNP3p/1P2NP1P/R4RKB b - - 0 26,opening,f7b7,434,f7b7:434;d6b8:436;f6d7:452;f7d7:586;f7c7:601;f7e7:605;e8d7:617;f8h6:620
1k1r1b1r/1p3Np1/1qb5/3p1Q1p/5Pn1/PP2P3/6BP/R2R3K w - - 3 26,opening,f7h8,-285,f7h8:-285;f7d8:-291;d1e1:-354;h2h3:-355;d1c1:-380;d1d2:-383;b3b4:-384;d1f1:-397
rn1q1rk1/p2pppbp/b5p1/7n/Pp1P4/1Q2BNPP/1P2PP2/RN2KB1R b KQ - 3 11,opening,b8c6,-98,b8c6:-98;d7d5:-75;h5f6:-74;d8c7:-60;e7e6:-56;h7h6:-52;d7d6:-47;f8e8:-29
r1bqr1k1/1p3ppp/p1n2n2/2pp4/5N2/3P1NPP/PPPQBP2/R3K2R b KQ - 4 12,opening,h7h6,-151,h7h6:-151;d8d6:-108;d8b6:-91;d5d4:-84;g8f8:-84;d8e7:-82;a6a5:-74;a8b8:-70
r3r1kq/2pn4/2Np1bpp/3P1p2/p4R2/Pp2PBP1/1P2QP1P/1R4K1 w - - 6 31,opening,e2d2,54,e2d2:54;f4c4:46;g1g2:45;h2h4:44;g1f1:43;f4b4:42;h2h3:40;f3g2:27
r1bqk2r/1p1nbp1p/p1n1p3/3pP1p1/8/P1NB1NB1/1PP1QPPP/R3K2R b KQkq - 1 11,opening,b7b5,-42,b7b5:-42;h7h5:-42;d7c5:-35;d5d4:-26;d8a5:0;h7h6:7;d8b6:11;b7b6:22
1rr3k1/p2qbpp1/7p/4P2P/P2N1Pb1/1Pn5/1PQ5/K4RBR b - - 10 31,opening,c3a4,-565,c3a4:-565;c3e2:-513;c3d1:-477;c3b5:-459;d7b7:-445;d7d5:-445;c3d5:-436;c3a2:-390
r3k2r/1pq2pp1/p3pn1p/2n5/P7/B2Q1N2/1PP2PPP/3R1RK1 w kq - 0 19,opening,d3e3,98,d3e3:98;d3e2:62;d3d4:54;d3c3:51;d3c4:41;d3d2:37;d3d6:35;a3c5:1
r3k3/pppb1p1p/2n1pn2/3q4/3P2r1/P1P2N2/2Q2PPP/R1B1KB1R w KQq - 4 14,opening,h2h3,26,h2h3:26;c1e3:0;a1b1:-17;c3c4:-44;c1b2:-57;c2b2:-86;a1a2:-98;c2d3:-102
2r1k2r/pbqp1pp1/1p2pn1p/8/P1P5/BP1B1N2/5PPP/R2QR1K1 w - - 2 20,opening,f3h4,538,f3h4:538;d3e2:529;h2h3:518;d3f1:516;f3d4:511;d3c2:502;a1a2:499;a1c1:486
4r1k1/pp3ppp/2n5/2Q5/4q1b1/P2rBN2/1P3PPP/R4K1R w - - 0 20,opening,f3d2,-372,f3d2:-372;c5g5:-380;f3g5:-417;f3e1:-455;h1g1:-485;b2b4:-488;a1c1:-495;b2b3:-508
2kr1b1r/pp2qppp/n1pp1n2/6N1/2PPp3/2N1P3/PP2QPPP/R1B2RK1 b - - 0 11,opening,c8b8,110,c8b8:110;g7g6:110;d6d5:112;a6c7:124;h7h6:126;d8e8:126;d8d7:137;e7e8:145
r2q1rk1/pp1bppbp/2np1np1/2p5/2PP4/1Q2PNP1/PP1BNPBP/R3K2R b KQ - 8 10,opening,a7a5,-99,a7a5:-99;f6e4:-91;e7e5:-77;c6a5:-75;f8e8:-69;b7b6:-62;a8c8:-62;a7a6:-60
1q1nk2r/1r1bppb1/3p1np1/3P3p/N1P1P3/P3QN1P/1PB2PP1/R1B2RK1 b k - 6 20,opening,b8c8,351,b8c8:351;b8c7:391;e8g8:396;e8f8:401;h5h4:405;f6g4:409;b8a8:412;b7c7:427
r1bq1rk1/2p1bppp/p1p2n2/3p4/3P4/2NQ1N2/PPP2PPP/R1B2RK1 b - - 5 10,opening,h7h6,17,h7h6:17;c6c5:17;a6a5:28;f8e8:40;f6d7:43;d8d6:45;c8b7:47;a8b8:50
rnbq1rk1/ppp1b1pp/4pp2/3p4/2PPn1PP/1P2PN2/PB3P2/RN1QKB1R w KQ - 1 10,opening,f1d3,52,f1d3:52;b1d2:49;b1c3:20;d1c2:20;f3d2:10;a2a3:5;h1g1:-3;d1d3:-20
rnbq1rk1/5ppp/2pb1p2/p2p4/RP1P4/2P1P1P1/5PBP/1N1QK1NR b K - 0 10,opening,c8e6,-37,c8e6:-37;c8f5:-18;d8b6:-17;b8d7:-16;c8b7:-13;a8a6:-13;a8a7:-11;g7g6:-5
rqb1k2r/5ppp/2p1pn2/P2P4/1p1P4/1N6/4BPPP/R2Q1RK1 b kq - 0 18,opening,f6d5,-49,f6d5:-49;c6d5:15;e6d5:44;b8d6:66;b8c7:74;e8g8:75;c8d7:119;b8a7:141
r2q1rk1/2p2ppp/2p2n2/p2p1b2/1b1P4/2N1P3/PP2BPPP/R1BQ1RK1 b - - 4 11,opening,f8e8,-28,f8e8:-28;b4d6:-27;d8e7:-15;h7h6:-12;b4c3:-12;d8d7:-9;a8b8:-7;f6e4:-1
2krr3/1p2bpp1/p1n2q1p/2P2b2/P2p4/1P3NP1/3BPPBP/2RQ1RK1 w - - 2 17,opening,b3b4,312,b3b4:312;f1e1:249;f3h4:217;f3e1:207;h2h4:176;h2h3:171;d1e1:152;g1h1:135
rn1k2nr/p1pq2p1/bp2ppQp/8/2NP1N2/4P1P1/PP3PP1/R3KB1R w KQ - 10 15,opening,g6e4,485,g6e4:485;g6g7:450;d4d5:428;a2a3:420;f1e2:419;a1c1:415;h1h5:410;a1d1:397
rnb1k2r/1p3ppp/pq2pn2/3P4/8/2NB1Q1P/PPP2bP1/R1B2KNR b kq - 2 9,opening,f2d4,-74,f2d4:-74;f2g1:-23;f2c5:-13;f2h4:267;b8d7:395;e6d5:395;b6c7:403;e8g8:415
rnb1kb1r/ppq1pp1p/3p1np1/2pP4/P1B2B2/4P2P/1PP2PP1/RN1QK1NR b KQkq - 0 7,opening,f8g7,28,f8g7:28;b8d7:63;c7b6:74;e7e5:80;f6h5:80;c7d8:97;a7a6:100;b7b6:103
r2q1bnr/2pb1kpp/p3pp2/1p6/PnpPP3/2N2N2/1P1B1PPP/R2QKB1R w KQ - 1 11,opening,f1e2,87,f1e2:87;d2e3:87;b2b3:61;h2h3:54;h2h4:26;a1c1:2;d2c1:-14;g2g4:-36
r1b1k2r/1pq1ppbp/2n3p1/1BppN3/P2P4/1PB1PPnP/2PQ2P1/R3K1R1 b Qkq - 2 15,opening,e8g8,-438,e8g8:-438;c5d4:-402;h7h5:-374;g7f6:-366;f7f6:-365;c8f5:-345;g3f5:-344;e8f8:-337
3qr1k1/pQ1b1p1p/3p2p1/8/3P1Pnb/2B2B2/PPr1N1PP/R4RK1 w - - 8 18,opening,e2g3,59,e2g3:59;h2h3:-48;f4f5:-91;c3a5:-105;f3g4:-169;b7a6:-209;e2c1:-243;g2g3:-269
r1b1k2r/1p2p3/p6q/3p2b1/PP3R2/2PBPQ2/6P1/RN4K1 w kq - 3 22,opening,b1d2,-278,b1d2:-278;b1a3:-300;g1f1:-345;g1f2:-369;c3c4:-386;b4b5:-394;a4a5:-403;a1a2:-415
rnbq1rk1/1p1pppbp/p5pn/2p4P/2P5/3P1NP1/PP2PPB1/RNBQK2R b KQ - 0 7,opening,h6g4,75,h6g4:75;h6f5:137;g6h5:139;g6g5:173;d8a5:185;b8c6:231;d8b6:254;d7d6:256
rnbq1knr/5ppp/p1p1pb2/1pN5/8/4N1P1/PP1PPPBP/R1BQ1RK1 w - - 6 12,opening,a2a4,271,a2a4:271;d2d4:248;d1c2:246;h2h4:234;e3c2:231;d2d3:229;h2h3:218;a2a3:210
r3r1k1/1p2qpp1/2pp3p/P1n5/2P4N/P2pP1Pb/B2B1P1P/2bQK2R w - - 0 22,opening,d1c1,-467,d1c1:-467;d2c1:-523;h4f3:-669;a2b1:-682;a5a6:-713;h1f1:-723;a3a4:-735;d1f3:-749
rnb1k3/p3bprp/2ppp3/2pP3q/3P4/5N1P/PP3PP1/RN1QKB1R w KQq - 0 13,opening,b1c3,-77,b1c3:-77;d5e6:-83;d4c5:-128;d1a4:-147;d1d2:-156;d5c6:-178;h1g1:-182;g2g3:-184
r1b2rk1/p4pbp/nppq1np1/8/3P4/2NBBN2/PPQ2PPP/R3K2R w KQ - 6 12,opening,a2a3,-16,a2a3:-16;d3a6:-56;c2d1:-80;e1g1:-83;c2e2:-85;c2d2:-85;d3c4:-96;d3e2:-96
rn1qkbr1/pp3p2/2p1pp1p/3p4/3P3N/1PN1P2b/P1P1BPPP/R2Q1RK1 w q - 0 11,opening,e2h5,-93,e2h5:-93;g2g3:-148;g1h1:-152;f2f4:-192;d1e1:-198;e2d3:-202;a2a3:-222;a1c1:-225
r2q1rk1/pbpp1p1p/1p1bp1p1/1N3n2/2PP2nP/PP1BPN2/1B3PP1/R2QK2R w KQ - 5 12,opening,b5d6,170,b5d6:170;e3e4:153;h4h5:149;d1c2:132;h1h3:124;d3f5:113;d1d2:111;b5c3:94
1rb1kbnr/3n4/3p1qpp/p4p2/1pQP1P1N/5N2/PPP1B1PP/R1B1K2R b KQk - 3 16,opening,f8g7,137,f8g7:137;c8b7:141;g8e7:143;f8e7:168;f6f7:185;e8d8:196;a5a4:199;f6g7:216
1q1r1kbr/1pRnn1pp/5p2/1N1p3B/1P6/1P2P3/1B3PPP/Q4RK1 w - - 7 23,opening,h5g4,524,h5g4:524;b2d4:499;f1c1:459;f1e1:457;a1c1:441;h2h3:441;a1d1:438;f1d1:427
r1b1k2r/1p2pp1p/nqpp1npb/p7/2PPN3/PP2P3/1B3PPP/RB1QK1NR b KQkq - 2 11,opening,f6e4,37,f6e4:37;h6g7:41;d6d5:55;e8g8:59;h6f8:68;b6d8:69;c8d7:70;a8b8:87
r4rk1/p3pp1p/bp4p1/6P1/Qnq1n3/2P4P/P2NPP2/R1B1KB1R b KQ - 0 18,opening,c4c3,-621,c4c3:-621;b4d3:-522;e4d2:-278;e4c3:-170;c4d5:-69;c4e6:47;e4c5:92;c4c7:309
r4rk1/1p2ppb1/pq1pb1p1/7n/2P5/P1RPB1P1/1P1QPPB1/4K2R b K - 2 16,opening,g7c3,-185,g7c3:-185;b6a5:-178;b6d8:-141;g7d4:-139;b6c7:-128;h5f4:316;b6e3:366;b6b2:406
rn5r/pp2kpb1/1qp3pp/3p2P1/2PPn3/1P2PN1P/P3BP2/RQ2K2R w KQ - 1 14,opening,g5h6,-324,g5h6:-324;e2d3:-338;c4c5:-354;b3b4:-362;h3h4:-364;e1g1:-364;h1g1:-366;b1c2:-368
r4rk1/p2b1ppp/3p1b2/2qN4/4P1nP/3BP3/PPPQ2P1/4RK1R b - - 10 20,opening,a7a5,-483,a7a5:-483;d7e6:-466;a8e8:-465;c5c8:-463;f8e8:-461;h7h5:-460;f6b2:-449;a8b8:-441
r3k2r/p3p3/2p1Nnp1/7p/1qb4Q/P1N4P/1P3RPK/R1B5 b kq - 0 24,opening,b4d6,313,b4d6:313;f6g4:508;b4b3:546;b4b8:554;b4c3:567;g6g5:572;b4b6:635;c4e6:638
6qk/3r2b1/5r1p/BQ1pnp2/3Nn2p/PP2Pb2/R1B5/1NK5 b - - 11 37,opening,f3g2,-668,f3g2:-668;d7f7:-668;d7e7:-656;d7a7:-653;g8c8:-643;f3g4:-639;f3h5:-630;e4d6:-616
2r1k1r1/1p2qp2/1Qnpb2p/1p2p3/4P1p1/2PP2P1/1R1N1PBP/R5K1 w - - 0 24,opening,b2b5,118,b2b5:118;b6b5:93;f2f4:0;f2f3:-7;d2f1:-24;g1h1:-44;b2b1:-53;c3c4:-60
r1bqk2r/2p1bpp1/ppnppn2/3P3p/2P5/P1N1PN1P/1P2BPP1/R1BQK2R b KQkq - 0 9,opening,c6b8,170,c6b8:170;c6e5:175;c6a7:192;e6d5:195;c6a5:222;c8b7:356;c8d7:365;d8d7:423
rn1qk2r/pp3ppp/2p2n2/4p3/1b5N/1B1Q3P/PP2KPP1/RNB4R b kq - 2 13,opening,d8a5,231,d8a5:231;d8d3:266;b8d7:270;b8a6:275;f6d5:279;e8g8:283;d8b6:286;d8d4:313
1nb1k2r/1p2bpp1/1Np4p/2P1p3/1P1qn3/1B1p3P/3P1PP1/R1BQK1NR w Kk - 0 16,opening,d1f3,0,d1f3:0;b3f7:-121;d1e2:-535;d1h5:-99998;d1c2:-99998;d1g4:-99998;f2f4:-99999;f2f3:-99999
2r2k1r/1b1q1pp1/p2p1n2/3N3p/2p5/P5Q1/2PBBPPP/3R1RK1 b - - 0 25,opening,f6d5,104,f6d5:104;b7d5:122;f6e4:212;h5h4:437;c8c5:443;d7e6:457;c8e8:462;h8g8:463
r2qk2r/p3ppb1/1pn1bnpp/2pp4/P6N/1NPP2P1/1P2PPBP/R1BQ1RK1 w kq - 2 11,opening,d3d4,-16,d3d4:-16;f2f4:-26;h4f3:-37;f1e1:-42;a4a5:-44;d1c2:-63;a1a3:-66;b3d2:-69
r2qkbnr/pp3pp1/2n1b3/1Bpp3p/3P4/2N1PNP1/PP3P1P/R1BQK2R b KQkq - 3 8,opening,g8f6,-36,g8f6:-36;f8e7:-34;a7a6:-23;a8c8:-18;d8b6:-2;h5h4:19;e6g4:28;e6h3:44
2k2r1r/bpp3pp/p2qp3/P3p2B/RPQnP3/3P4/3B1PPP/5RK1 b - - 5 19,opening,d6e7,-92,d6e7:-92;c8b8:-90;d4b5:-89;f8d8:-88;h7h6:-79;g7g6:-79;c7c6:-67;d6d8:-56
3q1rk1/1p2bpp1/5nbp/pP1p4/2r5/P1N1P1PP/1B3PBR/2RQK3 b - - 4 19,opening,c4c5,-189,c4c5:-189;d5d4:-183;d8b8:-168;f8e8:-154;d8d6:-148;a5a4:-145;d8b6:-143;g8h8:-136
r1bqk2r/pp3ppp/2nbp3/2pN4/8/1P2PN2/PB1P1PPP/R2QKB1R b KQkq - 0 8,opening,e6d5,86,e6d5:86;e6e5:407;f7f5:423;e8g8:439;a7a6:440;b7b6:442;a7a5:443;c8d7:451
r1b2rk1/1p2ppbp/3p2p1/p2P3n/2P1P3/PQ1nqNP1/R2N3P/3K1R2 b - - 1 23,opening,a5a4,-856,a5a4:-856;b7b5:-821;c8d7:-820;g7h6:-802;f7f5:-797;c8h3:-796;d3f2:-795;h5f6:-775
rnbqkbnr/1p1p3p/p3pp2/2p5/3P2p1/2N3B1/PPP1PPPP/R2QKBNR b KQkq - 1 7,opening,d8b6,66,d8b6:66;d7d5:95;h7h5:116;c5d4:116;f6f5:139;g8e7:161;g8h6:163;b7b5:170
r1b1k2r/ppq2ppp/2n1pn2/3p4/2P5/PPQ1PPP1/7P/R1B1KBNR b KQkq - 0 11,opening,e8g8,-131,e8g8:-131;e6e5:-80;d5c4:-34;c8d7:-23;h7h5:-16;c7b6:-11;c6a5:-5;h7h6:14
rn3k1r/2qp2p1/1p1Np2p/p1pPPp1n/2P1Q3/PP3P2/4KP1P/R1B2BR1 w - f6 0 18,opening,e4h4,682,e4h4:682;d6f5:588;e4c2:552;e5f6:536;e4d3:533;e4e3:525;e4b1:520;d6b5:496
1rb1r1k1/2p2ppp/2pp2q1/p3n3/4PR1P/1PN1P3/P1B2QP1/5R1K b - - 14 26,opening,g6h6,-260,g6h6:-260;c8e6:-253;c8a6:-248;c8g4:-246;f7f6:-245;g6e6:-240;h7h6:-237;c6c5:-231
3r1rk1/1p1n1ppp/nq1bp3/pB1p4/3P4/PPN1P2P/2QB1PP1/R3K2R b KQ - 2 15,opening,a6b4,19,a6b4:19;e6e5:33;f7f5:52;a6c7:52;d7f6:54;g7g6:54;h7h6:56;a6b8:61
r1bqk2r/ppp1n1p1/3p1b2/2n2P1p/2P3P1/5N2/PP2NP1P/RQB1KB1R b KQkq - 1 11,opening,h5g4,-248,h5g4:-248;b7b5:-205;d6d5:-199;b7b6:-184;c8d7:-170;a8b8:-147;g7g6:-127;e8g8:-127
r2q1br1/pp3k2/2n1bn1p/2Pp4/5B2/P1PQ2P1/4PPBP/RN2K2R w KQ - 3 16,opening,e1g1,-138,e1g1:-138;b1d2:-138;d3b5:-141;a3a4:-164;e2e3:-191;d3c2:-196;a1a2:-203;d3d1:-204
1kbr4/pp2pp2/1q3np1/n7/3PP3/1PP2P1r/1Q2BBpP/R1R3K1 w - - 1 24,opening,b2a3,-180,b2a3:-180;b2a2:-224;b3b4:-227;e2d1:-256;g1g2:-264;a1a4:-303;e2d3:-320;f2g3:-322
r3kb1r/pp2nppp/1qpp1n2/8/2NPP3/3B3P/PP3P1P/R1BQ1RK1 b kq - 2 10,opening,b6d8,345,b6d8:345;b6c7:383;b6d4:530;b6b4:598;e8c8:650;e7g6:659;h7h5:663;e7d5:674
r1bn1k1r/pp1q1pbn/3N3p/4P1pQ/2BN4/7P/PPP2PP1/3R1RK1 w - - 9 22,opening,d4f5,522,d4f5:522;f2f4:323;e5e6:304;f1e1:294;d6f7:285;d6f5:270;d4b5:243;h5f3:220
r2k3r/1bppqp2/1p2pn2/p2PB2p/2PnP3/P1NB3P/1P3PK1/R2Q1R2 b - - 2 17,opening,e6d5,109,e6d5:109;h8g8:109;f6d5:193;d4b3:198;b6b5:300;d4c2:321;d4b5:325;f6h7:332
r2q1rk1/1ppb1p1p/1n1p2p1/p3p3/P1P1P3/1PQP1N2/4B1Pb/R2NKR2 w Q - 0 17,opening,f3h2,-246,f3h2:-246;e1f2:-315;e1d2:-345;d1e3:-350;f1h1:-360;c4c5:-361;a1b1:-373;d1f2:-385
r1b2r2/1p1qbpkn/2n1p2p/p1p4P/2PpN3/PP1P1NP1/3QPPB1/2R1K2R w - - 4 17,opening,g3g4,-313,g3g4:-313;d2f4:-351;f3h4:-376;h1g1:-376;c1a1:-384;c1b1:-386;c1d1:-396;c1c2:-406
rn1k2nr/pq2p1Q1/1pppb1B1/7p/2PP2P1/1P2P2P/P2N1P2/R1B1K2R w KQ - 1 16,opening,g7h8,633,g7h8:633;g4g5:615;c1a3:559;d2e4:555;c1b2:548;e3e4:533;a2a3:522;h1g1:521
r1b2rk1/pp2bppp/1qnp4/2p1p1Pn/2P1P3/2NPBN1P/PP3P2/R2QKB1R w KQ - 1 11,opening,c3d5,0,c3d5:0;f1e2:0;h3h4:0;a2a3:-25;h1g1:-33;d1d2:-48;a1b1:-61;a2a4:-70
1r2kbnr/1pp2pp1/p1n1pq2/3p1b1p/3P3N/1QP2NP1/PP2PP1P/R1B1KB1R w KQk - 0 9,opening,c1g5,535,c1g5:535;c1f4:142;f1g2:134;e2e4:129;f3e5:126;b3a4:105;a2a3:101;f3g5:96
1r4k1/Bp3p1p/3p2p1/7n/P1P1Bn2/2N1KP1q/1PQ3r1/R2R4 b - - 4 25,opening,g2c2,-384,g2c2:-384;h5f6:-283;b8e8:-192;b8a8:-173;d6d5:-92;h5g3:-79;h3h2:-57;f7f5:-4
2kr2nr/1p4p1/p1n2b2/3p4/Pq1p1N2/R2b1N1P/1PPQ1P2/2B1K1R1 w - - 0 21,opening,f4d3,-6,f4d3:-6;a3d3:-53;c2d3:-95;d2b4:-232;f3g5:-380;f3d4:-408;e1d1:-416;f4e6:-452
r1bqk2r/1pppn1pp/2n5/p3pp2/4P3/2NPbNPP/PPP2P2/R2QKB1R w KQkq - 0 8,opening,f2e3,-3,f2e3:-3;d3d4:-330;e4f5:-400;h3h4:-403;f1g2:-404;f3e5:-404;g3g4:-406;f3h4:-416
r1bq1rk1/pp2bp1p/5np1/3pp1B1/8/1QP3P1/Pn1NPPBP/RN2R1K1 b - - 1 13,opening,b2c4,-17,b2c4:-17;d8b6:12;e7c5:190;h7h6:243;b2a4:278;f6g4:286;c8e6:287;c8f5:307
r1b2rk1/1p2ppbp/1q4p1/p2pP3/P7/2R2N1P/1PP1QPP1/2B2RK1 w - - 2 18,opening,f1d1,93,f1d1:93;b2b3:71;c3d3:64;c1g5:50;f1e1:48;c3e3:44;e2d1:39;c3b3:36
r1bqkbnr/pp3pp1/2np4/2p1p1P1/2P1P2P/2NP4/PP6/R1BQKBNR w KQkq - 0 10,opening,c1e3,74,c1e3:74;d1e2:59;d1c2:57;d1f3:57;f1e2:56;g1f3:50;d1d2:48;a2a3:44
r1bqr1k1/ppp3pp/n2p1b2/5P2/2P5/4BN2/PP2QP1P/RN2KB1R b KQ - 2 12,opening,c8f5,184,c8f5:184;c7c6:203;a6c5:223;e8e3:235;d6d5:238;c7c5:238;a6b4:253;b7b6:264
3n1r1k/1b1qp1n1/pQp2b1p/2B2Pp1/2PNB3/3PN1P1/P6P/4R1K1 w - - 4 28,opening,e3g4,403,e3g4:403;h2h3:310;d4f3:309;g3g4:305;a2a3:279;a2a4:279;e1f1:277;e1e2:273
3q1rk1/1p1b1ppp/3ppbn1/8/4PP1P/rNN1Q1P1/PpP5/1K1R1B1R b - - 3 18,opening,d8a8,-314,d8a8:-314;d8c7:-268;d8c8:-189;d7c6:-179;b7b5:-159;d8b8:-118;g6e5:-94;h7h5:-76
rn1qkbnr/1p2pp2/4b1p1/p2p3p/3P4/1N3NP1/PPP2PBP/R1BQK2R b KQkq - 2 8,opening,b8d7,75,b8d7:75;e6g4:80;f8g7:81;g8f6:82;b8c6:84;e6f5:87;d8c8:93;e6c8:99
r3kbr1/pp1q1ppp/2n1pn2/1Bp5/8/P1N1P1Q1/1P1P1PPP/R1B2RK1 b q - 3 12,opening,a7a6,13,a7a6:13;f8d6:22;a8d8:26;h7h5:39;h7h6:44;g7g5:50;e8c8:51;f8e7:55
1r2r3/4bppk/b3qn2/7p/7P/P1N1BQ2/1P1R1PP1/4K2R b K - 11 23,opening,e7d6,-522,e7d6:-522;e8d8:-519;e7c5:-513;e6c4:-511;b8d8:-503;h7h8:-495;h7g8:-489;f6g4:-488
1rbqr1k1/pp3pbp/3p1np1/P3p3/2Pp1N1P/1P4P1/3PPPB1/R2QK1NR w KQ - 0 13,opening,f4d5,-219,f4d5:-219;f4d3:-259;f4h3:-272;h4h5:-463;g1h3:-469;f4g6:-475;d2d3:-486;g3g4:-502
2r1k2r/pp1q1p2/3b1p2/2p2N1p/2P5/PP1n2P1/3N1P1P/R2Q1RK1 w k - 5 18,opening,d2e4,401,d2e4:401;d1e2:341;f5d6:302;d1f3:295;f5e3:248;f5h4:173;d2f3:44;f2f3:-4
r3k1nr/p1q5/2p2p2/4p2p/nR2P3/2PB3b/2PB1PN1/QR4K1 w kq - 3 21,opening,a1a4,344,a1a4:344;b4b7:338;g1h2:300;d2e3:283;b4a4:270;d3e2:223;d3f1:222;a1a3:204
2r2k1r/1p1b4/2pqpp2/p2n1p1p/P2P4/3B3P/1P1NNPP1/1RQR3K w - - 2 31,opening,d2c4,455,d2c4:455;d2f3:444;b2b3:442;b1a1:438;e2c3:408;c1c5:407;d3c2:402;f2f3:382
3rkbr1/p2b1p1p/1P3p2/Q2Nq3/4P3/6P1/P1P2PBP/3R1RK1 b - - 0 19,opening,a7b6,464,a7b6:464;f8e7:605;f8d6:643;g8g3:649;f8b4:710;f8h6:752;d8a8:785;e5d5:800
r6r/pp1n1kpp/2p1pn2/3p4/3P1B2/b1q1P2P/PPPNQPP1/2KR3R w - - 0 13,opening,b2a3,-145,b2a3:-145;d2c4:-531;e2b5:-741;e2h5:-755;d2e4:-99996;d2b3:-99997;d2f1:-99997;d2f3:-99997
2r1kb1r/1bqp1ppp/1pn1pn2/pP6/8/P1P1P3/1B1NBPPP/2RQK2R b Kk - 0 13,opening,c6e5,-447,c6e5:-447;c6d8:-417;c6e7:-410;c6b8:-392;c6a7:-353;f8e7:-203;f8d6:-190;h7h6:-188
r1bq1rk1/pp2ppbp/3p1np1/3P4/3Q4/P3PNP1/1BP2n1P/RN2KBR1 b Q - 1 13,opening,f2h3,-368,f2h3:-368;e7e5:-368;f2e4:-358;c8f5:-358;f2g4:-350;a7a5:-341;b7b5:-327;c8d7:-321
r1bq1rk1/1p1nbppp/2p1p3/p7/2NP1n2/2N3P1/PP1QPPBP/R4RK1 w - - 0 12,opening,d2f4,21,d2f4:21;g3f4:6;g2e4:-472;g2h1:-477;g2c6:-485;g2f3:-489;d4d5:-489;b2b4:-516
4k1nr/1pp2ppp/r1n1q3/p1b1N3/Q2p1B2/P2P2P1/1P2PP1P/RN3RK1 b k - 2 13,opening,g8e7,31,g8e7:31;f7f6:39;c5a7:83;g8f6:98;c5b6:98;e6d5:102;h7h5:142;h7h6:145
1k1rr3/ppp3p1/2b3q1/4pp1p/B7/b1B1PP1N/3P2PP/1R1Q1R1K b - - 1 21,opening,a3c5,297,a3c5:297;a3f8:309;c6a4:310;a7a6:315;b7b6:315;b8c8:322;e8e7:328;f5f4:331
4rrk1/pp3bpp/2pp4/3n1p2/q4B1P/3B1n2/4N3/1RQ2K1R b - - 0 30,opening,e8e2,-690,e8e2:-690;d5f4:-620;b7b6:-596;f3d4:-578;c6c5:-549;b7b5:-548;f3e5:-545;a7a5:-539
1q3k1r/p2rpp2/2Q4p/2p1b1p1/3p4/PbPP2PP/3BPPB1/RN2R1K1 b - - 1 22,opening,b3e6,363,b3e6:363;d7d6:364;d7c7:372;d7d8:383;b8d8:384;f8e8:428;e5g3:432;d4c3:457
r3k2r/pp3ppp/2q2n2/2b1p3/1n6/P1N1PbP1/1P1P1PBP/RQB1K2R w KQkq - 0 12,opening,g2f1,-311,g2f1:-311;g2f3:-448;a3b4:-461;b1f5:-489;h1g1:-509;g2h3:-519;e1g1:-540;g3g4:-547
rn1qk1nr/1ppb1pb1/p2p2p1/3Pp3/4P3/2NQ2Pp/PPP1BP1P/R1B2RKN b kq - 2 11,opening,c7c6,116,c7c6:116;g8h6:116;a6a5:121;b7b5:123;d8e7:126;f7f5:127;d7c8:127;b7b6:134
3rr2k/1p2npqp/2p3p1/p1nppB2/2P1P1NR/P1NP3Q/1P5R/7K b - - 1 30,opening,h7h5,505,h7h5:505;h8g8:851;f7f6:1004;g7h6:99996;h7h6:99996;c5e4:99997;g6f5:99997;e7f5:99997
r1bqr1k1/ppp2pbp/1n4p1/3np3/8/2NP1NP1/PPPBQPBP/2KR3R w - - 0 11,opening,h1e1,-137,h1e1:-137;d1e1:-142;c3e4:-143;c3d5:-157;c3b1:-167;h2h4:-190;e2e4:-212;c1b1:-235
r4rk1/pp1b1pbp/1q1p4/3B3p/4P3/4BQ2/PP3PPP/1R3RK1 b - - 0 17,opening,b6b5,252,b6b5:252;b6b4:256;d7g4:259;b6a6:261;b6a5:273;b6c7:274;b6d8:289;g7d4:333
rn1q1rk1/3b1ppp/3p1n2/pNb1p3/4P3/P2P1N1P/1PQ2PP1/R1B1KB1R w KQ - 1 11,opening,b5c3,18,b5c3:18;d3d4:-69;c2c4:-130;a3a4:-137;c2a4:-178;b2b4:-242;c2b3:-328;c1h6:-348
r3kb1r/1p2pppp/2n5/p2p1b2/1q2nB2/N3QNP1/PP1RPP1P/4KB1R w Kkq - 5 12,opening,f1g2,-430,f1g2:-430;g3g4:-436;e3b3:-439;e3d3:-444;f3h4:-453;f3e5:-473;a3c2:-489;f3g5:-493
2r2bk1/p2n2np/1q4pB/1r1PPp2/2p3P1/PbR1QN1P/1P1R1P2/5BK1 w - - 1 36,opening,e5e6,223,e5e6:223;f3d4:218;h6g7:148;e3f4:106;e3d4:81;e3e2:64;f1g2:36;h6f4:28
Qb2k2r/1bqn1ppp/pp2pn2/2p5/2P1N3/B2BPN2/P2P1PPP/R3K2R w KQk - 3 13,opening,e4d6,314,e4d6:314;a8b7:-167;e4f6:-174;a8b8:-282;a3c5:-397;a8a6:-405;e4c5:-409;f3e5:-422
r3k2r/2pqb2p/p1n1bppN/3p4/Pp1P4/2P3P1/1P1NQP1P/R1B1R1K1 b kq - 5 21,opening,c6d8,153,c6d8:153;b4c3:183;e6f7:188;e6g8:234;e6f5:264;e6h3:265;e7f8:294;c6a5:376
r1qnk2r/2p2pp1/1n5p/2b5/1p6/5NP1/1BQPPPBP/5RK1 w kq - 0 17,opening,c2c5,39,c2c5:39;b2g7:-154;f3h4:-190;f1c1:-196;e2e3:-215;h2h3:-216;f1e1:-218;f1b1:-223
r1bqk2r/1p1n1pp1/p2bpn2/8/N1B4p/4PN2/PPQB1PPP/R4RK1 w kq - 2 12,opening,c4e2,10,c4e2:10;d2c3:-11;c4b3:-12;f1d1:-15;f3g5:-19;c4d3:-53;a4c3:-82;a1d1:-88
1k1r3r/ppp2p2/2n1bn1p/2bqp2P/P1N5/3PBPp1/1PPQB1P1/R3K1NR w K - 1 15,opening,c2c3,-249,c2c3:-249;a1d1:-276;e2f1:-279;e1f1:-290;b2b3:-300;a4a5:-301;a1c1:-307;h1h4:-314
5r2/q4pbk/1B4p1/1Qpbr2p/p4P1P/P2PP2R/nP6/1N1RK3 b - - 1 30,opening,a7b7,-405,a7b7:-405;a7a8:-374;a7e7:-324;e5e3:-296;a7b8:-273;f8b8:-96;a2c3:76;d5c4:136
3qkb1Q/1pp1nNr1/4r3/pN4B1/P2p3P/3p4/1PP2PP1/1R3K1R b - - 1 22,opening,d3c2,197,d3c2:197;g7f7:303;e8f7:308;d8d7:311;d8c8:342;d8b8:418;e6h6:521;d8a8:532
r3k2r/1p3pbp/nq1pb1p1/p3p3/4P3/P1N2PP1/1PP2RBP/R1BQ2K1 w kq - 2 17,opening,d1e1,128,d1e1:128;c3d5:73;g2f1:64;c3a4:51;d1d3:49;a1b1:47;c1g5:47;d1e2:40
b2qk1nr/3nb1pp/2p1p3/3p1p2/3P4/N1P2NP1/1P2PPBP/2BQ1RK1 b k - 1 12,opening,h7h6,176,h7h6:176;g8f6:189;d8c8:191;e7a3:195;a8b7:201;d8b8:217;d8c7:219;d8a5:223
r1b2rk1/pp1nqp1p/3b1np1/3pp3/3P2P1/2PB1P1P/PPQNN3/R1B1K2R w KQ - 1 12,opening,e1f2,-145,e1f2:-145;e1g1:-150;d4e5:-152;d2f1:-155;e1d1:-168;f3f4:-187;h1g1:-188;a2a4:-189
r2q4/2p2k1p/pp4p1/2n2b2/1QP5/2N4P/PB2rPP1/R4K1R b - - 1 22,opening,d8d2,-562,d8d2:-562;c5d3:-526;e2f2:-510;e2c2:-472;e2d2:-374;a6a5:-343;e2e6:-136;e2e8:-86
2b1k1nr/1p2qp2/r1p2bp1/p3p1Bp/2P1Q2P/5NP1/PP2PPB1/R2R2K1 b k - 0 16,opening,c8f5,125,c8f5:125;e8f8:139;g8h6:154;a6a8:154;a5a4:194;c8d7:204;f6g5:216;c8e6:257
r1bqk1nr/pp2bppp/2np4/1N1N4/2P2p2/8/PP2PPPP/R2QKB1R w KQkq - 0 9,opening,b5c7,88,b5c7:88;d5c7:-166;d1d2:-316;g2g3:-317;e2e4:-321;c4c5:-333;d1c1:-335;e2e3:-355
4r1k1/p1nb3p/3p2p1/2pP4/1rP5/2Q1NqP1/P2R1N1P/4R1K1 w - - 9 34,opening,d2e2,46,d2e2:46;a2a3:31;d2d3:30;f2d1:28;c3d3:20;d2d1:5;d2c2:0;g3g4:-25
r3k2r/4p3/2q2b2/2Npn1B1/3P4/2P3Rp/2Q1B2P/5R1K b - - 5 51,opening,f6g5,516,f6g5:516;e5d7:562;a8a5:564;e8d8:597;e5c4:603;a8a3:608;a8b8:623;e5f7:623
r1b1kb1r/1p1p4/n1q3pp/p2pPp2/8/P1N1BN2/1P1Q1PPP/R2R2K1 w kq - 2 19,opening,f3d4,533,f3d4:533;c3d5:522;a1c1:496;h2h4:441;h2h3:420;d1e1:399;a1b1:377;d2e1:376
r1bqk2r/pp3ppp/8/b1PpP3/1P2n3/2N5/4NPPP/R1BQKB1R b KQkq - 0 12,opening,a5c7,456,a5c7:456;d8h4:462;e4c3:489;e4f2:499;e8g8:533;d8e7:551;a5b4:575;d8c7:583
rnbqkb1r/pp3ppp/3p1n2/2p5/P2N4/2N3P1/1PPBPPBP/R2QK2R w KQkq - 0 9,opening,d4b5,116,d4b5:116;d4b3:100;d4f3:78;d2g5:-168;c3d5:-225;d4f5:-240;d2f4:-272;d2e3:-283
r3k2r/1b1n1p2/1qpbBp2/p6p/3P4/5N1P/1PPBQPP1/R3R1K1 b kq - 1 19,opening,c6c5,389,c6c5:389;e8d8:449;b6c7:460;a5a4:475;e8e7:481;e8c8:481;h5h4:491;a8a7:494
r2qk2r/3b1ppp/4pn2/3pB3/1ppP4/b1QBPN2/P1PN1PPP/RR4K1 w kq - 0 15,opening,b1b4,41,b1b4:41;e5f6:-252;d2c4:-271;c3a3:-290;c3c4:-299;c3b3:-337;c3b4:-354;c3b2:-404
rn2kb1r/pp1bpp1p/1q1p1np1/8/3NP3/2N4P/PPP1BPP1/R1BQ1RK1 b kq - 2 8,opening,f8g7,84,f8g7:84;b8c6:88;b6a5:90;d7c6:105;b6d8:110;a7a6:127;b6c7:130;b6c5:133
r1b1kb1r/pp2pp1p/2n1qnp1/2p5/8/2N2NP1/PPPP1PBP/R1BQ1K1R w kq - 2 8,opening,a2a4,-47,a2a4:-47;h2h3:-48;d2d3:-50;f1g1:-50;d1e2:-74;d1e1:-74;a2a3:-74;h2h4:-78
BR1qk2r/p2r1ppp/2p2n2/7b/P7/B3PP2/2P1Q2P/1R4K1 b - - 6 25,opening,d7d6,756,d7d6:756;c6c5:790;f6d5:797;d7c7:798;h5g4:848;f6e4:869;f6g8:925;h5g6:951
2kr3r/pp2bpp1/q1np1n2/2p1p1Bp/2N1P3/3P1N1P/PPP2PP1/R2QR1K1 b - - 1 14,opening,f6h7,114,f6h7:114;c8b8:140;h8e8:140;d8d7:154;f6g8:163;g7g6:166;a6a4:168;f6d7:175
rn1qk2r/5ppp/1Pp1pn2/p2P4/3Pb3/PN3N2/1P3PPP/2RQR1K1 w kq - 1 16,opening,b6b7,176,b6b7:176;d5e6:157;e1e4:9;d5c6:-207;b3c5:-244;d5d6:-244;c1c5:-263;f3e5:-278
r4k1r/5pp1/1p1N1n1p/p2q1N2/P3n3/6PB/1P1BQ3/3R1RK1 b - - 4 29,opening,e4d6,630,e4d6:630;e4d2:645;h6h5:660;d5e6:686;g7g6:708;d5c5:712;g7g5:712;d5e5:723
r1b2rk1/pp1nbppp/2p1pn2/q7/3P4/P1NB1N1P/1PPB1PP1/R2Q1RK1 w - - 1 12,opening,f1e1,126,f1e1:126;d1e2:109;d2f4:96;g2g4:94;b2b4:92;c3e4:91;d1e1:85;a3a4:82
r1b1k1nr/pp2bppp/1qnp4/4p3/2B1P3/5N1P/PPP2PP1/RNBQK2R w KQkq - 4 8,opening,e1g1,76,e1g1:76;b1c3:59;c4b3:57;d1e2:54;c4d3:52;b2b3:52;a2a4:47;d1d3:43
2r1kb1r/pQ1qpppp/5nb1/P7/4p3/2N1N1P1/1P3PBP/R1B2RK1 w k - 1 17,opening,a5a6,534,a5a6:534;b7b3:521;b7a6:507;c3e4:502;b7d7:475;b7b4:462;b7b5:453;g2e4:110
4k2r/4ppb1/R2r4/1p1n4/3q3p/2NP1Q1P/1P1B1PP1/4R1K1 b k - 0 27,opening,d6d8,306,d6d8:306;d5c7:364;d6a6:375;d5f6:505;d5b4:505;d5f4:520;g7e5:566;d4c5:568
r3k1nr/1b3pb1/1q1pp1pp/1P6/p7/P3PN1P/1P2BPP1/R1BQ1RK1 w kq - 0 15,opening,c1d2,166,c1d2:166;f3d2:145;d1d3:144;e3e4:140;f3d4:139;a1b1:131;e2d3:130;f1e1:117
3rkb1r/1p3pp1/2pp3p/p2PpQ2/1nq5/2N1B2R/P3NPP1/1R3K2 w k - 6 23,opening,e3b6,305,e3b6:305;d5c6:237;b1d1:202;e3g5:199;h3g3:181;f1g1:169;e3d2:163;h3f3:153
r1bqkbnr/8/1p1p2pp/p1nNpp2/2P1P3/3BBN1P/PP3PP1/R2Q1RK1 w kq - 0 12,opening,e4f5,322,e4f5:322;e3c5:308;d3c2:268;f3h4:222;d3b1:211;f1e1:208;d1c2:203;b2b4:190
r1b2rk1/pp3pp1/3qpn1p/3p4/3P2nP/PN4P1/1PQNPPB1/2R1K2R b K - 1 16,opening,g4e3,-178,g4e3:-178;g4f2:-98;b7b6:-52;c8d7:-49;a7a5:-22;d6b8:-14;h6h5:-13;d6d8:-12
r1bq1rk1/p2pbppp/np2pn2/2p5/2PP4/2N2NPB/PPQ1PP1P/R1B2RK1 b - - 1 8,opening,d7d5,-31,d7d5:-31;a6b4:-13;c8b7:-7;c5d4:8;d7d6:43;h7h6:59;f8e8:77;a6c7:83
r1bqr1k1/pp1n1ppp/3Bp3/1N6/2P1n3/P1P1P3/6PP/R2QKB1R w KQ - 1 16,opening,f1d3,-80,f1d3:-80;d1d4:-98;f1e2:-124;a1a2:-162;d1c2:-170;h2h4:-171;g2g3:-180;d1f3:-187
r1b2rk1/pp1pbppp/4pn2/2q5/2PNPB2/7P/PPQ2PP1/RN2KB1R b KQ - 0 11,opening,c5d4,68,c5d4:68;f6e4:323;d7d5:362;e6e5:370;c5b6:380;f8d8:382;b7b5:400;b7b6:405
3r1rk1/p4p1p/bp3p2/3Q4/1bP2q2/1P1B1NP1/P4P1P/3R1K1R b - - 0 20,opening,f4h6,-106,f4h6:-106;d8d5:0;f4g4:75;a6c8:200;f4d6:244;f4b8:260;f4c7:292;f4c1:328
r1bq1rk1/pppn1ppp/5n2/3p4/3P4/P2B1P1P/P1PB2P1/R2QK1NR b KQ - 2 9,opening,c7c5,-66,c7c5:-66;f8e8:-61;f6h5:-59;d7b6:-53;d8e7:-44;h7h6:-40;a7a5:-37;f6e8:-36
r4rk1/1p3ppp/n1pp1n2/p1b1p1N1/2P1P2q/P1NP4/1PQ2PK1/R1BB1R2 b - - 5 15,opening,f6g4,228,f6g4:228;f6h5:243;h4h6:278;h7h6:320;a6b4:348;c5e3:381;f6d7:382;b7b5:397
1r2k2r/1p1b1pq1/p1nppb1n/2p5/2P1P2P/2NPQNPB/PP3P2/2R2K1R b k - 3 18,opening,b7b5,-387,b7b5:-387;c6d4:-386;c6e5:-377;h6g4:-361;b7b6:-350;h6g8:-348;e8e7:-347;b8a8:-346
rnbq1rk1/pp3pp1/3b3p/3np3/8/2NP1N2/PPP2PPP/R1BQK2R w KQ - 0 11,opening,c3d5,-72,c3d5:-72;c1h6:-469;c3e4:-479;f3d2:-482;e1g1:-486;d3d4:-487;c3b5:-493;g2g4:-503
r2qkbnr/pp3ppp/2n5/2p2b2/1P1p1B2/P5P1/2P1NPBP/RN1Q1RK1 b kq - 3 10,opening,f8e7,22,f8e7:22;g8f6:24;a8c8:57;f8d6:58;f5e6:61;d8d7:65;f5g4:91;g7g5:105
r3kb1r/pp2pppp/2n2n2/3p4/3q4/2N2BPP/PPPB1P2/R2QK2R w KQkq - 2 11,opening,c3b5,-78,c3b5:-78;e1g1:-86;c3e2:-119;d1e2:-120;f3g2:-122;a2a4:-127;d2f4:-129;a1c1:-142
r1b1r1k1/p3qppp/5b2/P2p4/R3n2P/2P2QP1/4N1P1/3NKB1R b K - 4 21,opening,e7c7,-568,e7c7:-568;a8b8:-561;e7c5:-552;c8a6:-539;e7d6:-536;e7f8:-531;e7b7:-529;e7d8:-525
r3k1nr/pp2ppbp/3pB1p1/2q5/3nP3/2NQ1N2/PP3PPP/1RB1K2R b Kkq - 0 11,opening,d4f3,-88,d4f3:-88;f7e6:-66;d4e6:-62;a8d8:427;a7a6:428;d4c6:453;a8b8:454;h7h6:462
3rr1k1/pp2bpp1/7p/1q1P4/b4Pn1/PpR1B1P1/1P1Q3P/4KR1B b - - 1 23,opening,e7c5,-821,e7c5:-821;e7f6:-814;e7a3:-806;g4e3:-719;e7d6:-700;e7f8:-661;h6h5:-634;d8c8:-629
r1b2rk1/pp2q1p1/3b1n1p/3Ppp2/2R1P3/P2QB2P/1P1N1PP1/5K1R b - - 3 19,opening,f5f4,-617,f5f4:-617;f5e4:-517;e7f7:-496;b7b6:-488;g8h8:-482;b7b5:-481;f8f7:-481;f6h5:-478
r2qk1nQ/pp2bp1p/8/5b2/2N5/4P1P1/PPnP1P1P/RNBK1B1R b q - 0 13,opening,d8d5,294,d8d5:294;e8f8:345;c2a1:400;a7a6:441;d8c7:484;a8b8:500;h7h6:508;c2b4:508
rn1q1rk1/pp3p2/3p1npb/2p1p2p/2P1N3/1P1BPNPb/PB1P1P1P/2RQK2R b K - 6 10,opening,f6e4,-87,f6e4:-87;f6h7:-63;f6g4:-63;f6d7:-52;f6e8:-52;b8c6:-51;b8a6:-48;h3d7:-38
r3r1k1/bp4pp/p1n1bn2/4p3/1P1p3Q/P1NBBN2/2P3PP/1R1R2K1 b - - 1 19,opening,d4e3,411,d4e3:411;e6f7:468;h7h6:489;c6e7:506;e6a2:518;c6b4:521;h7h5:522;a8d8:534
r1bq1rk1/pp2bppp/4p3/2Pp4/1n1P2n1/2N1BN2/PP2BPPP/R2Q1RK1 w - - 3 12,opening,e3f4,134,e3f4:134;e3d2:108;a2a3:101;e3c1:93;e2b5:74;d1a4:74;a1b1:71;a1c1:71
r4r1k/2q1bp2/B1p1pn1p/p1n1N2P/4pP2/PP6/1BQN4/2KR2R1 b - - 0 21,opening,h8h7,361,h8h7:361;f8g8:362;a8b8:368;e7d6:386;c7b6:419;a8d8:421;c5a4:460;a5a4:468
r2qk2r/pb1nppbp/2n3p1/1N1p4/Q7/5NP1/PP1PPPBP/R1B1K2R w KQkq - 3 11,opening,d2d4,111,d2d4:111;e1g1:84;d2d3:80;a1b1:68;b5d4:52;h2h4:33;b5c3:24;b5a3:11
r1bqkb1r/pp1n1pp1/2p1pn1p/3P4/8/2N1PN1P/PPQP1PP1/R1B1KB1R b KQkq - 0 7,opening,e6d5,14,e6d5:14;f6d5:42;c6d5:93;e6e5:179;d7b6:223;d7b8:237;d8e7:249;f8d6:278
8/2Q2p2/1K3P2/1Q1p3p/P2Pp3/1q6/4P3/kq5q b - - 0 7,opening,h1g1,-645,h1g1:-645;h1d1:-631;b3b5:-630;e4e3:-627;a1a2:-621;b1b2:-614;h1c1:-605;h1f1:-596
r1bqkb1r/1p3pp1/p1N2n2/3pp3/6Pp/N6P/PPP1PPB1/R1BQ1RK1 b kq - 0 10,opening,b7c6,48,b7c6:48;d8c7:185;d8d6:226;d8d7:354;d8b6:404;c8g4:580;e5e4:603;f8a3:606
