fen,phase_bucket,best_uci,best_cp,moves
nrnnkrn1/p1ppp3/6pp/1p1q1pP1/1PP5/2NN1P2/P2PP2P/NR2KRNQ b - - 2 7,opening,d5c4,18,d5c4:18;d5d4:70;d5f7:79;d5e6:114;d5b7:156;d5c6:164;d5d6:191;b5c4:510
nnr1rkqb/p5pp/1p6/3pppb1/2p4P/1NP1PBP1/PP1PKP2/1NR1R1QB w - - 0 9,opening,f3d5,602,f3d5:602;h4g5:227;b3d4:211;b3a1:137;f3g2:134;g3g4:106;g1h2:55;b1a3:22
bbqk1rrn/pp1p1ppp/2p2p2/8/1P2P3/7P/P1PP1PP1/1BQKNRRN b - - 0 4,opening,c6c5,-91,c6c5:-91;f8e8:-87;h8g6:-81;b7b6:-80;b8h2:-64;d7d5:-21;h7h5:3;c8c7:16
r1nkr2n/p1p1q1p1/n2pP2n/Np3p1p/4P3/2P2NP1/PP2RP1P/RN2K1QN b - - 0 13,opening,e7e6,180,e7e6:180;e8f8:558;c7c5:581;c8b6:587;e8g8:626;c7c6:675;e7d7:740;g7g6:99999
r2k4/n1ppp1r1/pn1Nq3/1p2P1p1/1PN1PpPp/1P3P1P/1NPK4/NR1Q2R1 b - - 0 22,opening,e7d6,297,e7d6:297;b5c4:342;b6c4:393;a7c6:448;a6a5:461;g7g6:470;g7g8:480;a7c8:494
kbr2r2/p1p1bp1q/3p2p1/Pp1p1B1p/1P1RPb2/2P4P/5PP1/KBR1B1QB w - - 12 22,opening,f5c8,420,f5c8:420;f5d7:359;g1f1:317;e4d5:293;e1d2:292;g2g3:285;c1d1:282;d4d5:199
rrq3k1/4n1b1/pp1p4/n1p1p1pp/2P3p1/2NPPP1P/1P1KB3/R2RQ1N1 b - - 2 21,opening,a5b3,-282,a5b3:-282;g4h3:-278;e7c6:-243;d6d5:-231;e5e4:-224;g4g3:-221;h5h4:-205;e7f5:-205
b1brbrbq/1pk2pp1/p2p4/2p4p/5P2/2P3P1/PPKPR2P/B1BRB1BQ b - - 0 8,opening,e8c6,-554,e8c6:-554;g8h7:-536;b7b6:-534;c8f5:-534;e8a4:-533;h8h7:-513;b7b5:-465;e8b5:-348
1bk1qb1r/2p1pp1p/1p2br2/p5p1/P2P1PP1/4pQ1B/1PP1P2P/BB2K1RR w - - 2 16,opening,b2b3,-86,b2b3:-86;h3g2:-100;f3e3:-167;d4d5:-230;c2c3:-251;b1a2:-253;g1g3:-262;f4f5:-293
k1qbrbrb/pp3pp1/2pb3p/3p4/1PB5/5B2/P1PP2PP/KBQ1R1RB b - - 3 8,opening,g7g6,-323,g7g6:-323;e8e1:-314;d8g5:-306;d8f6:-285;d6e5:-268;g7g5:-265;d5c4:-259;e8e5:-247
n1nkqrrn/2pppp1p/1pn5/p7/3N4/2NPP2p/PPP2PP1/2NKQRRN w - - 0 7,opening,d4c6,86,d4c6:86;g2h3:12;h1g3:4;g2g3:-2;g2g4:-36;f2f4:-353;c1e2:-362;c1b3:-379
r1b1qb1r/bbp4p/pp6/3kpBPp/PP6/3P1PR1/2PKP3/R1B1Q1B1 w - - 2 22,opening,e2e4,-46,e2e4:-46;g5g6:-80;c2c4:-118;f5c8:-140;f5e4:-158;f5h3:-195;b4b5:-199;a4a5:-206
b2qkbrb/ppr2ppp/2p1p3/3p2b1/1PP2B2/4P2P/P2P1PP1/1QRBKBRB w - - 1 8,opening,f4g5,378,f4g5:378;f4c7:337;b1h7:303;g2g3:219;c4d5:198;g2g4:192;f1e2:151;c4c5:118
knrnqr1n/pppppppp/4n3/8/5P2/2P1N3/PP1PP1PP/KNR1QNRN b - - 0 5,opening,e6f4,-108,e6f4:-108;f7f5:12;g7g6:41;c7c6:57;f7f6:72;c7c5:81;d7d5:106;d7d6:113
nnn3rn/p2p1qp1/1ppk1pQp/8/2PP1P2/P5P1/1P3NRP/NNN1K2R b - - 0 21,opening,h8g6,-405,h8g6:-405;f7g6:-401;g8e8:402;f7c4:408;f7e6:507;d6e7:525;f7e7:527;f7e8:556
kqrbn1rb/1ppnpppp/p7/3P4/8/5N2/PPPP1PPP/KQRB1NRB w - - 0 4,opening,c2c3,176,c2c3:176;g2g3:164;f3g5:163;f1e3:161;d2d4:158;g2g4:139;h2h4:131;f3e1:127
6b1/k2P1pr1/ppb2bp1/4p1Pp/P1P2P1P/1KP5/1Q1P2qB/B2RB1R1 w - - 1 22,opening,g1g2,729,g1g2:729;g5f6:552;b3a2:543;d7d8q:531;d2d4:511;d2d3:505;d1b1:486;e1f2:478
1k1r2b1/p2b1p1p/3r2Q1/2p2b2/Pp2pP2/5b1P/KP1B3B/B1B1R3 w - - 0 23,midgame,g6d6,387,g6d6:387;g6g7:-128;g6g1:-157;g6g3:-208;g6g8:-452;g6f5:-462;g6g5:-486;b2b3:-590
br2r2b/1p2pqb1/2pb2pk/pQ1pPp1p/PP1P1P2/2P2B2/1B3KPP/1R2RB1B w - - 5 14,opening,b5b6,222,b5b6:222;b5a5:207;b5d3:129;b5e2:48;f3d5:15;e5e6:-94;e5d6:-391;g2g4:-428
k1rb1r1b/3p4/4pqbp/ppp2p2/P1P2P2/3P4/1P2P1PP/K1RBBBRB b - - 0 11,opening,f6b2,-99999,f6b2:-99999;f6d4:-523;b5b4:-474;a8a7:-424;b5c4:-415;d7d5:-396;c8b8:-384;b5a4:-378
1bqb1knr/rp6/2p1B2p/p2p1pp1/PP2p1P1/4PN2/1QPP1P1P/RB2NK1R w - - 0 14,opening,e6c8,814,e6c8:814;e6f5:445;f3d4:433;f3g5:341;g4f5:337;b2h8:252;e6g8:221;f3h4:48
rbrb1bbk/pp1p2pp/2p1ppq1/Q6P/3P4/1P4P1/P1P1PP2/RBRB1BBK w - - 1 7,opening,h5g6,-117,h5g6:-117;c2c4:-289;a5d2:-291;a2a3:-298;b3b4:-303;a5e1:-324;a2a4:-331;a5c3:-343
qbr1n2b/p3r1p1/1p1pk3/2pnp2p/2P1pPPQ/1P1P4/P6P/1BRRNKNB w - - 0 19,opening,c4d5,519,c4d5:519;f4f5:366;e1g2:366;h1e4:320;d3d4:297;g4h5:275;g4g5:271;e1c2:262
rn1rkq1n/3p1Npp/N4n2/pp6/PP1P1P2/2P5/1n1KP1PP/RN1R1Q1N b - - 0 13,opening,e8f7,-214,e8f7:-214;f8f7:-202;d8c8:-172;b2c4:-147;f6e4:-112;b8a6:-45;b2d1:-32;a8a6:6
brqk1bb1/pp1p2b1/B4p1p/1rp3p1/4PP2/2BP2QP/P1P3P1/2RKR1BB b - - 0 13,opening,b7a6,-330,b7a6:-330;b5b6:-66;g5f4:168;b5b4:189;b5b1:214;b5b2:225;b5b3:331;f8d6:337
1br3r1/k1bpp3/p1q4b/2p3pP/1P2B1B1/P1P1P1P1/3P4/K1Q1RBR1 w - - 5 18,opening,e4c6,647,e4c6:647;f1g2:354;c1c2:307;e4f3:286;g4f3:280;e4g2:278;c1b1:276;e4h1:246
br3rb1/2pk1np1/3p1qn1/1p2p2p/P2PN3/5P2/NPP2BPP/BRK1QR2 b - - 1 18,opening,a8e4,-286,a8e4:-286;f6f4:-117;f6e6:-104;f6f5:-87;f6e7:-35;f6d8:-32;g6f4:399;f7g5:440
qkbb1rnr/ppp1ppp1/3p1n2/7p/PP5P/2P5/3PPPP1/QKBBNRNR b - - 0 4,opening,a7a5,3,a7a5:3;g8h6:26;e7e5:30;e7e6:40;c7c6:42;f6d7:43;f8e8:47;b7b6:49
1r3q1n/3k4/1pp1n2r/pn2pppP/PPPNp3/5P2/2P3NP/NR1QRK1N w - - 1 22,opening,d4e6,390,d4e6:390;d4b5:364;d4c6:285;c4b5:279;a4b5:271;d4f5:269;d4b3:223;d4e2:128
rqbk1r2/pppBpp2/2n2n2/4b1pp/1P6/6PN/P1PPPP1P/RQBNKR2 w - - 1 8,opening,d7c8,27,d7c8:27;d2d4:-75;d7c6:-80;c2c3:-151;h3g5:-155;b4b5:-192;f2f4:-195;h3g1:-247
2nkr2n/pnp5/n6p/P2pprp1/pP1P1p2/2R4P/2qNPPP1/1N2KRQN w - - 0 19,opening,c3c2,181,c3c2:181;h1g3:-244;f2f3:-457;e2e4:-499;b4b5:-501;g2g4:-567;d4e5:-579;e2e3:-619
2r1qb1k/1r2pbp1/1p2Qp2/p1p1n2p/1P1BP2P/3P1PK1/P1P1N1P1/N1RR1B2 b - - 3 17,opening,f7e6,-646,f7e6:-646;e5f3:-299;e5d3:-264;c5d4:-263;a5b4:-207;c8d8:-184;b7b8:-149;b7d7:-139
bqkbrnr1/pppp1ppp/8/4p3/2P2n2/P4P2/1PQPP1PP/B1KBRNRN b - - 1 4,opening,b7b5,-24,b7b5:-24;f4e6:-19;d7d6:-17;a7a5:-1;g7g6:0;a7a6:6;d8h4:14;f8e6:18
bnqr1nrk/1ppb1p1p/p7/1P1pp1p1/P2P4/4PP2/2P3PP/BNQRBNRK b - - 0 6,opening,a6b5,227,a6b5:227;b7b6:255;h7h5:264;h7h6:265;d7e6:280;f8g6:281;g8g6:291;f7f5:324
1b1kr2r/5pp1/2b4p/p3p3/2P1RQP1/PP1p4/3P2qP/B1BK3R b - - 1 19,midgame,g2h1,-99996,g2h1:-99996;e5f4:-923;c6e4:-858;b8a7:-797;f7f5:-723;f7f6:-707;g2e2:-697;b8c7:-640
k2q1rrn/1p1N3n/4p1p1/1nP4P/p4p2/P1P1P2P/3P1P1R/KNN1QR1N b - - 2 21,opening,d8d7,270,d8d7:270;b5a3:451;g6h5:521;h7g5:539;h7f6:540;f8f5:542;f8e8:567;a8a7:590
knrnq3/1pppp2n/6r1/p2P2Pp/7N/P1P3N1/1P2PPP1/KNRNQ2R b - - 0 11,opening,g6a6,625,g6a6:625;g6g5:638;h7g5:652;g6b6:653;b7b5:660;g6d6:669;b8a6:674;g6g8:679
k1r1Nn1n/ppp1pq1p/2p2p2/5np1/6P1/1P2NR2/n2PP2P/KN3R1N b - - 2 17,opening,f5d4,-759,f5d4:-759;f5e3:-725;f7e8:-643;c8e8:-631;a2b4:-622;f5h6:-599;b7b5:-596;f8d7:-589
rnq1r2n/p1p2pkp/3p2p1/1p2pb2/1PP3PP/8/PNQbPP2/R2BBRKN w - - 0 11,opening,c2d2,377,c2d2:377;g4f5:283;c2b3:149;e2e4:118;b2d3:-86;c2f5:-315;e1d2:-387;c2b1:-460
bkr2qbr/p2pbp1p/1p4p1/1Bp1p3/1b2P1B1/5P1P/P1PP2P1/BKR1Q1BR w - - 0 9,opening,b5d7,231,b5d7:231;a1e5:222;a2a3:147;f3f4:137;g1h2:130;g4d7:92;e1e3:9;e1e2:4
r2bb1kq/pQpppr1p/nn6/1N3pp1/PP1P2P1/1N6/2P1PP1P/R2BBRK1 b - - 0 9,opening,a8b8,271,a8b8:271;d7d5:272;f5f4:273;d7d6:273;h7h5:279;c7c6:281;e7e6:297;f7f6:298
qnk1nr1r/p2ppn1p/1p3p1n/6pP/1PpP4/2N1P3/PQP2PP1/1NK1NRNR w - - 4 8,opening,e3e4,46,e3e4:46;e1f3:10;g1e2:5;b4b5:3;a2a4:3;b1d2:2;b1a3:-16;d4d5:-21
nnkrrq1n/p1p2ppp/Pp1p1n2/4p3/2P1P3/5NP1/1P1P1P1P/NNKR1RQN b - - 1 9,opening,f6e4,-240,f6e4:-240;h8g6:-171;b8a6:-171;c7c5:-164;c7c6:-145;d8d7:-136;h7h5:-123;f8e7:-103
knrnq2r/pp2ppp1/3p4/2pP4/2Q1PPpn/nNNN4/PPP4P/K1R3RN b - - 1 19,opening,a3c4,-784,a3c4:-784;b7b5:-617;a7a6:-93;h4f3:-72;h4g2:19;h4f5:38;e8b5:82;b8d7:88
br1k2b1/2p1rpb1/p3p2q/B2p2p1/P1P1PP1p/BRP4P/1R4P1/Q2K1B1B b - - 2 18,opening,b8c8,404,b8c8:404;b8b3:416;b8b6:542;b8b7:583;h6h5:587;b8b5:600;a8b7:617;d8d7:633
1brnb2n/p1p1kprp/2q1p1pB/Pp1p4/1P1P2P1/5P1P/2P1P1R1/QBRN1K1N b - - 2 11,opening,g7g8,206,g7g8:206;e7f8:336;g6g5:473;f7f6:496;f7f5:525;c6d6:557;e8d7:563;c6c4:569
b1rb1bbr/k1p1qp1p/2Ppp1p1/pp6/3P2PQ/5P2/PP2P2P/BKRB1BBR b - - 1 9,opening,e7h4,-322,e7h4:-322;d6d5:81;a7b8:349;a7a6:389;c8b8:471;f8h6:606;a8c6:661;f8g7:666
1rnknrqn/2ppp2p/n4Np1/pp3p2/2N5/2P5/PP1PPPPP/R1NKNR1Q b - - 1 7,opening,e8f6,-430,e8f6:-430;f8f6:-400;g8c4:-348;e7f6:-342;g8e6:-219;g8f7:-160;g8g7:42;b5c4:321
qn2kr2/1pp1pppr/p4n1p/3p3n/1P1PP1NP/N1PN2R1/n2K1PP1/QN3R2 b - - 2 18,opening,f6e4,-19,f6e4:-19;d5e4:32;a2b4:121;h5g3:127;b7b6:179;a2c1:200;f6g4:202;a6a5:208
1n1kr1nn/p1r2p1p/3pP1n1/Pp6/2P3PR/1P1PP3/4N1q1/1NNKR1N1 b - - 0 21,opening,g6h4,-694,g6h4:-694;f7e6:-633;b5c4:-618;e8e6:-582;b8c6:-577;g8f6:-570;b8a6:-567;g2a8:-552
1b1nbkr1/p1rp1npp/1p3p2/2pqP3/4PP2/2N3PP/PPP3R1/QBR1BK1N b - - 2 8,opening,d5c4,138,d5c4:138;d5b7:185;d5e6:190;d5c6:203;d5d4:219;d5a8:222;d5e5:534;d5e4:582
r1b1kbr1/2q1pp2/1ppp1n2/p1n2Ppp/1PNP4/P1B5/2P1P1PP/RN1QKBR1 w - - 1 12,opening,d4c5,185,d4c5:185;b4c5:66;b4a5:-125;c4b6:-197;c4d6:-224;c4d2:-239;e2e3:-242;g2g3:-251
qrkrn1nn/1pp2ppp/p2pp1n1/8/3N1N2/4N3/PPPPPPPP/QRKR3N b - - 1 5,opening,g6f4,-410,g6f4:-410;d6d5:-87;e6e5:-84;b7b5:-83;c7c5:-77;g6e7:-74;b7b6:-71;g8e7:-71
rb2r3/1p1pp1pk/6q1/p1p2p1p/P2BB3/1b1P1P1K/1PPBP1P1/R1RBQ3 w - - 9 17,opening,c2b3,357,c2b3:357;e4b7:305;d4e3:288;d4f2:262;d4c5:252;e4d5:248;g2g3:208;d4g1:201
r2kqnbr/np1N2p1/p2b4/2p2p1p/2PpPPQP/PR4P1/BP1P4/4KNBR w - - 9 19,opening,g4g7,-182,g4g7:-182;g4g5:-305;d7f6:-351;g4f5:-389;g4e2:-404;d7c5:-423;g4d1:-445;g4h3:-473
nnr2nr1/pp4pp/2p1pkn1/2Pp3q/P5p1/NP6/2RPPP1P/NN1QK1RN b - - 5 16,opening,h5h2,-314,h5h2:-314;f8d7:-231;a8c7:-231;f6f7:-228;f6e7:-227;b8d7:-222;c8e8:-204;e6e5:-198
1r1rq1k1/ppn2p2/n2p1pnp/2p1p3/5nPP/PP3PN1/2PPPQ2/1NRR1K2 b - - 2 17,opening,g8f8,-472,g8f8:-472;e8d7:-466;g6e7:-462;c7e6:-460;d6d5:-458;g8h8:-456;f4e6:-455;e8f8:-447
k2b1nr1/1p1p1pn1/p1r1p1pp/2p1P3/P2Pq2P/2PQ4/KP2P1P1/2RBNNRB w - - 0 12,opening,d3e4,778,d3e4:778;g2g3:619;g2g4:578;e2e3:524;c1a1:487;e1f3:481;c3c4:479;f1d2:478
2nk1r1r/ppppNn2/1n1n2p1/q4p1p/P1P2PN1/1P5Q/3PP2P/N1NK1R1R w - - 3 17,opening,e7g6,-262,e7g6:-262;e7c8:-311;e7f5:-359;h3d3:-387;g4e5:-397;g4f2:-421;g4f6:-422;e7c6:-428
kb1br1r1/pqbp1p2/2p2b2/Pp2p1p1/3PPP1p/1P4PP/1KP1B3/1BQBR1RB w - - 2 12,opening,b3b4,-145,b3b4:-145;b1a2:-158;e2f3:-161;c2c3:-169;c1d2:-198;c2c4:-205;e2d3:-219;e1f1:-224
2rqk1r1/b2b1p1p/1p3npQ/p1pp1N1n/P1P1p1P1/3BP3/1P1P1P1P/B1R1KNR1 w - - 14 19,opening,f5d6,182,f5d6:182;g4h5:-81;d3e2:-228;g4g5:-236;f5e7:-247;f1g3:-296;c4d5:-298;b2b3:-332
nrnnk1rn/1pp3p1/4pq1N/p2p3p/7P/PN3P2/1PPPP1P1/1RN1KQRN b - - 0 7,opening,g7h6,-330,g7h6:-330;f6h6:-289;g8f8:-265;f6h4:174;f6g6:317;e8f8:328;c8e7:334;a5a4:338
1rn2rkq/1n2n3/5ppp/1ppNp3/pP1PP1PP/3P1PN1/1N6/1R2KRNQ b - - 0 19,opening,e7d5,113,e7d5:113;e5d4:162;c5d4:174;f6f5:216;c5c4:227;a4a3:233;f8d8:237;c5b4:254
nnr1k2n/2pqp3/pp1pn1rQ/P6p/4p1p1/1N5P/1PPP1PP1/1NRK1NRN b - - 1 12,opening,g6h6,-698,g6h6:-698;g6g8:-9;e8f7:21;e6g7:175;d7b5:208;b6a5:213;c7c5:222;g4h3:224
rrnq1k2/1pp1p3/5np1/p1Np1P1p/PPbBBb2/8/R1PPP2P/1R1QNK2 b - - 1 12,opening,d5e4,-372,d5e4:-372;f8g8:-185;d8d6:-183;f8e8:-154;d8e8:-104;f8f7:-58;a8a6:-25;c4a2:119
k1rbbrqb/1p1ppppp/p7/2p5/2P5/PP4bP/K1BPPPP1/2RBBRQB b - - 2 6,opening,g3d6,88,g3d6:88;g3b8:97;g3c7:142;g3f4:162;g3e5:174;g3h4:207;g7g6:228;f7f5:228
q1b1r3/1p1p1k2/1b2p3/p1p3pp/1PP3P1/P2B4/B2PPP1P/2B1RKBR w - - 0 14,opening,g4h5,406,g4h5:406;f2f3:386;h2h4:371;b4c5:354;b4b5:348;a2b1:343;d3e4:335;h2h3:331
qbb1rkbr/1p1p1p1p/pBp5/4p1P1/Pb1P4/7P/BPP1P1P1/Q1BBRK1R b - - 0 8,opening,b4e1,161,b4e1:161;a6a5:167;b8a7:181;d7d5:182;h7h6:184;e5d4:187;e5e4:205;h7h5:215
1b1rkr2/p1ppp1b1/4b1p1/1P3p1p/P4B1P/B4B2/1PRP4/QB1K4 w - - 2 21,midgame,b1a2,567,b1a2:567;a3c5:546;d1e2:540;c2c1:532;c2c5:498;a4a5:494;f4c7:484;f4h2:463
n2rqr2/5p2/p5Nk/1p1bp2p/1PppP1P1/PBR4P/2PP1Q1b/N1B1RK2 b - - 4 21,opening,f7g6,-243,f7g6:-243;h6g6:137;d4c3:278;f8g8:285;h2g1:291;h6g7:298;h2g3:359;c4b3:368
nn3r1r/p3kqpp/1ppp1N2/4pp2/2P2nn1/4P3/PPN3PQ/N3KR1R w - - 0 21,opening,f6g4,-392,f6g4:-392;h2g3:-638;h2h7:-649;h2g1:-670;f6d5:-691;h2f4:-704;f1f4:-731;c2d4:-749
n2rr2n/1k5p/2p2p2/ppp1p3/4P1p1/1N1PR1NP/P1P2qP1/1NKR1Q2 b - - 0 22,opening,f2e3,-212,f2e3:-212;f2f1:278;f2f4:357;f2g3:620;f2g2:677;g4h3:694;f2c2:695;d8d3:708
br1brbkb/ppqp1ppp/8/2p5/PPP1pP2/8/3PP1PP/BRQBRBKB b - - 0 5,opening,c7f4,-149,c7f4:-149;b7b5:-135;g7g5:-133;c5b4:-128;b7b6:-127;g7g6:-117;b8c8:-114;f7f5:-81
b1r1br2/1p1pp2k/p7/2b3p1/1qPPPPQp/7K/p4BP1/B1R2R1B w - - 1 20,opening,d4c5,435,d4c5:435;f4g5:386;g4g5:339;f2h4:318;g2g3:316;f2e3:314;c1e1:236;f4f5:225
b1b1qb1r/p1kp3p/4B3/1p2p3/3P3P/1PP3r1/1Q2PP2/B1bK1BRR b - - 3 12,opening,c1b2,-690,c1b2:-690;a8h1:-550;g3g1:-506;e8e6:-414;h8g8:-389;g3g6:-388;f8a3:-343;c7b8:-327
bk2rqrn/3ppp2/1p6/p1p3pP/2n5/1PP1P1bP/P1KPBP2/B1N1RQRN b - - 2 10,opening,c4d2,246,c4d2:246;c4a3:290;c4e3:294;g3h2:309;a8e4:318;g3h4:329;g3c7:360;a5a4:377
b1brr1qb/2kp2p1/pp1b4/2p1pp1p/2PPP3/1P2BP2/P3B1PP/BKR2RQB w - - 0 10,opening,d4c5,300,d4c5:300;d4d5:143;d4e5:107;c1d1:-78;g2g3:-101;f1d1:-102;g2g4:-128;c1c2:-142
1bbkq1rr/p2p3p/7b/1p2Bpp1/1p2b1P1/3P1P2/P1P1P2P/1BBKQB1R w - - 0 13,opening,e5f6,118,e5f6:118;e5b8:52;e5h8:-32;e5d4:-266;e5b2:-266;e5a1:-284;e5g3:-285;d3d4:-358
kn1nrq1n/p2pp3/1pr1npp1/2p4p/1PP4P/N7/P2PPPP1/KN1RRNQN b - - 0 9,opening,c5b4,-278,c5b4:-278;d8b7:-42;f6f5:-40;c6c8:-37;h8f7:-36;d7d6:-32;f8g7:-25;g6g5:-22
1k2n3/q1r1N1br/p1p2p2/1p4pp/1P3PP1/6nP/PKPP4/QN2RBR1 b - - 0 19,opening,a7g1,-314,a7g1:-314;c7e7:-302;f6f5:-260;g3e4:-218;g5f4:-189;a7d4:-174;e8d6:-128;h5h4:-9
nrn1kqr1/ppppppp1/2n3n1/8/4P2p/3N2PP/PPPP1P2/NR1NKQRN w - - 1 5,opening,f2f4,32,f2f4:32;a1b3:21;d1e3:18;c2c3:6;f1e2:4;d1c3:-3;b2b4:-15;f1g2:-20
kn2rn2/pp2pp1B/1brp4/2p3pP/5PPQ/2N1P3/PPP5/K1RBq3 w - - 1 14,opening,h4e1,464,h4e1:464;h4g5:-505;h4h2:-565;h4h3:-567;a1b1:-659;h7e4:-665;h7g8:-674;h7g6:-687
brqkrbb1/pp1ppp2/6pp/2p1b3/5P2/4P3/PPPPB1PP/BRQKR1BB w - - 2 5,opening,f4e5,395,f4e5:395;g2g3:50;g2g4:49;c2c4:49;e2f3:37;h2h3:30;g1f2:29;d2d4:23
knr1nrbq/ppp2ppp/1P6/3pp3/7b/5N2/P1PPPPPP/KNRB1RBQ w - - 0 5,opening,b6c7,298,b6c7:298;f3h4:278;b6a7:211;f3e5:-35;g2g4:-76;d2d4:-121;c2c3:-129;b1c3:-131
b1r3rb/2p1k2p/2Q4b/3p1pp1/P1P4P/4PP2/1qB1K1P1/BRR4B b - - 0 22,midgame,b2c2,-274,b2c2:-274;a8c6:3;h6f8:384;b2a2:408;b2a3:419;g5g4:487;b2c1:491;b2d4:494
1b1kr1r1/2p2pp1/pn6/1pPpn2p/PP1p1P2/6P1/3K3P/BB2NRRN b - - 0 19,opening,e5c4,131,e5c4:131;b6c4:235;b5a4:388;e5g4:395;a6a5:401;c7c6:404;e5c6:405;e5d7:409
knn2r1n/pppp2rp/8/4p1p1/Pn3Nq1/1K2PP2/1P1N4/Q3NRRN w - - 0 17,opening,f3g4,474,f3g4:474;g1g4:375;h1g3:51;f4d3:-30;b3b4:-120;f4g2:-173;a1b1:-193;b3a3:-260
rrb2n1k/pNnp3p/2p2pp1/4p3/P6b/RP2P3/3P1PPq/1RBB1NQK w - - 0 10,opening,g1h2,615,g1h2:615;f1h2:546;h1h2:524
bb2brkb/ppr2ppp/3p4/2p2qP1/2P1pP1P/1P2P3/P1BP2B1/B1RQBRK1 b - - 4 9,opening,e8c6,262,e8c6:262;b7b6:278;b7b5:288;c7e7:290;d6d5:377;g7g6:388;f5c8:395;f5d7:434
1k1qrn2/2p2r1p/1pn1p1pN/pN1pn3/P1P1pP2/1P1P3P/4N1P1/K1N1R2R b - - 0 23,opening,d8h4,-545,d8h4:-545;f7f4:-518;e5d3:-472;e4d3:-467;d5c4:-464;f7d7:-463;f7g7:-462;f7e7:-455
1n1k1rqn/r1p1np2/1p2pn2/p2p3p/P2P1p2/4P1P1/NPPN2NP/R3KRQN w - - 0 14,opening,g2f4,-32,g2f4:-32;f1f4:-51;e3f4:-75;g3f4:-88;a2c3:-139;e1d1:-143;c2c3:-148;d2b3:-158
1r2krnb/1ppb1Rp1/1q2p2p/pn1pP2N/1P2N3/2P3P1/P2P3P/RQBK3B b - - 0 14,opening,b6g1,-410,b6g1:-410;f8f7:-393;b5c3:-351;e8f7:-259;d5e4:-213;g7g5:-18;a5b4:128;g8e7:147
b1qb1r2/2bkp3/2p2pr1/pP1P2pp/4B3/P4P2/1B1PPRPP/3B1KRB b - - 1 18,opening,f6f5,-315,f6f5:-315;c6d5:-305;d7d6:-206;c8b8:-198;e7e6:-108;d7e8:76;c7h2:93;f8e8:105
qbrk2r1/pnp3p1/3pp1np/1p3N2/1b1P3P/2PB2P1/PPK1PP2/Q1RN1BR1 b - - 0 11,opening,c7c5,294,c7c5:294;a7a5:312;b4a5:316;g6e7:320;e6f5:367;a7a6:381;d6d5:383;b4c3:400
nn2Nnr1/2pr4/kp6/1R2qpp1/4nNPp/P1P1P3/1PK4P/N4NRQ w - - 0 20,opening,b5e5,707,b5e5:707;e8c7:-60;e8f6:-147;g4f5:-201;a3a4:-234;e8d6:-259;c3c4:-266;b5b4:-297
r3knbr/ppq2p2/1n1pp2p/2p3pP/2P1B2R/PP4b1/3PPPP1/R1NQKNB1 b - - 1 10,opening,g3e5,-393,g3e5:-393;g3h4:-347;g5h4:-241;f7f5:-233;g8h7:-230;d6d5:-180;g3f2:-160;f8d7:-159
1r2rbkb/2p5/1qnp1p2/pp4pp/PP1P1p1P/2P1NP2/1Q2P1P1/2R1RBKB b - - 0 17,opening,e8e3,-285,e8e3:-285;f4e3:-196;c6d4:-138;c6e7:0;e8e5:78;c6b4:98;c6d8:129;f8g7:137
qnn2nrr/ppppkpn1/4p1pp/4P3/3P2P1/4N3/PPP2P1P/QNNKN1RR b - - 0 6,opening,h6h5,102,h6h5:102;d7d6:106;b7b6:115;b7b5:116;a7a5:121;d7d5:124;e7e8:129;b8c6:134
nnrqknr1/ppp1pppp/3p4/8/1P1P1P1n/6N1/P1P1P1PP/NNRQKNR1 b - - 0 4,opening,c7c5,7,c7c5:7;e7e5:10;e7e6:38;b8d7:61;a8b6:63;a7a5:66;g7g5:74;b7b5:80
krbbnr1n/1pppp1pp/5p2/p7/1P1P4/6P1/q1P1PP1P/KRBBNRQN w - - 0 4,opening,a1a2,661,a1a2:661
k1rRrbb1/pp6/n1p1p3/4p2p/2q2QPP/4N2N/PP4P1/1K3R1B w - - 1 20,midgame,d8c8,507,d8c8:507;f4c4:316;e3c4:-61;g2g3:-249;f4f3:-280;d8e8:-292;f4e5:-397;g4g5:-412
1bb1q1rr/4k1bp/1ppp2p1/1B6/5p2/P1QPB1PP/1PP2PK1/BB4R1 w - - 4 18,opening,e3d4,-207,e3d4:-207;c3b4:-298;d3d4:-339;c3c6:-345;c3d2:-363;c3c4:-367;c3e1:-369;b5c6:-417
1n1kqrrn/pppp1p1p/1n5n/4p1p1/2P2PPP/1NN5/PP1PPN2/N2KQRR1 b - - 3 7,opening,g5f4,129,g5f4:129;f7f5:181;f7f6:213;g5h4:218;e5f4:260;d7d5:310;g8g7:357;b6c4:358
rnnknrqn/2pp1ppp/p7/1p2p3/3P4/1N3P2/PPP1P1PP/RN1KNRQN w - - 0 4,opening,d4e5,167,d4e5:167;h1g3:123;e1d3:121;e2e4:119;g2g4:113;a2a4:110;b1d2:106;b1c3:104
rnnkr2n/6q1/1npp4/p2PppNp/4PPP1/1PPNR3/P2N1N1P/R1K5 w - - 0 22,opening,e3h3,-464,e3h3:-464;g5e6:-470;g4f5:-483;e3g3:-494;c1c2:-527;e4f5:-529;g4h5:-530;c1b2:-536
bkqr2br/1p1p3p/5pbb/p1p1p1p1/P1P3P1/4P2P/1P1P1P2/BKQRBBBR w - - 1 10,opening,d2d3,-217,d2d3:-217;e3e4:-303;b1a2:-313;c1c2:-659;f1d3:-680
knrn1r1b/1ppp1p1b/p3p2p/6p1/2P1P1P1/q7/PP1P1P1P/1KRNQRBB b - - 0 10,opening,a3c5,-427,a3c5:-427;a3e7:-424;a3d6:-405;a3d3:-402;a3b4:-394;a3a5:-391;a3h3:-385;a3a4:-384
k1b1qrnr/1p1pp2p/pB2np2/8/P2b4/1P5N/1NP1PPP1/KB2QR1R b - - 1 12,opening,d4b6,-420,d4b6:-420;f6f5:59;d7d6:80;h7h5:84;a8b8:89;e8g6:112;d7d5:117;h7h6:133
bkrrqb1b/pp2ppp1/8/2pp3p/2P1b3/3BQ3/PPKP1PPP/BR1R2BB b - - 1 6,opening,e4d3,-386,e4d3:-386;g7g6:-292;g7g5:-273;f7f5:-232;e7e5:-207;b7b6:-165;e8a4:-162;f7f6:-143
1k1rbbbr/p1qpp1pp/5p2/1pp5/1PP2P2/P2P1P2/6PP/BKQRBBBR w - - 1 7,opening,b4c5,369,b4c5:369;a1c3:352;g1c5:352;h2h4:325;a1b2:324;f1e2:320;e1f2:318;g1f2:317
bqr3r1/pppB1kbp/3b1bp1/4pp2/4P1B1/PPBK4/1QPP2PP/2R3RB b - - 8 14,opening,f5g4,-304,f5g4:-304;g8d8:-210;c8d8:-205;f7e7:-189;b7b6:-189;h7h5:-183;b7b5:-171;c8f8:-124
rkn1rnq1/ppnpppp1/6n1/8/N1p4p/PP1NP3/1KPPRPPP/R4NQN b - - 4 8,opening,c4d3,-400,c4d3:-400;c8b6:-235;b7b5:-215;e7e5:-156;d7d5:-150;a7a5:-143;d7d6:-139;f7f5:-131
2nk4/2p2p2/1pq1nn2/3p2pr/pPPP4/P1N1P1p1/3N1P1P/1NK1N1RR w - - 5 22,opening,h2g3,-19,h2g3:-19;b4b5:-52;f2g3:-122;g1g3:-169;g1g2:-196;c4d5:-229;f2f3:-246;e1d3:-277
knnqrn1r/pp2pp1p/6pn/2pp4/P1P2P2/5NN1/1P1PP1PP/KNNQR2R b - - 1 5,opening,d5c4,-82,d5c4:-82;h6g4:-71;f8e6:-70;c8b6:-66;e7e6:-48;e7e5:-40;d5d4:-24;b8a6:-17
3rkb1r/1p2qpp1/3pp2n/p1p5/4PnP1/NQ6/P1P2KBP/1R4NR b - - 1 20,opening,e7h4,-441,e7h4:-441;h6g4:-421;d6d5:-349;c5c4:-295;e7f6:-265;f7f5:-254;f4g2:-245;d8d7:-231
r1qnr1nk/ppp1pp2/n1n5/1N4pp/1P1p4/1Q2N1PN/P1PPPP1P/RN2R2K w - - 0 9,opening,h3g5,-274,h3g5:-274;e3d5:-292;b5d4:-299;g3g4:-311;b3b2:-313;h1g2:-328;b3c4:-335;h3g1:-375
knnrq1r1/2bpp1b1/2p3P1/pp3p1p/1P4P1/2N1PB2/P1PP4/1KNRQBR1 b - - 1 13,opening,g7c3,-183,g7c3:-183;f5g4:-125;h5g4:-65;e8g6:-37;c7h2:-37;d7d5:4;a8a7:26;e7e5:37
2nr2nr/ppkpp3/2n2pnp/2p3p1/Q2PPPP1/P3R2N/1PPN3P/K1N2qR1 w - - 1 15,opening,g1f1,524,g1f1:524;d2f1:512;e3d3:96;c2c4:76;d2c4:66;f4f5:-105;d4d5:-112;a4c6:-166
bkq2rrn/3p1p1p/1p6/p1p1N1p1/PP2PnPP/8/2PPKP2/BB2QRRN w - - 1 14,opening,e2d1,246,e2d1:246;e2e3:182;e2f3:0
1nqnrnnk/rppp2p1/4pp2/p6p/2P2P2/1P1PN1PP/P3P3/RNQNR1NK b - - 0 8,opening,d8f7,75,d8f7:75;a5a4:85;b7b6:85;c7c6:87;b7b5:95;d7d6:105;a7a8:107;g8e7:109
n1krb1r1/2ppp1p1/P4pn1/8/4q1P1/Pb1P3p/1KP2P1P/NQ1RBRBN b - - 0 21,opening,e4h1,155,e4h1:155;b3c2:267;e4e6:291;e4e5:300;e4c6:300;e4g4:312;e4d4:313;e4f4:347
qr1n1bkr/pp2ppp1/2pp4/3nN2p/6bP/2P1PP2/PP1P2P1/QRBN1BKR w - - 2 7,opening,e5g4,156,e5g4:156;f3g4:129;c3c4:66;d1f2:31;b2b3:28;b2b4:20;e5c4:19;e5d3:1
nb2r1rq/ppk1p1p1/3p1p1p/2p2b1n/PPP3P1/3B1N2/3PPPQP/N1BK1RR1 b - - 0 10,opening,f5d3,-40,f5d3:-40;h5f4:-12;e7e5:337;g7g5:374;f5e4:379;f5d7:401;g7g6:404;e7e6:422
1r1r3q/ppnp2pk/7p/3PNp1N/1nN5/1pPP3n/P2NR1PP/4RKQ1 b - - 9 22,opening,h3g1,-297,h3g1:-297;h8e8:421;g7g5:490;h3g5:496;b4d5:504;h8f8:509;b3a2:520;b4c2:551
1bqbr2b/p1k3r1/1p2ppp1/1B5p/1Pp2PPP/P1PPK3/4P3/1B1Q1RRb b - - 3 21,opening,h1c6,-334,h1c6:-334;h1b7:-270;e8e7:-241;e8f8:-232;h1a8:-221;e8g8:-216;h5g4:-202;f6f5:-178
knr1r2n/2ppp2q/pp3p2/4nPN1/5np1/PPK1N3/2PPP2P/2RNR1QN w - - 3 14,opening,g5h7,653,g5h7:653;g5e4:-47;d2d4:-132;g1g4:-289;c3b2:-306;h2h4:-311;h1g3:-344;g5e6:-353
bk1rrb1b/p5pp/1p6/3ppb2/PPpPPpPq/2PB1P2/K1R4P/B1BR2QB b - - 1 12,opening,c4d3,-504,c4d3:-504;f5d7:-317;a8c6:-236;f5e6:-224;f5c8:-223;f5g6:-209;d5e4:-152;g7g5:-115
k1r1q1b1/2pr1p2/p1p1p1pb/6Pp/4b3/3BP3/PB1P1P1P/1KRRQ1B1 b - - 5 14,opening,e4d3,-295,e4d3:-295;d7d3:-252;f7f5:161;e4d5:173;e4h1:263;e4g2:267;e4f5:299;e4f3:320
1r1nkrnq/pN1pp1p1/2pn4/2n2p1p/P7/3N3P/1P1PPPPQ/1R1NKRN1 w - - 2 10,opening,b7c5,422,b7c5:422;b7d6:309;d3c5:0;b7d8:-60;b7a5:-247;d3f4:-428;d3e5:-443;h2g3:-449
qkbrr1n1/pppp2p1/3b2n1/4pp1p/2PP4/BP1R4/PQ2PPPP/2K1RBNN w - - 6 8,opening,a3d6,229,a3d6:229;h1g3:-39;d3d1:-64;e2e3:-68;c4c5:-70;d4d5:-73;d3g3:-95;c1b1:-111
b1qn4/1rp3kr/5p1n/p1pp4/P2P3P/1P2pPP1/1R2N1K1/BN2BR2 b - - 1 21,opening,c5d4,-591,c5d4:-591;h6f5:-561;d8e6:-559;d8c6:-553;g7f7:-551;c8d7:-551;h6g8:-525;b7b8:-518
r2r1n1k/1pnp4/p1pq1ppp/4pQ2/2NPPP2/1PP1N1P1/P1R5/N1N2RK1 b - - 0 23,opening,d6e7,522,d6e7:522;d6e6:649;g6f5:659;e5f4:670;h8h7:700;e5d4:708;h8g8:715;c7b5:725
br1qbkr1/2pp1np1/1pN1p3/p4p2/Pn3P1p/1PNP2P1/2P1P2P/BRQ2KR1 w - - 0 13,opening,c6d8,368,c6d8:368;c6b8:-268;c6e5:-393;c6b4:-442;c6a7:-463;g3g4:-468;c6d4:-482;c6a5:-505
bk3rrb/1p1pppp1/pqn5/6R1/P1pPP2Q/2P2P1P/1P4B1/BNK1RN2 b - - 1 13,opening,b6b3,256,b6b3:256;f7f6:271;g7g6:273;d7d6:291;f8c8:294;c6a5:300;b6c7:319;e7e5:330
3r4/1p1p1kq1/2r1n2p/p1pnpp1p/PnP2nNP/N2P4/1P2PPP1/NR1R2KQ w - - 2 19,opening,c4d5,-328,c4d5:-328;g4h6:-423;g4e5:-425;a1c2:-504;g2g3:-505;a1b3:-510;e2e3:-535;d1d2:-535
b1qnbk1r/1r1pnpp1/2p4p/Pp6/4p3/2Q2N2/P1PPPPPP/B1RNB1KR b - - 2 9,opening,f7f6,-69,f7f6:-69;h8g8:-19;h8h7:-18;d8e6:41;e7f5:351;e7d5:493;e7g8:643;e7g6:954
knr1qrbb/p4pp1/4p3/1Npp2n1/PP4Pp/2PPP3/1K2QPBP/2RN1RB1 b - - 1 11,opening,h4h3,209,h4h3:209;f7f5:213;c5b4:236;c5c4:249;g7g6:251;a7a6:264;g5f3:270;g5h3:272
bk1rqbbb/1p1pp1pp/p1r5/1Bp2p2/1P2P3/8/P1PP1PPP/BKRRQ1BB w - - 0 5,opening,b5c6,250,b5c6:250;b5a4:-43;a1e5:-72;b5d3:-147;b5f1:-154;b5e2:-162;a2a4:-199;d2d4:-225
1nr1kn1r/1p2pp2/p1p3n1/6pp/n1p1PPP1/1P4NP/P2KQ3/NNR3qN w - - 2 22,opening,c1g1,161,c1g1:161;g3f5:-567;b3a4:-584;d2c2:-585;g3h5:-615;f4g5:-618;c1f1:-647;f4f5:-659
krbbnrqn/p2p1pp1/8/2P1p2p/Pp4P1/3PP3/2PB1P1P/KR1BNRQN b - - 1 7,opening,h5g4,88,h5g4:88;e5e4:125;c8b7:130;h8g6:155;f7f6:156;a7a5:168;f7f5:169;e8c7:175
2rrq2n/p3n2p/1pkpN3/1nP3pP/2P1p1p1/PNNPP3/5P2/R2RKQ1n w - - 1 21,opening,e6d8,484,e6d8:484;c3e4:465;c4b5:440;c3b5:363;c3e2:287;c3d5:262;e6g7:260;b3a5:243
b1brb3/kp1ppprq/6pp/p1p2P2/P6P/1P1PP3/KBPb2P1/2B1BQRB b - - 6 14,opening,d2c1,-207,d2c1:-207;f7f6:-107;d7d6:-62;d2e1:-41;b7b6:-34;g7g8:-6;g6f5:-1;d2b4:84
1nrrq2b/k2pp3/p1p1b2p/5pQ1/Np1P1P1n/1P5P/P1PNP1PB/KR4RB w - - 3 21,opening,g5h4,265,g5h4:265;g5h6:98;g5g3:0;g2g3:-461;d2c4:-462;g1c1:-463;c2c3:-467;g1d1:-478
1rkn1rbn/2pppqpp/ppb5/5p2/5P2/1P1PP3/P1P2NPP/BRK1QRBN w - - 0 7,opening,e3e4,3,e3e4:3;g2g4:-50;e1c3:-138;e1e2:-147;e1d1:-184;e1d2:-185;g2g3:-188;e1b4:-204
qkr3nr/bp2p1p1/4b3/pP1nN3/3pPppP/PK4P1/5P1R/2B1QRN1 b - - 3 20,opening,d5c3,-503,d5c3:-503;c8c1:-487;d5b6:-485;d5b4:-478;d5c7:-469;d5e3:-450;c8c3:-429;d5f6:-418
bk1b1rrn/nq2p3/4P1p1/1Ppp1N1p/2Q1BP1P/4R3/NP1P2P1/BK5R w - - 3 20,opening,f5h6,51,f5h6:51;e4d5:11;b5b6:-17;c4c5:-44;a2c3:-78;c4a4:-92;c4c2:-131;c4d5:-141
rqnnn1rn/ppp1pk1p/8/3p1pp1/4P3/1N6/PPPP1PPP/RQ1NNKRN w - - 1 5,opening,e4f5,163,e4f5:163;e1f3:93;e4d5:87;d1e3:63;h1g3:19;d2d3:-12;e4e5:-14;f2f3:-44
qrkr2nn/1p1p1p2/p1p2n2/5Qp1/1P1p1N1P/P2P1p2/3PPP2/1RK3RN w - - 2 19,opening,h4g5,0,h4g5:0;f5g5:-210;g1g5:-239;f4h3:-331;h1g3:-370;f4h5:-385;h4h5:-408;e2e4:-429
bbbkqbr1/pppp1pp1/7r/7p/P3pP2/4P1Q1/1PPP2PP/BBBK1BRR w - - 1 5,opening,f1e2,-57,f1e2:-57;b2b3:-58;g3f2:-81;g3g5:-81;g3e1:-85;c2c4:-89;b2b4:-102;b1a2:-116
nqkrbrb1/pppppp1p/6n1/8/3PP1p1/6P1/PPP2P1P/NQKRBRBN b - - 0 4,opening,d7d5,-157,d7d5:-157;f7f5:-141;d7d6:-125;f7f6:-91;b7b5:-82;a8b6:-67;b7b6:-65;c7c6:-56
n1k3r1/nppnpp1q/r3n1p1/p1Np3p/P6P/5PP1/1PPPPN2/1NKR1NQR w - - 6 15,opening,c5a6,222,c5a6:222;c5d7:80;c5e6:27;f2d3:12;f2e4:-65;c5b3:-112;d2d4:-146;c5d3:-149
1rn1bq1b/rk2pp2/pp4p1/2pp1n1p/P1P2P2/4P1P1/NP1PNK1P/RR2BQ1B w - - 0 13,opening,c4d5,246,c4d5:246;a2c3:238;f2g1:226;e2c3:224;a4a5:203;h1d5:197;a2c1:195;h2h3:187
rbq1k1r1/1p1pp1pp/p1pn4/b1Q2p1n/4PPP1/1P5N/P1PP3P/RB1BKR2 w - - 9 13,opening,c5a5,111,c5a5:111;c2c3:-127;d1f3:-211;c2c4:-211;b3b4:-227;h3g5:-242;c5a3:-297;c5d4:-321
r1nkr1nn/2pn4/3p2p1/p2Np3/1Pp2P1q/N6P/PN1PP1P1/1R1KRQ2 w - - 0 15,opening,b2c4,-147,b2c4:-147;a3b5:-180;b4a5:-180;a3c4:-194;f4e5:-200;e2e4:-201;g2g3:-212;f1f3:-227
3k1nrb/2p1r3/n2p3p/p3p1p1/P3p1qP/1PP2BP1/3P1P2/BNN1KR1R w - - 3 23,opening,f3g4,343,f3g4:343;f3e2:-514;f3d1:-562;f3g2:-602;h4g5:-746;b1a3:-747;c3c4:-778;d2d3:-802
n1krnr2/p2p2p1/4Np2/1pP1q2p/1n1PP3/P2Q2PP/1P1n1PR1/NNKR4 w - - 1 23,opening,a3b4,321,a3b4:321;d3e3:77;d3d2:47;d3e2:21;d3b5:-178;d4e5:-275;c1d2:-295;d3f1:-379
krnnr1b1/pp2pp2/2p4p/3p1bp1/P2N2P1/2q1P3/1PPP1PQP/KR1NBRB1 b - - 5 9,opening,c3b4,-43,c3b4:-43;c3a5:86;c3c4:120;f5e4:150;c3c5:324;c3c2:375;c3d4:400;c3d3:481
n4r2/2nkp1pr/2pp3p/1NQ2q1P/p4P2/1PPP4/Pn2N1P1/N3KR1R w - - 3 21,opening,c5f5,255,c5f5:255;c5c6:10;c5e3:-88;c5a7:-328;c5g1:-352;c5d4:-383;c5a3:-452;b5d4:-534
b1qr1krn/pp1pp1pp/3b4/2p2p2/P4QNn/2PP4/1P2PPP1/BB1R1KRN b - - 1 9,opening,d6f4,-793,d6f4:-793;h8f7:-405;g7g5:-373;h7h6:-288;h7h5:-255;c8c6:-240;h8g6:-201;b7b6:-193
n1r1knbr/1qp1pp2/p2B4/1p3Npp/4P1bP/1P6/P1PP1PP1/NQ1RK1BR w - - 0 11,opening,f2f3,-153,f2f3:-153;f5g7:-206;d6c5:-209;b1b2:-213;f5e3:-217;d6a3:-220;d6g3:-225;d6e7:-250
r5rn/k1pp1qpp/2nnPp2/pp6/5n2/PP1N2N1/K1P1PPPP/R3RNQ1 w - - 1 13,opening,e6f7,692,e6f7:692;f2f3:600;d3f4:51;g3e4:-250;g3f5:-269;e2e4:-297;e6d7:-304;a3a4:-332
n2rbrb1/1pk1ppp1/2pp1Nn1/p1Bq3p/8/1PP2PB1/PKQPP1PP/N2RR3 b - - 1 16,opening,d5c5,-273,d5c5:-273;g7f6:-195;e7f6:-192;d5e6:52;d5g5:121;h5h4:435;d5e5:558;d5b3:558
bbqbrbr1/p1pppp1k/7p/1p4p1/6P1/3P3P/PPP1PP1K/BBQBRBR1 b - - 1 5,opening,c7c5,-484,c7c5:-484;f8g7:-298;e7e6:-247;h7h8:-202;g8g6:-198;b5b4:-185;c7c6:-179;d7d5:-167
rnbk1qnr/2pppp2/1p5b/p5pp/P1P3P1/R1KP4/1P2PPBP/1NB1Q1NR b - - 1 8,opening,b8c6,-119,b8c6:-119;h6g7:-92;f8g7:-63;d7d5:-42;a8a7:-32;e7e5:-28;e7e6:-12;a8a6:-9
nb1r3k/p1pBq1pp/5r2/1P2ppP1/3pP1n1/2P2P2/1P1PQN1P/N1BR1R1K w - - 1 13,opening,f3g4,590,f3g4:590;g5f6:589;f2g4:538;d2d3:474;c3d4:451;d7f5:444;f1g1:438;f2h3:437
rn1krq1n/1ppp1ppp/pn5n/4p3/2N3P1/8/PPPPPP1P/1RNKRQNN b - - 0 5,opening,b6c4,-489,b6c4:-489;b8c6:-77;h8g6:-77;f7f6:-76;d7d5:-75;f8e7:-64;e5e4:-50;f8b4:-43
1rknn2n/p1prpp1p/1p1p1np1/8/1P6/P3P1P1/1NP2q1P/QRKR1NNN w - - 0 11,opening,h1f2,644,h1f2:644;f1d2:-262;g1h3:-289;b2d3:-404;g1e2:-440;b2c4:-444;a3a4:-446;e3e4:-447
brq1b1kr/p1pppp1p/2n4n/1p4p1/8/1P1PP1PP/P1P2P2/BRQNBKNR w - - 1 6,opening,h3h4,316,h3h4:316;a1h8:294;e3e4:207;f2f4:189;g3g4:162;f2f3:119;d3d4:105;a2a4:103
nbrb3k/2pr1p1p/p3p1pq/N7/PpPp4/3P1NP1/1PR1PQ1P/1B1BR2K w - - 3 16,opening,a5c6,413,a5c6:413;f3e5:393;c4c5:326;f3d4:292;a5b3:238;e2e4:233;e2e3:230;a5b7:218
qbknrnrQ/1ppppp2/7p/p7/6p1/1P2NP2/P1PPPNPP/1BK1R1RB b - - 0 6,opening,g8h8,-478,g8h8:-478;g4g3:68;f8e6:298;a5a4:374;g8g6:377;f8g6:397;g8g5:443;g4f3:447
rrn2qbk/1p2ppp1/3p1n2/p6p/Bbp4P/2PNPNP1/P2P1P2/RR1Q2BK b - - 2 12,opening,c4d3,-392,c4d3:-392;g8h7:-201;b7b5:-190;b4a3:-189;b4c3:-176;c8b6:-156;d6d5:-114;c8a7:-108
rqbkr2b/p1pppp1p/1p4pn/1PB5/2n1P3/5BP1/P1PP1PNP/RQ1K1RN1 b - - 5 12,opening,b6c5,-479,b6c5:-479;c4b2:-400;h8a1:-294;a7a6:-286;h6g8:-224;c8b7:-218;d7d6:-218;h8g7:-216
rknqbb1r/1p1ppp1p/p7/1Pp2nB1/7P/3P4/P1P1PPP1/RKNQ1BNR b - - 0 6,opening,a6b5,-249,a6b5:-249;f8g7:-230;c8b6:-229;f5d6:-229;f5d4:-225;h7h6:-218;d7d5:-215;f7f6:-198
nn2knrn/2r5/pq4p1/1pppp2p/4Np1P/NQP3P1/PP1PPP2/N1R1K1RN w - - 1 12,opening,b3d5,263,b3d5:263;a3b5:42;e4f6:-72;e4g5:-157;d2d3:-160;g3f4:-190;d2d4:-203;a1c2:-221
rrqnkb1b/pp3ppN/4p3/2pp4/1P2PPnp/8/P1PPN1PP/RRQ1KB1B b - - 2 8,opening,d5e4,-201,d5e4:-201;f8e7:-161;d8c6:-124;g7g5:-123;a7a5:-109;c5b4:-107;g7g6:-93;g4h2:-89
r1nkr1q1/4p1np/n1p3n1/P1Pp1p1P/Pp1PPpP1/8/6Q1/RNNKNR1N w - - 0 22,opening,e4f5,280,e4f5:280;g4f5:113;h1f2:74;h5g6:66;b1d2:18;e4e5:-53;c1b3:-67;e1c2:-72
rr1b1n2/Q2p1p1k/b5qp/2p1pP2/PpP1P1pP/8/1P2P1PK/RRBBNN2 b - - 0 15,opening,g6c6,-209,g6c6:-209;g6d6:-196;g6f6:-190;g6h5:-170;g4g3:20;a8a7:309;g6g7:313;g6g8:340
qrbkbnnr/1p1pp1pp/5p2/p1p5/2P3P1/1P6/P2PPP1P/QRBKBNNR w - - 0 4,opening,a2a4,-85,a2a4:-85;f2f3:-88;d2d3:-92;g4g5:-108;h2h3:-111;f1e3:-114;f1g3:-117;h2h4:-117
1qr3rb/pk1p1pnp/3bn3/3Pp3/p1p4N/1P2PB2/Q1P2PPP/K1R2NRB w - - 4 15,opening,d5e6,206,d5e6:206;b3a4:50;f1d2:-11;b3c4:-72;f1g3:-113;c1b1:-117;a2a4:-125;g2g4:-133
r1k2r2/2b1p1bb/1p1qb1pB/p1pP1p1p/PP1PP2P/4RQ2/1K3PPB/R2B3B b - - 10 23,opening,g7d4,-74,g7d4:-74;f5f4:251;f5e4:259;d6h2:297;f8f7:381;d6d8:386;c8b7:405;g7h6:407
rrbbnnqk/p1p1pppp/3p4/1p6/3P3P/P7/RPP1PPP1/1RBBNNQK w - - 0 5,opening,a2a1,-66,a2a1:-66;g1h2:-75;c2c3:-91;a3a4:-94;b2b3:-95;e1d3:-96;h4h5:-97;e2e3:-104
2r1k2r/b1p4p/qpn1pb2/4p3/p2p3p/P2Pn1P1/1PQ1B1BP/2RNKR2 b - - 0 23,opening,e3c2,-614,e3c2:-614;a6a5:-590;c6b4:-473;e3g2:-398;c6d8:-223;e8e7:-195;e8d8:-139;e8f7:-136
bbrqr1bk/1pp2ppp/3p4/p3B3/1b6/PP5P/2PPPPP1/1BRQRBBK b - - 0 5,opening,b4a3,-104,b4a3:-104;d6e5:51;e8e5:189;b4c5:239;d8g5:251;b7b5:263;d6d5:293;b4d2:299
2k4n/qpp2rrn/1nn1pPp1/pP1p3p/P2PN2P/Q1K5/2P1PP2/NN2RRN1 b - - 6 19,opening,g7g8,21,g7g8:21;h7f6:46;b6c4:69;d5e4:231;c6d4:244;f7f6:251;e6e5:284;c6b4:291
1nbb1qrr/2k1pppp/3p2n1/1pp5/p3N1P1/2NPP2P/PPP1QP2/BK1B1R1R w - - 3 13,opening,c3b5,373,c3b5:373;d3d4:319;b2b4:283;h3h4:243;b2b3:242;f2f4:225;e2d2:213;c3d5:193
2r1b1bk/2r2pq1/1pp2p1p/3p2p1/3b4/4QBbP/1PPP3B/RB1R3K w - - 4 22,opening,e3d4,-337,e3d4:-337;e3e2:-440;h2g3:-461;e3d3:-470;f3g4:-480;e3b3:-484;c2c4:-493;c2c3:-509
rbrb1q1k/pppp2pp/4pp2/7b/1P2PP2/3P2B1/b1P2BPP/RBRB1Q1K w - - 2 7,opening,d1h5,485,d1h5:485;a1a2:470;b1a2:470;f2c5:413;d3d4:240;f4f5:99;c2c4:28;f2a7:21
rbbk1brb/3pqppp/p3p3/3P2P1/Ppp5/1P6/B1PKPP1P/R1B1QBRB b - - 0 8,opening,b8e5,-374,b8e5:-374;g7g6:-363;b8h2:-332;c4b3:-291;e7c5:-266;c8b7:-223;b8c7:-220;b8d6:-215
bqkb2b1/1p1p1rb1/p4p1p/2p2p2/P1P1Pp1P/1BB3P1/1PRr2B1/BQK5 w - - 0 21,opening,c2d2,-258,c2d2:-258;c3d2:-337;c1d2:-424;e4f5:-435;e4e5:-481;h4h5:-499;a4a5:-501;g2f1:-523
r1bnkr1b/1pppp2p/5p1n/1q6/1p1P1Pp1/P3P2P/2P3P1/RQB1KRNB w - - 0 14,opening,h3g4,-375,h3g4:-375;f4f5:-391;a3b4:-406;g1e2:-412;e3e4:-414;c2c4:-416;g2g3:-417;c1d2:-426
rb2bbkq/pb4p1/4pp2/1pp4p/4p3/PP1r3P/RBPP1PP1/1B1RBK1Q w - - 0 12,opening,c2d3,-310,c2d3:-310;a2a1:-517;b2c1:-519;a3a4:-526;h3h4:-528;b2a1:-529;c2c4:-535;b3b4:-535
2qbr2k/b1ppppbp/p5r1/6p1/pP2b1B1/2PPQ2P/2B2PP1/B3RBRK b - - 1 10,opening,a7e3,-560,a7e3:-560;e4g2:-456;e4f5:-86;a7b6:22;c8a8:48;c8b8:48;c8b7:62;e4d3:122
n2rq1rk/1ppp1p1p/n3p3/6p1/P3n2n/2NP2N1/1PP2PPP/N1NRQ1RK b - - 1 9,opening,e4g3,60,e4g3:60;e4f6:78;e4c3:93;e4d6:258;e4c5:312;e4f2:314;f7f5:359;h4g2:363
k2r2rn/ppp2np1/4pp2/3p3p/1P1P1P1P/1PP1N1P1/2qNPn2/K1R1Q1NN b - - 1 20,opening,c2g6,190,c2g6:190;f2d3:212;c2h7:219;c2c1:242;c2d2:414;c2e4:490;c2d3:538;c2c3:578
r4k1b/b1p2Bp1/1pP1rp2/p3p3/PP3PB1/2pP3p/4PP1P/R2NRNK1 w - - 1 21,opening,f7e6,715,f7e6:715;g4e6:703;d1c3:625;b4a5:599;b4b5:599;f4f5:591;g4h3:577;d3d4:563
1rnkb1nb/rp3pp1/p1Qpp3/4q2p/P2P4/1NP1P3/1P1KNPP1/R2RB2B w - - 1 11,opening,c6e8,423,c6e8:423;c6c8:375;c6f3:53;d4e5:25;c6c7:-17;c6b6:-40;c6d7:-76;d2c2:-113
bkqrbbbr/p1ppp1pp/8/1p6/5pP1/5P2/PPPPPB1P/BKQRBB1R w - - 0 4,opening,b2b3,157,b2b3:157;d2d4:102;d2d3:81;f1g2:61;h2h4:59;h1g1:53;f1h3:39;g4g5:37
k3rr1n/b1pbppp1/1p5p/p2p1N2/6nP/4BP2/P1PPPR2/KB1R1QN1 b - - 1 12,opening,g4f2,483,g4f2:483;d7f5:628;g4e5:645;g4e3:665;g4h2:680;g4f6:688;e7e6:698;g7g6:754
qbknrnrb/ppp3p1/8/3ppp1p/5P1P/2P5/PP1PP1P1/QBKNRNRB b - - 0 5,opening,e5e4,-151,e5e4:-151;g7g6:8;f8e6:142;c7c6:149;d8e6:150;f8d7:167;a7a5:172;e5f4:213
rbk1brn1/p1p1pp1p/8/2n3PP/1p3qN1/2Pp2PQ/PP1N4/RBK1BR2 b - - 0 14,opening,f4g5,22,f4g5:22;f4d6:166;c5b3:471;f4f1:485;f4d2:501;f7f5:544;b4c3:587;e8d7:587
qnr1rbkb/1ppppp1p/2n5/p5p1/3P4/1P6/PNP1PPPP/QNR1RBKB w - - 2 4,opening,c2c3,83,c2c3:83;e2e3:81;d4d5:-46;h2h4:-98;c2c4:-121;b2d3:-124;b1d2:-129;g2g3:-129
1rbb2q1/1RNpp2k/3Q2p1/5p1p/6P1/p3P3/r1PP1PKP/R2B1N2 w - - 0 13,midgame,b7b8,-129,b7b8:-129;b7a7:-402;d1f3:-407;d6e7:-449;b7b3:-455;e3e4:-473;a1b1:-501;d6f4:-530
qkb2r1r/1pbp1ppp/2p1pn2/p2P4/1P4P1/P2P3P/4PP2/QKBBNRNR b - - 0 8,opening,a5b4,296,a5b4:296;h7h5:308;f6d5:309;a8a6:320;e6e5:326;f8d8:329;f8e8:350;c7d6:355
5n1b/kBb1r1pp/3pq2N/p1r1pp1P/1RP1PP2/p2P2P1/3K4/3BR1N1 w - - 3 23,opening,b4a4,-559,b4a4:-559;b4b3:-583;e4f5:-601;b4b1:-608;b7d5:-630;d1b3:-634;b4b5:-639;h6f5:-641
nn1r1r2/3k1ppn/pp4Np/2P1PP2/7q/3P2N1/P1P3PP/N1RQK1RN w - - 1 14,opening,g6h4,963,g6h4:963;e5e6:880;c5c6:821;g6f8:625;d1h5:411;d1f3:367;a1b3:302;g1f1:299
1rknqrb1/pb1pppp1/1p4n1/2p4p/P3P3/3PQ3/1PP2PPP/BRKN1RBN b - - 1 6,opening,f7f5,-139,f7f5:-139;d7d5:-125;f7f6:-61;h5h4:-39;e7e5:-38;d8e6:-32;d8c6:-11;d7d6:-3
nk1r2b1/2q2pp1/ppQ3n1/7p/PP6/2P3N1/3P1rPP/NK1RBRB1 w - - 0 13,opening,c6c7,653,c6c7:653;b4b5:354;c6e4:247;c6g6:110;c6a8:-17;c6b6:-225;c6c5:-231;c6d5:-268
k1n1rnnr/1pppqp1p/p1n5/4p1N1/8/3NP3/PPPP1PPP/KN1QRN1R b - - 2 6,opening,e7g5,-398,e7g5:-398;e5e4:-189;d7d5:20;e8d8:29;f7f5:45;f8g6:53;a8b8:56;h7h6:68
br1kqr1n/1ppppb2/4n1pp/p4N2/3P2PP/8/PPP1PP1B/BRK1QR1N w - - 1 8,opening,f5h6,293,f5h6:293;f5e3:187;f5g3:140;b2b3:72;d4d5:65;h2e5:54;e2e4:19;b2b4:17
k1qbrbrb/pp1ppp2/2p3pp/5P2/2P5/8/PPBPP1Pb/KBQ1RBRB w - - 0 5,opening,c1d1,-412,c1d1:-412;a2a3:-415;f5g6:-416;e2e3:-419;d2d4:-424;f5f6:-440;a2a4:-481;g2g3:-500
2r1k1rn/p1np1pp1/2n5/4p1N1/R2n2Pp/6R1/QPPPqP1P/2NN2KN b - - 1 18,opening,e2d1,-657,e2d1:-657;e2e1:-503;e2d2:-438;d4f3:-211;c6b4:-171;e2b5:-98;h4g3:201;c7e6:253
knrnq1rn/p1n5/1p4pp/1Nppp3/PP3p2/K2P2PP/R1P1PP2/3NNQRN b - - 1 12,opening,c7b5,-344,c7b5:-344;c5b4:-331;d8e6:-258;d8b7:-238;h8f7:-229;e8e6:-227;e8d7:-220;e8e7:-218
1nrq2n1/2pp4/3bk2r/pb2p1pp/pP2Pp2/2PP1P1P/1BR1B1PR/1N1QK1N1 b - - 0 18,opening,a5b4,-198,a5b4:-198;e6e7:-113;c7c6:-104;a4a3:-103;d8e7:-102;e6f7:-95;b8c6:-76;b5a6:-71
b2nbk2/q4pBr/1r1pp3/Bpp4p/P4PPP/1P1P1NNK/2P1P3/1R1Q3R b - - 0 23,opening,h7g7,177,h7g7:177;f8g7:397;f8g8:435;f8e7:495
rnn2r1n/1pn1kp2/4p3/1pN2Ppp/2P1pNP1/PP2R3/3K3P/R1N3N1 w - - 0 20,opening,f4h5,22,f4h5:22;f5f6:-134;f4g2:-168;f4e2:-181;f4e6:-238;c1d3:-261;c5e6:-268;c1e2:-269
2r1r1k1/pp1pp2p/1Np1nppb/8/2BPP3/PP1K1P1P/2P4q/NQ1RbB2 w - - 3 19,opening,c4e6,-413,c4e6:-413;b6d7:-555;e4e5:-633;f1g2:-741;f1e2:-814;b1c1:-820;c2c3:-820;b1b2:-880
b2b4/qp4b1/2ppr1k1/p5p1/1QP1pPPp/PP3B1P/8/R2BK2B w - - 0 23,midgame,f4f5,-575,f4f5:-575;f3e4:-576;b4d2:-602;e1f1:-633;a1a2:-643;d1c2:-662;c4c5:-665;b4b6:-715
q1kbrrnb/ppp1p1pp/2np4/5p2/8/3P2PN/PPP1PP1P/QNKBR1RB b - - 0 4,opening,e7e5,3,e7e5:3;a7a5:5;g7g6:16;c8b8:26;g8f6:35;g8h6:36;e7e6:41;a7a6:58
1n1r1r1q/k4p1b/n1R2b1p/1p1pp1p1/p6P/BP6/P2PPRP1/KN1BN2Q w - - 0 19,opening,c6f6,282,c6f6:282;f2f6:146;h1f1:98;a3f8:-7;h1g1:-11;c6a6:-16;b1c3:-206;h4g5:-212
q2rbrbn/4p2p/kppp2p1/pn1QP3/1P6/P6P/K1PP1PP1/N2RBRBN w - - 4 12,opening,d5g8,-534,d5g8:-534;d5b3:-610;c2c4:-667;b4a5:-697;a1b3:-701;a3a4:-701;a2b2:-701;e5e6:-701
q1rnbkrn/3pp2p/p1pb4/5pp1/p6P/Q3PP2/1PPP2P1/1BRNBKRN w - - 2 10,opening,a3d3,24,a3d3:24;a3a4:8;a3a2:-61;a3c3:-75;a3a1:-97;b2b4:-116;a3d6:-496;b1a2:-499
7n/2rpk1r1/1n1npp2/p1p4p/2P1PPP1/1P1P4/P3K1P1/N1R1R2N w - - 7 22,midgame,g4h5,-155,g4h5:-155;h1f2:-204;a1c2:-228;g2g3:-251;h1g3:-252;e1g1:-258;d3d4:-260;e2f3:-263
3rr1n1/ppnkqp2/n1n4p/2ppp3/5PPp/1KPP4/PP2P1Q1/1NNRR1NN w - - 4 16,opening,a2a3,-179,a2a3:-179;e2e4:-199;g2h3:-225;f4e5:-250;e2e3:-251;g2h2:-258;g1f3:-260;f4f5:-262
bkrb1b1r/ppp1p2p/3pbp1q/4P1p1/2P3P1/8/PPBP1P1P/BKR1QBBR b - - 1 7,opening,b7b6,-129,b7b6:-129;f6e5:-121;e6g4:-117;e6d7:-54;d6e5:-47;h6h4:-2;h8g8:1;c7c5:63
rNk1rq2/p3p3/nQ6/1p1pp1pp/1Np2nnP/1PR5/P1PPNPP1/RN1K4 w - - 0 18,opening,b6a6,516,b6a6:516;b6c6:462;c3c4:406;b6b5:0;b6a5:-348;b8d7:-394;b8a6:-402;e2f4:-408
nnrqknrn/ppppppp1/7p/8/3P4/1P4N1/P1P1PPPP/NNRQKNR1 w - - 1 4,opening,e2e4,143,e2e4:143;c2c4:133;g1h1:115;b3b4:115;d4d5:105;c2c3:97;f1d2:93;d1d2:91
kbbr2rn/1ppp1ppp/p3qn2/P3p3/4PP2/6N1/1PPPN1PP/KBBRQ2R b - - 0 7,opening,e6c6,34,e6c6:34;e5f4:53;c7c5:63;g8e8:92;d7d5:93;d7d6:105;e6g4:112;e6e7:112
n1k3rn/p1n3pp/2N1pp1n/1p1p4/1P6/1N2P1PP/P1PP1P2/2KR2RN b - - 0 19,opening,a8b6,422,a8b6:422;c8d7:428;h8f7:429;h8g6:432;a7a6:435;g8e8:437;g8f8:438;e6e5:455
4knn1/p1r1p2r/2p3pp/1p1PPp2/nn3P2/PQ5P/1P4P1/1RN1KN1R w - - 1 20,opening,a3b4,639,a3b4:639;b3b4:637;f1e3:524;d5d6:503;d5c6:446;g2g4:302;h3h4:291;b3g3:273
q1r1kbrn/ppb5/P1n3p1/2pppp1p/3P4/1PN3N1/B1P1PPPP/1QR1KBR1 w - - 0 10,opening,c3d5,133,c3d5:133;b3b4:58;e2e3:52;e2e4:7;g3h5:-35;d4e5:-56;d4c5:-61;a6b7:-119
qnkn1rnr/pp1ppp2/5np1/2p4p/8/2N1N2N/PPPPPPPP/1QK1NR1R w - - 0 5,opening,b2b4,57,b2b4:57;e1f3:27;h3f4:15;a2a4:3;b2b3:-3;f2f4:-11;b1a1:-30;c3a4:-36
b1rqkbnr/pppp1p1p/2n3p1/4p3/P5P1/4P2B/1PPP1P1P/BNRQK1NR b - - 0 4,opening,c6b4,-166,c6b4:-166;h7h5:-160;b7b6:-147;f8g7:-132;d7d5:-121;b7b5:-115;d8e7:-112;f8e7:-112
1n1kr1rb/1b1np3/1pp2pp1/p6p/P4P2/2PPN1P1/1PNK3P/B3R1RB w - - 1 18,opening,b2b4,182,b2b4:182;e1b1:148;c2a3:129;d3d4:128;f4f5:116;e3c4:116;b2b3:85;g1f1:84
q1r1nb1r/1kp4p/pP1p4/6N1/Pn1Pp3/1K3pP1/1P2PP1P/QR2NBBR w - - 3 21,opening,b3b4,345,b3b4:345;e2f3:278;b1c1:272;a4a5:267;d4d5:265;g5e4:255;g5e6:254;e1f3:231
r3r1b1/1k2qpQp/3pp3/Ppp3p1/P4B2/3PbP1P/2P1B1P1/1K1R1B1B b - - 0 20,opening,g5f4,-307,g5f4:-307;e3d4:-250;e3f4:-184;e3g1:0;e3f2:0;a8a5:203;d6d5:219;e6e5:250
bbbk3r/pppp2Q1/7r/4p2p/2B1Pb2/q1P3p1/P2P1P1P/BBB1K1RR w - - 1 17,opening,c1a3,496,c1a3:496;g7h8:241;e1e2:141;e1d1:107;g7g8:-69;g7g5:-163;a1b2:-197;g7d7:-244
qr1rb1k1/1p1b1b2/4pp1p/p1ppP1pB/3P4/b5PP/1PPB1P1K/QR1RB1B1 w - - 0 15,opening,h5f7,190,h5f7:190;h5e2:96;h5f3:51;h5g4:28;a1a3:-12;f2f3:-20;d2g5:-29;g3g4:-37
2nkrrn1/ppqpp1p1/1p3p2/8/6pN/4P2n/1PPP1P2/NQNKRR1N w - - 2 11,opening,h4g6,111,h4g6:111;h4f5:104;b1a2:66;f2f4:66;c2c3:56;f2f3:48;c1e2:36;e3e4:28
b3b1rk/3pprp1/nppq1p1p/8/P1PNPP2/3P1R2/1N4PP/B3B1RK w - - 0 15,opening,d4f5,-314,d4f5:-314;e1c3:-319;b2d1:-342;e1f2:-352;d4c2:-365;d4e2:-388;g2g4:-401;d4b3:-407
nr1nkr1q/1pppppp1/1nQ4n/p7/2P2P1p/3P2PP/PP2PK2/NRNN1RN1 w - - 2 8,opening,c6g2,-21,c6g2:-21;c6b5:-50;c6f3:-58;c6c5:-74;c6e4:-74;c6h1:-101;c6h6:-608;c6b6:-614
1b3br1/p1rqpkp1/1pp1n2P/P4p2/2Bp1P2/1Q1PP3/1PP1KN1P/1nR3RN b - - 3 17,opening,b1d2,131,b1d2:131;b6b5:152;b1a3:184;b1c3:279;g7g6:374;c6c5:381;a7a6:384;d7d6:415
qb1br1r1/p1ppp1kb/8/1p1b1ppp/2P1P1BP/P3K3/BP1P1PP1/Q1B2RBR b - - 5 14,opening,f5f4,-436,f5f4:-436;d5e4:-419;d5c4:-320;d5f7:-280;b5c4:-277;d5c6:-193;d5b7:-192;d5e6:-171
1n1k2n1/r2p1n2/p2nrp2/1P2p3/3PP2p/1PPN4/2K2PPP/1R2RQ1N b - - 0 17,opening,d6b5,417,d6b5:417;e5d4:438;a6b5:455;a7c7:469;e6e7:515;d8c7:520;e6e8:529;a7b7:552
qkb1rb1n/ppprppp1/7n/7p/P2p1N2/6PB/KPPPPP1P/Q1BRR2N b - - 1 6,opening,d7d8,-79,d7d8:-79;f7f5:-64;d7d6:-63;e7e6:-55;e7e5:-10;b7b5:9;f7f6:21;b7b6:22
nnnkrrqn/p1pp1p1p/4p1p1/1p5P/6P1/NN6/PPPPPP2/2NKRRQN b - - 1 5,opening,g6h5,45,g6h5:45;c8d6:46;a7a6:80;b5b4:102;c7c6:107;g8g7:119;f7f5:158;b8c6:176
bqrbrb1b/3ppkpQ/1p3p2/p1p5/2P2P2/1P5P/P1RPP1P1/B2BRBKB b - - 0 6,opening,b8f4,315,b8f4:315;a8e4:481;e7e5:484;d8c7:515;c8c6:530;e7e6:546;d7d5:555;a8c6:559
br4rn/1pp1k2b/p5p1/1PNpP2p/q1P1P1pP/P2P4/3K4/BR2QR2 b - - 0 20,opening,a4a3,228,a4a3:228;a4a5:444;d5c4:527;b8f8:527;b8d8:542;g8f8:548;a4c4:560;d5e4:584
nq1rrbkb/2ppp1p1/3n4/pp2Np1p/4P3/5BP1/PPPPRP1P/NQ1R1BK1 w - - 0 7,opening,e4f5,446,e4f5:446;f3h5:405;d2d4:399;c2c3:356;c2c4:329;f1g2:322;a1b3:294;d1e1:288
knr1r1qn/ppppppp1/6np/8/1P3nP1/2N3N1/P1PPP2P/KNR1RNQ1 b - - 1 7,opening,g8f8,-95,g8f8:-95;e7e6:-79;g6e5:-73;c7c6:-72;e7e5:-66;f7f6:-66;g6h4:-61;d7d6:-29
rq3knr/1pppp2Q/p4p2/n2n1Npp/1P6/2P2N1P/P2nP1P1/R1N1K1R1 b - - 3 21,opening,d2f3,-844,d2f3:-844;h8h7:-802;b8a7:146;c7c5:299;e7e6:341;d7d6:346;e7e5:392;b7b5:412
1kbr1rbq/p1p1ppp1/2bp4/1P5P/1P4Q1/B2b4/2PPPP1P/B1KRBRB1 b - - 0 9,opening,c8g4,-454,c8g4:-454;d3b5:-185;c6b5:-169;f7f6:-93;d3c2:-91;c6e4:-84;c6b7:-82;e7e5:-52
4kbrr/pbbp2p1/1PP1ppq1/4P2p/8/B1QP4/b3B1PP/1B1K2RR b - - 0 20,opening,c7e5,-64,c7e5:-64;d7c6:39;a7b6:87;c7b8:157;f8a3:238;b7c6:250;c7b6:265;e8f7:285
1kbbnrnr/p1p1p1p1/5p1p/1P1p4/3PP3/1B4qN/KP3PPP/Q1B1NRR1 b - - 3 10,opening,g3d6,166,g3d6:166;g3g4:194;g3g6:241;g3h4:296;g3h2:479;g3b3:508;g3h3:565;g3g2:599
bqkbrrbb/1p1ppppp/8/p3P3/3P4/1Pp5/P1P2PPP/BQKBRRBB w - - 0 5,opening,g2g3,172,g2g3:172;a2a4:166;e1e3:151;g2g4:149;f2f4:146;a1c3:127;a2a3:100;f2f3:75
br1brbk1/pp2pp2/2pP2B1/6p1/P5Pp/1PbP4/R1Q1PP1P/3BR1KB w - - 2 16,opening,c2c3,661,c2c3:661;d6d7:622;d3d4:601;g6f7:597;g6h7:583;e1f1:565;e2e3:495;h1c6:489
rkn2b1r/p2bp1p1/B2p3n/2p5/3PPN1p/1Pq2P2/K1P2BPP/R1N3QR w - - 1 17,opening,a2b1,560,a2b1:560;g1d1:474;d4c5:406;g1e1:402;a6d3:394;c1d3:357;f4d5:343;f4g6:327
b1qr2rn/1p3kp1/p1p2n1p/5p1P/2PPpPP1/2Q5/PP1RPK2/BB1R4 b - - 2 20,opening,f5g4,-345,f5g4:-345;g8e8:-345;f6g4:-340;b7b5:-328;b7b6:-317;c8c7:-300;a6a5:-293;c8b8:-287
1rkbrnnb/2ppp1pp/q7/Pp3p2/3P4/P7/1KP1PPPP/QR1BRNNB b - - 0 5,opening,e7e5,-283,e7e5:-283;g7g6:-271;g7g5:-250;c7c6:-249;a6a5:-249;g8f6:-247;c7c5:-243;a6a7:-205
qrbkbnn1/pppp1p2/4p2r/6pp/4P3/2P3P1/PP1PNP1P/QRBKBN1R w - - 1 5,opening,d2d3,73,d2d3:73;b2b3:48;h2h4:23;a2a4:22;c3c4:12;f2f3:-25;h1g1:-44;d1c2:-53
bq1brr2/p1p1ppk1/1p4p1/6Pp/2P1B3/P2P3P/1PBR1K2/BQBb1R2 b - - 0 15,opening,d1c2,314,d1c2:314;f7f5:345;e7e5:355;d1g4:360;a8e4:361;f7f6:362;c7c5:363;b8c8:389
kqbr3r/1p3ppp/p3p1nn/3p4/4Q1P1/PPp1P1bB/2PPRPNP/1KB3RN w - - 0 17,opening,e4b4,-177,e4b4:-177;e4d3:-183;e4a4:-211;e4d4:-226;e4f3:-296;e4g6:-466;h1g3:-549;g4g5:-597
rn1nbbrk/ppqp2pp/5p2/1Np1p3/2P5/1P6/P2PPPPP/RNQ1BBRK b - - 1 5,opening,c7c6,32,c7c6:32;c7c8:43;c7b6:71;c7a5:107;b8a6:524;c7d6:527;f8d6:543;d8e6:547
n1n2rkq/4pppp/ppn1r3/P1pp4/1PPPnP1P/1N1N4/4P1P1/1NNR1RKQ b - - 0 10,opening,e4g3,-109,e4g3:-109;d5c4:-90;c6b4:26;c6d4:29;c6a5:125;e6h6:137;a8c7:162;e4f6:164
bqbb2rr/p4kpp/3p1p2/1pp5/4P1P1/b5p1/PPPP2BP/BQBBK1R1 b - - 1 10,opening,g3h2,-537,g3h2:-537;g8e8:-490;a3b4:-482;h7h5:-479;c5c4:-463;d8b6:-450;d6d5:-443;a8e4:-436
r1r1bb1q/p1kp2pp/7n/2p5/1B3P2/PP4p1/4P1QP/RKNR1BN1 w - - 1 16,opening,b4a5,469,b4a5:469;b4c3:374;b4d2:349;b4e1:329;g2d5:261;e2e4:203;h2g3:201;g1f3:198
n5rk/pp1rb2p/1n2P1p1/qbp2p2/4p3/1N5P/1P1PQ1P1/2RR1BBK b - - 1 22,opening,b5e2,-344,b5e2:-344;a5a2:-185;a5b4:-134;a5a6:-124;a8c7:-123;a5a4:-108;d7c7:-107;b6d5:-61
r1nbbrkq/1ppppppp/2n5/p2P4/1P6/P4QP1/2P1PP1P/RNNBBRK1 b - - 1 7,opening,c6e5,19,c6e5:19;c6b8:119;c6d4:164;c6a7:167;g7g5:260;g7g6:270;d7d6:285;a5b4:317
k2b1b1r/p1p1p2p/3p1p1b/P1P4b/5PBp/4P1BR/1P1P4/KQ5R b - - 4 20,midgame,h5g4,606,h5g4:606;h5f7:709;h5e8:714;h5g6:739;e7e6:764;c7c6:773;a8b8:788;d6d5:789
1qbbrr1k/1b2p3/1p6/2pp1p1B/pPPP3P/1Q2P3/P4PP1/2B1RRKB b - - 0 10,opening,a4b3,-482,a4b3:-482;d8c7:-463;e7e5:118;f8f6:151;e7e6:155;f8g8:167;c8d7:173;h8h7:187
rknn1n1n/1ppprppq/7p/p1N1p3/P7/4N3/1PPPPPPP/R1KR1NQN b - - 1 7,opening,d8c6,-119,d8c6:-119;c8b6:-115;f7f5:-109;h8g6:-108;e7e8:-101;d7d6:-98;f8e6:-94;d8e6:-94
r2k2rb/pqp1pppp/3n1n2/1p1p2BP/3PP1P1/7N/PPP3P1/RQ1KNR1B b - - 0 9,opening,f6e4,149,f6e4:149;d5e4:163;d6e4:206;b7b6:244;h7h6:262;f6g4:265;d6c4:278;b7c8:294
kqb2nnr/1pp2p1Q/4r3/1P1pp1pp/B5P1/2P2N2/PK1PP1NP/2B1b2R b - - 1 14,opening,f8h7,-751,f8h7:-751;h8h7:-691;f8g6:-331;e6h6:-293;b8a7:-143;h5g4:0;e6a6:20;e1d2:90
rn1rk1nn/np1pqppp/8/p1p1p3/8/N2P1NNP/PPPRPPP1/R1N1K1Q1 b - - 1 8,opening,d7d5,24,d7d5:24;e8f8:28;b8c6:30;e7e6:33;h8g6:41;b7b5:52;g8h6:57;f7f6:69
n1rbrkqb/ppppppp1/8/4n2p/3P4/1NP2P2/PP2P1PP/1NRBRKQB b - - 1 4,opening,e5c4,52,e5c4:52;e5c6:130;e5g6:160;e7e6:246;c7c6:248;g7g5:256;a8b6:258;h5h4:263
bnkbq2r/1pppppr1/p5p1/6np/4P3/1PN3NP/P1PPQPP1/B1KB2RR w - - 1 8,opening,e2e3,298,e2e3:298;c3b5:230;f2f4:195;c3d5:142;h3h4:136;d2d4:130;g1f1:114;g1e1:98
1r2rn1b/1R6/q1pbk2p/P2p1ppn/B1P5/3N4/P2PPPPP/3KRN1B w - - 2 18,opening,c4d5,-491,c4d5:-491;b7b8:-536;a4c6:-566;b7b3:-600;f1e3:-602;e2e4:-612;g2g4:-620;a4c2:-635
2rqk2r/p1ppp1bp/7n/np3p2/2b1P3/4B1P1/P1P2p1P/1NRQKBNR w - - 0 16,opening,e3f2,-283,e3f2:-283;e1f2:-456;e1d2:-581
b1q1brrk/1p2ppp1/pnp4p/3P1P2/P4nP1/1P2N2P/N2PPB1K/BQ3RR1 b - - 3 17,opening,f4e2,116,f4e2:116;b6d5:210;f7f6:222;b6d7:223;f4d5:226;c6d5:228;c8d8:231;c8d7:252
nr1rqbb1/p1pp2kB/3n4/4p1pP/N1QP1P2/PP2P1p1/2P5/NR1R2BK b - - 2 20,opening,e8h5,-799,e8h5:-799;g8h7:-799;g8c4:-796;d6c4:-721;g7h7:-632;g3g2:-581;g8f7:-542;g8e6:-511
rknr1bnq/p1pp1b2/1p3pp1/7p/2PpPP2/1N5P/PP4P1/RK1RBBNQ b - - 1 8,opening,c7c5,-203,c7c5:-203;g8e7:-116;c8d6:-115;h8h6:-107;a7a5:-91;f6f5:-78;d8e8:-77;h8h7:-68
1rb3kq/3p1rbp/pp2pp1p/1Pp3B1/P7/2Pb2P1/1R2P1PP/1B2RBKQ w - - 0 16,opening,g5f4,7,g5f4:7;g5c1:-171;g5d2:-182;g5e3:-185;g5h4:-287;g5h6:-301;e2e3:-326;h2h4:-376
1r2bqnb/rk1ppp2/1p6/p1pPn1pp/1P2P1PP/P4P2/R1PBN3/1RK2QNB w - - 2 15,opening,b4c5,265,b4c5:265;b4a5:231;e2c3:210;f3f4:176;e2g3:65;h4g5:36;e2d4:-13;g4h5:-15
n4qrn/4p1n1/pnp2kpp/3P1p2/1P3PPP/6r1/3P1K2/NR1N1QRN w - - 4 22,opening,h1g3,179,h1g3:179;g1g3:158;f2g3:155;g4g5:66;d5c6:-216;b1c1:-222;d1e3:-225;a1b3:-242
kbr1bbq1/1pp1pp1r/p5pp/1P1p4/3P4/P3B3/B1P1PPbP/K2RBBQR w - - 2 9,opening,f1g2,280,f1g2:280;g1g2:244;b5a6:202;d1b1:-87;c2c4:-111;e3f4:-120;a3a4:-144;f2f3:-150
nnrbrkqb/pp3pp1/3p3p/2p1p1N1/P1P5/3P3P/1P2PPP1/N1RBRKQB w - - 0 8,opening,g5e4,95,g5e4:95;g5f3:-92;g5f7:-228;g2g3:-241;g2g4:-247;a4a5:-249;h3h4:-249;e2e3:-252
rnbkq2r/1ppp1p2/p5p1/n3P2p/Pb2P1P1/7P/1BPPN2R/RN1KQB2 b - - 1 13,opening,a5c4,-13,a5c4:-13;d7d5:112;g6g5:115;b8c6:130;h5g4:138;b7b6:138;b4e7:144;a5c6:163
k1b1qr1n/1p1rpppB/p7/1nbp2B1/2pN3P/2P2N2/P2Q1PP1/1K1R1R2 b - - 3 17,opening,f7f6,-351,f7f6:-351;d7d6:-336;d7d8:-325;b5d4:-320;d7c7:-309;b5a3:-305;b5d6:-268;b5c7:-267
nnr1n1kr/2p3pp/3p1pq1/p3p1nP/1pN5/PP1PP1N1/2PR2NK/1N3QR1 b - - 5 21,opening,g6f7,-53,g6f7:-53;g6h6:72;e5e4:149;d6d5:174;b8c6:214;b8d7:256;b4a3:272;c7c5:280
b1rb1brb/3ppk2/5p2/ppp3pp/2PQ4/P3P1q1/BP1P2P1/B1RK1BRB w - - 0 12,opening,d4d7,210,d4d7:210;c4b5:-92;d4d3:-179;d4c3:-264;e3e4:-299;f1e2:-344;b2b4:-456;c1c2:-476
3nqn1r/1bkr4/3b4/p1pNp1pp/p1B3PP/8/1P1PPP2/BQ1RK1RN b - - 4 21,opening,b7d5,2,b7d5:2;c7b8:153;c7c8:184;c7c6:395
k1rnqrnn/ppp2ppp/4n3/3pp3/P1PNP3/4N3/1P1P1PPP/KNR1QR1N b - - 2 6,opening,e6d4,-451,e6d4:-451;e8a4:-439;e5d4:-432;e6c5:-364;d5e4:-259;d5c4:-219;e6f4:-178;f7f5:-118
n1rn1bb1/1pp3p1/p1kppp2/5Q2/P1Pq3r/3P1P1N/1P1KP1PP/N1R2B1R b - - 0 13,opening,d4b2,-744,d4b2:-744;e6f5:-678;c6d7:-564;a8b6:-551;d6d5:-536;g8f7:-519;d4b6:-505;c8b8:-503
bbqknrrn/1pp1ppp1/p6p/8/P5PP/3Pp3/1PP2P2/BBQKNRRN w - - 0 6,opening,f2e3,43,f2e3:43;c1e3:13;b2b4:-19;h4h5:-29;c2c4:-31;b1a2:-32;d3d4:-43;b2b3:-61
rb1nbr1q/1k1pnp1p/8/ppp1p1p1/1PP5/P4P2/RK1PP1PP/1B1NBRNQ w - - 1 9,opening,b4c5,-72,b4c5:-72;e2e4:-142;g2g4:-164;b4a5:-164;c4b5:-166;e1f2:-182;g2g3:-207;d2d3:-220
nnr1nkrn/2p1q1p1/p3p3/1p1p1p1P/8/PPPN4/3PPPKP/NNRQ2RN b - - 0 9,opening,a8b6,-117,a8b6:-117;g7g5:-105;c7c5:-101;b8d7:-94;g7g6:-82;e8d6:-76;e8f6:-58;e7g5:-44
1brn2r1/q1ppk3/1p3ppp/p5n1/P5b1/5PBP/1PP1P1P1/QBRN1KRN b - - 0 15,opening,g4e6,77,g4e6:77;g4f5:86;g5h3:278;g4h5:279;g4h3:307;g5f3:351;g4f3:359;c7c5:379
knrnnqrn/p4p2/1p1p2p1/2p1p2p/PP2P3/6P1/1NPP1P1P/KNR1NQRN b - - 0 7,opening,c5b4,-210,c5b4:-210;f7f5:-104;d6d5:-71;b8d7:-70;d8b7:-61;b8c6:-59;e8c7:-57;d8e6:-54
r1nkrq1n/ppp1pppp/n4n2/3p4/8/3N2PP/PPPPPP2/RN1KRQNN w - - 3 4,opening,f2f4,-47,f2f4:-47;f2f3:-65;d3e5:-78;e2e3:-91;g3g4:-99;b2b3:-101;g1f3:-115;b1c3:-116
r5br/1pp3kp/p4pn1/1q1pp1Q1/P1P1P1P1/RP1P1P1P/8/1BB1KN1R w - - 1 19,opening,g5h6,784,g5h6:784;g5g6:663;g5d2:567;a4b5:566;c4d5:546;g5f6:539;e4d5:538;g5e3:525
b1rb1brb/1qk5/p1pp1p1p/1P2p1p1/1P2P1PP/5B2/P2PBPBR/BQR1K3 b - - 0 15,opening,a6b5,262,a6b5:262;c7b8:386;c7b6:403;b7b6:414;b7a7:414;g8g7:432;c7d7:443;g5h4:454
1nbk1bnr/rpNp2pp/4ppq1/p1P5/2P5/7P/P2PPPPR/R1BKQBN1 w - - 0 9,opening,c7b5,176,c7b5:176;f2f4:-172;c7e6:-178;d2d4:-181;g1f3:-191;e2e4:-194;g2g4:-195;h2h1:-196
n4kr1/rp2p1p1/p1Q2nnp/PNp5/2pn2p1/4P1P1/1P1P1PK1/R2N2NN b - - 1 22,opening,d4c6,-547,d4c6:-547;b7c6:-320;g6h4:-182;g6f4:-133;d4b3:-18;a6b5:211;d4b5:246;f8f7:273
kqrbn1rb/1pppppp1/2B4p/p7/4n1PP/5N2/PPPPPP2/KQRB1N1R b - - 5 6,opening,d7c6,-397,d7c6:-397;b7c6:-330;e4f2:-114;e8f6:-49;e4c5:-26;e4f6:-15;e4c3:26;e4d2:65
2nr1q1b/pk1ppr1p/n3p3/2b3p1/1pP1P1P1/P1NPR2P/1KP2P2/N2QR2B b - - 10 18,opening,h8c3,-556,h8c3:-556;b4c3:-469;b4a3:-466;c5e3:-422;d7d5:-422;b7b8:-380;f7f2:-367;b7c7:-367
qrbrb1b1/pp1pp1k1/Bp3pp1/7p/3P1K2/5P1P/PPP3P1/QRBRB1b1 w - - 2 13,opening,f4g3,-457,f4g3:-457;h3h4:-564;e1h4:-603;g2g4:-615;f4e4:-769;e1f2:-941;a6d3:-99995;a2a4:-99997
b1brbrbq/kpp2ppp/p1Qp4/4p3/6PP/P7/1PPPPP2/BKBRBRB1 w - - 0 5,opening,c6c7,624,c6c7:624;f2f4:525;f2f3:524;c6c3:101;c6c4:-20;c6g2:-31;c6f3:-46;c6h1:-130
r1nrk2n/p1p1pp1q/n5pp/3p3n/Pp1P1P2/1N2P1PQ/1PPR3P/RN2K1NN w - - 2 12,opening,h3f1,220,h3f1:220;g1f3:192;h1f2:179;d2e2:175;h3g2:162;d2f2:156;b3a5:150;g3g4:148
1brbrqnk/pppp2pp/1n6/4pp2/P2N4/8/1PPPPPPP/1BRBRQNK w - - 0 4,opening,a4a5,-173,a4a5:-173;d4b3:-207;d4f5:-219;d4f3:-232;d4b5:-243;e2e4:-310;c2c4:-333;e2e3:-337
rnq1r1nk/pp2pnp1/4n3/2p2p2/2p2P1p/N2P2P1/PPP1P1KP/RQ1NR1N1 w - - 2 9,opening,a3c4,-348,a3c4:-348;c2c3:-420;g1f3:-424;d1f2:-424;b2b4:-429;d1e3:-431;d3c4:-446;d1c3:-450
1nk1nnr1/1pn1p3/8/p2r1ppp/1P1pp2P/N1P3PQ/P3RqN1/N1K1N1R1 w - - 0 17,opening,e2f2,391,e2f2:391;g2f4:-459;g2e3:-471;a3c4:-558;h4g5:-569;e2d2:-578;c3c4:-579;a3b5:-610
rb3bb1/1pr2p1p/1qpppbpk/8/2PBP1B1/1P1P1P1P/P5PK/RBR1QB2 w - - 1 14,opening,d4f6,606,d4f6:606;d4b6:448;e1d2:405;e1e3:393;d4e3:369;c4c5:287;e1h4:-152;d4c3:-193
1rkr2n1/1ppnp1p1/1Q3n2/3pnp1p/2P2NN1/3R1P1P/2KPP1P1/2qRN2N w - - 2 17,opening,d1c1,-39,d1c1:-39;c2c1:-253;c2b3:-99994
rrqn2k1/p2b2p1/1b2p1np/1P1p1p2/3P3P/pR3PN1/3RPQPN/3BBK2 b - - 0 19,opening,c8c1,-353,c8c1:-353;d8f7:-272;f5f4:-270;e6e5:-267;d8b7:-267;a7a6:-260;b8b7:-256;b6c7:-246
rknnr1q1/3ppn1p/1p6/p1p2pp1/P4PP1/1R4N1/KPPPRP1P/2NN2QN w - - 0 10,opening,f4g5,302,f4g5:302;g3f5:282;f2f3:274;a2b1:250;g3h5:241;d1c3:228;e2e1:225;d2d4:222
qbk1rnrb/pppppp2/4n3/6pp/1PP1PP2/8/PN1P2PP/QBK1RNRB w - - 1 6,opening,f4f5,-227,f4f5:-227;e4e5:-295;g2g3:-309;c4c5:-312;b4b5:-314;f1e3:-342;a2a3:-343;g2g4:-362
1nnkqrrn/p1ppp1p1/1n6/1p3pNp/8/1N3PP1/PPPPP2P/N2KQRRN b - - 2 6,opening,e7e5,-59,e7e5:-59;b8c6:-42;c8d6:-41;e8g6:-39;b6a4:-27;f8f6:-7;g7g6:0;b6c4:3
1k2r1rb/1bp1n1p1/4pp1p/p2pqP1P/p1P5/1nNP2P1/K2QP1B1/B1R2N1R b - - 6 23,opening,b3d2,-527,b3d2:-527;d5c4:-355;e7c6:-346;d5d4:-316;g7g5:-298;e7f5:-274;g7g6:-272;e6f5:-257
r2krqN1/p1p2npp/2nn4/4p3/pPPpPpn1/N2NQ3/3P1P1P/1RK1R1N1 w - - 0 19,opening,e3h3,-175,e3h3:-175;e3e2:-248;e3f3:-265;g8e7:-648;d3e5:-678;b4b5:-731;g8f6:-748;c4c5:-766
k1rbb1r1/1p1pppbp/p1p4q/6p1/2P1PbP1/P2P3P/1P2BPB1/KBR1BRQ1 b - - 0 13,opening,f4c1,-408,f4c1:-408;d8c7:-266;d8b6:-255;f4e5:-247;g7d4:-241;d7d6:-239;e7e6:-230;c6c5:-206
1brr1k1b/2pp1pp1/p2n3n/1p1q1p1p/3PP2P/QP3NP1/P1P2K2/1BRR2NB b - - 2 11,opening,h6g4,-324,h6g4:-324;f5e4:-317;d5b7:-269;d5e4:-253;b5b4:-238;d5e6:-232;d5a8:-215;d5c6:-115
q1b2rnr/1p2k2n/3ppNpp/6P1/p3BP2/P1P1B3/1P5P/QR2K3 w - - 0 22,midgame,f6g4,-265,f6g4:-265;f6h7:-278;f6g8:-286;c3c4:-350;b2b4:-354;e4f3:-355;f6e8:-359;f6h5:-372
brrkbbb1/ppp1pp1p/3p1qp1/8/1P2P3/P7/2PP1PPP/BRRKBBBQ b - - 0 4,opening,f6e6,39,f6e6:39;e7e5:40;f6g5:160;f6f4:204;f6h4:208;f6a1:427;f6g7:479;e8b5:536
1r1qk1nr/b1ppp1pp/p3n3/1P1b1p2/3P3P/1P3NN1/2PKPPP1/1BRQ3R w - - 3 12,opening,e2e3,-299,e2e3:-299;c2c3:-317;g3f5:-330;f3g5:-355;d2e1:-355;c2c4:-364;b5a6:-381;h4h5:-387
bkqrbbbr/ppp3pp/3p1p2/4p3/PP2P3/2P5/3P1PPP/BKQRBBBR b - - 0 4,opening,e8a4,-303,e8a4:-303;d6d5:-279;g8b3:-270;b7b6:-244;c8d7:-225;h7h5:-211;h7h6:-211;f8e7:-209
rkn1bb1r/p1qp1ppp/4p2n/1p6/PPp5/2PP1PP1/4P2P/RKNQBBNR w - - 0 7,opening,e2e4,73,e2e4:73;g3g4:71;a4b5:57;a4a5:44;a1a2:35;e1f2:20;d3c4:13;d1d2:5
knrn2q1/ppp1pppr/6n1/1Q2P1P1/7p/2P1n1N1/PP3P1P/KNRN1RN1 b - - 4 14,opening,e3f1,-411,e3f1:-411;c7c6:-385;a7a6:-364;h4g3:-295;e3d1:-216;e3g4:-147;e3g2:3;e3c4:26
b1b3r1/1B1ppk1r/3Q2pb/p1p4p/2P5/1B1P4/PP3pP1/B1K3bR w - - 1 22,midgame,c1c2,-829,c1c2:-829;d6f4:-99993;c1d1:-99998;c1b1:-99998
2k2rbb/3r2p1/p1b2R2/1p1p1pBp/P1Q1q1P1/2P1P2P/1P1P4/B1KBR2B b - - 2 22,opening,f8f6,212,f8f6:212;e4c4:295;d5c4:623;e4b1:635;g7f6:662;e4c2:662;b5c4:675;e4e6:724
br1nbknr/ppp1pppp/q7/3p4/5P2/P4N2/1PPPPNPP/BRQ1BK1R b - - 4 4,opening,b7b6,-28,b7b6:-28;b8c8:-4;h7h5:-3;f7f6:4;g8h6:19;e8d7:39;a6d6:41;h7h6:56
kbbrqrnn/p1pppp2/6p1/1p5p/4P2P/3P1P2/PPP3P1/KBBRQRNN b - - 0 4,opening,f7f6,127,f7f6:127;d7d6:127;e7e5:133;f7f5:144;c7c6:151;c8b7:166;e7e6:167;d7d5:181
1nrq3n/4kp2/pn3r1p/NPpp4/Q1NpP3/2P2pP1/1P2R3/1NR2K1N b - - 2 21,opening,f3e2,-736,f3e2:-736;b6a4:-720;d5c4:-561;a6b5:-530;d4d3:-469;e7f8:-462;b8d7:-435;b6c4:-378
n1rrq3/ppp1pk1n/n4p2/1N4np/PP1pP1pP/3PN3/2P1QPP1/N1R1R1KN w - - 0 12,opening,e3f5,291,e3f5:291;b5a7:268;h4g5:267;e3c4:228;b5d4:216;e3g4:213;e3f1:207;e3d5:207
nrnrqbbk/ppp1ppp1/3p3p/8/P3P3/6P1/1PPPQP1P/NRNR1BBK b - - 0 5,opening,e8a4,-79,e8a4:-79;c7c5:-62;g8h7:-58;b7b6:-56;f7f6:-55;d6d5:-54;e7e5:-49;e7e6:-45
b1rbb3/1k1p1r1p/pp1Pp2p/2p1PpPP/2PB1P2/P6B/2B5/1KR1B2R b - - 0 23,opening,b7b8,289,b7b8:289;c5d4:296;b7a7:306;h6g5:363;f7f8:418;a6a5:423;b6b5:429;c8b8:445
qr3r1k/1p1pbbpp/2Pnp3/p7/1n3N1P/2P1P3/P1BP1PPN/Q3R1RK b - - 0 15,opening,b4c2,-579,b4c2:-579;b4c6:-334;b4d5:-274;e7f6:-252;b4a6:-235;b7c6:-115;e6e5:-97;b4a2:-95
1brb2q1/p3p1kb/6p1/2pp2P1/p6p/R1PPP3/1PB1BPKb/1R2Q1B1 w - - 2 22,opening,g1h2,240,g1h2:240;a3a4:222;e2g4:216;d3d4:204;c2a4:193;f2f4:191;g2h1:187;c2d1:153
2b1b1rk/2pp1pbp/pr2p3/qp6/3P2P1/b4P2/P1P1PB1K/RQ1B1BR1 w - - 0 13,opening,g1h1,-399,g1h1:-399;c2c3:-414;h2g2:-420;e2e3:-444;g4g5:-444;b1b3:-457;f1h3:-466;h2h1:-484
n1qrn1kr/2ppp2p/p3n3/1pn5/4PN1P/PNN3N1/1PPP1PP1/2QR2KR b - - 1 10,opening,c5b3,445,c5b3:445;e6f4:474;e8g7:485;d7d6:497;c5a4:519;c5e4:536;e8d6:540;h7h6:541
2rqr1nk/p2pn1p1/n6p/1Np1pP1P/1P1P2N1/P7/R1PQ1P2/3N1RNK b - - 0 19,opening,d8b6,272,d8b6:272;e7f5:288;e8f8:322;e5d4:333;c8c6:348;d7d6:356;a6b4:395;e7c6:399
k1rn2rn/pn1pppqp/n1p5/1p4p1/3P3P/N2R4/PPP1PPP1/K2NNQRN w - - 4 8,opening,h4g5,35,h4g5:35;c2c3:-35;e2e4:-65;g2g3:-65;e2e3:-66;h1g3:-80;d1e3:-85;d3d2:-95
1nq2br1/rp1pp2k/2n3b1/p2N1p2/2pP4/1PN4P/P1P1PPPK/R3BB1R w - - 0 12,opening,f2f4,-503,f2f4:-503;h1g1:-506;g2g4:-515;c3b5:-516;b3c4:-522;e2e3:-522;e1d2:-527;e2e4:-542
1kb1rr1b/pp1p1pp1/3q2n1/3PB3/Pnp1P1Pp/1R5P/1PP1RPB1/N1KQ1N2 b - - 1 17,opening,g6e5,-407,g6e5:-407;e8e5:-388;b4a2:-289;d6e5:-169;b4d3:-39;e8e6:541;b8a8:569;c4b3:585
2kbr1rn/pb2ppp1/2p1q3/Pp1p1n1p/1PB2P1P/3K2P1/1B1P3R/1Q2RN1N b - - 3 18,opening,d5c4,-535,d5c4:-535;b5c4:-511;e6d7:-368;e6g6:-351;e6d6:-328;e6h6:-291;f5e3:-262;e6e1:-42
1brkbrbb/1pp1pppp/8/p2p4/5P2/2PP4/PPR1P1PP/QB1KBRqB w - - 0 5,opening,f1g1,478,f1g1:478;f1f2:-553;f1f3:-565;g2g4:-571;g2g3:-574;a2a4:-641;c3c4:-671;b2b3:-671
3r2nq/kBp1pp1p/1p1n1b2/p1NP2p1/b2p2P1/1P5P/P2PPP1N/RK1RB1Q1 w - - 1 14,opening,c5a4,264,c5a4:264;c5d3:202;b7c6:155;d2d3:154;f2f4:95;f2f3:86;b3a4:59;h3h4:34
brqkr1bb/1p1p1p2/p1p1p3/2b3pp/PP1P4/2B3P1/2PQPP1P/1R1KRBBB w - - 0 8,opening,d4c5,632,d4c5:632;b4c5:586;f2f3:354;b4b5:344;d2g5:313;f2f4:295;e2e4:264;h2h4:263
qrbkb1nr/pp1pppp1/2p4p/4n3/8/1PPPP2N/PR1K1PPP/Q1B1BN1R b - - 2 7,opening,d7d6,-36,d7d6:-36;c6c5:-31;b7b6:0;e5g6:14;b7b5:14;a7a5:35;f7f6:40;d7d5:52
rqbrknb1/p1pp2p1/1p2p1n1/5p1p/7P/P2PP3/QPPR1PP1/R1B1KNBN w - - 0 7,opening,h1g3,-12,h1g3:-12;b2b4:-37;f2f4:-68;f1g3:-77;f2f3:-77;a2b3:-93;d2e2:-98;b2b3:-105
brb1r2n/1ppp1pk1/2n3p1/p1P5/3Pp3/1qR4P/PPQ1PNP1/BRB3KN b - - 1 12,opening,b3c2,-68,b3c2:-68;b3a2:167;b3d5:291;b3b5:338;b3e6:343;b3b4:377;c6d4:389;e4e3:589
rkb4r/pppp2bp/4Pp2/8/3p1p1P/bP2B3/PBPR2P1/RK3B1B w - - 3 19,opening,e3d4,383,e3d4:383;e3f2:281;e3g1:275;e3f4:225;b2a3:213;e6d7:183;d2d4:75;b2d4:-104
r1n3kr/3pnppp/p1p1P3/P3pN2/3q4/pNNP3P/1PP1KPP1/5QRN b - - 0 18,opening,d4a7,309,d4a7:309;e7f5:369;d4b4:475;a3b2:531;f7e6:532;d7e6:540;e7d5:545;d4c3:554
brq2k1r/ppp1pppp/2np4/8/b6P/P1N2N2/1PPPKPn1/BRQ1B2R b - - 1 8,opening,c8g4,-751,c8g4:-751;g2f4:-701;b7b6:-576;b7b5:-553;f7f6:-512;c8f5:-477;e7e5:-475;f8e8:-461
brb2kqb/2br1p2/pp2B1p1/2ppp1Pp/2P4P/4PP2/PP1PB3/BRB1RK1Q w - - 2 15,opening,e6d7,123,e6d7:123;e6d5:60;e6h3:-9;b2b4:-330;e6f5:-361;c4d5:-363;e6g4:-371;d2d4:-389
1krbqb1r/pp1p1pp1/2p1p2p/2Q5/P2P2n1/1NP4N/1P2PPPP/1KRB1B1R b - - 0 9,opening,f8c5,-395,f8c5:-395;d7d5:-351;g4f2:-28;d8g5:253;g4h2:301;g4f6:307;b7b5:314;f7f5:327
k1brrbnn/pqpppppp/8/1p6/2P3P1/P4P2/1P1PP2P/QKBRRBNN b - - 0 4,opening,b5c4,-174,b5c4:-174;e7e5:-87;h8g6:-86;b7b6:-81;h7h5:-66;c7c5:-63;e7e6:-62;f7f5:-40
knqrbrn1/p2ppp1p/2p5/5Pp1/1p6/8/PQPPPBPP/KN1RNR1B b - - 1 6,opening,c8b7,481,c8b7:481;b8a6:483;d7d6:487;c6c5:503;g8f6:528;g8h6:534;e7e5:535;d7d5:557
kq1rb3/1p2pr2/np1pnpp1/1Pp4p/P1P2QPP/3PPN2/3b1P2/1K1RBR1B b - - 0 23,opening,e6f4,-534,e6f4:-534;d2e1:-395;a6b4:-364;a6c7:-320;d2b4:-314;b8a7:-307;d2a5:-301;f6f5:-284
1n1r2rk/pp1p2R1/Pn4n1/1Pp2p1P/3Pp3/1N1R3q/QP1N1P1P/2N4K b - - 4 15,opening,e4d3,-475,e4d3:-475;h3h5:-390;h3g4:-174;h3h4:-147;e4e3:-79;g6f4:303;h3h2:326;h3g2:379
2brqrnk/bp2p1pp/1n6/p2p4/2p1pP1P/P3Q1P1/BPPP2K1/N1BR1RN1 b - - 3 9,opening,e8g6,-474,e8g6:-474;c8g4:-474;g8h6:-448;c8e6:-443;g8f6:-440;c8d7:-435;e8h5:-433;d8d6:-422
rnq1br1n/pppp1ppk/4p2p/6bP/2P5/3P4/PP2PPP1/RNQBBRKN b - - 0 5,opening,g5c1,-660,g5c1:-660;f7f5:22;g5e7:43;g5h4:62;c8d8:74;c7c5:75;h7g8:89;b8c6:90
2rb2bk/3r2bp/1p2p3/p1ppbppq/P2P1P2/RPP1Q3/B3B1PB/2RB3K w - - 1 16,opening,e2h5,300,e2h5:300;d4e5:-24;e3g1:-242;e3e5:-253;e2b5:-256;f4e5:-264;e2a6:-266;g2g3:-295
1nrbr2b/2p3p1/3ppk1p/pp1n1p2/PP2qPP1/7P/2PP1KB1/NNRBR1Q1 b - - 2 13,opening,e4f4,-324,e4f4:-324;e4d4:-185;e4b4:-15;e4c4:-15;c7c6:274;d5f4:335;e4e1:353;b8d7:387
nkr2r1N/1pp1p1pp/p1np4/5p1n/3PNP1n/1Nq1P1PP/PPPNR2Q/2KR4 w - - 7 17,opening,e4c3,740,e4c3:740;b2c3:557;h8g6:436;e4c5:388;e4d6:387;a2a3:340;e4f6:254;b3c5:244
kbr3qb/pp2br1p/4p3/1Q1p1pp1/P1P1PP2/5b1P/1PP5/KBRBBR1B b - - 0 15,opening,f3h1,-403,f3h1:-403;a7a6:-312;c8c5:-232;f3d1:-203;f3e4:-194;h8b2:-186;b8f4:-174;e7a3:-156
n2r1nr1/pknp4/6pp/1p6/Pp1Pp1P1/1N1Nq2P/1PKNPP2/2R2RQ1 b - - 0 19,opening,e4d3,-132,e4d3:-132;e3h3:301;e3g5:412;e3d2:458;e3e2:485;e3d3:574;e3d4:618;b5a4:630
2brr1nn/k7/ppp1pp1p/2bp1Np1/P5PP/QPP2Nq1/3PPP2/1KBRRB2 w - - 5 14,opening,f5g3,430,f5g3:430;f2g3:191;b3b4:158;a3c5:63;d2d4:4;f5d4:-76;f5g7:-102;a3a2:-140
rbr2bbk/pp2p1pp/3pqpQ1/b1p5/6PP/1P1P4/P1P1PP2/RBRB1BBK w - - 1 10,opening,g6f5,-341,g6f5:-341;g6e4:-401;h4h5:-511;e2e3:-514;b3b4:-520;c2c3:-521;c2c4:-526;f1h3:-535
r1qnbbrk/1ppp4/p4p1p/R3p1p1/7P/1PP4K/3PPPP1/1NQNBBR1 b - - 0 8,opening,c7c5,108,c7c5:108;d7d5:121;g5h4:123;d8c6:124;e5e4:132;d8f7:150;f6f5:156;d8e6:156
brknqrbn/1p1ppp2/p6p/Q5p1/3p4/P2K4/1PP1PPPP/BR1N1RBN w - - 0 6,opening,f2f3,-127,f2f3:-127;d3d2:-181;f2f4:-195;b2b3:-203;b2b4:-215;a5e1:-223;a5e5:-225;a5b6:-259
brqbrbkb/pppppp1p/8/6p1/4P3/4R3/PPPP1PPP/BRQB1BKB b - - 5 4,opening,f8g7,-51,f8g7:-51;e7e6:-29;b7b5:-27;c7c5:-26;b7b6:0;h8d4:22;d7d6:23;h8e5:30
qrkrn2n/pppppppn/5n2/7p/8/P4NN1/1PPPPPPP/QRKRNN2 w - - 4 4,opening,e2e4,80,e2e4:80;b2b4:78;f1e3:77;a3a4:77;h2h4:66;g3f5:65;e1d3:63;d2d3:63
1k1r1rn1/b3ppp1/6Bp/p2p1b1P/Pp1P4/1PPP1qP1/2QB1N2/K3R1N1 b - - 2 18,opening,f3g3,-230,f3g3:-230;f3f2:-187;f3g2:227;f5d3:258;b4c3:276;f3g4:290;f3d3:356;d8c8:369
r2bqbbk/ppRpp1p1/5p1r/8/P2P1b1p/3BP3/1P1PB1PP/RB2Q2K b - - 1 14,opening,f4c7,-575,f4c7:-575;d8c7:-453;f4g3:-401;h4h3:-358;f4g5:-327;f4d6:-324;f4h2:-318;f4e3:-309
r2Bb1r1/p2p4/1nk2p1p/1p3np1/1P4PP/3P4/P1PNPNp1/RK1Qb1R1 w - - 0 19,opening,d1e1,625,d1e1:625;d8b6:603;g1g2:511;g4f5:501;f2e4:481;d8f6:459;f2h3:408;g1e1:361
qrbkb2r/p3p2p/1p2np1n/2pp2p1/8/1P5P/PRPPPPP1/Q1BKBNNR w - - 0 8,opening,d2d3,-101,d2d3:-101;f2f3:-102;a2a4:-124;b2b1:-139;b3b4:-145;a2a3:-160;h1h2:-166;g1f3:-175
rnn1rq2/p1kppNpp/1p3p2/2p5/1PP3nn/2N3PQ/P2PPP2/R2KR1NN b - - 3 9,opening,h4g6,-86,h4g6:-86;f8f7:-76;f6f5:-56;h7h5:9;c5b4:37;a7a5:77;c7b7:145;e7e6:146
4bbrk/1q1ppppp/2n1n3/2p3B1/rpN2PP1/p2PP1KB/PPP2N1P/R1QR4 w - - 10 19,opening,h3g2,-286,h3g2:-286;b2b3:-286;g5h4:-305;g3g2:-328;d3d4:-338;b2a3:-345;h3f1:-373;c2c3:-401
r1qbbrkn/1ppp1ppp/p1n1p3/7P/8/2P3P1/PP1PPP2/RNQBBRKN b - - 0 4,opening,f7f5,-138,f7f5:-138;d7d5:-108;d7d6:-103;c6e7:-102;f7f6:-84;a6a5:-83;e6e5:-81;b7b5:-77
k4rrb/pp3pp1/4B2p/2pQp1b1/1P3n2/P2P2P1/1Nq5/K1R1N1RB b - - 3 21,opening,c2c1,-535,c2c1:-535;f4d5:-282;c2b2:38;c2g2:433;e5e4:447;f8b8:495;c2b1:536;f4g2:554
br1n4/pp3kp1/1P1pbrnp/2p1pp2/2P1N2P/P3NQ2/1B1P1qP1/BR3R1K w - - 0 16,opening,e4d6,594,e4d6:594;f3f2:520;f1f2:485;e4f2:481;f3h5:304;e4g5:285;e3f5:236;e4f6:138
brbbrkqb/1ppp1pp1/4p3/p6p/1P4P1/2P5/P2PPPKP/BRBBRQ1B b - - 0 5,opening,h5g4,-109,h5g4:-109;g8h7:-101;a5b4:-88;b7b6:-85;g7g5:-63;b7b5:-55;d7d6:-19;g7g6:-18
n2knrqr/2p1pp1p/2n3p1/pp1p4/P2nNPP1/1PP5/3KP1QP/NN2NR1R b - - 1 14,opening,d5e4,-224,d5e4:-224;a8b6:-56;d4e6:-42;b5a4:196;d4b3:209;e7e6:219;f7f5:219;g8g7:222
1nnk1rqn/p1n1rp1p/1ppp4/3NP1p1/4P2P/1N2R3/PPP2PP1/N2KR1QN w - - 3 10,opening,d5e7,406,d5e7:406;e5d6:363;d5f6:183;g1h2:68;d5c7:66;d5c3:36;d5b4:-9;b3a5:-169
1brb2bk/r1ppq1p1/1p2p2p/8/pb1P4/P5P1/RPP1P1BP/1BRBQ1BK b - - 1 11,opening,b4e1,-538,b4e1:-538;e7g5:-257;b4d6:-56;b4a5:31;c7c5:201;e6e5:257;b4c5:272;b4c3:281
nnnr1rk1/p1pppp1p/1p1n2p1/1P6/2q2P2/P3P3/2PP2PP/NNNRNRKQ w - - 1 6,opening,g2g4,-43,g2g4:-43;c1d3:-54;a1b3:-71;h2h3:-71;f1f3:-74;g2g3:-84;e1f3:-94;b1c3:-95
2rqk2r/pbp1p1bp/2np2p1/1p3pP1/2N2P2/4P2N/PPP1K2P/BR1Q1B1R w - - 1 11,opening,c4d2,101,c4d2:101;c4a3:38;e2f2:-42;b2b3:-83;h1g1:-83;f1g2:-86;b2b4:-89;d1d2:-107
br1brkqb/pp2p1pp/2pp1p2/5bP1/8/2P5/PP1PPP1P/BRBBRKQB b - - 3 5,opening,g8a2,-222,g8a2:-222;f5b1:-184;e7e5:-88;f6g5:-77;f5h3:-69;b7b5:-55;b7b6:-49;g7g6:-48
1b1rn1rn/pq1k1p2/Q1p3N1/1p1pP1p1/2B3P1/b1PR3B/1P2P2P/2K1R2N b - - 7 22,opening,b7a6,-585,b7a6:-585;a3b2:-512;d7c7:-226;e8d6:-211;d7c8:-208;b7b6:-95;b7c8:-1;b7a8:210
Bbbr2br/2ppkppp/8/Pp5P/4PPP1/2p3b1/P7/Q1BBRKR1 w - - 1 18,opening,g1g3,659,g1g3:659;a1c3:596;h5h6:580;e1e2:572;c1a3:570;f1g2:566;c1e3:527;d1c2:485
rrk3bb/pp3pb1/8/P2p2pB/PpPp3P/1K1PP1P1/5P2/R1Q1R1B1 w - - 3 20,opening,e3d4,699,e3d4:699;c4d5:635;h5g4:586;h4g5:552;a1b1:544;c1d2:535;g1h2:516;e3e4:491
n1nknr1r/ppppp1pp/2n5/N4p2/2Pq4/7P/PP1PPPP1/1NNKNRQR b - - 0 5,opening,c6a5,-402,c6a5:-402;d4b2:-131;d4b6:19;e7e5:51;c8d6:83;e8d6:90;e8f6:90;e7e6:111
r1r1b1b1/ppbppp1k/6pq/2p4p/P2P1b1P/1PPB4/3BPPPB/R1RB1Q1K w - - 3 12,opening,h2f4,139,h2f4:139;d2f4:64;e2e3:-67;d2e3:-131;c1c2:-237;d2e1:-254;d3g6:-313;d4c5:-346
2br1r1n/kp2qp2/pNp3p1/P2p3p/3bn1P1/1PPR3P/4PP2/KB2Q1RN w - - 1 19,opening,c3d4,-81,c3d4:-81;d3d4:-178;b6c8:-184;a1b2:-450;a1a2:-452;b1c2:-474;b1a2:-477;e1c1:-487
rk2br2/ppppnn1P/8/P2P1qQ1/3bp3/RNB2B1P/1PP1PP2/1K4NR w - - 1 18,opening,g5e7,653,g5e7:653;g5f5:570;h7h8q:437;g5h4:402;g5g4:222;g5h5:190;g5d2:104;g5g3:43
nq5r/pp1r1kp1/2p2pb1/2Ppp2p/1P1PN1b1/P3P1P1/1Q3P1P/N1BRK1BR w - - 4 17,opening,e4d2,-88,e4d2:-88;e4d6:-189;f2f3:-251;e4c3:-267;e4f6:-349;d4e5:-367;e4g5:-391;h2h3:-396
rk1rbb1q/n6p/Q1pp4/Bp2p1p1/p3P1P1/Pn1P1P1P/1PP1N3/RK1R1BN1 w - - 0 16,opening,a6b6,99998,a6b6:99998;a5d8:368;c2b3:316;d3d4:155;f3f4:105;h3h4:80;e2g3:22;f1g2:-9
k2nqrn1/p2ppp1p/2r3n1/1pp3p1/4P3/PPNQ2PN/n1PP1P1P/K1RN1R1N b - - 0 9,opening,a2c1,-382,a2c1:-382;g6e5:-227;c6d6:-201;a2c3:-79;g6f4:-68;c5c4:94;g5g4:204;d8e6:268
brqkrb1b/p1ppp3/5p2/1p1b2pp/4Q1P1/PPP1P3/1B1PRP1P/1R1K1BBB w - - 9 10,opening,e4d5,-328,e4d5:-328;e4h7:-385;e4g6:-446;e4c2:-461;e4f5:-468;e4d3:-490;f1g2:-546;e4b4:-547
b2b2br/2kr4/1p2pbp1/p1p1qpPp/3pPP2/PQPP3P/1PBR4/B3KBBR b - - 6 21,opening,e5f4,-133,e5f4:-133;e5d6:112;d4c3:229;f6g5:332;a5a4:339;a8d5:339;f5e4:354;d7f7:400
b1nnbr1k/pp2pprp/3p2p1/1P3P2/2p3qP/2PP2P1/PQ2P3/B1NNBRRK b - - 0 10,opening,g4h3,-99999,g4h3:-99999;g6f5:-86;e8d7:-31;b7b6:0;e7e6:25;f7f6:29;e7e5:48;g7g8:77
nnnkqrrn/1ppppppp/8/p7/8/1PP3PP/P2PPP2/NNNKQRRN b - - 0 4,opening,g7g5,18,g7g5:18;f7f6:34;e7e6:35;f7f5:35;e7e5:36;b8c6:37;a8b6:41;d7d5:43
1r1N1n1r/qpp1k1pp/5p1n/p2p1b2/P4PP1/2NP4/1PP1P2P/QRBKB2R w - - 3 13,opening,g4f5,500,g4f5:500;a1a3:496;c3d5:496;c3b5:463;c1e3:444;h2h3:436;d8f7:398;d8c6:383
qb1r2nb/pp1p2kp/3np3/2r2p2/1PpP1Pp1/Q1P1P1P1/2R4P/1B1RNKNB b - d3 0 12,opening,c5c8,-110,c5c8:-110;c5b5:-81;c5c6:-31;c5c7:-22;c5d5:38;c4d3:66;d6b5:210;c5a5:354
b3k2n/1p1q1pr1/3b1np1/p1P1p3/7p/4KPN1/PPPR2PP/BBQ3R1 w - - 6 17,opening,d2d6,438,d2d6:438;c5d6:395;b2b4:350;g1d1:331;e3e2:288;g3h5:272;b2b3:232;c2c4:219
n1rbrk1b/pppn1p2/3Qp1qp/6p1/P2PB1P1/1NN5/1PP1PP1P/2RBRK2 b - - 0 9,opening,c7d6,-196,c7d6:-196;d8e7:364;e8e7:413;f8g8:598;f8g7:612
rnbkqbn1/2p1pp1r/1p1p3p/p5p1/PQPPP3/6PP/1P2KP2/RNB2BNR w - - 2 9,opening,b4d2,-119,b4d2:-119;b4c3:-164;b4e1:-165;b4b3:-178;b4a3:-179;b4b5:-180;h3h4:-668;b4b6:-674
qr2nbk1/p1p2pp1/1pnp4/4p3/1P1P1P1r/B1P1P1Pb/P4K1P/QR1NN2R b - - 0 15,opening,h4h8,-581,h4h8:-581;h4h5:-580;h4h6:-577;e8f6:-569;h4h7:-563;c6d4:-541;c6e7:-531;c6d8:-512
rnn1kbnr/pp3p1p/1qp5/3pP1p1/2P4P/1P1N4/P3PPP1/RNQ1KBNR w - - 1 8,opening,h4g5,335,h4g5:335;c4d5:292;b1d2:265;e2e3:252;c4c5:237;g2g4:229;a2a3:225;g2g3:215
nr1nkqrn/1p1pppp1/Qnp4p/3N4/8/4P1PP/PpPP1P2/NRNK2RN b - - 1 8,opening,b7a6,-855,b7a6:-855;b2c1q:-849;b2c1r:-849;b2a1q:-761;c6d5:-647;b2a1r:-626;d7d6:-520;b6d5:-500
1nrr1nkq/1ppp1ppp/1n1n4/p7/P3p2P/3P4/1PPNPPPQ/NNRRN1K1 w - - 1 6,opening,d3e4,97,d3e4:97;b2b3:97;b1c3:90;d2e4:78;c2c4:47;a1b3:-3;h4h5:-21;h2g3:-35
k1rbrn1b/2p1p1p1/8/p1n2p1p/PpN1PP1P/3P1R1Q/1PP3P1/1KRB3B b - - 0 19,opening,f8e6,590,f8e6:590;g7g6:603;e7e6:615;a8a7:620;f8d7:625;g7g5:632;c7c6:649;e7e5:659
r4nnr/ppp1k1pp/4p3/1P1pnp1q/N2P4/3N1P2/PRP1PKPP/3Q1NNR b - - 0 14,opening,h5h4,316,h5h4:316;e5c4:389;f8d7:449;e5d3:457;e5f7:465;e5g4:483;e5d7:498;e5g6:515
r1nbbrk1/p1ppppqp/np4p1/8/1P6/NNP4P/P2PPPP1/R2BBRKQ b - - 2 5,opening,c7c6,-26,c7c6:-26;f7f5:-18;d7d5:-8;c8d6:-3;e7e6:-2;e7e5:-1;c7c5:8;f7f6:37
nk2r2n/2p1pq1p/3r1nP1/pNnPpp2/P1P5/5P2/1PQ2NP1/N1KRR1N1 w - - 3 18,opening,g6f7,823,g6f7:823;b5d6:591;b2b4:560;a1b3:512;f2e4:501;g6h7:407;f3f4:403;c1b1:347
n2rr1kb/p2pp2p/1n1q2pb/1pp2p2/2P1P1P1/1N2Q3/PP1PBP1P/2NRR1KB b - - 2 8,opening,h6e3,-559,h6e3:-559;h6f4:-56;b5c4:-51;f5f4:8;d6f4:23;h6g7:42;h6f8:65;h8g7:84
brbnqrk1/pp1pp2p/2p3pn/8/1P1P2pP/8/P1P1PPK1/BRBNQR1N b - - 3 7,opening,h6f5,-65,h6f5:-65;d8f7:-43;h6f7:-33;g6g5:28;c6c5:191;f8f5:201;b7b5:224;d8e6:232
knrnr1qn/1ppppp1p/p3n3/8/1P2P1P1/2P5/P2P1PPN/KNRNR1QN w - - 0 7,opening,d1e3,216,d1e3:216;d1b2:209;h1g3:198;g1f1:197;d2d4:188;f2f3:181;g2g3:178;d2d3:171
1k4n1/qppbrpp1/2B2r2/p5bp/P1P1R2P/6N1/1P2NPn1/QKB1R3 w - - 3 20,opening,e4e7,89,e4e7:89;c6d7:78;e1d1:76;c1g5:0;h4g5:-43;a1a3:-165;c6d5:-165;c6b5:-204
nn1k1rqn/pp2r2p/1np1p1p1/3p4/P4p2/1PP5/2NPPPPP/1NNKRRQN b - - 1 9,opening,g6g5,-71,g6g5:-71;a8c7:-46;g8f7:-43;b8d7:-40;e6e5:-38;b6c8:-34;b8a6:-27;h8f7:-21
1nnr1rk1/pppppp1p/1n1n2p1/8/3q3P/1P2PP2/P1PP2P1/NNNRNRKQ b - - 0 5,opening,d4f6,-27,d4f6:-27;d4g7:-21;d4a1:0;d4h8:26;d4e5:74;d4b2:95;d4c5:130;d4b4:142
r1n1qbnr/kppbp1pp/p7/3p4/3P1P1P/5N2/PPP2PP1/RKNQBB1R w - - 9 14,opening,f3e5,224,f3e5:224;d1d2:222;c1d3:219;a2a3:213;f1e2:213;f1d3:207;g2g3:198;b2b3:197
n1r1qrnk/1p2pppp/p1pp4/8/5Nb1/P3P3/1PPP1PPP/NBBRQR1K w - - 1 7,opening,f2f3,556,f2f3:556;f4e2:504;e3e4:390;d2d3:352;h2h3:348;a1b3:346;c2c4:332;f4h3:330
br4bk/1pp1rp1p/1B4p1/3pp1P1/QPP1Bq2/P1R2Pb1/3PP2P/B3R2K b - - 0 22,opening,f4h4,-464,f4h4:-464;g3h2:-285;c7b6:-255;d5e4:-223;g3e1:-216;f7f5:-159;f4g5:-89;d5d4:-39
1r2k1r1/p1n1pnp1/1pn3np/8/PP1q1p1P/6P1/2P1PP2/NR1QKNRN b - - 0 16,opening,d4e5,-494,d4e5:-494;d4f6:-463;c7d5:-460;f4f3:-447;d4c3:-437;f4g3:-416;d4c4:-416;b8d8:-414
brrkbbbq/p1ppp1pp/5p2/8/1p3P2/4B1P1/PPPPP2P/BRRKBB1Q w - - 0 4,opening,h1g1,-153,h1g1:-153;f1g2:-182;h1a8:-520;h1g2:-555;e3a7:-590;c2c4:-663;d2d3:-673;h1f3:-678
k3rn2/p1n1pp1p/r4q2/6p1/2P1Nn2/N1pP2PP/PRn1PP2/1K1NR1QN w - - 0 22,opening,a3c2,451,a3c2:451;b1c2:308;b2c2:250;e4f6:185;a3b5:85;d1c3:48;b2b3:-60;e4c3:-160
knr1qrbb/1p1p1p2/pP4p1/3p3p/3B2nP/N1P3P1/PK1PP3/1NR3QR b - - 5 18,opening,g4e5,-499,g4e5:-499;h8e5:-463;h8f6:-440;g8h7:-427;h8d4:-418;f7f6:-417;e8e7:-416;g4f6:-377
kr1r3b/pp2p2p/3p2n1/2p2pPN/1nq5/N3P3/PPbP1PP1/K1R1QRBB w - - 3 16,opening,a3c4,456,a3c4:456;e1e2:-99999;d2d3:-99999;f2f3:-99999;g2g3:-99999;e3e4:-99999;d2d4:-99999;f2f4:-99999
1r2bnkn/r2p1p1p/p3p1p1/bp1p4/5q1P/1P1Q1P2/P1PBPNP1/RR1B2KN w - - 10 13,opening,d2f4,725,d2f4:725;d2a5:437;b3b4:371;d2e3:45;e2e3:-4;d3e3:-135;d2c1:-148;c2c3:-164
1knbrqrb/p1n2p2/8/1P2p2p/3p1Pp1/2P5/1P1PP1PP/NKNBR1RB b - - 0 9,opening,e5e4,-577,e5e4:-577;c8b6:-514;d4c3:-511;e5f4:-488;c7d5:-483;f7f5:-482;c8d6:-481;e8e6:-466
nnn1k1rn/pppq3p/4prp1/5p2/3PpPP1/QN6/PPP4P/NN1K1RRN w - - 3 10,opening,d1c1,-24,d1c1:-24;b3c5:-72;h1g3:-81;b1d2:-86;h1f2:-87;c2c3:-91;f1e1:-99;g1g3:-113
rkqbrb1b/pp1pp1pp/2p2p2/1B6/4P3/8/RPPP1PPP/1KQBR1BB w - - 0 4,opening,b5f1,335,b5f1:335;b5d3:315;g2g4:304;b5e2:297;g2g3:294;b5c4:292;b5a4:277;e4e5:190
1r2k1nr/1bpp2pp/7P/pp3p2/1b1Pp2q/R4PP1/1PPNP3/2BQKBN1 b - - 1 16,opening,h4g3,-99999,h4g3:-99999;h4h2:-558;h4h6:-498;b4d6:-469;h4g5:-446;h4f6:-428;h4e7:-414;b4d2:-383
rrnbnq2/B2ppbp1/6kp/1pp2p2/PP3P2/1NPP4/4PQPP/RR1BN2K b - - 0 10,opening,a8a7,-184,a8a7:-184;c8a7:-79;f7b3:88;b8b7:280;c5c4:294;c5b4:320;e8f6:397;b5a4:400
r2rn1kq/p1ppppp1/np4np/3P4/8/P2R4/1PPnPPPP/NNR2NKQ w - - 0 9,opening,d3d2,-48,d3d2:-48;f1d2:-180;b1d2:-199;g2g3:-452;b2b4:-453;h2h4:-466;b1c3:-467;f1e3:-468
kbbnqr1r/pppp1pp1/5n2/4p2p/PP1P3P/4PNP1/2P2P2/KBBNQR1R b - - 0 7,opening,d7d6,-47,d7d6:-47;d7d5:-35;e5d4:-13;e5e4:-2;d8e6:-1;c7c5:1;b7b6:29;f6g4:31
rqn1k1rn/2pp1ppp/4nn2/ppN1p3/7P/2N2PN1/PPPPP1P1/RQN2KR1 w - - 0 7,opening,b2b4,3,b2b4:3;c1d3:-7;c5e6:-43;g3e4:-56;c5e4:-56;c3e4:-64;c1b3:-110;c5d3:-112
3rr1bk/p4p2/4pqpp/1ppp1Pb1/1PP4P/PQ4b1/3PP1K1/BBR1RBB1 b - - 5 15,opening,f6a1,197,f6a1:197;g3e5:358;g3e1:405;d5d4:432;g3h4:456;g3f4:457;g3b8:463;g3c7:472
2nknrqr/ppp1ppp1/n7/2Np3p/2n5/N2N1N2/PPPPPPPP/3K1RQR w - - 0 6,opening,a3c4,411,a3c4:411;c5b7:391;c5a6:208;d1c1:78;c2c3:32;b2b3:2;e2e3:-43;d1e1:-83
rqn1nk1r/p1p1npp1/1p1pp1n1/1P4Np/P7/2PP2N1/1Q2PPPP/1RNN1KR1 w - - 1 11,opening,e2e4,-13,e2e4:-13;c3c4:-32;g3e4:-34;h2h4:-38;g5f3:-50;g3h1:-58;e2e3:-59;d1e3:-81
r2b1rn1/7k/n1pqppbp/pp6/1PP1P1P1/2Q2BP1/P2PNPK1/R1B2RN1 b - - 2 21,opening,a5b4,141,a5b4:141;b5c4:198;e6e5:200;a6b4:221;d6b4:273;h7g7:273;d6d7:286;a6c7:300
rbqnr3/pppp1p1n/3kp2p/6p1/1P5P/Q2P1P1N/PbP1P1P1/RB1R1NKB w - - 5 9,opening,a3b2,371,a3b2:371;a3b3:-285;a3a4:-338;a3a5:-371;h3g5:-603;f3f4:-620;d3d4:-622;c2c4:-623
kb1nqrr1/ppp1pppp/3p4/3P2N1/6b1/6P1/PP1PPP1P/KBBNQR1R w - - 2 6,opening,g5h7,508,g5h7:508;d2d4:506;d1e3:498;f2f4:490;h2h3:487;e2e4:478;d1c3:478;h2h4:472
q3n1rr/pp2k1p1/n2n1pP1/2p3p1/P1p1p2N/N1KP1P2/1P2P3/QNN2R1R b - - 0 17,opening,h8h4,-233,h8h4:-233;c4d3:-212;a6b4:-198;e4d3:-188;g5h4:-166;e8c7:-166;a8d8:-139;b7b6:-138
rn4rk/p1pR4/2P1pp1n/1pq5/PP4pp/RN2PP2/2P1QnPP/1N3NK1 b - - 0 22,opening,f2h3,-314,f2h3:-314;c5c6:-74;c5c4:213;c5b4:215;c5f8:224;g4f3:233;c5h5:251;c5f5:274
bqbbrrkb/p1ppp3/1p6/6pp/B3Pp2/2PP3P/PP1B1PP1/BQ2RRKB b - e3 0 6,opening,e7e6,-119,e7e6:-119;c7c5:-107;b6b5:-89;f8f7:-72;e7e5:-71;g5g4:-62;c7c6:-48;h8g7:-25
k2nbr1q/pr1pn1pb/1Bp5/3NBp1p/PP2P2P/3P1P2/2P1N1P1/KR3R1Q b - - 0 17,opening,c6d5,92,c6d5:92;e7d5:168;a7b6:215;f5e4:228;b7b6:271;d8e6:334;e7g6:353;d8f7:381
1bkrnbrn/p1ppppp1/1p6/7p/5N2/2P5/PP1PNqPP/QBKR1B1R w - - 0 10,opening,e2d4,135,e2d4:135;b1h7:96;f4h3:75;e2g3:74;e2g1:21;a2a4:10;g2g3:0;a2a3:-11
qrb2bkr/2p2ppp/3p1p2/p3P3/1pP1B2P/3N1Pn1/PP1P1KP1/QRB4R w - - 1 16,opening,e4a8,315,e4a8:315;f2g3:209;e4h7:-307;h1e1:-372;e5f6:-392;b2b3:-401;d3f4:-463;e5e6:-469
bk1brqrn/1p1p2pp/B1n5/p3pP1P/2QP4/2P3N1/PP3PP1/BKN1R1R1 w - - 1 12,opening,a6b5,214,a6b5:214;c4b3:118;d4d5:89;c1d3:86;c1b3:21;g3e4:0;c4a4:-27;c4b5:-73
bnk1q1rr/3pp1pp/p1p1np2/1N6/1PPB4/4N1b1/P2PPPRP/2KBQ1R1 b - - 3 11,opening,c6b5,-260,c6b5:-260;a6b5:-258;g3f4:-195;g3e5:13;g3h2:23;g3h4:27;c6c5:95;g3f2:106
b2brqrn/1k1pp1pp/3n4/ppp2p2/1P2PP1P/2Q5/P1PP2P1/BKNBR1RN b - - 3 8,opening,c5b4,-149,c5b4:-149;a5b4:-38;d6e4:-34;e7e5:0;d6c4:22;e7e6:32;h8g6:34;c5c4:91
rbq2k1r/pp1p1ppp/n1p1pb1n/P7/3P4/R4N2/1PP1PPPP/1BQB1KNR w - - 1 7,opening,c2c4,100,c2c4:100;e2e4:97;c2c3:90;c1d2:90;e2e3:88;b2b4:75;h2h3:60;g2g3:50
rnqnrnnk/pp2pppp/2pp4/8/2P3P1/1P3P2/P2PP2P/RNQNRNNK w - - 1 5,opening,d2d4,37,d2d4:37;d1e3:36;c1b2:26;f1g3:15;b1c3:10;c1c3:9;e2e3:8;d1f2:8
1n2rrkn/2Nqp2p/p1np4/2p2p1P/3P1PpN/1p3R2/PPP1P1PK/Q1N1RN2 b - - 9 21,opening,g4f3,-224,g4f3:-224;d7c7:-203;c6d4:-127;b3c2:-71;c5d4:-21;c6b4:-15;e8c8:45;e7e5:60
2b1k2r/2r2bpp/p3np1n/1pP1Qq2/3P1PPP/3P4/P2K3R/1RB1B1N1 w - - 1 23,opening,g4f5,79,g4f5:79;e5c7:5;e5f5:-152;h2e2:-337;d4d5:-389;e5d6:-401;g1e2:-403;h2g2:-440
1b1r1k2/3rpp1p/p1pp1n2/P1P3p1/2B3nP/1p2PKP1/1b1R4/QBR1N1N1 b - - 1 17,opening,b2a1,-322,b2a1:-322;g4e5:-289;g4h2:-115;b2c1:15;b2e5:280;d6d5:303;d6c5:385;g5h4:431
1rbkbn1r/1qp2p1p/pp2p3/1P1p2p1/PR1Pn3/2P3P1/4NP1P/1QBKBN1R b - - 1 12,opening,f7f6,-201,f7f6:-201;h7h6:-173;h8g8:-167;c7c5:-148;c8d7:-146;g5g4:-144;a6a5:-142;f8d7:-112
b1k2rbb/1pq3pp/4rp2/p1pB1QbP/2P3P1/PPB1P3/3PRP1B/2KB1R2 b - - 2 20,opening,c7e7,505,c7e7:505;c7b6:549;c7h2:652;g7g6:685;c7d7:726;c7d8:730;c7f7:736;f8e8:797
nr2kqrn/3p1ppp/1n1n1N2/p1p1p3/1p3P1P/2PN4/PP1PP1P1/NR2KQRN b - - 1 13,opening,g7f6,-333,g7f6:-333;e8d8:284;e8e7:359
qkbrr1nn/1p1p1pbN/4p1p1/p1p5/PP1P1P2/2P1P3/6PP/QKBRRB1N w - - 1 10,opening,b4c5,323,b4c5:323;d4c5:224;c1a3:220;h1f2:220;h1g3:212;b4b5:209;c1d2:205;g2g4:199
n1rbr2k/bpppn1p1/5p1p/P5q1/P3p3/3P2PP/2P1PPQ1/NBRBR1NK w - - 3 11,opening,a1b3,228,a1b3:228;e2e3:176;a5a6:-284;g2f1:-338;e1f1:-340;g2e4:-381;b1a2:-411;f2f4:-423
b1qrb1rk/p2pp1pn/n1p3Q1/1p3p2/3PP3/3R2N1/PPP2PPP/BN2B1RK b - - 1 7,opening,e8g6,-428,e8g6:-428;e7e6:-224;g8f8:-220;f5f4:-92;d7d5:137;f5e4:139;a6b4:141;c6c5:143
kbnrb1qr/2p1pppp/3p2n1/pp4P1/4P3/P7/BPPP1P1P/K1NRBNQR b - - 2 5,opening,e8c6,158,e8c6:158;c7c5:158;e7e6:160;h7h6:162;a5a4:163;b8a7:178;c7c6:178;e7e5:187
bkrq2br/3p2b1/2p2b2/pp4pp/P3P3/7B/1PP1QPPP/BK1R2BR w - - 0 21,opening,d1d7,-110,d1d7:-110;f2f3:-189;e4e5:-224;h3d7:-242;h3f5:-251;e2e3:-267;f2f4:-270;a4b5:-297
2rq1krn/ppn1p1pp/1np5/1Qn1Np2/3pP3/2P5/PP1P1PPP/NNR2KRN w - - 1 9,opening,b5c5,296,b5c5:296;b5e2:-97;b5a5:-141;e5g6:-142;b5b4:-183;e5c6:-398;e5f7:-474;e5d7:-556
nkq1rnrb/p1pp1pp1/b6p/1p2pN2/1PP5/3P3P/P1N1PRP1/1KBQ2RB b - - 2 10,opening,b5c4,-92,b5c4:-92;a8b6:-74;f8e6:79;a6b7:91;h6h5:105;c8d8:121;d7d6:137;e5e4:145
b1rqk1nr/p1pp4/1p2p2p/n1P1Pp2/1b4p1/3P3N/1P1Q1PPP/BNR1KB1R b - - 0 11,opening,b4d2,-656,b4d2:-656;b6c5:-534;a5c6:-450;b4c5:-409;a8g2:-404;g4h3:-380;a8d5:-322;h8h7:-275
n2r1rkq/ppnpp1p1/1np2p1p/8/1n2P2P/3P4/PPPN1PPK/NN1RNR1Q b - - 3 8,opening,b6a4,-9,b6a4:-9;e7e5:21;d7d5:29;f6f5:31;b4a2:43;h6h5:45;c6c5:51;c7e6:66
rknqbb1r/2ppn1pp/p7/1p3p2/PQP1p2P/8/1P1PPPP1/RKN1BBNR w - - 2 9,opening,a4b5,128,a4b5:128;b4b3:35;c4b5:0;d2d4:-21;d2d3:-56;e2e3:-83;f2f3:-95;g1h3:-96
r1bqkb1r/2bpp3/1pp2n2/6pp/PRP1P3/3B1P2/P2PN1PP/2BQKB1R b - - 3 10,opening,e7e5,-43,e7e5:-43;h8g8:-18;e7e6:35;h8h6:81;f8h6:86;e8f7:105;d7d6:112;f8g7:139
rbknbrnq/p3p1pp/2p2p2/1p1Q4/2PP4/6PP/PP2PP2/RBKNBRN1 b - - 0 5,opening,c6d5,-597,c6d5:-597;b8f4:-380;f6f5:140;g7g6:146;a7a5:167;b8c7:196;b8d6:199;g8h6:205
1br1b1rn/p1pp2k1/4n1p1/1pq1Np2/1P1PPP1P/4N3/PBP5/QBR2K1R b - - 4 16,opening,c5b4,372,c5b4:372;c5b6:385;c5d6:396;c5e7:407;c5f8:421;c5e5:593;g7f8:644;c5c4:646
b2brrb1/1p1kpp2/2p3pp/P2pb3/2P1P3/P4P2/3PQ1PP/2KBR1RB w - - 1 12,opening,f3f4,370,f3f4:370;e4d5:361;e2e3:322;g2g3:314;c4c5:311;d1c2:308;e2f2:306;c4d5:301
1k1br1rb/b5p1/1pp1p1p1/p7/Pb1qPPRp/1P1PQ3/K3B2P/1B1B1R1B w - - 0 21,opening,e3d4,490,e3d4:490;e3c1:33;e3f2:-22;f1f3:-57;g4g3:-76;e3f3:-99;e3g1:-159;e3h3:-294
k4r2/pnp4p/1p2Q1b1/Pq1r1p2/3P2pP/3N4/1PP2bB1/KR1NBR2 w - - 0 19,opening,e6d5,579,e6d5:579;d1c3:514;g2d5:454;b1c1:322;e1b4:303;b2b4:264;b2b3:256;e6e7:219
knrnnqrn/1p2pppp/p1pp4/8/2P5/2N2P2/PP1PP1PP/KNR1NQRN w - - 0 4,opening,d2d4,63,d2d4:63;g2g4:61;c3a4:55;e1c2:54;h1g3:52;e2e3:52;f3f4:48;e2e4:39
bq3brb/pp2k3/3ppp1p/b6B/1Pr1BpP1/2BBP2P/P1Pp1K2/1Q1R1R2 b - - 1 17,opening,c4c3,-224,c4c3:-224;f4e3:-165;c4e4:-98;b7b5:-44;c4c8:-37;b8c7:-25;f6f5:-24;c4c7:-19
1rbbrkqb/p1ppppp1/1p6/P6p/3Q3P/5P2/1PbPP1P1/BRBBRK1B b - - 0 5,opening,g7g6,-323,g7g6:-323;c2b1:-318;g7g5:-295;g8h7:-289;c7c5:-286;e7e5:-285;c2d1:-245;c2h7:-194
b3rr1b/1pk1p3/3p4/p2n2Pp/P2Pp3/7q/1BPNRP2/2K2QRB b - - 0 21,midgame,h3f1,-72,h3f1:-72;d5f4:-63;h3d7:-44;h3c8:52;h3h4:112;h3e6:143;h3h2:163;h3f5:215
rb1qrnkb/pppp1ppp/6nQ/P3p3/3PP3/8/1PP2PPP/RB1NRNKB w - - 0 6,opening,h6e3,59,h6e3:59;h6d2:44;a5a6:31;h6h5:-22;h6h3:-63;h6c1:-65;h6g6:-523;d1e3:-622
rnnkrq2/2p3pp/1p3pn1/p2pp3/3PNP2/1NnNP1Q1/1P4PP/R2K1RN1 w - - 1 16,opening,e4c3,177,e4c3:177;b2c3:-259;d1c2:-513;d1c1:-571;d1e1:-602;d1d2:-784
brkrn1bn/1pp5/1P3pp1/p1qp4/1RPp1PpP/P4RN1/4P2B/B1K2NQ1 b - - 2 18,opening,a5b4,-533,a5b4:-533;c5c6:-421;g4f3:-387;d5c4:-351;c5e7:-345;c5d6:-299;c5f8:-265;h8f7:-231
1qnn1rrk/2p3pp/2b1p1b1/pp1p1P2/3N4/3PPP2/PPPB3P/BQ1N1RRK b - - 2 8,opening,g6f5,78,g6f5:78;f8f5:178;e6f5:188;g6h5:210;g6f7:220;g6e8:233;c6e8:381;c6d7:390
kr3rbq/pbp1N2p/1n1pn1p1/3Q1p2/2P3PP/4N3/PP1PPP2/KR2BRB1 b - - 0 12,opening,b7d5,-526,b7d5:-526;b6d5:-506;e6c5:-403;e6d4:-337;h8g7:-325;f5f4:-296;f8e8:-272;b8e8:-239
3brr1b/p1qppk1p/b5p1/3b1p2/Pp1P4/4PP2/1PP3PP/BQ1BRRKB b - - 0 9,opening,f7g8,-591,f7g8:-591;a6f1:-578;e7e6:-563;h8g7:-561;d5a8:-553;b4b3:-552;e7e5:-550;f5f4:-550
q1brknnr/bp1p1p2/p1p3p1/4p3/2P1PP1p/P2PB1P1/1P1R3P/QB1K1NNR b - - 0 9,opening,d7d5,-86,d7d5:-86;a7e3:-73;d7d6:-59;h4g3:-59;g8h6:-43;g8f6:-43;f8e6:-23;e5f4:14
knrnqrbb/pp1p2p1/5p1p/2p1p3/P2B2P1/2N2P1Q/1PPPP2P/K1RN1R1B b - - 1 7,opening,e5d4,-451,e5d4:-451;c5d4:-434;d7d5:-254;f6f5:-253;d8e6:-183;g7g5:-166;e8f7:-133;d8f7:-124
brq1b1nr/p1p1pn1p/1p2kp2/3pN1p1/6N1/P3PQ1P/1PPP1PPR/BR2BK2 w - - 2 11,opening,e5f7,-99,e5f7:-99;b2b4:-174;f3g3:-186;b2b3:-188;h3h4:-224;d2d3:-237;e3e4:-251;d2d4:-260
1q2nrnb/2p1k3/rp1p1pp1/p3P2p/2P4P/3NB2P/PP2PP2/RQ1K1RNB b - - 0 11,opening,d6e5,463,d6e5:463;f6e5:495;b6b5:545;e7d8:545;e7d7:556;b8d8:572;f6f5:579;c7c6:586
kn3brb/1pr1q2p/3pp3/p1NQ2p1/1P1PP3/PB5P/2P2P1R/KN1R1B2 b - - 0 20,opening,e6d5,-391,e6d5:-391;d6c5:-17;h8d4:186;c7c5:200;g8g6:424;c7c8:439;b8c6:442;a5a4:471
k1rbqb1r/3ppppb/ppp5/1P6/3P2p1/P1QP1B1P/K1P2P1B/B1R2BR1 b - - 1 14,opening,g4f3,-148,g4f3:-148;e7e5:192;h7g8:236;a6b5:237;f7f5:243;e7e6:262;f7f6:272;a8a7:282
1rq1kb2/rpp1np2/p1n4p/3p2p1/2P1p1N1/5P2/PPNQP1PP/RR1K1B1B w - - 2 15,opening,g4f6,459,g4f6:459;c4d5:398;d1e1:350;g2g3:307;d2c3:273;c2e3:269;e2e3:248;c2b4:239
b1q1rr1n/2k2ppp/1p1p2n1/1P1Bp1b1/5P2/2PP2P1/KB2P3/2N1RQRN b - - 6 20,opening,a8d5,-180,a8d5:-180;e5f4:-45;c8d7:41;g5f6:43;g5f4:48;f7f5:92;g5e7:93;c8f5:107
1rq1brnb/kpp1pppp/p1n5/3p4/P7/4PN2/KPPP1PPP/1RQNBR1B w - - 3 5,opening,d2d4,81,d2d4:81;b2b4:79;d2d3:37;b2b3:-2;b1a1:-61;h2h3:-75;a2a1:-80;g2g3:-80
brbn1rkn/1p2p3/3p3p/p1p2pp1/1P1PP3/2Q1BPP1/qRP3KP/B2N1R1N w - - 6 12,opening,b2a2,517,b2a2:517;b4c5:1;e3g5:-71;d1f2:-83;d4c5:-113;d4d5:-140;e4f5:-144;g3g4:-166
rbbkqbrb/1p1pp1pp/B1p2p2/8/2P3P1/4P3/PP1P1P1P/RBBKQ1RB b - - 0 4,opening,g7g6,-210,g7g6:-210;f6f5:-158;g7g5:-143;h7h6:-125;e8f7:-116;a8a6:-105;b8h2:-72;h7h5:-57
2k1brn1/b2p3q/rpn2p1p/p1p1pPp1/8/PP3N1P/1KPPP1P1/RB1NBR1Q b - - 1 12,opening,e5e4,-152,e5e4:-152;b6b5:-131;d7d5:-112;a5a4:-46;g8e7:-30;e8f7:-18;h7e7:-9;d7d6:18
1n4kq/r3prNB/2p2p2/3p2p1/1P4P1/p6P/PNPP1P2/R3BnK1 b - - 0 22,midgame,h8h7,-764,h8h7:-764;g8h7:-739;g8g7:-726;g8f8:-496
q1rnk1rn/p1b1bpp1/2p1p3/1p1p3p/1P1P4/2P1N2P/P1B1PPP1/Q1R1KBRN b - - 0 9,opening,c7h2,-341,c7h2:-341;a7a5:-282;f7f5:-198;g7g6:-197;e7d6:-196;c7d6:-189;g7g5:-188;d8b7:-169
rqbnbrk1/pppppn1p/6p1/3P1p2/8/B7/PPP1PPPP/RQBN1RKN b - - 3 4,opening,d7d6,53,d7d6:53;c7c5:169;e7e6:256;e7e5:258;f7d6:271;c7c6:279;b7b5:305;a7a5:313
q3br1k/2p3rp/pp1p1p2/n1B3P1/1PbP3P/PQ5N/2P1P1P1/B3RR1K w - - 0 22,opening,b3g3,356,b3g3:356;b3c3:350;b3b2:255;b3e3:239;b3f3:234;b3b1:198;f1f6:26;c5d6:-189
b1rq1bnr/p1p1kpp1/2Rp3p/nP2Q3/4P2P/1PNB4/P2P1PP1/B3K1NR b - - 0 12,opening,d6e5,-538,d6e5:-538;e7d7:434
b1rbqbbr/ppk1p1pp/5p2/2pp4/P7/1BP5/1P1PPPPP/BKR1QBBR b - - 3 5,opening,b7b5,-238,b7b5:-238;c5c4:-231;e7e5:-216;b7b6:-210;c7b8:-201;e8d7:-184;e7e6:-184;a7a6:-177
br4kb/p3b2p/1ppprp1b/4pqp1/1P4P1/1RBP3P/P1P1PP1K/1Q1BRB1B w - - 2 11,opening,g4f5,771,g4f5:771;f1g2:278;h2g1:262;h1e4:261;e2e3:254;h1f3:218;h2g3:169;h2g2:143
q1rk1b1r/pp2pppp/7n/3P1n2/1P1N1b1P/P7/2Q1P1P1/1BRK1B1R w - - 0 20,opening,c2c8,-50,c2c8:-50;d4e6:-546;d4f5:-623;d4c6:-643;c2c5:-663;h1h3:-665;e2e4:-690;c2c3:-696
n1n1r1r1/kpbp1p2/2P2b1p/5Bp1/1N2p1P1/2P1P3/PK1P1PRq/N3RQ2 w - - 3 19,opening,g2h2,532,g2h2:532;c6b7:348;f1b5:317;f2f4:305;d2d4:279;b2c2:274;c6d7:213;b2c1:189
rnbbr1k1/1pp3p1/p2qNp2/2Pp3p/P4P2/4K3/1P1PnQ1P/R1BBR3 b - - 2 16,opening,d6e6,-99998,d6e6:-99998;e8e6:-628;d6f4:-601;c8e6:-569;d6c5:-556;d6e7:-539;d5d4:-529;d6d7:-526
k2rbrnb/3p1p1p/qpn5/p1p1p1p1/PB6/N2PQ2N/1PP1PPPP/K2R1R1B w - - 2 9,opening,b4c3,-65,b4c3:-65;b4e1:-111;b4d2:-127;b4c5:-137;a3b5:-253;b4a5:-262;a1b1:-368;a3c4:-399
1bk2rrn/1np4p/q2pp3/p3pNp1/bp2P3/1P3P1P/B1PP1RP1/2QK2RN w - - 0 18,opening,f5e7,-328,f5e7:-328;b3a4:-439;f3f4:-488;h1g3:-513;g1f1:-531;h3h4:-532;d2d3:-536;f2f1:-539
kr3rbb/pnp5/1p3p1p/QP2p1p1/P3p2P/3q1PP1/2P5/KNRNR1B1 b - - 1 17,opening,d3c4,-754,d3c4:-754;b7a5:-573;d3d5:-515;d3d7:-508;d3d6:-489;d3d8:-454;d3d4:-448;d3d1:-440
b1r1k1nr/1p1n1ppp/6B1/p1p5/2R4P/1P4PN/4P2N/5K1R w - - 0 23,midgame,g6f7,-455,g6f7:-455;c4e4:-473;g6e4:-507;g6h7:-513;g6b1:-522;g6c2:-522;g6f5:-523;g6d3:-525
nn6/3nNk2/p4prp/3NpPq1/1p2Pp2/3P4/P1N2RPP/5NRK w - - 0 23,midgame,f5g6,558,f5g6:558;e7g6:403;c2d4:286;d5f4:257;f1d2:200;c2b4:192;c2e1:175;d3d4:173
b1k3bq/1r4p1/p2pp2p/1p3p2/3P1P2/P1P1B1P1/1P1Bb1RP/BK2BR2 w - - 0 21,opening,g2e2,-220,g2e2:-220;f1f2:-360;f1g1:-361;g2g1:-458;g2f2:-461;c3c4:-482;f1h1:-492;b1c1:-531
qbrrn1kb/p1p3pp/1p2p3/5p2/2Pp2B1/1N4P1/PP1PPP1P/QBRRK1N1 b - - 1 9,opening,a8g2,-275,a8g2:-275;a8h1:-255;f5g4:-82;c7c6:276;a8b7:276;g7g5:277;c7c5:291;e6e5:295
brknq3/p2p2p1/1pp1nr2/3bpp1p/3P1P1P/2P3P1/P2QPB2/BRKN1R1N w - - 1 17,opening,f4e5,-143,f4e5:-143;d4e5:-147;c3c4:-178;g3g4:-210;e2e4:-244;d1e3:-264;f1e1:-268;b1b2:-275
rrnbq2k/p2p4/4pp1p/1pp1P2p/2B5/2PP1P2/N5PK/RR1QN1B1 w - - 0 17,opening,b1b5,382,b1b5:382;c4b5:360;c4b3:323;a2c1:309;g1c5:301;d1c1:301;d1d2:296;h2h1:284
rbbqkb2/1pppp1p1/p4p2/P1P2n1r/8/5QRp/1P1PPPPP/2B1KBNR w - - 2 12,opening,f3h5,99998,f3h5:99998;g3h3:-55;g3g6:-129;g1h3:-150;b2b4:-153;d2d4:-173;e2e4:-220;b2b3:-281
rrk3nb/1p3p1p/3p4/pbp1p2P/2P1P1pq/3P1P1N/P1RQ2P1/1RNKB2B w - - 3 19,opening,e1h4,699,e1h4:699;c4b5:520;b1b5:518;d2e2:496;c1e2:491;a2a4:455;h5h6:450;f3f4:439
2kb1rnb/2pp2pp/p4p1Q/3q4/n4pPP/P2P4/2P1r3/1NKBRRN1 b - - 1 14,opening,g7h6,-720,g7h6:-720;e2e1:-719;g8h6:-707;d5b5:-700;d5a2:-674;d5b7:-669;d5e5:-652;e2c2:-636
2rr2n1/pnpkpp1p/bp3bpP/3N4/1P3NP1/3q4/P1P1PP2/RQB1KR2 b - - 0 17,opening,f6c3,-416,f6c3:-416;d3c4:-400;d3d4:-335;d3b5:-249;d3e4:-223;d3d5:233;d3c3:237;f6a1:367
qbkr1b1n/2ppp1r1/p2n4/1pP2pPp/8/3NPPP1/PP1P4/QBKR1BRN b - - 0 8,opening,d6b7,217,d6b7:217;d6e8:237;d6f7:240;a8c6:251;d6c4:263;e7e6:296;h8f7:301;a8b7:302
br1krbbb/1p4p1/p1Pq4/3ppp1p/P5PP/2BP1B2/1QPKPP1B/1R2RB2 b - - 0 16,opening,g7g5,247,g7g5:247;g7g6:291;h5g4:345;d6c6:382;b7b5:401;d5d4:408;f5g4:411;f5f4:459
qkbr2n1/p4n2/3bp3/PpppPNp1/1PPP1p2/5P1P/R1KRN1P1/Q1B2B2 b - - 0 23,opening,d6f8,439,d6f8:439;c5b4:459;d5c4:474;d6e7:476;d6c7:479;d6e5:502;e6f5:518;g8e7:537
rrnqk2b/p5p1/2p1bp1p/1p1pp3/PBn1PPPP/2P2N2/NP1P1KB1/RR2Q3 w - - 0 16,opening,e4d5,263,e4d5:263;b2b3:258;d2d3:235;f3d4:231;f4e5:213;b4c5:201;a4a5:192;f4f5:180
nk1qb3/rp4b1/3pNpQn/p1p4p/2P1P3/PN1P1PP1/RPK4P/4BB1R b - - 0 19,opening,a5a4,539,a5a4:539;d8c8:582;d8e7:584;e8g6:594;d8d7:634;h6g4:646;a8b6:669;a8c7:683
nb1r1rnk/pppqpp2/3p2pp/5b1P/5P2/6P1/PPPPPRK1/NBBRQ1N1 w - - 4 8,opening,e2e4,40,e2e4:40;h5g6:24;d2d3:4;b2b4:-15;g1f3:-49;a1b3:-54;b2b3:-61;f2f1:-89
rn2kbnr/2qpn2p/pp4p1/4pp2/P2N2PP/4P3/1PPP1P2/R1Q1KBNR b - - 1 13,opening,e5d4,-593,e5d4:-593;c7b7:-469;b8c6:-469;h7h5:-460;f5g4:-421;h7h6:-405;f8g7:-387;a8a7:-383
bbrqknnr/3p1p2/ppp4p/4p1p1/2P3PP/P2PR3/1PB1PP2/B1RQKNN1 b - - 0 9,opening,d7d5,-106,d7d5:-106;g8f6:-77;f8e6:-74;f8g6:-62;g8e7:-46;c6c5:-25;h6h5:-16;g5h4:0
b1rqk1r1/1pb2p1B/p1pp4/P1P1p1pp/1P4n1/2BPPP1N/4Q1P1/1R2KN1R w - - 2 18,opening,h7g8,631,h7g8:631;c5d6:604;f3g4:595;h3f2:567;e2b2:561;f1g3:556;e3e4:555;f1d2:547
bbr4k/p1P1r1pb/1p1b4/7p/4ppBP/1QP1P3/P2R1P2/BR4BK b - - 4 20,opening,h5g4,275,h5g4:275;f4e3:311;c8g8:384;d6c7:407;b8c7:417;e7c7:424;c8f8:429;h7g6:432
n1r1k1r1/ppqp1bp1/8/2p1p2p/1PP1Pp1n/3BR3/P1QPNP2/R1N1K1B1 b - - 7 20,opening,f4e3,-404,f4e3:-404;f7e6:-345;g7g5:-239;c5b4:-232;a8b6:-193;h4g2:-150;b7b6:-138;f4f3:-134
1b1k1r1q/p1p1ppr1/Ppb2npp/8/2BPP3/5Q2/1P3P1P/N1BK1RR1 b - - 0 17,opening,c6e4,-142,c6e4:-142;g6g5:-15;c6a8:-5;g7g8:81;g7h7:93;f6e4:116;f6d7:117;d8c8:123
qb1nbk1n/p7/2r2P1p/1Ppp1r1P/6p1/1PP1P1P1/3PK3/QBRNB1RN b - - 2 18,opening,c6f6,139,c6f6:139;f5h5:220;f5f6:224;e8h5:242;h8f7:249;d5d4:250;f5f3:259;f5g5:262
k1qrbr1b/pbp4b/P7/1p1ppp1p/1K2P3/QPP5/3P1P1P/B1R1BBBR w - - 0 15,opening,a6b7,-150,a6b7:-150;f2f3:-156;f2f4:-166;d2d4:-370;a3a2:-374;a3b2:-420;a3a5:-477;b4a5:-480
r4rqn/pp3kn1/6p1/2P1p3/P2p1p2/1N3PpP/2PPN1PN/R2KR1Q1 b - - 0 23,opening,g3h2,148,g3h2:148;d4d3:286;g7f5:305;a8e8:318;f8e8:326;g8h7:415;g7e6:443;g6g5:453
rb4br/pppk2p1/5p1p/3pp3/2P2NK1/n1PPP1PP/2BR1P1B/5N1R b - - 0 23,opening,e5f4,-128,e5f4:-128;h6h5:-88;f6f5:-78;a3c2:-65;b7b5:5;g8f7:32;g8h7:64;d5d4:79
3r1nrn/p2ppkNp/2qb1p2/1pp3p1/4Q3/3P2N1/PPP1PPPP/BBR1K2R w - - 0 10,opening,g7f5,502,g7f5:502;e4c6:496;g7h5:429;c2c4:249;h2h4:225;b2b4:210;g3f5:209;b2b3:206
k2qr2r/ppn2p1p/2pp4/3nN1p1/P1P2n2/1P1pN1PP/1KQPPn2/1N4RR w - - 0 21,opening,e5d3,-670,e5d3:-670;e3d5:-726;e2d3:-741;c2c1:-756;c4d5:-762;e5f7:-767;e5c6:-773;g3f4:-791
knr1br1b/1ppqpp1p/p2p2pn/8/7P/P2PP3/1PPR1P2/KNQ1BRNB b - - 3 8,opening,h6g4,-197,h6g4:-197;f7f5:-194;e7e5:-188;e7e6:-181;b8c6:-179;f7f6:-172;h8g7:-169;d7d8:-164
qbb2kb1/p4pr1/3pr1p1/1p4bp/PQ1pp2P/4P2B/BPPK1PP1/2B1R1BR b - - 2 17,opening,a7a5,-156,a7a5:-156;g5h6:-119;g5d8:-33;d4e3:0;g5e7:63;f7f5:139;g5f6:155;d4d3:173
n1krn1rq/ppppp1pp/8/N2Q4/3n1pPP/1P6/1PPPPPRN/1NKR1N2 b - - 0 10,opening,d4e2,-99999,d4e2:-99999;d4b3:399;e8d6:414;c7c6:418;d4c6:454;d7d6:560;f4f3:99999;a7a6:99999
b1bB1brr/1p1ppk2/5pp1/2p2P1p/P5qP/3P4/1PPKP1P1/BQ1B1BRR w - - 1 11,opening,e2e3,295,e2e3:295;d8c7:277;b1a2:267;f5g6:235;h1h3:202;b2b4:172;g2g3:154;d8a5:143
2brk1br/qp1pppp1/1n4n1/p1p4p/P5P1/4Q2P/1PPPPP2/N1BRKNBR w - - 0 8,opening,e3c5,-48,e3c5:-48;f2f4:-80;g4h5:-84;f1g3:-85;e3g5:-95;d2d4:-101;d2d3:-118;f2f3:-123
nrnn1krn/p1pppqpp/8/1p3p2/5P2/2P1P1P1/PP1P1K1P/NRNN1QRN b - - 0 5,opening,c7c5,-30,c7c5:-30;c8d6:-26;g7g5:-15;f7d5:-8;e7e6:-6;d8e6:10;g7g6:16;f8e8:36
b2r1br1/1p3ppk/1bp1p1p1/p2P4/P1P1R1Qb/1P1B4/3P2PK/B4BR1 w - - 0 18,opening,g4h4,99999,g4h4:99999;g4h3:99994;a1d4:591;c4c5:586;g1h1:540;b3b4:540;d5e6:479;g2g3:467
bbbk1r1r/2p4p/Bp6/2bppp2/1PqP1p1Q/3BP3/P3K1PP/B1B2RR1 b - - 1 17,opening,c5e7,72,c5e7:72;d8e8:526;d8d7:549;f8f6:862
bqk2rrn/ppp3pp/4p2b/3p1p2/PPP1Pn2/R5N1/Q2P1PPP/B1KB2RN w - - 0 11,opening,c4d5,245,c4d5:245;e4f5:227;e4d5:189;g3e2:159;g3f5:146;b4b5:141;f2f3:130;g3h5:117
rbrb3k/1pp1p3/p3q2p/R2p1ppb/1PPP1B2/5PBP/1R2P1P1/3BQ2K w - - 6 14,opening,c4d5,273,c4d5:273;f4e5:264;f4g5:-39;f4d2:-97;f4c1:-135;f4e3:-152;e2e4:-172;d1c2:-190
knrr2bb/p2pp1pp/1pp4q/5p2/6Pn/2PP3P/PP1NPPB1/K1RRQNB1 b - - 0 8,opening,h4g2,-762,h4g2:-762;h6e6:-448;f5g4:-203;g8a2:-159;e7e5:-150;f5f4:-145;d7d5:-144;g7g5:-136
kr2rnqn/pn2p3/1p1p1pp1/4N2p/1p5P/P2P2N1/2PP1PP1/KNRNR1Q1 w - - 4 19,opening,e5c6,457,e5c6:457;e5f3:257;e5c4:239;e5g6:65;e5g4:24;a3b4:20;g3e2:15;f2f4:10
kb1rbrqb/1pp1bpp1/p2p3p/4p3/PP4P1/1B2P1Q1/B1PP1P1P/K1R1BR2 b - - 2 15,opening,g7g5,-336,g7g5:-336;d6d5:-328;e5e4:-296;c7c6:-293;g7g6:-291;b8a7:-291;g8h7:-284;h6h5:-277
n3r1rn/1ppp2p1/5qk1/P6p/P1QPnp2/4N3/2P3PP/NR3KRN w - - 0 20,opening,c4d3,-434,c4d3:-434;f1e2:-445;a1b3:-461;e3d5:-479;f1e1:-497;e3g4:-500;c4b5:-512;b1d1:-531
rqn1kr1b/ppp3p1/7n/2P1pb1p/3ppPPP/P7/1P1P1NN1/RQB1K1RB w - - 7 15,opening,g4f5,306,g4f5:306;d2d3:-37;g4h5:-98;b2b4:-150;c5c6:-196;a3a4:-209;g4g5:-212;g1f1:-214
rbq1kb2/pppbp1pr/6bp/P2p1p1P/3B4/RP3P2/2PPP1P1/1B1QKBBR w - - 1 11,opening,h5g6,445,h5g6:445;c2c4:226;e2e4:221;b3b4:208;d1c1:192;g2g4:183;d4c5:166;a5a6:149
1kqb1r2/pp2b1rp/2pp4/1PP1bpp1/P2P1P1P/4p3/1KB1P1P1/1B1R1BRB w - - 2 22,opening,f4e5,-356,f4e5:-356;d4e5:-364;b2a2:-454;b2c1:-457;g2g4:-476;f4g5:-508;h4g5:-510;c5d6:-511
2n1r1q1/1ppk1pp1/2NP4/r1p1n1Pp/pP3n2/P2QP2N/2KP1P1P/RN1R4 w - - 3 21,opening,c6e5,405,c6e5:405;d3f5:171;d3c3:80;d3f1:69;d3e4:-15;c6b8:-136;h3f4:-371;b4a5:-459
1br1bkrn/q1p2n2/1p1p4/4pPp1/pB1P3p/4N1P1/PPP1KPRP/QBR4N w - - 0 13,opening,d4d5,11,d4d5:11;c2c3:-152;d4e5:-222;g3h4:-237;c2c4:-246;e3d5:-274;b4c3:-276;b2b3:-278
n2krrqn/nppp2p1/p3p3/5P1p/3P3P/2Pn1P2/PP2P3/NNNKRRQN b - - 0 9,opening,d3e1,-181,d3e1:-181;d3b2:-126;d3c1:95;d3b4:388;d3f4:400;d3e5:414;e6e5:433;e6f5:434
3qnk1r/pr2n1pp/2ppp3/1p1Pb1N1/P5p1/1P2P2P/2P5/bBQBNK1R w - - 0 19,opening,g5e6,361,g5e6:361;d5c6:-187;c2c4:-305;h3g4:-311;d1g4:-326;a4b5:-342;c2c3:-343;e1f3:-349
2rnr1qn/n1kNpp2/2p3pp/pp4n1/P4NP1/8/RPPPPPNP/1K2R1QN b - - 2 12,opening,c7d7,6,c7d7:6;c8a8:263;g5h3:281;g5f3:296;g5e6:301;b5a4:303;d8e6:303;d8b7:343
rb1k1nbr/p1q4Q/1npp2p1/5p2/8/PP1P1PP1/R2K3P/1BN2NBR b - - 1 17,opening,h8h7,-717,h8h7:-717;c7h7:-701;g8h7:-635;f8h7:-530;b6c4:-508;c7f7:301;f8e6:314;c6c5:336
q1n1rrnn/ppk3p1/3pp3/2p1np2/P6p/1PNQP1N1/2PP1PPP/1NNKRR2 b - - 1 10,opening,e5d3,-690,e5d3:-690;h4g3:-422;b7b6:-420;c7b8:-412;g8f6:-407;a7a6:-404;h8f7:-402;h8g6:-386
1B1br1nk/1b2p1p1/n1q4p/1ppQ4/1p2P1B1/r2P2PN/2PN1P1P/R4R1K b - - 1 21,opening,c6d5,-410,c6d5:-410;a6b8:-343;g8f6:-330;a3a1:-327;d8c7:-110;d8b6:-100;e7e5:-98;c5c4:-85
br2rbk1/pq1pppb1/2p4p/bp3Pp1/P5PP/4PB2/1PPPB3/BRQR1BK1 b - - 0 14,opening,g5h4,-139,g5h4:-139;b5b4:-124;b5a4:-102;b7c7:-102;e7e5:-87;a5d8:-65;d7d5:-57;a5b4:-52
kr1nbr2/pp1pqpbp/2p2n2/4p1pP/P1P3P1/1P5Q/3PPP2/KR1NBRNB w - - 1 15,opening,a1a2,-194,a1a2:-194;b3b4:-213;b1b2:-225;a1b2:-242;c4c5:-268;b1c1:-269;d1c3:-303;h1c6:-99999
k1bbrn1r/pqpp1ppp/5n2/1p2p3/1P6/6PP/PKPPPP2/1QBBRNNR w - - 1 6,opening,e2e4,-169,e2e4:-169;g1f3:-174;f2f3:-179;e2e3:-188;h1h2:-198;c2c4:-447;a2a4:-456;f1e3:-466
rbb2qnr/1ppk1pb1/p3p2p/3p2p1/P5PP/2N1P3/1PPP1PB1/RBBQK2R w - - 1 10,opening,a4a5,52,a4a5:52;d2d4:50;h4g5:38;c3e2:36;e1f1:-3;b2b3:-7;c3a2:-25;d1f3:-31
kb1rq2r/p1ppn2p/2n1pp2/1pBB2P1/3Pb1P1/P1PN4/KP2P2P/3R1Q1R b - - 0 17,opening,e4d5,-636,e4d5:-636;e7d5:-592;e6d5:-480;e4d3:-336;f6f5:-312;e4h1:-230;e4g6:-40;e8g6:-2
k1rn1n1r/1pp1q1pp/4pp2/3p1NnP/1p1P2N1/2N2n2/P1PQPPP1/K1R2NR1 w - - 4 17,opening,f5e7,229,f5e7:229;c3d5:142;g2f3:92;e2f3:86;h5h6:-147;c3b5:-200;d2g5:-211;d2d3:-219
r1knr1qn/1pppppn1/p7/5npp/4NPP1/2P1P3/PP1P1N1P/R1KR1NQN w - - 0 11,opening,g4f5,377,g4f5:377;f4g5:131;e4f6:120;d2d4:116;h2h3:114;e4g5:99;d2d3:88;g1g2:79
2r1B1kb/2qn2p1/1p2p2p/nP2bp1P/4p1P1/P1P1RP2/Q1RPK3/1N1N3B b - - 4 20,opening,c8e8,167,c8e8:167;d7c5:237;e4f3:263;d7f8:293;a5c4:302;a5b3:317;c7d6:320;g8f8:330
3nkq1n/n7/pP2p2r/Np1p1ppp/PPn2PN1/2P4P/4P1P1/N1RNKQ1R w - - 1 18,opening,b6a7,683,b6a7:683;a5c4:599;g4h6:585;g4f6:582;f4g5:573;g4e5:560;a1b3:527;a1c2:504
bbrqrbbk/1pp2ppp/p6Q/4p3/2p1P3/8/PP1P1PPP/BBR1RBBK b - - 1 5,opening,g7h6,-523,g7h6:-523;c4c3:-383;c7c5:-204;f8b4:-200;b8a7:-197;f7f6:-188;d8d7:-171;f8d6:-158
k1bbr1n1/p3p1p1/1ppq1pnr/7p/P1Pp1P1P/6N1/KP1PP1PR/Q1BBR1N1 w - - 4 11,opening,d2d3,-121,d2d3:-121;e2e3:-128;b2b3:-171;g1f3:-174;a1b1:-183;e1f1:-190;g1h3:-192;g3f1:-198
rbq1nknr/1ppp1p1p/5b2/pB2p3/4P1pP/5P1N/PPPP2P1/RBQ1NK1R w - - 0 7,opening,f3g4,-70,f3g4:-70;h3g1:-163;h3f2:-166;h3g5:-239;h3f4:-338;d2d4:-349;b5e2:-367;a2a4:-375
brrkbbbq/1ppp1pp1/p7/4B2p/1P4P1/8/P1PPPP1P/1RRKBBBQ b - - 0 4,opening,h5g4,-74,h5g4:-74;b7b6:-72;f7f6:-71;b7b5:-69;d7d6:-68;h8h6:45;f8e7:84;a6a5:101
bkr3r1/1pb1p1pp/3p1p2/p3P3/P1QP1nqP/1PP1R1N1/K1B2Pn1/B1N4R b - - 2 22,opening,g2e3,-438,g2e3:-438;f6e5:-328;b7b6:-303;g7g6:-276;g8f8:-270;e7e6:-262;d6e5:-248;g8d8:-240
1n1b1nrr/pbpkpp1p/1p4p1/P2p4/5N2/1qN2P2/1PPPPRPP/B1KBQ2R b - - 0 9,opening,b3b4,-30,b3b4:-30;b3c4:95;f8e6:491;g6g5:513;b3c3:529;e7e5:532;d5d4:588;d7e8:592
r1qnrn1k/pp1pp3/2B3p1/2pP1N1p/3b4/P3N3/1PP1PP1P/RBQ1R1K1 w - - 1 9,opening,c2c3,377,c2c3:377;c6b5:369;c6a4:355;f5d4:249;c1d2:213;e3g2:195;f5h4:193;c6b7:181
1nk1nrq1/r3p1p1/1p1p2P1/pP2Pp2/2Pp1P2/P1P2R1p/1n1K1Q1P/RNN4N w - - 0 23,opening,c3d4,66,c3d4:66;d2e1:-48;c1d3:-86;d2c2:-108;c4c5:-115;d2e2:-187;e5d6:-200;f3h3:-216
kb1br1r1/1qp1bp2/p2bp1pp/3p1B2/p1P3B1/P3P1PP/3P1PB1/K1Q1R1R1 w - - 1 15,opening,f5c2,-204,f5c2:-204;g4f3:-235;c1c2:-252;f5e6:-279;c1c3:-283;c4d5:-285;d2d4:-288;g4d1:-311
rq4rk/1pp1pb1p/p2p4/2n1bpp1/P1P2BP1/1P1P1P2/3P4/RN1Q1BRK b - - 1 16,opening,g5f4,-598,g5f4:-598;e5f4:-538;e5a1:-506;e5f6:-431;e5g7:-429;e5b2:-423;e5d4:-419;b8f8:-334
rrb2n1k/pp1p1qpp/2p5/8/1P3p2/P2P1PN1/1RP1P1P1/1R1Bb1KQ w - - 3 17,opening,g3e4,-524,g3e4:-524;g3h5:-537;h1h5:-541;g3f1:-599;c2c3:-642;c2c4:-648;g1f1:-649;g3f5:-668
kn1r2rb/ppppnppp/4q1Q1/4p3/4P2P/P2P1P2/1PP3P1/KNNRbBRB w - - 1 8,opening,g6e6,431,g6e6:431;g6g5:-239;g6h7:-289;g6g4:-316;g6h5:-327;g6f7:-594;d1e1:-613;g2g3:-639
rrnq1kbb/ppppppp1/7p/n7/8/1NP2P2/PP1PPKPP/RR1QN1BB w - - 1 5,opening,b3a5,362,b3a5:362;f2f1:58;g2g3:52;f3f4:48;e2e4:43;d1c2:38;d2d3:37;d2d4:23
bbbkqbrr/pp1p2p1/2p4p/4pp2/8/2PP1P1P/PP1BP1P1/BB1KQBRR b - - 1 5,opening,d7d5,-72,d7d5:-72;b7b6:-71;f8c5:-65;f5f4:-62;c6c5:-58;b8c7:-49;b7b5:-47;e8f7:-45
bkn2q2/ppb1r1rp/3p2p1/2p1ppn1/PPK1PPP1/2P3RP/3P1N2/B1NB1RQ1 b - - 0 18,opening,e5f4,-585,e5f4:-585;b7b5:-565;f5e4:-551;f8f7:-511;f8g8:-505;c8b6:-486;g5e4:-485;d6d5:-442
r1b2rbn/p1pk3n/2q1pp1p/3p4/1p1P1NPP/P3P3/RPPR1P2/1QBK1NB1 w - - 1 19,opening,f4d3,143,f4d3:143;e3e4:104;b2b3:93;a3b4:85;f4g2:77;g1h2:69;f2f3:58;f1h2:47
1nrn3n/pkpprqp1/1p2p2p/5p2/1P3n2/N1QP1PN1/PNP1P1PP/1KR1R2N w - - 6 12,opening,e1g1,-17,e1g1:-17;c3d2:-96;e1f1:-109;h1f2:-113;e1d1:-124;b2c4:-126;d3d4:-128;b4b5:-132
k2r1rnn/bp2pp1p/2bP4/Q5p1/5B1P/q4P2/BPP1P1P1/K1R2RNN w - - 1 11,opening,b2a3,605,b2a3:605;a5a3:583;a5d8:293;f4d2:216;a5g5:149;a5d2:143;a5f5:113;a5e1:102
1rqbnknr/b3p1pp/pppp1pB1/P7/1PP1P3/Q2P4/5PPP/R2BNKNR b - - 0 10,opening,h7g6,-325,h7g6:-325;b6a5:-64;g8h6:37;c8b7:46;c8d7:46;c6c5:53;e7e5:54;c8c7:69
4b1qb/2kpr3/2r2p2/1pp3pp/2P1pbP1/BPRP1P1Q/PK2P2b/1B1BR2B w - - 0 19,opening,a3c5,-402,a3c5:-402;c4b5:-414;d3d4:-446;e2e3:-447;f3e4:-460;h3f1:-482;g4h5:-504;b2c2:-519
b2kqbrr/bpp1p3/3pb1p1/p4p1p/P7/3PPB1P/1PP2PP1/BBB1KQRR w - - 0 9,opening,b2b3,46,b2b3:46;b2b4:-19;b1a2:-192;f1e2:-313;d3d4:-319;c2c3:-326;c2c4:-329;c1d2:-332
n1nkqrrn/pp4pp/n3p3/3p1p2/2Pp4/3K1P2/PP2P1PP/NNN1QRRN w - - 0 7,opening,b1a3,-239,b1a3:-239;d3d4:-239;c4d5:-245;d3c2:-250;e1h4:-266;a1c2:-276;e1a5:-283;b1d2:-285
r1nkr1n1/2p2pp1/p6p/1p1pP2n/1q4Q1/1PPPP2P/PK2N3/RNNRn3 b - - 6 18,opening,b4g4,-185,b4g4:-185;e1d3:137;b4e7:243;b4c5:275;b4f8:349;b4a5:389;e1c2:412;e1g2:436
bb1kr3/3p4/p1q1p1rp/1ppBbp2/1P4p1/Q1b1P1P1/3PBR1P/B2B1K1R b - - 0 20,opening,c6d5,-699,c6d5:-699;e6d5:-591;c5b4:-410;c6c8:-380;c3b4:-376;c6d6:-325;c3b2:-240;c6b6:-204
r1qn1k2/pr1p1pbp/2p1pbpn/8/p1P1P1B1/R4P1P/1P1P2P1/2RQK1NB b - - 6 14,opening,f6b2,-699,f6b2:-699;c8b8:-681;h6g4:-667;f6d4:-663;c8c7:-660;f8g8:-655;a8b8:-650;f8e8:-645
1q1nbrkn/2p1pR2/1p1pb1p1/6p1/p1P1P3/1P4P1/PN1P2KB/R1B4N b - - 0 16,opening,h8f7,-714,h8f7:-714;f8f7:-688;d8f7:-684;g8f7:-642;e6f7:-634;e6h3:-629;e8f7:-612;d8c6:-445
k1qrbrnb/ppppppp1/7p/8/P2n4/2P2P2/1PQPP1PP/KN1RBRNB b - - 2 4,opening,d4c2,-884,d4c2:-884;d4e6:-83;d4c6:-52;e7e5:251;d7d5:277;d4e2:283;d4f5:286;f7f5:290
2rbb1r1/k1p1p3/1q1p1p1b/p2P2pp/6PP/1PpBP1RB/P2R1P1B/BK5Q w - - 2 20,opening,a1c3,432,a1c3:432;d2c2:369;d2e2:314;d2d1:303;h4g5:296;g4h5:231;g3g1:217;h1d1:188
n1brknbr/pp1ppppp/2p5/8/P1P5/3PP1q1/1P3PPP/NQBRKNBR b - - 0 4,opening,g3g2,-295,g3g2:-295;g3g6:-86;g3g4:-79;g3g5:-12;g3d6:5;g3c7:16;g3e5:28;g3b8:31
b2br1rb/1p3kp1/5p2/p2q1R2/bPp3BP/2BPP3/2P3P1/1QB2RKB b - - 1 20,opening,d5d6,264,d5d6:264;d5e6:381;d5c6:394;d5d7:438;a4c2:456;d5f5:477;b7b5:481;e8e5:483
b2r1br1/1p2bk2/2B4p/p1p1qpp1/1PP5/3Pp1PP/PQ2B3/1R1B1KR1 w - - 0 22,opening,b2e5,522,b2e5:522;e2f3:-11;e2h5:-22;c6d5:-54;c6h1:-117;c6g2:-136;d3d4:-155;c6e8:-188
nnrbrkqb/pp3ppp/4p3/2pp4/1PP3P1/8/P1BPPP1P/NNR1RKQB w - - 0 5,opening,b4c5,223,b4c5:223;c4d5:210;c2a4:201;a1b3:159;g1g3:134;g4g5:128;e1d1:118;c2b3:112
b1rqr3/2p3b1/1p1p1p1k/4pPp1/4B2B/4P3/PpP3PP/BBR1R2K b - - 1 20,opening,b2c1q,-604,b2c1q:-604;b2c1r:-581;b2a1r:-580;b2a1q:-564;g5h4:-554;g7h8:-515;a8e4:-509;b2a1n:-505
1rbr1b2/1p1p1b2/qP3kp1/p1p1p2p/P1P3P1/3PPP2/Q2R3P/3RBBBK b - - 0 17,opening,a6b6,240,a6b6:240;h5g4:273;d7d6:276;d8e8:293;f6g7:303;g6g5:324;f8e7:355;b8a8:367
rr1kbq2/pppppp1p/7n/4P1p1/n3P3/1NP5/PP3PPP/RR1KBQNB w - - 1 6,opening,f1c4,403,f1c4:403;f1e2:403;g2g3:401;e1d2:390;h2h3:390;g1f3:376;f1b5:359;f2f3:354
rbbr1bkq/7p/1P2p1p1/p4p1b/1PP5/4B3/P3PPPP/R2RBBKQ b - - 1 12,opening,c8b7,-197,c8b7:-197;d8d1:-33;h5e2:173;d8d7:203;c8a6:207;f5f4:243;b8d6:253;h8a1:263
2brqr1k/1p1pp2p/2p3p1/p2P1p1n/8/P2BP1Pn/1PNP1P1P/2BRQRK1 w - - 0 13,opening,g1g2,32,g1g2:32;g1h1:-80
rbrb1b1k/ppppp1pq/7p/5pP1/2b1P2P/P7/1PPP1P2/RBRBQBBK w - - 1 7,opening,f1c4,209,f1c4:209;g5g6:152;e4f5:112;h4h5:75;f2f4:60;h1g2:36;c2c3:18;g1h2:5
rk3b2/2rbp3/p1p3p1/3p1p1n/1pP2N2/1P1P1P2/P1KB1P2/3R1BQ1 w - - 0 23,midgame,f4h5,490,f4h5:490;c2b1:478;f4g6:459;d1c1:457;f1e2:452;d1e1:443;g1g6:436;d2c1:434
rqbb1brk/1pp4p/p4pp1/2P2b2/PB2Pp2/8/1P4PP/RQB2BRK w - - 0 14,opening,e4f5,-38,e4f5:-38;b1d3:-241;b4c3:-250;b2b3:-260;b1c2:-273;c1f4:-285;f1c4:-292;f1d3:-294
k2r1rnn/1b1pqp2/1p2p3/6pP/2pNPP2/2PP3N/P1P4P/KBB2RR1 w - - 2 16,opening,h3g5,-259,h3g5:-259;g1g5:-271;f4g5:-273;f1d1:-286;d3c4:-286;e4e5:-287;c1d2:-289;c1b2:-302
1qrb1nrb/kpnppppp/2p5/p3N3/8/6P1/PPPPPPBP/KQRB1NR1 w - - 2 5,opening,e5f7,194,e5f7:194;e2e4:130;c2c3:117;e2e3:88;f2f4:87;c2c4:83;f1e3:80;g3g4:63
r1n1k2r/4ppn1/2pb4/pp1p1b1p/PP1PP2q/5R1P/2PK1P1B/RB1Q1NN1 b - - 1 21,opening,d6h2,-402,d6h2:-402;d5e4:-400;a5b4:-394;f5e4:-386;h4g5:-314;f5d7:-313;b5a4:-302;f5e6:-279
rbb2brb/ppkq2p1/2p2p1p/3p1P1P/4B1P1/2R5/PPPPP3/RBBKQB2 w - - 2 12,opening,e4g2,245,e4g2:245;e4h1:244;e4f3:233;e4d5:230;a2a4:227;a2a3:209;c3d3:205;e4d3:176
2rbrkq1/ppp1pp1p/1nnp4/4b1p1/8/N1PP4/PP2PPPP/N1RBRKQB w - - 1 8,opening,g2g3,56,g2g3:56;a1b3:43;e2e4:36;a1c2:23;d3d4:13;g2g4:-7;c1b1:-22;h2h3:-26
1q1brrkb/p1pppppp/b7/1p6/7P/2P1P3/PP1P1Pb1/BQBBRRKB w - - 0 4,opening,h1g2,312,h1g2:312;d1c2:245;g1g2:197;h4h5:-205;b2b4:-225;b2b3:-242;d1e2:-265;c3c4:-271
1bbr1bkq/2p3p1/rp1p1p1p/p3p3/b4PP1/2PPP2P/1P3K2/R1BRBB1Q w - - 0 13,opening,h1d5,-83,h1d5:-83;a1a4:-92;d1d2:-408;d3d4:-426;f1e2:-429;f2g1:-439;c1d2:-464;b2b3:-478
3q1bn1/Q1pbpkp1/1r1r4/1p1pPp1p/2PPP2P/PP3RP1/4K3/RNB2BN1 w - - 1 21,opening,c4d5,472,c4d5:472;e5d6:461;c4c5:456;e4d5:446;e4f5:440;a7a5:416;b1d2:407;e2d1:406
r1bn4/1p3rpk/p1p1Pp2/3N1R2/b6p/3PP2n/2QB2PK/R3B2N b - - 0 20,midgame,a4c2,283,a4c2:283;b7b5:609;d8e6:616;g7g5:625;h7g8:654;c8e6:655;h3g5:663;c6d5:677
rbq2rkb/p2pp1pp/5p2/1pp2P2/P2PP1Q1/4N3/RPP1P2P/1B2RNKB b - - 4 14,opening,c5d4,517,c5d4:517;b8c7:549;e7e6:559;h7h5:586;a7a6:594;b5b4:600;a7a5:608;b5a4:612
1n2r1qn/pkr1pppp/2p1n1n1/1p1p4/4PP1P/PP1P4/2P2QP1/KNRNRN1N w - - 2 11,opening,f4f5,368,f4f5:368;g2g3:236;e4d5:227;f1d2:202;b3b4:191;d1c3:173;a1a2:145;a1b2:126
r2nrnkb/p1b3pp/2ppp1q1/Pp1B1p2/R3Q1P1/2P1P3/1P1P1P1P/1B1NRNK1 w - b6 0 11,opening,e4g2,-402,e4g2:-402;e4f3:-412;a5b6:-416;e4h1:-420;e4f5:-430;e4b4:-440;e4c2:-468;d5e6:-506
1br1kbrn/p1ppppp1/np5p/1B5P/3P4/q1P3P1/P4P2/QBR2KRN w - - 1 13,opening,b1h7,-152,b1h7:-152;b1d3:-179;f1g2:-238;b1e4:-343;c1e1:-346;b5d7:-362;c1d1:-363;b1f5:-365
1rnr2bk/pppq1ppp/1n1b4/1Q1pp3/4PP1P/1N1P4/PPP3P1/N1RR1BBK b - - 2 8,opening,d7b5,-711,d7b5:-711;d7e7:-349;d7g4:-230;d7e6:-174;c7c6:-150;d5e4:-135;e5f4:-117;c8e7:-97
rbkbbqrb/p1pp2p1/1p2pp1p/8/4B3/2P3PQ/PP1PPP1P/R1KBB1RB w - - 0 5,opening,e4b7,99999,e4b7:99999;d1b3:445;d1a4:427;e4a8:422;e4h7:402;h3g4:288;f2f4:206;e2e3:201
r2q1n1r/b1ppk2p/4bppn/p1P1p3/1p1PQ1N1/1PR2PP1/P3PK1P/BB4NR w - - 2 14,opening,g4h6,45,g4h6:45;c3c2:-99;g4f6:-101;c3e3:-101;c3c1:-114;c3d3:-183;c3c4:-189;d4e5:-273
r1bkrbbb/2pBp1p1/1p2q2p/3p1p1P/1p2B3/P5P1/2PPPP2/BRQKR1B1 w - - 0 12,opening,d7e6,341,d7e6:341;e4f5:217;d7e8:27;d7c8:-149;e4d5:-192;d7b5:-243;e4d3:-331;g3g4:-369
2r2n1b/1pp1b2p/1n1pk3/p3Pppq/3P3P/P1P1NB2/1P3PP1/1NR1R1KB b - - 0 22,opening,g5g4,-199,g5g4:-199;h5f7:-118;h5g6:-61;h5e8:118;h5f3:250;h5h6:261;h5h4:347;f5f4:546
bkbrr1qb/pppp2pp/5p2/4p3/5PP1/P7/P1PPP2P/BKBRRBQB b - - 0 4,opening,d7d5,404,d7d5:404;e5e4:408;g7g6:423;d7d6:427;e5f4:432;h7h6:441;a7a6:442;b7b6:449
rb1k4/2p1nrpq/B2p1p2/1pP1p3/p1Rn3p/1P3P1P/PK1PPBP1/3N1RNQ w - - 4 18,opening,a6b5,45,a6b5:45;c4d4:-37;a6b7:-69;f2d4:-218;c5d6:-225;c4c1:-233;e2e4:-270;c4c3:-282
2rk1brn/3ppp1p/1p6/p1P4P/8/5qb1/PPBKPP2/Q1RN1BRN w - - 1 12,opening,g1g3,505,g1g3:505;h1g3:500;e2f3:500;e2e3:423;c2d3:407;d2e1:401;c2b3:371;d1e3:351
b4r1n/bp2kp1p/1qppp1r1/p1NB1P1n/P2P4/1PP1P1Pp/5R2/B2QK1RN b - - 0 20,opening,d6c5,-9,d6c5:-9;c6d5:-9;e6f5:22;g6h6:24;g6g5:77;g6f6:82;g6g8:83;e6d5:93
n1nkrr1n/p4p1q/6pp/1np5/P1pp1p1P/3PP3/1PKN2P1/N1N1RRQN w - - 3 15,opening,d2c4,177,d2c4:177;a4b5:148;e3f4:82;e3e4:66;e3d4:30;c2b1:7;f1f4:-7;d3c4:-45
3rbr1k/p1ppnppp/q1b5/Pp1Pp3/2N2n2/2P1P2P/1P3PP1/B1QRBNRK w - - 1 12,opening,e3f4,242,e3f4:242;d5c6:51;c4e5:50;b2b3:-48;c1d2:-130;d5d6:-166;b2b4:-182;c4d6:-199
bk1qrnrb/ppp1p1pp/2n5/3p1p2/8/3PP3/PPP2PPP/BNKQRNRB w - - 1 5,opening,g2g4,-27,g2g4:-27;b2b3:-38;b1c3:-40;h2h3:-73;g2g3:-75;f1d2:-80;h2h4:-83;d3d4:-88
1qrrnk2/p2p1p2/1ppb1PBp/8/P1P1p2P/5P1N/1b1PP1K1/Q1RR2NB b - - 0 15,opening,b2a1,-589,b2a1:-589;e4f3:-527;d6a3:-150;b2f6:-16;d6e5:0;b2c1:68;b2e5:116;b2a3:227
1brq1rkb/p1pp1bpp/1p2pp2/3B2P1/8/P7/BPPPPP1P/B1RQBRK1 w - - 0 6,opening,d5g2,348,d5g2:348;d5b7:321;d5h1:289;g5g6:288;d5e4:286;d5c4:283;d5f3:282;d5b3:217
3nk1n1/2p2pp1/r2nr3/3pQ2p/p1p4n/1P2NPR1/P1PPPK1N/1R4N1 b - - 4 23,opening,e6e5,-429,e6e5:-429;d6e4:56;g8f6:260;h4f3:308;a4b3:311;h4f5:329;c4b3:352;d6f5:380
rrbbnn1k/pp2p1p1/3p4/2pq1p1p/P5P1/4PB1P/1PPP1P2/RRB1NNQK b - - 2 7,opening,d5f7,19,d5f7:19;d5e6:50;d5c4:62;d5g8:86;d5e5:136;d5f3:425;c8e6:426;d5e4:529
rn1krq1n/ppppppp1/3n4/3n3P/3P3P/2N5/PPP1PP2/R1NKRQNN b - - 0 5,opening,d5c3,-42,d5c3:-42;d5e3:84;c7c6:126;d5b6:133;d5f6:152;d6c4:171;e7e6:180;d5f4:188
nr1k1qrn/pp1pp1pp/2pnn3/5p2/2P5/1N1P2P1/PP2PPQP/NR1NK1RN b - - 0 7,opening,g7g5,-115,g7g5:-115;a8c7:-113;f8f6:-106;b7b6:-97;h8f7:-87;h7h5:-85;d8c8:-81;h7h6:-73
1kr1rn1b/p1pp2p1/5p1p/1pnNp3/2P5/3Qq3/PKPPP1PP/2R1R1BB w - - 2 14,opening,d3e3,680,d3e3:680;d5e3:442;g1e3:363;d2e3:309;d3a3:92;d3c3:-94;d3f5:-119;d3g6:-208
bqkbr2r/Bp1pb1p1/8/2p2p1p/1P1P1p2/1P6/2P1P1PP/BQKBRB1R w - - 0 8,opening,a7b8,495,a7b8:495;b1a2:388;a7c5:167;a7b6:-44;b4c5:-140;e2e3:-146;d4c5:-148;e2e4:-150
qkr3br/pp3pb1/3p3n/2pPpPpp/2n1P2P/6P1/PPN4R/QKRN1BB1 b - - 3 16,opening,h6g4,230,h6g4:230;b7b5:249;c4b6:251;h6f5:280;c4a5:314;a7a6:330;g5h4:330;g8h7:357
n1rq1krn/p3p3/n1pp1p2/1p3PPp/1P6/N1Q5/P1PP1PP1/N1R1NKRN b - - 0 11,opening,f6g5,364,f6g5:364;g8g5:375;c6c5:394;d8d7:418;a8c7:418;h5h4:422;a8b6:425;a6c7:448
1nkrrqnn/1p1p1ppp/pn2p3/2pP4/8/1NP5/PP2PPPP/1NKRRQNN w - c6 0 5,opening,d5d6,2,d5d6:2;d5c6:-19;e2e4:-21;c3c4:-48;d5e6:-66;a2a4:-103;h1g3:-110;b1d2:-126
1bb2bk1/r2r2q1/p3ppp1/1p1p2Bp/1P1PP3/2B4P/1PB1RPP1/2R2BKQ w - - 0 21,opening,g5d2,476,g5d2:476;g5e3:451;e4d5:349;g5h4:292;g2g4:210;g2g3:185;c2b3:181;g5f6:174
b1qb1brb/1ppkrp2/3p3p/p5p1/P1B1PPP1/2P1P3/1P6/BQR1KBRB w - - 0 15,opening,e4e5,261,e4e5:261;f1e2:168;f1d3:163;e1d1:156;b1d3:114;e1d2:111;b1a2:109;f1h3:101
1bbk2rr/3p3p/ppp3p1/1P2Pp1q/2B4b/2B4Q/bBPK2PP/1B4RR w - - 0 16,opening,b1a2,354,b1a2:354;c4a2:256;c4g8:163;c4e2:-31;c4b3:-205;c4d3:-216;h3h4:-222;h3e3:-247
rb2r3/q2k1b1p/ppb2ppb/1Ppp3P/2PPp3/P1Q1PPP1/R4B2/1BB1KBR1 w - - 1 23,opening,b5c6,451,b5c6:451;h5g6:417;f1h3:343;g1h1:297;d4c5:279;a3a4:276;f3e4:267;b1e4:200
b1rqkb1r/1p2p1p1/7p/p1pp1p2/1P1PnPPP/2P5/n1R1P3/BNQ1KBNR w - - 0 11,opening,c2a2,72,c2a2:72;c1d1:-77;c1a3:-92;c1b2:-96;c1e3:-256;b4c5:-546;g1f3:-551;g4f5:-555
2n1rrk1/3n1np1/1ppN3p/pqp1ppP1/PN3P2/3PP3/1P5P/Q2NRRKN w - - 1 15,opening,d6b5,583,d6b5:583;a4b5:574;g5g6:356;d6e8:324;b4a2:319;a1a2:284;b4d5:277;d6f7:253
rnb1kb1r/p1pqp1pp/3p4/1p1P1p1n/1P6/6P1/P1P1PPBP/RNBQK1NR b - - 0 7,opening,a7a5,100,a7a5:100;c8b7:136;h5f6:144;b8a6:161;g7g6:171;c7c6:171;a7a6:187;h8g8:194
b4r1b/Bp1br1k1/p1p2p2/3pp2p/1P4p1/3PP2P/P1P2RP1/1B1RBK1B w - - 4 19,opening,a7c5,412,a7c5:412;h3g4:391;g2g3:384;f1g1:358;d1c1:356;h3h4:348;c2c3:339;a7b6:332
rkbrqbbb/pp2pppp/8/2p5/3p1P2/P2P2P1/1PP1P2P/RKBRQBBB b - - 0 4,opening,g7g6,63,g7g6:63;g7g5:66;a7a5:68;f7f6:71;f7f5:84;e7e5:87;d8d6:122;h7h6:150
brqkrbbb/p3p1pp/1p1p4/2p2p2/7P/2PP4/PP2PPP1/BRQKRBBB b - - 1 5,opening,g8a2,-364,g8a2:-364;g7g5:-253;b6b5:-244;g7g6:-218;c8a6:-218;f5f4:-216;c5c4:-197;a7a5:-189
nr1brkqb/ppp1p2p/6p1/2Pp1p2/P3P3/1P3P2/1n1PB1PP/NNR1RKQB b - - 0 9,opening,c7c6,-112,c7c6:-112;e7e6:-94;f5e4:-79;g8f7:-53;g8e6:-32;g8g7:-20;d5e4:-17;f5f4:-9
rn1nb1rk/pqppbppp/8/1p2p3/5P2/PPP1N3/3PP1PP/RNQ1BBRK w - - 1 6,opening,e3f5,106,e3f5:106;f4e5:102;c3c4:-26;d2d3:-39;d2d4:-45;f4f5:-58;e1g3:-86;c1c2:-87
1k1br2r/3p4/p1p2np1/P1N1pp1p/qP2P2P/N1P5/1R3Pn1/1QKBR2B w - - 0 23,opening,d1a4,619,d1a4:619;c5a4:601;c5a6:594;h1g2:587;c5d7:520;c1d2:482;b2a2:480;b1a2:479
1rqb1r1b/1b2pkB1/2pp2p1/pp6/1PP5/3PpB2/P1KRQ2P/2B1R3 b - - 2 23,opening,f7g7,-277,f7g7:-277;e3d2:-277;h8g7:-254;b5c4:-189;c6c5:-180;a5b4:-139;b8a8:-127;e7e5:-101
rnnknrqn/2pp1pp1/pp2p3/6Np/P7/N7/1PPPPPPP/R1NKR1QN b - - 1 5,opening,f7f6,-65,f7f6:-65;e6e5:-54;b8c6:-49;c8e7:-48;h8g6:-46;c8d6:-26;e8d6:-21;g7g6:-16
rnq1brkn/pp1p3p/5pp1/2p3bB/1P2pPP1/4P3/P1PP2KP/RN1QBR1N w - - 0 8,opening,f4g5,104,f4g5:104;h1g3:13;b1c3:8;d2d4:-26;d2d3:-29;b4b5:-40;h5g6:-46;c2c4:-61
1br1nknb/qBp1p1pp/5p2/p2r4/P2p1PP1/7N/1PPPP2P/QBRRNK2 w - - 1 7,opening,b7d5,421,b7d5:421;b7c8:387;c2c4:337;e2e4:231;b7c6:202;h3g5:49;c2c3:-30;a1a3:-75
b2b1r2/2pkpp2/1q6/pp2P1r1/1P5P/2BP1R2/3P1N2/1QK1R3 b - - 5 23,midgame,a8f3,-320,a8f3:-320;a5b4:-88;g5e5:-27;g5g1:-20;a5a4:32;e7e6:63;g5h5:88;f8g8:96
k1bbnrqn/2pp1pp1/3rp3/pp5p/7P/4PNN1/PPPP1PP1/KRBB1RQ1 b - - 0 7,opening,h8g6,96,h8g6:96;c8b7:103;e8f6:117;d6b6:121;b5b4:126;c8a6:135;a8b8:137;f7f5:141
kn1qnr2/ppp1p2p/1n1p1rn1/6p1/3P2P1/2N2N1P/PPP1NP2/K2Q1RRN w - - 1 10,opening,f3g5,369,f3g5:369;c3e4:-30;f3e1:-41;f3d2:-98;f3h2:-139;d4d5:-286;f3e5:-308;h3h4:-388
1b1r1b2/kpp2p2/3p3r/8/2b1p1PP/P1BB4/bP2P3/K1BR1B1R b - - 1 18,midgame,e4d3,15,e4d3:15;h6e6:202;h6g6:213;c4b3:226;h6h4:264;c4e6:279;d6d5:280;c4d3:289
1rk2qrb/pp1p2p1/3n4/bQ2pp1p/nP6/2PN1BP1/P2PPP2/NK1BR2R w - - 2 16,opening,b5a4,446,b5a4:446;b5a5:441;f3b7:302;b5d5:294;b5e5:240;d1a4:-140;f3c6:-212;b5d7:-253
bkrbqbbr/2pppp2/1p4pp/p7/7P/2P2R2/PP1PPPP1/BKRBQBB1 w - - 0 5,opening,b2b4,-109,b2b4:-109;f3h3:-115;e2e4:-124;d1c2:-124;g1h2:-136;f3d3:-141;b2b3:-142;c3c4:-146
nrkNb1nb/rpppp1p1/8/p4q1p/1P5P/3P1PB1/P1P1P1P1/RRNK1Q1B w - - 3 10,opening,e2e4,-174,e2e4:-174;g3f2:-178;f1f2:-188;f1g1:-200;b4b5:-203;a2a4:-207;c1b3:-230;a2a3:-237
kbbrqr1n/p3p2p/2pp1ppn/1p6/4P3/Q4P2/PPPP2PP/KBBR1RNN b - - 0 7,opening,h6f7,38,h6f7:38;d6d5:40;g6g5:52;h8f7:57;f6f5:72;e8d7:78;h6g8:79;f8g8:81
b1krrbqb/3b1p1p/p1pp2p1/1p1Pp3/P3P3/KB2B2P/1PP2PP1/B2RRQ1B b - - 1 11,opening,c6d5,-54,c6d5:-54;f7f5:-49;c6c5:-43;a8b7:-37;c8c7:-30;c8b8:-27;f8g7:-18;h8g7:-2
kn1rq1rb/2p2ppp/pp2p2b/3p4/1QP3PP/3P4/P1KRPP2/2N2BRB b - - 0 15,opening,h6d2,-254,h6d2:-254;b8c6:-229;a6a5:-220;h6f4:-151;g7g6:-114;g7g5:-98;c7c5:-73;a8a7:106
rrbbq2k/1p1pp1Np/p1p1n1p1/2Q1Np2/1Pn2P2/BR4P1/P1P1P2P/R2B3K b - - 2 11,opening,e6c5,-335,e6c5:-335;c4e5:-180;h8g7:-138;d7d6:-108;d7d5:-53;e6g7:-17;c4a3:4;b7b5:80
kb1rbq1r/p1pp1p1p/1p2n1p1/n3P3/8/1NPB1PN1/PP2P1PP/K2RB1QR b - - 0 9,opening,a5b3,100,a5b3:100;d7d5:148;c7c6:195;f7f5:200;a5c6:201;a5b7:209;f7f6:232;d7d6:251
bnrqkbnr/1ppppp2/6pp/p7/P6P/N7/1PPPPPP1/B1RQKBNR b - - 0 4,opening,g8f6,-33,g8f6:-33;f8g7:-25;b7b6:-17;e7e6:1;e7e5:15;b8c6:56;b8a6:62;h8h7:72
knq2rr1/1n1pp3/1Pp2pp1/p6N/1PNPP3/3N1n2/PQ2P1P1/K3R1RN b - - 4 23,opening,f3e1,221,f3e1:221;d7d5:356;f3g1:366;f3d4:464;f3g5:524;g6h5:541;f3e5:557;b7d6:559
bbrq3r/2p1pkpp/pp6/2np2n1/3P4/5P1P/PPP1P1N1/BBRQ1KR1 b - - 1 18,opening,c5e6,-322,c5e6:-322;c5d7:-300;d8d6:-243;c5e4:-222;c5b7:-212;g5h3:-163;c5a4:-156;g5f3:-148
n2rn1rq/1pp3p1/4kp2/pn1p2p1/Pn2Pp2/3P4/1PP3KP/NNNRNR1Q w - - 0 19,opening,a4b5,-106,a4b5:-106;c2c3:-207;g2g1:-211;b1d2:-244;c1e2:-251;a1b3:-257;d1d2:-268;e1f3:-276
brbbrkqb/1p1p1p2/8/p1p3pp/2P1pP1P/3PP1P1/PP2B3/BRB1RKQB w - - 0 11,opening,h4g5,109,h4g5:109;f4g5:78;h1e4:2;d3e4:-34;b2b3:-91;e1d1:-94;b2b4:-113;c1d2:-118
rr1kb2b/nppp1ppp/p7/1q2p3/3NP1n1/1NPP1P2/PP1B3P/RR1K1Q1B b - - 2 12,opening,b5d3,-49,b5d3:-49;e5d4:110;g4h2:146;g4e3:183;b5b6:222;b5a4:228;g4f2:249;g4f6:574
nnkrn3/3pr3/5p1q/pPp1p2p/4Pp1n/NP4PP/P2P2QN/N1KR3R b - - 0 20,opening,h4g2,-759,h4g2:-759;h4g6:-359;f4g3:-348;e7g7:-319;h6g7:-280;b8c6:-256;d7d5:-220;f4f3:-211
kr1r2n1/p2nppp1/1pppn1n1/6p1/PP3PN1/2PPP3/2K3PP/QR1RN2N w - - 1 20,opening,f4f5,600,f4f5:600;f4g5:526;g2g3:486;g4e5:465;a1a2:452;e1f3:451;h1g3:444;h1f2:442
br2rb1b/1q1kp1p1/2b5/2ppPp1p/pQp5/P2P3R/1P2BPPP/BR2K1BB w - - 2 14,opening,b4b7,-117,b4b7:-117;e5e6:-141;b4c5:-169;b4d2:-235;b4a5:-244;b4c3:-266;d3c4:-496;h3h5:-516
nq3nrn/ppp2k1p/3rp1p1/3p1n2/2PPNP2/7P/PPQ1P1P1/N1NRK1R1 b - - 0 10,opening,d5e4,-421,d5e4:-421;f5e3:-303;d6c6:-270;d6d8:-265;d6d7:-240;d5c4:-224;d6a6:-205;a8b6:-202
kr1qbrnb/n1p1pp2/p5p1/3p1N1p/Pp3P1B/1P6/K1PPP1PP/1RQ2RNB b - - 1 10,opening,g6f5,-386,g6f5:-386;c7c5:-306;e8a4:-299;d5d4:-195;g8f6:-188;b8b7:-181;e8d7:-148;e8c6:-137
r1nbbrk1/pppppp1p/n7/8/2P1PNp1/1P6/Pq1P1PPP/RN1BBRKQ b - - 4 5,opening,e7e5,-270,e7e5:-270;b2a1:-258;a6c5:-228;c8d6:-227;f7f5:-221;e7e6:-217;f7f6:-217;c7c6:-202
1nr2rbq/pkpp3p/5p2/2b1p1pP/1Pp1n1P1/P7/K2PPP1B/1NRBN1RQ w - - 0 13,opening,h1e4,243,h1e4:243;b4c5:230;b1c3:225;d1c2:105;e2e3:39;h1f3:24;e1c2:15;d1a4:0
3rb1n1/1pq4p/1kppp2N/p3r3/1n1P1pP1/K1Q5/P1P1PRBP/3RB3 b - - 5 19,opening,e5e3,-413,e5e3:-413;e5b5:-130;e5g5:-23;g8h6:22;f4f3:89;b4c2:105;d6d5:157;c6c5:163
b1b1r2b/pp1p4/3k4/P3r1pp/7P/1P6/1B1PP1Bq/B1KRRB2 w - - 4 23,midgame,c1b1,-303,c1b1:-303;b2d4:-325;e2e4:-326;h4g5:-356;b2c3:-358;e2e3:-358;a5a6:-358;c1c2:-372
1b1rnbrn/1kp1ppp1/pp5p/3p1N2/1PPP1N1P/4Qq2/P2KPP2/1B1R1BR1 w - - 3 13,opening,e3f3,691,e3f3:691;e2f3:636;f5d6:500;f5h6:253;f4d5:158;d2c3:151;a2a3:110;c4d5:109
3rkbn1/p1pqp1b1/2n2p1p/1p3P2/4P1P1/1Pp1K1P1/R2P2B1/1R3QNB w - - 1 23,opening,f1b5,185,f1b5:185;d2c3:112;b1a1:-7;e4e5:-105;b1d1:-118;g1e2:-119;e3f2:-182;g1f3:-196
rbb1qbr1/ppkp1p1p/4Q1p1/2p5/P7/5P2/1bPPP1PP/RBBK1BRB b - - 1 5,opening,f7e6,-575,f7e6:-575;d7e6:-570;e8e6:-547;e8d8:-184;f8e7:-144;f8g7:-73;c7d8:-72;f8d6:-3
r1n1q1bn/1b1r2pp/pp3k2/2Bpp2P/3P1pP1/1PP2Q2/P3PP1B/2RRKN1N b - - 0 18,opening,b6c5,130,b6c5:130;f6f7:249;f6e6:289;g7g5:319;d7f7:361;a6a5:369;g8e6:382;h7h6:413
rnqn1brk/p1ppp1pp/4bp2/1p4Q1/8/PPPPP3/5PPP/RN1NBBRK b - - 0 11,opening,f6g5,-719,f6g5:-719;e6b3:-128;c7c5:-110;a7a6:-92;c7c6:-71;c8b7:-58;c8a6:-12;d7d5:-9
k2rbq1r/p3R3/1ppp1p2/6p1/3p2P1/Q3Pn2/PPP3P1/KBNRBN2 w - - 0 15,opening,a3a7,99999,a3a7:99999;e7a7:99997;e7c7:99995;e7e8:646;e7e6:525;e3d4:487;e3e4:487;e7e4:478
nk3b1b/2p3r1/3n2pp/1p2pp2/1p2P1PP/P4P2/1KPPB3/N1N1RR1B w - - 3 17,opening,a3b4,398,a3b4:398;e4f5:357;f3f4:355;c1b3:324;b2b1:313;a1b3:312;g4f5:299;c2c3:276
1rk2q1b/2pb1n2/3ppp1p/pn4p1/P3B1NP/1PpNP1P1/2RPKP2/1R2BQ2 b - - 2 21,opening,b5a3,-167,b5a3:-167;f6f5:-94;d6d5:-46;b5a7:180;h6h5:241;g5h4:242;f8e8:242;e6e5:271
nnrrnn1q/2pp1pkp/p2Pp3/6p1/1p6/NP1N4/P1P1PPPP/N1RR1NKQ w - - 0 7,opening,d3b4,89,d3b4:89;d6c7:72;a3c4:-6;a3b1:-31;g2g3:-100;g2g4:-116;h2h4:-213;f1g3:-269
1b1kqbrr/1bp1pppp/p7/1pP5/3p1P2/P3P1Pb/1P1P2RP/BBBKQB1R w - - 2 8,opening,g2f2,7,g2f2:7;e1f2:0;h1g1:-19;e3e4:-37;g2e2:-64;g2g1:-122;c5c6:-218;e3d4:-239
knnqnrrn/pppppp1p/6p1/8/8/3NP3/PPPPQPPP/KN2NRRN w - - 2 4,opening,f2f4,34,f2f4:34;e3e4:27;c2c4:26;g2g4:26;c2c3:18;a2a3:16;b1c3:13;h2h3:9
rrnk2nb/1pppq1pp/6b1/p1P1pp2/3P3P/7N/PPK1PPP1/RRN1BQ1B w - - 4 7,opening,d4e5,94,d4e5:94;h4h5:-76;e1c3:-77;e2e3:-81;a2a4:-111;c1d3:-112;g2g3:-115;b2b3:-135
rnnkrqn1/pp2pppp/6n1/2pp4/1PP3P1/8/P2PPP1P/RNNKRQNN w - - 0 4,opening,b4c5,-11,b4c5:-11;c4d5:-77;f1g2:-85;f2f4:-95;e2e3:-109;e2e4:-115;a2a3:-119;c1d3:-129
bq1bk1rb/pr1p1ppp/8/1p2p1bB/1Pp1P2P/2KP4/PQP1BPP1/B1R3RB b - - 4 9,opening,d7d5,-372,d7d5:-372;g5c1:-352;g5h6:-321;d8b6:-316;g5f4:-298;g5h4:-288;g7g6:-264;g5e7:-260
r3br1q/p1kpp3/3b1p1n/1pnPP1p1/PPQ3PB/2P2P2/1RB4P/2KN1RN1 w - - 3 23,opening,e5d6,637,e5d6:637;a4b5:578;c4b5:575;c4a2:484;c4e2:462;c4d4:98;b4c5:54;h4g3:34
3qbrk1/r1pp1pBp/6n1/pp2p3/PQ1nP3/1P1P1P1P/2P2NP1/RN1B1RK1 w - - 1 14,opening,b4c5,269,b4c5:269;b4f8:225;b4e1:176;b4d2:175;g7f6:138;b4c3:137;b4d4:85;f2g4:62
rr1kb1nb/pp1pp3/3nqpp1/1P5p/2pNP3/2P2BP1/P2P1P1P/RR1KBQN1 w - - 1 11,opening,d4e6,522,d4e6:522;f3g2:140;f3h1:135;g1h3:108;h2h4:88;f1e2:70;a2a4:52;g1e2:31
rk2rb1b/pp2pb1p/2pq2p1/P4p1B/3bpP1P/3PR3/RPP3PB/1KQ2B1B w - - 0 14,opening,b2b3,-414,b2b3:-414;d3e4:-414;c2c4:-415;a2a4:-428;a5a6:-445;c2c3:-447;a2a3:-453;c1e1:-492
rrb2n2/p6k/1p6/3pq1B1/1bN4P/3P2P1/PPPnBPK1/R1R1N2Q b - - 8 22,opening,d5c4,-234,d5c4:-234;e5e2:133;d2c4:231;e5e8:420;e5e6:436;c8h3:513;e5g7:539;e5c7:587
qn2r1rb/3k1p1B/p4b1n/1pppp1p1/P1PP1P2/1P4PP/4P3/QNKBRRN1 b - - 0 12,opening,e5f4,-163,e5f4:-163;e5e4:-158;g5f4:-86;e5d4:16;c5d4:95;b8c6:164;b5c4:166;f6g7:169
b5qb/pr1b1k2/1p2rb1p/1P2ppP1/2p1P1B1/2PR2PP/P1QP4/BRB2K1B b - - 3 16,opening,f5g4,-406,f5g4:-406;c4d3:-249;f5e4:98;f7g7:174;f7f8:182;f6g5:192;g8g5:196;h6h5:203
qkrn2br/p2p1p1p/1ppnp3/6b1/2P3p1/3PR3/PP2PPPP/QK1NNBBR w - - 3 9,opening,b2b3,156,b2b3:156;b2b4:139;h2h3:94;h2h4:0;a2a4:-34;c4c5:-41;f2f3:-52;e3g3:-53
kqr1b1rb/p2p1pp1/5b2/p3p3/1bp3Pp/2BP1P1P/KPP1P3/Q1RB1BRB w - - 2 11,opening,f3f4,176,f3f4:176;c3e5:137;g4g5:93;c3b4:75;e2e3:53;f1g2:-28;d3c4:-97;h1g2:-130
1nr2r1n/1k1p2qp/p5p1/Q1p1p3/2PP1p1P/8/PPR1P1RN/KN5n w - - 2 19,opening,c2c3,-193,c2c3:-193;d4c5:-219;d4d5:-246;g2g1:-261;d4e5:-264;b1c3:-283;c2c1:-290;g2g5:-293
r2qkbnr/pppppppp/3n4/2n5/8/3P1NP1/PPP1PP1P/RNNQKB1R w - - 3 4,opening,e2e4,129,e2e4:129;c2c3:95;b1d2:94;f1g2:91;c2c4:87;a2a4:84;a2a3:80;c1b3:74
n1rnkr2/1p1p1p1q/p1p1pnN1/3n3p/P5P1/1N1P2QN/1PP1PP1P/1R1NK1R1 b - - 3 13,opening,f7g6,-225,f7g6:-225;h7g6:-86;f8g8:-61;h5g4:143;h7h6:318;f8h8:319;h7g7:374;f6g4:409
n3rrkq/p1p2ppp/n4nn1/1pNpNP2/2P1pR2/PPN5/3PP1PP/N1R3KQ w - - 7 13,opening,f5g6,217,f5g6:217;e5g6:139;e5f7:-151;e5c6:-189;c5a6:-190;d2d4:-201;e5g4:-235;e5d7:-239
b1q1b1nr/prpp1kp1/5p1p/1p2n3/3P1P2/7P/PPPQP1P1/B3KRNR w - - 5 13,opening,f4e5,-228,f4e5:-228;d4e5:-300;b2b3:-395;d4d5:-423;e2e4:-450;g1f3:-478;d2c1:-485;f4f5:-498
k2qr1nr/1p2p3/p2p1ppp/1np2N1N/QP4P1/P1P5/3PNPnP/KN2R2R w - - 0 18,opening,e1g1,403,e1g1:403;c3c4:331;e2f4:271;e1c1:259;h5f4:254;e1d1:240;e1f1:223;f5g7:152
nk1brqrb/p1pppp1p/1n4p1/1p6/8/4P1P1/PPPPQP1P/NKNBR1RB w - - 1 4,opening,e2b5,190,e2b5:190;h1a8:154;c2c3:107;d2d4:104;a1b3:103;g1f1:67;c1b3:47;c1d3:45
bb1rknr1/1qp3p1/3pp1np/pP1N4/6p1/5PR1/PPQPPN1P/BB1RK3 w - a6 0 12,opening,g3g4,142,g3g4:142;d5f6:132;d5c3:119;d5e3:108;b5a6:54;c2a4:-3;d1c1:-82;f2g4:-96
rbrb1bbk/ppp1p1pp/3p1p2/8/qP3P1P/2QP4/P1P1P1P1/RBRB1BBK b - - 0 6,opening,a7a5,-120,a7a5:-120;c7c5:-118;a4d7:-110;e7e6:-84;f6f5:-52;e7e5:-46;d6d5:-41;a4e8:-27
brqnbknr/pppp1p2/4p1p1/7p/5PP1/3PN3/PPP1P2P/BRQ1BKNR b - - 1 4,opening,b7b5,-29,b7b5:-29;b7b6:-24;h5g4:-5;d7d6:9;h8h7:37;e6e5:48;f7f6:55;d7d5:153
q1b2rkb/2ppbppp/p1B1r3/Bp2p3/1P1P3P/6P1/P1P1PP1K/1QBBRR2 b - - 0 10,opening,a8c6,-60,a8c6:-60;e6c6:-24;d7c6:119;c8b7:430;a8b8:434;a8a7:434;e7b4:643;a8b7:693
1k3rn1/p5pr/b4p2/1p1p2Pp/PPpn3P/2NP1Q2/B1P4b/K1B3NR b - - 0 20,opening,d4f3,-162,d4f3:-162;h2e5:336;g8e7:341;a6b7:409;b8a8:421;f8d8:421;d4c2:423;g7g6:466
bkbq2rb/4rb2/1p1p4/2p1Pppp/p1P1P3/1PB5/P1K2PPP/B1BRQ1RB w - - 0 15,opening,g2g3,103,g2g3:103;g2g4:66;d1d6:50;f2f3:46;c1b2:24;c1a3:9;c1e3:-19;c2b2:-104
rbbrb1kq/p1pp1pp1/1p5p/2b1p3/P1P5/4P1P1/1P1P1P1P/RBBRBBKQ w - - 0 5,opening,h1a8,469,h1a8:469;d2d4:453;b2b4:383;a4a5:289;b1e4:260;h2h4:258;f1g2:252;b1c2:248
r1bk2rb/1p1pp2p/p1pq2pn/5pN1/4nP2/1P4PN/PQPPP2P/R1BK1R2 b - - 3 10,opening,h8b2,-772,h8b2:-772;e4d2:-726;e4g5:-679;d6d2:-556;d6d5:-553;c6c5:-547;d8e8:-538;b7b6:-528
1r1nkqrn/ppnp1ppp/2n5/1Np5/P3p3/8/NPPPPPPP/N1R1KQRN w - - 6 7,opening,b5c7,468,b5c7:468;f2f4:122;f2f3:84;d2d3:84;c2c4:78;g2g4:78;h1g3:26;a2c3:18
rr1kbqnb/n1pppppp/8/p6P/1p6/1N5N/PPPPPPP1/RR1KBQ1B w - - 0 5,opening,g2g4,85,g2g4:85;g2g3:53;a2a3:34;f2f4:34;h3g5:29;b3a5:27;c2c3:-1;a2a4:-3
kbnrb1qr/p1ppppp1/1p2n3/7p/P7/3P1P2/1PP1P1PP/KBNRBNQR w - - 1 4,opening,e2e4,29,e2e4:29;a4a5:9;d3d4:-1;b1a2:-18;h2h4:-22;g1f2:-26;f1d2:-31;g2g3:-39
n1rbqbnr/k1pp1p1p/pp4p1/4p3/P5P1/1N1P3P/1PP1PP1R/1KRBQBN1 w - - 0 7,opening,h3h4,43,h3h4:43;e2e3:40;b3d2:35;c2c3:32;c2c4:32;f1g2:23;g1f3:12;h2h1:-1
1bbr2kq/1ppp1b2/r3pp2/p1P4p/P1P1P2p/1P1B1P2/B2B2PK/2RRB2Q b - - 3 14,opening,e6e5,410,e6e5:410;d7d6:413;b8a7:420;h8g7:436;d7d5:448;g8f8:459;c7c6:460;h4h3:468
kr1b1rqn/5ppn/p5N1/1p1pp1Pp/4P3/PPpN1P1b/1BPPB2P/KR3RQ1 b - - 0 13,opening,c3b2,-323,c3b2:-323;h8g6:-239;d8b6:-225;f7g6:-225;h3f1:-213;d5e4:-207;h7g5:-185;f8e8:-139
1kb1rn1b/ppp3r1/2p1p3/3n1ppp/4Q2P/PN3RP1/1PPP1P2/1KB2R1B b - - 0 17,opening,f5e4,-510,f5e4:-510;d5c3:20;f8g6:412;g7g6:429;g7f7:430;e8d8:444;e6e5:454;e8e7:464
rrq1kbn1/p3p2p/2nb4/1ppp1pp1/P1P1P3/1QR3P1/1P1PNP1P/1R1NKB1B b - - 0 11,opening,b5c4,-328,b5c4:-328;b5a4:-133;c6d4:-129;d5c4:-94;b5b4:-63;c6a5:-10;d5d4:46;d5e4:97
1brbbrqb/1k2ppp1/2p2Q1p/1p1P4/3P3P/P4PP1/KPP5/1BRB1R1B b - - 10 17,opening,e7e6,-514,e7e6:-514;g7f6:-483;e7f6:-428;g7g6:-411;e8d7:-360;g8h7:-248;b8g3:-198;c6d5:-151
krbbq2n/2pp4/pp1nN3/4p2p/2P4p/PP1PP3/1BB1R1r1/K3NRQ1 w - - 0 19,opening,e6c7,328,e6c7:328;g1g2:310;e2g2:252;e1g2:223;g1h1:135;f1f8:-402;e6d8:-455;e6g7:-495
knr1qbrb/ppppp1p1/7p/5p1N/5P2/2PnP2P/P5P1/KN1RQBRB b - - 0 8,opening,d3e1,-667,d3e1:-667;d3c5:-371;d3b4:-344;e8h5:-278;g7g5:-274;g7g6:-250;e7e6:-226;c7c6:-192
qb3knb/p2r2p1/r3pp2/1pppn2p/P1PPP1P1/8/1P2KPBP/QBRRNN2 w - - 1 13,opening,c4b5,368,c4b5:368;d4e5:323;e4d5:299;c4d5:207;b2b3:207;b1a2:182;g4h5:156;a1a3:151
nrn1k1qn/p1pp4/1Q1P2rp/n3ppp1/8/4P3/PPPK1PPP/NRNN2RN b - - 0 10,opening,c7b6,-781,c7b6:-781;a5c4:-779;a7b6:-768;b8b6:-762;c8b6:-756;a8b6:-726;g8d5:-697;g6d6:-548
bk2rrbb/q1b2pp1/p7/1PpBp2p/5PQ1/P3P1PP/1P1PB2B/B1K1RR2 b - - 1 14,opening,h5g4,-459,h5g4:-459;g7g6:-313;f7f5:-305;f7f6:-305;e8d8:-235;a8d5:-222;a7b6:-160;g7g5:-152
kqbbr1nr/pppppp2/4n1pp/8/8/4P2N/PPPP1PPP/KQBBRNR1 w - - 2 4,opening,e3e4,19,e3e4:19;d2d3:6;f2f4:2;c2c3:-1;d2d4:-4;c2c4:-9;f2f3:-9;h3f4:-26
bkq1rbbr/1pp3p1/p1b2p2/3pp2p/PP1Q1P2/3PP3/2P3PP/BKR1BBBR w - - 0 10,opening,f4e5,-130,f4e5:-130;d4b2:-131;d4c3:-152;d4c5:-534;b4b5:-544;d4b6:-568;a4a5:-574;d4e5:-578
1rbn1r1n/3pp2k/6p1/1ppb1p1p/Pp1qP1P1/1P3P1N/4RBKP/Q4R1N w - - 4 23,opening,f2d4,528,f2d4:528;h3g5:462;a1d4:-54;e4d5:-67;a1c1:-153;a1e1:-161;a1a2:-244;a1b1:-264
brknqrbn/1ppp1pp1/4p2p/8/pP4P1/5P2/P1PPP2P/BRKNQRBN b - - 1 5,opening,f7f6,145,f7f6:145;e6e5:149;g8h7:254;h8g6:287;f7f5:291;b7b6:298;d7d6:326;b7b5:328
rqb3n1/p2k3r/1ppppn2/8/PPP1p1Pp/4K2P/4Q1PN/R1R3NB b - - 0 22,opening,d6d5,-332,d6d5:-332;a7a5:-316;d7e8:-312;h7f7:-297;c8b7:-276;b8c7:-271;c6c5:-269;h7g7:-268
bnkqrnr1/1ppp1pb1/4p3/p5pp/4B1PP/3P1P2/PPPQP1R1/BNK1RN2 w - - 0 8,opening,h4g5,-59,h4g5:-59;g4h5:-70;d2a5:-83;d3d4:-115;f3f4:-129;f1g3:-139;b1a3:-145;c2c4:-148
rk1brbbb/p1pp1ppp/q7/1p2p3/7P/3P4/PPP1PPP1/RKQBRBBB w - - 0 4,opening,g2g3,-66,g2g3:-66;e2e3:-69;c2c3:-70;e2e4:-74;g2g4:-75;a2a3:-75;c1d2:-94;g1h2:-101
1kbrq1bb/1pp1bppp/3pp3/4P3/3P3P/5P2/rPPR2P1/RKB1QBBB b - - 1 8,opening,a2a1,-25,a2a1:-25;a2a4:117;a2a7:223;a2a8:242;e7h4:306;a2a6:336;g7g5:364;d6e5:421
n1b3nk/1p1pp2p/p3r1pB/2p5/2PP2qP/6bN/PP3rP1/NB1R1QRK b - - 1 15,opening,g4h3,-99998,g4h3:-99998;f2f1:-547;g8h6:-521;e6f6:-462;e6e2:-460;g4h4:-453;f2f6:-373;g6g5:-298
n1q1rnrn/1pp2p2/p3k3/Q2pp1pN/1P2N3/1n1PP3/P4PPP/N2R1KRN b - - 2 18,opening,b3a5,-479,b3a5:-479;d5e4:236;e8d8:248;b7b5:264;f7f5:269;a8b6:272;f8d7:278;f7f6:298
1nr3rb/ppn1kBp1/qb2p3/P1p1Pp2/2Pp4/1NRP3R/1P3PPP/4K1QB b - - 4 17,opening,d4c3,-447,d4c3:-447;b6a5:-392;e7f7:-379;b8d7:-362;g8f8:-349;b8c6:-348;c8f8:-346;f5f4:-323
1rb1n1kr/2pp1Npp/p2bn3/1p1qp3/2B3P1/4P3/PPPP1P1P/QRBN2KR w - - 1 7,opening,c4d5,520,c4d5:520;f7h6:432;f7d6:-269;c4e2:-424;d2d3:-475;e3e4:-518;f2f3:-521;b2b3:-547
br2rbbQ/p1pqk2p/3pp1p1/1p3p2/2P5/4P1P1/PP1P1P1P/B1RKRBBB b - - 0 8,opening,a8h1,154,a8h1:154;e7f7:160;f8h6:385;g8f7:430;e7d8:437;b5c4:440;e6e5:456;b5b4:461
2brb3/p5bk/3p4/1rpqp1B1/3P2p1/3RBP1P/1P2P3/Q3RBBK w - - 0 17,midgame,d4c5,323,d4c5:323;d4e5:319;g5d8:289;a1d1:276;h3g4:243;e3d2:243;a1c1:231;d3d2:230
r2nrnqn/kp2pp1p/1n4p1/p1pp4/2P2P2/PP2N3/3PPNPP/RKN1RNQ1 w - - 2 7,opening,e3d5,161,e3d5:161;b3b4:128;f2d3:128;c4d5:114;f2d1:114;a1a2:106;c1d3:77;g2g4:31
q1rnkbr1/1pp1p2p/p3np2/P2p2p1/3P3P/4bPP1/1PP5/QBRNKBRN w - - 0 12,opening,d1e3,211,d1e3:211;a1a4:190;c2c3:-207;c2c4:-245;f1b5:-277;g1g2:-292;h1f2:-295;f1d3:-295
b1k1rr2/bq2p2p/4Q3/2p1bp2/5pP1/8/P1PPP2P/B1KBR2R b - - 0 13,midgame,b7d7,-153,b7d7:-153;c8d8:-85;c8c7:202;c8b8:557
1rr1b1b1/2ppkp2/1p1q2p1/pBb1pP1p/3P3P/PP2PPB1/2P4Q/BRRKB3 b - - 4 14,opening,f7f6,495,f7f6:495;c5a3:555;c5d4:595;d6f6:650;d6d5:670;c5b4:680;g8h7:736;g6f5:737
r1n5/3rkqpp/6nn/p1pppN1P/Pn3N2/2PP4/R2RPPP1/1N2KQ1N b - - 0 19,opening,f7f5,-196,f7f5:-196;h6f5:-172;e7e8:163;e7d8:163;e7f8:180;e7f6:290
1q1rknrn/2pppp2/1n4p1/1P3N1p/2PP4/pN6/1P2PPPP/2NRK1RN b - - 2 12,opening,g6f5,-688,g6f5:-688;a3b2:-667;b6c4:-627;d7d5:-598;f8e6:-574;b6a4:-539;f8h7:-539;c7c6:-536
rbqbnk1r/pppp1ppp/8/4p2n/P7/5N2/RPPPPPPP/1BQBNK1R b - - 0 4,opening,e5e4,-21,e5e4:-21;c7c6:8;c7c5:29;d7d6:41;d8f6:96;f7f6:140;d7d5:143;g7g6:147
1krb1rq1/2bbbp1p/1pp3B1/Q3p3/PP1p1p2/2PPP1PP/2B5/K2RBR1B b - - 1 17,opening,b6a5,-480,b6a5:-480;f4e3:-288;b8b7:-286;c7d6:-284;f7g6:-284;g8g6:-281;d4e3:-259;f4g3:-239
nrn1k1rn/1n1p2pp/2p2p2/pp2p3/1N2q3/P1PP1PP1/1PN1P2P/NR2KQRN w - - 2 10,opening,f3e4,638,f3e4:638;d3e4:615;b4a6:338;f1h3:335;b1d1:330;h2h4:329;h1f2:328;g3g4:324
rknrbbn1/pp2ppp1/3p4/2p4P/8/3q1PBB/PPPPP2P/RKNR2NQ w - - 0 6,opening,e2d3,768,e2d3:768;c1d3:759;c2d3:687;h3c8:410;e2e4:176;a2a4:144;f3f4:131;c1b3:125
1brbr1n1/ppp2ppk/1n2q3/P2p3p/4p2P/2P4N/1PBPPP2/1BR1RQK1 b - - 3 15,opening,b6d7,-444,b6d7:-444;b6c4:-430;e6g6:-398;e6g4:-392;b6a8:-379;d8h4:-355;g7g6:-328;h7h6:-311
rb1b2nr/p1p4p/Pp2p3/4Q2n/R1P1P1pk/3q2pP/1P3P2/1B1BK1NR b - - 0 22,opening,g3f2,-220,g3f2:-220;d3e4:709;d3c3:99993;d3f1:99993;d3e2:99993;d3e3:99995;d3d1:99995;d3d2:99995
n1kr1nr1/p1p2pq1/3ppnp1/1p5p/1n2P2Q/1P1P1P1P/P1PN2P1/N1KRNN1R b - - 1 10,opening,b4a2,-468,b4a2:-468;f6d5:-388;g6g5:-365;f6d7:-149;f6e4:-126;a8b6:-106;c7c5:-102;f6e8:-82
1rqnbrnb/1p1p2pp/pk3p2/2p1p3/1PP3P1/2Q2P1N/PN1PP2P/KR2BR1B w - - 0 8,opening,e1f2,405,e1f2:405;f3f4:402;h3f2:338;b2d3:336;b4c5:332;c3a3:320;b2a4:315;e1g3:299
kr3rbq/pp2pPpp/3p4/1b4P1/N6P/P7/2PB1P2/KRN2RBQ b - - 0 14,opening,b5c6,415,b5c6:415;b5f1:445;b5a4:461;g8f7:592;g7g6:592;b5c4:597;b5a6:597;b5d7:649
1rq1r1bb/2pp1p2/p3k3/1pb3Pp/PP1Pb1P1/2P1P3/1R2K1B1/B3QRBB w - - 3 22,opening,g2e4,545,g2e4:545;d4d5:483;b4c5:475;d4c5:454;e1h4:436;f1f4:426;g4h5:412;e1f2:407
n1rrqnk1/4ppp1/6np/p1pp4/pn2P1PP/N2P4/2P1QPK1/N1RR1N1N b - - 1 11,opening,g6f4,-811,g6f4:-811;b4d3:-618;b4a2:-568;d5e4:-563;c5c4:-551;c8b8:-533;f8e6:-532;a8c7:-532
qrkbr2b/pp1ppp1p/6p1/2p5/B2P2nP/P2PP1P1/1P1K1P2/QR2RNNB w - - 3 11,opening,d2e2,474,d2e2:474;b1c1:473;e1c1:471;a1a2:468;h1f3:459;b2b4:427;g1h3:413;h1g2:413
rb1nbr2/1p1k1p2/2npp3/p1p1P1pp/P1P2P2/6P1/1NK1Q2P/R3BRN1 w - - 3 16,opening,a1d1,442,a1d1:442;e1c3:442;e1f2:426;e2d1:419;e2h5:410;c2b1:404;c2c1:388;e2d3:381
b1qbrr2/pkp1p1Np/7n/Pp3pn1/3P1P2/1PP1NR1P/4P1P1/BQKB2R1 w - - 1 17,opening,f4g5,524,f4g5:524;b1d3:409;f3f1:348;g2g4:345;g7e8:344;c3c4:335;b1c2:330;a5a6:306
2r1r2b/1qp3np/ppnb1kp1/4p3/1P1N2BP/3P1pP1/P1P2R1K/Q1RN3B w - - 3 21,opening,h1f3,509,h1f3:509;d4c6:497;g4f3:488;f2f3:481;g4c8:384;d4e2:350;d4f3:299;d4b5:232
1n1knr1r/p2pn3/1n2pqpp/1pp1N3/2PN4/P2NP1P1/1P1P1P1P/3K1RQR w - - 6 15,opening,d4b5,-263,d4b5:-263;g1g2:-317;e5g4:-353;d3c5:-366;a3a4:-384;f2f4:-396;c4b5:-402;b2b3:-415
bbqk1rrn/p1ppppp1/3n4/1p6/1P1PP2p/5P2/P1P3PP/BBQKNRRN w - - 0 5,opening,h1f2,12,h1f2:12;a2a4:-12;g2g3:-50;a2a3:-60;e1d3:-67;g2g4:-70;f1f2:-88;a1c3:-99
Bbqr3k/2bpr1p1/1p3p1p/pPp1p3/P5P1/4P2P/B1PPRPR1/B1b2B1K b - - 0 16,opening,e5e4,-397,e5e4:-397;c5c4:-365;c7d6:-338;d7d5:-334;c1a3:-319;g7g5:-307;b8a7:-299;g7g6:-294
n1n2qrn/1r1k3p/p1pP1p2/n3p1p1/1p1P4/P6N/NPP2PPP/N1NRKQR1 w - - 2 15,opening,a1b3,376,a1b3:376;a3b4:366;c1b3:338;a2b4:308;d4e5:272;f1e2:239;c1d3:233;d1d2:199
q1kb1r1b/R1p2r1p/p1np1n2/5pp1/P2P1p2/7N/NPP1P1PP/Q1KB1R1B w - - 5 13,opening,a7a8,565,a7a8:565;a2b4:-227;h3g5:-245;g2g3:-257;g2g4:-289;c2c3:-337;a7a6:-357;a2c3:-370
rq1brn2/4pp1p/p1kp2p1/Pp3P2/1P2n3/Q1PpPBP1/2R4P/2KBRN1N w - - 0 21,opening,f3e4,608,f3e4:608;c2d2:396;c3c4:389;f5g6:346;c2a2:342;c2f2:331;a3a2:330;c2b2:327
1nn2rrn/5pp1/1k1pp3/p1N4p/P2pP1P1/1P5P/K2q4/2N1QRRN w - - 1 23,opening,e1d2,509,e1d2:509;a2b1:-371;a2a3:-404;a2a1:-408
nnnrnrkq/p1p1p1pp/1p3p2/3p4/6P1/2P2P2/PP1PPR1P/NNNRN1KQ w - - 0 5,opening,d2d4,33,d2d4:33;e2e4:25;h1g2:21;a1c2:17;a1b3:13;h2h4:8;f3f4:-4;e1c2:-16
nnqr1n1r/pppppppk/5n1p/8/2P1P3/5P2/PP1P2PP/NNQRNNKR w - - 1 4,opening,d2d4,95,d2d4:95;c1c2:87;e4e5:82;a1b3:58;a1c2:58;f1e3:33;b2b3:22;b1c3:21
1brqr2b/p5kp/np2p1pn/1QPp1pN1/7P/P5P1/1PPRPP2/1BR1NK1B w - - 0 17,opening,b5a6,365,b5a6:365;c5b6:242;g5e6:236;c2c4:211;c5c6:187;b2b4:186;e2e4:169;c1d1:114
bbrqkn1r/1ppp2p1/4p3/p4pnp/2P2P1P/3P2P1/PP2P3/BBRQKNNR w - - 0 8,opening,h4g5,432,h4g5:432;f4g5:348;e2e4:167;h1h2:151;b2b4:146;b2b3:142;f1d2:121;e2e3:90
qb1kbrb1/B4pbB/8/1p1pr1p1/P6P/1RP2pP1/1P1PP3/1QRKB2B w - - 0 15,opening,a7b6,233,a7b6:233;d2d4:30;h1f3:-41;a7e3:-124;h7g8:-174;e1f2:-204;b1d3:-221;h7d3:-240
1nbk1b2/rp2p2r/5n2/p4pPp/Pq4P1/1PpPP2N/2K1N2P/R1B1Q2R b - - 1 20,opening,f6g4,-227,f6g4:-227;f6d5:-166;b4g4:-163;h5g4:-162;e7e5:-148;a7a6:-123;f5g4:-69;f6d7:-56
nbrbrqnk/p1pp1p2/1p6/4p1pp/2PN4/3P4/PPR1PPPP/1B1BRQNK b - - 1 6,opening,e5d4,-290,e5d4:-290;g8h6:-3;f7f5:13;c7c6:51;c7c5:54;g5g4:61;g8e7:94;d8e7:107
nnkr2rq/p1pp2pp/2Q3n1/3P1p2/1P2p2P/5NP1/P1P1PP1R/NnKR4 b - - 3 17,opening,d7c6,-814,d7c6:-814;b8c6:-724;a8b6:-530;e4f3:-301;b1c3:-289;g8e8:-265;g6e5:-258;d7d6:-235
r1bk1nr1/7p/qpp2pp1/4p2b/1pP2PnP/3P1NP1/P2BP2N/QRBK4 w - - 1 21,opening,f4e5,-257,f4e5:-257;b1b4:-309;h2g4:-317;a1b2:-332;b1b3:-367;a2a3:-397;c1b2:-401;h2f1:-412
nrnrqbbk/p1p2pp1/1p1p4/2Q1p2p/3P4/4P2P/PPP2PPB/NRNR1B1K w - - 2 7,opening,c5c3,25,c5c3:25;c5b5:20;c5b4:17;c5c4:12;c5a3:-8;c5d5:-29;f1b5:-488;c5e5:-662
r1brqb1b/kp1pp1p1/5p1p/p1p2b2/P4Q1P/R1PP4/1PK1PPPB/2BR1B1B w - - 3 10,opening,f4f5,317,f4f5:317;g2g4:300;f4c7:220;e2e4:211;c1e3:48;g2g3:41;f4c4:15;b2b4:14
qnrnr1kb/ppp1p1bp/3p1p2/6p1/N1P1P3/8/PP1P1PPP/QNR1RBKB w - - 0 5,opening,d2d4,72,d2d4:72;b1c3:67;c4c5:64;b1a3:54;g2g3:42;c1d1:34;a4c3:30;b2b4:26
nrnnk1rn/pp1p1p1p/4p3/2p3pP/P3PP2/1q6/2PP2P1/NRNNKQRN w - - 0 9,opening,a1b3,728,a1b3:728;c1b3:679;b1b3:673;c2b3:664;d1c3:234;d1b2:13;b1b2:-156;f1b5:-182
bbq1kr1r/ppppp3/8/6pp/1P4p1/4P3/P1PnNPNP/1BQK1RR1 w - - 0 10,opening,c1d2,-57,c1d2:-57;d1d2:-127;g2f4:-335;g2h4:-370;h2h4:-427;e3e4:-450;e2f4:-452;f2f4:-475
1rq2knr/2p3p1/ppnp3p/4pp1b/P1P3P1/1PQ1Pb2/3P1N1P/BR2BKNR w - - 4 10,opening,g1f3,59,g1f3:59;g4h5:59;b3b4:-214;c3c2:-242;d2d3:-265;a4a5:-266;c3b2:-268;b1c1:-272
rb2r2k/pp1bp2p/2pPR1p1/5B1P/5B2/2q1b3/1PbPPPPK/3BBQ2 w - - 5 17,opening,d2e3,323,d2e3:323;e6e3:302;f2e3:253;f4e5:200;b2c3:78;g2g3:56;d2c3:55;f4g3:2
1r1kb2b/rppp3p/5Qpn/1nqBp3/p1P4P/4P1P1/PP1P1P2/RR1KB1N1 b - - 5 13,opening,h8f6,-769,h8f6:-769;c5e7:141;d8c8:381
2rk2nr/1b2p1Bp/2p3nN/1PPp1ppQ/5P2/bpRPP2P/B2q2P1/5KNR w - - 0 20,opening,h6f7,114,h6f7:114;a2b3:-10;c3b3:-91;b5c6:-106;g1e2:-116;f4g5:-119;a2b1:-133;h5e2:-139
b3rb2/1p2pprk/p5p1/bBpB4/PP2P2p/2P1RP1P/3P2Pb/B2Q2RK b - - 2 19,opening,a6b5,439,a6b5:439;e8d8:481;h2g1:492;e8c8:509;e8b8:517;e7e6:532;a5c7:542;c5c4:554
kbbrr2n/pppp4/Pn3Rq1/6pB/3p3B/2P3R1/1P5P/K5QN w - - 3 20,midgame,f6g6,304,f6g6:304;h5g6:251;a6b7:182;h5f3:-506;f6b6:-559;g1d4:-563;h4g5:-580;g3g5:-582
rr1b1n1k/1N1pp2p/5n2/1p4p1/1P1P4/R1P2p1P/1q2PPP1/2BB1NQK b - - 1 14,opening,b2c1,-502,b2c1:-502;f3e2:-459;f3g2:-426;b2b1:-423;b2a3:-165;b2a1:0;a8a3:198;b2e2:304
nk1q4/pp3pr1/8/2p3pp/Bb2Pp1b/3P2PB/PnP2Q1P/NKR3R1 b - - 1 18,opening,b2a4,-404,b2a4:-404;h4g3:-306;f4g3:-271;a8b6:-187;g5g4:-174;b4c3:-152;d8b6:-65;b4a3:-59
1brqrbbk/p1p5/1B1p1pp1/4pP1p/8/1PBP4/P1P1P1bP/1BRQRBK1 w - - 0 9,opening,b6f2,14,b6f2:14;e2e4:0;b6a5:-1;f1g2:-17;b6e3:-115;g1g2:-119;f5g6:-169;c3d2:-225
rnqnbbrk/1p1p1ppp/p7/4p3/1Pp5/2N5/P1PPPPPP/RNQ1BBRK w - - 0 5,opening,c3d5,152,c3d5:152;c1b2:56;a2a3:47;e2e4:45;a2a4:41;e2e3:26;c1d1:13;f2f4:8
q1kr1b1r/b3p1p1/ppp2n2/3p1p1p/P2P1PnP/6P1/QPPRP2R/1BK1NB1N w - - 1 14,opening,e2e3,-131,e2e3:-131;e1f3:-168;h2f2:-171;h2g2:-178;h2h3:-232;e2e4:-240;c2c4:-302;f1g2:-334
3k1q1n/2pp1p2/prn1r2p/1p2p2n/4p2P/PP1P3Q/4N1P1/R2KR1NN b - - 1 18,opening,e4d3,-619,e4d3:-619;e6d6:-562;h8g6:-551;f8c5:-527;b5b4:-507;h5f6:-503;c6a5:-478;f8d6:-464
3rn2b/p3p1k1/1brp4/PpPn1P1p/4P1P1/1P3K1N/B1P4P/2RRN2B w - - 7 20,opening,e4d5,536,e4d5:536;a5b6:489;d1d5:474;c5b6:463;g4g5:436;h3g5:423;g4h5:404;f3g3:370
1nkb2rr/2p2pp1/3p3p/p1n1p1q1/p2N3P/1PPP3R/K3PPP1/BN1BQ1R1 b - - 0 15,opening,g5f6,205,g5f6:205;g5e7:219;g5g6:230;g5g4:246;g5f4:268;g5h5:301;g5c1:328;a4b3:473
2kbrbb1/p6p/2ppp3/1p3pp1/PP1q1P2/4PB2/Q1P3bP/2K1RBBR w - - 0 16,opening,e3d4,472,e3d4:472;a2a3:282;f1g2:233;e1d1:225;f3g2:220;g1f2:217;e1e2:168;a2b3:-34
b1r2b1r/1kn2npp/1ppp1p2/p2pB3/QP3PPP/2PNN2R/3KP3/2R2B2 b - - 1 21,opening,d6e5,456,d6e5:456;b6b5:485;f6e5:496;f7e5:560;c6c5:592;h7h5:602;b7b8:609;f7d8:619
1qrnk2r/bppp1p1p/8/2P1p1p1/p7/P1Q2N1P/1NPPPn1R/1BR1KB2 w - - 0 14,opening,c3e5,552,c3e5:552;h2f2:494;b2a4:479;e2e3:464;b1a2:447;f3g5:443;b2c4:421;h2g2:388
nnkr3r/7p/1pp2p1q/N2p3n/P1QPPP2/4N1P1/NPP3P1/2K1NRR1 b - - 1 22,opening,d5c4,-285,d5c4:-285;h5f4:332;h5g3:359;b6a5:359;h8e8:415;a8c7:436;f6f5:456;d8e8:456
qk1n3r/1p1p2pp/3n1rp1/p1p1p1P1/4PP2/2P3P1/Pn1PR1R1/QNKNN3 w - - 0 20,opening,g5f6,408,g5f6:408;a1b2:379;f4e5:358;d1b2:328;d2d4:304;a2a4:304;b1a3:280;d1e3:277
2r1rkqb/ppbp3p/1n2pp2/n5pP/3P4/1N6/PPP1PPP1/1R1BRKQB w - - 0 11,opening,b3a5,20,b3a5:20;e2e3:-314;b1a1:-322;g2g4:-329;b1c1:-332;c2c3:-332;e2e4:-333;g2g3:-358
1qbrr1nn/1ppp1pp1/1k6/p3pN1p/Pb6/5PPP/KPPPP3/Q1BRRBN1 w - - 3 8,opening,f5g7,251,f5g7:251;e2e4:168;c2c3:149;f3f4:120;b2b3:115;a1b1:103;a2b1:81;d2d4:78
b2r1b1r/4qb1p/5Pp1/kp1p4/Pp1P2b1/2pRBP1P/2PQ4/K3BBBR w - - 2 23,opening,f6e7,536,f6e7:536;d3c3:351;d2c3:281;d2e2:184;d2c1:152;e1g3:152;d2h2:106;d2d1:85
qbrr1knb/pp1pp1pp/2pn1p2/4Q3/5P2/1P6/P1PPP1PP/1BRRNKNB w - - 0 4,opening,e5h5,166,e5h5:166;e5e3:75;e5c3:67;e5b2:33;e5d4:32;e5c5:19;e5a5:5;e5a1:-38
r1k1r2n/3p2n1/pq1n4/1pP1pp2/3p2pp/PRP1PPNN/3R2PP/Q2KN2N w - - 2 23,opening,c5b6,550,c5b6:550;c3d4:365;g3e4:352;g3f5:348;g3h5:318;g3f1:254;g3e2:232;f3g4:228
kr3rb1/1np2pq1/p5p1/1p2p2p/PP1pP2B/1R6/K2nPBPP/2NNR2Q w - - 0 20,opening,b3d3,-292,b3d3:-292;b3a3:-314;b3b2:-331;a2b2:-438;e2e3:-444;a4b5:-449;b3c3:-450;a2a1:-466
r3rbkb/3ppn2/pnB5/N1p1q1p1/5p2/P4K1p/QPPR1P2/NR3B2 b - - 9 22,opening,g5g4,-620,g5g4:-620;e5f5:-591;c5c4:-513;e7e6:-503;h3h2:-497;d7c6:-484;a8c8:-466;d7d5:-449
nk1qrr1b/1b1Q3p/4p1n1/N1p1Pp2/1pP3p1/1P2RPPP/P2P4/1KB2NRB w - - 1 15,opening,d7b7,99999,d7b7:99999;d7d8:404;d7b5:391;d7a4:278;a5c6:243;d7d6:197;d7h7:183;e3d3:-76
1nnr2rb/kpppqp1p/p3p1p1/3P4/7Q/5P2/PPP1P1PP/KNNR1BbB w - - 0 8,opening,h4e1,-563,h4e1:-563;h4g3:-578;h4a4:-601;h4h3:-605;h4g4:-610;h4f4:-617;h4e4:-618;h4c4:-623
3n1nkb/2Qrrp1p/4p3/PpP3p1/3Nq2P/4P3/P1P2PP1/RB1NR1KB w - - 2 15,opening,c7g3,541,c7g3:541;c7h2:483;c7b6:388;c2c3:361;c7c8:358;g2g3:314;d1c3:314;c7b8:253
2kr1nr1/q5pn/1p1p1p2/p1pbP1PN/4P3/P1P5/1PB2P2/BQ1KR1RN w - - 2 18,opening,e4d5,537,e4d5:537;h5f6:385;e5f6:372;h5g7:347;h5f4:343;h1g3:314;g5g6:309;g5f6:302
k2brbrb/q3p2B/1p3p2/2pP1Ppp/pPP3P1/Q2B2b1/P2P2B1/1K1R2RB b - - 0 15,opening,g8g7,342,g8g7:342;f8g7:359;g3d6:368;a8b8:369;e7e6:404;c5b4:411;h5h4:416;h5g4:439
k1r2br1/Pp2p1b1/2p1Npqp/p1Np4/P2Pn1pP/2P2PQ1/4P1P1/K2R1BRB b - - 6 17,opening,e4g3,-238,e4g3:-238;e4c5:-118;e4c3:182;b7b6:245;e4d6:289;g4f3:297;e4f2:420;e4g5:459
knr1rn1n/p2pp1p1/8/1ppq4/N2PnNPP/2P5/PP2PP2/KNRR2Q1 b - - 0 15,opening,d5f7,-233,d5f7:-233;d5d6:-212;d5b7:-118;d5c6:-92;d5c4:-45;d5g8:81;b5a4:537;e4c3:578
kq3rr1/1pp2ppp/p3p1n1/1P1pn1R1/nKP1PP2/3P1P1P/P3NNN1/1N1Q1R2 b - - 3 19,opening,a4b2,255,a4b2:255;c7c6:288;d5c4:292;e5f3:294;a4b6:300;b8a7:302;c7c5:312;e5d3:321
rqbknr1b/1pp3pp/5p1n/p2pp1N1/8/3P3P/PPP1PPP1/RQBKN1RB w - - 2 6,opening,g5h7,97,g5h7:97;g5f3:-75;e1f3:-216;g2g4:-218;b2b4:-238;c2c4:-244;g2g3:-246;f2f4:-259
3br1rQ/1b2pPp1/1pp1kp1p/7B/pPp3P1/4P3/PB1P3q/1K1R1NRN b - - 1 18,opening,g8h8,640,g8h8:640;h2g1:701;h2h5:761;h2e2:844;h2d6:860;h2b8:876;h2c7:892;g8f8:894
knr1rnqn/1ppp1pp1/p1n5/4p2p/1PP3P1/P7/3PPPQP/KNRNRN1N b - - 0 5,opening,c6d4,-194,c6d4:-194;h5g4:-189;h8g6:-82;f8e6:-82;e5e4:-70;d7d5:-63;d7d6:-60;f8g6:-56
2r1Nbrb/1k2p2p/2p3p1/p4B1P/3P4/KpP1bP1q/1P6/2QRBB2 w - - 0 23,midgame,f5c8,357,f5c8:357;e8d6:315;f5h3:248;f1h3:203;c1e3:0;f1a6:-85;f1d3:-192;e1g3:-209
1r1nbbkr/qp3p1n/p1ppp1p1/7p/1PPPP2P/1R2BP2/P5PR/1Q2NBKN w - - 0 15,opening,c4c5,242,c4c5:242;g2g3:228;h1f2:200;b1c1:196;a2a3:183;e1c2:182;b1b2:180;f1e2:160
krnn1rbq/1pppp1pp/5p2/p2b4/PPPP2N1/8/4PPPP/KRN1BRBQ b - - 0 6,opening,d5c4,-230,d5c4:-230;d5f7:-164;d5e6:-161;d5e4:-158;h7h5:-145;f6f5:-84;d5c6:-76;g7g5:51
2nq1rrk/pb2pp1p/1p2n3/1bpN1Pp1/3P2PP/1P6/P1P1PB2/BQN1R1RK b - - 0 12,opening,b7d5,-146,b7d5:-146;c5d4:-125;c5c4:-124;e6d4:-46;f7f6:-4;b5e2:5;g5h4:50;b5c6:109
nr2rn1k/p2pppp1/1q4n1/1QP2N1p/4n2P/P3PP2/1NP3P1/RN2R1NK b - - 2 20,opening,e4f2,-719,e4f2:-719;b6b5:-646;e4g3:-555;b6f6:-349;b6e6:-272;b6c7:-108;b6c5:-82;e4c5:-73
2b2rrq/p3p1n1/PB2kp2/6pp/4P1P1/2P2Pb1/1PP4P/NB1K1RRQ w - - 0 15,opening,b1a2,355,b1a2:355;h2g3:348;g1g3:303;b6e3:291;b6a7:252;f3f4:230;b6d4:222;h1g2:219
bq1brrkb/ppp1pp1p/6p1/3p4/5P2/P6b/1PPPP1PP/BQBBRRKB w - - 0 5,opening,g2h3,279,g2h3:279;b2b4:64;b2b3:37;e2e3:37;d2d3:5;a3a4:-34;f1f2:-36;d2d4:-43
2nnrrkn/2p1pp2/8/Npqp1Npp/P2PP1PP/2P5/2P1NP2/1Q2RRK1 w - - 0 20,opening,d4c5,722,d4c5:722;f5h6:661;b1c1:346;h4g5:334;g4h5:311;a5b3:310;a5b7:291;c3c4:269
bnk1qnrb/pppp1ppp/1r6/4p3/8/3PPQ2/PPPK1PPP/BNR2NRB w - - 5 6,opening,g2g4,69,g2g4:69;b1c3:53;c2c4:40;g2g3:19;d2e1:15;a2a3:7;d2d1:2;f3d5:-22
kqrb1nrb/p1pp1ppp/1p2p3/8/P2P4/4NP1P/1PP1PnP1/KQRBN1RB b - - 0 6,opening,c7c6,-162,c7c6:-162;c7c5:-158;f2h1:-154;g7g6:-145;d8g5:-128;g7g5:-125;h7h5:-94;f7f5:-94
1n2kb1r/pb1pp2p/1p2P2n/6p1/1P1B1p2/N2P1P2/P1rQK1PP/2q2BNR w - - 2 16,opening,a3c2,-109,a3c2:-109;d2c2:-135;e6d7:-147;a3c4:-719;e2f2:-816;d4e3:-825;d4c3:-838;a3b1:-862
3b2nr/1k1bp3/2pp1rp1/q4pNp/p3PP1P/1PP3P1/P7/K1QB1RR1 w - - 0 21,opening,b3b4,-186,b3b4:-186;e4e5:-191;f1e1:-247;g1g2:-261;c1d2:-289;d1e2:-298;a2a3:-300;b3a4:-303
rb1r1k1q/3p1bp1/5p1p/1p1b3P/2P3P1/5P1B/P2PP1K1/RBR1B3 b - - 0 21,midgame,b5c4,-526,b5c4:-526;d5c4:-494;d5e6:-451;d5b7:-450;d8c8:-440;g7g6:-413;b8e5:-405;d5c6:-403
1rr1k3/p1pp4/1p2bp1q/4P1p1/Pb1B1Qbp/2B1P2P/2P5/1RR1KBBb w - - 0 23,opening,f4h2,-161,f4h2:-161;f4f6:-237;f4f2:-282;f4g4:-462;b1b4:-501;c3b4:-523;g1h2:-562;h3g4:-589
knrnq1rn/p1pppppp/8/1p2n3/1P5P/4P3/P1PP1PP1/KNRNQNRN w - - 1 4,opening,f2f4,74,f2f4:74;d2d4:60;b1a3:53;h1g3:52;d2d3:50;d1b2:48;b1c3:24;e1e2:19
r1r1kqn1/1pppp1pp/3n2n1/p7/1n1P1pPP/P4N2/1PP1PP1Q/RNNRK2N w - - 0 9,opening,a3b4,385,a3b4:385;d1d2:44;h4h5:-87;e1f1:-87;a1a2:-205;c2c4:-213;c2c3:-274;g4g5:-278
1nnknnrr/2ppp1pp/p4p2/1p5q/1PP5/1NKN4/PQ1PPPP1/1N3NRR b - - 3 8,opening,h5f7,-79,h5f7:-79;h5g6:-69;h5e2:-45;h5g5:-29;h5f5:-8;h5g4:-4;h5h1:292;c8b6:364
1r3rkn/4pp2/1p4p1/1qp2b1p/PPbBNP1P/4P3/2P1PNP1/1RB1RK2 w - - 1 18,opening,a4b5,155,a4b5:155;e4f6:-131;e4c5:-294;d4h8:-316;e4d2:-341;f2g4:-356;d4e5:-358;d4c3:-364
brqk1r1b/ppppbbp1/4pP2/7p/4P1B1/R6P/PPPP1P2/BRQK2BB w - - 7 12,opening,f6e7,462,f6e7:462;b2b4:86;g4e6:64;f6g7:-2;g4e2:-5;a3e3:-43;g4f3:-76;a3d3:-78
bbbkq1rr/p3bppp/1p2p3/3p1P2/2P4P/BP6/P2PP1P1/1B1KQBRR b - - 1 8,opening,e7a3,-582,e7a3:-582;e6f5:-485;h7h5:-474;d5c4:-470;b8c7:-461;a8b7:-452;b8d6:-450;e7d6:-449
knq1nrr1/pp1p1ppp/3n2n1/2p3N1/2P2p2/1P2P1N1/P1NPQ1PP/K1N2RR1 w - - 0 13,opening,e3f4,65,e3f4:65;g3h5:-65;g3e4:-89;g3h1:-97;g3f5:-177;f1f4:-195;g5h7:-212;h2h3:-214
qkbbr2r/pp1Q1p2/4p1p1/PBp1N2p/4P1n1/2P5/1n1P1PPP/1KB1N1RR b - - 3 15,opening,c8d7,-325,c8d7:-325;d8c7:-277;b2c4:-226;d8e7:-226;g4e5:-179;b2d1:-149;d8a5:-95;a7a6:-95
nr1r1bb1/p1pqnppk/1p1p4/8/2Pp2Pp/PP2P2P/N2PQP2/1R1R1BBK w - - 0 14,opening,f2f4,-205,f2f4:-205;e3d4:-237;d1e1:-244;e2e1:-248;a3a4:-259;f1g2:-259;f2f3:-262;b1c1:-268
brqnbknr/pppppp2/8/7p/1P3p2/7N/P1PPPKPP/BRQNB1R1 b - - 0 5,opening,f7f6,-74,f7f6:-74;h8h6:-55;h8h7:6;g8h6:58;e7e5:180;g8f6:222;d7d6:246;d8e6:292
nrn1k2n/1p1ppprp/2p1n3/p2N2q1/5PPp/3N1R2/P1PPP3/1RN1KQ1N b - - 4 13,opening,g5d5,-335,g5d5:-335;g5g4:-171;g5h6:-2;e6f4:122;g5g6:128;c6d5:344;c8d6:348;h7h5:352
r1rnk1nb/2p3pp/8/ppb1p3/P2p3P/R1PPP1pN/1P3N1Q/2R1KB1B w - - 2 18,opening,h2g3,646,h2g3:646;h2g2:515;h2g1:483;h1c6:453;e3d4:389;f2e4:354;h1a8:242;b2b4:211
r1n1k1nr/p3pp1p/nq1p2p1/P1p5/1Pp2P1Q/2R1P3/2PPNKPP/bNN4R w - - 0 14,opening,a5b6,422,a5b6:422;c1b3:-299;f4f5:-369;c3c4:-377;d2d4:-383;c1d3:-401;c3a3:-403;b1a3:-421
k2bnrqn/2r5/1pp2pp1/pP1Pp2p/1P1P4/1B1N2N1/P4PPP/KRB2RQ1 w - - 1 19,opening,d5d6,727,d5d6:727;b4a5:649;d5c6:638;b5c6:617;d4e5:605;f2f4:600;g3e4:582;f1d1:579
brk1qrbn/ppp1pp1p/4n3/3p2p1/1P6/6N1/P1PPPPPP/BRKNQRB1 w - - 1 4,opening,a1h8,188,a1h8:188;f2f3:184;f2f4:173;h2h4:144;g3f5:105;e2e3:94;h2h3:81;e2e4:74
1bnr4/1pp3k1/q1P4p/p2p2p1/P2P1pPP/1P1b4/2B2P2/R1N1NRBK w - - 5 23,opening,c1d3,204,c1d3:204;e1d3:181;c2d3:171;b3b4:-430;c6b7:-442;f2f3:-444;h4g5:-456;c1a2:-489
nbrbr2k/ppp2ppp/q2p1n2/4p3/2P2PPN/3PP3/1PBR3P/NBR2QK1 w - - 4 16,opening,g4g5,211,g4g5:211;f1h3:197;a1b3:156;d3d4:137;h4f3:113;f4e5:107;d2e2:105;d2g2:99
rQ2n1b1/5p1k/3p3q/pp2pp1p/8/1P3NbK/P1PPPBP1/R1RB4 b - - 0 23,opening,g3f2,-698,g3f2:-698;f5f4:-345;a8b8:-322;h6g6:-281;h6g7:-275;h6f4:-208;e8f6:-61;h5h4:115
rb4br/pppk1bpp/3P4/8/3q1p1P/1PbP1pP1/P1QBPP1B/RB2K2R b - - 1 18,opening,c3d2,-507,c3d2:-507;c3a1:-494;c3b4:-454;c3b2:-409;f4g3:-388;c3a5:-45;c7d6:-44;f3e2:-42
rk1qbN1r/4pp1p/5n2/pp1P4/1Pn2P1p/3P4/P2BP1P1/RKNQ1B1R b - - 0 14,opening,f6d5,4,f6d5:4;c4d2:53;d8d5:146;a5b4:211;f6g4:214;h8g8:221;f6e4:226;c4a3:226
3krr2/1pp3qp/n1npp3/2P2pp1/P1nNP2n/6K1/2NPRPPQ/1N3R1N b - - 1 22,opening,f5f4,-99996,f5f4:-99996;c6d4:-839;d8c8:-608;d8d7:-605;f5e4:-588;a6c5:-584;c6e5:-577;d6d5:-553
1br1br1b/3k1Bp1/2p1pp1p/pPq2R2/1PP1P2P/3P4/5BP1/2RKB2B b - - 2 16,opening,c5d6,-379,c5d6:-379;c5e7:-303;e6f5:51;c5f5:88;c5f2:114;c5b4:183;c5d4:215;c5e5:222
1qr1k1br/p1p3pp/1p1pp3/Q4p2/P1n3PP/7B/N2PPP2/N2K2BR b - - 1 14,opening,b6a5,-704,b6a5:-704;c4b2:-693;c4a5:-654;c4e3:-565;e6e5:-146;c7c6:-89;c4e5:-82;f5g4:-12
nnr1nnkq/pprpp1p1/8/2p2p1p/2P2N2/2N5/PP1PPPPP/N1RR1NKQ w - - 0 7,opening,f4d5,192,f4d5:192;f1e3:154;c3b5:154;g2g3:153;c3d5:145;e2e4:125;h2h4:103;a1c2:91
3r3r/2ppk2p/np3pp1/3qPnnP/2PPN1N1/4P3/PpK3P1/Q3N1RR b - - 0 22,opening,b2a1q,-986,b2a1q:-986;b2a1n:-587;d5e4:-458;d5c4:-399;b2a1r:-388;g5e4:-379;f5e3:-375;d5d4:-361
2rbnr1q/p1p1p3/kBnp1p2/5Ppp/Ppb1P1BP/N7/1PNP2P1/K1R2R1Q w - - 8 17,opening,a3c4,236,a3c4:236;c2b4:156;b6f2:94;b6e3:19;c2d4:-21;g4f3:-105;b6c7:-146;b6d4:-161
1rqnbr2/kpp1pp1p/p4np1/3p4/4PPP1/3P4/PRP3BP/K1QNBRN1 w - - 1 7,opening,g4g5,612,g4g5:612;e4d5:580;e1f2:548;h2h3:528;d1e3:527;c1e3:520;e1d2:517;d1f2:516
nkbqr1rb/pppp1ppp/2n1p3/8/8/1PP1N3/P3PPPP/NKBQR1RB w - - 1 5,opening,c1b2,-191,c1b2:-191;d1d2:-195;c3c4:-202;g2g3:-202;a1c2:-204;g2g4:-207;g1f1:-223;c1a3:-225
2n1rr1n/1qpnp1pk/1p2np2/p2P3p/1P1P4/2P2P1P/PN2R1P1/QN1N1RKN b - - 0 13,opening,e6f4,-114,e6f4:-114;b7d5:9;e6d8:115;e6g5:185;e6d4:299;e6c5:401;b7a6:407;f6f5:474
1bkbq1rb/r1ppp1pp/1p3p2/pP6/P2P4/1bP5/2B1PPPP/R1KBBQRB w - - 1 8,opening,c2b3,477,c2b3:477;g2g4:258;g2g3:248;e2e3:247;c2h7:238;c2g6:237;e1d2:220;e2e4:206
rrnqn1k1/5pbb/ppppp2p/6p1/1P6/1N3N2/P1QPPPPP/R2R1KBB b - - 1 14,opening,h7c2,-754,h7c2:-754;g7a1:-589;g5g4:-523;a6a5:-421;c6c5:-415;c8e7:-406;d8d7:-384;a8a7:-369
r1n1r1nn/2kp2pp/p1n1p1q1/1pP2p2/1P4P1/NQP2P1P/P3P3/R1NKR1NN w - - 1 16,opening,h1f2,145,h1f2:145;c1d3:126;a3c2:120;c3c4:120;h1g3:109;e2e3:101;e2e4:95;a3b1:88
rbk4b/p1p5/2p2B2/2b3rp/Pp1pPPbP/8/R1P3P1/KB1B2RB w - - 1 22,opening,h4g5,431,h4g5:431;f4g5:382;f6h8:319;d1g4:277;f6g5:204;g2g3:200;e4e5:166;a2b2:159
n1rb1k1b/p1p3p1/np1pr2p/4pp1B/2P2P2/N3PKP1/1PqPR1BP/N5Q1 b - - 4 11,opening,c2d3,-425,c2d3:-425;c2a4:-411;c2b2:-411;e5e4:-410;c2e4:-278;c2c4:321;g7g6:391;g7g5:392
k1rb1br1/4p2p/p1p3b1/1pq3p1/5Pp1/1P4RP/P4B2/K1Q2BRB w - - 5 22,midgame,c1c5,424,c1c5:424;f2c5:285;f1d3:-398;c1b2:-456;g3c3:-537;h1c6:-538;a1b2:-584;f1c4:-625
b1q1brrk/5p2/pB1ppPp1/1p6/Pp1N2Pp/2N5/2P1P1RP/BQ3RK1 w - - 0 21,opening,g4g5,503,g4g5:503;b1b4:385;e2e4:375;b1e1:374;c3d5:342;d4f3:330;c3e4:260;c3b5:244
krq1br1b/pnppp1pp/8/1p3p2/4n1PN/P7/1PPPPPBP/KRQNBR2 b - - 2 6,opening,g7g6,7,g7g6:7;d7d5:37;b5b4:62;e4c5:62;e7e6:93;e4d6:95;g7g5:106;e4f6:109
1k1Brbbr/p3p2p/2pq1p2/PB2P3/B1P3p1/5PP1/1P1PbR1P/BQK2R2 w - - 3 17,opening,e5d6,695,e5d6:695;f2e2:473;b1e4:441;d8b6:424;b2b3:420;b5c6:409;b2b4:390;f3g4:374
k1r1brqb/3p4/p4b1p/bP2ppp1/7P/4PP2/1PP2QP1/KBRB2RB b - - 0 13,opening,e5e4,-465,e5e4:-465;a5c3:-450;g8c4:-446;g8d5:-420;g8e6:-414;c8c3:-410;a8a7:-410;a8b8:-378
rbkbbqrb/2ppp1pp/p7/1p3p2/PP2P3/8/2PP1PPP/RBKBBQRB w - - 0 4,opening,c2c3,274,c2c3:274;a4b5:271;e4f5:235;e4e5:234;g2g3:230;f2f4:219;g2g4:208;f1e2:157
1nrr1k1q/p1pp1n2/1n2pp1p/Np6/PPP3p1/2NPN1PQ/3RPP2/2R1N1K1 w - - 3 14,opening,h3g4,415,h3g4:415;h3h4:415;e3g4:413;h3h1:404;h3h5:403;h3f1:399;h3h2:398;h3g2:370
qr1br3/2pkpp2/p2p3n/1pQ3p1/P2PPb1n/1P4pP/K1PNBP2/1R3RNB w - - 1 16,opening,c5c3,-271,c5c3:-271;c5a3:-301;c5b4:-311;e4e5:-323;f2g3:-345;g1f3:-411;e2g4:-450;c5d5:-451
knnrq1rb/ppp1bppp/4p3/8/3p4/P1PP4/NP2PPPP/KN1RQBRB w - - 2 5,opening,c3d4,58,c3d4:58;e2e3:44;g2g4:41;g2g3:40;e1d2:38;h2h4:22;d1c1:18;h2h3:16
knrbnrbq/2p1pp2/p7/1p1p2pp/1N1P1P2/7P/PPP1P1PQ/1KRBNRB1 w - - 0 9,opening,f4g5,123,f4g5:123;b4d5:120;e1f3:90;c2c4:89;e2e4:86;e1d3:72;h2g3:55;b1a1:52
bqkbrbbr/1p6/p1p5/P2p1pBp/4p2P/3PP3/1PP1B1P1/BQK1RB1R w - - 0 12,opening,b2b4,167,b2b4:167;e1d1:101;h1h3:55;g5f4:51;c1d1:31;g5d8:28;b2b3:14;b1a2:-10
q2nn1nr/pkn1pr1p/1ppp4/3N1p2/5Pp1/PP2PNP1/K1PPNR1P/Q2N3R w - - 5 16,opening,d5c7,226,d5c7:226;a1h8:162;f3g5:21;f3h4:-162;e3e4:-237;d2d3:-237;d5b6:-247;f3e5:-263
q2rr2n/pk1p1pp1/b1p4n/1P2p1NP/1b3P2/3N4/1BPPP2P/QKR1RB2 b - - 0 13,opening,a6b5,508,a6b5:508;d8b8:580;b4f8:583;b4e7:588;b7b8:591;b7c7:620;b4d2:625;b4d6:626
r1bk1rnN/pp3p2/2Qqpb2/4P2p/1P1pn3/2PpB3/P4PPP/R1KN1R1B b - - 2 16,opening,d6c6,-739,d6c6:-739;d3d2:-644;b7c6:-614;d6e5:-396;d4e3:-374;f6e5:-357;d6d7:-139;d6d5:-127
br1krbb1/1p4qp/5bp1/p1p1pp2/P1B5/1PB3PP/2PP1PBB/1RQKR3 w - - 3 16,opening,c3a5,131,c3a5:131;c4b5:126;g3g4:107;c1b2:104;f2f4:90;d2d3:90;c4g8:66;e1e3:35
r1b1qB1b/ppk2p2/2p4p/1P1pb1p1/6P1/5P1B/P1PQP2P/RBK1b1RB w - - 4 18,opening,d2e1,-364,d2e1:-364;f8d6:-397;g1e1:-410;d2d3:-469;b5b6:-554;f8c5:-600;c1d1:-649;f8b4:-663
1b2rr2/4pppk/1N5n/p1pp1P2/1pP1P1P1/7p/1P1P3P/1qB1NRRK w - - 0 19,opening,f1f3,-402,f1f3:-402;e4e5:-466;e4d5:-483;d2d3:-490;b6d5:-516;b6d7:-524;e1f3:-524;c4d5:-540
b3r2n/1pkpp2p/1b2q2Q/p1p3pP/P2PPp2/2K2PPn/1PP3R1/B2BRN1N w - - 2 20,opening,h6e6,377,h6e6:377;h6h7:203;h6g7:179;d4c5:-238;d4d5:-370;g2h2:-441;c3d2:-445;g3g4:-452
1rbn1qb1/3kB3/p3pr1p/1p3p2/PPP4P/3P4/R3QPP1/2KN1RB1 b - - 7 21,opening,f8e7,120,f8e7:120;d7e7:153;f8g7:413;f8f7:426;f8e8:642;d8c6:648;b5c4:670;b5a4:727
3rbbkq/3pp1pp/Bpr2p2/p1p1PB2/PP6/B1b2P2/3P2PP/R2RB1KQ b - - 1 12,opening,c3a1,57,c3a1:57;c3d4:134;c3e5:157;c3b4:292;c5b4:318;e7e6:366;c3d2:371;f6e5:375
1r1bbnk1/p1qppppp/1r4n1/1pp5/4NP2/3PB3/PPP1P1PP/RRQB1NK1 w - - 5 7,opening,e4c5,16,e4c5:16;c2c3:9;e3c5:6;f4f5:-23;c1d2:-32;b2b4:-36;a2a3:-47;a2a4:-48
kr2nrq1/1pp1n1p1/5p2/1P1p3p/3Pp2b/pR3P1b/PBP1PQ1P/1K1BN1RN b - - 7 18,opening,b7b6,253,b7b6:253;b8d8:254;b8c8:281;e7c8:342;a8a7:414;e7c6:490;g8e6:588;a3b2:99999
4rn1r/2p2p1q/N2n1k2/p2P3p/p2PpPpQ/N3K3/NPP3PP/N1R4R b - - 0 23,opening,f6g7,258,f6g7:258;f6f5:99999;f6g6:99999
nn1k1qrn/2pp1r2/2n4p/pp2pPp1/2P1QPP1/PN4N1/1P1P2RP/NN1K3R w - - 9 15,opening,c4b5,354,c4b5:354;f4e5:280;b3a5:272;b1c3:204;d2d4:198;f4g5:187;g3h5:182;g2e2:166
nq3bkb/1p1r2p1/1npp1p2/P6r/2P1P2P/P2P4/4R1B1/NQN1R1KB b - - 0 16,opening,b6c8,152,b6c8:152;b6a4:153;h5a5:153;d6d5:175;h5h4:182;g7g6:186;f6f5:204;b8d8:210
qb1r1rbk/1pn1pp2/pnpp2p1/7p/QP5P/3P1PP1/P1P1P3/1BNRNRBK b - - 1 8,opening,b6a4,-721,b6a4:-721;b8a7:-49;c6c5:10;b6d7:54;b6c8:81;c7d5:92;b6d5:107;a8a7:207
bkbr1rq1/2p2bpb/pp2pp1p/3p4/1P1P1P2/3R4/PBP1P1PP/BK2BRBQ w - - 0 10,opening,h2h4,-141,h2h4:-141;h2h3:-147;d3c3:-149;a2a4:-155;b1c1:-161;e1g3:-162;g1e3:-168;e1f2:-168
6rn/3krppp/6n1/ppqb4/1PPp3b/PB1PPpNP/2Q3P1/K3RR1N b - - 5 23,opening,a5b4,-385,a5b4:-385;c5c7:-326;c5a7:-317;c5c6:-289;c5b6:-289;c5c8:-258;c5d6:-249;b5c4:186
2r1b1rk/1b2pp2/p1pb3p/q7/p3P2P/1B1PQ3/1R3PP1/5RKB w - - 2 23,midgame,e3h6,99999,e3h6:99999;b3f7:-64;e4e5:-96;b3a4:-157;b3c4:-159;b3a2:-194;b3c2:-206;b3d1:-226
b1qbr3/k1p3b1/2P1Brpp/pp3p2/P2PP3/1P1P4/5QPP/B2KRRBB w - - 2 22,opening,d4d5,99998,d4d5:99998;e4e5:785;e4f5:783;e6c8:774;a4b5:769;g2g3:698;f2e3:693;g2g4:672
rr1q1kbb/1pp2pp1/pn1p4/4p2p/6P1/1NP1n2P/PP1PKP2/RR1QN1BB b - - 1 9,opening,e3d1,-596,e3d1:-596;e3d5:-254;e3g4:-104;e3c4:-76;d8h4:11;h5g4:74;g8h7:80;d8d7:112
1r2kb2/3p1ppr/pp4n1/1Pp1p3/N1R1q1Pp/P1QP4/2N2PBb/1B1K3R b - - 1 18,opening,e4g2,-325,e4g2:-325;e4c4:549;e4f4:561;e4a8:577;a6b5:581;e4e2:584;e4d4:588;e4b7:591
knrbrnqb/pppp2p1/4p3/5p1p/6P1/P2P4/1PP1PP1P/KNRBRNQB w - - 0 4,opening,g4f5,31,g4f5:31;g4h5:30;g4g5:25;h2h3:17;g1g2:-4;c2c3:-49;e2e4:-52;f1d2:-55
k3n3/1nr1n1r1/2p1pN2/p1p1n2p/P4PpP/1P1P2PR/2P1q3/KN4RQ w - - 1 22,opening,h3h2,-250,h3h2:-250;f6e8:-354;g1e1:-417;g1g2:-454;b1c3:-473;d3d4:-492;f6e4:-495;b1d2:-505
bbr1brk1/3p1p2/p1p1p1pp/1p2b1q1/1P1PP1P1/P7/2P2P1P/1BRQBRKB b - - 1 9,opening,e5f4,-580,e5f4:-580;e5h2:-567;e5d4:-541;g5f4:-530;e5g7:-427;e5c7:-418;e5h8:-395;e5f6:-337
2rnkb2/p5q1/1n1pp1b1/1pN2pp1/PP1P3P/2P1PP2/4B2P/1QRNK1R1 b - - 0 19,opening,g7h8,222,g7h8:222;g7h6:224;e8f7:230;g7h7:231;d6c5:255;f8e7:263;b5a4:279;a7a6:282
nnnk1rqr/1p1p1ppp/8/pnp1p2P/P6R/4QP2/NPPPPRP1/NN1KN3 w - - 0 9,opening,a4b5,421,a4b5:421;a1b3:233;e3c5:202;e3e5:155;c2c4:153;f3f4:137;b2b3:114;d1c1:112
kn2r2r/3p1bnq/5p1p/p1p1p1p1/P2bPNPP/K4P2/4R2Q/3BN1B1 w - - 4 23,opening,e2b2,-349,e2b2:-349;e2c2:-361;g1d4:-361;e1c2:-404;e1d3:-409;f4g6:-459;f4d5:-467;h4h5:-467
nnr1knrn/pppp1ppp/4p1q1/8/3P1PP1/4N3/PPP1P2P/NNRQK1RN b - - 0 4,opening,g6h6,89,g6h6:89;b8c6:107;d7d5:111;a8b6:111;b7b5:119;g6f6:126;d7d6:129;f7f6:133
1bqbrbrk/p1p1p1p1/2b4p/1p1p1p2/2B2PB1/2P1P2P/PPQP2P1/BBR3RK b - - 1 9,opening,g7g6,-85,g7g6:-85;e7e6:-44;b5c4:166;d5c4:256;e7e5:266;c6d7:267;c8e6:315;c8d7:315
brkq1rbn/1pppppp1/2n5/p7/5N2/4P1Pp/PPPP1P1P/BR1KQRBN w - - 0 7,opening,b2b3,-85,b2b3:-85;f4h3:-87;f2f3:-89;f4e2:-126;d2d3:-147;b2b4:-148;f4d3:-155;d1c1:-180
r1brq1bb/1p1p1pp1/2kbp2p/p1Q4P/8/1P1P1P2/P1P1P1PB/RKBR1B1B b - - 0 8,opening,d6c5,-480,d6c5:-480;c6c5:-271
r4k1b/p1ppb2p/q1b1p3/5rp1/PpBP1PP1/3QP2B/1P1P3P/BR2R1K1 b - - 0 17,opening,a6b7,419,a6b7:419;a6a5:459;a6b6:543;a6c4:544;a6c8:553;a6a4:586;f5f4:604;g5f4:623
n4qr1/Nr2pn2/1np1k3/2Pp1ppp/P2P1PPP/5Q2/1P2P3/NRN1K1RN w - - 0 17,opening,g4f5,496,g4f5:496;c5b6:480;c1d3:457;a7c6:448;h4g5:438;g4h5:436;f3b3:431;f4g5:427
brbbrk1b/8/4pq2/ppPp2pp/P5p1/2B3QP/1BPPPPB1/2RBR1K1 b - - 1 17,opening,e6e5,-157,e6e5:-157;d5d4:203;h5h4:303;f6f7:324;f6g6:338;f6h6:346;g4h3:365;f6f4:383
knr3q1/3p2p1/p4pnp/1pp1rn2/1PP4n/2N1P1P1/PK3P1P/1NR1RQ1N w - - 4 22,opening,g3h4,-206,g3h4:-206;c4b5:-230;b1d2:-277;b4c5:-290;f2f4:-313;c3e2:-315;c3b5:-317;e1d1:-340
bbqknrr1/ppp2ppp/3pp1n1/8/P2PP1P1/8/1PP2P1P/BBQKNRRN b - - 0 4,opening,b7b6,-33,b7b6:-33;c7c5:-26;e6e5:21;b7b5:24;a7a6:36;c8d7:40;c7c6:59;g6e7:67
krqnbrn1/1p1ppp2/p1p4p/6p1/6PP/4P3/PbPPBP2/KRQNBRN1 w - - 0 7,opening,b1b2,457,b1b2:457;c1b2:454;d1b2:450;a1b2:423
bbk1nrrn/1qp1pp2/1p3N2/p3N1pp/3P2PP/3B4/PP1PPP1R/B1QK1R2 w - - 0 14,opening,f6g8,466,f6g8:466;d3f5:404;d3e4:373;f6d7:366;f6h7:338;f6h5:282;f6e8:262;f6e4:151
b1rb1bkb/3p1p1p/p1p1r3/4p3/2P1P1pP/p2BRB2/1P1P1PBK/BQR5 w - - 0 14,opening,f3g4,618,f3g4:618;f3d1:530;f3e2:510;c4c5:508;c1g1:506;b2a3:478;h4h5:456;g2h3:434
qkrn1bbr/1ppppppp/8/8/1p2n3/3P3P/PNP1PPP1/QKR1NBBR w - - 0 5,opening,d3e4,93,d3e4:93;c2c4:-260;c2c3:-452;b2c4:-475;b2a4:-515;c1d1:-521;b2d1:-99998;e1f3:-99999
3b1rn1/bpn1r2k/2p3p1/p2pPpPp/1PP5/7Q/4PP1P/NBRB2K1 w - - 3 22,opening,a1b3,133,a1b3:133;b4a5:132;e2e3:128;h3a3:115;c4d5:114;h3b3:114;g1h1:102;h3g3:100
nnr3r1/3pk1pq/2pn1pP1/p4P1p/PpP1P2P/1N1N4/N1PP4/1N1KR2R w - - 6 20,opening,g6h7,596,g6h7:596;e4e5:18;b3a5:-25;c4c5:-39;a2b4:-138;d3b4:-197;a2c1:-240;h1f1:-261
1rnnkqr1/ppppp1p1/1n4np/5p2/1P5P/8/PRPPPPP1/N1NNKQRN w - - 2 5,opening,h4h5,-106,h4h5:-106;g2g3:-130;e2e3:-153;b2b1:-157;c1d3:-157;f2f4:-165;d2d3:-169;d1c3:-169
qnkn1rnr/p4pnp/8/Pppp4/1P2p1pP/N2P2PN/2P1PPNR/1QKN2R1 b - - 3 14,opening,g4h3,-236,g4h3:-236;b8c6:-79;e4d3:-79;a7a6:-67;d5d4:-56;g8f6:-53;b8a6:-30;g7e6:-10
r2brbbb/k1q2ppp/2p1p3/3p4/Pp1P1P2/1BP1P2P/1P2B1P1/RKQ1R2B b - - 2 11,opening,f7f5,-241,f7f5:-241;h7h5:-237;g7g6:-237;g7g5:-236;b4c3:-236;h7h6:-236;d8h4:-235;a8c8:-227
rb1q1rkb/pppp1np1/2n1Rp1p/8/P5PP/R1P5/1PBP1P1N/2QN2KB w - - 1 12,opening,c1b1,278,c1b1:278;e6e3:266;e6e1:264;e6e2:255;h1e4:199;e6c6:175;e6e4:157;h1c6:95
k1r1q2r/p1pppp1p/npn3n1/6pn/1P1PN3/N1N2P1P/P1P1PQP1/K1R2RN1 b - - 2 9,opening,a6b4,-130,a6b4:-130;c6b4:-122;e7e5:44;a6b8:86;d7d5:87;b6b5:108;c6d8:110;e8f8:160
b1qr1nr1/pp2pnpp/2p1kp2/3p4/1P5P/Q5N1/P1PPPPP1/BB1RK1RN w - - 4 8,opening,c2c4,516,c2c4:516;a3e3:494;g3f5:474;a3c1:453;g3f1:448;a3f3:448;a1d4:431;d2d3:422
q1bbnrnr/k1ppp3/N4ppp/pp6/P1P2P2/8/1PKPP1PP/Q1BB1RNR b - - 1 7,opening,b5c4,-301,b5c4:-301;a8c6:-195;b5b4:-165;c8a6:-145;a7a6:-93;c7c6:-50;a8g2:-30;e8d6:50
rn1krqnn/1ppppp1p/pn4p1/8/5P2/3PP3/PPPN2PP/R1NKRQNN b - - 1 4,opening,b6a4,38,b6a4:38;f7f6:41;f7f5:43;d7d6:50;e7e6:53;b8c6:57;e7e5:66;f8g7:68
brbnqr1n/ppp1pk1p/6p1/3p1P2/6NP/P7/1PPPPP2/BRB1QRKN w - - 1 7,opening,g4h6,351,g4h6:351;e2e4:197;d2d3:175;g4e5:172;b2b4:170;b2b3:146;f5g6:118;d2d4:116
1qk1r2r/1p1p3p/2p5/1n4p1/pbPNpp1P/3N1PPR/K2PP1BB/Q2R4 w - - 0 21,opening,d3b4,511,d3b4:511;f3e4:480;d4c6:367;d3c1:320;d3f4:303;g3f4:288;d3e1:262;c4b5:259
nqkr1rb1/3ppb1p/2p2pn1/pp4p1/P2P1P2/2BRP1PP/QPP5/N1K1R1BN b - - 2 10,opening,f7a2,-579,f7a2:-579;g6f4:-350;b5b4:-318;e7e5:-317;g5f4:-290;g6e5:-231;f7c4:-226;f7d5:-226
qb2rr1b/1k2p3/3p2p1/1p3p1N/pP1PPP2/P2K4/6PP/2QNR1RB b - - 2 20,opening,a8a7,145,a8a7:145;e8c8:186;b7a6:203;f5e4:219;b8a7:259;b7b6:273;e7e5:273;b8c7:310
k1r2rb1/1p1nbp2/1Bp2n1p/pP1p2p1/P7/2NqP3/1KPPB1PP/3RN1Q1 b - - 1 16,opening,d3c3,-449,d3c3:-449;d3g6:-409;d3f5:-406;d3e2:-356;d3h7:-352;d5d4:-263;e7a3:-184;d3d2:-108
1n1Nn1rn/1p3pp1/1k2n3/5qp1/2P4P/4p1P1/PP2PP2/K1R2QRN b - - 0 19,midgame,e6d8,-260,e6d8:-260;e6c5:-9;h8g6:54;e8f6:60;f5c5:88;g5g4:91;b6c7:99;b8c6:113
qbrrnknb/pp1ppp1p/2p5/8/4B1p1/1PP4P/P2PPPP1/Q1RRNKNB b - - 1 4,opening,g4g3,-142,g4g3:-142;h7h5:-82;g8f6:-52;e8f6:-47;d7d5:-15;e8d6:44;g8h6:54;g4h3:101
kqrbnnr1/2p1ppb1/p2p2p1/1p5p/P1P4P/3NP3/1P1P1PP1/KQRB1NRB w - - 0 8,opening,g2g4,286,g2g4:286;a4b5:286;d3b4:275;d1f3:250;g2g3:241;c4b5:233;b1a2:206;b1c2:198
nr4qn/1kr2p2/p6p/2pPpP1n/R2NP1p1/N6P/PPK2P2/N5RN b - - 4 23,opening,a8b6,-521,a8b6:-521;c5d4:-507;e5d4:-506;g8e8:-435;g8c8:-397;h5f6:-361;h5g3:-350;b8c8:-325
bB1r1b2/1p1kpb2/1Bp3p1/p2p1p1p/b4P2/1P1q2B1/2P1PQPP/RR1K1B2 w - - 0 16,opening,e2d3,845,e2d3:845;c2d3:729;d1c1:602;d1e1:433
bknbrqrn/ppp1pp2/6pp/3p4/P7/3P2P1/1PP1PPRP/BKNBRQ1N b - - 0 4,opening,e7e5,-30,e7e5:-30;b7b6:-21;f7f5:-18;g6g5:6;e7e6:9;f7f6:10;c8d6:20;d5d4:42
kr1nbrbq/1p3ppp/1np5/p2p4/6P1/PP1p4/N1PPPP1P/KR2BRBQ b - - 1 8,opening,g7g6,-467,g7g6:-467;g7g5:-466;d3e2:-457;d3c2:-365;b6c8:-309;f7f5:-295;c6c5:-292;b6d7:-282
nnkrr1n1/pppp3p/4pqn1/5p2/7p/N4P2/PPPPP1PP/N1KR1RQN b - - 2 8,opening,b8c6,-483,b8c6:-483;a8b6:-478;a7a6:-463;g8e7:-443;d7d5:-441;d7d6:-434;e6e5:-427;g6f4:-426
2r1nk2/p1rn4/qn1pp1n1/2p2p1p/1P3Pp1/R1P1PNP1/P2R1KQP/N3NN2 w - - 6 21,opening,a3a6,406,a3a6:406;a3a5:-336;a1c2:-354;b4c5:-369;f3d4:-386;f3g5:-398;a1b3:-403;f3h4:-427
qn1kn1rr/p1pppppp/3n2n1/1p6/4N3/1P6/P1PPPPPP/QN1KNNRR b - - 0 4,opening,a8e4,-461,a8e4:-461;d6e4:-430;e7e5:-49;a7a5:-46;h7h5:-32;e7e6:-32;b8c6:-24;f7f5:-13
rnqnbbrk/1pp1ppp1/8/p2p3p/1PN5/3P4/P1P1PPPP/R1QNBBRK b - - 1 4,opening,d5c4,-374,d5c4:-374;a5b4:-146;b7b6:-32;b8c6:-10;a5a4:-5;e7e5:32;d8c6:32;f7f6:60
rrnkbq1b/pp1pppp1/2p2n2/7p/8/3NPP2/PPPPK1PP/RR2BQNB b - - 1 4,opening,g7g5,-55,g7g5:-55;d7d5:-44;f8g8:-37;a7a5:-35;d8c7:-17;g7g6:-15;d7d6:3;c8b6:19
r1nrb1q1/p1bpnpp1/3B1k2/1p4Pp/P1P1p3/1P1PPP1N/7P/RKN1RB1Q b - - 0 16,opening,f6g6,641,f6g6:641;f6e6:695;f6f5:727
b1brrb1b/kp2q3/4ppp1/pPPpB3/6pP/3P1B2/PK2PP2/B2RRBQ1 b - - 2 14,opening,e7c5,-469,e7c5:-469;f6e5:-415;b7b6:-270;d5d4:-218;e7d7:138;c8d7:244;f8h6:280;a5a4:399
2n1r2r/pNpkp2p/nn2q3/3p2p1/1P3P2/2PPPP2/P1N1K2P/N3NRQR b - - 2 15,opening,b6a4,419,b6a4:419;e6c6:419;g5f4:440;e8g8:472;c8d6:485;h7h6:492;e6f7:497;e6g8:510
rb2brnq/pppknpp1/7p/3pp3/P2PP3/5P2/1PP3PP/RBKNBRNQ w - - 3 8,opening,d4e5,237,d4e5:237;e1c3:157;e1f2:157;g1e2:154;e4d5:150;c2c3:143;a1a3:142;c2c4:119
1n1r1r1n/kpN4p/3p1ppn/2P1p3/Pn6/K2PP3/1P1Q1PPq/1NR3RN w - - 1 16,opening,c7b5,556,c7b5:556;d2b4:550;a3b4:270;c5d6:115;b1c3:73;b2b3:0;h1g3:0;d3d4:0
kr1r4/1pppppp1/4nNN1/1N1P4/2P5/5n1q/PNR2PP1/K4Q2 w - - 1 22,midgame,c2c3,622,c2c3:622;g2h3:609;d5e6:565;f6d7:518;f6e4:496;g6e7:484;f6e8:476;c2c1:442
2b2r2/pkbp1ppr/2q4n/1p2Q1p1/P1P2P1n/KN5P/1P1PP1N1/2BB1R1R b - - 2 20,opening,c7e5,-141,c7e5:-141;h4g2:-121;c6c4:-81;b5b4:-35;b7b8:-30;h6f5:-16;c7d6:-3;c6g2:0
rb2qb1k/1pb2p2/p2p2bp/2r3p1/2B1pPPP/1p2P1BB/P1PP3K/RBR3Q1 w - - 0 22,opening,c4b3,-214,c4b3:-214;a2b3:-341;c2b3:-356;c4f7:-387;c4b5:-454;a2a4:-484;a2a3:-499;d2d4:-513
b1r1bn1k/p3pprp/nq1p2p1/P1p4P/1p1P4/3RNPN1/1PP1PBPK/B1QR4 b - - 6 14,opening,b6d8,258,b6d8:258;b6a5:260;b6c7:266;b6b8:267;b6b5:332;b6b7:371;b6c6:450;c5c4:613
3rrqnn/1k1p1p2/1nn3pp/1Pp1pP2/p5P1/NN6/PP1PPQ1P/1K1R1RNN w - e6 0 11,opening,b5c6,542,b5c6:542;b3c5:542;f5e6:371;f5g6:353;f2f3:241;h1g3:235;f2g3:229;f2e3:202
kn4rb/3rpb1n/pp1p1p2/2p1P1Pp/2PP2P1/PPK2q1R/3N1P2/1N1RQ1BB w - - 2 17,opening,h1f3,752,h1f3:752;d2f3:708;h3f3:660;c3c2:521;c3b2:516;e1e3:-38
1rbb1rqn/k1pp3p/5pp1/pP2p2B/3P3P/2PNP1N1/1P3PP1/KRB2RQ1 b - - 1 10,opening,g6h5,160,g6h5:160;e5e4:243;g8c4:258;d8e7:314;e5d4:317;b8b5:328;d7d6:329;c8a6:350
r1b1nq1k/r3b1pp/4p1n1/ppB5/P1PpPp2/1P1P1PP1/R1BQ3P/2R1NN1K b - - 1 20,opening,e7c5,-385,e7c5:-385;b5c4:43;b5a4:66;b5b4:129;f4g3:144;e6e5:176;e8f6:198;a7c7:239
1q1brrbb/p1p2pp1/1pbkp3/P2p3p/8/2PP1BPP/1PB1PP2/BQK1RRB1 w - - 2 9,opening,f3h1,109,f3h1:109;b1a2:107;e2e4:103;h3h4:94;f3g2:82;b2b4:80;c3c4:75;b2b3:70
1qbrk2r/1ppb4/pn1pnppp/4p3/1PPP2P1/2K1NP2/P1N1P2P/1QB2RBR b - - 3 13,opening,b6a4,-168,b6a4:-168;e8f7:-151;e6f4:-105;h6h5:-84;c7c6:-82;b8a8:-57;e6d4:-54;a6a5:-51
2r1q1bb/2k1ppp1/npr4p/3p4/p1PPBn1P/Pp4P1/1P1NPP1Q/KNR3B1 w - - 1 17,opening,e4f3,-261,e4f3:-261;g3f4:-356;f2f3:-365;g3g4:-384;b1c3:-389;e4d5:-425;c1c3:-430;h4h5:-450
rbrbqbbk/pp1p1pp1/2p4p/4p3/2B5/4P3/PPPP1PPP/RBRBQ1BK b - - 1 4,opening,e5e4,-72,e5e4:-72;a7a5:-68;d8c7:-55;g8h7:-51;d7d5:-51;b8c7:-20;a7a6:-12;e8e7:-12
5r1n/np1pkrp1/1nN2p1p/2pPp1P1/p1P1P3/P6P/KnRN1PR1/N6N b - - 3 23,opening,b7c6,5,b7c6:5;d7c6:180;a7c6:245;e7d6:353;e7e8:372
1qn2kr1/rp1ppppp/3nn1n1/2p4P/pP1NP3/4NN2/P1PP1PP1/RQ3KRN w - - 0 10,opening,d4e6,501,d4e6:501;d4e2:219;b4c5:196;d4f5:175;d4b5:71;h5g6:19;e3d5:-35;c2c3:-43
krb2r1n/1p1p4/p1p5/2PnpP1p/PP2Pbqp/6N1/1K1P1P2/1RBRNQ2 w - - 11 17,opening,g3e2,-290,g3e2:-290;f2f3:-350;e1c2:-419;e1g2:-448;e4d5:-454;f1e2:-489;b2c2:-498;b4b5:-511
1nbbqr1k/r1p1p2p/7n/pp3p2/2pP4/5PB1/PPB1PQPP/RN1R2NK b - - 5 9,opening,f5f4,128,f5f4:128;e7e6:174;b8d7:181;a7a6:181;b8c6:184;a7b7:193;h6g8:195;a5a4:211
n1rrqnkn/1pp2pp1/3p1n2/P6p/P2Pp3/8/2PRPPPP/N1RNQNKN w - - 2 9,opening,c2c4,70,c2c4:70;h1g3:64;a1b3:46;f1e3:38;d1e3:33;d1c3:20;c1b1:17;h2h3:6
bkbrrb1b/ppppp3/6qp/5pp1/1P6/3PP2P/P1P2PP1/BKBRRBQB w - - 0 5,opening,a1h8,155,a1h8:155;g2g4:-77;a2a3:-89;d3d4:-116;g2g3:-128;b4b5:-130;a1b2:-139;c1b2:-145
5r1n/kp2p2p/7n/1q2Npp1/Pr2p1P1/NPR2P1P/5N2/K1R3N1 w - - 6 23,midgame,a3b5,682,a3b5:682;a4b5:616;f2d3:61;e5g6:-106;e5d3:-154;c3c5:-174;f3f4:-211;e5c6:-235
2nrkrnn/1pq1N2p/pn1p4/2p3p1/4Pp1P/PNPQ1PN1/1P1P2P1/3KRR1N w - - 1 22,opening,e7d5,170,e7d5:170;e7c8:66;e7f5:33;e7g8:-16;b3d4:-168;e4e5:-188;h4g5:-237;g3f5:-241
2b1bb2/r2ppp1p/1pp3k1/1q1rP2p/1PB2P2/Q5B1/P2P2P1/R1BB2RK b - - 1 16,opening,a7a3,63,a7a3:63;b5c4:388;e7e6:580;d5d4:586;a7a4:617;h5h4:655;g6g7:663;d7d6:682
nqkr1rbn/ppBb1p2/8/3pp1p1/1N4Pp/2P1P2P/PP1P1P2/1QKRBR1N w - - 0 9,opening,c7b8,481,c7b8:481;b4d5:306;b4a6:217;c7d8:196;c7a5:-131;c7e5:-220;b4c6:-249;h1g3:-268
rkb1rb2/pp2p1bp/2pp4/3B1bPq/2P3p1/P2P1PB1/1P2P3/RKBRQB2 b - - 0 11,opening,c6d5,-207,c6d5:-207;a7a5:-50;h7h6:-35;g7d4:-34;e7e5:-32;a7a6:-16;f5g6:-16;e8d8:-13
br1krbbb/ppp1p1pp/2Bpqp2/8/6P1/2P4B/PP1PPP1P/BRQKR1B1 b - - 3 4,opening,b7c6,-386,b7c6:-386;e6a2:-238;b7b6:-65;f6f5:-59;g7g6:-57;a7a5:-55;h7h5:-50;a7a6:-45
1qbbr2r/pp1ppk1b/2p3p1/2b3pp/3P4/3KPB2/PPP2P1P/QBB2RBR w - - 8 12,opening,d4c5,99,d4c5:99;b2b3:-160;c2c4:-160;h2h4:-184;d3e2:-192;h2h3:-197;f3g2:-211;d3d2:-213
rb1r2k1/1pp2pbp/p2pn2q/3p2p1/1n1P4/1PPQ1PP1/P1B1P1BP/R2NRK2 w - - 1 15,opening,c3b4,-187,c3b4:-187;d3f5:-387;d3d2:-388;d3h7:-436;h2h4:-606;e2e4:-606;d1e3:-622;d1f2:-636
1kq1rn1r/3p1p1p/1nnN4/p1p1p1pn/P3P1P1/3P2N1/1PPNRP1P/K3Q1NR w - - 0 13,opening,d6c8,622,d6c8:622;g4h5:414;e1d1:414;g3h5:412;c2c3:403;d2b3:403;g1f3:396;d2c4:380
rbqbn3/p1ppp1k1/1p5r/1N2K3/1P4p1/8/P1PP2pP/RBQBN2n w - - 4 18,opening,e5d4,-798,e5d4:-798;e5e4:-906;e1d3:-911;b5d4:-919;e1f3:-950;e5d5:-969;c2c4:-980;a2a3:-991
r2q2kn/pp1bpr1p/5p2/3p2p1/P1P4P/3PBPPN/R2n4/Q4RKN b - - 2 21,opening,d2f1,-418,d2f1:-418;d7h3:-324;d2b3:-300;g5h4:-254;h8g6:-216;d2f3:-215;f7g7:-197;d8c8:-170
1qb1r1br/2bpp3/2p2k2/pp3p1p/BP1PPp2/2PB1P2/P3RKPB/Q3R3 b - - 3 15,opening,b5a4,-146,b5a4:-146;f5e4:-141;e7e5:12;d7d6:52;a5b4:83;g8c4:98;f6g7:103;g8e6:124
2r2k1b/1pppr1pq/n3pp2/p3bn1p/P1P1B1PP/1P2P3/3PB3/NNRR1KQ1 w - - 2 16,opening,g4f5,122,g4f5:122;e4b7:-148;d2d4:-164;e4f5:-176;c4c5:-194;b1c3:-197;a1c2:-211;g1f2:-232
1n4rr/n1nk2np/3p2p1/1p2pP2/pP4P1/N1RP3P/P1P2PqR/Q1NKNN2 b - - 2 21,opening,g2f1,-103,g2f1:-103;g2b7:39;g2a8:108;g2d5:112;g2g1:248;g2h2:447;g2c6:564;c7d5:638
b1qkr1bb/prpp3p/1p2p3/5Q2/P1P1P1p1/1P1P4/5PPP/bR1KRBBB w - - 0 11,opening,f5g4,-244,f5g4:-244;f5g5:-250;f5h5:-280;f5f4:-284;f5b5:-441;b1a1:-580;e4e5:-586;f5d5:-614
3n2nr/3b1k1p/1pbQpp1P/p1pp2p1/3P2NN/5PPR/1qP1P3/BR2BK2 w - - 2 20,opening,a1b2,800,a1b2:800;b1b2:774;h4g6:738;g4e5:711;d6d7:477;d6c6:410;d6f8:291;d6e6:280
2rb2r1/5b2/1kpbp1p1/ppp1P1pp/1P1b2P1/2B2P1P/P1R1B1RQ/K6B b - - 4 23,opening,d6e5,239,d6e5:239;d4c3:274;a5b4:352;d6e7:366;d8f6:385;c8a8:391;d6c7:399;d6f8:402
b1kb1nrn/2q1r2p/2p1p1p1/pP1p1pP1/3P4/P5NP/QP2PP2/BK1BRR1N b - - 0 13,opening,f5f4,-172,f5f4:-172;h8f7:-50;c7a7:-39;c6b5:-39;f8d7:-30;c7b8:-29;a5a4:-22;h7h6:-21
kbb1r1n1/pppppqN1/5r1n/2P5/4P3/P4p2/1PQP1PPP/KBBR1R1N w - - 1 12,opening,g7e8,467,g7e8:467;h1g3:137;f1g1:132;e4e5:125;g2g4:114;d2d4:-16;g2g3:-27;g2f3:-94
b2rknrn/b1p1p2p/1p1p4/p4pp1/2q1P3/P1P2P2/1P1PN1PP/BBQRKR2 b - - 1 9,opening,f5f4,-340,f5f4:-340;h8g6:-327;h8f7:-311;f8g6:-309;f8d7:-295;f5e4:-291;b6b5:-291;e7e5:-284
k1rnn1rn/pp1p1p1p/n1p1p3/2N5/1PP1P1p1/N5N1/PN1P1PPq/K1RQ2R1 b - - 1 9,opening,a6c5,92,a6c5:92;h8g6:125;h2h6:136;f7f5:136;h2h4:142;a6b4:143;h7h5:149;d7d6:150
rbr1qbbk/pp1pppp1/8/b1pP3p/8/2Q5/PPP1PPPP/RBRB1BBK w - - 2 4,opening,c3a5,336,c3a5:336;c3e3:-16;c3h3:-121;c3d3:-129;c3f3:-197;b2b4:-206;c3b3:-253;c3a3:-270
2nkrr1n/pp1p1pp1/n3pn1p/2p5/5P1P/PNPP1R2/1P2P1P1/QN1KR1Nq b - - 3 9,opening,h1g2,-374,h1g2:-374;h8g6:-369;h1h2:-354;c5c4:-344;e6e5:-330;h1h4:-326;g7g5:-319;b7b6:-308
1knbrr1n/p3q1p1/1P1p1p1p/4Q3/4N3/1P1PPb2/1BP4P/1K1BRR1N b - - 3 20,opening,d6e5,-430,d6e5:-430;f6e5:-396;e7e5:-16;f3d1:121;f3e4:180;e7b7:192;f3g2:232;e7d7:255
2bkr3/r2pnp2/pq2p3/nppP1Npp/1PP1Pb1P/2Q2P2/R5P1/2BK1RNB w - - 3 23,opening,b4a5,244,b4a5:244;b4c5:101;c1f4:87;c1e3:11;h4g5:0;d5d6:-105;c1a3:-108;a2a5:-150
bb1r1n1n/1p2kp1p/p5r1/4PQp1/P1pP2P1/2P4P/1P3P2/B1R1K1R1 w - - 1 22,opening,b2b3,183,b2b3:183;h3h4:148;g1g3:137;f2f4:116;c1b1:110;a4a5:106;e1d2:101;e1e2:100
b3b1rk/1p1pp3/2pn1p1p/p1BP4/P2B1P2/1P3r2/3PP1RP/2NN1R1K b - - 0 23,opening,f3f1,-537,f3f1:-537;g8g2:450;b7b6:516;f3h3:526;f3f2:539;d6f5:553;f3b3:568;f3g3:575
rnnk1rqn/1p1ppppp/p4n2/8/2p4P/N7/PPPPPPP1/R1NKNRQN w - - 0 5,opening,a3c4,160,a3c4:160;d2d3:82;b2b3:52;f2f3:49;f2f4:49;h1g3:33;e2e4:31;g2g4:5
rbk1bqrb/pp1ppp2/2p4p/2b3p1/PP6/R1PP4/2KBPPPP/1B1B1QRB b - - 1 7,opening,c5d6,-201,c5d6:-201;c5b4:-80;c5b6:-36;c5d4:44;h8c3:66;b8h2:94;e7e6:109;c5f2:121
r1r1nk2/3pppb1/q1p3pp/1p3P1Q/7P/pPP3PN/P1PRP1KN/1BR4B b - - 3 19,opening,g6h5,-448,g6h5:-448;e8f6:447;b5b4:497;g6f5:500;a6a5:526;d7d5:527;c6c5:532;a6a7:551
n2rrbkb/P2ppn2/5p2/4q1pp/3N4/5PP1/1PPPP1BP/N1QRRBK1 w - - 1 13,opening,e2e3,396,e2e3:396;a1b3:393;c2c3:345;d4b3:256;d4f5:56;d4c6:4;g1h1:-35;d4b5:-37
k2r2rn/p1pqn1p1/4pn2/1p1p1P2/1P1n2pp/NR5P/PKP1P1R1/2NQN2N b - - 2 17,opening,d4b3,-472,d4b3:-472;e7f5:-468;g4h3:-453;c7c5:-431;e7c6:-387;e6e5:-372;d4f5:-369;g4g3:-316
2brk3/1q3b1n/np2p3/p1PP1p1p/P2B2Pp/2PP1P2/2KR3P/NQ3N1R b - - 3 19,opening,d8d5,226,d8d5:226;f5f4:241;b7d5:246;b6c5:250;e6e5:258;b7d7:265;h5g4:267;h7g5:278
1brnbkr1/1qpp1n2/pB4pp/1p2pp2/1P2P2P/2PP4/P4PP1/QBRN1KRN w - - 0 13,opening,b6e3,-202,b6e3:-202;b6a5:-217;b6c5:-249;g2g4:-358;e4f5:-398;d1e3:-412;b6d4:-421;h1g3:-440
qbrn2rn/P2kb1p1/5p1p/1ppp3N/4pP2/2PPN3/P3P1PP/QBR1KB1R b - - 0 11,opening,a8a7,201,a8a7:201;b8a7:209;b8d6:246;b8c7:267;d8e6:279;d5d4:286;e4d3:307;c5c4:330
qk1rrbnn/1p2ppQp/p1bp4/2p5/3P2P1/BP3N2/P1P1PP1P/1K1RRB1N b - - 2 6,opening,f8g7,-571,f8g7:-571;c6f3:81;g8f6:123;c6e4:262;a6a5:287;c5c4:304;h8g6:318;b7b5:328
4krr1/np1p1npp/n3q1n1/QNp1pp2/5PPP/1P1PP1R1/P1P1NN2/N2K2R1 b - - 6 16,opening,a7b5,87,a7b5:87;f5g4:216;e5f4:228;a7c6:231;a7c8:233;g6h4:246;g6f4:312;f7h6:361
1nrrqnkn/1pppppp1/1n5p/p7/1P6/4P3/P1PP1PPP/NNRRQNKN b - - 0 4,opening,a5b4,-117,a5b4:-117;b6a4:-43;b6c4:-19;d7d5:-10;h8g6:6;b8c6:10;e7e6:26;e7e5:35
bb1brbrk/ppp1pppp/3pq3/8/1P2P2P/5P2/P1PP2P1/BBQBRBRK w - - 1 5,opening,g2g4,119,g2g4:119;g2g3:106;d2d4:93;c2c4:81;a1d4:55;e1e2:53;c1a3:53;c2c3:42
krbbnrq1/ppppppp1/7p/8/5n2/1P2Q1P1/P1PPP2P/KRBBNR1N b - - 1 4,opening,f4g6,-172,f4g6:-172;f4d5:-144;f4h3:-144;f4e6:-133;f4h5:-132;e7e5:219;f4e2:235;f7f5:242
nnkrr1qn/pppp2pp/8/4pp2/5N2/P3QP2/1PPPP1PP/NNKRR2N b - - 0 9,opening,e5f4,136,e5f4:136;a8b6:255;a7a5:259;b8c6:260;d7d5:271;g7g5:291;d7d6:295;c7c5:318
b1q2rrk/b2pbp1p/B2bp3/1p6/1p2BPp1/2P1P2P/P1BPR1P1/B1Q1R2K b - - 3 14,opening,c8a6,-177,c8a6:-177;c8d8:17;c8e8:59;c8b8:104;c8c7:161;c8c4:168;a8e4:365;g4h3:443
b1b2brr/1p2p2p/2p2kp1/b2B4/1P2PP2/p4R1P/P1PPB3/1QB1K1R1 w - - 1 17,opening,b1a1,99998,b1a1:99998;d5g8:918;c1b2:875;d5c4:823;d5b3:790;c1a3:765;e4e5:761;b4a5:748
4rqrb/1kpbp1p1/p2p4/7p/1B3p1Q/2B1PPP1/PPb4P/B1KR1R1b w - - 1 19,opening,c1c2,-304,c1c2:-304;f1h1:-401;d1d5:-415;d1e1:-428;h4h5:-438;d1d2:-445;d1d4:-449;b4d6:-474
b3rr1b/2bppppk/p2P3p/1p1b4/4Pq2/P1P3PP/1P2BP2/BQB1RR1K b - - 0 15,opening,d5e4,-611,d5e4:-611;f4e4:-420;f4f5:-390;f4d6:-238;d5a2:-91;e7d6:85;f7f5:248;f4e5:302
nnnrq1rk/p1p1ppp1/np1p4/7p/8/1P1P3P/P1P1PPPN/NNNR1QRK b - - 4 9,opening,f7f6,78,f7f6:78;c7c6:79;d6d5:79;e7e5:83;c7c5:94;b8d7:96;b6b5:105;e7e6:112
q1bBknr1/6pp/2p2p2/Pp1pnp2/2PP2P1/7P/RP2PP2/3QKNNR b - - 1 21,opening,e5c4,437,e5c4:437;e5g6:456;e8d8:463;d5c4:463;e5f7:465;e5d7:469;b5c4:475;f5g4:506
2r1b1rn/2b2pk1/3Pp1p1/qp5p/4PnNP/P2P2P1/5PR1/1BR1BK1N w - - 0 19,opening,e1a5,179,e1a5:179;g3f4:-299;e1c3:-312;f2f3:-344;g4e5:-369;g4f6:-391;e4e5:-413;g2g1:-432
1brbrqnk/1pp1ppp1/pn1p4/7p/6P1/1N3P2/PPPPPQ1P/1BRBR1NK w - - 2 5,opening,c2c4,85,c2c4:85;e2e3:84;f2g2:84;b3a5:65;c2c3:56;g1h3:55;e1f1:47;f2f1:46
n2rk1br/pq1pppb1/2p4p/Np4n1/1PP3Pp/2NPP3/PQK2P2/2R2BBR b - - 2 12,opening,b7c8,59,b7c8:59;b7b8:84;b7a6:127;b7c7:137;b7b6:206;g5e4:455;g7c3:461;a8b6:525
brr1b1b1/ppk2pbq/3ppp2/2p4P/4QP1B/PP2P3/2PP3P/1RR1KBB1 w - - 0 14,opening,e4h7,-243,e4h7:-243;e4g2:-268;e4f3:-268;f4f5:-275;e4d3:-294;e4c4:-308;f1d3:-360;d2d3:-426
r4bnr/2nn4/1p2k1q1/p1p1ppPp/1PP1p1P1/P1Q1K2N/N2P3P/RNR2B2 w - - 3 23,opening,g4f5,-281,g4f5:-281;g4h5:-380;d2d3:-418;e3f2:-430;b4a5:-436;c3b3:-483;b4c5:-485;e3e2:-485
1r2q1r1/ppkpp3/4n2p/4Npp1/P1n1nPP1/4P1N1/2PP1N1P/NR2KQR1 w - - 4 18,opening,f1c4,649,f1c4:649;e5c4:558;f2e4:524;a1b3:449;g3e4:418;e5f3:384;f1e2:373;b1b4:315
1rbbqrnk/pppn2pp/3pp3/1P3p2/7P/6P1/P1PPPPK1/RNBBQRN1 w - - 0 6,opening,e2e3,-143,e2e3:-143;b1c3:-145;a2a4:-155;d2d3:-156;d2d4:-156;g1f3:-161;c1b2:-167;g1h3:-169
rq3brk/5p2/1p1b2p1/p2pp2p/b3P2P/P1PBB1P1/6BK/RQ2B1R1 b - - 1 20,opening,b8e8,287,b8e8:287;b8c7:287;d5d4:293;a8a7:300;d5e4:317;d6c5:318;a4e8:318;a4d7:319
rn1kqb1r/pp2pp2/2p1b1p1/3p1n1p/2B1PP1P/P1N5/1PPPN1PR/R1BK2Q1 b - - 1 11,opening,f5d6,-109,f5d6:-109;d5c4:-64;e6d7:-34;f5h6:-1;f5g7:44;d5e4:78;f8g7:167;e8d7:185
1brqr1bk/1b1p2p1/pp1b1p2/P1p1p2p/1PP4P/3P1P2/B3P1P1/BR1QRBBK b - - 0 9,opening,e5e4,-310,e5e4:-310;f6f5:-244;c5b4:-137;b6b5:-126;b7a8:-98;e8e6:-98;d8e7:-80;g8f7:-77
bb1k1br1/2p1pp1r/1p5p/p4bp1/P2p1P2/qBBPP1PP/2PQ3R/2B1KBR1 w - - 0 17,opening,c1a3,532,c1a3:532;c3d4:148;c3b2:54;e3d4:49;d2d1:0;g3g4:-117;e3e4:-177;f1g2:-181
1n1qknr1/n2r2pp/p3p3/1pP1Pn2/3pN3/NP5P/PRP3PR/2NQK1N1 b - - 1 20,opening,d8h4,-258,d8h4:-258;a7c6:-173;f8g6:-168;b8c6:-159;f5e3:-154;d7d5:-135;d8a5:-133;a7c8:-129
brqbrbkb/3p1pp1/p1p4p/1p2p3/5PPP/PP1B4/2PPP3/BRQBRBK1 b - - 2 8,opening,e5e4,-334,e5e4:-334;d8h4:-315;c6c5:-306;e5f4:-299;c8c7:-288;d7d5:-275;g7g6:-269;d8b6:-249
1nkbq1rr/p1ppp1pn/1p3p2/5N1p/2N1b2P/8/PPPPPP2/BK1BQRR1 w - - 12 11,opening,f5g7,-40,f5g7:-40;f5g3:-74;f5d4:-119;f5e3:-144;c4e3:-149;c4b6:-329;d2d4:-349;b2b3:-362
brkn1r1n/1pp1p1Np/1q3p2/p7/P1P4P/2P1N3/2K1PPPB/BR2QR2 b - - 4 16,opening,b6c5,400,b6c5:400;b6c6:412;b6a6:461;b6a7:485;b6e3:657;b6e6:703;b6b1:710;f8f7:748
qn1knrr1/1pp2p2/p2pp1p1/4nP1p/1nP2N2/1N2N2N/P2PP1PP/1Q1K1R1R w - - 0 19,opening,f5e6,238,f5e6:238;f5g6:217;b3d4:161;a2a3:153;b3a1:98;b3c1:95;g2g4:78;d2d4:55
r1nqkbn1/p3pp2/n2p2pr/1pp1Q2p/PP1P3P/R3P1PB/2P1NP2/1NN1K2R b - - 1 13,opening,d6e5,-603,d6e5:-603;a6b4:-265;c8b6:-153;e7e6:-130;g8f6:-123;a6c7:-43;a8b8:31;d8c7:64
nr1k1qrn/nn1p1ppp/2p1p3/pp6/1P1NP3/PN2K3/2PPQPPP/1R1N2RN w - - 2 11,opening,f2f4,-43,f2f4:-43;b4a5:-73;e2g4:-93;e2h5:-98;h1g3:-105;d2d3:-117;e2e1:-120;d4f3:-133
1rr1qbbk/3p1ppp/4Pb2/ppp5/1P4P1/PBP2Pb1/4P2P/RBR1QBBK b - - 2 12,opening,g3e1,-500,g3e1:-500;e8e6:-45;a5a4:-43;c5c4:-41;g3h4:18;c5b4:63;d7e6:66;g3e5:71
q1rnrbkb/ppp2ppp/2n1p3/3p4/2N1P3/P7/1PPP1PPP/QNR1RBKB b - - 0 4,opening,d5c4,-402,d5c4:-402;d5e4:-51;c6e7:-28;d5d4:-17;e8e7:-10;b7b5:33;a8b8:61;f8e7:67
k1r2b1b/2pp2r1/2n1p3/pn2Ppqp/P4N2/2PPQp2/1PK3P1/2NR2RB b - - 2 22,opening,b5d4,-257,b5d4:-257;f3f2:-216;b5a7:-190;b5d6:-175;f8c5:-167;b5a3:-143;g5g3:-141;b5c3:-139
qbrn1krn/ppppp1p1/5pbp/3N4/8/8/PPPPPPPP/QB1RBKRN w - - 2 4,opening,d5f4,-51,d5f4:-51;g2g3:-55;d5e3:-60;h1g3:-60;h2h4:-66;h2h3:-106;g2g4:-126;d5c3:-138
bqb1k1rr/pppp2p1/7B/4ppb1/P7/3P1P2/1PPbPKPP/BQ1B1BRR w - - 3 7,opening,h6g5,-49,h6g5:-49;e2e4:-537;g2g3:-546;b2b4:-567;f3f4:-573;e2e3:-580;g2g4:-584;b2b3:-617
nr2nnk1/2qp1pp1/2p1p2r/pP3P1p/3PN1PP/1n1RP1N1/1P4N1/2Q3KR w - - 5 18,opening,d3b3,-167,d3b3:-167;c1e1:-251;c1c2:-280;c1d1:-282;c1f1:-331;c1b1:-349;c1c3:-368;b5b6:-402
b3qrkb/p1r2p1p/2p2P2/4p1p1/pb1pP1P1/3P3B/1PP2R1P/BQBR1BK1 w - - 0 16,opening,c1g5,492,c1g5:492;g1h1:438;f1g2:435;f2f5:435;c2c3:430;f1e2:396;h3g2:385;b1a2:379
r2k2nr/p2Nbp1p/q3p1p1/1pp5/5P1P/2PP3N/P1P1P1P1/R2QKB1R b - - 4 15,opening,d8d7,8,d8d7:8;e7h4:51;f7f6:168;a6a3:306;d8c7:317;g8f6:337;g8h6:339;a6a5:340
1r2rb2/p3k1b1/2pp1qp1/4pbB1/1QPP1P2/PR3R2/1P3K1P/B6B b - - 2 23,midgame,b8b4,-101,b8b4:-101;f6g5:-20;e5e4:296;e7f7:324;e7e6:379;e5f4:407;b8b6:407;e5d4:411
b1b1k2r/3pb1rB/1p5p/2p1pp2/2P1q1p1/p1P2PPP/PP2B3/BQBR1KR1 w - - 4 23,opening,f3e4,443,f3e4:443;h7g6:316;h7f5:62;b1e4:36;d1d3:-8;c1g5:-339;c1d2:-363;c1h6:-387
1r1nrnqn/k2p2pp/pnp5/3p1Q2/2P5/3P1PP1/P3P2P/RK1NRN1N w - - 0 14,opening,b1c1,-504,b1c1:-504;h1f2:-522;d1b2:-528;c4c5:-531;b1c2:-540;d1c3:-544;f1d2:-548;c4d5:-559
rqb1k1bn/1pp1pp1p/1n2Q1p1/5P2/p3P3/P3B3/1PPr2PP/R1BRKN1N w - - 0 9,opening,e6e5,-1,e6e5:-1;e6e7:-170;e6a2:-217;e6c8:-249;c1d2:-316;d1d2:-369;f1d2:-374;e3d2:-377
bqkb1rbb/1pppr1pp/p3p3/6P1/3Pp3/P7/1PP1BP1P/BQK1RRBB b - - 1 6,opening,b7b5,-198,b7b5:-198;e7f7:-187;e7e8:-173;g7g6:-148;e6e5:-80;c7c5:-72;c7c6:-66;b8a7:-36
rnnrkqn1/1ppppppp/8/p7/7n/P4P2/1PPPPKPP/RNNR1QNN w - - 0 4,opening,c2c4,32,c2c4:32;e2e4:27;b1c3:24;d2d4:21;g2g3:18;e2e3:17;g1h3:13;h1g3:10
kn1bnrbq/1p1ppp1p/8/p5p1/1pr3PP/2RN1P2/P2PP3/KN1B1RBQ b - - 0 10,opening,b4c3,-486,b4c3:-486;e8d6:-472;f7f5:-446;c4c6:-409;b8c6:-402;e8c7:-402;h7h5:-390;g5h4:-388
n1nknq2/pppn2pr/4pr1p/3p1pQ1/3N4/N4P2/PPPPPRPP/N1NK1R2 w - - 2 9,opening,d4e6,491,d4e6:491;g5e3:-150;g5g3:-194;g5h4:-233;g5h5:-276;g5f4:-309;d4c6:-445;g5f6:-533
1n1k1r1n/r3npq1/pp4p1/P1pppn1p/R2PPP1P/1N2N1N1/1PP2QP1/2K1R1N1 b - - 6 21,opening,b6b5,238,b6b5:238;b8d7:342;f5d4:384;f5e3:413;e5d4:421;c5d4:433;a7d7:446;a7b7:453
kr1b1brb/p4pp1/1p2p3/3p3p/bPp2PPP/P1Q1P3/KR1PB1R1/3qBB1B b - - 3 17,opening,d1e1,-227,d1e1:-227;a4b3:-36;f8b4:216;d8f6:254;g7g5:264;d1b3:264;g7g6:280;b8c8:308
nk1qrnrb/pp2pppp/8/2pp4/3P4/1N1QN1PP/PPP1PP2/1KB1R1RB w - - 1 9,opening,b3c5,613,b3c5:613;e3d5:607;d4c5:603;h1d5:595;c2c4:588;e1d1:548;d3d2:535;d3d1:512
1brb3b/1k1pp1pB/2p2r2/p1P4p/Pp1P1p1P/5P2/KP2P1P1/2B2RQB w - - 2 16,opening,g2g4,421,g2g4:421;g2g3:412;f1d1:412;h7d3:411;a2b1:408;e2e3:394;e2e4:394;h7c2:393
1kbbr2r/pp3ppp/2p1p3/3p1Nn1/PPPPnP2/2B1P3/2Q1B1P1/K4RNq b - - 0 14,opening,e4c3,-564,e4c3:-564;e6f5:-534;h1g2:-463;h1h2:-457;h8g8:-421;d5c4:-415;d8c7:-414;g5h3:-409
kbbrbbqr/2ppppp1/pp5p/8/1P4P1/2K5/P1PPPP1P/1BBRBBQR b - - 1 4,opening,d7d5,-183,d7d5:-183;f7f6:-172;e7e5:-172;g7g5:-168;c8b7:-167;e7e6:-156;h6h5:-154;c7c5:-152
brknqrbn/p2pppp1/7p/2pP4/1p6/1P5P/PRP1PPP1/B1KNQRBN b - - 1 5,opening,a8d5,-139,a8d5:-139;f7f5:-28;d7d6:10;h8g6:22;e7e6:40;b8b6:49;f7f6:54;g8h7:72
1q1br1bb/1kp4p/p3pr2/3p1pp1/3P2PP/1pP2P2/PPB1P3/BQK1RRB1 b - - 0 12,opening,b3c2,-401,b3c2:-401;g5h4:-217;f5g4:-206;f6f7:-134;e8f8:-133;c7c6:-132;f6f8:-127;h8g7:-125
rb1nrnkb/1qp1pp1p/pp1p2p1/8/3P1P2/1P2P2P/PNP3P1/RBQ1RNKB b - - 0 8,opening,b6b5,-52,b6b5:-52;e7e5:-47;c7c6:-46;a8a7:-33;h8g7:-24;d6d5:-15;b8a7:-12;e7e6:-12
qrb3kr/pppp1pbp/4pn2/n5p1/PP1P4/4BP2/1QP1PKPP/1R1NNB1R w - - 0 8,opening,b4a5,441,b4a5:441;e3g5:243;b2c1:230;b2a2:219;b2a1:215;e3c1:175;h2h4:169;e1d3:100
kn2rn1n/p3pp2/1prpn2p/1PN3p1/P7/1N2P2P/2P2PP1/KNRqR1Q1 b - - 1 11,opening,d1d5,-62,d1d5:-62;d1c1:3;d1e1:15;d1h5:94;c6c5:351;c6c7:366;e6c5:389;c6c8:418
5rbn/k4bBp/pppNpq2/1np3P1/P1P3P1/2BP4/1P2PR2/N1K1R3 b - - 6 22,opening,f6f2,-263,f6f2:-263;f6g5:-194;f6d8:-20;f6e7:-6;f6g6:223;f6c3:628;f6g7:637;b5c3:679
bqrb3b/3p1kb1/pB3rp1/P1p5/1PP2p2/3P1P2/4PKB1/1QRBR2B b - - 2 19,opening,d8b6,-317,d8b6:-317;b8e5:-296;f6b6:-289;f6e6:-261;f6f5:-233;f6c6:-214;b8d6:-185;f7f8:-163
b3brrk/1p3n2/p1P5/q2npppp/P2P2P1/2N1P3/QP1N1P1P/B3BRRK b - - 3 15,opening,e8c6,-126,e8c6:-126;d5b4:-47;d5c3:-22;h5g4:-8;a5d8:29;b7b5:30;b7c6:52;b7b6:67
bqn1brrk/2pppppp/1p6/p3n3/3P1PP1/2N2R2/PPP1P2P/BQN1B1RK b - - 2 5,opening,e5f3,-509,e5f3:-509;a8f3:-348;e5c6:-155;e5g6:-145;f7f6:-112;e5g4:-103;d7d6:-89;f7f5:-58
n1r1knrn/p3p1p1/1pnq3p/2pp1p2/P2P2P1/1PP1PP2/2R2K1P/NN1Q1NRN w - - 1 14,opening,g4f5,63,g4f5:63;d4c5:33;b3b4:-38;f1g3:-53;c2d2:-54;h1g3:-61;b1a3:-71;c3c4:-74
qkbrr1nn/5pbp/p2pp3/1pp1P3/2P2Pp1/6PB/PP1P3P/QKBR1RNN b - f3 0 9,opening,g4h3,-428,g4h3:-428;g8h6:-375;h7h5:-372;f7f5:-346;c8b7:-306;d6e5:-252;b5c4:-244;h8g6:-242
1r2nr2/b1pp1k2/8/1pPqppPp/7P/P2Nn1R1/B1PPP1PK/3RN3 w - - 4 20,opening,d3e5,64,d3e5:64;a2d5:64;d2e3:-317;g5g6:-329;e1f3:-384;g3e3:-413;c2c4:-470;a2b3:-480
qnkn1rn1/1p1ppp1r/p1p5/3N2pp/8/1P3NP1/PQnPPP1P/1NK1N1RR b - - 3 10,opening,c6d5,325,c6d5:325;a8a7:369;b7b5:639;d8e6:696;b7b6:718;c2e1:743;c2b4:827;g5g4:865
nbbk1rrq/2pppppp/8/pp1n4/P4P2/2P5/1P1PPNPP/NBBKRR1Q b - - 3 7,opening,b5a4,101,b5a4:101;b5b4:168;c8a6:175;c7c6:179;g7g5:181;a8b6:195;f7f5:199;c7c5:199
nr1b1kqb/ppppnpp1/4r2p/4p3/P7/NN2PP2/1PPPRKPP/2RB2QB b - - 3 8,opening,b7b6,-52,b7b6:-52;d7d6:-41;e7c8:1;a8b6:7;e6c6:30;e7f5:52;g7g6:59;c7c6:60
4b1rk/rpqb3p/pN1pppn1/1Pp1P1p1/5PPP/P3Q3/2PP1B2/R1B1R1KN b - - 1 20,opening,g5f4,-152,g5f4:-152;c7b6:69;a6b5:190;g5h4:226;g6f4:232;d6e5:239;c7d8:248;d7c8:272
bbrqk1nr/1ppp2pp/6n1/p3Bp2/8/1P4PN/P1PPPP1P/1BRQKN1R b - - 0 5,opening,g6e5,-351,g6e5:-351;b7b6:-1;b7b5:63;g8f6:160;d8e7:183;e8f7:190;e8f8:249;g8e7:250
nbrbr1nk/2p1p3/pq5p/4PpN1/p1Pp4/1N1P4/BPBR1PPP/2R2Q1K w - - 2 18,opening,g5f7,310,g5f7:310;c4c5:310;b3d4:141;g5f3:123;f2f4:117;b3a1:78;f1e2:44;b3c5:2
r2bq1rk/pbppppp1/np6/2P4p/1P5P/4n3/PB1PPPP1/RN1BQRNK w - - 1 9,opening,d2e3,380,d2e3:380;f2e3:367;c5c6:316;b4b5:-197;g1f3:-290;d1a4:-298;f2f3:-311;d1b3:-316
b1kr3r/3p1b2/pppp4/1P3p1b/P1P2P2/4P1P1/2K1BB2/Q4R2 b - - 0 23,midgame,h5e2,-231,h5e2:-231;c6c5:-9;c6b5:55;a6a5:100;a6b5:134;d8g8:159;h5g4:159;a8b7:166
2rnk1br/3pp2p/p4ppb/3n4/Pp3PPB/1Pp1N3/2PP3P/NQR1K2R w - - 0 15,opening,e3d5,213,e3d5:213;h4g3:192;h1f1:188;g4g5:186;e3c4:92;e3f1:59;c1d1:31;e1f2:31
1qrbrb1b/p2pp1kp/2p2pp1/3b2P1/4P2P/p2P3B/1PP2P2/BQRBR1KB b - - 2 9,opening,a3a2,-444,a3a2:-444;d8b6:-435;b8f4:-98;d5f7:-30;e7e6:-28;d5g8:1;g7g8:8;d8a5:13
kbbrb2r/p1pp1pq1/1b2p3/1p4p1/2P5/4P1P1/PPBP1P1P/K1BRBBQR b - - 0 7,opening,b5c4,17,b5c4:17;c7c6:71;c8b7:91;c7c5:99;f7f5:99;g5g4:126;d7d5:134;a7a6:134
n1kq3n/p1rnpprp/3pn3/1pN3p1/P2PN1N1/8/1PPNPPPP/2RQK2R b - - 0 14,opening,d6c5,-72,d6c5:-72;d7c5:-31;e6c5:132;e6d4:183;e6f4:216;c7c5:275;a8b6:282;b5b4:283
b4rr1/4p2k/p1P4p/B2npp2/4qPpP/PNPbQ1P1/1P4RK/B7 b - - 4 23,opening,d5e3,-99994,d5e3:-99994;e4e3:-818;e4g2:-723;e5f4:-633;a8c6:-630;f8b8:-588;d5f4:-586;f8e8:-573
5n1r/1pk1pppr/2Pp2np/3Q4/1Nn1n1P1/7P/P3KP2/1N3NRR b - - 0 23,midgame,g6f4,111,g6f4:111;e4c3:410;e4d2:483;e4c5:618;g6e5:631;c4b6:637;f8e6:640;c4e5:676
2bqrn1b/p1kpp1rp/2p2p2/1p1n2p1/P1PPNPPP/8/1P1QP3/NKB1RR1B w - - 1 12,opening,c4d5,576,c4d5:576;a4b5:478;d2a5:478;c4b5:320;e4d6:315;b2b3:302;f4f5:288;e4f6:272
1n3nrk/pq1r1b1p/2ppPpp1/1p6/1P3PPN/4P3/P1P4P/BQ1RBNRK b - - 0 11,opening,f8e6,544,f8e6:544;c6c5:547;f7e6:606;g8g7:671;h7h5:676;f7e8:692;h8g7:706;h7h6:716
k1r1qr2/p1pp1pp1/np1n1nnp/4p3/4N1PP/P1N5/KPPPPP2/2R1QRNN w - - 4 11,opening,e4d6,-39,e4d6:-39;e4f6:-59;f2f3:-96;d2d3:-161;h4h5:-162;e4g3:-194;h1g3:-217;f2f4:-451
kr1nqr1n/3ppp2/1p4pn/p1p5/P1n1P2p/2N3P1/KPPP1P1P/2R1QRNN w - - 2 12,opening,e1e2,33,e1e2:33;e4e5:-191;f2f4:-221;g3g4:-245;b2b3:-275;g3h4:-280;g1f3:-284;h2h3:-287
1rk2nnr/p1p1p3/b1b2ppp/1p2pq2/1P1P4/4PPBP/P1PN4/QR1KB1R1 b - - 1 16,opening,e5d4,-341,e5d4:-341;c6f3:-341;f5h3:-312;f5e6:-287;f5h5:-284;c8d8:-280;f5d7:-279;c8d7:-278
1q1rknrn/1p1pp3/p4p2/2P4p/5pP1/1NPPPN2/Pn5P/Q2RKnR1 b - - 1 17,opening,b2d1,-667,b2d1:-667;f1h2:-579;f1e3:-539;h5g4:-535;h8f7:-524;b2c4:-518;b8c7:-495;b2d3:-484
rn1k1r1n/1pp2p1q/p5pp/2Qpp3/n5P1/3N4/1PPPP2P/RN2KR1N b - - 0 14,opening,a4c5,-535,a4c5:-535;b8d7:131;h7g7:401;h7g8:411;f8e8:423;f8g8:462;d8e8:518;c7c6:573
nn2r2r/pp1pkp2/1np3qp/PN1nP1p1/2PP3P/1P3pP1/5P2/1NK1NRQR b - - 2 19,opening,c6b5,-458,c6b5:-458;b6c4:-333;b6c8:-222;d5b4:-180;b6a4:-158;d5f4:-71;g5g4:-35;d5c7:-23
knrnqrn1/ppp2pp1/3p3p/4p3/3P1nP1/P3P3/1PP2P1P/KNRNQRNN w - - 0 6,opening,e3f4,281,e3f4:281;d4e5:98;e1d2:51;h1g3:39;f2f3:33;h2h3:29;e1a5:23;g1f3:4
rn1k1rqn/ppppppnp/2n3p1/2N5/2P5/7P/PP1PPPPQ/RN1KNR1N w - - 1 7,opening,c5b7,112,c5b7:112;b1c3:3;f2f4:2;d2d3:-13;b1a3:-17;g2g4:-23;b2b3:-40;e1c2:-43
qn1rrbkb/1p1ppp2/p1p4p/P5pP/QP6/2N2P2/2PPP1P1/2RNRBKB w - - 1 11,opening,e2e3,295,e2e3:295;g2g4:289;c1b1:281;a4a2:276;a4b3:257;a4a3:251;g2g3:241;d1f2:225
b1rqk1nr/p1p2p1p/np1pp3/2b3p1/2BPP1PP/5N2/PPP2P2/BNRQK2R b - - 0 7,opening,a6b4,367,a6b4:367;h7h5:391;g8f6:398;c5b4:428;d8f6:428;d6d5:443;f7f5:444;a8e4:445
r6q/pp2b1pk/2prpn2/5p1b/4P2p/3PBP1P/PPP1N1PK/R2BR1Q1 w - - 0 19,opening,e4e5,365,e4e5:365;g2g4:241;g1f2:234;e3f2:231;e3g5:223;e3c5:204;h2h1:203;c2c3:200
1nr1q2n/2ppkpr1/4pn2/p3P1p1/npP2P2/1N1P2Np/PP1N2PP/1NRQ1KR1 w - - 0 18,opening,e5f6,518,e5f6:518;f4f5:399;b3a5:334;b3d4:276;b1c3:275;g2h3:261;d1e2:231;f4g5:229
2r1kr1n/b1pp2bp/p2Ppnp1/P4pP1/1pP1B3/1P1Q4/4BP1R/1R1N1K1N b - - 0 22,opening,f6e4,350,f6e4:350;f5e4:429;h8f7:561;f6g4:582;f6h5:597;c7d6:603;a7c5:616;a7f2:640
N3nrr1/kp1n4/3Q1p1p/p3qPp1/6PP/1PP1P3/1P1PR1R1/KN5N w - - 3 23,opening,d6d7,543,d6d7:543;d6a3:349;d6d3:312;d6e5:299;d6e6:287;d6d4:279;a8b6:-174;d6f8:-215
rnnkrq2/p1pp1ppp/1p3nn1/4p3/1P2P3/5PP1/P1PP3P/RNNKRQNN w - - 0 5,opening,a2a3,-58,a2a3:-58;c2c3:-69;f1c4:-82;b4b5:-86;c1d3:-93;b1c3:-119;f1b5:-121;a2a4:-127
bnqr1nrk/pp1p1b2/2p4p/4pp2/P2B2p1/3PP1P1/1PP1NP1P/BNQR2RK b - - 1 8,opening,e5d4,-241,e5d4:-241;d7d6:-189;f8g6:-132;d8e8:-107;c8c7:-100;h8h7:-31;c6c5:-25;b7b6:-13
2rb2rb/k1ppp1p1/p1q2p1p/5n2/2Pn1PN1/PQ2P1P1/1P1P3P/K1RB1NR1 b - - 2 13,opening,d4b3,-651,d4b3:-651;d4f3:-230;h6h5:-180;d4e6:-155;c6b6:-121;c8b8:-99;g7g6:-91;e7e6:-66
1b2rrnk/p1p2p1p/1n6/1ppq3p/1P1N1P2/P2P2P1/b3PK2/1BBRQRN1 w - - 4 16,opening,b1a2,196,b1a2:196;d4b5:-65;d4c6:-126;d4f3:-146;b4c5:-171;d4c2:-173;d4f5:-216;e2e4:-225
b3rbbb/p6p/qppkr3/4ppP1/3P1P1p/4P3/PP4B1/BRQKR1BB w - - 0 21,opening,g2f1,100,g2f1:100;f4e5:87;d4e5:-32;b2b4:-130;b2b3:-165;d4d5:-166;c1c2:-203;c1d2:-225
qbr1rknb/ppp2ppp/8/3pp1n1/6P1/3P1P1P/PPP3K1/QBRRN1NB b - - 0 7,opening,g5e6,-374,g5e6:-374;g7g6:-372;a7a5:-365;c7c6:-364;g8f6:-359;c7c5:-349;g8e7:-336;c8d8:-327
rbbqkb1r/1ppppbpp/8/p4p2/P1P4P/8/1P1PPPP1/RBBQKBBR w - - 1 4,opening,b1f5,42,b1f5:42;d2d4:-15;h4h5:-25;g1h2:-26;f2f3:-33;e2e3:-41;b1c2:-50;e2e4:-58
b1b2krr/1pb5/Qbpq2B1/3p1p1p/2Pp4/PP2P1PP/5P2/B1B1KBRR w - - 0 22,opening,a6a8,81,a6a8:81;a6a4:-119;a6b6:-388;g6f5:-417;g3g4:-487;g6h7:-493;g6f7:-494;c4c5:-495
rk4n1/pPb2rqp/2bp3P/4ppn1/N1p5/1PP3P1/1K1PPP2/RB2BRN1 b - - 5 23,opening,g7h6,-432,g7h6:-432;g8h6:-419;g7f8:-393;g7g6:-380;g7h8:-379;g7f6:-375;b8b7:-155;c6b7:-128
2b2rr1/3p1pq1/1p1kp1p1/QP5p/5Nn1/P1P4P/1BP1PP1b/NB1K2RR b - - 0 21,opening,b6a5,-372,b6a5:-372;g4f2:-302;g4e3:22;d6c7:191;h2f4:390;d6e7:489;h2g1:494;g7e5:519
q2r1rnn/npp1p1pp/2nkNp2/3p4/5P2/8/PPPPPRPP/1QNKR2N b - - 3 9,opening,d6e6,-451,d6e6:-451;f6f5:-145;d6d7:-139;g7g6:-97;b7b6:-87;g8h6:-86;a7c8:-73;b7b5:-42
1nrbr1bq/p1p4p/1pkp4/4pnp1/P1P2p2/1B5P/1P1PPPP1/KN1RNRBQ w - - 0 13,opening,g2g4,203,g2g4:203;e2e3:-61;b1c3:-61;g2g3:-100;e1c2:-114;b3a2:-121;h3h4:-134;g1h2:-154
b4kqb/2b1rppp/pr6/1pp1p1Q1/PP2p2P/1b6/2PP1PP1/BRBB1RKB w - - 1 14,opening,c2b3,348,c2b3:348;b1b3:313;b4c5:142;a4b5:109;g5e3:86;c1a3:78;d2d3:60;g2g3:57
rn1q3r/p1Nppk1p/8/1bp1PNp1/pP6/4P2P/2PBQPP1/R3K2R w - - 0 21,opening,e2h5,99997,e2h5:99997;c7b5:816;e5e6:751;e2f3:746;f5h6:647;c2c4:635;e2b5:607;f5d6:571
r1n1qk2/r3pn2/pp1pPpn1/3Q1Npp/1n5P/PPPP3N/N2N1PP1/R2R2K1 w - - 1 22,opening,a2b4,547,a2b4:547;a3b4:495;c3b4:486;e6f7:471;d5e4:386;d5f3:303;d5c4:293;d5d4:199
qn1knnrr/1p1pp1pp/3n4/p1p5/2PP4/P3p1N1/1P2KPPP/QNN1N1RR b - - 1 8,opening,c5d4,-285,c5d4:-285;f8e6:-279;e3f2:-269;b8c6:-263;a8a7:-247;e8f6:-229;h7h5:-216;a8a6:-209
r4rk1/p2b2p1/nppppp2/6bp/2PPP3/2R3PP/qP1B2n1/RN1Q1K1N w - - 2 18,opening,a1a2,441,a1a2:441;c3a3:-259;h3h4:-422;d1a4:-455;b1a3:-457;f1g2:-495;d2g5:-523;h1f2:-531
2rk2rn/1bb1p2B/p4p2/Ppp3p1/1PPp2q1/4PNRP/3K1P2/B2R3N b - - 1 22,opening,g4e6,-627,g4e6:-627;g4h5:-501;g4d7:-443;g4e4:-405;g4f3:-403;g8g7:-400;g4g3:-370;c7g3:-272
1q1r2rn/3kpppp/pppn4/1n1p4/1P2N3/PN2PP2/2PPnKPP/1Q2NRRN b - - 6 16,opening,e2g1,-261,e2g1:-261;d6e4:-126;b5a3:20;d5e4:46;d6c4:73;e2d4:112;h8g6:114;g7g5:162
q1rkbrbb/b3pppp/pp1p4/8/1P1p2P1/2B2B2/P1P1PP1P/QBRK1RB1 w - - 0 7,opening,f3a8,295,f3a8:295;c3d4:59;a2a4:35;b4b5:-53;c3b2:-108;f1e1:-122;c3d2:-147;a2a3:-162
qrb2bkr/p1pp1n2/7p/1p3nB1/P7/3P4/1PP1PPPP/1R1NNBKR b - - 2 7,opening,h6g5,-725,h6g5:-725;f7g5:-682;b5a4:-657;d7d5:-656;g8g7:-652;d7d6:-637;b5b4:-627;a8c6:-626
kqr1bbrb/ppb1pppp/3p4/8/2pP4/P3P3/1PPB1PPP/KQRB1BRB w - - 0 5,opening,g2g3,308,g2g3:308;f1c4:307;d1f3:249;g2g4:236;c2c3:233;d1g4:206;a1a2:169;b1a2:163
2rq1r2/pp1kp1p1/2npn3/1p1Nn3/6Nn/P2P1P2/2P1P1P1/N1RQK1R1 b - - 1 18,opening,e5g4,-516,e5g4:-516;d8a5:-475;e6f4:-452;h4f5:-436;e6c7:-436;h4g6:-434;e6d4:-431;d8e8:-428
bk1rbr1B/pp1bp2p/2bp2q1/2p2pp1/1P2P3/B1PP4/P4PPP/1K1RBRBQ b - - 0 11,opening,f5e4,-375,f5e4:-375;c5b4:-361;f8h8:-341;c6a4:-330;b7b6:-308;b8c8:-307;c6e4:-290;c5c4:-288
n1brknbr/q1pp1p1p/p3p3/1p4p1/8/1N2PP2/PPPP1BPP/1QBRKN1R w - - 0 7,opening,e3e4,368,e3e4:368;h2h4:338;d2d3:325;d2d4:278;f1g3:274;b3a5:254;a2a4:243;c2c3:237
rrnq1kb1/p3pp1p/3p1np1/1pp1N3/2PbP3/3N4/PP1PKPPP/RR1Q2BB b - - 3 7,opening,d6e5,-492,d6e5:-492;d4e5:-419;d8e8:-400;b8b6:-399;d8b6:-385;d8c7:-382;b5c4:-297;f6e4:-204
1brbbrqb/pkp2p1p/1p1pp3/6p1/P2P4/2P4P/KP2PPP1/1BRBBRQB w - - 0 6,opening,g2g3,120,g2g3:120;e1d2:114;g2g4:113;e2e4:112;e2e3:106;b1d3:104;h3h4:102;d1c2:98
qb1r2br/ppnpp1pk/5p1p/2P4P/n3P1P1/3R4/PPP2PN1/QB3RBK b - - 0 12,opening,a4c5,-278,a4c5:-278;g8e6:-223;b7b6:-222;b7b5:-209;g8f7:-208;e7e5:-205;c7e6:-196;g8c4:-177
2n1r1r1/pk2q1pp/2p1p1n1/1p1p1P2/2P2bR1/3Q4/PPK4P/B2BNR1N b - - 2 17,opening,g6e5,-182,g6e5:-182;e6f5:-156;d5c4:-111;b5c4:87;e7f6:104;e7f8:170;c8d6:233;e6e5:237
r1rbn2k/p1ppq1pp/1p1n4/P4p2/R1b1p3/1P4PP/3PPPK1/1RNBNQB1 w - - 0 10,opening,b3c4,261,b3c4:261;a4c4:2;a5b6:-162;f2f4:-276;e1c2:-281;b3b4:-283;f2f3:-285;a4a1:-294
1qbnkr2/rp1pp2p/p1p2np1/5Q2/6P1/2b2P2/PP1BPK1P/R2N1RNB b - - 1 9,opening,c3d2,-971,c3d2:-971;b8h2:-835;c3d4:-712;g6f5:-709;d8e6:-589;d7d6:-580;b8d6:-523;c3b2:-514
r1nrk3/1pp2np1/3p1p2/pq1P2Np/P1P1NPP1/1P5Q/4P3/R1nR2KN w - - 2 22,opening,c4b5,632,c4b5:632;a4b5:598;e4f6:548;e4d6:547;h3h5:525;a1c1:509;g5e6:458;d1c1:396
brrkb1bq/1p2bpp1/7p/pBpp4/P1P1P3/4P3/1PRP2PP/BR1KB1BQ b - - 1 9,opening,d5c4,-185,d5c4:-185;e8b5:-177;g8h7:51;b7b6:53;h8h7:85;f7f6:93;d5e4:134;e8d7:137
q4n1r/ppkp1pr1/nnp3N1/4p1pp/1P4P1/2PPP1P1/P4PR1/QNNKR3 b - - 0 18,opening,g7g6,-403,g7g6:-403;f7g6:-393;f8g6:-346;h8h7:-6;h8h6:11;h8g8:23;f8e6:193;h5g4:203
1kbrbqr1/p1p1p1b1/3p1p1p/1p1b2p1/2P5/1P2PP2/PBKP1BPP/B2R1QRB w - - 1 11,opening,c4d5,385,c4d5:385;e3e4:14;c4b5:1;d2d3:-29;c2b1:-45;d2d4:-47;c4c5:-82;d1c1:-88
r1b1br2/1pqppppk/2p1n1n1/p3P2p/4N2P/1PPQ1P2/P2P2P1/R1B1BRKN b - - 2 9,opening,c7e5,-95,c7e5:-95;h7g8:-78;f7f6:-73;f7f5:-63;a5a4:-54;d7d6:-26;d7d5:-19;c7b6:3
knrn2qn/p4p1p/4n3/1pp1r1p1/1NP5/P3p3/K2P2PP/1NR1RNQN w - - 0 14,opening,b4d3,-175,b4d3:-175;b4d5:-187;b4c2:-295;c4b5:-307;e1e3:-380;f1e3:-398;d2d4:-401;h1g3:-468
3krr1n/pp2nn2/1n2ppp1/3pq3/2p3Pp/PNPPPP1P/1PN1KN2/1Q2R1R1 b - - 0 16,opening,c4b3,-587,c4b3:-587;e5d6:-437;g6g5:-428;d8c8:-428;f6f5:-416;e5c7:-414;e7c6:-406;b6d7:-389
qnkbrrnb/p1pp1ppp/1p6/4p3/P7/3PP2P/1PP2PP1/QNKBRRNB b - - 0 4,opening,a7a5,44,a7a5:44;f7f5:46;g7g6:51;c7c6:55;b8a6:64;a8b7:65;g8e7:76;a8d5:83
k1rnq1r1/3ppnpn/p1n4p/5P2/5Q2/P1NpNPN1/6PP/K1R3RN w - - 3 16,opening,f4a4,303,f4a4:303;e3d5:276;e3c4:262;c3a4:254;h1f2:254;c1b1:241;f4c4:200;g1d1:176
1r2nnr1/pkb1p3/3p2p1/1p3p2/P1p1P1Pp/1PbP1PRP/QRPN4/K2BN3 w - - 0 17,opening,g3g2,329,g3g2:329;g3g1:261;a4b5:237;b3b4:130;d2b1:121;d2c4:118;b3c4:73;e1g2:57
r2n2rk/pppq3p/2n1np1n/3pp1p1/PPPP4/R5P1/Q3PPNP/1N2RNNK w - - 5 15,opening,c4d5,195,c4d5:195;b4b5:-16;d4e5:-123;e1d1:-126;g1f3:-133;e2e3:-145;b1c3:-156;a2d2:-160
knr1qnr1/2p3pp/3p4/pp2ppn1/PP3n2/2N1PPP1/1KPP2RP/1NR1QN1N w - - 0 11,opening,g3f4,222,g3f4:222;e3f4:191;g2f2:-92;g2g1:-152;a4b5:-201;g2e2:-213;e1f2:-234;c3b5:-303
rknr1bnq/p5pp/1ppp4/2NQp3/2P2p1P/4PPP1/PP1P4/RKNRBB2 b - - 0 10,opening,c6d5,-308,c6d5:-308;a7a5:234;g8f6:246;f4e3:261;f8e7:282;g8e7:287;b6c5:304;c8e7:308
bqr4b/1p2k3/pbp2prp/3pP3/1b4p1/1PPPP2P/PR3QP1/B2BKBRB w - - 0 16,opening,c3b4,120,c3b4:120;b2c2:15;b2d2:-76;d1g4:-134;e1d2:-150;b2e2:-155;f2d2:-156;b2b1:-163
kbbrbbqr/1p1ppp2/p1p3p1/5P1p/B3P3/8/PPPP2PP/KBBRB1QR w - - 0 6,opening,g1b6,388,g1b6:388;c2c3:125;d2d4:124;a2a3:117;c2c4:111;e1f2:106;d2d3:87;f5g6:86
1rnn1qrn/ppp1k3/1n2p3/5pPp/4N3/5QP1/PPPP3P/NRN1KR1N w - h6 0 9,opening,e4f6,170,e4f6:170;h2h4:155;f3a3:139;f3e2:139;f3e3:104;c1e2:103;c2c4:96;f3c3:96
1rkr1n1n/q1p1p1pp/pp3p1n/1n6/1P1P1N2/4p1P1/PKP1PP1P/QR1RN2N b - - 1 13,opening,b5d6,-440,b5d6:-440;h8f7:-434;h8g6:-434;a7b7:-429;a7a8:-414;h6f5:-414;b5d4:-412;c8d7:-393
bkr2q2/3pb1r1/1Pp3np/pQ2pppB/4n3/P3P3/1PNP1PPP/BK1R2RN w - - 0 16,opening,b5a6,825,b5a6:825;b5a5:560;b5a4:234;b5c4:106;b5d3:102;b5b3:91;b5e2:67;b5f1:64
r1n1nrq1/n1pkp1p1/1p3pn1/p6p/PP1pPP2/6PP/NKPP3Q/RN2NR1N b - - 0 15,opening,a5b4,-194,a5b4:-194;e8d6:-179;c8d6:-163;e7e5:-128;c7c5:-121;b6b5:-106;c7c6:-89;d7d8:-84
rqb1knbn/ppp1p1pp/3r1p2/3p4/5P2/3PB3/PPP1P1PP/RQ1RKNBN b - - 1 4,opening,b7b6,-96,b7b6:-96;h8g6:-95;f8g6:-90;h7h5:-75;a7a5:-73;d6d8:-69;h7h6:-49;g8f7:-49
rb3bbk/3p2pp/pb3pq1/1p2p3/3p1P1P/2r3PK/PP2P3/RBRBQBB1 w - - 0 10,opening,b1g6,419,b1g6:419;b2c3:109;c1c3:71;g1d4:-91;e1c3:-143;e2e3:-181;d1b3:-197;f4e5:-207
brb2r1n/2B4k/1p2nppp/p1pp3q/P3N3/BP4PP/2PP1P1K/2RNQR2 b - - 4 18,opening,e6c7,-501,e6c7:-501;e6d4:-473;e6g5:-345;h5f3:-301;e6g7:-276;e6d8:-273;d5e4:-253;e6f4:-231
2krn1nn/prpppppn/1p5p/8/8/P1PP2N1/1PK1PPqP/QR1RN1NN w - - 3 8,opening,e1g2,710,e1g2:710;e1f3:-53;g1f3:-105;b2b4:-267;a3a4:-272;d3d4:-285;c3c4:-288;h2h4:-294
nkrbqbnr/p1pp1p1p/8/1p2N1p1/8/2P5/PP1PPPPP/NKRBQB1R w - - 0 4,opening,e5f3,178,e5f3:178;d2d4:171;e5d3:136;f2f4:103;e2e4:15;e5d7:1;e5g4:-13;a2a4:-76
rb1bn1nr/p1p2kp1/1p3p1p/1P1pp3/P3P3/q2N4/B1PPNPPP/R1QB1KR1 b - - 4 10,opening,a3c1,520,a3c1:520;a3d6:540;a3f8:540;a3e7:552;a3a2:590;a3d3:712;g8e7:769;c7c6:785
knr1r1qn/p1p2pp1/n3n2p/1P1pp3/6NP/1P1PN3/P2NPPP1/1KR1R1QN b - - 0 12,opening,a6b4,128,a6b4:128;f7f5:208;e6d4:208;a6c5:225;h6h5:230;d5d4:281;f7f6:283;h8g6:289
bk2r2r/p1pb3p/1pP1p3/1P1R1pp1/5P1P/1P4q1/PB2P1P1/1KBQ2RB w - - 0 21,opening,d5d7,777,d5d7:777;d5d3:723;d5d6:665;d5d2:660;d5d4:647;c6d7:643;b2h8:566;d5e5:562
r1q2brk/1pp1pp2/2bp2pp/B7/1PPP1n1P/2Rn1N2/4PPP1/1NQ2BRK w - - 5 14,opening,e2d3,0,e2d3:0;c1e3:-75;c3d3:-254;c1d2:-467;c1c2:-503;c1a3:-533;d4d5:-590;f3g5:-641
1n2rnqn/2k2ppp/r1Npp3/1p6/6PP/4Q3/PP1PPP2/1RNKR2N b - - 13 22,opening,b8c6,-226,b8c6:-226;c7c6:-158;a6c6:-140;a6b6:236;f8d7:238;c7b7:250;h8g6:294;f8g6:297
bbqrknrn/ppp4p/3p2p1/4pp2/3P4/P1PR4/1P2PPPP/BBQ1KNRN b - - 1 5,opening,c7c5,-93,c7c5:-93;b7b5:-93;f8e6:-84;h8f7:-74;e5e4:-66;b7b6:-36;f8d7:-9;h7h5:-5
qnn3rr/2kp1ppp/pppnp1n1/8/5P1N/N1PN2PP/PP1PP3/Q2K1NRR b - - 0 8,opening,g6h4,-123,g6h4:-123;d6e4:-54;f7f6:-49;c6c5:-48;a6a5:-47;g8e8:-41;g6e7:-40;a8b7:-18
k1rq1rbb/ppppppp1/2B1n3/7p/1n3PP1/4Q3/PPPPP2P/KNRN1RB1 w - - 4 7,opening,e3a7,99999,e3a7:99999;c6b7:452;c6g2:221;c6h1:210;c6d7:152;c6f3:128;c6e4:109;c6a4:105
qbrrnk1b/3pQppp/ppp2n2/8/P1P1B3/5NP1/1P1PPPKP/1BRRN3 b - - 0 9,opening,f8e7,-634,f8e7:-634;f8g8:99997
bbb1qbrr/1pkp2pp/2p1p3/p4p2/6P1/PP5P/2PPPPR1/BBBKQB1R w - - 1 6,opening,f2f3,148,f2f3:148;g4f5:146;c2c4:139;h1g1:115;f2f4:103;d2d4:96;d2d3:93;h3h4:93
k1rbq1nr/pppp1p1p/1n2p3/4Q1p1/7b/3P3N/PPP1PPPP/NKRB1B1R w - - 0 7,opening,e5h8,164,e5h8:164;g2g3:94;c2c4:90;e2e3:74;a1b3:36;e2e4:19;c2c3:3;a2a3:-14
1nqbb1k1/r1p4p/p2p1rn1/1p1P2p1/1P2pp1P/N1P1QP2/P3P1P1/2RBR1KN b - - 0 17,opening,f4e3,-802,f4e3:-802;c7c5:-493;b8c6:-440;f6f7:-411;a7b7:-405;a7a8:-399;c8b7:-393;g6h4:-362
1b1brkbr/qpp3pp/3p2B1/p3p3/3PP3/5P2/PP2B2B/1QB2bKR w - - 1 14,opening,g1f1,-391,g1f1:-391;e2f1:-434;h2e5:-441;g6e8:-493;c1e3:-500;h2g3:-504;g1f2:-516;g6h5:-545
3rkn1r/4p2p/1Pqb1pp1/pbp2n2/1PPpP1N1/3P3N/2QR1PPP/1BB1K1R1 b - - 3 15,opening,b5a4,257,b5a4:257;f5g7:276;c5b4:284;b5a6:284;f5h4:300;a5b4:327;c6b6:329;c6c8:343
rb2kbr1/pp1bpbpp/q4PB1/2pp4/2B2PPB/1PPP3P/5K1R/1RBQ4 b - - 0 18,opening,d5c4,-278,d5c4:-278;a6d6:-245;a6c6:-191;a6e6:-177;a6a2:21;d7b5:188;a6b6:198;a6a5:363
rb1bq1bk/2r1p2p/3p2pb/p1p2p2/B2P4/1Q2P1PP/PPP2P1B/RBRB1K2 w - - 2 13,opening,a4e8,327,a4e8:327;c2c4:126;d4d5:115;d1f3:97;d4c5:58;d1e2:48;b3b8:2;f2f4:-35
br1k1bb1/1pr3q1/2p2pbp/3pp3/1P1B1P2/P2P2P1/2P1P3/BRRKBB1Q b - - 1 13,opening,e5d4,137,e5d4:137;g6e4:249;c6c5:275;c7e7:275;f8d6:304;g6f5:372;b7b6:390;g8e6:397
r1nkr1nn/3np3/p1p5/6pN/Pp3qpp/3PpPN1/RPPN2NP/2K1R1Q1 w - - 1 20,opening,g2f4,413,g2f4:413;h5f4:403;g2e3:-51;g1e3:-170;c1b1:-189;d2b3:-195;d2c4:-220;e1e3:-232
rknr1b2/1q5p/1pb2ppn/p3pPB1/3NP2N/8/P1PP2PP/RKR2B1Q w - - 3 17,opening,g5f6,-232,g5f6:-232;d4e6:-333;d4c6:-359;g5h6:-361;h4f3:-430;f1a6:-450;a2a3:-494;g5e3:-496
rbqb2nr/pppp1kp1/4pp1p/8/4P1nP/1P6/PQPP1PP1/RBNBK1NR b - - 0 7,opening,h6h5,-57,h6h5:-57;f6f5:49;g4e5:147;g4f2:204;d7d5:225;c7c6:339;g7g5:369;c7c5:378
rbb2b2/3pk1p1/p2p3r/4p1PQ/q3P1B1/p7/2bP1P2/RB3KBR w - - 1 17,midgame,g5h6,308,g5h6:308;b1c2:-378;h5h6:-413;h1h3:-513;h5f7:-517;b1a2:-520;h5e8:-525;a1a3:-525
1n2br1k/2qp1p1p/2pNp1p1/2P1P3/p3KrPn/3P4/P1P2R1P/R1QBB2N w - - 0 21,opening,c1f4,620,c1f4:620;e4f4:619;f2f4:533;e4e3:408
r3q2r/1B2k2p/1p1pNp2/pR2p1p1/8/b1PpPPPP/1P2P1B1/2B1K2R w - - 0 22,opening,e6c7,246,e6c7:246;b5b6:158;b5b3:132;c3c4:-39;b5d5:-118;b7a8:-175;f3f4:-228;e6d4:-239
bk1q1rr1/1p2pn2/2pp2pN/p7/PPQP1PPP/K7/1P2P1R1/BN5R w - - 2 22,opening,h6f7,452,h6f7:452;h6g8:399;b4a5:277;e2e3:250;b2b3:243;g4g5:231;e2e4:226;h1f1:216
nnnknrqr/1ppp1pp1/4p2p/p7/3P3P/1N6/PPP1PPP1/NN1KNRQR w - - 0 4,opening,b3a5,141,b3a5:141;e2e4:63;b3c5:46;f2f3:46;c2c4:46;f2f4:38;d1c1:31;b1c3:30
1nr1knrn/2npp1pp/p4Q2/qpp5/2P2P2/1P6/P2P1PPP/NNR1KNRN b - - 1 9,opening,g7f6,-737,g7f6:-737;e7f6:-688;a5a2:-387;g7g5:-185;b8c6:-177;b5b4:-158;h8f7:-156;e8d8:-131
b5rb/bp2prp1/p3pk1p/P1p2p2/1QRP2B1/3KP3/1B3Pq1/5R1B b - - 1 19,opening,g2f1,-732,g2f1:-732;c5b4:-306;g8d8:-144;g2e4:-97;g2d5:-64;f6g6:-22;f6g5:88;e6e5:121
1nkr4/1p2rnpp/2p1p2n/p1p2N2/P2P1PP1/1Pn5/3KP2P/1N1RRQN1 b - - 0 15,opening,c3b1,206,c3b1:206;c3e4:237;e6f5:341;h6f5:449;e7d7:460;e7c7:490;e7e8:494;d8d4:533
r2k1rn1/1p2p3/3N1bp1/p2p1b2/nPPP3p/5BqN/P1Q1PP1P/R3K1R1 b - - 7 21,opening,g3g1,-529,g3g1:-529;g3d6:-522;g3f3:-513;e7d6:-473;f5c2:-380;g3f2:-267;g3h3:-249;f6d4:-211
b1kq3Q/3p1n1b/2p1pp1p/p3Pp2/1rN5/p2P3P/1PP2P1B/BR1K1R1N b - - 0 23,opening,d8h8,-269,d8h8:-269;f7h8:-250;h7g8:464;c6c5:473;a3a2:473;f7g5:502;h7g6:529;b4c4:535
qbrrnknb/1pppp1pp/p7/8/1P4p1/2P5/P2PPPKP/QBRRN1NB b - - 0 4,opening,b7b6,-148,b7b6:-148;g7g6:-139;c7c5:-127;g8h6:-104;b7b5:-98;e7e6:-86;g8f6:-73;e8f6:-71
1qrk1nnr/3bp1pp/p4p2/1p1p4/1p1PNP2/2K1N2b/P1P1PBPP/QRB3R1 w - - 0 16,opening,c3d2,-240,c3d2:-240;c3b4:-300;c3b3:-337;c3b2:-339;c3d3:-497
b2b1bb1/kr2p3/1pp2ppr/p6p/q1PpP2P/PP1P1PP1/1B2B3/K1R1QBBR w - - 2 18,opening,b3a4,602,b3a4:602;e2d1:592;e1d1:565;a1a2:554;g1d4:514;h1h2:442;e4e5:440;g3g4:409
2rk1bnr/pp1qpp1p/B3b3/2pp2p1/6P1/4P2P/PPPP1P1N/RNBKQ2R b - - 0 8,opening,b7a6,-118,b7a6:-118;c5c4:0;h7h5:249;d8e8:258;f8g7:259;d5d4:264;g8f6:271;d8c7:303
k3rr2/7p/pp2b1p1/N1ppq3/1PNnP3/1b2B2P/1RPP2PQ/K3R1B1 b - - 3 21,opening,d4c2,206,d4c2:206;e5b8:426;e5h2:514;f8f1:570;d5c4:575;f8f2:599;b3c4:611;e6g4:626
2nknr1r/p2np2q/1ppp2pp/N1Nn4/2P2p1P/P3PPP1/1PNP3Q/1NK1R2R b - - 2 14,opening,d7c5,61,d7c5:61;b6c5:210;d6c5:236;d7e5:373;d7f6:440;e7e5:444;h7f7:462;e8f6:472
1k1rbqrb/2pbpp1R/6P1/1p6/Pp1b1P2/4Q1P1/K1PP4/1BBRB3 b - - 2 20,opening,d4e3,-721,d4e3:-721;d7e6:-646;g8g6:-623;e7e5:-622;d7c6:-604;h8g7:-602;d7f5:-590;b5a4:-587
r1b2b1r/2p1p3/n1Pk3n/1p1B1ppp/Qp4P1/4q2P/P2PPP2/R1B2KNR b - - 2 23,opening,b5a4,-578,b5a4:-578;e3f2:-513;e3d4:-492;e3c5:-473;e3e5:-464;f8g7:-429;h5g4:-424;e3e2:-371
rbbrbbkq/3ppppp/3Q4/p1p5/1p3PPB/7B/PPPPP2P/RBBR2K1 b - - 3 7,opening,b8d6,-635,b8d6:-635;e7d6:-401;h7h5:-283;c8a6:-220;g7g6:-216;c8b7:-209;g7g5:-190;c5c4:-124
n2r2nr/pk3p2/2pp3p/PP4p1/1b2pN2/4b1P1/K2QPPRP/2RB1B2 b - - 1 22,opening,e3d2,-407,e3d2:-407;b4d2:-248;b4a5:537;g5f4:567;e3c5:572;b7b8:574;c6c5:579;c6b5:634
n2r2q1/p2p1p1r/Npkn1np1/4pP1p/2P1P3/NP1P1NPP/P7/Q2KNR1R w - - 0 18,opening,f5g6,697,f5g6:697;a1e5:666;a6b4:620;f3e5:597;d1c1:592;e1c2:584;f3g5:575;a3c2:574
rn1kr1qn/p1ppp1pp/3n1p2/1p6/n2P4/NP1N2N1/P1P1PPPP/1R1KNRQ1 w - - 4 7,opening,b3a4,161,b3a4:161;d1d2:10;b1a1:0;b1c1:0;d1c1:-41;f2f4:-76;f2f3:-114;e2e4:-120
bQ3r1r/1pq4p/1k3Pp1/1p1pp3/2PP2PP/1K3P2/1P1b4/B1bB2BR b - - 0 22,opening,c7c4,-99998,c7c4:-99998;b5c4:-681;f8b8:-654;d5c4:-621;c7b8:-590;c7c6:-282;e5e4:-212;d2e3:-207
rnb1kb1r/1p1pp1p1/1q5p/p1p2p2/3PnP2/4K2P/PPP1P1P1/R1BQ1BNR w - - 0 8,opening,g2g4,-582,g2g4:-582;e3f3:-585;c2c3:-600;c2c4:-608;d4d5:-614;g2g3:-623;g1f3:-626;a2a3:-662
bkr3br/pp1q2p1/2pb1p2/6bp/P1Bp3P/1P2pQP1/1KP2P1R/B1RB2B1 b - - 1 21,opening,e3f2,-462,e3f2:-462;e3e2:-379;g5h6:-315;b7b5:-279;d6a3:-278;g8c4:-254;c6c5:-244;g8d5:-212
nn1r1nkr/p1qpp1n1/6p1/1Pp4p/5pNP/3N1PP1/PP1PPK1R/NNQR4 w - - 2 12,opening,g4e5,-125,g4e5:-125;g3f4:-146;d3f4:-183;g4h6:-185;c1c4:-199;g4f6:-223;d1g1:-252;h2g2:-299
r1qbbrkn/1p1pppp1/p6p/B1pP4/1n2PP2/6N1/PPP1B1PP/RNQ2RK1 b - - 2 8,opening,d8a5,-99,d8a5:-99;b7b6:107;b4d3:185;b4c6:250;e7e5:367;h6h5:379;h8g6:391;f7f5:393
b1qbkrrb/3pp1pp/1p3p2/2p5/p1P4P/1P2P1b1/PB1P1PP1/1BQBKRRB b - - 0 7,opening,g7g6,204,g7g6:204;g3h2:217;f6f5:218;e7e6:268;a4a3:270;d8c7:275;a4b3:299;c8b8:300
1qb2n1r/b1pr1k1p/1p1pp1p1/pP3N2/P3pP1Q/8/2PP2PP/1BBR1KNR w - - 0 14,opening,f5e3,509,f5e3:509;f5h6:498;f5d4:498;f5g3:470;c1b2:305;d2d3:292;b1a2:271;f5g7:257
5bkr/4pp1p/2pr1n1p/pp1pP3/P4P2/1P5R/2RP2P1/1QBN2K1 b - - 1 22,midgame,d5d4,746,d5d4:746;d6e6:760;f8g7:775;d6d8:785;b5b4:786;f6e8:786;f6g4:801;d6d7:804
q1b1rkbr/b1b1p1p1/1pppB3/p6p/8/3PP1P1/PPP2P1P/QBBR1KBR b - - 2 8,opening,g8e6,-499,g8e6:-499;c8e6:-448;c6c5:-323;h5h4:-322;d6d5:-264;b6b5:-243;a5a4:-239;e8d8:-216
brqkrb1b/1pppp1pp/5p2/p5P1/5P2/8/bPPPP2P/BRQKRBBB b - - 0 4,opening,a2b1,-183,a2b1:-183;g7g6:-182;b7b6:-174;f6g5:-165;b7b5:-165;e7e5:-143;c7c5:-123;a5a4:-120
b4brr/ppk4p/2bbppp1/1q1p2B1/1PPp4/P1B1P2P/3Q1PP1/1B1K1BRR b - - 2 13,opening,b5a4,-377,b5a4:-377;d4c3:-308;d5c4:-241;b5a6:-45;b5c4:184;b5a5:230;d4e3:284;d6b4:319
r2n1krn/p2p1p2/1q1n2pp/1pp2p2/1PP4P/3P1PP1/P3P1K1/RQNNNR2 w - - 0 12,opening,c1b3,185,c1b3:185;d1e3:164;d3d4:148;b4c5:120;d1c3:118;c4b5:117;e1c2:106;e2e4:90
1qb4r/2p2nk1/p3r3/Pp3p1P/4NP2/2P1P1pR/1P1P1B2/2BR1K2 w - - 0 22,midgame,h3g3,-317,h3g3:-317;e4g3:-367;b2b3:-430;e4g5:-439;e4c5:-443;b2b4:-462;c3c4:-466;d2d3:-482
rqb2r1b/ppkp2pp/3n4/2p2p2/3Np1nP/PPP4N/2KPPPP1/RQB1R2B b - - 3 9,opening,c5d4,-362,c5d4:-362;b7b6:-286;g7g5:-260;b7b5:-258;g7g6:-247;c7d8:-244;g4e5:-238;g4f6:-229
knnr1brb/p4ppp/1p1pp3/1qp5/1Q6/N4P1P/PPPPP1P1/K1NR1BRB w - - 0 6,opening,b4b5,649,b4b5:649;b4e4:84;b4g4:26;b4b3:14;a3b5:-14;b4c3:-41;c2c3:-80;b4c4:-88
bk4rr/p1b3bb/1pp2p2/3qp1pp/1PP3P1/P2P1B2/1BQ1PBBP/2K1R2R w - - 2 19,opening,c4d5,578,c4d5:578;f3d5:476;f2b6:336;c2a4:178;h2h3:167;g4h5:148;e2e4:145;c4c5:139
kbq1r1rb/1pp2pp1/p2pp2p/8/P2P1P1b/bP6/K1PQP1P1/1B1BRBRB w - - 0 10,opening,g2g3,162,g2g3:162;a2a3:-59;g2g4:-80;c2c3:-94;e2e3:-94;e2e4:-140;d2a5:-156;d2c3:-164
1kr1r1n1/pq2p2p/1p1p1p2/2p3p1/1PP2nPP/P2PP3/K1R2P2/Q1BR1B1N b - - 0 18,opening,f4e6,389,f4e6:389;g5h4:433;b7f3:434;c5b4:435;f4h3:440;b7h1:443;f4g6:447;e7e5:451
1n1r3k/1q1pp3/1pp1np2/p6p/2P5/P1N2brP/1P1PPP1K/BR2BNR1 w - - 2 13,opening,g1g3,-211,g1g3:-211;f2g3:-234;f1g3:-242;h2g3:-407;b2b4:-530;e2f3:-530;d2d3:-541;c4c5:-566
kn2qnrn/1p1rpppp/p1ppn3/7P/8/4P3/PPPP1PP1/KNR1QNRN b - - 0 7,opening,f7f5,-451,f7f5:-451;c6c5:-448;g7g6:-446;d7d8:-439;e6c7:-426;f7f6:-418;e8d8:-409;d6d5:-408
r1nkbqnb/1rp2p1p/1p2p3/Q2p2p1/4P3/2P4N/PP1P1PPP/RRNKB2B b - - 2 7,opening,b6a5,-596,b6a5:-596;a8a5:-579;b7b8:-462;b7a7:-433;a8a7:-424;e8a4:-386;a8b8:-181;f8h6:-111
n1r1knrn/p1p2p1p/4p3/1p3qp1/3n1P2/1PR5/P2PP1PP/NN1QKNRN w - - 4 10,opening,h1g3,44,h1g3:44;g2g4:31;f4g5:14;f1g3:9;f1e3:0;a1c2:-39;c3d3:-84;h1f2:-86
qkb2rnr/ppb5/3pp1p1/2p4p/B1P2pnP/P1K1P2N/1P1P1PRR/Q1B1N3 b - - 2 15,opening,f4f3,-483,f4f3:-483;b7b5:-459;g4h2:-443;a7a6:-441;f4e3:-440;d6d5:-396;g8e7:-390;e6e5:-375
rnnkrq2/p1ppppp1/6n1/1p3n1p/4P2P/2N5/PPPPRPPN/R1NK1Q1N w - - 6 7,opening,e4f5,393,e4f5:393;c3b5:138;f2f4:123;c1b3:86;e2e1:83;c1d3:72;h2f3:57;h1g3:56
knrn1qrn/pp1p1pp1/4p3/2p4p/5n1P/1P1PN3/PKP1PPP1/1NRNQR1N b - - 2 8,opening,d8c6,-53,d8c6:-53;d7d5:-46;f7f5:-43;h8g6:-41;b8c6:-32;g7g6:-27;f7f6:-19;f4g6:-15
qrbrb3/1ppppbbk/p4p2/4B1pp/3P3P/3RBP2/PPP1P1P1/QRB2B1K w - - 4 8,opening,e5c7,296,e5c7:296;e5h2:106;e5g3:102;d4d5:-23;e3g5:-70;e5f6:-74;e3f4:-111;e3g1:-134
1rbq1knr/p1pp2pp/np3p2/2b1pN2/8/PPP5/3PPPPP/RNBQKB1R w - - 3 9,opening,d2d4,99,d2d4:99;b3b4:92;e2e4:73;d1c2:21;f5g3:20;g2g4:15;f5e3:12;e2e3:0
1k1rrbnn/p1p2ppp/b2p4/1p2p2P/3Pq3/P4P2/1PP1P1P1/QKBRRBNN w - - 1 6,opening,f3e4,695,f3e4:695;c1g5:300;d4d5:239;a1a2:187;h1g3:187;b2b4:184;b2b3:167;h1f2:151
1r1nnqrn/1p3pp1/p2nk2p/2ppp3/PP1PNP2/6P1/1NPKPQ1P/NRN3R1 w - - 1 12,opening,e4c5,376,e4c5:376;f4f5:110;e4d6:-26;e4c3:-304;f2f3:-322;d2e1:-345;f2g2:-365;e4g5:-387
bk1r1bbr/2p1ppp1/q2p4/pp5p/P5PP/2PP1b2/1PKQPP2/B2RBBBR w - - 3 8,opening,a4b5,23,a4b5:23;e2f3:-8;h1h2:-92;h1h3:-127;c3c4:-184;b2b3:-220;f1h3:-260;d1c1:-262
nnk3rq/3r3n/5ppp/1PN1p3/P3p3/1P1NNP1P/1KnP2P1/3R2RQ w - - 0 23,opening,f3e4,328,f3e4:328;c5d7:249;e3c2:249;b2c2:249;d3f2:230;c5e4:195;d3c1:179;d3e5:171
qnk2rnr/pn1ppp2/2p1n1pp/1p6/8/NPN2N2/P1PPPPPP/2QK1RNR b - - 5 8,opening,b5b4,-262,b5b4:-262;d7d5:-131;d7d6:-124;g8f6:-120;a7a5:-105;b7d6:-104;g6g5:-103;e6c7:-100
3rkqr1/4ppp1/pn1p2np/1pp2P1Q/7R/3N1P1P/n1P1PN2/N1RNK3 w - - 2 18,opening,f5g6,171,f5g6:171;c1b1:-53;h4e4:-191;h4g4:-192;a1b3:-235;d3c5:-236;c2c3:-254;d1e3:-285
r2Bbr2/pq5k/R1pp2pn/Bp3P1p/3P1P2/6Nb/PPP3PP/RQ1N1K2 w - - 2 21,opening,d1e3,161,d1e3:161;g2h3:157;d1f2:156;a5c7:127;f1g1:108;f5f6:88;b2b4:82;f5g6:58
rbkbB1r1/1pp1b3/8/p4ppP/P1p1BP1P/1P6/3qPR2/R1KBBQ2 w - - 0 16,opening,e1d2,668,e1d2:668;c1d2:529;c1b1:-791
krb2r2/1p2ppq1/pBp3nn/3p2pp/6P1/1PPPP1N1/P4P1P/1RKBNRQ1 w - - 3 13,opening,b6d4,467,b6d4:467;c1b2:385;d3d4:381;g4h5:356;c1c2:356;g3e2:334;c1d2:321;b1b2:315
bnrqkbnr/p1pppp2/1p5p/6p1/7P/5P1R/PPPPP1P1/BNRQKBN1 w - - 0 4,opening,b2b3,167,b2b3:167;b2b4:141;h4g5:56;b1c3:36;e2e4:31;e2e3:30;c2c4:27;b1a3:23
rn1rk1nn/3pn3/p3p2p/QPpq1pp1/4PP1P/1P3N2/P4KP1/R1R3NN b - - 4 21,opening,f5e4,-361,f5e4:-361;d5d3:-286;d5e4:-267;d5d6:-259;d5b7:-235;a6b5:-101;b8c6:-4;e7c6:157
1krbq1nr/pp1p2bp/1np2p2/2Q1p1p1/3P4/4P1PB/PPP2P1P/NKRB2NR b - - 1 7,opening,h7h5,-223,h7h5:-223;f6f5:-215;g8h6:-177;d8c7:-172;e5d4:-166;c8c7:-162;a7a6:-145;h7h6:-144
rb1r1bkq/pQ3b1p/4p2B/5pp1/BPpP2bP/2P1P3/P2B4/RBR3K1 w - - 1 18,opening,h6g5,86,h6g5:86;h6f8:-143;a4d1:-228;e3e4:-259;h4g5:-262;b1f5:-266;g1h1:-277;b7a8:-280
nrnnkq1n/1ppp1prp/p7/4P1p1/6P1/P1N5/1PPPP2P/NRN1KQRN b - - 0 5,opening,d8c6,235,d8c6:235;f7f6:240;a8b6:250;d8e6:251;h8g6:251;d7d6:266;g7g6:273;c7c5:296
k1nqnrr1/2p2ppp/p2pp1n1/1p4P1/PP5P/n2P4/2P1PP2/K1NQNRRN w - - 0 12,opening,c2c3,-209,c2c3:-209;h4h5:-219;c1a2:-223;a1a2:-283;a1b2:-296;h1g3:-296;e1f3:-298;c2c4:-343
b4k2/brp2P2/3pb2p/prP1p3/4P2P/PP6/1R1P2K1/B1BRb2B w - - 5 23,midgame,d1e1,-115,d1e1:-115;a3a4:-131;c5c6:-139;d2d4:-191;b3b4:-235;h4h5:-262;g2h2:-272;d2d3:-273
brrkbbb1/1pp1qp1p/3p2p1/4p3/4RP2/2PPP2P/P2B2P1/B1RKBB1Q b - - 1 11,opening,b7b6,-223,b7b6:-223;f7f5:-220;b7b5:-209;f7f6:-189;h7h6:-139;e8d7:-133;e7e6:-128;h7h5:-113
brqkr1bB/pppp1p1p/6p1/8/2P2p2/8/PbKPP1PP/BRQ1RB1B w - - 0 7,opening,c1b2,597,c1b2:597;h8f6:548;b1b2:541;h8b2:538;a1b2:520;c2b2:461;c1d1:335;e2e3:166
nbbk4/1p1p2rp/1np3r1/pP2pPp1/Pq1PN3/1N3P1P/6P1/1B1K1RRQ b - - 4 23,opening,b4b3,-589,b4b3:-589;e5d4:-508;b6a4:-472;b6d5:-468;b6c4:-468;g6d6:-450;a8c7:-445;c6b5:-433
b1kbrrbb/1p1pp1p1/7p/p1p2p2/3P1q1P/1P2P3/P1P2PP1/BQKBRRBB w - - 0 6,opening,e3f4,577,e3f4:577;g2g4:150;g2g3:127;d1f3:88;d4c5:67;f2f3:37;b3b4:-84;h4h5:-149
1kq1nr1r/2pp2p1/p1n1ppn1/1P4Np/3N1PP1/1P2P3/P2P2RP/K3QR1N w - - 6 20,opening,b5c6,290,b5c6:290;g5e6:209;d4c6:122;g5f3:73;g5e4:73;d4c2:7;g4h5:-8;f4f5:-27
n2rnnk1/3n3p/pp1p1q2/3rppp1/4PPN1/P1PPN1P1/1P5P/1R1RN1KQ b - - 2 14,opening,f5g4,25,f5g4:25;d5c5:486;d5b5:504;d5a5:504;f6g6:513;f6e6:513;f5e4:568;e5f4:570
n1r1k3/6r1/1nqp4/1N1pp1Pp/4P3/P2P4/1P4PP/NR3KBR w - - 1 22,midgame,b5c3,-552,b5c3:-552;a3a4:-572;b5d4:-574;b5d6:-616;b5a7:-632;f1e2:-676;b5c7:-688;g1b6:-701
2nrq2k/p1n1pp1n/1p6/2pp1p2/3NNP2/PP1PP2P/2P3r1/N3RNRK w - - 2 17,opening,g1g2,-467,g1g2:-467;h1g2:-553;f1g3:-673;f1h2:-684;e4g5:-709;f1d2:-743;d4f5:-753;e4c5:-786
rbqb1k1r/2pppppp/3n1n2/pp6/8/P3PB1N/1PPP1PPP/RBQ1NK1R w - - 0 5,opening,f3a8,224,f3a8:224;e3e4:93;a3a4:89;c2c4:82;g2g3:32;b2b3:30;g2g4:19;d2d4:19
knrbnrbq/1ppp2p1/p7/3Qpp1p/2P3P1/8/PP1PPP1P/KNRBNRB1 w - - 0 5,opening,d5e5,-92,d5e5:-92;d5g2:-108;d5c5:-147;d5a5:-178;d5d3:-194;d5h1:-198;d5f3:-203;g4f5:-507
nq2k1b1/ppp1p1p1/3rn2r/3p1N1p/8/PN2PP1b/1PPP1KPP/Q1BR2BR b - - 0 8,opening,h3f5,-190,h3f5:-190;b8c8:-44;h6f6:-26;g8h7:-7;e6g5:1;d5d4:120;h6g6:130;h3g2:147
n3rr2/ppkqppp1/n1p3n1/1n5Q/N2pP2P/1PPP1PP1/PK1N4/2N1R1RN w - - 0 18,opening,c3c4,61,c3c4:61;h1f2:13;h5g5:0;d2b1:-16;c1e2:-19;h5g4:-33;d2c4:-42;g1f1:-50
1bq2rrn/2kp3p/1p2pn2/pPp3p1/4b3/P1PP2NP/2Q1PPP1/1B1KNRR1 w - - 0 10,opening,g3e4,-30,g3e4:-30;d3e4:-90;h3h4:-410;f2f4:-434;g3h5:-449;e1f3:-456;c2d2:-466;c3c4:-475
2rnnrn1/p1pp2k1/5p2/nN1Np1pp/4P1P1/PqP2P1P/3P4/NR2KR1Q b - - 2 19,opening,b3b1,-700,b3b1:-700;b3a2:-379;b3c4:-308;b3a4:152;c8b8:203;b3d5:228;b3b5:255;c7c6:339
nk1r2rb/1bp1p1pp/p4p2/3pP1P1/P2P2q1/1p5P/1PP3P1/NKBR1NRB b - - 0 14,opening,b3c2,-594,b3c2:-594;g4d1:-581;g4h5:-448;g4c8:-418;g4e2:-393;g4d7:-374;g4e6:-373;g4h4:-363
rrqnk1nb/p2p1ppp/2p5/1p6/Pb2p1P1/2PPP2N/1P1K1P1P/RRQN1B1B w - - 0 8,opening,c3b4,375,c3b4:375;a4b5:259;d3d4:252;h1e4:228;d3e4:195;c1c2:161;d2e1:156;f2f4:147
rb1r2kb/2qppppp/2p1n3/Pp6/4PQ2/1NNP1P2/P1P3PP/RBR3KB b - - 1 10,opening,c7f4,-733,c7f4:-733;b8a7:-724;c7a7:-712;e6f4:-679;c7a5:-252;c7c8:-128;d7d6:-76;g7g6:-30
rknrbb2/p1p2p2/1p2p2n/3p2pp/P2q1P2/R2NP2N/1PPPB1PP/1K1RB1Q1 b - - 1 12,opening,d4h8,-130,d4h8:-130;d4g7:80;d4e4:129;d4c4:131;d4f6:313;d4a4:522;g5g4:530;f8a3:541
bbr1kn1n/3p3R/3p2r1/2q1PpP1/pp2P1P1/1P3P2/P1PK4/BBQR1N2 b - - 0 19,opening,c5f2,-1027,c5f2:-1027;f8h7:-468;f5e4:-444;f5f4:-419;d6e5:-395;f5g4:-371;h8f7:-362;g6h6:-337
kn1rbrnb/1pp1pppp/p6Q/3p4/3P4/1P1q1N2/P1P1PPPP/KN1RBR1B w - - 1 5,opening,h6c1,56,h6c1:56;h6d2:14;d1d3:4;e2d3:-15;h6d6:-41;c2d3:-43;d1d2:-60;h6g7:-142
3r1bk1/1rppp3/2n3pp/Np3pP1/2b1PP2/3P3P/2n2Q2/RR3B1K b - - 0 23,midgame,c2a1,408,c2a1:408;c6a5:409;b7b8:421;b7b6:443;f5e4:452;c4b3:480;b7a7:485;c6b4:488
rqbknrnb/pp1ppp1p/2p3p1/8/PP6/5N1P/1BPPPPP1/RQ1K1RNB b - - 1 7,opening,e7e5,35,e7e5:35;h8b2:44;f7f6:45;h8g7:59;g8f6:60;g8h6:68;h8f6:89;e8g7:103
rbrbq1bk/ppp1pp2/3p1bpp/8/2P2P2/6P1/PPRPP1BP/RB1BQ1BK b - - 0 6,opening,c7c6,62,c7c6:62;c7c5:210;e7e5:255;d6d5:256;a7a6:323;a7a5:339;g8h7:377;h8g7:377
3rnrkq/2pn2p1/3p1p2/pp2P2p/3P3P/1n4PN/P1P1nR2/NNRQ1K2 b - - 1 20,opening,b3c1,-503,b3c1:-503;e2g3:-491;b3d4:-477;d6e5:-370;f6e5:-352;h8h7:-349;e2c1:-340;b3a1:-281
br1brbk1/2p1ppb1/pp1pB1B1/6pp/8/1P1PP1P1/P4P1P/1RQBB1K1 b - - 0 14,opening,f7e6,597,f7e6:597;g8h8:662;h5h4:691;c7c5:709;g7h6:710;g7a1:735;a6a5:746;g5g4:748
n1nr1rkq/p1pppppp/n4n2/1p6/1N5P/1PP5/P2PPPP1/NN1RNRKQ b - - 0 5,opening,a6b4,32,a6b4:32;a6b8:60;a6c5:75;h7h5:364;f6e4:373;c7c5:395;f6g4:400;e7e5:420
bk2bqr1/Qb1rp1b1/6p1/2pp1p1p/1P3P1P/B1BPP3/P1P2BP1/1KR3RB b - - 1 15,opening,b8a7,-366,b8a7:-366;b8c8:367;b8c7:445
1nkqrn2/2p1p1rp/pp1p2pb/3P1p1P/Q2P1P2/P7/1PP3P1/BNK1RNRB b - - 0 11,opening,h6f4,214,h6f4:214;e7e5:232;g6h5:237;g6g5:250;e7e6:253;b6b5:283;f8d7:310;g7g8:362
rk1brbbb/p1p1pppp/3p4/1p6/4P3/P2P4/1PPQ1PPq/RK1BRBBB b - - 0 5,opening,h2h1,-17,h2h1:-17;h2h6:155;h2g1:170;h2h4:203;h2e5:442;e7e5:605;g7g5:620;h2f4:632
1r1bqrnk/2pbp3/5p2/pp1p1P1p/P5p1/3PP1PP/1Pn1B3/RNBQ1RNK w - - 0 15,opening,d1c2,252,d1c2:252;e2g4:-65;h3g4:-139;a1a2:-153;a1a3:-249;a4b5:-258;b1c3:-262;e3e4:-263
rBk3nq/2pp1r2/6b1/1p4pp/1PPPBpP1/5PnP/P3PN2/RK3RNQ b - - 1 18,opening,g6e4,-532,g6e4:-532;g3h1:-530;g3f1:-458;a8a4:-433;d7d5:-372;b5c4:-338;a8b8:-338;h8d4:-328
1bqbnknr/2ppp1p1/1p1r1p1p/p7/B7/P1PN3P/1P1PPPP1/RBQ1K1NR w - - 2 8,opening,d3f4,340,d3f4:340;e2e4:166;c1d1:152;b2b4:151;c3c4:149;c1c2:140;g1f3:137;h3h4:135
qbrr2kb/pppp1ppp/3n1n2/4p3/7P/3N1P2/PPPPP1P1/QBR1RKNB w - - 0 5,opening,e2e4,-130,e2e4:-130;g2g4:-131;e2e3:-138;c2c4:-139;d3f2:-152;c2c3:-173;d3e5:-176;g2g3:-189
rq3brk/pp1b3p/1b1pppp1/2p1P2b/2P5/5P1P/PP1PBBPK/RQBBR3 b - - 1 10,opening,g6g5,24,g6g5:24;d6e5:36;f8g7:40;f8e7:49;f6f5:50;b6c7:70;b8d8:70;b8c7:76
krnnbrb1/1pp1pppq/3p4/p6p/4Q1P1/2PP4/PP2PP1P/KRNNBRB1 b - - 0 5,opening,h7e4,-211,h7e4:-211;f7f5:-197;h5g4:-154;e8d7:-120;g7g6:-97;f7f6:-70;e8c6:-66;e7e5:-54
qn1k1nr1/ppppnprp/4p3/6p1/2PnN1P1/4PN2/PP1P1P1P/1QNK1NRR b - - 9 9,opening,d4f3,-397,d4f3:-397;f7f5:129;d4c6:157;d7d5:195;h7h5:285;c7c5:321;d4f5:327;b7b5:351
bkrr1bbb/ppp1pqpp/3p1p2/8/3P1P2/8/PPP1PQPP/BKRR1BBB w - - 1 4,opening,d4d5,131,d4d5:131;c2c4:55;b2b3:23;c2c3:-390;a2a4:-99999;a2a3:-99999;e2e3:-99999;g2g3:-99999
n1nrq1rk/ppn2p1p/2p3p1/3ppP2/5Nn1/2P5/PP1PP1NP/1N1RQR1K w - e6 0 14,opening,f4d3,-433,f4d3:-433;f5e6:-441;h2h3:-466;f4h3:-467;e1h4:-468;e1g3:-488;f5g6:-499;f4g6:-503
qbkr2rn/pp3pp1/B1pp4/4p1bp/nPP5/1Q1P4/P1K2PPP/1BR1N1RN w - - 4 11,opening,b3a4,-141,b3a4:-141;f2f4:-203;e1f3:-208;c2d1:-257;a6b7:-262;d3d4:-278;c4c5:-278;h2h4:-278
1bbrknnr/q1p2p2/p1P4p/4p3/1PBP1p1P/4pNP1/P3RPR1/Q1B2K2 b - - 1 23,opening,e5e4,-179,e5e4:-179;c8g4:-135;c8h3:-113;g8e7:-108;e5d4:-81;f7f6:-63;d8d4:-54;a7b6:-50
b1kbrnrn/ppq1p2p/6p1/2pp1p2/3P3P/2P5/PPBNPPP1/BQK1R1RN w - - 0 6,opening,d4c5,-1,d4c5:-1;c2a4:-29;g2g4:-73;h4h5:-99;e2e3:-106;g2g3:-107;b2b3:-109;e1d1:-113
brqbr1kb/ppp1pp1p/3p2pb/5B2/4P3/7P/PPPP1PP1/BRQ1RBKB b - - 3 4,opening,g6f5,-317,g6f5:-317;e7e6:-163;h6d2:177;c8f5:473;c7c5:475;h8c3:489;b7b5:514;h8d4:515
r3br2/1pkp1p1p/4n3/p1pK2Nn/1P3q2/P5B1/B1P3PP/2R1N2Q w - - 2 23,midgame,g3f4,88,g3f4:88;g5e4:-666;g5h7:-99998;g5e6:-99998;h2h3:-99999;g5f7:-99999;c2c3:-99999;b4b5:-99999
bkrrqb1b/p3p2p/8/2pp1pp1/1p1PP3/1P3P1P/K1P3P1/B1RRQBBB w - - 0 8,opening,d4c5,400,d4c5:400;e4e5:326;g2g3:312;e4f5:310;g2g4:297;f3f4:297;h3h4:279;a1b2:254
rbk2rq1/2p2b2/4nppn/1p1ppP1p/pP1P2P1/2B1P3/PKP1N1QP/RB1N1R2 w - - 2 21,opening,f5e6,234,f5e6:234;a2a3:-17;g2h1:-130;d4e5:-131;e2g3:-165;c3d2:-184;f5g6:-184;c3e1:-187
rrnqnkb1/3pp3/p1p5/2N2ppp/p1P1PN2/7P/1bQP1PP1/RR3KBB w - - 0 10,opening,f4g6,124,f4g6:124;b1b2:34;e4e5:-45;e4f5:-83;g2g4:-169;f4h5:-187;a1a4:-202;g1h2:-203
nqn1rrnn/pppkppp1/7p/2N5/3p4/5PN1/PPPPPRPP/1QNKR1N1 b - - 1 5,opening,d7d8,221,d7d8:221;d7c6:408;d7d6:598
rbkn1r1q/1p3pp1/p3p3/2pB2Pp/R2P4/3n1PN1/1PbKP2Q/4BRN1 b - - 1 14,opening,c2a4,-566,c2a4:-566;h5h4:-365;d3e1:-355;e6d5:-289;b8g3:-282;f7f5:-272;d3b4:-266;d3b2:-262
b1brbrbq/2p1pp1p/kp1p4/p5p1/P2P4/4PP1P/1PP3P1/BKBRBRBQ b - - 2 7,opening,f7f5,-237,f7f5:-237;f7f6:-192;e8a4:-190;h8f6:-184;h7h6:-182;h8g7:-175;h7h5:-162;c8e6:-139
b1rbrb1b/1ppppk1p/6p1/p4p1P/2q3P1/3P3B/PPP1PP2/BQRBR1K1 b - - 1 8,opening,c4f4,-334,c4f4:-334;c4b4:-301;c4c6:-261;c4a6:-247;c4e6:-231;c4b5:-223;c4d5:-212;c4a4:-209
Qnr1rk1b/2bpp2p/1nP2p2/5q2/2P2PpP/3PPBP1/P2N4/N1RBRK2 b - - 0 16,opening,g4f3,-577,g4f3:-577;b6a8:-460;f5d3:-207;c7f4:-136;b8c6:-99;f5g6:1;d7d5:83;h7h5:98
rqn2krn/p1n2p1p/2p5/np1p2p1/3P1QP1/PPP1PN2/2R2P1P/2NN1KRN b - - 1 12,opening,g5f4,-587,g5f4:-587;h7h6:226;c7e8:228;a5b3:250;c7e6:257;b5b4:286;g8g7:306;f8e7:318
brknq2n/ppp5/3ppr1p/5ppP/N7/PbB3P1/2PPPP2/R1KQ1RBN w - - 0 13,opening,c2b3,212,c2b3:212;a4b6:137;a4b2:115;a4c5:21;c3f6:14;f2f4:7;f2f3:-19;f1e1:-76
3rqb2/k2p2rp/pnn1ppp1/3B3R/p4P1P/1P1N2P1/3QP3/KN3BR1 w - - 1 21,opening,d5c6,-200,d5c6:-200;f1g2:-311;b1c3:-344;h5h7:-366;e2e4:-374;d5f3:-393;b3a4:-399;h5e5:-411
nnkr1nrq/pp1ppp1p/2p2np1/8/2P5/8/PPKPPPPP/NN1RNNRQ w - - 0 4,opening,b1c3,-38,b1c3:-38;e1d3:-60;f1e3:-61;g2g4:-69;b1a3:-71;d1c1:-76;g2g3:-77;a1b3:-79
nkrbqbr1/p1ppppp1/1p6/5Q1p/4nP2/7N/PPPPP1PP/NKRB1BR1 b - - 3 6,opening,e4d2,-99999,e4d2:-99999;e4f6:13;d7d5:73;e4c5:145;e4d6:164;g7g5:227;e4c3:272;c7c5:347
b1qbr2k/3p1pr1/p1pb4/P3p1Q1/1p4pb/1PPPPP2/2B4P/B2BRBRK b - - 0 15,opening,d8g5,-600,d8g5:-600;g7g5:-548;h4g5:-527;c6c5:-244;h4e1:-242;e8g8:-231;b4c3:-217;e8e6:-189
knr1nq2/2pp1nn1/1Q5r/1p2pNpp/p7/5PN1/PPPPP1PP/KNR1N1R1 w - - 2 14,opening,b6b5,190,b6b5:190;b6a5:167;b6e3:98;b6f2:76;b6h6:-385;f5h6:-494;b6b8:-502;f5d6:-581
r2bbqrb/ppkp2p1/2p1pp1p/8/P1PP4/7P/1P2PPP1/RBKBbQRB w - - 1 11,opening,f1e1,-133,f1e1:-133;a4a5:-259;b1h7:-261;e2e3:-306;f2f4:-323;c4c5:-331;g2g4:-332;g2g3:-348
qrbkbnnr/1p2pppp/2pp4/p7/7P/4NP2/PPPPP1P1/QRBKB1NR w - - 0 4,opening,b2b3,65,b2b3:65;d2d3:64;b2b4:61;h4h5:54;a2a4:54;d2d4:49;e3f1:33;g2g4:31
qbrr1knb/pp1p1p2/2pn4/4N1pp/2P5/2RP4/PPNRPPPP/QB3K1B b - - 0 7,opening,h8e5,-272,h8e5:-272;b7b6:-156;a7a5:-149;c6c5:-149;b7b5:-146;g8h6:-127;g5g4:-109;b8c7:-107
kr1n1q1n/ppn1p1rp/3p1N2/2p1pnp1/1PP5/5N1P/P2P1PP1/KN1R1QRN w - - 0 13,opening,f6d7,-85,f6d7:-85;f6h5:-323;f6d5:-340;f6e4:-369;f6g4:-406;g2g4:-425;h1g3:-444;f6h7:-513
nnrrqnkn/2pp4/p7/1p3ppp/4pP2/1PP2QN1/P2PP1PP/NNRR2KN w - - 0 8,opening,f3f2,241,f3f2:241;f3f1:183;f3h5:141;f3e3:-25;g3e4:-178;g3h5:-388;g3f5:-521;f4g5:-542
r2rk2n/qp1bp3/p1p3bp/5pN1/1P1p1p2/2P4P/P2PP1PN/RQBRK1B1 w - - 1 14,opening,g5f3,398,g5f3:398;b1b3:387;g1d4:353;h2f3:241;d2d3:168;g5h7:152;h2f1:127;b1c2:109
r1nq1bnr/p2pkp1p/n1pp4/1p1P2p1/8/1PP3P1/P3PP1P/R1NQKBNR b - - 0 8,opening,f8g7,-466,f8g7:-466;e7e8:-354;d8b6:-346;c6c5:-341;c6d5:-336;d8e8:-335;f8h6:-333;g8f6:-329
1krr4/2p3bp/3p2p1/Bp3p2/bR3b2/K2pP1PP/5PB1/3R1BB1 w - - 0 21,midgame,d1b1,392,d1b1:392;d1d3:355;b4a4:342;g3f4:324;f1d3:265;e3f4:265;g2c6:257;d1c1:238
1k2q2r/1p3prp/p1p1p3/3n4/P1n1PnPp/1PP2P2/3N3Q/K3NRRN b - - 1 22,opening,c4d2,-53,c4d2:-53;c4e3:-31;e6e5:128;d5c3:149;c4a5:150;c4d6:182;c4b6:209;e8e7:236
bqb2brr/ppb1kp1p/3p4/2p1p1p1/1P2P1B1/P6P/1QPP1PP1/B1B1KBRR w - - 0 7,opening,b2b3,158,b2b3:158;b4c5:158;g4c8:142;f2f3:138;f1e2:128;e1d1:120;b2a2:113;b2c3:105
nqnrk1rn/p1ppp1p1/4n2p/1p3p2/1P4P1/P1P2P2/3PP2P/NQNRKNRN w - - 1 6,opening,g4f5,249,g4f5:249;b1f5:137;a1b3:96;a3a4:90;c1b3:72;h2h4:69;h1f2:69;c1d3:68
brqbrbk1/pBpp1p1p/8/4p1p1/P5P1/7B/1bPPPP1P/BRQBR1K1 b - - 0 4,opening,c8b7,-719,c8b7:-719;b2c1:-501;b8b7:-126;a8b7:-49;f8b4:-3;d8f6:266;d8e7:289;f8c5:358
1qn1kn1r/ppp5/2Npp1rp/6pP/1P1Q1pn1/P2P1PPR/2PKP3/1NN2R2 b - - 0 20,opening,e6e5,343,e6e5:343;b7c6:406;g4e3:432;b8a8:460;g6g8:474;g4h2:511;g6f6:511;g6g7:521
rrqb1n1n/p2pp1pk/6b1/5p1p/pPP1Q2P/6N1/P2PPPP1/RR2B1KN b - - 2 11,opening,f5e4,-826,f5e4:-826;h7g8:-501;h8f7:-495;a7a6:-478;e7e6:-472;c8c7:-464;d7d6:-460;c8c6:-454
nnkrrqnn/1p1ppp1p/8/p1p3p1/7N/1N6/PPPPPPPP/1NKRRQ1N w - - 0 4,opening,h4f3,41,h4f3:41;h4f5:-127;e2e4:-176;b3c5:-177;b1c3:-199;d2d4:-201;f2f4:-201;b1a3:-204
b1r1k2r/6pn/3pp3/pp3p2/2p2PPp/P2P1q2/1PPKP3/BBQ1R1RN w - - 2 21,opening,e2f3,617,e2f3:617;d2d1:223;e1f1:174;g4f5:173;b2b4:153;b2b3:122;d3c4:115;g4g5:-6
1krn1r1n/6pp/p1ppp3/1p3p2/3n1P2/Nn4NP/KPP1PQP1/1RR2N1N w - - 0 17,opening,c2b3,639,c2b3:639;e2e3:611;c1d1:576;c1e1:546;e2e4:503;f1d2:502;c2c3:501;f2e1:490
b1q2nrk/p1pb2pp/1p1p1pn1/7Q/3prP2/NNPR3P/PP1B2P1/B1R4K b - - 1 14,opening,f8e6,-606,f8e6:-606;e4f4:-526;d7e8:-506;g6f4:-502;e4e3:-499;c8b7:-493;c8a6:-492;d7c6:-469
2r3n1/bk3pq1/1p2bQnp/p1p1p1p1/2PrpP2/PP2R1PN/1K1P3P/1BB3RN w - - 2 21,opening,f6g7,477,f6g7:477;b1e4:359;f6e6:-511;f6g6:-589;f4g5:-598;f6e5:-618;h3g5:-639;h1f2:-641
1r1n1r2/1p1pkp1p/1n2p2n/p2n3P/4q1P1/P2P1R1N/1PP1P1PQ/NRNNK3 b - - 6 13,opening,e4g4,359,e4g4:359;e4d4:454;h6g4:468;e4a4:493;e4f3:639;d5c3:663;e4b4:673;e4d3:678
rq1krbbb/pp5p/4p3/3pbpp1/1Pp1BP2/P2PP1PP/2KR1B2/R1QB4 b - - 3 17,opening,e5b2,-643,e5b2:-643;e5a1:-633;f5e4:-618;g5f4:-609;e5c3:-561;e5f6:-561;e5g7:-560;c4d3:-550
qrkrnnn1/pppppnp1/8/5p1p/7P/3P2N1/PPP1PPP1/QRKRN1NN w - - 1 4,opening,g3f5,121,g3f5:121;a2a4:36;b2b4:19;e2e4:11;g1h3:11;e1f3:11;b2b3:7;g3h5:5
5b1k/3qp1pp/1p6/pbpr1P2/1P1p4/P1PP1P2/1B3P1P/RR2BBBK w - - 3 16,opening,h2h4,-181,h2h4:-181;f1g2:-184;c3d4:-191;f3f4:-198;h2h3:-203;b4a5:-215;e1d2:-218;b2c1:-227
bbq1krrb/ppp2p1p/5b2/3pB1p1/4B1P1/1P4R1/P1PPPP1P/1BQBKR2 b - - 0 5,opening,f6e5,-245,f6e5:-245;d5e4:-236;c7c5:21;b7b6:43;h7h5:134;b7b5:154;c8e6:169;c7c6:174
rbkn1rn1/2pbpp1p/1p3qp1/p2p4/P1P5/1P3NP1/3PPPQP/1BKNB2R w - - 1 9,opening,c4d5,-364,c4d5:-364;d2d4:-379;d1e3:-397;h2h4:-426;d1c3:-435;d1b2:-441;e2e4:-447;f3h4:-460
b1krrbqb/p3p3/b7/1P1p2pp/3QPp2/3P1P2/1PPB2PP/B1KRRB1B b - - 0 14,opening,h8d4,-485,h8d4:-485;a6b5:153;a8c6:180;c8b8:193;d8d7:251;a6b7:255;g8e6:310;e7e6:332
nrnnkqr1/ppppp1pp/5p2/1Q5n/8/2P1PP2/PP1P2PP/NRNNK1RN b - - 0 5,opening,g7g6,16,g7g6:16;f6f5:44;g7g5:44;f8f7:313;e7e5:313;c7c5:314;h5f4:388;d8f7:396
1bqb3r/rp1p1nk1/2p1pRp1/5n1B/1pP1PP1P/5NP1/1P6/1BQ2K1R w - - 2 21,opening,f6g6,175,f6g6:175;f6f7:-88;e4f5:-247;f6f5:-290;e4e5:-296;h5g6:-305;f1g2:-337;h1g1:-357
k1n1rnnr/p2p1p1p/2n2q2/1pP1p1p1/6P1/5P1N/PP1PP2P/KN1QRN1R w - - 1 11,opening,b1c3,-268,b1c3:-268;f1e3:-275;h3f2:-285;e2e3:-289;f1g3:-299;b2b4:-318;b1a3:-319;a2a3:-324
krn2nq1/2p2b2/1pR1bppp/8/P2pP1P1/1N2R2P/1P3P1Q/K2N2B1 b - - 3 17,opening,d4e3,-287,d4e3:-287;e6b3:-278;c8a7:116;c8e7:117;f7e8:119;e6d7:121;d4d3:174;e6g4:190
brr1b1b1/1p1k1p1q/2p1pp1p/p4P2/P1P1P2b/BP6/3P1BPP/R1R1KB1Q b - - 2 17,opening,h4f2,-14,h4f2:-14;h4g5:235;b7b5:279;b7b6:279;c6c5:280;e6f5:340;h7g7:360;h6h5:372
2rk1bb1/p3pPqp/Prbp4/1pp3pb/8/1P1P1P1P/2P1P1B1/BRRKB1BQ w - - 0 13,opening,a1g7,714,a1g7:714;f7g8q:370;f7g8r:368;f7g8n:366;f7g8b:355;g1c5:313;g1e3:179;e1a5:179
1brbbq2/1p1p1p1b/r3p2k/2B4p/1BP1P1p1/PBQP1PP1/BP5P/1RR4K b - - 1 15,opening,c8c5,191,c8c5:191;d7d6:384;f8g8:412;b8d6:424;f8c5:440;a6d6:473;f8g7:582;f8d6:657
qbrr3b/ppp1kp1p/3p1n2/8/1P3Pp1/3NP2P/P1PPK1P1/1BRR2NB w - - 0 9,opening,h3g4,-352,h3g4:-352;c2c4:-394;c2c3:-401;b4b5:-403;e2e1:-405;g2g3:-412;a2a4:-417;a2a3:-420
qb1rnbrn/1kp1p1pp/p2p4/1p6/3Pp1P1/2P4P/PP3PB1/QBKRN1RN w - - 0 7,opening,b1e4,548,b1e4:548;g2e4:286;c3c4:252;d4d5:219;a2a4:215;g4g5:211;h1g3:189;e1d3:157
nn1r1rkq/2pp1ppp/pp3n2/5nN1/1P2pQ1P/4P3/P1PP1PP1/NNNR1RK1 w - - 4 8,opening,f4f5,384,f4f5:384;g5e4:219;b1c3:173;c2c4:166;d2d3:162;f2f3:155;g5f7:139;a1b3:124
n2kr3/2p1qn1r/1pn1p3/p2p2pp/PP1n2QP/2PN2P1/5PR1/1N1KNR1N w - - 1 19,opening,g4h3,-440,g4h3:-440;g4d4:-456;g4g5:-537;f2f4:-629;c3d4:-634;e1c2:-636;h4g5:-636;b4a5:-640
1nqrb1rk/p1pppppp/1p4n1/3b4/3P4/2B4P/PPP1PPP1/BNQR1NRK b - - 2 4,opening,d7d6,-30,d7d6:-30;d5a2:-22;d5b7:-13;d5a8:-10;f7f6:10;c7c5:24;c7c6:37;b8a6:76
qk1r3n/p3rpbp/1p1p1n2/2p1Qbp1/1PP4P/3P1PN1/P2BP1P1/1K1RRBN1 b - - 0 10,opening,e7e5,-565,e7e5:-565;f5d3:-442;d6e5:-387;f5e6:154;h8g6:180;a8b7:196;e7e8:238;e7e6:244
rrn3bk/2p2ppp/p2p1b2/p5P1/P3pn1B/4PP1P/1PPP3K/RRNBN3 b - - 1 15,opening,f4g6,174,f4g6:174;f6b2:235;f6e5:322;f4g2:367;f6g5:446;f6e7:446;f6c3:455;b8b2:458
rb3rkb/p1pq1pp1/1p2p1Np/2np4/3P4/1P2PP2/P1P2R1P/RB2Q1KB b - - 1 15,opening,f7g6,-148,f7g6:-148;c5b7:42;f8d8:104;c7c6:110;c5a6:110;f8c8:124;d7d8:137;f8e8:141
2nkn1rr/p1pp1p1n/1p5p/4p1p1/1n1P2PN/1N2qN1P/PPP1PP2/Q2KRNR1 b - - 5 12,opening,e3e4,-245,e3e4:-245;b4c2:22;e3f4:66;e3f2:169;e3b3:450;e3d4:547;e5d4:553;e3f3:559
3r1bb1/pp2pp1p/1n1rq1k1/1p1pP1p1/2P2P1n/1N2Q3/PP1P1BPP/1RN2R1K w - - 1 19,opening,f2h4,402,f2h4:402;c4c5:337;e3d3:264;e3g3:263;c1e2:259;f4g5:249;b3c5:246;c4b5:214
nnnkr2r/p3p3/1p1p1p1p/N1p1N1p1/P2P4/1N2P1P1/1PqK2PP/4NRQR w - - 0 14,opening,e1c2,702,e1c2:702;d2c2:671
r4bbb/p1k1rp1p/1bppp1p1/8/1KPB1Q2/5P2/1P1Pq1PP/R2BRB1B b - - 1 22,opening,a7a5,-502,a7a5:-502;e2e1:-491;c6c5:-378;b6a5:-308;e2f1:-218;b6c5:-207;b6d4:-139;h8e5:-138
qrbn1bkr/pppppp1n/7p/6p1/P2P4/2P4P/1P2PPP1/QRBNNBKR w - - 1 5,opening,b2b4,156,b2b4:156;e2e4:154;c3c4:141;h3h4:140;e1d3:136;d1e3:134;d4d5:133;b2b3:126
3qr2n/pknpp1p1/1p1n3n/2p2pPp/2PP1P1P/PN1N4/QPNK2R1/5r1N b - - 11 21,opening,d6e4,-486,d6e4:-486;f1h1:-473;d8a8:-455;h6g4:-442;h8g6:-437;h6f7:-422;e7e5:-385;d6c4:-379
b1r2r1b/ppb1k1p1/3q4/2pPpp2/bP1B3p/P2PQPP1/2P3BP/BBR2RK1 w - - 0 14,opening,d4c5,521,d4c5:521;d4e5:374;e3g5:351;b4c5:334;e3e5:288;d4b2:278;d4c3:267;f3f4:117
nnn1qrrn/1pk1ppp1/p1p4p/3p3P/5P2/1NPN4/PP1PP1P1/1N1KQRRN w - - 5 9,opening,e2e4,89,e2e4:89;g2g4:89;d1c1:81;d1c2:75;e1f2:75;f4f5:74;b1a3:73;h1f2:70
knrnq1r1/p1pp2p1/4pp1n/1p5N/3P4/P1N2n1P/KPP1PNP1/1N1R1QR1 b - - 1 13,opening,f3g1,-259,f3g1:-259;f3d4:-86;b5b4:-39;f3h2:-19;e8h5:74;f3h4:96;f3g5:106;f3e5:117
qbr1k1nr/pppp3p/4p3/2b1n1p1/PP1P2pP/8/2P1PPP1/QBR1KBNR b - - 0 10,opening,g4g3,-126,g4g3:-126;c5b4:-123;c5f8:-109;c5d4:-104;e5d3:-30;c5b6:-29;c5e7:-24;c5d6:-2
q2k1nrr/ppp1p1pp/1np2n2/5p2/6PP/P5N1/1PPPPP2/QNNK2RR w - - 2 8,opening,g4f5,225,g4f5:225;g3f5:208;g4g5:206;a1a2:90;c1d3:84;a3a4:75;b1c3:63;h4h5:56
rbrbb1bk/4ppq1/6p1/ppp5/2Pp1P1p/3PP1BP/PP3BP1/RBRBQ2K w - - 0 10,opening,g3h4,82,g3h4:82;g3h2:61;c4b5:-335;d1f3:-352;d1g4:-361;e3d4:-362;b1c2:-368;c1c2:-372
r2b1qnk/p1p1prp1/2bp4/Pp3n1p/1PP2p2/1R5P/2NPPPP1/2BBQRNK b - - 2 13,opening,e7e5,-54,e7e5:-54;b5c4:-52;f5h4:-35;g8f6:-31;a8b8:-29;e7e6:-22;f7f6:20;a7a6:36
r2bR2b/pbpq1kp1/2p5/1p3P2/1bPP3p/PB3QpB/1P5P/BR3K2 b - - 6 17,opening,f7e8,48,f7e8:48;g3g2:188;d7e8:212;f7f6:635;g7g6:687;d7d6:848;b4f8:849;d7f5:99990
q2bn1rb/k3pBpp/1p2n3/p2p4/P7/2rpPP1P/KP4B1/Q1R1NR2 b - - 1 19,opening,c3c6,-211,c3c6:-211;g8f8:-142;c3c1:-136;c3c5:-58;g7g6:-47;g7g5:-20;c3c7:-18;c3c4:6
2b1q1rk/p1pb2p1/6n1/1r1pppBp/4NP2/1P2P3/1BPP2PP/R2NQRK1 b - - 2 15,opening,f5e4,229,f5e4:229;d5e4:235;d5d4:335;d7c6:351;c8b7:381;e5f4:385;h8h7:389;h5h4:397
bqrk3b/1pbBb3/p1p2pr1/4p2p/3pP1p1/P1PP1PPB/1PB1K1RP/BQR5 b - - 0 18,opening,d8d7,-321,d8d7:-321;f6f5:-94;g6g5:-77;g4h3:-52;g6g7:149;g6g8:152;c7b6:276;g4f3:282
1rknbrnq/1pbp1pp1/7p/p1p1p3/P3P3/2NP1P2/1PP3PP/RBK1BRNQ b - - 0 8,opening,d8c6,94,d8c6:94;f7f5:94;g8e7:103;b7b6:105;f7f6:120;h6h5:121;d8e6:124;b8a8:127
rbbk1bnr/pp1pqppp/4p3/2p4Q/8/P3P1P1/1PPP1P1P/RBB1KBNR w - - 2 5,opening,h5e2,71,h5e2:71;c2c3:65;d2d4:61;f1g2:61;b1a2:59;h5d1:55;e3e4:44;c2c4:44
kn3r1n/pn1p1qp1/2rnpP2/1pp4p/P7/N1PP2N1/1P1N1PPP/K1R1QRN1 b - - 6 12,opening,c6a6,-24,c6a6:-24;c6b6:9;b5b4:38;h5h4:76;b5a4:85;a7a6:92;g7f6:146;h8g6:147
rk1qb2r/1ppp2p1/pB3p2/2b4p/P2QP3/1P3NPP/2P3B1/RKN4R b - - 0 14,opening,c5d4,126,c5d4:126;c7b6:341;c5b6:381;c5b4:643;c5a3:646;c5e7:653;c5f8:654;c5d6:679
qbrrnkn1/ppp1p2p/4p1pb/3p4/8/3PPN2/PPP2PPP/QBRR2KB b - - 0 7,opening,c7c5,-297,c7c5:-297;e8f6:-292;d5d4:-290;g8f6:-288;e6e5:-284;c7c6:-284;a7a5:-272;b7b6:-271
kr1rbbn1/1n1p1p2/4p2p/pPq3p1/2pP1P2/2K1P2N/P1R1B1PP/R3N1Q1 b - - 8 22,opening,c5b4,-99999,c5b4:-99999;c5a3:-586;c5b5:-563;c5e7:-554;c5b6:-543;c5c7:-538;c5c8:-505;f8g7:-490
b1k1qnrr/ppp1bp1p/n3p3/3pB1p1/1P1P2N1/8/P1P1PPPP/1NKBQ1RR w - - 0 6,opening,g4f6,159,g4f6:159;c2c3:125;e5h8:118;a2a3:109;h2h4:90;f2f4:31;f2f3:31;e2e4:29
1rrk1bb1/3ppbp1/pp4qp/2p2p2/1P1P1PPP/6Q1/P1P1P1b1/BRRKBBB1 w - - 2 10,opening,f1g2,242,f1g2:242;g3g2:175;h4h5:174;b4c5:-189;e1f2:-241;g3f2:-262;e2e4:-263;d4c5:-271
2n4q/pp1n1kpp/n3p1r1/1nP2p2/PNP1RP1P/4PRP1/1P6/1NNrN1KQ b - - 4 19,opening,d1e1,-439,d1e1:-439;a6b4:-421;f5e4:-410;d1c1:-385;a6c5:-367;b5d6:-343;d7c5:-325;h8d8:-322
rr1qnkbb/1p1ppppp/p1pn4/2B2P2/7P/3P4/PPP1P1P1/RRNQNK1B b - - 0 6,opening,d6f5,-182,d6f5:-182;b7b6:-103;g7g6:-86;e7e5:-82;e7e6:-75;h7h5:-21;a6a5:15;b8c8:41
br1k1rb1/1pp1pp1p/q6b/p2p2p1/3PBbP1/PP6/1BPQPP1P/1R1KRBB1 w - - 5 12,opening,e2e3,217,e2e3:217;d2c3:-201;e4d3:-205;d2d3:-374;d2f4:-434;e4d5:-462;e4f5:-474;e4f3:-514
rnbq1bkr/3pp1pp/2p5/pp6/4pPP1/2PPn3/PP1Q3P/RNB1KBNR w - - 2 12,opening,d2e3,271,d2e3:271;f1h3:103;d3e4:-145;g1h3:-146;g1e2:-152;d2e2:-176;f1e2:-176;d2f2:-183
b1rbkbrb/1p1pp1Bp/p1p3p1/5p2/1P2Pq2/P2P1B2/2P1KPPP/1Q2RBRB w - - 1 10,opening,g2g3,71,g2g3:71;g7h8:33;g7f8:-136;g7b2:-157;g7a1:-190;b1b3:-240;b1a2:-307;e4f5:-334
kb2Bbrb/1pp1bpp1/3p4/p3pq1p/5P2/3PP1P1/PPP4P/KBQBRBR1 w - - 1 7,opening,f1g2,432,f1g2:432;c2c3:427;f4e5:404;g3g4:391;d3d4:381;e3e4:379;e8a4:376;c1d2:363
b1b1qbrr/1pkpppp1/2pb4/p6p/4P1PP/PPP3R1/B2P1P2/B1BKQB1R b - - 2 8,opening,d6g3,-117,d6g3:-117;e7e6:-63;f7f6:-37;d6f4:-28;c7b8:21;d6e5:100;e7e5:126;h5g4:154
k1rnr2q/1pp3pp/1n1p2b1/pN1bp3/4p1P1/NP3P2/P1PP1B1P/KR3RBQ w - - 1 14,opening,f2b6,214,f2b6:214;b5c7:209;b5c3:160;h2h4:136;b1e1:127;h2h3:102;f1e1:69;f1c1:60
1brrn1nb/p3k1p1/1p1ppR1p/2p5/1P1P3q/P3P1PP/2PR1P2/QB2NKNB b - - 0 11,opening,h4f6,-296,h4f6:-296;h4g5:208;h4h5:218;g8f6:440;h4g4:465;g7f6:472;e8f6:472;h4g3:531
1nr1rbqb/1N2p1pk/n1B2p1p/6P1/pQ1p4/P1R5/3PPP1P/1N1R1BK1 b - - 4 18,opening,a6b4,-443,a6b4:-443;b8c6:-275;g7g6:-134;d4c3:-105;c8c6:-85;f6g5:167;h6h5:290;f6f5:346
3brk1r/pb1ppp1b/6p1/1p5p/3Q1bPP/1P6/P1PPPP2/1BBBRKB1 w - - 4 11,opening,d4h8,715,d4h8:715;c1a3:565;d4f4:545;e2e3:524;a2a4:484;c1b2:477;a2a3:464;d4d7:437
n1rq1krn/2ppp1p1/6Q1/p2P3p/1p3p1P/1N1P4/PPPN1PP1/1R1KR1NN w - - 1 20,opening,g6e4,728,g6e4:728;g6f5:706;g6g5:699;g6h5:699;g6h7:665;g6a6:655;e1e6:118;g6c6:-70
q1n1brrk/p1pppp1p/1p6/2n3p1/5P2/P6P/1PPPPRRK/BQNNB3 b - - 3 8,opening,c5e4,191,c5e4:191;f7f6:192;c5e6:203;d7d5:325;g5f4:344;d7d6:365;e7e5:365;c8d6:389
rnn1rq2/1pk1pppp/p2p4/P1p5/2PP2n1/1R2P2N/1P2nPPP/1NNKRQ1N w - - 2 11,opening,f1e2,417,f1e2:417;e1e2:365;c1e2:337;d1e2:292;c1d3:223;c1a2:196;d4d5:81;f2f3:63
n1br1r1k/4p1pp/1p3n2/p1p2P2/q1PPp3/P2R2QP/1P2N1K1/NBB2R2 w - - 1 20,opening,b2b3,278,b2b3:278;d3d2:268;d3d1:183;b1c2:119;e2c3:30;d3c3:-47;d4d5:-63;d3e3:-97
r1b3rk/3p1qpp/4p1Bn/ppp5/1P1nP1PP/2P1bP2/P2PNR1K/RNB1Q3 w - - 3 14,opening,g6f7,444,g6f7:444;c3d4:-21;d2e3:-233;h2g2:-248;e2d4:-268;g6h5:-319;e1f1:-326;g4g5:-348
1b1nrn1b/1qp5/4pp1p/rp1P2k1/2NP1pP1/2P2B2/PNB4P/R1Q1R1K1 b - - 0 15,opening,f6f5,480,f6f5:480;c7c5:517;c7c6:534;h6h5:550;f8g6:560;d8f7:637;e6d5:675;e6e5:682
1nn1r1r1/1k5p/1npqP1p1/4N1n1/1P5P/P1Q3P1/1P1PNP1R/KN3R1N w - - 5 22,opening,h4g5,679,h4g5:679;f2f4:509;e5c4:499;d2d4:466;f2f3:463;f1c1:453;f1e1:442;f1d1:434
r1q1bbrk/2p2np1/pp2pN1p/2QP4/P1N2p2/5PB1/1P1P2PP/R3nBRK w - - 2 19,opening,c5d4,-192,c5d4:-192;c4b6:-315;c4d6:-342;c4e5:-373;c5f2:-376;c5f8:-380;d5e6:-383;g3h4:-411
bkbrrbqb/1p1ppppp/8/p1p5/P1P2P2/8/KP1PP1PP/B1BRRBQB b - - 0 4,opening,b7b6,51,b7b6:51;g7g5:94;d7d5:95;e7e6:108;d7d6:117;g7g6:130;e7e5:132;f7f5:155
2qr1k1n/1p3n2/p2p1pQp/2p1p1Nb/1P3p2/2bP3P/2P1P1P1/1B1R1KRN b - - 2 23,opening,h5g6,-733,h5g6:-733;h8g6:-681;h5e2:-665;h6g5:-274;f6g5:-270;f8e7:-212;f7g5:-180;f8e8:-129
1r1b3b/p6k/3pr3/1ppbb1Bp/3qPP1P/1PQP2K1/P1P1B1P1/1R1BR2B b - - 0 18,opening,d4e3,-734,d4e3:-734;e5f4:-536;d4c3:-510;d8g5:-162;d4e4:184;e6g6:203;d8a5:214;d4f2:223
n1b1knbr/1qprp1p1/5p1p/pp1p4/P1PP2P1/3KPP2/QP1N3P/2BR1NBR b - - 8 13,opening,d5c4,-431,d5c4:-431;g8h7:-386;b5c4:-375;h6h5:-288;b5b4:-272;b5a4:-262;c7c6:-225;f6f5:-201
1nr2n1n/1p1pk3/p1pNp2p/q1P5/PPR1npr1/N2P3P/4PN2/N1Q1K1R1 b - - 1 22,opening,g4g1,-99999,g4g1:-99999;a5b4:-464;a5c5:395;e4d6:497;g4g3:531;e4f2:595;a5d8:643;a5c7:654
brqkrQ1b/pp4p1/2p2pb1/4B2p/2Pp4/1P2BP1P/P2PP1P1/1R1KRB1B w - - 0 9,opening,f8d6,461,f8d6:461;f8c5:251;f8a3:123;e5f6:-37;f8b4:-110;e5b8:-305;e3f4:-310;f8e8:-330
2kbrbbB/5p1p/1pppp3/p5P1/4P3/1P1P1P2/P1P1Q1R1/RK1Bq3 w - - 1 17,opening,e2e1,678,e2e1:678;b1b2:297;a2a3:273;h8d4:272;a2a4:268;f3f4:262;h8b2:255;c2c3:247
rb2b2q/2pp3p/pr1kp1pn/4n3/RP1P1p2/2P1P1PP/B2B1P1Q/2KN1RN1 b - - 2 17,opening,e5f7,241,e5f7:241;e5c6:243;e5d3:252;d6e7:313;h6f7:344;a6a5:379;h6f5:413;g6g5:413
bnr1kbnr/ppp1pppp/1q6/3p4/4P3/6PN/PPPP1P1P/BNRQKB1R b - - 0 4,opening,d5e4,-41,d5e4:-41;g8f6:12;b6g6:17;b6e6:36;b6d4:42;b6d6:44;c8d8:57;c7c6:73
rqbr1nbn/5p2/p4k1p/1pppp2P/PP1P2p1/2PK2N1/3RPPP1/RQB3BN w - - 0 13,opening,e2e4,1,e2e4:1;d4e5:-48;f2f3:-48;b4c5:-71;d2d1:-83;d2c2:-85;d4c5:-114;b1b2:-130
1br2kn1/b2B2rp/1q1p4/p1p1p1p1/4B1P1/P4N2/1P1PPP1P/Q2R1RK1 w - - 0 21,opening,d7c8,350,d7c8:350;d7f5:212;a1b1:191;e4d5:179;e4f5:164;d7e6:159;a1a2:105;f3g5:102
qbbbrkbr/ppp1pp2/7p/3p2p1/1P6/5P1P/P1PPP1P1/QBBBRKBR w - - 0 4,opening,a1h8,653,a1h8:653;g1c5:363;h3h4:218;c2c4:169;e2e4:164;c1b2:137;a1b2:119;c1a3:103
nk2qb1r/pp3ppp/2r2n2/b1pppN2/P1P5/2R1P3/1P1P1PPP/1K1BQBNR w - - 0 8,opening,c4d5,-141,c4d5:-141;c3c1:-184;c3c2:-198;g2g4:-198;c3b3:-220;f5g3:-225;h2h4:-236;e3e4:-240
n1brknbr/1p1pp3/5p2/2p3pp/pP6/2P1Q1qP/P2PPPPB/N1BRK2R b - - 1 8,opening,g3g2,-622,g3g2:-622;g3e3:-455;g3h4:-188;g3h2:299;g3c7:305;g3f4:331;g3g4:414;g3e5:425
r4k1n/1pp1pr2/4q3/pQ5p/2PpP2P/4B1N1/PP3PP1/R4RK1 b - - 0 20,midgame,d4e3,393,d4e3:393;h8g6:491;e6g4:503;c7c5:505;f8g8:523;a5a4:534;a8d8:540;a8a6:549
b2bqrr1/kpp1p1p1/pn6/P4p1p/1P1p1Pn1/2NPP1P1/2P1R2P/B1KBQR1N b - - 2 17,opening,d4c3,78,d4c3:78;b6c8:172;b6d7:185;b6a4:194;a7b8:209;b6c4:214;g4e3:220;b6d5:313
2r1kqnn/pp1r1ppp/nnNpp3/1Qp5/P7/4P3/1PPP1PPP/RN1R1KNN w - - 3 9,opening,c6a7,325,c6a7:325;c6a5:57;a4a5:-79;g1f3:-328;c6d4:-347;c2c4:-356;d2d4:-364;e3e4:-368
k2rb1nb/pp1pr1p1/4pp1p/qnP3P1/P7/1K2P1NN/1QPP1P1P/2R1BR1B b - - 8 16,opening,b5c7,233,b5c7:233;d7d5:293;f6g5:304;b5d4:307;d7d6:316;h6g5:318;a5c7:362;a5a6:365
bn1rb1r1/4p2n/pppp1k1p/1q6/2P2Pp1/1Q1P2NP/P3PBP1/1N1R1R1K b - - 1 18,opening,b5b3,-295,b5b3:-295;b5a4:367;g4h3:379;b5a5:413;b5h5:418;b5b4:460;b5f5:475;f6g7:496
n2krrn1/4q3/Nn1n1pp1/p2pp2p/Pp2P3/3P3P/1PP2PP1/NQNKRR1N b - - 0 20,opening,b6a4,-160,b6a4:-160;d6b7:-128;d5e4:-120;a8c7:-118;d8c8:-116;h5h4:-99;e7a7:-98;f6f5:-96
n1rr3n/3nkppp/1q1p4/pPp4P/1P2pPn1/2PN2PQ/2NPP1K1/N1R2R1N b - - 3 21,opening,e4d3,-7,e4d3:-7;f7f5:113;b6b7:123;g4f6:156;c5b4:172;a5b4:181;g4h6:187;b6b5:198
bkbr2q1/p1pprp2/2B3P1/bp1Qp2p/4P3/P2BR1P1/1bPP3P/1KB3R1 b - - 0 16,opening,a8c6,-543,a8c6:-543;d7c6:-518;b2c1:-416;a5b6:-377;b2d4:-342;g8g6:-322;f7g6:-312;a7a6:-287
k1nr1n1r/p1bpp1pb/2pB4/1p3p1p/4P3/3q1P2/PPPP1QPP/KB1R1N1R w - - 7 11,opening,d6c7,489,d6c7:489;c2d3:256;d6e5:10;d6f4:-85;d6e7:-135;d6a3:-307;d6g3:-326;d6c5:-365
nrnn2rq/1pppkp1p/p3p1p1/4P3/4KP2/7N/PPPP2PP/NRNN1R1Q w - - 1 10,opening,e4d3,390,e4d3:390;c2c3:370;e4f3:367;d2d4:353;c1d3:348;e4e3:347;d1e3:327;a1b3:324
nn2krqr/pp1ppp1p/2pn2p1/8/2n5/PN1N2P1/1PPPPP1P/NN1K1RQR w - - 0 7,opening,d1c1,70,d1c1:70;f2f4:48;f2f3:42;b1c3:40;e2e4:38;h2h4:31;a3a4:24;c2c3:17
n1r1kn1n/p1pp1prp/np4p1/4pN2/1q4P1/5PN1/PPPPP2P/NNRQRK2 w - - 8 10,opening,f5g7,493,f5g7:493;c2c3:490;a2a3:474;g3h5:285;e2e4:159;d2d4:139;f5e3:121;b1c3:74
r1b1kbr1/2p1ppp1/p7/1pQpnB1p/1P3P1P/B3P1P1/q1P5/1NK3NR b - - 5 20,opening,a2c4,-482,a2c4:-482;c8f5:-472;c8d7:-323;e7e6:-277;e5d7:-271;e8d8:-260;g7g6:-146;g7g5:-119
b1qrknrn/bppp2pp/p4pB1/4p3/1P6/2P5/P2PPPPP/B1QRKNRN b - - 3 5,opening,h7g6,-517,h7g6:-517;h8g6:-514;f8g6:-477;h8f7:-133;e8e7:-30
n1q1kb1r/1pr2n1b/p1pp2pp/N1N1pp2/P1P1P2P/5PP1/QP1PB2B/R4K1R w - - 2 18,opening,c5b7,-44,c5b7:-44;c5d3:-82;c5b3:-224;c5a6:-226;b2b4:-286;d2d4:-286;h2g1:-291;a5b7:-303
r1rkbbb1/3pp2q/p7/2pP1ppp/PpP1bBP1/1Q3P2/1P2P2P/BRRK1BB1 w - c6 0 13,opening,d5c6,61,d5c6:61;f3e4:12;g1c5:0;f4g5:-156;g4f5:-204;f4e5:-215;f4e3:-216;f4c7:-218
qrbrbbbk/p1ppp1p1/1p5B/5p1p/3P3P/8/PPP1PPP1/QR1RBBBK b - - 1 4,opening,g7h6,-277,g7h6:-277;d7d6:0;c7c5:21;c8b7:25;c8a6:48;e8f7:49;a7a5:65;h8h7:71
q1n1br1k/7p/2pp2rP/pp1bPpp1/P2PP1P1/1PN2n2/Q1P1N3/B3BRRK w - - 4 20,opening,f1f3,296,f1f3:296;g4f5:138;e4d5:-16;e4f5:-47;c3d5:-81;e2g3:-205;h1g2:-208;a4b5:-212
n1r1r2n/pkpp4/n4n1p/1pq1p1p1/1P1N1p2/2PP2N1/P2KPPPP/NN1RRQ2 w - - 0 15,opening,b4c5,540,b4c5:540;g3h5:25;g3f5:-82;d4b3:-112;d4c2:-120;d4f5:-161;a2a4:-186;g3h1:-209
qrb1bbb1/1p2pp1k/2r2Qpp/pPpp4/P2P4/R7/2PBPPPP/2BR1BBK w - - 0 12,opening,f6h4,427,f6h4:427;f6e5:286;f6f3:282;f6f4:179;b5c6:-59;d2h6:-178;f6e7:-315;f6c6:-331
r2q1b1r/k1pppbp1/5p2/pp3n2/1P1PP2p/4n3/P1Q2PPP/RKN1B1NR b - - 1 19,opening,e3c2,-782,e3c2:-782;f5d4:-547;e3c4:-519;e7e5:-442;a5a4:-433;a7b8:-426;e3g2:-400;a7b7:-384
n1qr2kr/ppppp1pp/n2n2n1/5p2/1P1P4/Q3P2P/P1P2PPN/NN1RN1KR w - - 1 7,opening,b4b5,116,b4b5:116;a3b3:113;b1d2:94;h2f3:87;h3h4:76;c2c3:73;e1d3:72;d1c1:43
rbbkqbrb/1p1ppp2/p7/2P1P1pp/2P5/6P1/PP3P1P/RBBKQBRB b - - 0 6,opening,h8e5,103,h8e5:103;e7e6:153;b8c7:161;a6a5:181;b8e5:194;f8h6:196;f7f5:196;g5g4:219
bk3b1r/1p2p1p1/5pb1/p3Pq1p/2BB1P2/1P5P/P1PP4/K1QRB2R b - - 0 16,opening,b7b5,545,b7b5:545;f5c2:566;b7b6:580;a5a4:602;f5f4:625;g6h7:632;f5d7:648;e7e6:653
2rq2rb/pkpbpp1p/1p1p2pn/4nB2/P5P1/2P4N/KPQPPP1P/1R1NBR2 b - - 1 14,opening,g6f5,-487,g6f5:-487;h6f5:-480;e5g4:-200;h6g4:-192;e5c6:-159;c7c5:-145;d6d5:-135;d7f5:-135
r2r1b2/pk1pq3/1p3b1p/2p1pppP/1P1P2P1/4PP2/1KP5/R1BRQBB1 b - - 1 16,opening,a7a5,291,a7a5:291;e5d4:316;b7c7:328;a8b8:330;a7a6:335;d7d5:335;f8g7:335;c5b4:369
kb1r2r1/4q1Q1/1p1ppp2/pnp1P3/P1P4P/1N1P1b2/5P1R/KB1RBN2 b - - 0 23,opening,g8g7,-599,g8g7:-599;e7g7:-596;e7e8:-175;e7a7:208;e7b7:249;e7c7:258;e7d7:261;e7f8:263
kr2q2n/pb1r3p/1pp1pN2/b5pP/1P1PN3/P1P2P2/5RP1/KRBB2Q1 w - - 3 21,opening,f6e8,905,f6e8:905;b4a5:845;f2b2:824;g1e1:817;f2d2:812;g1f1:806;b1b2:803;d1c2:793
bbrqk1nr/pppnppp1/3p3p/8/8/P3PNP1/1PPP1P1P/BBRQKN1R b - - 2 4,opening,c7c5,-48,c7c5:-48;b7b5:-47;g8f6:-47;a7a6:-33;e7e6:-28;e7e5:-12;b7b6:-5;d6d5:34
n1rr1k2/pq1p1p1B/1ppb4/1P1np1pp/3P2P1/P2N4/1NP1PP1P/QBR1bK2 w - - 0 17,opening,c1e1,-185,c1e1:-185;c2c4:-237;f1e1:-248;d3e1:-254;d4e5:-285;e2e4:-319;b1a2:-323;b5c6:-324
rqbrk1bn/ppp1pppp/6n1/3p4/1PP5/4N3/P2PPPPP/RQBR1KBN w - - 0 5,opening,e3d5,107,e3d5:107;c4d5:96;h1g3:50;f2f3:45;d2d4:45;d2d3:33;b1b2:32;h2h3:-8
n1rnkrnn/1pp5/4p1p1/p2p1p1p/q3P3/1NPNNN1P/1P1PKPP1/1R3R1Q w - - 4 16,opening,b3c5,231,b3c5:231;f3d4:203;d3c5:71;b3d4:-86;e4d5:-131;e4f5:-163;b1a1:-175;f3e5:-200
kb1rbn2/1p1ppn1q/p4p1r/2B1PP1p/PP4p1/1N1P2P1/2PQ3P/KBR2N1R b - - 0 14,opening,f7e5,252,f7e5:252;h7f5:254;f7g5:260;d7d6:266;h5h4:281;f6e5:289;h7h8:295;d8c8:321
2rbr1kb/q1pp3p/pp2p3/5pp1/3P3P/1PP2P1K/PbBQPP2/BR2RB1B w - - 10 14,opening,a1b2,449,a1b2:449;b1b2:404;e2e4:361;h4g5:341;e2e3:297;c2f5:288;f1g2:278;e1d1:243
qknr3r/pppp2b1/3N2p1/3b3p/1P2pp1P/PnPPP3/2K1BPP1/Q1RN2BR b - - 5 16,opening,b3a1,-786,b3a1:-786;e4d3:-778;f4f3:-653;c8d6:-605;b7b5:-586;b7b6:-580;a7a5:-574;f4e3:-568
rq1n1k1r/pp1p1np1/1n5p/N1pQpp2/P7/5N1P/1n1PPPP1/R2N1KRN b - - 4 15,opening,b6d5,-675,b6d5:-675;b8c7:-256;d8e6:-253;b2a4:-249;f8e8:-244;b2d1:-219;d7d6:-215;f8g8:-209
brqkrbb1/p2ppp1p/1p6/2p3p1/3b4/PPP5/1B1KP1PP/1RQ2BBB b - - 1 8,opening,d4g1,-765,d4g1:-765;d4g7:-559;d4e5:-554;d4f6:-550;d4h8:-537;f8h6:-482;g5g4:-467;d4e3:-444
kbbr2nn/ppp1prpp/3P1p2/8/8/4QP2/PPPP1NPP/KBBR1qN1 b - - 0 6,opening,f1a6,-450,f1a6:-450;f1c4:-443;f1b5:-433;f1g2:-409;f1d1:-24;f1g1:223;f1f2:256;c7d6:455
2r3rb/k1p5/n2p1Q1p/1p3pp1/pb2q1PP/PPP2P2/3P2B1/K1NR1BR1 w - - 0 20,opening,f3e4,319,f3e4:319;f6h8:204;f6f5:-23;a3b4:-102;f1d3:-252;h4g5:-299;f1b5:-314;f6d4:-314
k1rb3b/qppppp1n/8/p2n4/5NrN/PP5p/Q1P1PPPP/1KRB2RB b - - 3 15,opening,d5c3,-689,d5c3:-689;h3g2:-503;g4f4:-473;g4g2:-442;a7f2:-381;h7f6:-379;d5f4:-343;g4h4:-333
rq1rkn1n/2pp3p/pB4p1/4Pp2/6P1/3P2NP/bPPRP1b1/RQBK3N w - - 0 12,opening,b1a2,66,b1a2:66;a1a2:-172;b6e3:-390;b6c7:-403;b6c5:-426;h1f2:-429;b6a5:-432;b6d4:-457
r1qnbk2/1b2pppn/p1p4r/1p1p3p/2N2RPP/8/PPPPPPK1/BRQ1B1N1 b - - 7 11,opening,d5c4,-543,d5c4:-543;b5c4:-520;d8e6:-503;c8c7:-464;c8b8:-412;c6c5:-381;h5g4:-373;d5d4:-324
qb1r1k1r/p1p1p1pp/b2p1n2/QP3p2/1PN3Pn/5P2/2PPP2P/1BBRK1NR w - - 1 11,opening,a5a6,392,a5a6:392;b5a6:350;g4g5:286;g4f5:226;d2d3:214;d2d4:209;c4e3:207;c2c3:193
qrkrn3/1p4p1/p2p3n/n1p1pp2/P1P2P2/KP4N1/3PP2P/R2RNNN1 w - - 0 17,opening,f4e5,-609,f4e5:-609;d2d3:-610;a3b2:-615;f1e3:-622;e1c2:-636;e1d3:-646;g1f3:-651;d2d4:-654
1nn1rnn1/k1q5/1p1pppp1/pp6/2PPP2r/1P1QRPN1/P5P1/K1NR2N1 w - - 0 19,opening,c4b5,-206,c4b5:-206;g1e2:-255;g3e2:-283;d3d2:-290;a2a3:-304;d4d5:-310;f3f4:-310;e3e1:-314
r1k1bqrb/pp1p1ppp/1b2p3/7B/3pPQP1/2P5/PP3P1P/RBK1BR1B b - - 1 12,opening,g7g6,-93,g7g6:-93;f8c5:-43;d4c3:-11;c8d8:8;h7h6:57;b6c7:73;f8e7:82;d7d5:88
rrnqnkbb/2ppppp1/ppB5/7p/2P5/6P1/PPQPPP1P/RRN1NKB1 w - - 2 6,opening,c6a8,225,c6a8:225;c6g2:114;c2d3:100;c6h1:93;c6e4:75;c6f3:63;c6d5:52;c6a4:-54
k2rrb2/1bp1p2p/B1P2p2/p3P3/1p2R2P/QqB3p1/P1PP2P1/2KR3B b - - 0 16,opening,b3a3,-553,b3a3:-553;b3c3:325;b4a3:451;b7a6:539;b3d5:598;b7c6:604;b3b2:616;a5a4:672
qnn1rrk1/pp2p2p/2pp4/4npp1/4PnP1/P2N1P2/NPPPRR1P/QN4KN b - - 3 9,opening,f4e2,-520,f4e2:-520;e5f3:-428;e5d3:-396;f4h3:-347;f5g4:-290;f5e4:-273;f4d3:-256;c6c5:-157
1qkbr1rn/p1ppp1p1/1p2np2/1Q5p/2N5/1P4N1/P1PPPPbP/B1KBR1R1 w - - 0 8,opening,g1g2,323,g1g2:323;e2e4:124;f2f3:25;c4b6:19;e2e3:9;c4e5:2;c4a5:2;b5h5:-12
rnq1bbrk/ppp1p1pp/2np1p2/8/P6P/4P3/1PPP1PP1/RNQNBBRK w - - 1 4,opening,d2d4,-26,d2d4:-26;f2f3:-50;b1c3:-51;c2c4:-56;d2d3:-68;d1c3:-71;a4a5:-76;e3e4:-93
1rb1k1nB/pp5p/7b/q2Qp1p1/1p2pPP1/7N/P1PKB2P/RBR5 w - - 1 23,opening,d5a5,809,d5a5:809;d5g8:619;d5e5:579;e2b5:548;d5b5:492;d5c4:447;d5e4:437;d5b3:346
k1q4r/pp1p1ppp/2p1p3/8/P1P5/1P3P1P/1B2P1P1/KB1NbRNR w - - 0 13,opening,f1e1,529,f1e1:529;e2e3:444;e2e4:438;b1d3:404;f3f4:394;c4c5:362;d1e3:351;b2g7:345
k1nrq1rb/pppp1pp1/2nb3p/2N1p3/8/6PB/PPPPPP1P/KN1RQ1RB w - - 4 5,opening,c5b3,30,c5b3:30;c5a4:-39;h1c6:-45;c5e4:-76;d2d4:-124;h3d7:-144;c5d7:-145;b2b4:-147
n1nkqrr1/2pppp2/1pQ3np/p7/N5pP/N2P4/PPP1PPP1/N2K1RRN b - - 0 9,opening,d7c6,-631,d7c6:-631;f7f5:324;g6f4:440;g6h4:444;d7d6:445;e7e6:453;g6e5:463;d7d5:465
bk2r1br/1pp2p2/6pp/p1b1p1b1/1P2PQPq/P1pK3B/3P1P1P/B1RB2BR b - - 5 13,opening,g5f4,-848,g5f4:-848;e5f4:-761;e8d8:-761;c3d2:-721;h4h3:-574;a5b4:-560;c5b4:-484;b7b6:-481
knr2nn1/pnpp1r2/3q4/1QP1p1pp/1p1PpP2/N4N1P/PPR1P1P1/1K3R1N w - - 2 21,opening,c5d6,328,c5d6:328;f3g5:-46;f3e5:-179;b5b4:-218;e2e3:-229;h1g3:-271;b5b7:-279;c2c1:-298
1bbqkb1r/r1pp1ppp/p6n/1p2p3/6P1/2P1PB2/PP1P1P1P/RBBQK1NR w - - 0 6,opening,d2d4,86,d2d4:86;e3e4:52;a2a4:42;h2h4:37;h2h3:19;e1f1:12;d2d3:11;f3e2:-9
rbk1bqrb/pppp1ppp/7b/4p3/1P2PP2/8/P1PP2PP/RBKBBQRB w - - 1 4,opening,a2a3,-63,a2a3:-63;a2a4:-74;e1f2:-118;d1f3:-139;f1d3:-144;g2g3:-146;g2g4:-147;f1b5:-155
b3r2q/prpkbppb/2b1p2B/1p6/1B6/1PpPPP2/P1P3PP/1RRK1BQ1 w - - 1 15,opening,b4e7,-257,b4e7:-257;b4c3:-346;e3e4:-491;a2a3:-543;h6g7:-544;a2a4:-548;b1a1:-566;b4a5:-575
qrk1rn2/pppNpp2/3n2nn/6pp/1PP5/4NP2/P2PP1PP/QRKRN2N b - - 0 7,opening,f8d7,-165,f8d7:-165;c8d7:-139;g6f4:185;a7a5:207;f8e6:214;h6f5:215;d6c4:216;a7a6:222
rq3r2/2pkpp1p/p1n5/1p1P4/P3PRp1/2QP2Pb/1P5P/2RNK1NB b - - 1 18,opening,b8b6,624,b8b6:624;c6e5:632;c6a7:655;c6b4:661;c6a5:668;d7c8:673;c6d4:684;d7d8:685
br1nb2r/ppqpnk2/4p1pp/1Pp2pP1/N6P/1R6/P1PPPP2/BQ2BKNR b - - 1 12,opening,h8h7,102,h8h7:102;e6e5:141;c5c4:269;f7g8:281;b7b6:322;h8f8:324;h8g8:370;d7d6:405
1rq2k1n/rp1bbp1p/p1p2n2/1Q1Pp1p1/2P2P2/1P3BBP/P2P2PK/R1R2N1N b - - 1 14,opening,a6b5,-461,a6b5:-461;c6b5:-411;f6g4:-351;c8d8:-338;b7b6:-273;g5f4:-254;e5f4:-252;c8c7:-222
1n1rrbkb/2npp1p1/5q2/Qp3p2/2pN1P1p/1PPPP2P/P4KP1/2RNRB1B b - - 0 17,opening,e7e5,-150,e7e5:-150;d8c8:-74;c4d3:-68;b8a6:-4;c7a6:55;c7e6:117;f6g6:161;c4b3:193
nrn3rn/1p2pn2/1kp5/pP1p1pPp/PR1NP2P/2N1R3/2PP4/N3K2N w - - 0 18,opening,b4b1,298,b4b1:298;b5c6:297;b4b3:243;b4b2:181;e4f5:-119;d4c6:-131;e4d5:-154;h1g3:-205
brbnqr1n/1ppp3k/p7/P5pp/2PPpPp1/8/1P2PK1P/BRBNQR1N w - - 0 10,opening,d4d5,30,d4d5:30;f2g1:25;b2b4:2;b2b3:1;f4f5:-10;e1c3:-108;d1e3:-141;f2g2:-144
rrnqnk2/pppppp1b/6pp/4b3/4P1QP/1N1P4/PPP2PP1/RR2NKBB b - - 2 5,opening,d7d6,55,d7d6:55;a7a5:59;e5g7:68;e5h8:75;c7c6:98;c8b6:101;f8g8:104;h6h5:107
1qrb2kb/2pp2p1/p2r1pB1/bP1bP2p/2PPQp1P/1PB2BP1/2R5/4R1KB b - - 4 17,opening,d5e4,-27,d5e4:-27;a5c3:403;d5e6:556;c7c5:565;c7c6:569;d8e7:624;b8b5:665;f4g3:667
n1brknbr/pp1ppp2/6Pp/2p4R/1PP5/P5Q1/3PPPP1/N1BRKNq1 b - - 1 9,opening,f7g6,-176,f7g6:-176;f8g6:63;g8h7:257;f8e6:260;f7f6:325;d7d5:340;c5b4:374;a8b6:388
1nrrkq2/Np1p4/pnp5/3N1n1p/5P1P/1N3R2/PPPPP3/2R2K1Q w - - 0 19,opening,d5b6,519,d5b6:519;e2e4:371;d5e3:349;a7c8:348;d5c3:313;h1g1:229;h1g2:227;d5b4:159
1rkbbqrb/b3ppp1/1ppp4/P5Pp/8/3P1P1P/P1P1P1RQ/RBKBB2B b - - 1 11,opening,g7g6,-312,g7g6:-312;b6a5:-309;b6b5:-281;d6d5:-242;e7e5:-221;d8c7:-194;e7e6:-170;f7f5:-162
q1rnr1kb/1pppnppp/4p3/p7/3P4/b1N5/PPP1PPPP/Q1RNRBKB w - - 4 7,opening,b2a3,423,b2a3:423;g2g3:100;e2e4:98;e2e3:81;a1b1:75;c3a4:73;c3e4:60;c1b1:51
rk1rbbnq/pp1ppNp1/1n5p/2p5/5p2/6PB/PPPPPP1P/RKR1B1NQ b - - 1 6,opening,e8f7,-420,e8f7:-420;h8h7:472;d7d5:501;a7a5:502;g7g5:506;a7a6:508;c5c4:512;g7g6:512
r1qrn2k/1pp1ppp1/p1n3n1/1Nnp3p/PP1P2PP/4P1N1/R1P2P2/QNR3NK b - - 4 13,opening,c5e4,-451,c5e4:-451;c6b4:-304;c8g4:-299;c5e6:-291;c5d7:-257;a6b5:-240;e8f6:-184;c5a4:-183
bk3b1b/2r3p1/1pp1p3/pb2pp1p/3P3P/1K2QP2/P1P3P1/B1RR3B b - - 1 18,opening,c6c5,373,c6c5:373;e5e4:377;a5a4:384;a8b7:391;e5d4:408;f8e7:430;g7g6:436;b5a6:437
1rnnk1q1/1p2prp1/pn1p1p2/2pn4/1P1NP2p/P1PP3P/3K1PPN/NR1N1R1Q b - - 4 16,opening,d5c3,-232,d5c3:-232;d5f4:-191;c5d4:-161;d5c7:-142;g8h7:-123;d5b4:-99;e7e5:-61;g8h8:-18
1nnrqnrk/1p3p2/3pp1pp/p1p2N2/1N2n3/1N2P3/PPPP1PPP/1N1RQR1K b - - 1 11,opening,g6f5,-480,g6f5:-480;e6f5:-383;h8h7:-362;a5b4:-348;h6h5:-320;e4f2:-309;a5a4:-296;c5b4:-295
1r1krbbb/p1pppp2/qp2R1pp/8/7P/P2P1P2/1PPP2PB/BRQK1B1B w - - 0 7,opening,e6e3,317,e6e3:317;e6e1:310;e6e2:308;e6e4:260;e6e5:146;b2b4:-24;b2b3:-69;h2c7:-84
1rb2br1/3p1k1n/pp4p1/1Ppqp1p1/6PN/7p/P1PPP1BP/QRBN2KR b - - 5 21,opening,d5e6,-152,d5e6:-152;h3g2:-135;d5d6:-63;e5e4:-38;d5d4:203;d5c4:383;d5g2:427;d5b7:522
bqkbrbbr/3ppp1p/pp4p1/2p5/8/P1P3P1/QP1PPP1P/B1KBRBBR w - - 0 5,opening,f2f3,-88,f2f3:-88;e2e4:-92;b2b4:-226;c3c4:-237;d1b3:-239;f2f4:-258;d1c2:-265;b2b3:-268
qkbb2rr/1pnp3p/4p3/p1pPNpp1/P4BnP/8/1PP1PPP1/QK1BNR1R b - - 1 10,opening,g5f4,-386,g5f4:-386;d7d6:-261;g4f2:-94;h7h6:-52;b7b6:-25;b7b5:-2;b8a7:21;a8a6:77
krnnb1b1/1ppp2qp/p3r3/4pp2/1Q3Pp1/2P1P1P1/PP1PNB1P/KR1N1RB1 b - - 6 9,opening,d8c6,-152,d8c6:-152;e6d6:-151;e6b6:-150;e5e4:-134;c8d6:-134;d7d6:-126;a6a5:-122;d7d5:-122
4r3/2ppprkn/pPnn4/1p2q1pp/1N3p1P/3P1PP1/1PP1PK2/2RRNNQ1 b - - 0 20,opening,c6b4,-347,c6b4:-347;e5d4:-329;f4g3:-316;c6d4:-277;e5c5:-211;h7f6:-139;c7b6:-139;g7h8:-119
bbbkqbrr/1pp1pppp/8/3p4/pP6/2B2P2/P1PPP1PP/1BBKQBRR w - - 0 4,opening,c1b2,71,c1b2:71;e2e3:63;e2e4:63;d2d4:61;a2a3:43;h2h4:32;c3b2:9;h2h3:4
bbbkqbrr/pp1p1p1p/2p5/4p1p1/2P2PP1/8/PP1PP2P/BBBKQBRR w - - 0 4,opening,f4g5,131,f4g5:131;e2e3:63;f4f5:52;b2b3:41;f4e5:8;b2b4:-3;h2h4:-33;f1g2:-54
qnn1rrkn/ppp1ppp1/2np4/7p/2P2N2/7P/PP1PPPP1/QN1NRRKN w - - 0 5,opening,f4h5,162,f4h5:162;b1c3:133;b2b4:120;d1e3:98;h1g3:94;f4d5:94;e2e4:92;d1c3:79
3rr1kq/n2ppp1p/p7/1p1nn3/2N2Pnp/3NP1PK/P1P2R2/NN1R3Q w - - 3 19,opening,c4e5,-91,c4e5:-91;f4e5:-220;f2e2:-361;f2f1:-441;f2d2:-453;h1g1:-465;f2h2:-477;f2f3:-478
rn1b2kq/p2ppr2/5ppp/1pp4P/3PNPBQ/P1NPn3/1P6/R3BRK1 w - - 0 16,opening,h5g6,386,h5g6:386;e4c5:340;e4g3:313;h4h3:292;c3b5:258;e1d2:246;d4c5:238;h4h1:232
1b1nkbrn/1r3p1p/q2pp1p1/pp3P2/P1p1P3/QBK3N1/1PPP2PP/2RN1BR1 w - - 0 16,opening,b3c4,-361,b3c4:-361;a4b5:-393;f1c4:-462;d2d4:-712;d2d3:-775;a3c5:-934;e4e5:-99992;a3d6:-99995
r2rn2q/5k2/Pp2pp2/2nP2Pp/2pP2PP/2n5/2P1Q3/NNRRN1K1 w - - 3 21,opening,b1c3,485,b1c3:485;g5g6:380;d5e6:356;e2f1:91;e2c4:80;e2g2:39;e2f3:6;e2f2:-16
qrkr2nn/p2p1ppp/1pp1p1n1/1P5n/7P/2Q2N2/P1PPPPP1/R1KR1NNN w - - 1 7,opening,a2a4,135,a2a4:135;d2d3:124;e2e4:120;h1g3:117;g2g4:109;f1e3:100;g1h3:90;f1g3:84
k1rn1n2/pp2q1rp/2pp1pn1/3np3/PP1NPPp1/1N1P2PP/1KP5/1R1Q1NRN w - - 1 23,opening,d4f5,390,d4f5:390;d1g4:230;e4d5:140;f4e5:135;h3g4:105;h1f2:104;c2c4:20;d1e1:19
b1rbkbrb/1pp1ppp1/8/p2p3p/1P1qP1P1/3P4/P1P2P1P/1QRBKBRB w - - 0 6,opening,c2c3,-170,c2c3:-170;f1h3:-244;e4d5:-273;b1b3:-286;f1g2:-297;g4h5:-316;f1e2:-316;b4a5:-323
1q1rb2r/1b1pp2p/pppk2p1/P4Pb1/3PPP1P/2P4R/1PQ2B2/BK1R2B1 b - - 0 16,opening,g5f4,442,g5f4:442;g5f6:469;g6f5:472;g5h6:478;d6c7:481;h8f8:523;b6a5:532;b8a8:583
r1rb2qk/pp1pp1b1/5ppp/2bb4/7P/P4PP1/B1PPP1BK/R1RBQ1B1 b - - 0 11,opening,c5g1,-365,c5g1:-365;d5a2:-304;d8b6:-19;f6f5:-13;e7e5:3;d8c7:15;d8a5:22;d5e6:26
rqnn3r/pp2pk2/4n1np/2pp1pP1/3P4/1NPN2P1/PP2P1RP/RQ1NNK2 w - - 2 16,opening,b3c5,267,b3c5:267;d3c5:266;g5h6:238;e1f3:222;d3f2:210;d1e3:189;g3g4:185;d4c5:171
nk1rr2b/1p6/2pp1pp1/P6p/n1PPpbPP/qB3P2/NN2P2R/K1R2Q1B b - - 1 22,opening,a3b2,-99999,a3b2:-99999;a3b3:-566;a4b2:-529;a4c5:-506;f4c1:-440;e4f3:-415;a8b6:-412;f4e3:-361
1nn2rnn/3p1q2/rp1k1ppp/p1p5/PPP1pNP1/2R1P3/N1KP1P1P/1NR3QN b - - 2 18,opening,a5b4,-153,a5b4:-153;c5b4:-64;d6c7:171;a6a8:225;g6g5:232;d6e7:246;a6a7:262;b8c6:274
r2r1b2/1Bkpp1pq/pn1N3p/5p2/1p1PnN2/1PB3P1/P1P1bP1P/R1K1RQ2 w - - 4 23,opening,f4e2,242,f4e2:242;f1e2:220;e1e2:108;f1g2:4;f1h1:-42;f4d5:-180;f1g1:-189;f4e6:-210
nq1r1b2/3rpk1p/1p3np1/pQ6/P2pPP1P/5R2/N1PP3P/3R2KB w - - 0 22,opening,e4e5,-182,e4e5:-182;f4f5:-183;a2c1:-237;d1f1:-258;b5b3:-259;h1g2:-263;h4h5:-286;d1e1:-294
r1N2rB1/1p1k1pp1/2ppp3/2n5/q2PP1nP/2b3Q1/PPP2P2/R1BK2NR w - - 1 20,opening,c8b6,543,c8b6:543;g3d6:391;b2c3:371;d4c5:263;g3c3:195;g1f3:195;c1e3:10;c8d6:-14
br1n1knr/2Bpp3/p1p2pb1/5PPp/Pp2P3/2NP1N2/1PP3Pq/BR2QK1R b - - 0 15,opening,h2h1,-167,h2h1:-167;h2c7:-16;h2g2:763;b4c3:842;b4b3:844;b8b7:850;h2d6:857;g6f7:860
4nrbk/1N3r1p/3b1pn1/pPqpP3/1P2PpP1/2Q5/2P2P1P/1B1R1RBK b - - 0 18,opening,c5c3,-643,c5c3:-643;c5b4:-259;c5b5:-47;c5c7:105;c5b6:145;a5b4:183;c5a7:186;c5c4:201
kqr2n1b/1p1p1p2/3n4/p1p1p2P/P1P1Q1rb/1P4R1/2NPPPBP/KBR2N2 w - - 9 14,opening,e4g4,360,e4g4:360;g3g4:26;e4d5:-128;e4e3:-190;c2e3:-386;c2a3:-403;e4h7:-421;e4b7:-446
rnq4r/p1pkpp1p/1p1pb2b/1P4pn/2PP4/5P2/P2BP1PP/RN1KQBNR b - - 0 10,opening,h6g7,90,h6g7:90;e6c4:116;c7c6:171;a7a6:208;f7f5:210;d7d8:219;h5f6:225;d7e8:243
1brr1q1k/2p5/1bNn1pp1/1P1pp3/1P3PpP/2nP2P1/2P1Q3/1BR1RKN1 w - - 3 22,opening,e2g4,-176,e2g4:-176;e2d2:-260;e2h2:-343;e2g2:-368;c6e5:-441;c6e7:-496;h4h5:-532;f1g2:-554
1nn1nr1r/1pkp1p2/1pp1p1q1/7p/1P3PpP/2P2NP1/PN1P4/NN1K1RR1 b - - 8 15,opening,g6b1,-920,g6b1:-920;g4f3:-736;c7d8:-729;e8g7:-728;e8d6:-727;f8g8:-727;b8a6:-717;f7f6:-716
q1rnk1nr/2bp1p1p/1ppb2p1/p3p3/2PPNP2/1P6/P3PNPP/QBR1KB1R w - - 0 10,opening,c4c5,198,c4c5:198;d4e5:188;f4e5:141;e4d6:118;e2e3:68;g2g3:36;a2a3:15;f2g4:-10
kr3rb1/1np1npq1/p2p4/4p1p1/N1Q5/1P1P4/P3PR1P/KRN1B1B1 b - - 1 16,opening,b8d8,554,b8d8:554;b8e8:609;b7c5:681;e5e4:735;a8a7:753;b8c8:836;e7c8:903;e7c6:906
nbrr1q1k/1p6/pQ3pp1/2pn3p/P4P1P/1B1p2PN/BP1PP3/N3R1K1 b - - 0 17,opening,a8b6,-690,a8b6:-690;d5b6:-614;f8e7:-523;d5f4:-470;c8c7:-431;c5c4:-405;b8f4:-271;d3e2:-258
rb1b1b1k/1p1rp1pp/p7/7b/2pPPp2/P3qPP1/4BQBP/RB2R1BK b - - 1 20,opening,e3f2,-135,e3f2:-135;b8a7:-114;e3c3:-103;d8b6:-97;e7e5:-89;b7b5:-61;d8a5:-50;h5f7:-14
kbbrbb1q/ppppp1p1/5p2/7p/2rP4/PPPR1P2/2B1P1PP/K1B1BBQR b - - 4 7,opening,c4c6,135,c4c6:135;d7d5:272;g7g5:291;e8f7:296;c7c6:296;b7b5:297;e7e5:300;c4d4:308
1rn3b1/1k2pr1q/p2p2p1/1pp1p2p/PPP2P2/1N5P/3PPBPQ/KRR3B1 w - - 2 15,opening,h2g3,447,h2g3:447;b3a5:442;b4c5:435;f4e5:434;g2g3:427;h2h1:422;f2c5:382;f4f5:371
1q1r1bbr/pkp4p/1pB1pbp1/2Pp1p2/1P1PbP2/8/PK2P1PP/BQ2RBBR b - - 4 12,opening,b7c6,-466,b7c6:-466;b7c8:185;b7a6:99993
kqbbrnnr/p1ppp2p/6p1/1p3p2/2P1P3/6P1/PP1P1P1P/KQBBRNNR w - - 0 4,opening,e4f5,99,e4f5:99;c4b5:67;g1f3:63;d2d4:56;d2d3:48;e4e5:47;f2f3:42;f1e3:37
rr1kbq1b/p1pppppp/3n4/1p6/3Nn3/2BP4/PPP1PPPP/RR1K1QNB w - - 3 5,opening,d3e4,205,d3e4:205;c3e1:50;c3a5:47;g2g3:24;g2g4:-47;f2f4:-79;c3b4:-91;e2e3:-118
1nq2r2/k1p5/p2prn1p/5ppP/Q1P1p1P1/4PP2/PK1N1B2/2RR2NB w - - 0 19,opening,g4f5,529,g4f5:529;f2e1:484;a4a3:478;b2a1:469;c1c3:465;g1e2:462;a4c2:439;c1b1:410
2kqr1rb/2np1p2/p3n2Q/P1p1pP2/b1pPP1PP/2PRB3/1P6/1K3NRB w - - 1 21,opening,d4d5,-288,d4d5:-288;d3d2:-304;d4c5:-326;d3d1:-328;f5e6:-330;h6h5:-352;e3f2:-355;f1d2:-361
1nrqknr1/1pppp1p1/pn5p/N7/P1P2p1n/4PQ2/1PNP1PPP/2R1KNRN b - - 0 10,opening,h4f3,-570,h4f3:-570;b8c6:-102;e7e5:-80;c7c5:-74;b6c4:-44;d7d6:-32;f8g6:0;c7c6:31
1nr2k1q/3rpppp/ppp2n1N/2NpP3/nP1PP3/2P4P/P1N3P1/2NR1RKQ w - - 2 16,opening,c5a4,717,c5a4:717;h6f7:683;e5f6:648;c5d7:587;f1f6:546;e5e6:508;c1e2:507;c5b3:479
qrb3k1/p2p1n2/1p2p3/1PN2p2/2PP2pr/6RP/P1N2PB1/Qn4KR w - - 3 23,opening,g2a8,531,g2a8:531;h3g4:477;a1b1:454;c2e1:436;c5d7:420;f2f4:399;c2e3:393;c2b4:389
qbkrnbrn/1p2pppp/3p4/p1p5/8/2PN4/PPKPPPPP/QB1R1BRN w - - 0 4,opening,a2a4,-81,a2a4:-81;h1g3:-83;e2e3:-92;e2e4:-95;g2g4:-99;c2c1:-100;g2g3:-100;d3e1:-103
b2rkb1r/pp1p1npp/2n2q2/2p1pp2/2P3P1/1P3N1B/PB1PPP1P/1NRQK2R w - - 9 11,opening,g4f5,-13,g4f5:-13;b1c3:-66;d2d3:-111;d1c2:-120;e1f1:-133;b1a3:-136;h3g2:-146;g4g5:-149
nk2rn1q/3p2rp/1pnpppp1/7n/1P5P/p2PPP2/P1P3P1/NK1RNRQ1 w - - 0 18,opening,g2g4,-423,g2g4:-423;c2c4:-424;g1h2:-429;c2c3:-463;f1f2:-478;b4b5:-480;a1b3:-491;d3d4:-496
rbq1r1kb/pp1ppppp/2p3n1/8/2P2P2/1P4N1/P2PN1PP/RBQ2RKB w - - 0 8,opening,b1g6,315,b1g6:315;d2d4:259;g3f5:247;a2a4:238;b1c2:226;b1e4:212;b1d3:202;f4f5:188
k1brq2n/3p3p/pp1br2n/4ppp1/1P6/2QP1PN1/PKP1P1PP/1B1R1RN1 w - - 2 16,opening,e2e4,-347,e2e4:-347;a2a3:-418;g1h3:-432;a2a4:-445;c3a3:-449;b2a1:-456;c3b3:-464;f1e1:-474
krq1b1nb/1pp1p2p/p1np1rp1/5N2/4P3/P1P5/1P1P1PPP/KRQNBR1B w - - 0 7,opening,f5e3,127,f5e3:127;f5g3:41;f5h4:-59;f5d4:-153;f5d6:-225;f5e7:-280;d1e3:-286;g2g4:-292
2n1qrr1/1nk2p1Q/P1p1p1n1/1p1P2p1/6PP/2P2P2/P2P1RR1/NNK4N b - - 4 23,opening,b7c5,-177,b7c5:-177;g8h8:-142;b7d6:-69;b7a5:-62;b7d8:-56;c8d6:125;g6f4:152;c6d5:167
kb1b1brb/2pprppp/4p3/Pp1q4/7P/P3P1P1/2PPRP2/KBQB1BRB w - - 1 8,opening,c2c3,511,c2c3:511;h1d5:484;f1h3:459;d2d4:458;c2c4:453;f2f4:452;h4h5:443;c1b2:436
1qbrr3/bpp1k1pp/3P1p1n/p7/P3p1P1/2KR1P1P/1PP3N1/QBB3NR b - - 0 16,opening,e7f8,52,e7f8:52;d8d6:111;c7d6:112;e7f7:173;e7d7:256;e7e6:510
k1rnqrbb/p1pp1pp1/2n4p/1p5P/1P2p3/2PPP3/P4PP1/KNRNQRBB b - - 0 6,opening,f7f5,-220,f7f5:-220;e4d3:-173;c6e5:-167;g7g5:-143;d8b7:-135;a7a5:-128;c8b8:-109;a7a6:-106
k3br1b/1p4p1/2q2p1n/p1Qrp2p/Pp2P3/5NPP/K2P1P2/1N1RBR2 b - - 0 18,opening,c6a4,-916,c6a4:-916;d5c5:-854;c6c5:-740;b4b3:-647;e8f7:-609;d5d2:-512;d5d3:-305;g7g5:-291
k1br1bq1/bpp4r/p1b1p1p1/3p1p1p/1P6/2BP1P1P/P1P1P1P1/KBBR1BRQ w - - 0 11,opening,d3d4,-188,d3d4:-188;e2e3:-274;f3f4:-282;h1h2:-284;g2g3:-285;a2a3:-285;c3e5:-288;h3h4:-289
b1k2qn1/p1rp3r/P1p1p3/1p3ppp/1PPPP1Pn/5P2/B5P1/B1RQKNNR w - - 0 20,opening,h1h4,407,h1h4:407;g4f5:346;g2g3:344;h1h2:300;g4h5:283;d4d5:280;c4c5:266;e4e5:241
kq1r1b1n/2p1np1p/p4Bb1/1pPp1P2/1P4Pp/P3P1N1/3PN3/2KRRB2 b - - 4 20,opening,h4g3,-265,h4g3:-265;e7c6:-177;h7h5:-145;d8d7:-141;c7c6:-134;b8c8:-129;d8e8:-118;a8b7:-95
b1r1knrn/3pq1pp/1p1b4/p4PP1/PPp4N/3PP3/2PQ3P/1BR2KNR b - - 1 16,opening,a8h1,-537,a8h1:-537;e7g5:-486;f8g6:-468;h7h6:-445;f8e6:-421;d6b4:-416;c4c3:-382;h8f7:-366
1kb5/p2p1rBr/4p2n/1np1Pp1p/1PPq3b/5P2/P4RPP/QK2N1NR w - - 1 15,opening,a1d4,-440,a1d4:-440;c4b5:-583;e1c2:-617;a2a3:-672;a1b2:-684;a2a4:-711;b1c1:-930;g2g3:-979
3n2rr/1p2pp1p/4kn2/1Np5/n1pP3p/5qPP/PPK1PP1R/1Q1N1RN1 w - - 0 17,opening,g1f3,675,g1f3:675;e2f3:597;b5c7:483;d4d5:372;b2b3:29;c2c1:20;c2d2:-8;d1c3:-8
r2bbbrk/1b3ppp/3pp3/pB6/1B3q2/4PP2/P1PP1BPP/R1QB2RK b - - 0 14,opening,f4f5,106,f4f5:106;f4f6:144;f4h6:205;f4g5:261;a5b4:265;f4e5:280;e8b5:293;f4b4:318
br1qk2r/2p1n1pp/3p1b2/pp2Pp2/2N5/2P4B/PP1PPK1n/BR1Q2NR b - - 4 14,opening,f6h4,-671,f6h4:-671;d6e5:-464;f6e5:-454;a8h1:-454;h2g4:-437;b5c4:-361;f6g5:-306;h7h5:-276
1nr4q/1pppr1kn/5p2/p3p1pp/3NP2P/NP2PP2/P1Pn1KP1/NR1RN2Q w - - 2 18,opening,d4f5,577,d4f5:577;d1d2:380;d4e2:357;f2g1:327;f2e2:305;d4b5:273;d4e6:259;a3b5:244
k4bqr/2rpp2p/3B1pb1/p5p1/p1B5/1P1b1PQ1/B2P2PP/K1B2R1R w - - 4 16,opening,c4g8,520,c4g8:520;d6c7:501;d6a3:342;c4d3:340;d6c5:326;g3f2:279;c1b2:259;f3f4:244
r2qkn1r/pppppppp/n6n/1n6/8/2PN1P2/PP1PP1PP/RNQ1KNNR b - - 0 5,opening,d7d5,-27,d7d5:-27;c7c5:-22;f7f6:-20;c7c6:-20;b5d6:-10;f8g6:4;e7e6:19;a8c8:33
2b5/2kprp2/n5pp/P1b5/PNP3PP/5B1N/1B1PP3/R2K1R1q w - - 7 20,midgame,b4d5,899,b4d5:899;b4a6:826;f1h1:722;f3h1:717;b2e5:565;h3g1:182;f1e1:-160;f1g1:-207
bkbrb1b1/pppppr1p/1B4p1/5p2/3q3P/5PB1/PPPPP1P1/BKBR1R1Q w - - 2 5,opening,g3c7,99999,g3c7:99999;b6c7:99999;b6d4:626;g3f2:381;b6a5:115;b6a7:-147;b2b3:-180;d2d3:-190
1k2bq2/1p2pprp/rb3Pp1/p2p4/1P1p1P1R/1K2P1b1/P1P2QB1/RB1BB3 w - - 1 15,opening,f6g7,286,f6g7:286;f2g3:274;f6e7:168;f2d2:-1;f2f3:-120;f2f1:-137;f2g1:-139;f2e2:-164
b1q1br2/1ppp4/2n1k1rp/p2npppP/N1P1P3/PP4P1/1Q1P1PK1/BN2BRR1 w - - 3 16,opening,c4d5,422,c4d5:422;e4d5:413;e4f5:378;a4c5:363;f2f3:325;h5g6:314;d2d4:299;d2d3:282
nn1knr1r/p1pp2p1/1p1np2q/3N1p1p/P2P4/5PP1/1PPNP1QP/N1K1NR1R w - - 8 12,opening,d5c3,64,d5c3:64;d5f4:63;d5b4:45;d5e3:-302;d5b6:-328;e2e4:-332;d5c7:-336;f3f4:-353
bkr3Qr/2p3p1/6p1/1p1p1p2/Pb2Pb2/5Bq1/1KPP1P1B/B3R2R b - - 1 22,midgame,g3f3,-521,g3f3:-521;f4e5:-426;g3f2:-419;g3h2:-417;c8g8:-379;b4a3:-344;b4c3:-343;h8g8:-323
nnr1n2n/1p3pq1/3P1k1r/1NP3p1/P2Pp1Pp/N3N2Q/4PP1P/2R2KRN w - - 1 22,opening,f2f4,786,f2f4:786;e3f5:773;a3c4:756;f2f3:744;b5c3:723;a4a5:718;a3c2:716;h3g2:716
rbrb2bk/1pp3bQ/2Bpp3/p5pp/P4q2/2PB4/1PRP1PPP/2R2BBK b - - 5 18,opening,g8h7,-485,g8h7:-485
r1r2nkn/pqbp3p/1pp1p1b1/5p2/3PPQp1/1P5P/P1PB1PPK/RR1B1N1N b - - 1 11,opening,c7f4,-512,c7f4:-512;f5e4:-499;g4g3:-416;h8f7:-266;c6c5:-217;b7b8:-185;e6e5:-133;g4h3:-132
b1bbrrk1/4p3/pPpp4/5p1p/2Pb3P/3PP3/Q3R1P1/B3BRKB w - - 4 14,opening,c4c5,681,c4c5:681;e3d4:634;b6b7:590;g2g3:581;g1h2:574;a1d4:573;e1a5:559;a1b2:545
r1br2b1/pp1ppk1n/2p3n1/5ppp/1P2Pq2/3K2P1/P1PP1P1P/RQBR1NBN w - - 6 9,opening,g3f4,475,g3f4:475;b1b3:-21;d3c3:-389;f1e3:-413;d1e1:-439;f2f3:-440;d3e2:-450;c2c4:-457
r2qknbr/3p1p2/pp2B2p/n1p3Q1/2PP2Pp/P3PPb1/1P1KN3/R4NBR w - - 0 19,opening,g5d8,79,g5d8:79;g5g7:-53;e6d7:-235;g5h5:-263;e6f7:-263;g5f5:-372;e6d5:-451;f1g3:-457
rrn4b/1pqN1k1b/p1ppppp1/Q6P/P1P2n2/3P1N2/1P3P1P/R2R1KBB b - - 2 17,opening,c7a5,-591,c7a5:-591;c7d7:-501;b7b6:-4;f4d5:174;c8b6:241;c7b6:497;c8e7:530;g6h5:615
rqbk1r2/ppppn3/6pp/4p3/1P1nP2b/B2P4/P1PK1PP1/RQ1NNR1B w - - 0 13,opening,c2c3,-21,c2c3:-21;b4b5:-51;d1e3:-110;a3b2:-119;a3c1:-129;e1f3:-132;g2g3:-138;b1b2:-161
rbb2b2/pQp2k1B/Bp1rpP2/3p4/3P2p1/6Pp/PP3K1P/R1Bb4 b - - 0 22,opening,c8b7,-311,c8b7:-311;d6d8:356;f8e7:462;d1c2:464;d1f3:498;b6b5:507;d1e2:516;c8d7:555
1bqbrbrk/3p1ppB/1pp1p3/p1P4p/5P1P/5bP1/PP1PP1RK/B1QBRB2 b - - 2 8,opening,f3g2,-152,f3g2:-152;h8h7:-146;d8h4:-54;e8e7:18;b8f4:62;d8c7:108;f8c5:113;f7f5:120
n3rnkq/7p/2p1pr1n/ppn2p1P/PPP3Q1/N3NPp1/3PP1P1/1N1R1RK1 b - - 3 23,opening,f5g4,-653,f5g4:-653;h6g4:-600;h8g7:-203;g8f7:-148;f8g6:-112;f6g6:-53
4rrnn/pp1pkpp1/1n1np3/2p2N1p/PPP5/4P1q1/Q2P1PPP/N1NKRR1N b - - 2 9,opening,d6f5,580,d6f5:580;e6f5:613;e7d8:673;e7f6:718
bk1rbrbq/1p2pppp/2pp4/p7/4P1b1/2PP4/PP2RPPP/BKB1BRBQ w - - 1 7,opening,f2f3,276,f2f3:276;e2c2:76;e2e3:76;e2d2:61;c1g5:-257;c1e3:-383;c1f4:-385;c3c4:-422
1b5r/4k1p1/rp1p2bp/7P/2Q3q1/2P1Pp2/1BP1P1B1/RB2K2R b - - 2 22,midgame,g4c4,-546,g4c4:-546;f3g2:-412;f3f2:-391;g4g3:-165;g4g2:-82;g4g5:324;g6e4:343;g4f5:409
n1q1r1r1/1pk3pp/2ppp2Q/p1nn4/2PP1P1P/1P2P1n1/4R2N/N1NK1RN1 b - - 4 21,opening,g7h6,-761,g7h6:-761;d5c3:-761;d5e3:-677;g3f1:-574;g3e2:-510;c5e4:-493;g3f5:-457;c5b3:-445
brk1qrb1/pp1ppppp/2p1n1n1/8/2P2P2/7P/PPKPP1P1/B1RNQRBN w - - 0 6,opening,g1a7,265,g1a7:265;f4f5:264;d2d3:214;b2b3:203;d1c3:201;c2b1:190;b2b4:189;h1g3:184
2rnb1rb/k1p1p1p1/5p2/pB1p3p/P4P2/1P1QqnPP/N1P2N2/KR5R w - - 5 22,opening,d3e3,567,d3e3:567;d3d5:-393;b5e8:-397;d3h7:-398;d3d1:-406;h1d1:-413;c2c3:-420;d3f5:-425
1brb1bk1/7p/rpp1bQ2/p2p1PpP/PP2p1P1/R3P3/B1qP3K/2RB1BB1 w - - 0 17,opening,h2h1,181,h2h1:181;h2h3:109;h2g2:-473;f6e5:-618
b2rkb1r/4p1p1/pQpp1n1p/1pn2p1P/2P5/P1N3PN/1P1PPPB1/B1KR4 b - - 9 17,opening,f6d7,419,f6d7:419;b5c4:419;e7e5:426;e7e6:455;g7g5:457;g7g6:458;a8b7:480;c5b3:502
rbrbb1bk/p1pp1p2/6p1/1p2p2p/1q3P1P/3PP1P1/PPP5/RBRBBQBK w - - 1 6,opening,e1b4,708,e1b4:708;a2a4:179;c2c4:174;c2c3:137;e1c3:124;a2a3:109;b2b3:54;f4e5:-7
1kbrbqrb/p1ppppp1/8/1p1b3p/3P3P/2B1B3/1PP1PPP1/B1KR1QRB w - - 2 7,opening,g2g4,-14,g2g4:-14;g2g3:-31;b2b3:-60;f2f3:-78;e3d2:-78;e3f4:-84;f1e1:-89;e3g5:-92
1qbb2rr/2pppkbp/ppb5/8/P1P2p2/1PBPP3/4BP1P/1QB1KBRR w - - 4 9,opening,e2h5,636,e2h5:636;c3g7:496;g1g7:420;d3d4:305;b1c2:143;b1b2:143;c3a1:133;b1a1:133
brq1rbbb/p1kpp1p1/5p2/1pp4p/1P1P4/2B1P3/P1PK1PPP/1RQ1RBBB w - - 0 8,opening,b4c5,300,b4c5:300;d4c5:163;c1a3:125;d4d5:84;f2f3:72;e3e4:72;f2f4:65;a2a4:4
bkn1rqrn/p1pp1p2/4p1p1/1p6/2P2bP1/1PNNP2p/P1BP3P/BK2RQ1R b - - 0 11,opening,f4d6,123,f4d6:123;f4g5:161;f4h6:168;a8h1:235;b5c4:241;b5b4:250;f4e3:302;f7f5:323
2nrnr2/ppp2kpq/n2p1p1p/5p2/P1nP4/NP3N2/2P1P1PP/N1NR1RKQ w - - 2 11,opening,b3c4,295,b3c4:295;a3c4:257;f3g5:-178;d4d5:-271;a3b5:-291;g2g3:-293;g2g4:-305;f3h4:-306
r1n1k1nr/p1pqpp1p/np4n1/3p2p1/6PP/2PQ1N1R/PP1PPP2/RNN1KN2 b - - 5 9,opening,a6c5,-71,a6c5:-71;a6b8:0;h7h5:61;b6b5:105;d7g4:136;f7f5:152;g6f4:202;g5h4:248
rknq4/p6r/1p1p1npp/2P1pp1b/P1P3PP/R4N2/2KPPP2/2N1BB1R b - - 1 14,opening,f5g4,-557,f5g4:-557;h5g4:-550;f6g4:-465;e5e4:-405;d8c7:-370;d8g8:-360;d8e8:-360;d6c5:-348
rrqbk2n/pppnp3/5ppp/B1Pp3N/3P4/P3P1NP/1P2QPP1/Rb3BK1 b - - 2 18,opening,c7c6,-128,c7c6:-128;b1e4:-115;b7b6:-55;f6f5:-28;e7e6:-11;b1a2:2;e8f7:85;b1c2:96
1qrb1bk1/b1p5/3p2pp/1P6/BP6/3P1BPB/6rP/B1R1R2K b - - 2 23,midgame,g2f2,-173,g2f2:-173;d8g5:-38;g2g1:0;g2d2:136;a7e3:147;g2a2:148;g2g3:153;d8f6:163
2rk2nb/p2bprpp/2p2p1P/1P1p4/n1p2PP1/2N2K2/1Q1P2B1/R1B2RN1 b - - 4 21,opening,a4b2,176,a4b2:176;d7g4:408;c6b5:459;f6f5:491;a4b6:495;g8h6:496;a4c5:501;a4c3:522
qbr2krn/p1p1p1p1/2bpnp2/1p1P3p/7P/2N1P1P1/PPP2P2/QBR1BKRN w - - 0 7,opening,d5c6,303,d5c6:303;e3e4:140;a2a4:101;g3g4:52;b2b3:32;f2f4:11;d5e6:-25;a2a3:-27
bb1brbrk/pqpppp2/7p/1p4pP/6P1/3PPP2/PPP5/BBQBRBRK b - - 0 6,opening,e7e5,-72,e7e5:-72;c7c5:-55;d7d5:-40;b7b6:-36;f7f5:-34;e7e6:-24;g8g7:-15;b5b4:0
1nkrrqnn/1ppppp2/1n4pP/p7/P7/5N2/1PPPPP1P/NNKRRQ1N b - - 0 5,opening,f7f5,-57,f7f5:-57;f8h6:-34;g8h6:-30;b8c6:-28;e7e5:-17;e7e6:-11;b6a4:-9;g6g5:30
rr1kb1n1/pp1pnpbp/2p2qp1/1P2p3/3P4/1RQ3P1/P1PBP2P/R1NK2NB w - - 3 10,opening,d1e1,-205,d1e1:-205;g1f3:-225;c3f3:-231;d2e1:-285;d4e5:-295;b5c6:-298;a1b1:-313;c1d3:-321
b1r1brkb/pp1ppppp/2p3Q1/8/P3P3/1q4b1/BPPP1PPP/B1R1BRKB b - - 0 6,opening,g3h2,-67,g3h2:-67;g3f2:-33;b3a2:24;h7g6:32;g3e5:38;g3c7:63;b3a4:83;g3b8:91
nrnnkqrn/pp3pp1/2p1p3/3p3p/3P3P/1NN5/PPP1PPP1/1RN1KQRN b - - 0 5,opening,f7f5,0,f7f5:0;f8e7:22;h8g6:30;a8b6:50;g7g6:58;f7f6:61;c8d6:62;a8c7:64
1br1br1b/1bp3pk/2Bp4/B1P2p1p/P2p4/3Q2P1/1P2PP1P/B1R1R2K w - - 0 17,opening,c6b7,752,c6b7:752;c6f3:562;c6g2:539;d3f5:387;f2f3:379;c5d6:350;h1g1:298;d3a3:264
bnkqrnrb/p1ppp2p/6p1/1pP5/5p2/3P3P/PP2PPP1/BNKQRNRB w - - 0 5,opening,b1a3,-124,b1a3:-124;d1b3:-131;g2g3:-132;f1d2:-144;g2g4:-148;b1c3:-156;e2e3:-160;d1d2:-163
nrnnkqrn/pp3ppp/3p4/2p1p3/4P3/1N4P1/PPPP1P1P/1RNNKQRN w - - 0 4,opening,d1e3,61,d1e3:61;f2f4:58;b1a1:48;c1e2:46;d2d3:40;f2f3:32;g1g2:21;h2h4:8
krq1brnb/pppppp1p/8/4n1p1/8/3PNNP1/PPP1PP1P/KRQ1BR1B b - - 0 4,opening,e5f3,70,e5f3:70;f7f6:140;h7h6:162;d7d6:163;f7f5:182;e5c6:188;c7c6:191;h8f6:196
1k3bbb/rb1r1pp1/p2p2q1/1p4R1/1P2pPp1/2p1P2B/P2Q3P/RKB3BB b - - 9 21,opening,c3d2,-667,c3d2:-667;g6g5:-505;g6h7:-447;g6e6:-426;f7f5:-420;f8e7:-420;d7c7:-411;g6h6:-399
r4rnb/1kq1ppp1/pp1p1n2/2p1N3/B1PP1P1p/1P3RPb/P3P2P/RQBK2N1 w - - 2 14,opening,a4c6,230,a4c6:230;g1h3:230;b3b4:64;e5f7:1;e5g6:-28;g3g4:-38;d4d5:-70;d4c5:-93
nbbr1rnk/1pppp1pp/8/p4p1q/3P4/8/PPPQPPPP/NBBR1RNK w - - 0 4,opening,d2a5,68,d2a5:68;f2f4:33;g1h3:26;d2c3:-9;d2g5:-18;c2c4:-20;g1f3:-29;f2f3:-31
4k1nn/p1nr1r1p/3q2p1/N1p1pPP1/1n3P2/P7/1PPPNRKP/2Q1R2N w - - 3 23,opening,a3b4,271,a3b4:271;h1g3:191;f4e5:175;e2g3:175;f5f6:164;d2d3:158;e2c3:151;g2g1:145
rkbrq1bb/pp1p1ppp/2pb4/4p3/4PP1Q/8/PPPP2PP/RKBR1BBB w - - 2 4,opening,f4e5,210,f4e5:210;d2d4:190;d2d3:178;a2a4:175;g2g4:172;h2h3:146;f4f5:145;a2a3:140
k1rb1r1q/pp2pb1B/8/2p2pp1/P1PP1PP1/2K2Bb1/4P2P/2RBBRQ1 b - - 2 10,opening,g3e1,-149,g3e1:-149;d8a5:-95;c5d4:-20;g3f4:107;f7c4:196;g3h4:212;h8f6:219;f5g4:229
krq1brn1/pppp1p1p/2n2b2/4p3/3P1QPp/5B2/PPP1PP2/KR1NBRN1 w - - 2 9,opening,d4e5,-80,d4e5:-80;f4d2:-184;f4c1:-218;f4h2:-236;f4f5:-248;f4e3:-259;f4e4:-267;f4f6:-673
bkr1qbbr/2bppppp/8/1pp5/p3PPP1/4BB2/PPPP3P/BKR1QB1R w - - 2 6,opening,b2b3,246,b2b3:246;e3c5:242;f1b5:240;d2d4:225;e1f2:224;f1g2:193;e1e2:192;h2h4:191
nnk2rrq/1ppp2pp/5p2/p3p3/NP1nnN2/P3N1P1/2PP1P1P/N1KR2RQ b - - 3 11,opening,e4f2,-259,e4f2:-259;f6f5:-150;e5f4:-145;g7g6:-90;b8c6:-81;e4d6:-80;e4g3:-74;g7g5:-42
bqrb1brb/4k1p1/1p2pp2/2pp2R1/8/pPPPP2B/PB3P1P/1QRBK2B w - - 1 17,opening,g5g6,-105,g5g6:-105;b2a3:-113;d1g4:-154;b2a1:-207;h3e6:-224;g5g3:-255;h1d5:-267;g5h5:-300
b1qk2r1/pp1pr1bB/1bB1pp2/4b1pp/1P4P1/2P5/5QRP/B3K1RB b - - 7 23,opening,b6f2,-728,b6f2:-728;c8c6:-619;g8h8:-615;g8f8:-584;g8e8:-572;g7h6:-566;f6f5:-558;b7c6:-543
bkbrbrbq/pppp2pp/5p2/3Q4/4pP2/6P1/PPPPP2P/BKBRBRB1 w - - 0 4,opening,g1a7,272,g1a7:272;d5e4:15;e1f2:-65;d5d4:-82;d5b5:-94;d5c5:-95;d5a5:-175;d5f5:-409
n1r1k2n/p1p1qpp1/3r1n2/1pnpP2p/4N1Q1/PPP1N3/4PPPP/NNRR2K1 b - - 3 14,opening,f6g4,-488,f6g4:-488;h5g4:-378;d6e6:358;f6e4:375;a8b6:471;c5e6:477;e8d8:492;f6d7:516
rbbk1brb/ppp2ppp/3q4/P2pp3/1P6/2P4P/3PPPP1/RBBKQBRB w - - 1 6,opening,b1h7,206,b1h7:206;a5a6:87;e2e4:81;g2g4:80;g2g3:72;e2e3:67;b1c2:61;b4b5:54
kr2q1rn/p2pppp1/np4n1/5n2/1p2P1p1/2PP2P1/PK2QP1P/1NRN2RN w - - 0 14,opening,e4f5,52,e4f5:52;d3d4:-293;b2a1:-392;b1d2:-430;e2g4:-474;g1e1:-476;b2b3:-490;a2a4:-496
nr1rqbbk/pp1pp2p/2Bn1p2/6p1/1P4PP/P1P5/3PPP2/NRNRQ1BK b - - 0 7,opening,d7c6,-357,d7c6:-357;e8g6:-337;b7c6:-328;h7h5:-157;f6f5:-101;g5h4:-91;e7e5:-78;a8b6:-67
bn1kq1rr/1ppp1ppp/p4b2/4p2B/1P4P1/2B1P1RP/P1PP1Pn1/1NK1QN1R w - - 3 8,opening,g3g2,131,g3g2:131;e1e2:76;e1d1:57;h5f7:-257;g4g5:-492;e3e4:-540;f1h2:-546;b4b5:-562
qbknrnrb/ppp1p2p/6p1/5p2/4p1P1/PP2N3/2PP1P1P/QBKNR1RB b - - 0 6,opening,h8a1,-592,h8a1:-592;f5f4:-266;h7h5:-206;e7e6:-144;f8d7:-144;h8g7:-71;f8e6:-61;c7c6:-60
3kbnnr/qb1p1pp1/p1p1p3/1r4Pp/1p2P1NP/2B2P2/PPPPK3/QRB3NR b - - 2 15,opening,h5g4,-276,h5g4:-276;b4c3:-208;e6e5:-29;f8g6:-24;h8h7:-23;d7d5:-4;a7c5:79;f7f5:93
1r1bqbbk/rp2pp2/6pp/b1P1p3/p1PP2BP/8/P4PPB/RBR1QB1K b - - 3 13,opening,a5e1,-388,a5e1:-388;d8c7:-138;f8g7:-30;f7f6:-13;a5c7:17;e5e4:50;h8h7:91;b8a8:98
kn4nr/npp3p1/2N1p2p/r2NN3/8/1P3P2/P1q1P1PP/K4RNR w - - 1 23,midgame,d5c7,99999,d5c7:99999;c6b4:-433;c6a5:-495;d5b6:-506;d5b4:-558;d5c3:-809;a2a4:-880;a2a3:-99999
kn2r2n/2rp1p1p/p7/1pp1n1pP/1PP1pPN1/P5P1/K3P1R1/1NR1qN1N w - - 0 23,opening,c1e1,-18,c1e1:-18;f1e3:-681;a2b2:-694;f4e5:-696;g4e3:-724;c1d1:-733;c1c2:-742;c4b5:-755
b1rq1b2/2p1k1pr/1pQp3p/p3Pp1n/2P3P1/P3K2P/nP1PP3/BNR1NB1R w - - 2 16,opening,c6b5,-322,c6b5:-322;c6a4:-374;e5d6:-378;c6a8:-514;f1g2:-602;c6f3:-614;c6g2:-618;c6d5:-653
qnnk1nrr/pp2pppp/2p5/3pQ3/2n5/1P4P1/P1PPPP1P/1NNKNNRR b - - 1 5,opening,c4e5,-767,c4e5:-767;b8d7:-55;c4d6:-51;f8d7:-47;f7f6:-45;f8g6:-25;c4b6:-24;c4a5:-16
2n2rr1/p2k1ppp/n2p4/1p1nq3/2pPPp1P/PPPN4/2N1K1R1/1N2Q1RN w - - 1 17,opening,d3e5,653,d3e5:653;d4e5:595;d3c5:459;e2d2:287;e2f1:229;d3f2:174;h1f2:135;b3c4:96
kn1rqbr1/1ppp1p1p/p2np3/6p1/2PbP1PP/8/PP1NNP2/K1R1QBRB w - - 0 9,opening,e2d4,409,e2d4:409;c4c5:125;h4g5:92;a2a3:83;f1g2:74;d2b3:59;a1b1:28;c1c2:-15
3rbkrn/1ppppp2/6p1/B4N1p/q3NnP1/PPP1bP2/1Q2P2P/1BR2KR1 b - - 6 15,opening,a4a5,-35,a4a5:-35;a4b5:133;g6f5:267;a4e4:274;b7b6:286;h5g4:313;e3g1:327;a4c6:333
b1rqr2k/3p2pp/2p2p2/ppb1p3/2PB1PB1/P2PP1P1/b5KP/BBRQ2R1 b - - 0 13,opening,e5d4,158,e5d4:158;c5a3:230;c5d4:275;a2b3:308;c5f8:325;c5d6:351;c5e7:374;a2b1:385
k1rbnnrb/qpppppp1/7p/p7/P3P3/3P2P1/1PP2P1P/KQRBNNRB b - - 0 4,opening,a7f2,-75,a7f2:-75;e7e5:-22;g7g6:-6;c7c6:10;a8b8:24;g7g5:38;c8b8:57;e7e6:62
1r1b2rk/2pb1p1B/1p5B/p2pp1p1/P5PP/1QP1PP2/3P4/q1B2R1K w - - 3 18,opening,h7g8,327,h7g8:327;b3d5:213;h7c2:138;h7d3:94;h4g5:-86;h1g2:-94;h7f5:-98;h1g1:-160
rrq4b/ppp2p2/2npk1pp/1P2P3/3PP1n1/1b4PP/P1PNNQ2/R1RKBB2 w - - 5 19,opening,h3g4,709,h3g4:709;f2f4:572;f2f3:569;e2f4:552;f2g1:550;d4d5:469;c2b3:121;a2b3:67
bqr2bkb/2b2r2/ppp5/3pppPp/1P1P2P1/P1B4K/2P1PP2/1QRBRB1B w - - 1 19,opening,g4h5,-151,g4h5:-151;g4f5:-196;h3g2:-298;e2e3:-300;g5g6:-302;e2e4:-321;h1d5:-353;c3d2:-361
n2krrqn/2pnn3/p5pp/1p1p1P2/P2P3P/1PP2Q2/4PP2/NNNKR1R1 w - - 3 14,opening,f3d3,-193,f3d3:-193;a4b5:-209;a1c2:-213;f3h1:-213;e2e4:-225;b1d2:-236;f3h3:-251;c1d3:-254
bkqrbb1r/pp2B2b/2pp4/5ppp/8/4PPP1/PPPPB2P/BKQ1R1BR b - - 1 7,opening,f8e7,-219,f8e7:-219;d8d7:160;e8g6:260;b7b6:271;c6c5:275;h8g8:275;b7b5:290;f8g7:292
rrn1b1nb/1k3p1p/3p2pq/pp2p3/PP4P1/3PBP1N/2P1Q2P/RR1K3B w - - 1 16,opening,e3h6,532,e3h6:532;h3g5:85;b4a5:8;h1g2:-11;h3g1:-50;a4b5:-109;f3f4:-110;h3f2:-193
2rkr1n1/n3p1p1/p2p1n2/p4p2/Pn1PPP1P/7N/RP1RK1QP/2q4N b - - 4 20,opening,f6e4,-969,f6e4:-969;c1c4:-906;c8c2:-892;c1d2:-821;b4c2:-802;f5e4:-797;b4a2:-793;a7c6:-770
nqnkrr1n/p3pppp/3p3n/1pp5/1PPP2P1/8/P3PP1P/NQNKRRNN w - - 0 5,opening,b4c5,127,b4c5:127;g4g5:76;d4c5:2;g1f3:-14;b1e4:-52;h1g3:-86;b1c2:-92;e2e4:-113
1kqbrb1b/rpppp2p/p3bp2/8/1P2P2p/3P1P2/P1P1B1P1/RKQ1RBBB b - - 1 7,opening,e6f7,-114,e6f7:-114;c7c5:-105;a7a8:-78;h8g7:-78;b7b6:-72;e6g8:-64;c7c6:-57;f6f5:-55
r1nq4/p1k5/npp1p1p1/5pnp/2P3P1/1P1R1NNP/1P1KPP2/1RN2Q2 b - - 5 22,opening,c8d6,322,c8d6:322;g5f3:377;d8f6:397;d8e7:414;d8d6:550;d8g8:561;d8h8:589;h5g4:597
3nrr2/2pn1n1k/q2p1ppp/pp2p2P/2N1PnP1/3P1R2/PPP2N2/Q1N1R1KN w - - 0 15,opening,h5g6,-248,h5g6:-248;c4e3:-273;f3f4:-313;c4d2:-315;c1e2:-343;h1g3:-347;c4a3:-364;e1d1:-406
rkn1b1nr/p2pbp2/2pqp2p/1p4p1/PP4PP/K1PPP3/1Q2NP2/R3BBNR b - - 0 12,opening,c8b6,-149,c8b6:-149;a7a5:-134;g5h4:-120;h6h5:-43;f7f5:-13;a7a6:47;d6d3:65;g8f6:72
n1nbrqrb/1k4p1/2pp1p2/p1p1p1Pp/P4P2/1N1P4/1PP1P2P/NK1BRQR1 w - - 0 10,opening,g5g6,-109,g5g6:-109;f4e5:-225;d3d4:-260;e2e4:-267;f1h3:-267;g5f6:-274;e2e3:-278;c2c3:-299
4bkrn/p4p2/rb3p2/1P1p1Bpp/PnpQ4/1PR4P/3PPPK1/4B1RN b - - 1 21,opening,b6d4,-30,b6d4:-30;e8b5:392;f8g7:447;e8d7:449;h8g6:493;g8g6:501;g5g4:513;a6a4:529
rnb1kb2/4ppp1/pq6/P1pp2pr/1pP2b1P/R5QN/BP1PP3/2B2BKR w - - 8 17,opening,a5b6,207,a5b6:207;h3f4:-94;g3f4:-140;g3g2:-223;a3f3:-258;g3f2:-266;g3f3:-273;a3d3:-312
bqn1r1rk/pp4p1/3pp3/nbP2pR1/1Q6/2PN4/P2PPPNP/B3BR1K w - - 2 12,opening,b4h4,99999,b4h4:99999;g5h5:99999;c3c4:784;c5d6:691;b4a5:658;b4b5:628;f2f3:614;h1g1:597
bkbrb2q/1p1pBp1p/7r/4p3/2p2P2/Pp1PP1QP/1BP3P1/KR2R2B w - - 0 19,opening,b2e5,605,b2e5:605;d3c4:500;c2b3:499;f4e5:491;e7d8:475;b1c1:456;g3g5:432;g3f2:432
br2k1nr/p5pp/n1p2p2/Ppbp4/3P4/2RP2PP/P3BP1R/1N3KN1 w - - 1 20,opening,d4c5,-52,d4c5:-52;c3c5:-215;e2h5:-435;b1d2:-543;f2f4:-556;e2g4:-560;b1a3:-563;h3h4:-581
rbrbqbbk/1p1ppp1p/2p5/p5P1/P7/5P2/1PPPP1P1/RBRBQBBK b - - 0 4,opening,f7f6,-123,f7f6:-123;e7e5:-26;d8c7:-22;f8g7:-13;c6c5:-7;e7e6:9;f7f5:53;a8a6:65
k3bb2/1p2pp2/2p4r/3pqP1n/1Q4pp/rP1P2PN/P1P1P2P/RKN2BBR w - - 4 21,opening,b4a3,629,b4a3:629;g1d4:505;e2e4:363;h3f2:351;h3f4:341;g1c5:332;b4g4:328;d3d4:325
brrkbbbq/p1pp1p1p/1p6/4p1p1/5P2/4P3/PPPPK1PP/BRR1BBBQ w - - 0 4,opening,b2b3,-81,b2b3:-81;e1g3:-101;d2d3:-123;e1f2:-129;f4e5:-148;b2b4:-155;d2d4:-159;c2c4:-165
knnqrn1r/pppp1p1p/5n2/4p1p1/3P4/P5N1/1PP1PPPP/KNNQR1NR w - - 1 4,opening,g1f3,55,g1f3:55;g1h3:53;d4e5:46;e2e4:31;d4d5:8;c1b3:6;e2e3:-4;f2f3:-24
rbb2brb/1pk3p1/2p5/p2pqpp1/1P1p4/2P2PQ1/P1B1P1RP/R1BK1B1B w - - 0 12,opening,g3e5,382,g3e5:382;g3g5:-196;e2e4:-198;c1g5:-214;f3f4:-224;b4b5:-225;c3d4:-234;b4a5:-288
b1b1rrkb/ppq5/1b1pp1p1/2p2p1B/1PPPPB2/P4PPP/4R2K/BQ3R1B w - - 2 13,opening,b4c5,335,b4c5:335;h5g6:325;d4c5:320;e4f5:245;f4d6:221;g3g4:178;f4h6:149;h1g2:139
qkr1nbbr/1pp5/2n3pp/p1Bppp2/P6N/5P2/1PPPP1PP/QKR1NB1R w - - 0 10,opening,c5f8,275,c5f8:275;h4g6:-52;e1d3:-168;a1a3:-169;c5a3:-169;d2d4:-170;b2b4:-180;c5f2:-196
kr1nn1rn/1ppq4/n2p2pp/p3pp2/P2P2P1/1PP2N2/K1R1PP1P/1N1N1QRN w - - 1 12,opening,g4f5,-21,g4f5:-21;d4d5:-111;d4e5:-116;f1g2:-131;h2h3:-134;f1h3:-144;e2e3:-149;d1e3:-165
bqr2rkb/pp2bppp/2p1B3/2bp4/3PP2P/2P1RP2/PP4P1/BQRB2KB w - - 1 10,opening,e6c8,122,e6c8:122;f3f4:-15;e4e5:-79;b1d3:-148;e4d5:-148;e6d5:-175;e6f7:-192;d1c2:-208
kr1nbr1b/ppp2ppp/5n2/3pNq2/8/5N1P/PPPPPPP1/KRQ1BR1B b - - 0 5,opening,f5e6,138,f5e6:138;g7g6:138;c7c5:146;h7h6:158;f6e4:158;b8c8:159;g7g5:162;f8g8:165
q1r2n1n/ppprkp2/3Npnp1/1P5p/P1P1P2P/N7/1R1P1PPn/1QK2RNN b - - 6 15,opening,c7d6,-235,c7d6:-235;d7d6:-172;h2f1:-164;c8d8:-120;e7d6:-82;c8b8:-28;e7d8:43;f6e4:249
kn2qrr1/3pp1p1/n4pN1/ppn1P2p/3Pn3/3N1QN1/P1P2PPP/KN3RR1 w - - 2 17,opening,g3e4,545,g3e4:545;g6f8:442;d3c5:410;d4c5:407;d3f4:325;g6f4:270;g3f5:191;b1c3:168
nn2rkrn/3ppppp/p1qn4/1pp1P2P/PP1P4/5PP1/2P3K1/NNR1NQRN b - - 0 14,opening,d6c4,-54,d6c4:-54;d6f5:36;a8c7:202;c5c4:217;f7f5:220;a8b6:223;g7g6:224;d6b7:226
rbk3rb/1p2P2p/p2pp2q/P1pb1Bp1/1B6/1B1P3P/1PP2PP1/R2K1QRB b - - 7 16,opening,d5b3,295,d5b3:295;c5c4:482;c5b4:491;d5c6:496;c8c7:498;g8e8:501;e6f5:512;h6f6:532
1kr5/p2n1b1p/3qp1p1/1Np2pQ1/2P2P1P/P2PP3/Kb5N/1R1R2B1 b - - 0 22,midgame,d6a6,618,d6a6:618;d6f8:637;d6b6:675;d6d5:715;d6c6:716;h7h6:797;d6c7:805;b2a3:821
nr1k1r1n/4p3/pn3qpp/1N6/1P3PP1/3p2R1/P1PPP2P/N1R1KQ1N b - - 2 15,opening,d3e2,-167,d3e2:-167;a6b5:-34;f6b2:138;b6d7:221;h8f7:257;d8e8:260;b6d5:261;b6a4:286
kqrb1nrb/2pppp2/3n2pp/p2NN3/Pp5P/1PP5/3PPPP1/KQRB2RB w - - 0 9,opening,d2d4,-88,d2d4:-88;e5d3:-206;e5f3:-211;g2g4:-216;e5g4:-220;f2f4:-220;g2g3:-225;e5c4:-241
qb1brkbr/pbpp1p1p/4p1p1/1p6/3P3P/5P2/PPP1P1PR/QBBBRKB1 w - - 1 5,opening,c1h6,289,c1h6:289;c2c4:183;g1e3:181;e2e4:180;h2h3:168;c2c3:168;b2b3:165;a2a4:164
k1rnr1qn/4np2/3P3p/ppP1n1p1/8/NPN5/P4PPP/K1R1RNQ1 b - - 1 16,opening,b5b4,181,b5b4:181;e5d3:195;h8g6:199;e7c6:199;g8g7:234;d8c6:242;e7d5:258;e7g6:277
nnnkrr2/3ppp2/ppp3np/4Q3/3P3p/PPN5/2N1PPP1/2NKRR1N w - - 1 10,opening,e5b8,768,e5b8:768;e5h2:699;e5e3:665;e5h5:652;e5f5:636;e5e4:632;e5g7:593;f2f4:341
qrkrn1nn/1pppppp1/p3n3/7p/3P2P1/5N2/PPP1PP1P/QRKRNN1N w - - 2 4,opening,g4h5,81,g4h5:81;g4g5:29;h2h3:18;d4d5:-23;f1e3:-49;h1g3:-54;b2b4:-72;b2b3:-74
nnkrn1rq/1p1ppp1p/4n1p1/p1p5/4P3/3P4/PPPR1PPP/NNK1NNRQ b - - 3 5,opening,f7f5,-40,f7f5:-40;b8c6:-36;e8d6:-35;e8c7:-21;a8b6:-18;a5a4:-9;e6c7:-7;a8c7:-1
r3kbbr/p2b2p1/2pb1p1p/2B5/1qp2p2/1Q4PP/PPKPP3/R1B2B1R b - - 2 14,opening,c4b3,-1081,c4b3:-1081;b4c5:-902;d7f5:-822;d6c5:-798;b4b3:-791;g8h7:-774;b4a5:-742;b4d2:-667
qk2nbbr/2r2p1p/1pp1p3/p2p2p1/1P1P1P1P/1NP5/PQ2P1PR/1KRN1BB1 w - - 0 17,opening,b4a5,382,b4a5:382;f4g5:377;h4g5:373;e2e4:365;e2e3:344;b1a1:341;f4f5:334;g2g4:321
nkbqr2r/1ppp1p1p/p3pbp1/7N/1QP1n3/P4P2/1P1PP1PP/NKB1R1RB w - - 0 12,opening,f3e4,116,f3e4:116;h5f6:92;c4c5:89;a1b3:-38;h5f4:-66;b4b3:-68;g2g4:-101;d2d3:-101
1k1r1rnn/pb1p1p1p/B3p1p1/1pP5/P3P1P1/5P1N/qPP4P/Q1K2RRN w - - 1 15,opening,a1a2,788,a1a2:788;c1d2:-168;a1b1:-313;a6b7:-568;h1f2:-598;h3f2:-601;h3f4:-615;a6b5:-618
1kr1bbrb/1p1pp1pp/1bp5/p4P2/P5R1/1P6/2PPPP1P/KQqBBB1B w - - 2 11,opening,b1c1,389,b1c1:389;c2c3:-469;f2f4:-490;e2e4:-492;h1e4:-497;e2e3:-501;d2d4:-504;a1a2:-515
knnrq2b/pp2p2p/5prb/2pp2p1/2PP4/PK6/1P2PPPP/1NNRQBRB w - - 0 8,opening,b3a2,-57,b3a2:-57;e2e3:-63;g2g4:-69;e2e4:-89;g2g3:-91;d4c5:-143;c4d5:-146;b3c2:-172
br2r1bn/2pkp3/pp1pn2p/2q2ppQ/4P3/1PPPN1P1/P2K1P1P/BR3RBN w - - 2 13,opening,e3f5,101,e3f5:101;b3b4:90;f2f3:84;f2f4:25;e4f5:-36;c3c4:-57;e3c4:-112;e3c2:-123
brq1r3/2pB1pkp/1p3bp1/p2P4/4pb2/PB2PP2/P4QP1/B3R1KB w - - 0 20,opening,a1f6,583,a1f6:583;d7c8:462;d7e8:162;b3a4:95;e3f4:-31;g2g3:-159;d7h3:-162;f3e4:-176
1rnrk1qn/1ppp2p1/p4n1p/1N3P1n/6P1/7N/PPPP1PQP/1RRK3N w - - 1 15,opening,b5c7,44,b5c7:44;b5d4:42;b5c3:41;b5a3:-40;h1g3:-311;g4h5:-324;b2b3:-332;c2c4:-336
1nnkqrrn/1pppp1pp/p7/5p2/3P2P1/8/PNP1PPRP/N1NKQ1RN w - - 0 8,opening,g4f5,353,g4f5:353;c1d3:334;e2e3:317;c2c4:310;a1b3:300;e1b4:300;f2f4:276;f2f3:267
qrbk2nr/ppp1n3/3p2p1/3bpp1p/1PP2P2/8/P2PP1PP/QRBKBNNR w - - 2 10,opening,c4d5,394,c4d5:394;f1e3:271;g1f3:249;f4e5:215;d2d3:149;g1h3:148;b4b5:144;h2h3:141
1b1b4/2p1p3/bp1pk3/p5PB/4qP2/1P4P1/P1PP1K2/1BB1R1BR b - - 0 15,midgame,a6b7,851,a6b7:851;d6d5:871;e4e1:897;e4e5:917;c7c5:946;e6d7:952;b8a7:978;a5a4:992
nbb1r1qk/1ppp1r1p/p6n/N3ppp1/4P2P/5PP1/PPPP1R1K/1BBRQ1N1 w - - 0 10,opening,d2d4,-85,d2d4:-85;h4g5:-97;c2c4:-162;d2d3:-166;a2a4:-188;h2h1:-189;f2f1:-200;a2a3:-207
rrqb2k1/2p2p2/ppbppnp1/3Pn2p/5P2/2PBP1P1/PP5P/RRQ1BNKN w - - 0 15,opening,f4e5,322,f4e5:322;d3e2:96;d5c6:-70;c1d1:-137;d3e4:-175;c1c2:-187;d3a6:-328;h1f2:-338
3rb1br/2pk1p1p/1q1P1b2/1P4p1/pP2p3/P5PP/K2P1P2/R3BBBR w - - 1 20,opening,a1c1,-603,a1c1:-603;f2f4:-605;f2f3:-622;d2d4:-623;f1e2:-690;a2b1:-738;f1d3:-882;d6c7:-99995
qb5r/2nrp1k1/b1p1Pp1n/3p1p1p/1ppPB3/6NP/PK1R1BPR/Q3N3 b - - 5 22,opening,c4c3,-635,c4c3:-635;d5e4:-611;c7e6:-602;f5e4:-555;d7d8:-461;d7d6:-435;c7b5:-426;a6b5:-413
nrnrqbb1/2pp1pkp/pp4p1/4p3/8/P2P1P1P/1PP1P1PB/NRNRQB1K w - - 0 6,opening,e2e4,145,e2e4:145;c2c3:117;d3d4:114;a1b3:111;c1b3:109;e2e3:101;b2b4:101;e1f2:99
k1bbr1nr/p2ppppp/4n3/1pp5/1P3q2/5NN1/PKPPP1PP/1QBBR2R w - - 1 7,opening,d2d4,-1,d2d4:-1;b4c5:-85;e2e4:-102;a2a3:-151;c2c4:-183;b2a3:-205;b2a1:-206;c2c3:-207
bqrbkbrb/pp1pp3/5p1p/2p3p1/6P1/2PPKP2/PP2P2P/BQRB1BRB b - - 0 6,opening,b8h2,-448,b8h2:-448;f6f5:-296;e7e6:-263;b7b5:-251;f8g7:-231;h6h5:-223;b7b6:-207;b8e5:-192
qb1r1rb1/p1pkp3/1p4pp/3p1p2/2B2P2/2b3PP/PP1PPB2/Q1RK1RBB w - - 1 11,opening,b2c3,582,b2c3:582;c1c3:564;d2c3:519;c4b5:476;a1b1:455;d2d3:442;c4b3:440;f2b6:424
q1b1rkbr/3pb3/2p1p3/pp3ppp/1PP2B2/4b2P/P2P1PP1/QBBBR1KR w - - 0 11,opening,a1h8,820,a1h8:820;f4e3:522;h3h4:469;c4c5:445;f4d6:441;d2e3:381;f4e5:378;e1e3:374
rrqbbnk1/p1ppppp1/1p4n1/7p/5P1P/P1P5/1P1PP1P1/RRQBBNKN b - - 0 4,opening,g6f4,-90,g6f4:-90;d7d6:-47;d7d5:-4;e7e6:0;f7f5:5;e7e5:17;c8b7:19;f8h7:39
2nkr1r1/pqpnpp2/5nn1/1p1p2Np/4PP2/P2P4/NPP3PP/Q1NKR1RN b - - 0 10,opening,c8d6,-56,c8d6:-56;c8b6:-24;e8f8:-22;g8g7:-8;c7c5:0;c7c6:85;e7e6:87;e7e5:158
kb5r/1bpr2pp/p3ppb1/Bpqp4/5P2/bP1P4/PBP1PQPP/KB2RB1R w - - 6 15,opening,d3d4,-42,d3d4:-42;f2c5:-66;b2d4:-199;f2g1:-224;e2e3:-429;f2h4:-432;f2d4:-457;b2a3:-492
rbq3bk/p2b1pp1/3p3p/1pr4B/P2BP2b/3PB3/2P3P1/RBR2Q1K w - - 5 15,opening,f1f3,122,f1f3:122;h5f7:103;f1e2:53;f1d1:34;h5e2:32;h5d1:-8;h5f3:-65;g2g4:-151
brb1qrkn/3ppp2/p7/1pQ4p/2Pn3N/1P4Pp/P3PP2/BRB2RKN b - - 1 10,opening,d4e2,149,d4e2:149;e7e5:226;d4c6:236;d4f3:248;c8b7:262;f7f6:266;d4f5:285;h8g6:292
n1rrn1kq/1pppppp1/p1n5/2P4p/nP6/3PP3/P1R2PPP/NN1RNNKQ b - - 0 7,opening,c6b4,-215,c6b4:-215;g7g6:-111;g7g5:-63;b7b6:-62;b7b5:-36;h8h7:-33;h8h6:-18;d7d5:-14
r1nq1bnr/p1pkp3/1p3p2/3p2p1/1nPPP3/5QpP/PP3PB1/RNN2KNR w - - 0 13,opening,e4d5,251,e4d5:251;c4d5:232;g1e2:172;f3b3:169;f2g3:160;b1c3:154;f3g3:126;f3d1:116
bnkbq1rr/2p1p1p1/3p4/pp3p1B/2PP3P/4P1Pn/PP3P2/BNK1QNR1 b - - 0 9,opening,h8h5,-577,h8h5:-577;e8h5:-562;g7g6:-531;h3f2:-506;e8c6:-442;e8d7:-440;e8f8:-427;h3f4:-372
n2rkr1q/1ppp1p1N/2n2nN1/p3pn1p/3PP1PP/P1P5/1P3P2/N1RNKR1Q b - - 0 18,opening,h8h7,39,h8h7:39;f7g6:117;h8g7:338;f6h7:456;f5d6:469;f5e7:504;f5d4:524;e5d4:540
2r1nkn1/rp1p1p1p/2p2Ppb/p2qN3/1P5P/2PP4/P3PbB1/QBR1RK2 b - - 4 19,opening,d5e5,-810,d5e5:-810;d5d6:-596;d5e6:-584;f2g3:-119;f2d4:-104;g8f6:-67;f2e1:-56;e8f6:-1
nnnk1rqr/p1p2ppp/1p1pp3/6P1/7P/2nP4/PPPKPP2/NNN1NRQR w - - 0 7,opening,b1c3,495,b1c3:495;b2c3:435;d2c3:432;b1a3:96;c1b3:-3;e2e3:-46;e2e4:-53;g1g2:-63
1n1kr1Nn/rp4pp/pnp5/2p1p3/1P3pP1/P3RP1P/2P1nP2/1R1K2QN w - - 0 21,opening,e3e2,317,e3e2:317;d1e2:92;e3d3:56;g1e1:-23;g1f1:-145;g1h2:-201;g1g2:-228;b4c5:-501
r1b1kbnr/3np3/2p4p/pp1pqQp1/3P1PP1/B1P4N/3NP2P/R3KB1R b - - 3 15,opening,e5f5,-204,e5f5:-204;e5f6:-98;e5g7:-75;e5e3:-21;e5b8:27;e5c7:131;e5f4:508;e5d6:521
2rk2b1/4b2p/2pppqp1/1B3p1b/P6P/Bb3P2/2RP2P1/2R1KQ2 b - - 0 22,midgame,f6h4,-579,f6h4:-579;b3c2:-507;f6e5:-505;f6d4:-420;c6c5:-332;h5f3:-265;b3a4:-238;f6g7:-191
bbr1b1kb/1pp1qrp1/5p2/p2pp3/1P1P3p/2B4P/P1P1PPPK/BB1RQR1B w - - 0 9,opening,d4e5,-113,d4e5:-113;b4a5:-141;h2g1:-160;g2g3:-165;g2g4:-171;a2a4:-172;a2a3:-176;c3d2:-185
qbrr3b/2n1n1p1/2k2pB1/ppP4p/N1pP2PP/3BP3/P2RKP2/Q1R1N3 w - - 2 17,opening,d3e4,487,d3e4:487;d3c2:355;a4b6:348;c1c4:333;d3f5:330;g6e4:304;e2d1:302;d3b1:292
krbb1rqn/pp1pp1p1/2p2p1p/7n/6P1/1P3PN1/P1PPP2P/KRBBNRQ1 w - - 0 6,opening,g4h5,467,g4h5:467;g3h5:433;g3e4:70;g3f5:62;g3h1:32;c1a3:10;d2d4:-3;e1d3:-15
1r2knbr/pp3ppp/3qp3/2ppP3/nP1P3P/3QP1P1/P1P5/RBN1KNBR b - - 2 11,opening,d6b6,373,d6b6:373;d6c6:382;d6c7:408;d6d7:410;d6d8:410;d6e7:421;d6a6:438;c5c4:442
r3q1b1/ppr2pk1/2pbp1pp/1Bbp2b1/PP2PB2/2PBQP2/8/R1RB3K w - - 7 21,opening,f4g5,-564,f4g5:-564;f4d6:-577;e3c5:-611;e3g1:-635;b4c5:-640;e3e2:-651;e3e1:-659;d1e2:-687
nn1rr1kq/p4pp1/1ppn3p/4p3/P1P5/NN5P/NP1PnPPK/2NR1R1Q w - - 0 12,opening,c1e2,352,c1e2:352;c4c5:-65;f1e1:-67;g2g3:-80;d2d4:-84;d2d3:-93;a2c3:-98;d1e1:-99
r5nr/1ppQ1p2/n1N1qkpb/4pP1p/2p1P2P/P7/1BBP2PR/RN2K3 w - - 3 20,opening,f5e6,99994,f5e6:99994;b2e5:742;c6e5:740;d7e6:597;c2a4:477;d7f7:392;g2g4:354;d7d4:345
bbqknrrn/pp1ppp1p/8/6p1/2p1P1PP/2P2P2/PP1P4/BBQKNRRN b - - 0 5,opening,g5h4,-152,g5h4:-152;b7b5:-74;h8g6:-73;d7d5:-71;b7b6:-62;h7h5:-61;f7f6:-55;e8g7:-50
bqbbkbrr/p3pppp/1p1p4/8/2p2P2/4PR2/PPPP3P/BQBBKB1R w - - 0 10,opening,f1c4,-134,f1c4:-134;h1g1:-167;b2b3:-170;b2b4:-207;d1e2:-215;h2h4:-215;f1e2:-240;d2d4:-242
1br4k/r1pb4/1Bbb4/1p1pp2p/1p4QP/P3PPB1/2PPB1P1/1R3BK1 b - - 5 23,opening,h5g4,-366,h5g4:-366;d7g4:-204;c7b6:404;d7e8:557;a7a4:563;a7b7:593;a7a6:598;a7a8:599
b1q2nr1/1p2p2k/b1pr4/P4ppp/1B1p1P2/3P2P1/P1PRPB1P/2QN2RK w - - 0 17,opening,b4d6,84,b4d6:84;b4c5:-136;e2e4:-295;f2d4:-296;h1g2:-304;h2h4:-307;b4a3:-311;h2h3:-334
rrq3b1/pppN1p2/3kp3/6pp/2nNP2P/2Pn4/PP3PP1/R1RQ1KBB w - - 1 15,opening,d1d3,660,d1d3:660;g1h2:595;e4e5:561;d7b6:536;d7f6:517;d4b5:515;d4f5:508;d7b8:492
1b2r3/4p2p/r1P1npkb/pp2P1pN/P1p5/1P3QNP/Bq3PP1/1RR2K1B w - - 1 22,opening,f3f5,836,f3f5:836;f3e4:835;b1b2:834;h5f4:710;h5f6:705;e5f6:687;b3c4:585;h5g7:579
nqk1brbn/ppp1pppp/8/3r4/P2p4/3PP2P/1PP2PP1/NQKRBRBN b - - 0 4,opening,c7c5,59,c7c5:59;f7f6:88;f7f5:109;h8g6:118;d4e3:129;e8c6:149;d5d8:149;e8a4:150
nnrrnn2/p4pk1/1pp4q/1P1pp2p/2N1P2N/N4p2/P1PP2PP/NR1R2KQ b - - 1 12,opening,f3f2,-201,f3f2:-201;h6f6:-198;g7g8:-170;h6f4:-157;h6e6:-156;g7h8:-135;g7h7:-124;h6g5:-86
1q2kbrr/p1p1b3/4ppp1/1PPp3p/3P1PbP/1P1Q1bPR/4PB2/B2BKBR1 b - - 4 15,opening,f3e4,-109,f3e4:-109;g4h3:24;g4f5:277;e7c5:316;g6g5:333;f3e2:342;e8f7:345;e8d8:404
r1b1kbbr/pp1p2p1/7p/q1p1pp2/P7/1PP2Pb1/1R1PPBPP/1BBQKB1R b - - 0 8,opening,g3f2,-12,g3f2:-12;g3f4:185;d7d5:376;g3h2:385;g8f7:401;a7a6:401;f8e7:422;e5e4:425
2bkb1r1/2ppp1pp/1q1P3n/prP2p2/1p4Pn/2B1NN2/PP2PP1R/QRB1K3 b - - 0 17,opening,h4f3,-224,h4f3:-224;b6c5:33;b6b7:158;b5c5:162;b6c6:220;b6a6:249;b6b8:272;b6a7:294
r3r1bb/k4p1p/p1Bbp1p1/1qpp2b1/PP1P2PP/4QP2/1P2P1B1/R1K1R1BB b - - 0 18,opening,g5e3,-479,g5e3:-479;b5c4:-469;b5b4:-354;b5c6:-169;b5b8:-108;b5b6:17;b5a5:202;b5b7:202
knnrqbrb/p1ppp1pp/8/2N2p2/1pP5/2N5/PP1PPPPP/K2RQBRB w - - 0 6,opening,c3b5,604,c3b5:604;c3d5:583;g2g4:469;g2g3:445;c3a4:244;c3b1:68;d1b1:51;c5e6:-26
rnnkrq2/ppp2ppp/6nn/1Q1pp3/8/PP2P2P/2PP1PP1/RNNKR1NN w - - 2 10,opening,b5d5,38,b5d5:38;d2d4:-64;c2c4:-95;f2f4:-97;a3a4:-114;b5a5:-116;b1c3:-116;g1e2:-118
k1r1brb1/p2p4/3Q4/4ppp1/4P3/N4P1P/1P1q4/Kb2BRB1 w - - 0 23,midgame,e1d2,554,e1d2:554;d6a6:499;d6d2:369;d6f8:-43;d6c5:-423;d6b4:-506;d6b6:-511;d6b8:-541
knrn2rn/p1p1pnpp/8/1p1N1p2/6q1/P2Q2P1/2PNPP1P/KNR3RN w - - 6 15,opening,d5e7,265,d5e7:265;b1c3:183;h2h3:118;f2f4:102;f2f3:102;c2c4:93;h2h4:13;g1d1:2
b3brrk/pp2pp2/2pqn1p1/1P5p/2nPp3/2BN2PP/P1P2P2/BQ1N1RRK b - - 0 10,opening,e4d3,-330,e4d3:-330;f7f6:-261;h8h7:-254;d6d5:-224;b7b6:-189;c6b5:-178;e6c7:-155;e6g5:-148
brrk1bbq/ppp1p3/2b3p1/7p/2Pp2pP/3P4/PP2PPB1/BRRKB1BQ w - - 0 10,opening,g2c6,-120,g2c6:-120;g1h2:-149;b2b3:-153;b2b4:-183;f2f4:-189;g2d5:-211;e2e4:-213;f2f3:-218
2k1r2q/2nn3n/1pn1pPr1/2p2RPp/p1p1P1QP/1P2N3/P2P4/NNKRN3 b - - 1 21,opening,h5g4,-597,h5g4:-597;h7f6:-345;h7g5:-254;d7f6:-245;g6g5:-199;g6f6:-193;e6f5:-167;c6e5:-138
n1nrq1r1/3nnpp1/pp1pp1k1/2P5/3P1PNQ/N7/P1PNP1PP/N3R1RK b - - 3 15,opening,g8h8,219,g8h8:219;e7f5:265;f7f6:288;g8f8:336;f7f5:338;d7f6:951;e6e5:99998;d6c5:99998
qrbkb2r/p1pppppp/7n/6B1/1p2Pn1P/P2P4/1PP2PP1/QR1KBNNR w - - 2 6,opening,e1b4,335,e1b4:335;g5f4:326;b2b3:283;g5h6:234;f1g3:231;f1e3:201;f2f3:197;g2g3:160
3rqr1n/kbQp4/1p3p2/4p1p1/1p4Np/2P5/P2PPNPP/KBBR1R2 w - - 0 16,opening,f2e4,674,f2e4:674;f2d3:592;c7d6:586;c7c4:573;c3b4:554;e2e4:496;b1c2:493;g4e5:476
qnr1rbkb/pppp1p1p/4p3/n5p1/P4PP1/N3N3/1PPPP2P/Q1R1RBKB b - - 1 5,opening,f8c5,-211,f8c5:-211;h8d4:-209;g5f4:-192;f8g7:-185;a7a6:-185;d7d5:-175;b8c6:-146;c7c5:-146
3k3r/7p/2nn1rp1/p1p1pp2/nP2P2P/2Pq2P1/P2Q1P2/N1NK1RR1 w - - 1 22,opening,c1d3,223,c1d3:223;d2d3:-123;b4c5:-598;d1e1:-599;b4a5:-601;e4f5:-613;f2f3:-614;a1b3:-634
rnbb2nk/3qp3/p6r/1p1p2pQ/PpPP1P2/4P1PN/3N1R1P/1BB2R1K w - - 3 22,opening,h5f7,337,h5f7:337;h5h6:283;h5d1:254;h5e2:235;h5g5:150;h5f3:78;h3g5:-116;g3g4:-210
rqbknrnb/2ppp2p/pp3p2/6p1/5N2/6PP/PPPPPP2/RQBKNR1B w - - 0 5,opening,h1a8,79,h1a8:79;f4h5:36;f4g2:6;f4d5:-44;f4d3:-54;c2c4:-165;c2c3:-171;b2b3:-233
k1rnnqrn/2ppp2p/1pn2pp1/p7/3P1P2/P5PP/1PP1P3/KNRNNQRN b - - 0 6,opening,c6d4,-29,c6d4:-29;d7d5:90;g6g5:94;e8d6:100;h8f7:104;e7e5:111;e7e6:111;a8a7:116
n1r2k2/ppqppn1r/6R1/2N2p1P/1P1P4/5P2/PnP1P2P/N1RQN1KN b - - 2 14,opening,b2d1,-252,b2d1:-252;h7h5:-46;f7h8:162;f7g5:262;f7e5:284;a8b6:289;b7b6:345;f5f4:361
bkbrb1b1/ppp1p1qp/1r6/3p2p1/5pP1/P1PPB2P/1P2PP1B/BK1RB1RQ b - g3 0 8,opening,b6c6,-306,b6c6:-306;e8a4:-291;b6a6:-286;b6b3:-282;d5d4:-273;b6g6:-260;b6d6:-250;f4e3:-235
br2knrn/1q1p1p2/1p1b1B2/p1p1p3/1P3P1p/2PP2NP/P3PKP1/QB1R2RN b - - 5 14,opening,h4g3,-251,h4g3:-251;g8g3:-244;d6e7:-128;d6c7:-112;e5f4:-96;f8h7:-5;a5b4:26;h8g6:83
k1nrb2r/bpp1ppqp/3p2p1/1P4P1/4B3/2P3N1/3PPPP1/K1NRB1QR w - - 0 12,opening,d2d4,264,d2d4:264;c1a2:258;e4d3:252;c1b3:240;e2e3:235;e4c2:234;e4f3:227;d2d3:225
rn1k1rqn/1p2pp2/p1pp2p1/3n1n1p/8/1PPNQ2P/P2PP1P1/RNNK1R1N b - - 0 11,opening,f5e3,-773,f5e3:-773;d5e3:-763;d5c3:-489;f5g7:-221;b8d7:-209;h5h4:-175;f7f6:-169;a6a5:-142
r1bb1rnk/pppn1ppp/8/3pp3/3PPB1P/3q4/PPP2PPK/RN1BQRN1 w - - 5 7,opening,c2d3,578,c2d3:578;d4e5:8;g1f3:0;f4e5:-13;g1e2:-158;b1c3:-162;b1d2:-172;f4g5:-194
bqb1rrkb/pppp3p/4ppP1/8/3R2P1/2P5/PP1PP2P/BQBBb1KB w - - 0 8,opening,g6h7,-188,g6h7:-188;d4f4:-226;d4d3:-239;e2e3:-257;b1d3:-265;h1f3:-273;h1g2:-278;b2b4:-279
rrn1k2b/p1Q1ppqp/3pN3/1p1n2p1/6P1/2P1P3/PPbP1P1P/RRK1B2B w - - 3 15,opening,c7d8,99999,c7d8:99999;c7c6:99999;e6g7:641;c7b8:410;h1d5:305;c7c8:264;c7d6:-163;c1c2:-226
b1rqkn1r/bpppnppp/p7/4p3/3P2P1/4NN2/PPP1PP1P/BBRQK2R b - - 0 5,opening,h7h5,-77,h7h5:-77;e5e4:-64;c7c5:-47;b7b5:-40;e5d4:-6;d7d6:19;a7d4:24;f8e6:40
1kr1nbbr/2pppp1p/1p6/3q2p1/3N1P1P/Pp2N3/1QPPP1P1/1KR2BBR b - - 0 11,opening,d5a8,295,d5a8:295;d5b7:336;d5e4:339;b3c2:357;d5a5:380;d5c5:436;d5d6:444;d5d4:481
bk1br1rn/1pppppqp/p2n2p1/8/3P4/1BP5/PP2PPPP/BKN1RQRN b - - 4 5,opening,e7e5,-63,e7e5:-63;b7b6:-40;e7e6:-24;g8f8:-23;b7b5:-8;h7h5:-4;a6a5:5;g6g5:10
n2r1nkq/pp1r2pp/2p2pn1/P2pp2n/R1P2P1P/1N1PP2Q/1PN3PN/1R4K1 b - - 0 21,opening,h5f4,-307,h5f4:-307;g6f4:-290;d5c4:-287;e5f4:-245;d5d4:-240;f6f5:-222;h7h6:-208;b7b5:-188
1qn1rbkb/ppp2ppp/1n2p2r/3p4/P3P2P/1PQ2BPB/2PP1P2/N1NRR1K1 b - - 0 11,opening,g7g5,-185,g7g5:-185;d5e4:-150;c7c5:-44;g7g6:-36;c8e7:-20;c8d6:55;c7c6:63;e8d8:80
q1n1nr1r/2kpppp1/ppp1P1n1/1P5p/5n1P/P1Q3PR/2PPNP2/1N1KNNR1 b - - 0 14,opening,f4h3,-487,f4h3:-487;f4e6:-236;f4d5:-231;f4e2:-204;a6b5:238;d7e6:259;c8d6:279;c8a7:287
bqrbr2b/p1ppbkpp/5p2/1p2p3/4P3/1P1P1B2/P1P2PPP/BQRBR1KB w - - 1 6,opening,f3g4,235,f3g4:235;f3h5:163;c2c4:140;g2g3:117;d3d4:110;c2c3:105;b3b4:100;d1e2:100
r2r2nn/p1pk1pp1/1pn1p2p/8/K2NNPP1/2P1p2P/PPnP1R2/RNN5 w - - 4 22,opening,d4c2,-314,d4c2:-314;d2e3:-393;f2h2:-472;f2g2:-478;f2f3:-491;f2e2:-506;f2f1:-524;d4c6:-546
nnrq1krn/p1p1p1n1/6pp/1p1p1p2/3PP3/1QP2P1P/PP3KP1/NNR1N1RN b - - 1 7,opening,c7c5,-1,c7c5:-1;d5e4:38;f5e4:63;a7a6:65;h8f7:65;a8b6:66;g7h5:71;c7c6:74
bqrbkr1b/5p2/p2ppP1p/b7/K7/P2pP2P/1PPR2R1/BQ3B1B b - - 1 23,opening,a8c6,-99999,a8c6:-99999;b8b5:-99999;a8d5:-99997;c8c2:-99995;a5d2:-1011;d8f6:-968;a5c3:-968;h8f6:-911
brqkrbb1/B2pp2p/2p5/1P2bp2/1PP2p1P/8/3PP1P1/BRQKRB1B b - - 0 8,opening,e5a1,171,e5a1:171;e5c7:180;f8g7:204;e5f6:243;e5g7:243;d7d6:259;e5d6:282;b8b7:293
1k1r1nq1/rpppp1p1/pn3pnp/8/3nP3/P4PN1/KPP1N1PP/R2NR1QN w - - 0 10,opening,a2b1,-156,a2b1:-156;c2c4:-437;b2b3:-443
nbr1rq1k/5ppp/1b6/pppppP1n/1P1P2P1/1BP4P/P3P3/NBR1RQNK w - - 1 11,opening,g4h5,-26,g4h5:-26;f1f2:-129;f1g2:-227;h1g2:-262;f1f3:-403;d4c5:-459;b4c5:-497;f5f6:-547
rbn1knbr/pp3p2/2pp3p/7Q/q2PPpPp/2P5/P2N4/RBN1K1BR w - - 0 14,opening,g1f2,65,g1f2:65;d4d5:56;h5h4:49;b1d3:47;c1b3:22;c1e2:17;e4e5:-8;h1h3:-51
qr1brnn1/pkp1p3/1p1p4/2P1Qp1P/8/4P1NN/P1PP2PP/1RKB2RB w - - 1 13,opening,c5d6,743,c5d6:743;d1f3:732;e5d5:709;e5c3:696;e5d4:665;e5f5:647;c5c6:635;e5b2:632
bkr2bbr/p3bp1p/2P2q2/1p1pp1p1/1PP3P1/1K6/P3PP1P/B1RBQBBR b - - 2 11,opening,b5c4,-453,b5c4:-453;e7b4:-377;d5c4:-354;f6e6:-321;d5d4:-316;a8c6:-309;f6f4:-291;c8c6:-232
rbbkqbrb/p1pp1pp1/1p2p3/7p/2P2P2/1P6/PB1PP1PP/RB1KQBRB b - - 1 4,opening,c7c6,-98,c7c6:-98;g7g5:-92;c8b7:-69;g7g6:-69;a7a5:-57;f8e7:-56;f8c5:-16;d7d5:-5
b3rnrn/p1kpppNp/5B2/b1p5/1P4pP/3qP3/PKPP1PP1/1Q2RBRN w - - 0 15,opening,g7e8,754,g7e8:754;f6e5:698;f1d3:630;c2d3:526;b2a1:515;a2a3:414;f2f4:408;b1c1:396
rnnqknnr/2pp2p1/p3p2p/1p3p2/3PP3/NN3P2/PPP3PP/RQ2KNNR b - - 2 8,opening,d8g5,-3,d8g5:-3;c8b6:-2;b8c6:7;f8g6:14;c8d6:21;d8h4:24;f5e4:32;f5f4:32
kq1r1rnb/p2p4/5p2/Pp2p1pp/8/1PNbPNP1/1P1P1P1P/K2RBR1B w - - 0 16,opening,f3e5,164,f3e5:164;f3d4:-351;f3g5:-388;f3h4:-452;f1g1:-469;b3b4:-482;c3d5:-486;g3g4:-489
3bqb1r/3pk1pp/p1B1p3/3nNp2/2rQP2P/R5P1/PP1P1P2/NK5R w - - 2 19,opening,d4c4,659,d4c4:659;e5c4:597;d4a7:420;d4d3:320;e5g6:234;c6d7:-109;e4d5:-152;d4d5:-221
n2rnrkq/pppp1ppp/nn6/4p3/7P/1P3PP1/P1PPP3/NNNRNRKQ w - - 1 5,opening,c1d3,16,c1d3:16;c2c3:5;c2c4:3;h4h5:-2;e1d3:-3;f3f4:-9;e2e4:-9;e2e3:-9
1b2rbrb/4p1pp/k1ppqp2/p7/1pP1P3/1P1B1Bb1/P2P1PR1/1KQBRB2 w - - 6 14,opening,e4e5,365,e4e5:365;f2g3:353;g2g3:343;c4c5:325;d1e2:270;a2a3:265;f1e2:255;c1c2:246
n5k1/p2r1pbp/p2np2b/2p3p1/4BPP1/PPP1P3/1NQrN2P/2R2RK1 w - - 2 22,opening,e4h7,666,e4h7:666;c2d2:658;e4a8:473;c2b1:379;h2h4:366;b2a4:331;e4c6:326;c1d1:318
rn2nr1n/pp1kpq2/2pp1ppp/3n4/1N6/NNP1PP2/PP1P2PP/1R2KRQN w - - 2 10,opening,b4d5,27,b4d5:27;b4c2:24;b4d3:-31;h1g3:-45;e3e4:-48;h1f2:-61;a3c2:-70;g1f2:-74
b1rq4/kB1p4/2p2b2/2b1pprP/pQ1PP3/1b3B1R/PPP2P2/BK3RB1 w - - 1 19,opening,b4c5,385,b4c5:385;d4c5:377;b4d2:161;b4e1:64;b4c3:-181;b7c8:-358;a2b3:-359;d4e5:-364
qnr1rk1b/1pp2npp/3pp3/p1b3Q1/PP6/2N3P1/2PPPPBP/1NR1R1KB w - - 3 10,opening,g5h4,225,g5h4:225;g5h5:217;g5f4:209;g5g4:192;g2b7:152;c3b5:-54;g1f1:-221;b4c5:-265
1nr1r2b/1pp1n1pk/q4p2/3p3p/p2P1pPP/NP2N2B/1QP1P1B1/3RR1K1 w - - 2 19,opening,e3d5,230,e3d5:230;e3f5:219;g4h5:205;e3f1:170;c2c4:160;b2b1:143;c2c3:140;b2c1:122
k2r1r1b/pppnpppp/4qn2/8/b1Pp4/4PP1N/1P1P2PP/KNQRBR1B b - - 1 7,opening,d7c5,-663,d7c5:-663;d4e3:-538;a4d1:-534;e6a6:-528;h7h6:-470;g7g6:-466;d7e5:-461;g7g5:-451
1brqbrkb/p1pp2pp/2b5/1p2pp2/2P2P2/3BP3/PP1PQBPP/B1R2RKB w - - 0 8,opening,c4b5,256,c4b5:256;f4e5:250;d3c2:132;d3b1:131;b2b3:126;e2e1:125;c4c5:118;g2g4:108
q1rkbrbb/1pbp1p2/1B6/2p1pPp1/Pp5P/2PP3P/1R2P3/QB1KBR1B w - - 0 14,opening,b6c5,313,b6c5:313;b6c7:306;c3b4:177;f5f6:158;a4a5:157;h4g5:136;h1b7:96;b1c2:69
2r2kr1/1n1p1p2/pnn1q1p1/1pp5/5pRn/1N1P3K/PPP1P2P/2RQNN1N w - - 2 18,opening,e1f3,-465,e1f3:-465;h1f2:-557;e2e3:-563;d1d2:-566;e2e4:-573;e1g2:-623;c2c4:-634;h1g3:-674
bkr2bbr/ppb1pp1p/4q1p1/2pp4/7P/3P1PQ1/PPP1PBP1/BKRB1BR1 b - - 0 7,opening,c7g3,-275,c7g3:-275;f8h6:-234;b7b5:-85;d5d4:-84;f7f5:-79;h7h5:-74;f7f6:-73;f8g7:-64
br1brk1b/2p2p1p/1p2p3/p2p4/PPP2Pb1/1BqP4/4P1PP/1RB1RKQB w - - 1 10,opening,c1b2,-297,c1b2:-297;g1f2:-311;h2h3:-319;c1e3:-343;b4a5:-353;g1e3:-359;c4d5:-360;b4b5:-396
1nkb1qrr/3p2p1/5p2/p2b3B/1ppP1n1p/P1N1P3/1PPQ1PPP/B1KR3R w - - 0 19,opening,c3d5,-288,c3d5:-288;a3b4:-323;h5g4:-369;e3e4:-419;c3b5:-425;h5f3:-427;c3a2:-448;c3e2:-457
1bkr1b2/3p2r1/3n2pp/Pp2pp2/4NP2/2KP2PB/P1P1PR1P/1B1R3N w - - 0 18,opening,e4d6,387,e4d6:387;f4e5:335;e4f6:281;d1f1:241;e4d2:230;e4c5:226;c3d2:214;a2a4:175
rk1r1b1b/3bp2p/pppp2p1/4BpQq/1P1PP3/5P2/1RP3PP/1K1R1BBB b - - 3 13,opening,h5g5,-333,h5g5:-333;d6e5:-7;h8e5:334;h5h6:356;f5e4:386;h8g7:399;a6a5:415;b6b5:440
rb2kn1r/n2ppppb/p2qN1Bp/1p6/5P2/1PP1B1P1/P2PP2P/R2QKN1R w - - 5 10,opening,e6g7,256,e6g7:256;e6f8:120;g6h7:116;e3a7:80;g6h5:-244;d2d3:-248;g6f7:-278;f4f5:-309
qnrn2kb/pppp2pp/4r3/b3pp2/2P5/P3N1P1/1P1PPP1P/QNRR1BKB w - - 3 6,opening,b2b4,480,b2b4:480;e3f5:393;c4c5:385;f1h3:378;f1g2:372;a1a2:371;d2d4:353;b2b3:330
3n1rkn/pqp1np1p/N7/1p2p3/1PP2P2/NN1PN1pP/P5P1/4RRK1 b - - 1 20,opening,b7a6,-254,b7a6:-254;b7c8:-146;e5f4:-115;b5c4:-98;b7b6:-83;f7f5:-58;h8g6:-9;d8e6:41
rkn2bnr/p1p1q1pp/p3p3/Rb1p1pB1/3P4/5P2/1PPQP1PP/1KN2BNR w - - 3 11,opening,g5e7,504,g5e7:504;a5b5:424;c2c4:325;e2e4:124;c1d3:112;g1h3:89;b2b3:73;a5a2:72
b1rr2b1/k1pp2b1/4p1p1/1p1P2Pp/1pQ1P3/P5bP/1BP5/1KRR1B1B w - - 1 22,opening,c4c5,666,c4c5:666;c4b5:566;c4b4:552;c4a2:535;b2d4:527;c4b3:513;c4d3:434;c4e2:421
r1qbbrkn/ppp1ppp1/3p4/7p/4P2P/P2n2P1/1PPP1P1K/RNQBBR1N w - - 1 6,opening,c2d3,310,c2d3:310;d1g4:-284;b1c3:-537;f2f4:-538;d1h5:-542;b2b4:-566;g3g4:-574;a3a4:-576
knrbnrb1/pppppp2/8/6pp/P5P1/2q1P3/1PPP1PNP/KNRB1RBQ b - - 0 4,opening,c3c4,-277,c3c4:-277;c3b4:-247;c3a5:-175;c3c6:-166;c3c5:-129;c3g7:-117;c3f6:-106;c3h8:-81
rq1nk1rb/p3p3/3p1pp1/1ppP1P1p/2P5/1P6/PN1PKR1P/RQB3NB b - - 0 16,opening,a7a5,455,a7a5:455;g6g5:480;g6f5:483;b8b7:496;d8f7:498;h5h4:505;b8c7:505;b8c8:508
3nrr1n/4ppp1/p2qn2k/1pp4p/2np1PPP/2NP2R1/PPN1P2K/Q2N1R1N b - - 1 18,opening,c4d2,-238,c4d2:-238;f7f5:-164;d4c3:-147;e6f4:-133;h6h7:-91;h5g4:-46;h8g6:-21;c4a3:0
bbr1qrk1/p1ppp1b1/1p6/2P2b1p/6Q1/PPR1P2P/1B1P1PP1/1B2BRKB w - - 1 13,opening,g4c4,225,g4c4:225;g4d1:123;g4f5:-84;g4g5:-115;g4h4:-133;g4e2:-148;g4g3:-171;g4a4:-227
krq2r1b/pp1pn1pp/5p2/2p2bB1/3p1Nn1/P3PP2/1PPQ3P/KR3R1B w - - 0 14,opening,f3g4,-377,f3g4:-377;f4d5:-422;e3d4:-507;e3e4:-540;f4d3:-576;f4e2:-579;f4h5:-584;g5h4:-609
2n1nr2/p1k5/Prp1q2p/N2pppn1/P2P4/5P2/1P2PRP1/RN1KNQ1N w - - 2 23,opening,d4e5,311,d4e5:311;e1d3:291;e2e3:289;f3f4:289;b1a3:285;b1d2:271;g2g3:223;e1c2:218
kqrbnnrb/2p1p1p1/1p3p1p/8/p3P1P1/8/PPPPNP1P/KQRBN1RB w - - 0 7,opening,e4e5,450,e4e5:450;c2c3:414;c2c4:395;g1g3:391;a2a3:390;d2d4:384;e2c3:354;g4g5:354
nk1qrnrb/p3ppp1/bp1N3p/2p5/8/1P2P2P/P1PP1PP1/NKBQRR1B b - - 0 7,opening,e7d6,-338,e7d6:-338;d8d6:-286;a6f1:-1;g7g6:261;a6e2:265;g7g5:274;e7e5:283;f8d7:299
rk2b1nr/p1ppb1pp/1n3q2/Np1PppQ1/8/4PP2/PPP4P/RK2BBNR b - - 6 11,opening,f6g5,-671,f6g5:-671;b6d5:-312;a7a6:-291;e7c5:-249;b8c8:-233;b5b4:-214;f6f7:-211;h7h6:-208
rrbbnnqk/pp3ppp/2p1p3/3p4/1P1Q1P2/B7/P1PPP1PP/RR1BNN1K b - - 1 4,opening,d8f6,-195,d8f6:-195;f8g6:-88;a7a5:-85;e8d6:-83;d8b6:-81;d8e7:-73;f8d7:-72;f7f6:-71
k3qbbb/7p/5B2/pp1pppp1/4PP2/1K6/2rRQ1PP/RBB4B w - - 1 23,midgame,a1a5,671,a1a5:671;d2c2:488;b3c2:446;f6h8:430;b1c2:428;e4d5:376;f4e5:371;e4f5:305
1nrrqn1b/pkp4p/3pp2N/6p1/2b3P1/3P4/PPP1PP1P/KNR1RQB1 w - - 0 10,opening,h2h4,-114,h2h4:-114;d3c4:-134;f2f4:-155;b1d2:-197;f1h3:-203;c2c3:-205;f1g2:-217;b1c3:-222
krb2rqn/2pp1pn1/1p6/P1b1p1pp/P4P2/2P3P1/3PP2P/KRBBNQRN w - - 1 10,opening,e2e3,231,e2e3:231;h1f2:206;d1b3:191;e1d3:187;a5b6:187;e1f3:148;d1c2:143;f4e5:141
2k1rr2/3nb2p/2qbNp2/ppp3p1/B1P1P1n1/P7/1P1P1P2/Q1K1RRNB b - - 2 21,opening,b5a4,-282,b5a4:-282;d6f4:-97;d6e5:-63;d6h2:-19;d6c7:7;d6b8:28;d6g3:90;c6b6:155
qk3bbr/p1b1rp2/2b5/1B1p3p/PPB1p1p1/2PPPPP1/1B5P/1Q1K1RBR w - - 4 21,opening,b5c6,-36,b5c6:-36;c4b3:-171;c4a2:-175;c4d5:-213;b1a2:-284;f3e4:-340;b2a3:-346;f3g4:-375
k1rn1q1n/p2p2pN/n5n1/1pp1rp1p/1P1PP1Q1/P1P1N3/1R2P1PP/KN3R1N b - - 1 18,opening,f5g4,123,f5g4:123;f8g8:210;c5d4:225;h5g4:245;f8e8:269;f8e7:292;f8f7:299;e5e8:312
b1r3bb/1r1k2bp/1p4p1/P1p1p3/2PQp3/P2P2P1/2RKPP1P/BR4B1 b - - 2 18,opening,e5d4,-573,e5d4:-573;c5d4:-542;d7e8:222;d7e7:409;d7e6:415;d7c6:472;d7c7:481;g8d5:556
nn4rn/p2p1p2/qr2kn2/3N2pP/pPpPNp1Q/8/2P1PKNP/N1R4R w - - 0 18,opening,g2f4,99997,g2f4:99997;h4h3:260;d5f6:180;d5f4:136;e4f6:105;e4g5:65;e4c5:-58;h4f4:-135
qr2nnnn/1kp2ppp/1p1r4/p2pp3/1PPNP3/P4PP1/1K1P3P/QR1RNN1N b - - 0 11,opening,e5d4,-269,e5d4:-269;d6d8:-98;d5c4:-97;d6d7:-90;g8e7:-64;d6f6:-51;h8g6:-38;d5e4:-32
n1kr1Qr1/ppp1p1np/1qnp2p1/6P1/5pR1/5P2/P1PPP1NP/NNKR1N2 w - - 3 12,opening,f8f4,231,f8f4:231;f8f7:61;f8g8:-301;f8g7:-307;f8d8:-326;f8e7:-521;g2f4:-531;a1b3:-551
bk1rqb1b/pp1pppp1/3r3p/P7/3P4/1KP1P2P/2b2PP1/B1RRQBBB w - - 0 11,opening,b3c2,461,b3c2:461;c1c2:390;b3a2:123;b3b2:12;b3a3:-48;b3b4:-99993;b3c4:-99997
n1b1kB1q/1p1p3p/p1p1pP2/7n/2PP4/1P2PPr1/P1N4R/1BK1N2Q b - - 1 21,opening,e8f8,589,e8f8:589;h8f8:591;h5f6:600;g3g6:609;h8g8:663;e6e5:669;g3g8:688;d7d5:730
nnr1knrn/pp1p1p2/2p1p1q1/4P1pp/1P6/3P3Q/P1P2PPP/NNR1KNRN w - - 1 7,opening,h1g3,54,h1g3:54;f1g3:29;b1d2:1;a1b3:-21;h3e3:-29;b1c3:-36;f1d2:-38;c2c4:-38
r1bqkbbr/pp1p2p1/QB1bp3/2p2p1p/4PPP1/2P4B/PP1P3P/RBB1K2R b - - 1 8,opening,d8h4,-764,d8h4:-764;b7a6:-442;d8e7:-425;h5g4:-419;d8b6:-415;d8f6:-366;d6c7:-339;d6f4:-289
qnrnrbkb/p1ppp1pp/5p2/1p6/P2PP1P1/4N3/1PP2P1P/QNR1RBKB w - - 0 6,opening,a4b5,315,a4b5:315;a1a2:303;e4e5:253;b2b4:240;b1d2:235;g4g5:222;c1d1:220;c2c3:212
1nr2nqb/1k1p1p2/ppr1p3/6p1/2NbP1p1/P3QB2/KPP2P1P/2RBRN2 w - - 0 14,opening,e3b3,-385,e3b3:-385;e3d3:-394;e4e5:-440;e3d2:-477;c4d6:-500;c4b6:-514;c4a5:-514;f3g2:-527
b1r2br1/4pk2/1b1p2p1/2p1bpp1/p1P2P2/2P4B/PPB1R2P/BQRK4 w - - 0 21,opening,c2f5,550,c2f5:550;f4e5:426;h3f5:412;c2d3:404;d1e1:366;b2b4:365;f4g5:355;b2b3:339
1brbB1q1/pkp3b1/4p1p1/1p3r1P/1P1p1Pp1/PB6/B2PPQ2/K1R1B2R b - - 2 17,opening,g8e8,180,g8e8:180;d4d3:260;c7c6:316;f5c5:342;a7a6:370;g8f8:387;g6h5:396;f5d5:408
1krbqbbr/p2p1ppp/2b1p3/1pp5/8/P3PQ2/1PPP1PPP/BKRB1BBR w - - 0 5,opening,e3e4,-124,e3e4:-124;f3g3:-130;f3h5:-156;f3e2:-166;f3h3:-173;f3f4:-208;f3g4:-209;b2b4:-450
bkqrbbbr/1pppp1pp/8/p3Pp2/2B5/5P2/PPPP2PP/BKQRB1BR b - - 0 4,opening,g8c4,-231,g8c4:-231;b7b6:63;g7g5:87;h7h5:96;d7d5:109;e8f7:112;f5f4:114;d7d6:117
rnk2rn1/1pnp4/p5n1/2p1p1pp/PqN1pP2/2P3PP/1P1PNQ1N/R2KR2N w - - 1 21,opening,c4d6,646,c4d6:646;c3b4:637;d2d3:-260;c4e3:-356;c4a3:-364;h2f3:-410;f4f5:-460;h2f1:-472
2n1rnrk/p2pq1p1/1nn5/2p2P1p/1pP1p3/P4PK1/NP1PP2P/NNR1QN1R w - - 1 16,opening,f1e3,-377,f1e3:-377;g3f2:-383;a3b4:-403;g3h3:-417;h1g1:-448;a1b3:-459;e1f2:-461;h2h4:-461
N1rr1kn1/3pp3/p6P/2p1P3/1P3p1b/2bP4/4KP2/1BRRN1NB w - - 3 21,midgame,h6h7,762,h6h7:762;a8b6:687;e1f3:680;c1c3:678;b4c5:656;g1h3:650;d3d4:646;g1f3:645
br1n3r/ppp2k2/5ppn/3ppN1p/bP1N1P2/P5Bq/2PPP1PP/BRQ2K1R w - - 8 11,opening,f5h6,570,f5h6:570;g2h3:533;e2e4:346;f4e5:333;c2c4:324;g3f2:264;b4b5:261;f5d6:228
qr1n2kr/1Qp2p1R/p2b4/3pp1P1/P1n2P2/3PP3/1PP3P1/1RB2BK1 b - - 0 17,opening,d8b7,-510,d8b7:-510;a8b7:-502;b8b7:-483;h8h7:-405;g8h7:-327;c4b6:-15;c4a5:-10;c4e3:216
1r1rq2k/pp1pp1bb/1np3pQ/n2P1p2/1P2P3/2P2P1P/P5P1/1RNRNBBK b - - 0 11,opening,g7h6,-419,g7h6:-419;a5c4:94;c6d5:118;b6d5:120;e8f7:125;e8f8:126;h8g8:180;e7e6:205
qbr1r3/2p1p1np/1pk5/p2p1p2/P2n1P1P/1BPP2N1/1P3NP1/QK4RB b - - 1 23,opening,d4b3,-227,d4b3:-227;d4e6:56;e7e6:128;c6d7:135;c6b7:143;a8a6:151;a8a7:168;c8d8:169
bnrqkbnr/3p1p2/pp6/2p1p1p1/3P3p/P3K2P/1PP1PPP1/BNR1QBNR w - - 0 9,opening,d4e5,-190,d4e5:-190;d4c5:-252;e3d2:-282;d4d5:-299;b2b3:-322;c2c3:-337;b2b4:-350;e3d3:-358
1r3b1b/p3rkp1/1b5p/p1p1p3/2p4P/P2Pp1P1/1PQ1R1B1/BR4K1 b - - 5 23,midgame,g7g5,542,g7g5:542;c4c3:559;e7d7:585;f7e8:586;e5e4:587;g7g6:602;e7e6:609;b8c8:611
1r1k1rbb/1b4pp/1p2Pb2/p1pp2q1/1P3p1P/2PPP1P1/P1Q1KBB1/BR2R2B w - - 4 23,opening,h4g5,629,h4g5:629;e6e7:492;e3f4:451;b4c5:412;e2f1:398;g3f4:367;b4a5:362;g2f3:339
nnrqk1rn/2pp4/p3n2p/1Q2pppP/P7/2P1N1P1/1P1PPP2/NNR1K1RN b - - 0 10,opening,a6b5,-615,a6b5:-615;f5f4:-86;h8f7:21;b8c6:93;c7c5:113;g8f8:116;h8g6:119;g5g4:171
rnn1kb2/3ppr2/p1p2p1p/q5P1/Pp4P1/2PP3N/NP2P2P/RN1K1B1R b - - 0 14,opening,a5a4,-603,a5a4:-603;b4c3:-565;f6g5:-564;e7e6:-543;h6g5:-533;e8d8:-525;a5c7:-524;e7e5:-510
bk1rbrb1/1pp1p1pq/3p1p1p/p2P4/2P1P3/1PB3Pb/P4P1P/BKBR1RBQ w - - 0 8,opening,f1e1,36,f1e1:36;f2f4:-44;f2f3:-78;c1e3:-94;b1b2:-94;a1b2:-100;c3a5:-138;c1d2:-150
qnn1rrk1/pp2p1p1/2np3p/2p1pN2/4P2n/NP5P/P1PP1PP1/Q2NRRK1 w - - 4 9,opening,f5h4,-19,f5h4:-19;a3b5:-165;f5h6:-325;d1e3:-336;f5g7:-347;a1c3:-364;f2f4:-379;a1c1:-402
1krnqnr1/pp1p2p1/3np2p/5p2/PnPpP1NP/NP2Q3/5PP1/1KRN2RN b - - 3 11,opening,d4e3,-777,d4e3:-777;d8c6:-473;d6c4:-450;f5g4:-446;e8e7:-419;e6e5:-412;b4c6:-392;d6e4:-387
kbq1rbrb/pp2p1p1/5p2/b1pp3p/2P1P1PP/P2B4/1PQPBPB1/K2BR1R1 w - - 3 10,opening,e4d5,371,e4d5:371;c2a4:308;g4h5:308;a1a2:285;e4e5:277;e2f3:276;c4d5:275;a1b1:250
n2r1nrq/pnpkp1p1/3p1n1p/1p3P2/PN1P4/2P5/1P1K1PPP/NN3RRQ b - - 1 12,opening,b5a4,-235,b5a4:-235;g7g6:-174;b7a5:-173;a8b6:-143;d8b8:-131;d8c8:-125;e7e6:-119;d6d5:-113
n3nrr1/3pkpp1/1p2p3/pPp1N3/3Pb1P1/PN4Rq/2P2P1b/1BK2R1Q b - - 1 14,opening,h3g3,-588,h3g3:-588;e4h1:-530;h3h7:-467;h3h6:-461;c5d4:-418;g8h8:-416;e8c7:-354;a5a4:-350
b1b3r1/p2k2r1/1pp1p1p1/2B2p1p/P1P1PK2/8/1P2B1PP/BQ1Bb2R w - - 0 23,opening,b1d3,665,b1d3:665;h1e1:639;b2b4:531;f4e3:483;c5d4:480;e4f5:478;f4f3:451;e2f3:440
rqbr1kb1/pp1p1ppn/7p/2p1p3/5n2/2PPP3/PPKB2PP/R1QR1NBN w - - 0 9,opening,e3f4,225,e3f4:225;h1g3:-93;f1g3:-149;b2b3:-171;d1e1:-192;g1f2:-204;b2b4:-251;c1b1:-276
n2kqrrn/1pp1p2p/5pp1/p2pN3/1PnP3P/P5N1/2P1P1P1/NN1KQR1R b - - 1 11,opening,f6e5,-197,f6e5:-197;c4e3:-177;c4a3:170;c4b2:242;a8b6:253;a5b4:267;c4e5:276;c4d6:283
bq1k1rrb/pp1p1ppp/1b2Q3/8/B1pP4/2P5/PP2PPPP/BB2KRRB b - - 6 10,opening,f7e6,-462,f7e6:-462;d7e6:-439;b8c7:400;b8c8:401;b8d6:99996;d7d5:99999;d7d6:99999;a7a6:99999
r1bk1brb/bpppp1pp/p4p2/8/P2P1P2/2PB2q1/1P1QP1PP/R1BK1BRB b - - 4 8,opening,g3h2,-17,g3h2:-17;g3f2:49;g3h4:129;g3g4:382;a7d4:615;g3d3:616;g3g6:666;g3f4:684
1bbr3r/p1k3bp/1p2Bp2/2pp2p1/PP3P2/2PP1P1Q/1B3KPP/2Bq1BRR b - - 0 17,opening,h8e8,18,h8e8:18;c8e6:65;d1c2:181;c5b4:240;d8e8:286;c8d7:306;c5c4:323;f6f5:330
2q2knr/2pp1pb1/p1rn2pp/1p2p3/1nPP3P/NQ2PP2/P2K2PR/R1N2BN1 b - - 8 17,opening,e5d4,-409,e5d4:-409;a6a5:-289;b5c4:-275;g8e7:-241;c8e8:-216;h6h5:-215;c8d8:-187;c8a8:-180
b3brr1/2qn1ppk/2p1n3/1pPp1N1p/p2PQ1PP/PP2PP2/N4R2/B3BR1K b - - 0 17,opening,d5e4,-470,d5e4:-470;a4b3:-3;g7g6:79;d7c5:93;h5g4:152;d7f6:160;e6c5:166;c7d8:199
rbrb1bbk/p1pq1p2/8/1p1pp1p1/4B3/2P1PP2/PP1P1BPP/RBRBQ2K b - - 3 8,opening,d5e4,28,d5e4:28;f7f5:291;c7c5:349;c7c6:350;d8e7:363;d7e8:367;b5b4:393;f7f6:398
6br/1rbqpk2/pn1p1pnp/1pp5/P5P1/2PB1P1P/1P1PP1N1/1RNQK1BR w - - 1 16,opening,d3e4,180,d3e4:180;a4a5:177;a4b5:169;b2b3:161;d3f5:133;d3g6:124;g1e3:116;g1f2:112
r2rq1k1/1b4p1/p1pp1p2/Pp3p1p/B2P1P1P/P1P5/1B2PK1n/RR5Q w - - 4 21,opening,a4b3,243,a4b3:243;h1h2:-210;b2c1:-336;f2g3:-337;a4c2:-347;f2e1:-351;a4d1:-374;b1g1:-380
b2n3n/pp1q4/1k1Bp3/5Npp/1P6/2rP1P2/2P3PP/BbKQ1R2 w - - 6 22,midgame,a1c3,466,a1c3:466;c1b1:455;d6c5:428;d1e1:329;f1f2:315;f5e3:289;f5d4:279;f5e7:253
1krn3n/pp2qp2/3pp2N/nP5p/2pn3p/Q1P5/P1N1PPP1/KNR1R2N w - - 2 19,opening,c2d4,561,c2d4:561;c3d4:508;a3a5:461;h6g8:383;h6f5:320;e1d1:258;f2f4:250;e2e4:246
qkbrrb2/4p1p1/p1p3np/P4p2/3p1PnP/2P1P3/3PB3/QKBRR1NN b - - 0 14,opening,d4d3,-293,d4d3:-293;a8b7:-275;d4e3:-251;e7e5:-217;c6c5:-179;d8d7:-178;c8e6:-168;g6h4:-162
1knb1qrb/ppnprpp1/7p/NPp1p3/8/4P3/P1PPNPPP/1K1BRQRB b - - 4 8,opening,d7d5,-309,d7d5:-309;g7g6:-298;e5e4:-288;f8e8:-271;c7b5:-268;g7g5:-266;e7e6:-265;f7f5:-255
n1qr1bbr/2pppkp1/pp3B2/7p/7P/PN1PPP2/2P4n/1QRNKB1R w - - 1 15,opening,f6a1,23,f6a1:23;f6b2:3;f6c3:-13;f6g5:-30;f6d4:-67;h1h2:-120;f6g7:-126;e1f2:-134
n2krrqn/pppppppp/n7/8/n6P/N2P4/PPP1PPP1/N1NKRRQN w - - 1 4,opening,b2b3,54,b2b3:54;a3c4:-114;c2c4:-131;f2f4:-132;d1d2:-140;c1b3:-141;a1b3:-143;e2e4:-155
rq3nnr/ppp2kpp/n2npp2/7N/3p4/NNP1N3/PPQPPPPP/R3KR2 b - - 2 9,opening,d4e3,-331,d4e3:-331;g7g6:-197;d4c3:40;b7b5:132;g8e7:138;c7c5:149;b8d8:167;c7c6:178
1r2k2n/1rb1Npp1/3p4/p1P4n/P1b3qp/4P2P/1RPP1P1K/1QR1B3 w - - 2 22,opening,b2b7,23,b2b7:23;h3g4:-140;e7d5:-579;d2d3:-665;c5c6:-757;b1a2:-782;e7c8:-823;f2f4:-823
1nqrn1kr/1pppp1pp/pn3p2/8/6P1/N2P1n2/PPPNPPKP/N1QRN1R1 w - - 0 7,opening,e1f3,417,e1f3:417;d2f3:367;e2f3:305;g2f3:269;g1h1:-153;g1f1:-167;a1b3:-303;c2c4:-312
kn2r2n/1prn1n1p/1ppN3q/3p1p2/1P1Q3P/P1PK2P1/2R1P1PN/3N1R2 w - - 3 22,opening,d6f7,-501,d6f7:-501;d1e3:-623;h2f3:-667;d4f4:-670;c2d2:-684;h2g4:-685;c2a2:-688;e2e3:-694
2q1bbrk/rppn1pp1/3p4/4p2B/p4n2/PP1PP1PP/2P2P2/RNQNBR1K w - - 0 15,opening,e3f4,274,e3f4:274;h5g4:105;h5f3:72;g3f4:-58;h5f7:-124;h5e2:-184;g3g4:-232;b3b4:-311
r3q2k/2b1p1b1/p3bp1p/1r1pbQ2/PppP1P1P/R3P1P1/2P5/1BRB2BK b - d3 0 20,opening,e6f5,-723,e6f5:-723;b5b6:-558;e8g8:-479;e6d7:-453;e8f7:-413;e6c8:-397;b4a3:-358;e8d7:-314
rb3bB1/ppqkp3/3p2p1/1b3p2/PP3P2/6Q1/2PP2r1/R1B1K2R w - - 2 21,midgame,g3g2,308,g3g2:308;g8e6:-89;g3b3:-148;g3h3:-226;g3f3:-342;g3c3:-381;g3e3:-417;g3a3:-466
r1k1brnq/pp1ppp2/2n3pb/7p/2P1K1B1/P2p1P2/1P2PNPP/1R3RNQ b - - 1 13,opening,h8d4,-99999,h8d4:-99999;h8e5:-99996;d3d2:-99995;f7f5:-946;a7a5:-907;c8d8:-879;h5g4:-862;d3e2:-809
bb1rknrn/2p3pp/1p1pq3/p4p2/1PP5/P2B2N1/3PPPPP/B1QR1KRN w - - 0 9,opening,g3f5,366,g3f5:366;d3f5:322;f2f3:316;f2f4:281;d1e1:281;c1c2:275;b4a5:270;d3c2:268
1rqkrbbB/2pppp1p/1p6/p5p1/1PP3P1/5b2/P2PPP1P/1RQKRBBB w - - 1 5,opening,h1f3,513,h1f3:513;e2f3:466;f1g2:317;h1g2:299;d2d3:183;b4a5:176;h8c3:176;h2h4:167
br3bkb/6p1/1p2pb2/p2p1p1B/P1rPPP1P/1R3K2/1P4P1/BQR2BqB b - - 6 18,opening,d5e4,-642,d5e4:-642;c4d4:-419;c4c1:-412;f6h4:-409;c4b4:-397;g1h1:-372;f5e4:-325;g1d4:-318
1r4r1/1p1pk3/2pbn1p1/pPq1pp2/P3P1Pp/2K2BPP/1QPR4/1B2N1N1 w - - 12 22,opening,c3d3,-497,c3d3:-497;c3b3:-99997
1k1qr1rb/2n1pp2/b2pn1p1/p1p1P2p/1p5P/P1PPN2R/KP3PP1/N1BQ2RB w - - 0 16,opening,a1b3,-4,a1b3:-4;d1a4:-24;e3c4:-31;g2g3:-101;g2g4:-105;e5d6:-109;c1d2:-116;g1e1:-123
rb1bbr1b/p1p2q2/1k3p1p/1p1pp1p1/1P1P1P2/4PQ1P/P1P3P1/RBKBB1RB w - - 6 13,opening,f4f5,112,f4f5:112;c2c3:59;f3f2:44;e3e4:37;f3f1:36;c2c4:26;f3e2:9;g2g4:-2
r1q1brkn/pp1pbppp/n7/2p5/2P1p2P/NB2P3/PP1P1PP1/R1Q1BRKN w - - 1 6,opening,d2d3,49,d2d3:49;c1b1:44;h1g3:41;c1d1:17;c1c2:12;f2f4:-11;f2f3:-19;h4h5:-27
n1r2q1b/p1p1kp1p/n2p2p1/1p2P3/2P3K1/P2pP2P/2NN2P1/2RBR1QB w - - 0 14,opening,c2d4,413,c2d4:413;g4f3:344;c2b4:343;c4b5:338;g2g3:329;h3h4:327;g1f2:318;e5d6:291
n2rqb1k/p1p2b1p/3ppp2/1p3NP1/PPr2p2/2QPn2P/2P5/1RNR1BBK b - - 1 14,opening,e8c6,-699,e8c6:-699;c4c3:-632;e6f5:-444;f8g7:-288;e6e5:-235;e3f5:-235;f8e7:-202;e3d5:-183
1nnnrk1n/p1p1pr1p/5pp1/1pq5/3p1PP1/2NNP2P/PP1P1R2/QN2R1KN w - - 0 10,opening,d3c5,661,d3c5:661;b1a3:100;e1c1:80;c3e4:62;b2b3:57;c3a4:29;c3e2:-9;a2a4:-64
rknn1nqn/2pp1p1p/pp2r3/1P2p1p1/8/P5N1/R1PPPPPP/1KNNR1QN w - - 0 6,opening,a3a4,-80,a3a4:-80;b5a6:-81;g3f5:-110;d1c3:-117;e2e4:-122;f2f3:-123;c1b3:-131;g1f1:-136
b1rbr2b/p1pp1pk1/6pb/1q3B1p/4P2P/1PP3P1/PB1P1P2/Q1R1R1KB b - - 2 14,opening,g7h7,-267,g7h7:-267;g7g8:-257;b5c6:-233;d8f6:-218;b5d3:-200;g7f8:-180;f7f6:-69;b5a6:18
rrnkbqnb/pp1p1p2/8/2p1p1pp/P3P1P1/Q7/1PPP1P1P/RRNKB1NB b - - 1 5,opening,h5g4,-67,h5g4:-67;f8h6:-58;d7d5:-42;g8e7:-35;g8f6:-25;d7d6:-23;b7b6:-13;a7a5:-9
r1rkb2b/1p1pp2p/pn5q/2p2pp1/PP2B1n1/4PQ1P/N1PP1P2/RR1KB1N1 b - - 0 11,opening,g4e5,-502,g4e5:-502;f5e4:-489;g4h2:-482;e8h5:-408;g4e3:-399;g4f2:-374;h8a1:-290;c8c7:-267
nqnrknrn/1ppp2p1/p3pp2/7p/3P1P1P/P3N3/1PP1P1P1/NQNR1KRN b - - 3 7,opening,c7c5,-60,c7c5:-60;g7g5:-60;d7d5:-36;a8b6:-29;c7c6:-23;c8e7:-17;h8f7:-15;b7b5:-5
nrn2qrn/1pp1kp1p/p1np4/4p1p1/5NPP/3N4/PPPPPPR1/NR1NKQ2 b - - 1 7,opening,g5f4,-439,g5f4:-439;e5f4:-244;a8b6:-34;e5e4:-4;h7h6:56;h8g6:58;e7d8:62;c8b6:75
nr1r1bbk/1pp1p1p1/2qn1p1p/p2p4/6PP/2PN4/PP1PPP2/NR1RQBBK b - - 2 7,opening,e7e5,-152,e7e5:-152;g8h7:-126;c6e8:-126;d8e8:-124;a5a4:-117;c6a4:-116;b7b6:-115;a8b6:-115
r1nrb1nq/pk6/2p1B3/1pP2ppp/5PPB/1N2P1N1/Pb1P1Q1P/RK1R4 w - - 0 20,opening,h4g5,278,h4g5:278;b3a5:232;f4g5:190;d2d3:111;d2d4:57;e6c8:11;g3f5:3;g4f5:-55
bk1brqrn/pppp2p1/7P/4pp2/n2P4/7P/1PP1PPQ1/BKNBR1RN b - - 0 7,opening,g7g5,11,g7g5:11;g7g6:22;b7b5:26;g7h6:79;b7b6:108;h8f7:113;f8d6:148;f8b4:151
n1r1k1br/q1p1pp1p/1pn4b/p2p1Pp1/2P3N1/PP1P2P1/3KP2P/NQR2BBR w - - 0 13,opening,g4h6,523,g4h6:523;b1b2:515;c4d5:497;f5f6:444;h2h4:393;f1h3:391;f1g2:385;e2e4:381
n2krrn1/ppp1pn2/1n3p2/6pP/PP1pPq2/1N1P1N2/2P2P1P/NQ1KRR1N b - - 0 12,opening,b6a4,-498,b6a4:-498;f4f3:-331;e7e5:-96;f4g4:-80;b6d5:-35;d8c8:-16;c7c5:88;e7e6:111
qbr1k2r/3pbpp1/4B2n/ppp1p2p/8/2P2PP1/PP1PP2P/QR1NKBNR b - - 0 9,opening,f7e6,-156,f7e6:-156;d7e6:-142;f7f5:85;h5h4:156;e5e4:191;a5a4:217;c8d8:222;e8f8:230
1q2k1rr/pbpp2pp/3b4/4ppb1/1p2bP1P/3P2P1/PPPBP3/BQ1BKBRR b - - 2 9,opening,e4h1,-254,e4h1:-254;g5f4:-179;e4c6:-159;e4d5:-153;g5h6:87;e5f4:128;g5f6:133;g5e7:170
qkb3n1/ppb1rp2/6p1/2p1B2p/3r3N/2P4N/P3PPP1/QK2RB2 b - - 4 16,midgame,c7e5,-545,c7e5:-545;d4h4:-490;d4b4:-473;d4d7:-424;d4d8:-414;d4e4:-398;d4a4:-394;d4d2:-382
n1qkr1rn/1p1ppp2/pnp2n2/7p/5PPp/1P1N4/P1PPP3/N1QKRRNN b - - 1 10,opening,h5g4,-313,h5g4:-313;f6g4:-161;g8g4:-124;d7d5:-102;d7d6:-100;d8c7:-97;a8c7:-97;f6e4:-95
1bk2r1b/1r1b2p1/1pp1BpQp/p3b3/P3P3/1P4B1/2PP2PP/1BK3RB w - - 0 21,opening,e6h3,462,e6h3:462;g6g4:458;g6f5:457;e6c4:446;e6f5:443;e6g4:430;g3e5:428;e6d7:421
nq1rk1br/pb4pp/2pp4/1p3p2/1PP1pP2/P2nP3/1Q1PKBPP/N1BR1N1R b - - 3 11,opening,g8c4,-705,g8c4:-705;g8f7:-533;d3b2:-532;b8c7:-508;d8d7:-478;g8e6:-426;e8d7:-394;e8f8:-368
nnn1r2r/p1N1kp1q/1p1pp1p1/2n5/P1P3pP/1P1PP3/5P2/NNK1NRQR b - - 0 16,opening,a8c7,-279,a8c7:-279;h7g7:-200;c5b3:-26;c5d3:6;e8g8:207;e8d8:214;d6d5:247;e8f8:250
bkrb1b1r/1ppppb2/p4pQ1/7p/1P1P4/K1P2P1P/P3q1P1/B1RB1BBR b - - 1 10,opening,e2a2,-99999,e2a2:-99999;f8h6:-476;e2f1:-390;e2d1:-380;e2e1:-142;e2c4:-129;e2d2:-125;e2e6:-115
1bqbrbrb/1kp2ppp/1p1p4/p3p1Q1/3PP3/P1P5/1P3PPP/KB1BRBRB b - - 0 6,opening,d8g5,-446,d8g5:-446;e5d4:53;c7c6:107;b7a7:114;g7g6:116;d8f6:163;d6d5:168;b6b5:186
k1rrq3/1pp1pp2/n2pnN2/3P2pp/P1P5/1P1b2P1/1K2P1P1/2RRBN1B b - - 7 19,opening,e7f6,-555,e7f6:-555;e8h8:-494;e8f8:-430;e6c5:-255;d3e2:-241;d3c4:-89;e6f8:-76;a6c5:-49
b1brb3/3p4/1kp2r2/pp5p/PB5P/K2PPp2/1BPR1B2/B1R5 b - - 2 22,midgame,a5b4,-24,a5b4:-24;f6f7:454;f6e6:454;f6g6:493;f6h6:496;f6f5:522;d7d6:526;e8f7:615
rnqnbbr1/1ppppp1k/6pp/p2P4/5PPP/2N5/PPP1P3/RNQ1BBRK w - - 0 7,opening,a2a4,167,a2a4:167;e2e4:166;b1d2:163;c3e4:160;d5d6:158;e1f2:149;b1a3:139;g1g2:139
r1nN2rn/p1pk2p1/2nn1p1p/3pQ3/pP1P2qP/P3PN2/2P2PP1/R2K2RN w - - 3 21,opening,d8c6,-428,d8c6:-428;e5d5:-510;e5g3:-562;e5f4:-592;e5h2:-595;e5e6:-600;e5d6:-648;d8b7:-725
br2bk1r/5pn1/1n6/1p6/p3p3/PPBp1P2/4PKPP/BR1N2NR b - - 0 19,midgame,h8h7,273,h8h7:273;f7f6:308;f8g8:361;g7f5:372;g7e6:373;h8h4:377;g7h5:380;h8h5:383
bqb1k1rr/ppppbppp/8/8/4p3/b1P1P1P1/P2PKP1P/BQBB1BRR w - - 2 7,opening,c1a3,103,c1a3:103;a1b2:-119;c3c4:-125;h2h4:-135;f1g2:-136;d1c2:-149;c1b2:-155;e2e1:-160
2bkqb1b/rp1p1prp/p1p1p3/4b1p1/3PP3/BPP4P/P1K2PP1/RB2QBRB w - - 2 8,opening,a3f8,205,a3f8:205;a3c1:-133;f2f4:-133;d4e5:-134;a3b2:-151;a3b4:-162;c2b2:-194;a3c5:-202
1rn2kr1/p2pp1pn/7q/1pp2p1N/1P1n3P/3NP3/P1P1P1P1/RQ2NKR1 w - - 1 17,opening,e3d4,-1,e3d4:-1;c2c3:-73;h5f4:-93;d3c5:-96;b1d1:-101;g2g4:-102;b4c5:-117;d3f4:-134
r1r3bk/p5p1/bbp1p1Bp/4b1P1/3PPq1P/p2P1Q2/1PB4B/R2RB1K1 b - - 1 20,opening,b6d4,-779,b6d4:-779;f4h2:-731;f4f3:-370;e5d4:-192;f4f8:21;f4e3:134;a3b2:267;c8f8:311
b2b1rkb/1r4b1/pP3pp1/2p1qp1p/3P3P/1P3PP1/1BP4K/1RQB1B1B b - - 0 23,opening,e5e1,-249,e5e1:-249;e5b8:-208;e5d6:-187;c5d4:-177;e5e7:-174;e5e8:-124;e5d5:196;e5e6:202
2rb4/q1p2p2/2b2bk1/pp1B2p1/1b1P2p1/1PP2P1P/P3B2K/B1RB1R2 w - - 2 23,opening,d1c2,-164,d1c2:-164;d5c6:-167;e2d3:-203;d5e4:-295;d5f7:-356;c3b4:-385;h3g4:-409;f3f4:-417
1rn1brkq/ppppbpp1/n3p2p/8/4P1P1/PP6/2PP1P1P/RNNBBRKQ b - - 2 6,opening,h6h5,-77,h6h5:-77;f7f5:-71;g7g6:-63;g7g5:-62;c8b6:-61;h8h7:-47;d7d5:-46;c7c6:-45
k1rnr1n1/ppq1NBb1/4p3/2p3p1/5PPp/P1P1P2P/1P1P1R2/KRQNB3 w - - 1 22,opening,f7e8,538,f7e8:538;e7c8:468;f4g5:400;d2d3:398;f7g8:387;a1a2:375;f7e6:370;b2b3:352
2brkn2/rpq3pb/3pp3/4B2p/1PQ1Pp2/3P1nP1/P1PN3P/R2R1K1N w - - 0 15,opening,c4c7,480,c4c7:480;e5f4:-310;d2f3:-322;c4c3:-328;e5b2:-344;e5c3:-353;e5d6:-426;c4b5:-454
qbrnk1nr/pppp2pp/8/2b1p3/3P1pPP/5N2/PPP1PP2/QBRNKB1R w - - 0 5,opening,d4c5,420,d4c5:420;d4e5:213;c2c3:203;g4g5:189;a2a3:189;f1h3:184;f1g2:150;a2a4:147
kn1r1qbb/1prn3p/2p1p1p1/p2p1p2/N2P4/1P4PP/P1P1PPB1/K1RRQNB1 w - - 1 10,opening,e1a5,111,e1a5:111;c2c4:46;f2f4:8;a4b6:3;a1b1:-21;a4b2:-29;f1e3:-54;c2c3:-66
2nn1r1n/1p2kp2/r1p1p3/p3P1qp/P3P3/1PP3p1/N1K2PP1/NR3QR1 b - - 0 21,opening,h8g6,-427,h8g6:-427;g5e5:-421;g5f4:-399;g3f2:-348;f7f5:-320;f7f6:-320;g5g4:-319;g5h4:-313
bnr3nr/1pp3p1/4k2p/P2p4/1bP3PP/5P1R/P2PPKB1/1NRq2Q1 w - - 7 16,opening,c4d5,596,c4d5:596;g1d1:567;c1d1:475;h4h5:-291;g4g5:-304;b1c3:-305;f3f4:-305;a2a3:-318
2nq1nrn/nkp1p3/1p1p4/p6Q/6p1/PKP1PP2/1P1P3P/1N2N2R w - - 0 21,midgame,h5d5,27,h5d5:27;f3g4:-572;h2h4:-589;h2h3:-595;e1c2:-603;h1f1:-604;b3a2:-605;e1d3:-607
rqbn1rnb/pppkp1pp/3p4/5p2/2P2P2/4QN2/PP1PP1PP/R1BNKR1B w - - 2 6,opening,g2g4,98,g2g4:98;b2b4:71;d1c3:64;b2b3:64;g2g3:57;d2d4:54;a1b1:49;f3g5:47
n1r1r1kn/1pp3p1/8/p2pp2p/3nPp1P/1Nq2P1P/1PR5/NNRKQ2N b - - 1 22,opening,c3f3,-414,c3f3:-414;c3e1:-273;c3d3:-227;c3e3:-98;c3b4:120;d4c2:279;c3b3:305;c3c2:310
1bkr1brn/p1pppppp/3nq3/1p6/7P/1PP1P1N1/P2P1PP1/QBKRNBR1 b - - 2 5,opening,g7g6,244,g7g6:244;g7g5:247;c7c6:272;c7c5:275;e6f6:277;a7a6:281;h8g6:287;e6h6:288
b1bbrrkb/1qpp1ppp/p7/4p3/1p2P3/5P2/PPPPBKPP/BQBR1R1B w - - 0 6,opening,b2b3,-223,b2b3:-223;d2d3:-227;g2g3:-229;f2e1:-232;c2c3:-235;d2d4:-265;g2g4:-272;f2g1:-280
r3bn1n/p1q1prpk/1p3p2/2p2P1p/1P1B4/P1P2N2/3PP1PP/RQBR2KN b - - 0 21,opening,c5d4,241,c5d4:241;e8a4:342;e8b5:449;g7g5:479;g7g6:480;h5h4:484;h7g8:486;f8d7:498
2bkr2q/pp1p4/1np5/5pr1/1RPP2P1/4B2Q/PP2PPNb/NB1K1n2 w - - 1 18,opening,e3g5,241,e3g5:241;h3h8:-372;b4b3:-455;g2h4:-504;h3h4:-509;h3f3:-515;g2f4:-538;b1f5:-576
2n1r1nr/k1q1p1pp/p1p2P2/Pp6/1PpP1N2/6PN/2P3nP/1KQ1RN1R b - - 2 20,opening,c7d6,240,c7d6:240;g8f6:269;e7e5:272;c6c5:281;g2f4:282;g7f6:306;g8h6:328;g2e1:337
r2bn1nr/kp4p1/2p1pp1p/q1p1P1b1/p4P2/NP5P/PQPPN1P1/RB2K2R w - - 8 20,opening,a3c4,-156,a3c4:-156;f4g5:-166;h3h4:-182;h1f1:-191;c2c3:-192;g2g3:-202;b3a4:-214;e1d1:-235
1rk2r2/q7/1p1ppn2/PQp4p/P1P1PpB1/3NR3/K2P1PPP/6NB w - - 0 23,opening,g4e6,515,g4e6:515;b5c6:510;d3f4:452;a5a6:330;e3e2:281;e3e1:266;d3b4:255;g1f3:224
brb1rkqb/ppb1p1pp/8/2pp1p2/1PPP4/8/PRB1PPPP/B1B1RKQB b - - 2 6,opening,c5d4,-28,c5d4:-28;d5c4:-5;b7b5:1;b7b6:41;c5b4:53;e8d8:58;g7g6:62;g7g5:64
1nrq2rn/1p1ppk1p/pn3pp1/2p3n1/Q1P5/PP1PP3/3R1PPP/NN2KNRN b - - 0 11,opening,b6a4,-610,b6a4:-610;b8c6:-573;g5f3:-458;g5e4:-390;g5h3:-369;e7e5:-216;d7d5:-214;f6f5:-204
bb3b1k/1p6/pb1pr3/1Pp1PP1p/P3P3/2P5/2B5/B2BRBK1 b - - 0 15,midgame,c5c4,252,c5c4:252;e6e7:275;e6e8:280;e6h6:281;e6e5:296;a6b5:392;f8e7:412;d6d5:431
qbkrn2n/2pp2r1/1p2p1p1/p3PpP1/P6p/1PPBb2P/3P1P2/QBKRNR1N b - - 0 11,opening,e3f4,-137,e3f4:-137;e3g5:-108;e3c5:63;e3f2:209;e3d2:282;c7c6:310;h8f7:323;d7d6:367
qbrnkb1r/8/1ppp1Pn1/p6p/P1P1P2P/3K4/BP3P2/1QRN2RN w - - 1 19,opening,g1g6,175,g1g6:175;d3e2:-174;h1g3:-194;d3c2:-204;e4e5:-207;d1c3:-215;d3d2:-215;d1e3:-218
qb1r1br1/1pk1np2/3p2pp/p1pPP3/P3n2P/3N3N/1PP1P3/QBKR1BR1 w - - 1 14,opening,a1a2,148,a1a2:148;a1a3:125;c2c4:86;c2c3:76;b1a2:58;g1g4:41;h4h5:7;e2e3:2
nq1r1bkb/pppprpp1/1n2p2p/8/1P3P2/6P1/P1PPP1BP/NQNRRBK1 w - - 1 5,opening,e2e4,109,e2e4:109;c2c3:92;a1b3:89;c1b3:76;c1d3:70;g1h1:57;d2d4:56;e2e3:55
bbb1k2r/ppp3rp/4p3/3p2p1/5PpP/P5Q1/BqP1P1B1/B2K2RR w - - 0 16,opening,a1b2,520,a1b2:520;d1d2:215;g3c3:51;h4g5:-416;f4f5:-443;g1f1:-454;g3g4:-455;a2b1:-489
rbb2brb/1p1qkpp1/pPp1p2p/3p4/4P2P/1BP5/PB1P1PP1/R2KQBRB w - - 0 10,opening,g2g3,102,g2g3:102;e4d5:63;h4h5:52;e1e3:49;f1d3:36;g2g4:29;f2f4:25;f1e2:20
1r1rqb1k/1ppppp1b/pn1n2pp/NB6/5P1Q/4P3/PPPP2PP/1RN1R1BK b - - 1 7,opening,a6b5,-408,a6b5:-408;g6g5:-344;d6b5:-341;d6f5:-339;d6e4:-135;e7e5:-49;f7f5:-39;f8g7:-22
qkbbnr2/1ppn1pr1/p3p1p1/3p3p/2PQ4/1P1P4/P1N1PPPP/K1BB1RNR w - - 0 10,opening,d4c3,-65,d4c3:-65;c1b2:-71;d4e3:-72;a1b1:-85;d4b2:-87;d4f4:-115;c4d5:-446;e2e4:-476
n1nknrqr/p1p1pp2/2n4p/3p1Pp1/1p6/3N2P1/PPPPP2P/NN1KNRQR w - - 0 7,opening,g1c5,464,g1c5:464;a1b3:343;d1c1:292;c2c3:268;a2a4:262;a2a3:257;g1f2:251;g3g4:249
qrbkbnnQ/1ppppp2/p6p/6p1/1P6/6N1/P1PPPPPP/1RBKB1NR w - - 0 4,opening,h8g8,608,h8g8:608;d2d3:592;f2f3:579;b1b3:576;h2h4:576;g1f3:566;h2h3:559;c1b2:557
n1n1n1kq/p1p4r/5rpp/1pnpPR2/3PP3/1N6/PP3RPP/NN2N1KQ w - - 1 13,opening,f5f6,449,f5f6:449;d4c5:389;e5f6:371;b3c5:360;g2g3:278;f5f3:278;h2h4:261;g2g4:240
brb2kq1/pppprp2/4p2b/2P4p/4P1P1/4Q3/PP1P1P2/BRBBRK1B b - - 3 13,opening,h6e3,-232,h6e3:-232;h6g5:374;g8g6:390;g8g7:392;h6g7:408;g8h8:467;g8h7:467;h5g4:518
b1rbrbkb/ppqpppp1/8/2p4p/1PQ5/8/P1PPPPPP/B1RBRBKB w - - 2 4,opening,e2e3,17,e2e3:17;c4c5:17;b4c5:17;g2g3:13;b4b5:5;c4b5:-4;c4d5:-24;g2g4:-29
rqnn1krn/1p1p2p1/pnp1pp1p/8/2P1P3/1NQ5/PP1P1PPP/R2NNKRN w - - 0 9,opening,c4c5,310,c4c5:310;h1g3:79;d2d3:77;d1e3:66;h2h4:58;d2d4:56;c3a5:56;a2a4:53
qrb2b1k/1pB1p1p1/4bp2/1bpP3p/3p1P1P/3PP1B1/PP3BP1/QR1R1B1K w - - 1 13,opening,a2a4,632,a2a4:632;d5e6:629;e3e4:597;c7b8:556;f4f5:554;d1e1:550;d1c1:546;b2b4:486
bbbk1brr/p1pppqpp/5p2/1B6/4PP2/1P6/P1PP2PP/BBBKQ1RR b - - 0 4,opening,c8b7,90,c8b7:90;c7c5:133;e7e6:138;c7c6:144;h7h5:146;a7a6:159;f6f5:162;f7e6:165
1b2rb1r/kp1pp2p/pb3b2/2q2p2/B1P1BPp1/4P3/PP4PP/KQ2RBRB b - - 0 13,opening,f5e4,-458,f5e4:-458;f8g7:-442;b8f4:-440;c5b4:-434;e7e5:-410;b8d6:-400;g4g3:-394;e7e6:-384
qbrkbrb1/1ppppp1p/pB6/4b1p1/2P5/5P2/PP1PP1PP/QBRKBR1B w - - 0 4,opening,b6e3,108,b6e3:108;b6a5:65;b6g1:64;b6f2:35;b6c5:6;f3f4:-33;d2d4:-138;g2g3:-287
k2r2rb/1pp3pq/4p1n1/pP1pN2p/Bn1P2Pb/P1P4P/5PQ1/KNRb2R1 w - - 0 22,opening,c1d1,-256,c1d1:-256;g1d1:-306;a4d1:-363;g4h5:-437;a3b4:-442;f2f4:-473;c3b4:-476;e5c6:-493
4br1b/br1pk3/2Q3P1/PP3P1p/5P2/3P1R2/b1P3P1/1BRKB2q b - - 0 20,midgame,d7c6,-530,d7c6:-530;h1e1:-325;b7b5:-20;e8g6:0;e8f7:95;a2d5:99;f8f5:134;a2e6:158
br1brbkb/pp3ppp/8/1Pppp3/2P3PP/3q4/1R1PPP2/B1QBRBKB w - - 1 10,opening,e2d3,632,e2d3:632;e2e4:207;b5b6:167;h4h5:163;h1d5:161;e2e3:149;f1g2:136;c4d5:127
br2rb1b/p1p2ppb/p6p/3pBk2/2P5/P3P1P1/1q1P1PBP/1RQ1RKB1 w - - 4 14,opening,e5b2,543,e5b2:543;b1b2:484;e3e4:463;g2h3:325;c1b2:261;g3g4:260;g2e4:137;c1d1:-158
1bb1kb2/r1pp1ppr/1p3n2/p7/P6P/3P1NP1/1PP1BP2/RBB1K1R1 b - - 0 13,opening,c7c6,161,c7c6:161;g7g6:179;h7h8:188;c7c5:188;d7d6:190;d7d5:196;f8e7:201;c8b7:204
q3r1br/1bb1bk2/pp3ppP/3pB3/P1p3K1/3P4/BPP1PP1P/Q2BR1BR w - - 1 15,opening,e5c7,-178,e5c7:-178;a1c1:-478;g4g3:-481;h2h4:-493;e5g3:-517;e2e4:-549;g4h3:-551;f2f4:-581
kq1brnr1/pb3p2/2pp2p1/1p2pP2/PPRP4/6n1/2P1P3/KQBBR1N1 b - - 0 17,opening,b5c4,-830,b5c4:-830;g3e4:-692;d8h4:-637;d8b6:-622;e5d4:-590;g3f5:-567;g6f5:-543;f8d7:-543
bkbrbrb1/pppppp1q/7p/6p1/8/4PQP1/PPPP1P1P/BKBRBRB1 w - - 1 4,opening,d2d3,-198,d2d3:-198;f3e2:-205;b2b3:-213;f3g4:-254;g3g4:-257;h2h4:-262;a2a3:-263;b2b4:-274
1b2r1rb/p1p1p1Qp/k5n1/3p1p2/1PP1q1Nn/P5PP/3PPP2/1BK1RN1R w - - 4 14,opening,b1e4,48,b1e4:48;b4b5:1;g7h8:-62;g7f7:-264;g7g8:-283;g7g6:-287;g7c3:-342;d2d3:-353
nq1rkbbr/2ppppp1/pp2n3/8/1P4Pp/2PBP3/PQ1P1P1P/N1RNK1BR w - - 0 8,opening,f2f4,46,f2f4:46;f2f3:13;d3e2:-19;b2b1:-67;h2h3:-81;b2c2:-99;c3c4:-111;e3e4:-112
bkb1brbq/pp2r1Bp/4p3/3p1p2/1p2PPPP/B7/P1PP3B/1K1RB1RQ b - - 0 9,opening,h8g7,110,h8g7:110;e7g7:327;b4a3:547;d5e4:565;c8d7:569;e8a4:573;e7c7:587;d5d4:596
kbbr1bqr/pp1bp1pp/1Qpp1p2/8/4P3/2P2P2/PPBP2PP/K1BRBB1R b - - 1 5,opening,a7b6,-518,a7b6:-518;g8a2:-21;d8e8:94;d7e6:328;g8f7:347;h7h5:356;e7e6:358;e7e5:360
nknbr1r1/3pp3/1pp2p2/4b2p/PpP1PP1p/1K4P1/6B1/2NBRQR1 w - - 0 19,opening,f4e5,422,f4e5:422;d1h5:378;c1e2:352;g2h3:333;b3c2:319;d1f3:315;b3a2:313;g3h4:300
bknb3n/pp1p1N1p/r6r/q5Q1/2P3P1/2P2p2/P2PP2P/K2BR1RN w - - 1 16,opening,g5a5,68,g5a5:68;g5e5:-176;d1b3:-702;g5f4:-704;a2a4:-773;d1a4:-872;a1b1:-1059;a1b2:-1157
1nnqr1nr/pkp1pp2/1p1p3p/3P2p1/1P3N2/P2nPP2/2P1NNPP/K2QRNR1 w - - 6 19,opening,f4d3,508,f4d3:508;d1d3:226;f2d3:211;c2d3:177;f4e6:42;f4h5:-140;f2e4:-237;f4h3:-247
bk1rq1br/3p2pp/2pbPp2/pp2Q3/P3P2P/P7/2P2PPR/BKRB1BB1 b - - 0 11,opening,f6e5,-425,f6e5:-425;d6e5:-413;e8e7:260;d7e6:374;e8f8:412;b8c7:417;e8e6:425;d6c7:429
1qrk1Nb1/7r/p1Qp1p2/4pp2/4P2p/n6B/1nP3PP/2R1KNBR w - - 0 23,midgame,g1b6,519,g1b6:519;c6b6:217;c6a6:-113;f8e6:-365;c6c8:-406;c6a8:-490;h3f5:-498;f1e3:-505
k1qbrb2/r1p2p2/p2pp2p/P2P2p1/RpK3PP/1P3P2/2bPP1B1/1Q1BR2B b - - 0 21,opening,c2b1,-587,c2b1:-587;e6d5:-587;c8b7:-482;d8f6:-412;f8g7:-400;c8b8:-317;c2g6:-109;c2d1:-101
bnkbqnrr/1pp3p1/p2pp2p/5N2/8/3P4/PPPKPPPP/BN1BQR1R w - - 0 6,opening,f5g3,99,f5g3:99;f5d4:66;f5e3:61;f5d6:-212;g2g4:-260;f5g7:-273;f5h6:-330;e2e4:-346
kbbr1bqr/pppp2pp/5p2/4p2b/2B5/4P3/PPPP1PPP/KBBRB1QR w - - 0 4,opening,c4g8,351,c4g8:351;c4b3:-47;g1f1:-66;g2g4:-194;d2d3:-331;c4f1:-352;c4d3:-367;c4b5:-385
1n3r1r/1pnp1pn1/2p1k2q/p2p3p/1NP1P1pP/P1PK2P1/5P1R/N1N1NRQ1 b - - 0 23,opening,d5e4,-216,d5e4:-216;d5c4:-179;a5b4:-160;e6e7:-133;h6c1:-90;e6f6:-46;e6d6:-4;d7d6:22
r1nkrq1n/pppp1ppp/n3pn2/8/2P3P1/4PP2/PP1P3P/RNNKRQNN b - - 0 4,opening,f8b4,-43,f8b4:-43;d7d5:-33;h7h6:-19;c8b6:-14;g7g5:-9;h8g6:0;e6e5:21;d7d6:36
4rqrn/4npp1/kp5p/2p1p3/pPPpQb2/4P1NB/PK1P3P/B2NRR2 w - - 2 16,opening,h3g2,574,h3g2:574;b4b5:572;e3f4:571;e4c2:560;b2b1:534;b2c1:487;e3d4:486;h3d7:455
q1brknnr/pp2p1p1/2p2Q1p/3p1p2/4P3/PP6/2PPNPPN/1BBRK2R b - - 1 6,opening,g7f6,-533,g7f6:-533;e7f6:-526;g8f6:-500;h8h7:382;d8d6:473;c8e6:499;a8b8:535;f5f4:549
rrqnk1nb/p2p2p1/5p1p/1ppNp3/1b3P1P/P1P5/1PQPP1P1/RRK2BNB w - - 0 10,opening,a3b4,562,a3b4:562;c2h7:526;g2g4:500;c2g6:483;f4e5:476;g2g3:470;c3b4:467;e2e3:448
qrbn3r/3p1pkp/p1p1pnpN/1p6/5b1P/2P5/PP1PP1PR/QRB2BKN w - - 2 11,opening,g2g4,-215,g2g4:-215;d2d4:-301;h1f2:-355;b2b3:-357;d2d3:-368;c3c4:-383;b2b4:-383;h4h5:-383
bbr3k1/Bpp3b1/2b1r3/4pp1p/6p1/P1PP3P/1P4PK/BBR2R1B w - - 2 17,opening,b1a2,115,b1a2:115;a7b8:-9;h3g4:-33;g2g3:-211;a7f2:-229;f1f5:-242;a7g1:-291;a7c5:-300
1bb1nrr1/1pp2ppq/4pk1p/1P1p4/p1PNQ3/P2PP1PP/3K1P2/NBBn1RR1 b - - 3 17,opening,d5e4,-511,d5e4:-511;h7e4:283;g7g6:355;h7h8:401;h7g6:412;g8h8:471;d1c3:472;h7f5:509
bb2k1rn/1p2ppp1/2r5/p2p1qn1/P7/1pP2PBP/BQ1PPKP1/R5RN w - - 5 17,opening,a2b1,-199,a2b1:-199;g3b8:-293;f2f1:-371;e2e3:-406;f2e1:-413;g1d1:-441;b2b3:-471;g1f1:-481
2qrk1bn/1b3p1p/1p4n1/1PppB1p1/3PQ3/1p2P1N1/P4PPP/R2RK1BN w - - 1 16,opening,e4f5,374,e4f5:374;e4b1:340;e4d3:313;e4f3:283;e4g6:-164;a2b3:-196;e5f6:-196;e5c7:-236
qbbr1n2/3ppkr1/7p/ppp2P1n/P3R3/2KP1P2/1PP1P3/QBBR1NN1 b - - 1 17,opening,b5b4,-286,b5b4:-286;g7g1:-278;d7d5:-271;h5f6:-241;c5c4:-226;a8a6:-201;f8h7:-184;e7e6:-168
r2nbb1r/N2q3p/1pn1pkp1/p1Qp1p2/P2P4/N4PBP/1PP1P1P1/R4BRK b - - 3 16,opening,b6c5,-593,b6c5:-593;f8c5:-436;f5f4:-320;f6g7:-223;a8a7:-214;g6g5:-212;h7h5:-211;d7a7:-198
2br2br/2bpkppp/p5B1/1P1qB3/1pB2b1P/3PP3/Q1PR2PR/5KB1 b - - 1 19,opening,d5e5,-243,d5e5:-243;b4b3:14;d5c4:208;f4e5:306;d5b7:325;a6b5:332;f4h2:370;c7e5:385
1nr1k3/2r1np2/1pp1p1n1/2nP3p/pP3p1P/P5N1/4PQP1/qNNR1KN1 b - - 1 23,opening,f4g3,-783,f4g3:-783;c6d5:-742;e7d5:-650;c7d7:-643;c5d3:-634;a1b1:-624;e6d5:-624;b8d7:-604
rbrb1bbk/ppp1pppp/8/3p4/7P/4PP2/PPqPB1P1/RBR1QBBK b - - 0 4,opening,c2b2,-164,c2b2:-164;c2a4:221;c2c1:357;c2b1:492;c2g6:498;c2c4:539;c2d2:572;c2c6:621
knr2qrn/5p1p/ppppnnp1/1PPNp1N1/7P/N7/P2PPPP1/1K1RRNQ1 w - - 1 17,opening,d5f6,309,d5f6:309;g5e6:303;d5b6:299;g5h7:93;a3c4:-167;d5b4:-190;d5c3:-212;f1e3:-218
4brkn/pr1pp2p/b1n3q1/1ppN1pp1/1PP3P1/Q3P3/PB1P1P1P/3RBRKN w - - 0 18,opening,a3a6,361,a3a6:361;d2d3:301;h1g3:289;d2d4:285;f2f3:285;f2f4:276;b2h8:267;e3e4:250
2r2bbr/pkpppppp/1p1n4/4Q3/PP2P1PP/8/2n2P1R/1KRNNBBq b - - 1 8,opening,h1g1,-466,h1g1:-466;c2a3:-367;f7f6:130;h1e4:326;c2e3:404;d6c4:415;h1h2:432;c2e1:435
bbr1brk1/p4pbp/3p2p1/1pp1pBP1/3P3B/2P1PP2/qP5P/B1RQ1RKB w - - 2 15,opening,f5c8,240,f5c8:240;f5h3:-175;f5g4:-234;f5b1:-238;d4d5:-254;f3f4:-255;c3c4:-272;f5c2:-288
rbb1kbbr/pppp1ppp/8/2P5/PP2p3/8/Q2PPPPq/RBB1KBBR w - - 0 7,opening,g1h2,628,g1h2:628;h1h2:589;a2f7:103;a2e6:48;a2c4:-333;a2d5:-335;a2c2:-340;f2f4:-350
kn1q1r1n/2n2prp/1p6/p1pp1P2/2PP2Q1/N2N2n1/PP2PRPP/K1N3RN b - - 1 14,opening,g7g4,-482,g7g4:-482;f8g8:299;g7g5:329;g3h1:337;g7g8:342;c7e6:354;c7e8:357;d8f6:469
rr2bnkn/2bpp1pp/2q2p2/pp2P3/2pP3P/P4PN1/1PP3P1/RRQBB1KN b - - 2 8,opening,f6e5,-216,f6e5:-216;c7b6:-96;h8g6:-93;c6e6:-69;d7d6:-69;f8e6:-49;h8f7:-46;c6d5:-45
3brkbr/1qp1p1p1/p6p/Pp1p4/B1Pbp2P/3P1PRR/1P6/Q1BB1KB1 b - - 2 18,opening,d4g1,161,d4g1:161;c7c5:216;e7e5:238;d4f6:276;e4e3:284;g8e6:318;d4e5:324;b7a7:335
rkbr1q2/p3pp2/2p3P1/3p3p/1Pp1P3/P5bP/Rb4P1/RKB1QB1B w - - 1 18,opening,e1g3,388,e1g3:388;c1f4:-153;g6g7:-188;e1e2:-316;e1d1:-330;e1e3:-330;c1h6:-352;c1b2:-371
n1r1nkrn/2pqp1p1/p2p1p1p/np1PN3/P3P3/1PP4P/3N1PP1/NR1Q1KRN b - - 4 11,opening,d6e5,-394,d6e5:-394;f6e5:-367;d7d8:171;d7e6:641;d7h3:668;a8b6:673;d7f5:705;c8d8:714
1nqrbnrk/p1pppppp/2b5/1p6/3P4/4P3/PPPQ2PP/BN1RBNRK b - - 2 4,opening,d7d5,-173,d7d5:-173;c6a8:-146;f7f6:-146;c6b7:-143;e7e6:-136;d7d6:-125;f8g6:-124;b8a6:-104
rrnbn1b1/pppp1ppk/8/4p2p/1q4PP/1P3N2/P1PPPP1B/RRNB1Q1K b - - 0 8,opening,h5g4,45,h5g4:45;f7f6:74;b4g4:89;e5e4:91;h7h8:127;d7d6:135;a7a5:157;b4e7:160
brknqr1n/pp1pp1p1/4bp2/2pN3p/6PP/1P6/P1PPPP2/BRK1QRBN w - - 0 6,opening,e2e4,-76,e2e4:-76;d5f4:-92;d5c3:-112;d5e3:-114;c2c4:-119;d2d4:-197;d5e7:-208;f2f3:-221
bkrrq1bb/pp1p1ppp/2p5/3Bp3/1b4P1/3P4/PPP1PP1P/BKRRQBB1 w - - 2 4,opening,e1b4,271,e1b4:271;c2c3:9;d5h1:-442;d1d2:-458;d5f3:-475;d5e4:-494;d5g2:-502;d5c6:-535
1qbbrrkb/2p2p1p/3pp3/ppB3p1/PP2b3/1Q1P2P1/2P1PP1P/B2BRRKB w - - 0 9,opening,a1h8,-92,a1h8:-92;d3e4:-96;h1e4:-102;c5e3:-102;c5d4:-154;a4b5:-222;b4a5:-230;c2c4:-291
qb1rknnr/1bpp1p1p/1p4p1/p3P3/2PP4/P5N1/1P2PKPP/QBBR2NR w - - 2 8,opening,g1f3,336,g1f3:336;d4d5:288;e2e4:266;b2b3:261;h2h4:249;h2h3:223;c1g5:206;a3a4:203
1k1bnr1r/p3p3/1p1p1n2/PP4pp/1B4b1/q5pP/Q1PPPP1R/K2B1RN1 b - - 0 13,opening,a3a2,-793,a3a2:-793;a3c1:-747;a3b4:-590;g3g2:-468;g3h2:-407;a3a5:-314;b6a5:-103;a3e3:9
1n2qnr1/kpr1pnpp/1N1p1p2/p1p3N1/4P3/2PPNP2/PP3NPn/K1R2QR1 b - - 1 15,opening,h2f1,-594,h2f1:-594;f6g5:-281;c7c6:-263;f7g5:-247;b8a6:-229;e7e6:-198;a7b6:-197;h7h5:-178
r1k1r1nn/pNpp1pp1/n2q3p/1p2p3/4N3/P2PnP2/1PP1P1PP/R1K1RQNN w - - 5 10,opening,b7d6,714,b7d6:714;e4d6:667;f1f2:-242;b7c5:-347;e4c5:-353;b7a5:-404;e4c3:-425;c1b1:-438
qb1nk1nr/p1rppp1p/6pb/8/1pp5/2NP1P2/PPP1PNPP/QBRK1B1R w - - 0 8,opening,c3e4,-389,c3e4:-389;c3b5:-415;b2b3:-440;c3a4:-444;f3f4:-491;a2a4:-510;d3c4:-515;f2g4:-519
2qb3b/kp4bp/r1ppb2r/3Qppp1/pP1PPP2/P1P3PP/1K6/2RBR1BB w - - 1 23,opening,d5d6,-271,d5d6:-271;d4e5:-295;d5e6:-477;d1a4:-534;f4e5:-535;b2b1:-541;b4b5:-541;d5a2:-545
n4kqr/1p1p2p1/nn1n1r1p/N1p1pp2/2P1P3/3K1PP1/PP1PRNQP/N2N3R w - - 2 17,opening,d3c2,-55,d3c2:-55;e2e1:-148;b2b3:-163;d3c3:-255;a2a3:-278;f3f4:-285;e2e3:-360;d1e3:-368
kr1nqrnn/1ppp2p1/p2pnp1p/6N1/N2P3P/4P3/PPP2PP1/KR2QR1N b - - 2 13,opening,f6g5,-569,f6g5:-569;h6g5:-553;e6d4:-477;g8e7:-451;b7b5:-418;d8c6:-413;h8g6:-411;f6f5:-406
1b4qb/r1k1bp2/4p3/ppp3pp/1PPP3P/B3p3/P3KPP1/3R1BRB b - - 1 18,opening,e3f2,-619,e3f2:-619;a5b4:-602;c5d4:-576;g8e8:-567;h8d4:-560;c7c8:-556;g8f8:-543;c5b4:-539
1rrb1bbk/b1p2pp1/q3p3/p4B1p/1p6/1PP2PP1/P2P1B1P/R1RBQB1K b - - 7 14,opening,a7f2,-89,a7f2:-89;a6b7:-55;a6d6:70;a6c6:186;b8b5:224;a6f1:330;f8c5:380;a6b6:460
b1r1qk1r/n2ppp1p/pp3Ppb/8/1PpP4/N3PQ1P/PnP5/2R1KBNR w - - 0 18,opening,d4d5,-633,d4d5:-633;f3g3:-673;f3f2:-677;f3g4:-710;e3e4:-715;f6e7:-747;f3e2:-748;e1f2:-795
rnnbb1rk/ppp1pp2/6pp/q2p4/P7/3PPP1P/RPPB2PQ/2NB1RK1 b - - 0 9,opening,a5d2,-571,a5d2:-571;a5b6:-345;a5c5:-326;a5a6:-299;c7c5:377;c7c6:393;b8c6:400;b7b6:417
rrq1kb1b/p1p1pppp/1pnp3n/8/5PP1/2NP3P/PPP1P3/RRQ1KBNB b - - 0 5,opening,c6d8,198,c6d8:198;c6a5:242;c8d7:309;d6d5:313;e8d7:339;c6b4:359;c6d4:361;c6e5:443
r1bk1rnb/q1p1p1np/5p2/pp1P2p1/1P3PP1/2PN1B1N/P2P3P/RQBK1R2 b - - 1 10,opening,h7h5,233,h7h5:233;g7e8:284;g8h6:293;a7b6:298;h7h6:322;f6f5:325;d8e8:325;c7c6:330
rbqbnk2/1pp1n2r/4ppBp/8/1pp5/2P4P/P2PPPP1/R1Q1NKNR w - - 1 12,opening,g6h7,-6,g6h7:-6;g6e8:-352;g6c2:-379;c1c2:-423;g6b1:-427;c1b1:-428;g6e4:-449;g6h5:-479
1nrn2rn/pk2qpp1/2pp2np/1p1Np3/P2P3P/N4P2/1PP1P1P1/K1R1QNRN b - - 2 9,opening,c6d5,-218,c6d5:-218;e7d7:-21;e7e6:84;e7e8:106;e7f8:139;e7h4:238;b7a8:616;e5d4:620
b1br1rb1/kp3b2/p3pp2/B1pp2p1/P1P1PP2/1P1P2p1/7q/1KBRBRQ1 w - - 0 14,opening,g1c5,99998,g1c5:99998;a5d8:40;a5c7:-59;g1h2:-130;g1g3:-234;f4g5:-239;c1e3:-290;e1g3:-299
nq1rk1rn/1pp3pp/pn1p1p2/4p3/1P2P1Pn/P1P4P/2NPKP1N/1QNR2RN b - - 1 9,opening,c7c6,-88,c7c6:-88;h8g6:-81;d6d5:-81;h8f7:-65;e8f7:-60;e8f8:-59;e8d7:-56;g8f8:-37
1rbk1b1r/1q3p1n/3p1nNp/1pB1p3/Pp4P1/2QPPN1P/2P2PB1/2RK3R b - - 4 18,opening,b4c3,-588,b4c3:-588;c8g4:-367;d6c5:-285;e5e4:-205;f6d5:-201;f7g6:-178;b5a4:-176;d8e8:-110
r1nrq2k/p5b1/3pp2p/1pP2pP1/P1PP3P/5Q2/1Rb1PBP1/4RB1K b - - 3 21,opening,c2e4,-347,c2e4:-347;d6c5:141;c2a4:162;b5c4:162;d6d5:211;c8e7:254;h6g5:273;c2b3:275
bqkbrrbb/pp2pp1p/3p4/2p3p1/1P4P1/P7/2PPPP1P/BQKBRRBB w - - 0 4,opening,a1h8,314,a1h8:314;f2f4:144;c2c3:98;b4c5:97;e2e3:78;h2h4:60;h1g2:53;h1e4:45
1b1n1k2/1q1br3/p1rQpp2/PP1Nn2p/2P1P2p/3P1P2/2B3P1/3RBKRN w - - 1 22,opening,d6e7,99997,d6e7:99997;d6b4:260;b5c6:244;d6a3:237;b5a6:64;d6e5:-66;d6c6:-86;d6b8:-131
rq3r2/pbppk1bp/4p3/1p1n2P1/3Q4/P2nPP2/1PPP2P1/R1BK1RNB w - - 7 16,opening,d4g7,249,d4g7:249;d4d3:140;d4h4:-209;d4g4:-252;c2d3:-530;d4d5:-542;d4e4:-563;f3f4:-637
4r1q1/2k2pp1/1pn1nr2/pPpppN1p/3PPn2/1P3P2/R1PN2PP/1KN1R1QN w - - 1 18,opening,b5c6,471,b5c6:471;d4c5:446;g2g3:401;h1f2:387;g1f1:379;f5e3:377;d4e5:372;a2b2:316
1rnrqbbk/1p1p1ppp/1n2p3/p1p3P1/2P5/1N1P4/PP2PP1P/1RNRQBBK b - - 0 5,opening,d7d5,-35,d7d5:-35;a5a4:-29;b6a4:14;e6e5:39;f7f6:47;f7f5:56;f8e7:58;d7d6:60
br1b2br/1p2pp1p/1kp1BBp1/3p4/qbP2P2/p3P1PP/P3Q3/1KR2B1R b - - 3 21,opening,e7f6,-665,e7f6:-665;d8c7:-457;f7e6:-450;c6c5:-438;b6a7:-432;a4a5:-386;g6g5:-340;b4c5:-335
kbr1brq1/1ppp1pbp/8/p1Q1pPp1/P5PB/8/KPP1P2P/1BbBR2B b - - 0 10,opening,b8a7,-394,b8a7:-394;c1e3:-310;f7f6:-284;e5e4:-204;d7d5:-133;c1d2:-76;d7d6:-8;g5h4:0
qrbnnbk1/1Npppp2/6pr/p6p/3Q4/1P2N3/P1PPPPPP/1RB2BKR w - - 2 7,opening,b7d8,224,b7d8:224;b7c5:-57;e3g4:-312;e3f5:-312;b7a5:-353;h2h4:-403;d4a4:-408;e3c4:-420
qnk1nr1r/pp1ppppp/2n4n/2p5/6N1/2P3P1/PP1PPP1P/QNK1NRNR b - - 0 4,opening,h6g4,-464,h6g4:-464;h6f5:-63;b7b6:-20;h6g8:-17;d7d5:-16;e7e6:-16;b7b5:-13;h8g8:-6
nr2knrn/pqpp2pp/1n2p3/1P6/5P2/1PPNN2P/3PPP1R/NQ1RK2N b - - 0 15,opening,d7d6,331,d7d6:331;h8g6:334;b6d5:345;b6c8:347;c7c6:352;f8g6:357;d7d5:361;c7c5:372
rrqbbnkn/2pp4/1p3pp1/p3pN2/6p1/P3P3/1PPPNPPP/RRQ1B2K b - - 0 9,opening,g6f5,-587,g6f5:-587;d7d6:-527;h8f7:-526;d7d5:-508;g8h7:-478;c7c5:-458;c8a6:-457;e5e4:-440
rr1q1nkn/pp2b3/2pp4/B3p1pp/PPPPN2P/1R6/2Q1BPb1/R5KN b - - 2 21,opening,g2e4,-98,g2e4:-98;b7b6:148;d8e8:205;d8d7:230;d8c8:252;d6d5:389;g2h1:400;f8e6:414
n2kn2r/p2pr3/2p1ppP1/1p4np/nP2NR2/2P1Q1P1/P1N1P2P/2NK3R b - - 1 23,opening,g5e4,451,g5e4:451;e6e5:474;e7g7:493;h8g8:498;a8c7:504;a8b6:507;h8h6:513;h5h4:527
k1rb1rnn/p7/b1pp2Bp/4qpp1/2p2N2/PP2PQ2/1B4PP/KR2R2N w - - 0 21,opening,b2e5,265,b2e5:265;f4e2:-274;b3c4:-292;e3e4:-324;f3e2:-356;b1c1:-364;b2d4:-396;e1c1:-403
b1r2bbr/1q1p1b1p/1pp2pPQ/p1Pkp3/PP6/3PR1P1/4PPB1/BK1RB1B1 b - - 2 17,opening,d5e6,1024,d5e6:1024;e5e4:99998
q1krn2r/2ppb1n1/1p3p2/p2Np2p/6p1/2P3P1/NP1PPPKP/2Q1RBBR b - - 1 19,opening,a8d5,-412,a8d5:-412;h5h4:-377;e7c5:65;f6f5:153;g7e6:172;a8b7:183;e7d6:187;e8d6:206
b2bqnrr/ppkp2p1/3N1p1p/2p1p3/PP1P1P2/8/2PQP1PP/B1KB1R1R w - - 0 13,opening,d6e8,781,d6e8:781;f4e5:428;d4c5:401;b4c5:400;d4e5:400;d6b5:330;d2c3:282;f1f3:224
qbb1rkbr/pp1p2Bp/2p1p3/b2P4/1P1Q1p2/4P3/P1P1BPPP/1B2RKBR b - - 0 8,opening,f8e7,99997,f8e7:99997;f8f7:99999
qn1knnrr/p6p/2pp1p2/1pn1N1p1/1PN2P1P/2P5/P2PP1PR/QNNKR3 b - - 0 10,opening,d6e5,-228,d6e5:-228;f6e5:-183;b5c4:-80;c5e4:-68;g8g7:59;c5d7:67;a8b7:87;c5a4:130
b1r1qbbb/k1prp1pp/1p6/1B1p1p2/p2P1P2/3QP3/PPP3PP/BKRR2BB w - - 0 9,opening,b5a4,81,b5a4:81;d3a3:76;b5d7:75;g2g4:67;b2b4:65;d3f5:63;c2c3:31;g1f2:30
n1kr1rbn/q2ppbpp/Np3p2/8/P3P3/1N6/1PPP1PPP/1QKRBRB1 b - - 0 7,opening,a7a6,-301,a7a6:-301;c8b7:-190;f7b3:-184;f7h5:-169;h8g6:-129;g7g5:-122;d7d6:-110;f8e8:-108
2qn1brk/rppn2p1/p2p4/1bN1p3/3Pp1p1/NP6/P1P2PKP/1RQ1BB1R w - - 3 12,opening,a3b5,50,a3b5:50;h2h3:-107;f1b5:-111;c1g5:-112;c5d7:-172;c5e4:-211;c1d1:-225;e1c3:-279
r1bk1bnr/ppp1p3/P4pp1/3p3p/1K4P1/5P1P/NP1PP3/1RB1nBNR w - - 2 15,opening,b4c3,-137,b4c3:-137;d2d4:-170;e2e3:-262;d2d3:-270;b2b3:-278;b4a3:-281;a6b7:-290;b4a4:-300
r1kr1bbb/1p3pp1/pP6/3pp1Bp/qB1Q2P1/P2P2P1/R1P1P2P/1K1R1B1B w - - 5 15,opening,d4e5,677,d4e5:677;d4c3:650;d4b2:513;d4f2:458;d4a1:453;d4e3:389;d4g1:366;d4d5:303
k2qr1rn/p1p5/n2npp1p/1p1p1Np1/1P1P2P1/4PQR1/PNP2P1P/K1N2R1N b - - 2 17,opening,d6e4,115,d6e4:115;d6f7:148;a6b4:165;d6c4:190;e6f5:198;d6b7:291;h8f7:307;d6c8:348
1rbkbnnr/p1pppppp/1p4q1/6P1/5P2/1P6/P1PPP2P/QRBKBNNR b - - 0 4,opening,c8b7,-127,c8b7:-127;f7f6:-56;h7h6:-43;d7d6:-19;b8a8:3;a7a5:39;e7e5:46;a7a6:67
1b1b1k1r/rpp1pp2/p4n1p/3p1qp1/P1PPP3/1P3N2/3QP1PP/RB1B1KNR w - - 1 14,opening,e4f5,837,e4f5:837;c4d5:491;e4d5:437;e4e5:419;g2g4:324;d2a5:319;d1c2:316;h2h4:274
q3r1rb/1pkp1ppp/p1nb2n1/2p5/2P1pPP1/1P4N1/P2PP2P/QBKRR2B b - - 0 11,opening,g6f4,-446,g6f4:-446;g6h4:-388;a8d8:-382;g6e7:-380;f7f5:-368;a8a7:-365;d6f4:-363;g6f8:-360
nkb3rb/p1pprqpp/6n1/Pp3p2/3pBP2/1P4PP/2P1P3/NKBQRN1R w - - 2 10,opening,e4g2,-34,e4g2:-34;e4f3:-48;e4a8:-179;e4d3:-211;d1d3:-232;e4f5:-340;g3g4:-358;b3b4:-378
3rqnrk/3p4/p2Nnp2/3np1pp/3pP3/NNP2P1Q/PP4PP/2NRR2K b - - 4 18,opening,d5f4,389,d5f4:389;g5g4:432;e8e7:450;e6f4:461;e8g6:461;d5e3:478;f8h7:533;d5c3:535
br1kr1bb/ppqpbp1p/2p5/4p1p1/2P1P2P/P2B4/1PQP1PP1/BR1K1RBB b - - 6 7,opening,g5h4,23,g5h4:23;f7f5:39;f7f6:50;b7b5:56;d7d5:58;b7b6:76;c6c5:79;d7d6:108
qbb1rkbr/p1pp1ppB/5b2/1p2p3/P7/1PP3pP/2BPPP2/Q1B1RKBR w - - 0 8,opening,h7e4,-121,h7e4:-121;c1a3:-298;e2e4:-425;a1a3:-450;f2g3:-460;f2f3:-473;c2e4:-518;h1h2:-646
1r1brbkb/p1p1pppp/1p1pq3/4B3/2P1bP2/1P6/P2PP1PP/1RQBRBKB b - - 4 5,opening,d6e5,-362,d6e5:-362;e4b1:-319;e6g6:-215;e6d7:-153;e6h6:-152;b6b5:-150;e6f5:-149;c7c6:-111
q1br1nbn/1r1p3p/p3k1p1/1p1ppp2/1P5P/P1PPB1P1/2Q1PP2/R2RK1BN w - - 0 15,opening,f2f4,-148,f2f4:-148;a3a4:-153;d3d4:-184;f2f3:-189;e3g5:-197;c2d2:-201;c2a2:-217;e1f1:-220
kr2bq2/nppp1rpP/6b1/3Q4/3npP2/1NPp4/PK2R2P/2RNB1B1 w - - 0 22,opening,e2g2,168,e2g2:168;h7h8q:153;d5d4:148;h7h8r:143;g1d4:78;e2e4:-58;h7h8n:-116;f4f5:-158
kq1br2r/pbp5/2B1p2n/3pPppP/1p1P3P/1PP1R1P1/PQ1B3R/K4NN1 w - - 0 18,opening,c6e8,512,c6e8:512;h4g5:485;c6b7:387;c6d7:343;c6a4:339;c6b5:331;e3f3:235;e3e1:210
n1r3kn/1pprqp1p/p1n3p1/3p4/n2P4/4P1P1/1PPNQP1P/N1RR2KN w - - 0 10,opening,c2c4,-365,c2c4:-365;a1b3:-378;c1b1:-388;d1e1:-389;c2c3:-390;e3e4:-410;f2f4:-410;d1f1:-422
1r1rnk2/pp1p1p2/nb3bq1/4p2B/PPpPPP2/2P3Pp/2RK4/NN2RQ1B b - - 0 20,opening,g6h5,-236,g6h5:-236;g6h6:-71;g6g3:30;g6g7:63;g6h7:65;g6g8:91;e5d4:456;d7d5:466
n3rr1b/ppk2pp1/2p1n2p/3p4/7q/PPPpPP1P/7P/NKB1RNRB b - - 0 13,opening,h4e1,-876,h4e1:-876;h4f2:-717;e6d4:-715;c7b8:-702;e6f4:-700;g7g6:-697;f7f5:-696;a8b6:-687
bkbrbrbq/pp2ppp1/8/2pp3p/3P4/1P6/P1PBPPPP/BKR1BRBQ w - - 0 5,opening,d2f4,483,d2f4:483;d4c5:310;f2f3:294;h2h3:290;d2g5:281;h2h4:269;g2g4:268;a1b2:262
rk5r/ppp3pQ/3npnP1/1P1p4/2P1p1q1/b6N/K2P1P1P/R1N1BB1R b - - 4 16,opening,f6h7,-399,f6h7:-399;h8h7:-327;h8g8:-209;h8f8:0;h8e8:97;h8c8:113;h8d8:118;b7b6:263
k1brq2b/1p1p1p1b/r5pB/p6P/4p3/P1b2PP1/1PP1P2B/RKR1QB1B w - - 0 14,opening,h6d2,-330,h6d2:-330;e1c3:-449;e1d1:-452;f1g2:-479;e1f2:-479;h6e3:-486;e2e3:-487;f3e4:-502
2brb2k/1rb1Bb1p/3p1p2/pp4p1/4q2B/1P1P1P2/P1P1B1PP/QR1RB2K w - - 2 18,opening,d3e4,956,d3e4:956;a1f6:954;f3e4:838;e7f6:754;e7d8:583;h4g5:340;e1c3:279;e7d6:166
qbr1kbrn/ppp3p1/4p3/3p1p1p/1P1n1PPP/P7/2P1P1R1/QBRNKB1N w - - 0 8,opening,a1d4,310,a1d4:310;g4f5:82;c2c3:64;c2c4:61;g2f2:23;h1g3:11;h1f2:-43;b1a2:-53
rqbr2bn/2p2kp1/4p3/p2p3p/Pp2P1P1/2P2N1n/1PQP1P1B/R1BRK2N b - - 0 13,opening,g8h7,-9,g8h7:-9;f7e8:60;d5e4:63;f7f8:119;c8a6:121;b4b3:126;b8b7:127;e6e5:144
rbn3br/p3kp1n/1qpN4/1p1pp1p1/2P3P1/3PP3/PP3P1P/R1QK1NBR b - - 0 12,opening,b8d6,-505,b8d6:-505;c8d6:-441;e7d6:-435;b6a6:-236;e7d8:-221;b8c7:-214;b6c5:-213;e7d7:-211
1n1r1q1n/n2rk3/p2pp2p/Ppp2pp1/4P2P/1R2Q3/1PPP2P1/1NNKR1NN w - - 1 16,opening,e4f5,398,e4f5:398;e4e5:278;e3f2:275;e3h3:259;h4g5:258;e3e2:256;h1f2:255;d2d4:214
bkrr2bb/ppppbp1p/4q3/4p1p1/1PP5/2R5/P1KPPPPP/B2RQBBB w - - 1 5,opening,e2e4,-186,e2e4:-186;b4b5:-221;f2f4:-231;f2f3:-234;a2a3:-240;e2e3:-248;c2b1:-254;g2g4:-257
n1nr2rn/p2k1p2/2qpN3/1pp2Rpp/2P4P/1P1PP1P1/P1N5/1QNKn2N w - - 6 20,opening,e6d8,-274,e6d8:-274;e6c5:-445;e6g5:-447;c4b5:-467;e6d4:-478;d3d4:-488;c2e1:-497;e6f8:-504
r1bbn1k1/p1r1p3/3pnP2/1pp4p/PP2P3/3P4/R1P1BP1P/1R2NN1K w - - 1 16,opening,f6e7,-203,f6e7:-203;b4c5:-207;e2f3:-223;a4b5:-228;f6f7:-229;e4e5:-260;e2d1:-275;f1e3:-286
q1kr1r2/p1ppnpb1/1p3bpp/1PnPp3/B3P1P1/2P1NN2/P4P1P/Q1K1RR1B w - - 3 15,opening,a4c2,-123,a4c2:-123;a4b3:-180;a4d1:-197;g4g5:-217;h2h4:-268;d5d6:-293;e1d1:-312;a1b1:-313
bb1qkbbr/2p1pp1p/6p1/rp1p4/p2P2P1/P7/1PP1PPBP/RBBQK1BR b - - 0 9,opening,h7h5,5,h7h5:5;c7c5:12;f7f6:40;d8c8:52;a5a6:52;d8d7:62;c7c6:65;e7e5:78
kr3r1q/p1ppQ2p/5p2/1p1bpnpb/1N1P1PPP/1P6/P1PBP3/KR1N1RB1 b - - 3 14,opening,f5e7,-315,f5e7:-315;h5g4:395;g5h4:440;d5g2:446;d5e4:463;d5b7:478;d7d6:478;g5f4:481
r1b1kbbr/B6p/2p1pp2/qp1p2p1/1PP1P3/3P2QP/P3K1P1/RBB2B1R w - - 0 12,opening,b4a5,689,b4a5:689;a7c5:389;a7d4:265;a7e3:248;c1e3:187;a7f2:183;a7b8:148;c1g5:137
rqbb1b2/ppB3k1/4bprp/4p1PP/B1P1P3/PP6/3P2PK/RQ2BBR1 b - - 0 19,opening,b8c7,86,b8c7:86;d8c7:114;g6g5:231;f8c5:352;e6g4:395;b7b5:398;h6g5:401;g7g8:401
b2bkbr1/3p4/5b1p/p1pBp3/P1P2Pp1/1r1P2P1/BP2K2P/B1R3R1 b - - 1 23,opening,a8d5,-389,a8d5:-389;b3b4:-174;e5f4:-136;b3b6:-131;f8d6:-116;b3b8:-80;g8g7:-63;h6h5:-30
rkn2b1q/r3p1p1/1ppp4/p2P1P1p/P1b2P1P/1PB2N2/1KPRP3/RnN2B1Q w - - 2 18,opening,b2b1,603,b2b1:603;a1b1:563;f3e5:321;f3d4:293;d5c6:263;b3c4:242;e2e3:241;d2d4:233
2rk3b/1p1pr3/q4Q1p/2pbB3/8/1P2pPpb/P1PPP2R/1BRKB2B b - - 3 20,opening,h8f6,-488,h8f6:-488;a6f6:181;d7d6:240;c8c6:348;e3d2:468;h8g7:482;a6e2:488;d5g8:496
nb1r3k/1b1p4/1p1qpr2/p1pBPpp1/2P2Pnp/P6N/1P1P1R1P/N1BR2QK b - - 2 16,opening,b7d5,-267,b7d5:-267;d6c7:-107;e6d5:-67;g4f2:118;d6d5:210;f6g6:248;f6h6:248;b7c6:250
n1b3rb/k1p1r1p1/pp3pnp/3p4/3Pp3/1NP2N1P/KP2PP2/2BQ1RRB w - - 0 16,opening,g1g6,630,g1g6:630;f3e5:586;c1e3:564;f3e1:561;f3h2:548;f3d2:547;a2a1:544;f1e1:536
nr1k1nr1/2qppp2/1pp1nN1p/4Q1p1/P6P/N2KPP1R/P1PP2P1/N1R2N2 w - - 1 22,opening,e5c7,568,e5c7:568;f6g4:263;a3c4:127;e5c3:95;e5b2:88;e5f5:74;e5h2:49;f6d7:48
b3bb2/4p1r1/1kp3P1/p2p1p2/1pBP1PP1/PP2P2R/B1PB3b/B1K5 b - - 1 22,opening,f5g4,137,f5g4:137;d5c4:211;e8g6:235;b4a3:311;e7e5:320;h2f4:332;h2g1:334;a8b7:340
1bbq2nr/r1p1k1B1/1p2ppp1/p6p/1N1p3P/3P1PP1/PbPKPRB1/RB1Q4 w - - 0 17,opening,b4c6,46,b4c6:46;b4d5:-561;b4a6:-569;f3f4:-591;c2c4:-591;g7h8:-593;d1g1:-596;d1h1:-597
qk3rnr/1p2Bp1p/3np3/p1ppP1p1/b2P2P1/P4N2/1PP2PRP/QK1BNR2 w - - 1 12,opening,e7d6,677,e7d6:677;e5d6:555;e7f8:547;b2b3:482;f1g1:476;d4c5:467;f1h1:445;e1d3:445
bnr1k1nr/ppp2p2/7b/2p1p2p/1P1P4/2K5/P3P1P1/1NRQNB1R w - - 0 14,opening,c3b2,382,c3b2:382;b4c5:378;e2e4:375;e2e3:357;b1d2:346;d4c5:345;d1c2:341;e1f3:341
2r1nk2/p1p2n1p/5p1r/2pp2pQ/n2p1NP1/PN3P2/2P1PKP1/2R1N1R1 w - - 3 20,opening,f4e6,511,f4e6:511;h5h6:469;e1d3:402;g1h1:384;f4d5:354;c1a1:352;f4d3:348;g1f1:330
nnqrn1kr/ppppppp1/7p/8/PP3n2/8/2PPP1PP/NNQRNNKR w - - 0 4,opening,b1c3,-168,b1c3:-168;f1g3:-189;g1f2:-218;c1a3:-291;c1b2:-291;e1d3:-694;e2e4:-708;e1f3:-711
1b1kqbrr/pbpppp1p/8/1p4pP/1P1P4/5bPB/P1P5/BBB1KQRR w - - 1 10,opening,h3g2,-226,h3g2:-226;c1b2:-239;a2a3:-253;d4d5:-253;c1d2:-260;f1b5:-260;h5h6:-271;c2c4:-278
br1krb1b/1pR4b/2B1qppp/p3p3/P4PP1/2PP4/1P5P/BRQ1KBB1 b - - 0 13,opening,d8c7,-356,d8c7:-356;e5f4:-353;b7c6:-154;e8e7:-2;h8g7:80;b7b6:119;b7b5:126;f8g7:139
1rbn1bkr/2qp1p1p/2pPp2p/1p4n1/2P1P3/1p3P2/4R1PP/Q1B1NBKR w - - 0 22,opening,d6c7,845,d6c7:845;a1h8:624;c4c5:203;e4e5:-71;h2h4:-194;c4b5:-221;c1g5:-221;e2f2:-224
kqr1br1b/pp2nppp/3p4/1Pp1p1P1/4P3/P1P2PB1/3PR2n/KNQR2NB b - - 1 14,opening,e8b5,134,e8b5:134;f7f5:198;h2f3:201;h2f1:212;a7a6:213;h7h6:228;f7f6:231;h2g4:232
1rqkrbbb/3ppppp/p7/1pp5/1PP1b3/2Q5/PB1PPPPP/1R1KRBBB w - - 0 5,opening,d2d3,-74,d2d3:-74;b1c1:-81;b1a1:-171;f2f4:-242;b4c5:-252;c4b5:-264;c3a3:-268;g2g4:-273
rn3brk/p1p1n2B/1p1p1p2/2NP4/1P2p1p1/6P1/2P1PP2/R3Q1RK b - - 1 20,midgame,b6c5,433,b6c5:433;d6c5:443;h8h7:447;g8g7:469;g8g5:504;f6f5:528;e7d5:530;e4e3:534
1nrnnq1n/pkp2p2/6r1/1p1pp1pp/1PN3P1/4N2Q/P1PPPP1P/2KRN1RN b - - 1 10,opening,b5c4,-287,b5c4:-287;d5c4:-251;f8b4:-125;g6a6:-118;h5g4:-102;b8c6:-94;d8c6:-84;d5d4:-47
rkbrqbb1/1p1p1p2/p1p1p2p/6p1/P7/3PBP2/RPP1PQPb/1KBR1B1B w - - 0 9,opening,g2g3,320,g2g3:320;e3b6:3;e3g5:-9;a4a5:-15;f3f4:-41;b2b3:-56;a2a1:-69;g2g4:-73
qr1nn2r/kp2pb2/p1pp3b/3P1pPp/P1P4P/6P1/1P2PN2/QKR1NB1R w - - 1 11,opening,g5h6,8,g5h6:8;g3g4:-150;a1a3:-175;f1g2:-178;e1c2:-178;f2d3:-194;e1d3:-194;e2e4:-203
k1rnnqr1/1pp1ppp1/2n5/p2p4/7p/PPN1PnN1/1NPP1PPP/K1R1QR2 w - - 2 12,opening,g2f3,-383,g2f3:-383;e1e2:-507;e1d1:-568;b2a4:-728;g3e4:-768;b3b4:-775;g3e2:-781;c3d5:-787
qbrnbkrn/1ppppp2/p7/6pp/7P/5PN1/PPPPPBP1/QBRN1KR1 b - - 1 4,opening,g5h4,94,g5h4:94;g5g4:133;c7c5:135;d8e6:146;f7f6:155;h8g6:156;c7c6:156;d7d5:178
k1qbrbbb/1p1p1pp1/r1p1p3/5B2/p2P1PPp/2P5/PP2P2P/RKQBRBB1 w - - 2 9,opening,f5d3,153,f5d3:153;f5c2:82;f5e4:44;f5g6:27;e2e4:-18;c1e3:-117;b2b4:-150;e2e3:-157
b1qrk2r/pp5n/2p2pn1/P3p1p1/3p2Np/2PP2bP/1PQ1PPP1/BB1KR1RN b - - 0 13,opening,g3f4,128,g3f4:128;f6f5:175;c8c7:181;d8d5:238;c8d7:242;c8e6:249;c6c5:261;e5e4:286
rqb2b1k/p1pp1b1p/4ppB1/1p4p1/P1B2PP1/2PQ3P/1P1b4/R1B3RK b - - 0 13,opening,b5c4,-519,b5c4:-519;d2c1:-504;c8b7:-494;f7g6:-485;h7g6:-425;d2f4:-390;b8b7:-378;f8d6:-255
kn1nq2r/p2p1p1p/1pr5/2p1pPP1/PPP4n/8/KN1PP3/1NR1QnNN w - - 0 16,opening,b4b5,71,b4b5:71;e1h4:-51;f5f6:-153;e1f1:-158;e1f2:-162;g1h3:-204;d2d3:-207;c1d1:-241
r1nr1bbk/pp1p1pp1/1n1q3p/2B1P3/8/PpP4P/1P1PPQP1/1RNR1B1K w - - 2 11,opening,e5d6,506,e5d6:506;c5d6:484;c5d4:-275;d2d4:-328;c1d3:-338;c1b3:-343;c5b6:-378;c5e3:-379
k1qb1rrb/1ppp1p2/2Bb4/1B2p1p1/1pP5/P6p/1K1PPPPP/4RBRB w - - 0 16,opening,c6d7,-393,c6d7:-393;c6e4:-478;c6d5:-517;c6b7:-541;d2d4:-563;a3b4:-565;b2b3:-592;g2h3:-602
6rk/1qp2B2/pb1b4/P2pr1pp/3p4/4PP1P/1Pb1B1P1/B3QBRK b - - 0 19,opening,b6a7,-114,b6a7:-114;g8f8:-33;b6c5:-13;g8g7:12;e5e3:33;e5e7:76;c2b3:104;c2g6:136
qbr1br2/pp1kpp1b/3p4/2p4p/1P6/P3P2P/1QPPKPP1/1BR1BRBB b - - 0 9,opening,f7f6,376,f7f6:376;c5b4:386;h5h4:389;f7f5:391;f8g8:398;a7a5:399;b7b5:403;h7g6:419
n1b2Brq/1k1p2pB/1p1b1p2/pnp4p/2Pp3P/1P3PP1/P1N1PR2/3KNR1Q w - - 0 18,opening,f8d6,338,f8d6:338;h7e4:326;f3f4:280;h7g8:273;c4b5:262;c2d4:213;d1c1:110;e2e3:82
r1r1b1nb/pp2pq1p/1kp3p1/B3Pp2/4PPB1/nP4PP/N1P4Q/RR1K4 b - - 2 22,opening,b6a5,-187,b6a5:-187;b6a6:187;b6b5:310;b6c5:99995
r2kr2n/3nn1pp/8/ppp1p1P1/1n2P3/Pq1N2N1/1PPPNP1P/RN1KR3 w - - 4 15,opening,a3b4,-327,a3b4:-327;c2b3:-374;e2d4:-580;d3b4:-625;e2c1:-726;e2f4:-746;e2c3:-788;e1g1:-901
1brkbr2/1ppppp1b/q5p1/p2P3p/P3P2P/1Pb5/2P2PP1/QBRK1RBB b - - 0 8,opening,a6f1,-99999,a6f1:-99999;c3a1:-876;a6f6:-649;c3h8:-548;c7c5:-509;c7c6:-486;c3f6:-430;c3b4:-420
1n3knr/prpq1pb1/1p2p2p/6p1/4N3/nP2PQNP/RNPPKPP1/5B1R b - - 1 21,opening,b8c6,197,b8c6:197;g7b2:216;c7c6:238;c7c5:257;a3c2:258;f7f5:290;a3b1:302;d7c6:305
b1rq3r/4pk2/1ppp4/7p/p2P1pn1/1nPP1P1N/P3B2P/BN2RK1R w - - 0 19,opening,h3g5,-416,h3g5:-416;f3g4:-422;h1g1:-471;e2d1:-482;f1g1:-537;h3f4:-539;d4d5:-549;a2b3:-577
1r1q3k/rB1p3p/p2npp1b/3P1np1/1P4P1/P1N1PN2/2P2P1P/RRQK1B2 w - - 1 22,opening,b7a6,383,b7a6:383;g4f5:377;c1d2:360;h2h3:326;f3e1:323;b1b3:319;c1b2:319;e3e4:314
r2nnkrn/np3pp1/3pp2p/p1p2q2/P1P4N/4N3/1PQPPPPP/R1N1KR1N b - - 1 11,opening,f5f6,-85,f5f6:-85;f5h5:-83;f5c2:-77;f5g5:-53;f5e5:-7;f5f4:-3;g7g6:528;f5g6:586
bB1rb1b1/1pqk3r/B3pp1p/P6p/2pPP3/1P5R/1KP2PP1/B2QBR2 b - - 7 23,opening,d8b8,329,d8b8:329;c7b8:421;c7c6:486;c4c3:512;b7a6:613;e6e5:694;c4b3:698;d7c8:749
rb4bk/5p2/2R2b1p/pp2p2p/qp1pP2b/3P2PP/P4P2/RB1B1KBB b - - 1 22,opening,a4d1,-603,a4d1:-603;a4a3:-407;b4b3:-335;a8a6:-265;h4g5:176;f6e7:196;f6d8:211;f6g7:220
nk1br1rb/p1pp1qp1/1n2pp2/1p5p/1NPP3P/8/PP2PPP1/1KNBRQRB w - - 0 9,opening,b4a6,303,b4a6:303;c4b5:298;c1b3:175;g2g3:173;e2e3:162;g2g4:154;e2e4:153;c4c5:120
bq1b1rkb/pppb1p1p/4r3/3pp1p1/3P2P1/1P3P2/P1P1P2P/BQBBRRKB w - - 0 6,opening,d4e5,2,d4e5:2;c2c4:-86;e2e3:-120;f3f4:-135;c2c3:-157;c1a3:-157;e2e4:-184;c1b2:-207
kn1n2rn/prqp1pp1/5n1p/2p1N3/P1N1P1P1/2pP3P/1P3PR1/1KRN1Q1N w - - 1 13,opening,d1c3,184,d1c3:184;f2f4:-2;c1c3:-91;d1e3:-119;h1g3:-120;c1c2:-128;g4g5:-138;f2f3:-186
bqk1rnrn/ppb1pp1p/3p2p1/2p5/P7/1P2N1P1/2PPPP1P/BQKBR1RN w - - 1 5,opening,e3g4,101,e3g4:101;f2f4:80;e3d5:71;c2c4:69;f2f3:54;g3g4:46;b3b4:46;b1a2:34
rrbbnn1q/1p2p1kp/p1p2p2/3p2p1/5PBP/1P1PP1N1/P1PB2PK/RR2N1Q1 w - - 2 11,opening,g4c8,215,g4c8:215;g3h5:157;g4h5:109;g4e2:78;g3f5:75;g4d1:40;g4f5:19;g4f3:3
rnnrk1nn/p2p4/1p1q3p/5ppN/P1p1p3/3N3N/1PPPPPPP/RR1K1Q1N b - - 1 10,opening,e4d3,-313,e4d3:-313;c4d3:-280;b8c6:-228;d6d5:-226;g8e7:-206;d6e7:-202;g5g4:-193;c8e7:-180
r1q1kb1b/pr2pppp/1p1pn3/1Ppn4/Q1B1P3/5N2/P1PP1PPP/RR1NK2B w - - 3 10,opening,c4d5,469,c4d5:469;e4d5:467;f3g5:167;a4b3:164;g2g3:161;e1f1:157;c2c3:157;h2h4:152
nb1r1rk1/1pp2p1p/p6n/2BP2p1/qP3pb1/3PP3/PR4PP/NB1RQ1NK w - - 1 11,opening,d1c1,208,d1c1:208;c5f8:196;g1f3:127;b1c2:112;d1d2:111;g1e2:102;a1b3:90;a1c2:26
bbbkqbrr/1p2pp2/7p/pBppB3/1P2Pp2/8/P1PP2PP/1BBKQ1RR w - - 0 8,opening,e1f1,234,e1f1:234;c2c4:177;e1e2:-53;b5e8:-69;e5b8:-155;h2h3:-184;c1b2:-186;e1f2:-261
k2qn2n/1ppp2r1/pnN2r1p/5pp1/4pP2/3N2NP/PPPPP1P1/KN2QRR1 w - - 1 11,opening,c6d8,808,c6d8:808;g3f5:317;f4g5:251;c6d4:251;d3e5:223;c6e5:201;c6a5:184;g3e4:182
kr1nbrb1/p1ppn1q1/1p2pppp/4N2P/5P2/1P6/P1PPPBP1/KRN2RBQ b - - 1 8,opening,f6e5,-395,f6e5:-395;g6h5:-155;g6g5:-121;d8b7:-57;d7d5:-54;c7c5:-47;d8c6:-33;d7d6:-32
qbr3nb/pppk2pp/5r2/1n2ppN1/1P3PPP/4PBK1/PQPP4/1BRRN3 b - - 0 13,opening,e5f4,397,e5f4:397;c7c6:418;c8e8:427;g8h6:438;h7h6:455;b5d6:455;g7g6:460;e5e4:461
qbrnk2r/p2pbppp/2p2n2/1p2p3/8/1PN2PP1/P1PPP2P/QBR1KBNR b - - 0 6,opening,e7a3,-172,e7a3:-172;d7d5:-166;a7a5:-134;h7h5:-126;b8c7:-125;d8e6:-123;f6h5:-119;a8b7:-116
knqrbr2/pp1pppb1/5n2/2p3pp/5B2/1PPP4/P2NPPPP/K1QR1RNB b - - 3 6,opening,g5f4,-534,g5f4:-534;f6d5:-361;f6h7:-131;g7h6:-123;g5g4:-105;f6g4:-88;f6e4:-82;c5c4:-38
1nr1qr1n/pkppp3/7n/n1P2pPp/1p2PP2/PP6/2NP2P1/K1RNQRNN b - - 0 13,opening,a5b3,15,a5b3:15;e8f7:197;b8a6:241;h6g4:248;e7e5:254;f5e4:260;b8c6:261;h8g6:271
n1rrqnk1/ppp1pppp/n2p2n1/8/P1P5/6P1/1PRPPP1P/NN1RQNKN b - - 2 4,opening,e8a4,-185,e8a4:-185;e7e5:-151;f8e6:-142;a6b4:-139;f7f5:-132;c7c5:-122;d6d5:-114;e7e6:-101
3b1b1b/pb2k1r1/1p1p1p2/1P2pr1p/P2QP1p1/2P2P1P/3PK1B1/2RB1BR1 b - - 0 20,opening,e5d4,41,e5d4:41;g4f3:291;f5g5:350;g4h3:365;f5f3:385;d6d5:408;f5f4:424;e7e8:458
1r2kb1r/3p2pp/bp3q2/p3pp2/P3nPP1/1P1P1N1P/R1P1P3/1BQ1KB1R b - - 0 17,opening,f8b4,-588,f8b4:-588;e4c3:-249;f5g4:-182;b8c8:-97;e5f4:-87;a6d3:-61;f8c5:-33;e4g3:-13
qbrkb2b/ppRp3p/8/4prp1/2b4P/3PP3/1P3P2/QB1KBRBB w - - 1 9,opening,c7c8,420,c7c8:420;c7c4:327;d3c4:311;h1b7:193;h1e4:90;c7d7:77;c7b7:-9;a1a3:-14
b1rqkb1r/npp1p1pp/3p3n/p2N1p2/2P4P/5N2/PP1PPPP1/B1RQKB1R b - - 2 7,opening,e7e6,107,e7e6:107;h6f7:146;c7c6:150;b7b6:160;d8d7:169;b7b5:178;e7e5:189;a7c6:192
3nk2q/1p1p1r1p/1np2p1n/p2n4/4p3/1K1PP2P/PPP2PP1/NRNNR1N1 b - - 1 13,opening,a5a4,-99995,a5a4:-99995;f7e7:-593;h8g8:-587;d8e6:-567;f7g7:-566;d7d6:-553;f6f5:-553;e4d3:-551
rqbknrnb/2pp1pp1/pp2p3/6Pp/P1P5/8/1P1PPP1P/RQBKNRNB w - - 0 5,opening,h1a8,216,h1a8:216;g5g6:184;b1h7:134;g1h3:128;b1e4:112;b2b4:99;d2d4:97;a4a5:95
n2rnk2/2ppnr2/2n2R1q/1p4Np/p1P2Q1p/N2P4/PP1RP1P1/2N1NK2 w - - 6 22,opening,f6f7,498,f6f7:498;g5e6:410;g5f7:398;f6h6:151;g5h7:-226;f4h4:-358;f1g1:-370;e1f3:-383
2r1qrnn/pkppp3/n3np2/1p3Np1/6P1/P1PP3P/1P1QPP2/KNRN1R1N b - - 1 9,opening,d7d5,162,d7d5:162;h8g6:173;h8f7:175;b7a8:175;b7b8:176;e6c5:183;d7d6:189;c7c5:190
q1r1k1n1/6pr/p1p1n2p/1pRP1p2/P2PP3/P4BP1/8/QB2KNNR b - - 0 18,opening,e6c5,564,e6c5:564;c6d5:565;e6g5:659;f5e4:723;e6c7:723;e6f8:732;e6d8:733;g7g6:770
qb1rbrb1/kp1pp3/8/5Ppp/pPp3pB/P1b1P2P/2BPK3/Q1R2RBB w - - 0 15,opening,a1c3,373,a1c3:373;e3e4:272;d2c3:-155;a1b1:-202;a1a2:-232;h4f2:-271;f5f6:-277;h4g5:-317
r2rk2q/ppppnppp/3n2nn/4p3/1Q6/N2PPPP1/PPP4P/1RNR1KNN b - - 8 11,opening,h8g8,9,h8g8:9;e8f8:15;h6f5:19;f7f6:19;f7f5:22;g6f8:23;b7b6:23;h8f8:30
r1nk1rq1/p4pp1/n1pp1nn1/1p1Q2P1/4pP1p/NPPNP2P/P2P4/R2KNR1N w - - 2 13,opening,d5c6,407,d5c6:407;d5d4:161;g5f6:-525;d3b4:-584;d5f5:-586;d5b5:-586;d3c5:-588;d3e5:-650
1qb1r3/1pnkr2b/pp3pp1/2npP2P/P1P2K2/B2Q3P/2NPP3/3R1N1R w - - 2 20,opening,a3c5,-528,a3c5:-528;d3g3:-578;d3c3:-598;d3e3:-602;f1e3:-657;f4f3:-662;d3f3:-674;f4g3:-697
1n1qn1rn/kp1pp1pp/2p3r1/p4n2/P4P2/6N1/1PPPQPPP/K1NNNRR1 w - - 1 12,opening,g3f5,507,g3f5:507;f2f3:211;d2d4:205;e1f3:199;d2d3:199;d1e3:190;d1c3:190;g3e4:184
1q1rk2n/3p1p2/1n1p1p1p/5P1r/PN1P2P1/1n5P/1PP1n3/Q1NRKR2 w - - 3 23,opening,c2b3,96,c2b3:96;c1b3:0;a1a3:-257;g4h5:-345;a1b1:-346;c1e2:-352;b4a6:-354;b4c6:-365
nnnkrrqn/1pppppp1/8/p6p/1P6/3P4/P1P1PPPP/NNNKRRQN b - - 0 4,opening,a5b4,-164,a5b4:-164;a8b6:-14;f7f5:25;h8g6:31;a5a4:48;b7b6:54;b8c6:62;g7g5:65
1r3rbb/p1k1q2p/2p1pp1n/1p1p2p1/P2P2P1/3QNP1P/1PP1P3/KNR2R1B b - - 7 19,opening,e7b4,-221,e7b4:-221;f6f5:-125;e6e5:-124;b5a4:-116;a7a6:-97;h6f7:-81;f8c8:-57;c7d7:-44
2r1q3/p4kbp/4pbp1/8/P1rp1PQB/1P1pp3/2P1B1Pb/RBR2B1K b - - 1 22,opening,d3e2,-68,d3e2:-68;c4c5:-56;h7h5:-27;d3d2:86;f6h4:135;c4c3:152;c8c5:191;h2g3:219
1rqbr1k1/2pp4/1p2p1p1/p2b1p1p/7P/bP2PPP1/PRPP1K2/b1QBRB1B b - - 0 10,opening,a1b2,-775,a1b2:-775;a3b2:-691;d8f6:-585;d5f3:-461;d8h4:-381;f5f4:-325;g6g5:-311;g8g7:-283
nnrrqnk1/pp1p1n2/2p1p2p/5pP1/PP6/4N3/2PPPPP1/NNRRQ1KN w - - 1 7,opening,g5h6,60,g5h6:60;d2d4:10;c2c4:4;f2f3:0;a1b3:-1;e3f1:-21;d2d3:-37;b1a3:-44
brbnqrkn/1p1p1ppp/4p3/2p5/p2PP3/2N1QP2/PPP3PP/BRB2RKN w - - 0 6,opening,d4c5,242,d4c5:242;b2b3:234;b2b4:215;h1g3:181;c3a4:181;d4d5:174;e3f4:151;f1e1:128
nr1r1bbk/n1p1pqpp/8/pp1p1p2/P4P2/1NPP2P1/1P2P2P/NR1RQBBK w - - 1 7,opening,g1a7,413,g1a7:413;a4b5:205;b3a5:192;a1c2:111;d1c1:97;e2e4:95;f1g2:92;b3d2:85
bbrqknnr/1pp3pp/p2pp3/4Pp2/8/5P2/PPPPQ1PP/BBR1KNNR w - - 0 5,opening,b2b3,-45,b2b3:-45;b2b4:-47;c2c4:-51;e5d6:-60;a2a3:-98;g1h3:-109;f1e3:-110;h2h4:-118
kr1nb3/p2pprq1/2pP4/1p3pp1/1P1P1PpP/1bN5/P1P4Q/KRN1BRB1 b - - 1 14,opening,b3c4,263,b3c4:263;g4g3:394;b3d5:412;b3a4:437;b3e6:445;b3c2:458;g5h4:461;e7d6:469
rkbr1bbb/pppqp1p1/3p4/5p1p/5PPP/8/PPPPP3/RKBRQBBB b - - 1 5,opening,h5g4,-61,h5g4:-61;f5g4:-47;g7g6:1;g7g5:14;a7a5:70;d7e8:85;e7e5:86;e7e6:113
5rn1/p1k5/1bb1N1B1/2p1p2p/Ppp3p1/1P2P1PP/R2nKP2/3N1R2 b - - 1 23,midgame,c7d6,-69,c7d6:-69;c7b7:74;c7b8:120;c7c8:155;c7d7:335
3rnr2/1pnpnp1p/pn2pkp1/1p2Rq2/P2P2P1/5N1Q/5P1P/NN3RK1 b - - 1 20,opening,f5f4,-396,f5f4:-396;f5d3:-134;f5f3:-90;f5e5:13;f5g4:103;f6g7:174;b5a4:189;b6a4:217
brq1bknr/ppp1p1pp/2np1p2/8/P4P1P/2P4R/1P1PP1P1/BRQNBKN1 b - - 2 6,opening,c6d8,-55,c6d8:-55;a7a6:-55;b7b6:-50;h7h5:-48;e8d7:-44;e7e5:-40;g8h6:-39;c8f5:-30
q2nr1rb/kpbnppp1/p7/P1p4p/2Pp4/1Q1PN3/1P2PPPP/1BK1RNRB w - - 1 12,opening,e3c2,-237,e3c2:-237;e3d1:-288;e3d5:-350;e3f5:-351;e1d1:-384;g2g3:-385;g2g4:-395;b3a4:-409
rk3Qbb/p4p2/1p1rb3/2p3p1/q4p2/P2P3P/RPP1P1P1/1KBR1B1B b - - 0 13,opening,b8c7,-123,b8c7:-123;b8b7:283;d6d8:611;e6c8:677;a4e8:706
rb2k1br/pp1pp1pp/2pn2n1/q4p2/QPP2PN1/3P4/P3P1PP/RBN2KBR b - - 5 8,opening,a5a4,-673,a5a4:-673;a5d8:-196;a5c7:-186;a5a6:-51;d6c4:317;f5g4:351;a5b5:376;g6f4:387
1nqrn1kr/1p1npppp/1npp4/p7/1P2P1PP/8/P1PP1PK1/NNQRNN1R w - - 0 6,opening,b4a5,60,b4a5:60;h4h5:-89;f1g3:-92;c2c3:-98;a1b3:-102;f1e3:-105;d2d4:-116;a2a3:-125
1nn2rqr/1pppkPp1/6np/p2np1P1/P7/2NN4/1PPP1P1P/NN1K1RQR b - - 0 11,opening,g8f7,2,g8f7:2;d5c3:26;e7f7:385;f8f7:419;g8h7:475;d5e3:488;d5f4:682;d5b4:700
n1nr1n1k/pr6/n1pp2p1/p3qp1P/P1P1Pp1P/2N2P2/1P1P4/3RQNRK w - - 1 17,opening,h5g6,-186,h5g6:-186;f1h2:-241;d2d4:-262;g1g5:-265;c3e2:-275;e1e2:-289;b2b3:-290;d2d3:-298
rqbnkr1b/pppppppp/8/8/P6P/1Q6/1PPPPPP1/R1BNKnNB w - - 0 5,opening,e1f1,-150,e1f1:-150;a4a5:-236;c2c4:-256;d2d4:-266;g1f3:-269;b3d3:-272;h4h5:-273;e2e4:-280
r2krqnn/1pp1np1p/3pp3/p1P3N1/n5P1/1N2P1N1/PP1PQP1P/RN1KR3 w - - 6 16,opening,c5d6,368,c5d6:368;e2b5:347;d2d4:249;b1c3:249;h2h4:219;f2f4:211;g5e4:201;a2a3:195
1kn1rqrb/ppbpppp1/1n5p/2p5/8/PPP3P1/2NPPP1P/1KNBRQRB w - - 1 6,opening,a3a4,70,a3a4:70;e2e4:67;b1a2:53;f1g2:40;e2e3:33;f2f4:28;b3b4:16;c1d3:7
bbqk1rrn/ppp3n1/3p1pp1/4p2p/1NP4P/3BP3/PP1P1PP1/B1QK1RRN w - - 3 13,opening,f2f4,98,f2f4:98;b2b3:97;d1c2:82;d3e2:80;g2g3:77;h1g3:57;f2f3:54;c1c2:51
n1brqr1k/pp1ppp1p/5n2/2p3p1/5bP1/2QPP3/PPPRN2P/NBB2R1K b - - 1 7,opening,f4e3,-315,f4e3:-315;d7d5:-202;d7d6:-134;a8c7:-110;a8b6:-107;f4c7:-81;f4b8:-40;f4h2:28
qrb2bkr/ppp1pnp1/3p3p/1P6/2P4P/3PP1P1/PB4P1/1R1NNBKR b - - 0 12,opening,a7a6,-500,a7a6:-500;e7e5:-492;c8d7:-484;c7c6:-479;c8f5:-476;e7e6:-471;c8g4:-471;c7c5:-464
1b1k1r1n/2p1p3/pr5p/2qpQp2/3Pn3/1P3NP1/PBP2PRP/1BK2R1N b - - 10 20,opening,c5c6,352,c5c6:352;c5a5:355;c5b5:370;c5d6:418;c5b4:442;c5c3:614;h8f7:639;h8g6:653
nkn2brb/1pp2qp1/p3r3/3p1P1p/P2pB2P/1P6/2PPPPQ1/K2BR1R1 b - - 1 16,opening,e6e4,-691,e6e4:-691;e6d6:-588;d5e4:-573;e6e5:-506;d4d3:-433;g7g6:-392;g7g5:-379;f7f6:-375
n1rq1krn/p1p1pp2/n2p1npp/7P/2P3P1/pQR2PN1/1P1PP3/NN2KNR1 w - - 0 11,opening,b3a3,122,b3a3:122;h5g6:49;g1h1:45;a1c2:36;b1a3:27;d2d3:24;b3a2:13;c3c1:0
n4nr1/4k3/p2rp2p/1p1n1p1P/P5P1/1p3NR1/1RPPPP2/4K2N w - - 3 22,midgame,g4f5,-231,g4f5:-231;c2b3:-261;a4b5:-262;e2e3:-286;b2b3:-288;f3e5:-311;a4a5:-333;f3d4:-368
r1bqkb1r/1ppp3p/1b4pn/p3pp1Q/3PP3/BP1B1N1P/P1P2PP1/RB2K2R b - - 0 9,opening,g6h5,-589,g6h5:-589;b6d4:-500;h6f7:-498;d7d5:-493;f8b4:-478;a5a4:-400;d8f6:-398;c7c6:-394
1br1k2b/p5p1/3pr1P1/1pp2n2/P2p3P/2P1PN2/BP6/QRR3K1 b - - 1 22,midgame,e6g6,284,e6g6:284;c5c4:341;e6e4:414;e6f6:416;d6d5:442;e6e3:481;e6e7:496;f5h4:525
1r3rnn/p1p3p1/2qp1k1p/4pP2/1NP3nP/PP2P2N/K2N2P1/Q1R4R b - - 0 21,opening,c6d7,202,c6d7:202;c6b7:222;b8b4:245;c6a8:254;c6e8:298;c6g2:306;c6b6:544;g8e7:552
r1nn1krn/1p1n1pp1/pqN1p3/2pp3p/1P2Q2P/2P1NP2/P2PP1P1/1RN2KRN w - - 4 12,opening,c6e5,-71,c6e5:-71;e3d5:-366;e4c2:-379;b4c5:-384;e4h7:-389;e4d3:-430;e4f4:-435;c6b8:-466
k3rnnr/1ppqp2p/3n2p1/pN1P1NN1/7P/1P3pP1/P2nPP2/K1NQR1R1 w - - 0 15,opening,f5d6,428,f5d6:428;b5d6:229;f5g7:217;d1d2:210;f5d4:205;a2a4:192;b5c3:186;b5a3:186
1n1kqr1r/np1pn2p/p4p2/P1pnp1p1/8/1PPPPP2/NK1Q1RPP/NN4RN b - - 1 16,opening,d5c7,-41,d5c7:-41;f6f5:-37;b8c6:-33;a7c6:-14;h7h5:-9;d8c8:-1;e8f7:18;h7h6:23
bkbr3b/1pp2rqp/3pp1pb/p2P1p2/P7/2PRBP1P/KP2PQP1/B3RB1B b - - 2 13,opening,h6e3,-322,h6e3:-322;b7b6:-144;c7c5:-88;c8d7:-78;b7b5:101;g7d4:582;c7c6:752;g7c3:99999
nnrqnkrn/pp1pp2p/2p2p2/6p1/N5P1/1P6/P1PPPP1P/N1RQNKRN b - - 3 6,opening,c6c5,-2,c6c5:-2;a8c7:3;d7d5:4;b7b5:9;d7d6:14;b8a6:16;h8g6:17;a8b6:26
1rb4r/1q1k1p1p/ppp1p3/1P1pPnp1/7n/1P4Q1/2PP1PPP/1RBKB1NR w - - 0 15,opening,g3g5,91,g3g5:91;g3h3:-32;g3g4:-100;b5a6:-117;b5c6:-129;g3c3:-155;g3d3:-161;d2d3:-364
bq1r1b2/k1ppp1p1/pp4b1/1bQ5/1P1P3r/P7/1K1RPPP1/B3BBBR w - - 0 14,opening,h1h4,-320,h1h4:-320;c5b5:-523;h1h2:-566;h1h3:-571;d2c2:-571;c5b6:-651;e2e4:-665;f2f3:-668
r2qkbnr/1ppp1ppp/pnn5/4pQ2/2PP3P/8/PP2PPP1/RNN1KBNR b - - 0 5,opening,b6c4,-324,b6c4:-324;f8b4:-303;g7g6:-249;g8h6:-243;d7d5:-229;d8f6:-211;e5d4:-205;d8e7:-193
qkb1nr1r/pppp1Bpp/4p3/6b1/4P1n1/5P1P/PPPP2P1/QKB1NRNR b - - 0 5,opening,g4h2,88,g4h2:88;g4f2:93;g4e3:127;g4f6:136;g4h6:149;f8f7:156;e8d6:199;e8f6:212
1n1rqbrb/kpp3pP/p2Rp3/8/2P5/5p2/PP2PPBP/KNN1Q1RB b - - 0 10,opening,f8d6,340,f8d6:340;d8d6:570;b8c6:575;f8e7:605;g7g5:615;e8e7:617;c7d6:635;f3g2:642
n1kbrq1b/1pppp3/6Pp/5pp1/p1P5/PN1P4/n3PPP1/1KNBRQRB w - - 2 13,opening,b1a2,329,b1a2:329;e2e3:66;c1a2:31;d3d4:-19;g2g3:-117;g2g4:-118;e2e4:-160;c4c5:-176
qrkbr1nb/1pp1p2p/3p1pn1/p7/P1P2p2/1P1PN3/2K1P1PP/Q1RBR1NB b - - 1 8,opening,f4e3,-377,f4e3:-377;f6f5:-368;e7e6:-340;g8h6:-286;a8a7:-264;c8d7:-243;e8f8:-210;a8a6:-208
r1r1bqbk/pp3p1p/3p2p1/2p1p1b1/2PPP3/1BBB3P/PP3PP1/R2R1QbK b - - 1 9,opening,g1f2,-314,g1f2:-314;e5d4:-309;c5d4:-268;g5h4:-207;g1h2:-189;f8g7:-82;f7f6:-28;f8e7:-15
rb2kbnr/p7/2ppNp1p/1p4p1/1q2P1P1/1P5Q/1BPP1PRP/RB2KB2 b - - 0 13,opening,b4e4,520,b4e4:520;g8e7:579;d6d5:588;e8f7:605;h6h5:606;a7a5:611;h8h7:625;e8e7:642
1b2r1rn/3p1pp1/5k1p/2B1pb2/1P6/P2P1q1P/2PKPN1N/1BR3R1 b - - 1 22,midgame,f3f4,-311,f3f4:-311;f3b7:-290;f3a8:-277;f3h5:-257;f3c6:-165;f3f2:91;f3d5:162;f3h3:195
nr2krq1/n1p1p1pp/pp1pn2n/5p1P/NPP2P2/6P1/PN1PP3/NR2KRNQ b - - 1 11,opening,h6g4,-12,h6g4:-12;c7c5:-9;e8d7:-8;b6b5:-4;e6d4:0;g7g5:9;g7g6:11;f8f6:42
kqbbr2r/pppp4/4ppp1/4P2p/1Q1nnP2/2P3P1/PP1PB2P/K1B1RNNR w - - 1 13,opening,b4d4,442,b4d4:442;c3d4:122;e2d1:70;e2d3:-7;b4a4:-62;f1e3:-134;a1b1:-214;b4c4:-379
nr1rqbb1/pp2p1kp/1npp2p1/5p2/2PN1P2/8/PP1PPQPP/N1RR1BBK w - - 4 7,opening,d1e1,90,d1e1:90;d4f3:80;d2d3:80;e2e4:67;b2b3:58;f2h4:46;f2g3:37;a1b3:29
r3bnk1/prq2p2/2pp1bn1/4NPpp/1pPQ2B1/4P1P1/PP5P/RR2BNK1 b - - 1 16,opening,g6e5,-532,g6e5:-532;f6e5:-505;c6c5:-482;f8e6:-471;c7e7:-469;a7a5:-462;h5g4:-459;f6g7:-452
r2r4/3pn3/kppb3p/3qp2b/p1P1Pp2/P1NB3N/1KPP2PP/R1R4Q b - - 1 22,opening,d5c5,-166,d5c5:-166;d5a5:240;d5d4:243;d5e6:256;d5f7:264;d5g8:270;d5d3:339;d6a3:339
k1rb2rb/4pp1p/pqppnn2/1p3PpN/1PPP3N/P5PP/4P3/KQRB1R1B b - - 2 14,opening,e6d4,-273,e6d4:-273;f6h5:-191;b6d4:-128;g5h4:-107;e6c7:-46;e6f8:25;b5c4:28;f6e4:29
rr1kb2b/p1ppq1p1/1p5n/3n1p1p/P3Pp1P/5NP1/1PPP1P2/RRK1BQ1B w - - 0 11,opening,e4d5,122,e4d5:122;e4e5:-241;d2d3:-332;f3g5:-355;e4f5:-384;a4a5:-408;c2c4:-412;c1d1:-421
k2r1r1n/7Q/bp4p1/p1pn1pP1/4q3/1RPP1P2/P3P3/K1BBN2R w - - 0 20,midgame,f3e4,672,f3e4:672;d3e4:611;b3b6:569;c3c4:374;h7g7:261;b3b2:218;e1c2:215;e1g2:196
br1brbk1/ppq2pBp/2ppp3/6p1/1PP3PP/8/P2PPP2/1RQBRBKB w - - 2 7,opening,g7a1,394,g7a1:394;g7f8:390;g7b2:355;g7d4:349;g7c3:321;e2e3:81;h4g5:72;h1c6:69
1kr3n1/1pp1br2/7p/2PpnPp1/Pp1N1PB1/2bPP3/K2N2BP/4Q1R1 b - - 1 23,opening,g5f4,282,g5f4:282;e5d3:302;e5g4:313;e5d7:369;g8f6:409;e5c6:417;e7c5:438;e7f6:443
1nkrnn1q/pNpp1p2/4r3/3n2p1/1P4Np/P3PP2/2PP2PP/N1KR1NRQ w - - 1 12,opening,a1b3,-159,a1b3:-159;d2d4:-194;c1b1:-214;g4e5:-224;c2c3:-258;b7d6:-379;g4f6:-389;d2d3:-588
rqb1brkn/2pp1ppp/p3p3/1p4P1/1nP1P3/7P/PP1P1P2/RQBNBRKN w - - 1 6,opening,c4c5,24,c4c5:24;b2b3:-19;d2d3:-22;a2a3:-66;c4b5:-72;d2d4:-84;d1e3:-93;f2f4:-95
kb3qrb/1p1p2p1/p1p1rp2/4P1bp/1PP3P1/b3P3/P2PB2P/KBQBR1RB b - - 0 10,opening,b8e5,-99994,b8e5:-99994;f8b4:-754;a3c1:-649;g5e3:-643;g7g6:-126;a3b4:-121;f6f5:-111;f8c5:-17
2b2r1b/rnP3p1/p2kp2Q/4pp2/4PP2/2N3P1/Pq1P3P/1RB1KR1B w - - 1 15,opening,f4e5,679,f4e5:679;h6g5:670;h6h4:618;c1b2:610;h6g6:607;h6h5:583;h6h7:579;h6h3:559
1b2nrr1/p4Pp1/2Nk1q2/2p4p/P2p3P/1P1P1PR1/B1PP1R2/2QK3N b - - 0 22,opening,f6f7,402,f6f7:402;d6c6:421;f8f7:445;f6h4:468;g8h8:528;e8c7:594;d6c7:610;b8c7:612
7r/p2rppk1/nppp2n1/6pp/1PP1P3/6P1/P1NR2PP/NN2NKR1 w - - 1 19,opening,a1b3,527,a1b3:527;a2a3:507;e1d3:503;h2h3:499;c2e3:498;h2h4:495;d2d1:493;b1c3:491
1brrn3/2pppp1p/p4b2/1p3k2/1P1Q2n1/3P1BPN/q1P1PP1P/1BR1RKN1 w - - 0 12,opening,d4e4,99999,d4e4:99999;f3e4:99998;d4g4:99996;d4f4:956;f3g4:843;d4c5:743;e2e4:584;d4f6:431
rNqn1br1/2p1p2k/p3b1pp/1p1p4/3n2BP/P3P3/RPPP1PPK/1NQ1B2R b - - 3 16,opening,e6g4,-485,e6g4:-485;a8b8:-458;c8b8:-436;c7c5:-419;f8g7:-404;h6h5:-389;d4f5:-388;a6a5:-385
kbb1q1nn/3rpr1Q/p7/1ppp4/3PpP2/1PP1P3/P2R2PP/KBB2R1N w - - 1 14,opening,h7h8,-36,h7h8:-36;h7h5:-244;h7h4:-255;h7h3:-272;h7f7:-551;h7g8:-577;b1e4:-612;h7e4:-624
rnn1kbnr/4ppp1/p3q2p/1ppp4/1PP5/Q1NN2P1/P2PPP1P/R3KBNR b - - 3 8,opening,d5c4,47,d5c4:47;c5b4:177;b5c4:214;e6f6:230;d5d4:265;e6c6:280;g8f6:289;c8b6:296
nnk1qr1n/1p1p1prp/p1pnp3/6pP/1P3P2/2NP2P1/P1P1P3/N1NKQRRN b - - 0 8,opening,f7f5,-37,f7f5:-37;f8g8:-19;e8e7:-8;f7f6:17;g5f4:24;g7g8:27;a8b6:30;e8d8:40
Nkbr1r1b/p3pppp/n1qp3n/1pP1N3/5P2/3RP1BP/PPP2RP1/K1Q4B w - - 1 15,opening,e5c6,655,e5c6:655;c5d6:438;d3d6:190;c1d1:78;f4f5:39;f2d2:22;c1d2:-9;g3h4:-94
rnnrk2N/3pnp1p/4p3/p6R/4P2P/2P1P1P1/Pp6/RN3K1N w - - 1 21,midgame,h1f2,-533,h1f2:-533;h5h7:-549;f1g2:-576;b1d2:-616;b1a3:-623;h8f7:-653;h5h6:-656;f1g1:-661
1qk1nr1r/ppp1pppp/3n4/3pn1P1/3PP2P/1PK2N2/P1P2RP1/QN1NNR2 b - - 0 11,opening,d6e4,215,d6e4:215;e5g4:356;e5f3:380;e5c4:425;e5g6:431;e5d7:443;c7c5:456;b7b5:459
1n1k1r1n/2np1p2/pn3qr1/1p2pPpp/PP4P1/8/NKPPP2P/N2NQRR1 w - - 1 14,opening,f5g6,207,f5g6:207;a4a5:-116;a4b5:-162;b2c1:-162;a2c3:-165;b2b1:-170;a1b3:-201;d2d3:-205
rk5r/p1p1q2p/1n3p1n/1PNpp1p1/3PP2P/R1P2PBb/KP2Q1P1/5BNR w - - 2 19,opening,h1h3,704,h1h3:704;g1h3:695;g2h3:661;h4g5:659;c5a6:648;a2b1:589;e2e1:588;e2d1:562
1qn3r1/2p1p1p1/2b3kn/1p1P1p2/1P4rp/P1P1B2P/1QNP1PbK/3NBR1R w - - 4 17,opening,d5c6,269,d5c6:269;c3c4:193;h3g4:155;e3h6:152;f2f3:104;h1g1:-63;b2b1:-186;c2d4:-192
1nnnrrk1/1p2ppp1/q5np/p2p4/P1N1PP2/1P6/2PP1KPP/QNN1RR1N w - - 1 10,opening,e4d5,165,e4d5:165;c4e3:128;c4a3:13;c4e5:-40;c4b2:-70;f4f5:-83;f2g1:-148;d2d4:-184
nr3rb1/p1pp3k/1P3pq1/1P2n1p1/1R2Ppp1/1N1PQ1B1/P2R1b1P/2N2B1K b - - 1 19,opening,f2e3,-741,f2e3:-741;f4e3:-623;f2g3:-425;f4g3:-382;a7a5:-336;c7c5:-296;f6f5:-285;g8b3:-267
qn1krr1n/pp1ppppp/2p4n/5n1N/8/N1PP4/PP2PPPP/Q1NKRRN1 b - - 4 5,opening,g7g6,-16,g7g6:-16;f7f6:42;b7b6:44;d7d5:53;d7d6:65;b8a6:65;a7a5:65;d8c7:78
1rk1nn1n/1p1r2p1/q2np3/p1pp1p2/PP1P2Pp/3QPP1N/2PN3P/1RKRN2N w - - 1 18,opening,b4c5,264,b4c5:264;d3a6:226;d4c5:184;b4b5:55;g4f5:26;d3c3:0;b4a5:-25;h1f2:-64
brrk1bbq/pp2pp1p/8/3p4/b1p1PpP1/6Q1/PPPP1B1P/BRRK1BB1 w - - 1 7,opening,g3f4,278,g3f4:278;g3h4:208;g3f3:128;g3h3:104;g3a3:89;g3g2:68;f2b6:-32;g3c3:-168
rn1k1q1n/pppp1p2/3nrn2/4p1pp/P1P4P/1P1P1N2/4PPP1/RNNKRQ1N w - - 0 8,opening,f3g5,55,f3g5:55;h4g5:54;d3d4:-8;e2e4:-19;b1d2:-37;b1c3:-69;c4c5:-93;e2e3:-127
n1krbrb1/1p1pp3/p1q2pn1/P6p/1Pp1P1p1/2PPBPPP/4Q3/NKR1BR1N w - - 0 15,opening,d3d4,-123,d3d4:-123;e2f2:-220;e2b2:-221;h3g4:-234;e3h6:-240;e2d1:-241;e2d2:-243;f3f4:-248
nr1rqbbk/ppppp1p1/3n1p1p/8/1P3P2/4P3/P1PPQ1PP/NRNR1BBK b - - 2 4,opening,a8b6,-81,a8b6:-81;e7e5:-78;d6c4:-68;a7a6:-57;c7c6:-52;d6e4:-52;b7b6:-38;g8h7:-38
rk1brbbb/pBp1p3/1p4p1/5p1p/q1Pp1PP1/7P/PP1PP3/RKQBRBB1 w - - 0 11,opening,d1a4,630,d1a4:630;b7a8:293;f1g2:277;a2a3:277;e2e3:275;d1b3:246;g1f2:242;g4g5:242
1kr1qbn1/pp4pr/1nppp3/5p1p/1P1PPP1Q/P1P5/2B1N1PP/NKR2B1R w - - 1 11,opening,e4f5,352,e4f5:352;h4e1:299;c2b3:294;a1b3:288;h4f2:278;g2g4:261;c2d3:260;h4g3:255
1rbbrkq1/2p2p1p/3p1bp1/pp1b4/P4pP1/4P2K/1PPPBR1P/BRB3QB w - - 3 11,opening,h1d5,154,h1d5:154;b2b3:-310;f2f4:-311;h1g2:-316;b2b4:-321;e2f3:-376;h1f3:-391;e2b5:-392
bqk3r1/pp1ppnrp/1b3pn1/2p3p1/P1P2P2/1P2N3/QB1PP1PP/2KBR1RN w - - 5 10,opening,e3f5,127,e3f5:127;g2g3:118;a4a5:109;f4f5:105;a2a3:94;f4g5:85;b2c3:80;a2b1:78
qbrk2bb/1pp1r1pp/p2pp3/5P1b/7P/4BP2/PPPPK1P1/QBR1BR1B b - - 2 8,opening,e6f5,-133,e6f5:-133;b8a7:12;h5f7:41;b7b5:65;h5e8:106;d6d5:125;d8d7:126;c7c5:142
r1bnkrnb/qppppppp/8/8/p5P1/P1P4N/1P1PPP1P/RQBNKR1B b - - 2 4,opening,g7g6,-55,g7g6:-55;h7h6:-17;d7d6:13;d7d5:19;g8f6:23;h7h5:53;g8h6:81;a7a5:86
1qbrk1br/1pppp1p1/pn6/4Pp1p/1P3n1P/1N5R/P1PP1PPB/Q1BRKN2 b - - 0 11,opening,f4g2,-258,f4g2:-258;f4h3:-102;g8b3:9;f4e6:43;b6d5:91;f4d5:142;f4g6:184;g7g5:211
brrkbbbq/1p4pp/B7/p2ppp2/2p3P1/2PPPP2/PP5P/BRRKB1BQ b - - 0 8,opening,b7a6,-418,b7a6:-418;g7g6:-364;f5g4:-353;e8d7:-333;e8c6:-331;c8c7:-316;g8f7:-312;f8e7:-309
k1rnbr1b/p7/1ppp1p1p/P3p1p1/3PP1PP/P3NP2/1KP2R1Q/1R3nNB b - - 2 15,opening,f1h2,-30,f1h2:-30;f1e3:176;c6c5:480;d8e6:526;e5d4:526;d8b7:535;b6a5:549;f6f5:550
4n1qr/1ppkpr1p/pn6/2PpNpp1/1P1Pn1P1/Pn4QP/4PP2/N1NK1R1R b - - 7 18,opening,d7d8,-33,d7d8:-33;d7c8:46;d7e6:179
r2krqn1/ppppppp1/n2n2n1/7p/8/1P1NP2P/P1PPQPP1/RN1KR1NN b - - 0 5,opening,e7e5,-5,e7e5:-5;g8f6:29;f7f5:45;h5h4:60;d6e4:63;c7c6:67;c7c5:94;e7e6:96
nrnk1qrn/p4p2/1n1p2pp/2p3P1/p1P2p1P/6R1/1P1PPQ2/NRNN1K1N w - - 0 15,opening,f2f4,-108,f2f4:-108;g3c3:-188;g3d3:-203;g3g4:-232;g3h3:-248;g3f3:-264;g3a3:-271;g3g2:-305
r1bqkbnr/pp1p2pp/2p1p3/5p2/2PPP3/5Nb1/PP1K1PPP/RBBQ1B1R b - - 0 5,opening,g3f4,15,g3f4:15;d7d5:80;g3b8:121;g3d6:127;d8a5:137;g3c7:137;g3h4:146;f8b4:161
bbrr2kq/1p2p2p/1PpB2p1/p2b1p2/4p2P/2P2P2/P1R3P1/BB1QR1KB b - - 1 16,opening,b8d6,-216,b8d6:-216;d5f7:-134;d5e6:-130;d8d6:-75;e7d6:74;d5b3:137;d5c4:161;e4f3:326
b2b1r2/1p1Pkp1p/2q1p3/p1P4B/P1P2brp/4Q1P1/1BP5/1B2KRR1 b - - 0 21,opening,f4e3,-654,f4e3:-654;f4g3:-48;f4g5:24;c6e4:65;f4e5:162;g4g5:168;h4g3:227;h4h3:242
1rnqkb1r/ppp1pppp/7n/3p2P1/P3P1n1/2KP1P2/NP5P/RN2QBNR w - - 1 11,opening,f3g4,181,f3g4:181;c3c2:180;c3b3:126;g5h6:96;b2b3:89;d3d4:79;c3d2:75;b1a3:21
nqnrknrn/pp1pp1pp/2p2p2/8/4P1PP/8/PPPP1P2/NQNRKNRN b - - 0 5,opening,h8g6,-139,h8g6:-139;f8g6:-127;d7d5:-79;a8b6:-59;c6c5:-48;b8f4:-45;h8f7:-39;f8e6:-39
k1rb1rbq/pppp1p2/n4npp/P3p3/8/1P1P2P1/2P1PP1P/KNRBNRBQ w - - 1 6,opening,c2c3,-88,c2c3:-88;e2e4:-89;f2f4:-101;h1g2:-132;a1b2:-138;f2f3:-141;b3b4:-154;e2e3:-156
1n1kr2n/2pppp2/5q2/Pp2P1Pp/p2Pn1P1/2N4n/P1P2NK1/R1N1R1Q1 w - - 1 21,opening,e5f6,556,e5f6:556;g5f6:531;c3e4:504;f2h3:500;f2e4:469;e1e4:385;c1d3:200;a5a6:187
rb1bn1nr/pq2k1p1/3p1p2/2p1N3/1p1P1P1p/PPP3PP/4P2R/RBQBN1K1 b - - 0 12,opening,f6e5,-169,f6e5:-169;d6e5:-165;h8h6:267;d8b6:286;f6f5:331;g7g5:350;c5d4:373;d8c7:374
1q1kr2n/2n1nr1p/5p2/1pppP1N1/2NPP3/4n1P1/PpPK3P/1QRR2NN w - d6 0 20,opening,g5f7,-26,g5f7:-26;c4b2:-161;c4e3:-253;c4d6:-322;g5e6:-346;d2e3:-365;c4a5:-428;c4a3:-523
nk1r3n/3pp3/ppp2rP1/4qR1p/1Q1P4/P1P3P1/bP5P/2KbBRBN b - - 7 23,opening,e5e2,-496,e5e2:-496;e5e4:-457;e5e6:-245;e5f5:-96;f6f5:-11;e5c7:16;c6c5:79;e5a5:194
n3kr1r/2pp1pqp/n2npn2/1p6/P4PQ1/NN1P4/1PP1P1PP/N2KNR1R b - - 2 11,opening,f6g4,-675,f6g4:-675;g7g4:-507;g7h6:264;g7g6:372;g7g8:380;f8g8:445;h8g8:446;f6h5:493
rrbbnnq1/2Qpppk1/6p1/pp5p/6P1/1P2N3/P1PPPP1P/RRBBN2K w - - 0 6,opening,c7g3,-1,c7g3:-1;c1b2:-35;c7c3:-64;c7e5:-75;c7f4:-139;c7c5:-177;e3f5:-325;c7c8:-420
knnqr1nr/pppnpp2/7p/P2p2p1/8/2P1N3/1PQPPPPP/KNN2RNR b - - 1 6,opening,g8f6,-125,g8f6:-125;e7e6:-123;c7c6:-92;c7c5:-89;c8d6:-73;f7f5:-50;d7f6:-46;d7e5:-35
nnnkrr1n/pppp2pp/1Q2q3/4pp2/4P2P/5P2/PPPP1RP1/NNNKR2N w - - 0 6,opening,b6b7,236,b6b7:236;b6e6:24;b6b3:-15;b6e3:-58;b6b5:-89;b6b4:-100;b6c5:-129;b6a5:-200
Bk1r3b/2rp1p1b/1p1bq1p1/2p1P2p/pP5P/K1P1P1P1/P2Q1P2/B1RR2BB b - - 1 15,opening,d6e5,220,d6e5:220;d6f8:336;d6e7:372;h8e5:374;d8c8:406;b6b5:455;c5b4:479;d8e8:486
bqk2rbb/1pp1rpp1/3ppb2/2P4p/p5P1/P7/1PQPPP1P/BK1BRRBB w - - 0 8,opening,g4g5,291,g4g5:291;f2f4:286;c5d6:272;c2a4:237;e2e4:192;h2h4:186;g4h5:163;d2d3:158
r1b2k1b/pp1ppp2/2Bq1nrp/2p1Q1p1/3n2P1/2P1B2P/PP2PP2/1R1NKRN1 w - - 3 15,opening,e5d6,-3,e5d6:-3;c3d4:-180;e3d4:-198;c6e4:-583;e5e4:-612;c6a4:-655;f2f4:-673;b1c1:-682
q2n2br/pr1pk1b1/4p3/1Pp2p2/1nP2P1p/NQ1PPB1P/1P1K1P2/3R2BR b - - 3 22,opening,a7a6,-240,a7a6:-240;g8f7:-234;a7a5:-231;d7d5:-225;d7d6:-182;g7f6:-174;e7e8:-161;g8h7:-142
knr1qr1n/p1pppnpp/4n3/1p3p2/3P3P/2N3P1/PPP1PP2/K1RNQNRN w - - 1 6,opening,d4d5,95,d4d5:95;c3b5:68;e2e3:27;f1d2:23;e1d2:1;f2f4:-24;f1h2:-25;g3g4:-46
b1k1rbqb/pp2pppp/2p5/3p1b2/P2P1Q2/2K5/1P2PP1P/B1BRRB1B b - - 3 10,opening,g7g6,264,g7g6:264;e7e6:300;f5d7:331;f5b1:339;f5e6:347;f5e4:353;f5g6:369;c6c5:429
1n1n1b1b/1p4p1/qr1prpk1/2p2P1p/2P4P/Q2PP1PB/4R3/1N1NR1K1 b - - 0 20,opening,g6h6,93,g6h6:93;g6h7:100;g6f7:306
1n1qknrn/1p3p1p/pnr5/2Ppp1p1/8/1PN2Q1P/P1P1PPP1/N1R1KNRN b - - 0 8,opening,c6c5,-116,c6c5:-116;g5g4:-18;e5e4:60;d5d4:137;d8c8:188;h8g6:191;f8e6:212;f8g6:229
bbr1rbbk/p1p1ppp1/3q3p/1P1p4/7P/6P1/PPBPPP2/B1RQRBBK b - - 0 6,opening,d5d4,-67,d5d4:-67;c7c5:-54;c7c6:-54;e7e5:-50;a8b7:-20;e7e6:-16;e8d8:-2;d6d8:6
1br1rq1k/p1n1b3/2p2n2/1p3ppp/1PNp1P2/3PR3/P1P3PP/NBRBQ2K w - - 2 13,opening,c4e5,-263,c4e5:-263;e3e7:-343;d1h5:-378;e3h3:-397;f4g5:-401;e3e2:-427;a1b3:-437;e3e5:-439
1nb1kNnr/r2pb3/p5pp/Ppp1p1q1/4Pp2/2NP4/1PPQ1PPP/R1B1KB1R b - - 0 13,opening,d7d6,-360,d7d6:-360;b8c6:-357;e8f8:-353;e7f8:-353;g8f6:-351;g5f6:-302;b5b4:-293;a7b7:-289
2brb3/k1pp1p2/1p1b2r1/2Q5/pB1b1P2/3P4/PPP1q1PP/KB2RB1R b - - 1 15,opening,b6c5,-689,b6c5:-689;d6c5:-642;e2e1:-566;d4c5:-517;d4b2:-463;e2f2:-457;e2e3:-427;e2g2:-187
k1Bb3n/pbp1pr2/1r3Pq1/1p1p2p1/P6p/1PP4P/3PNPPQ/KRB1NR2 b - - 2 16,opening,b7c8,-104,b7c8:-104;g6f6:284;f7f6:289;c7c5:300;e7f6:303;c7c6:303;b5a4:310;e7e6:310
1k4rn/p1p2p2/1pbp2pr/4p2p/PP1PP3/nNP3P1/1K4PP/B2BR1R1 b - - 1 19,opening,a3c4,33,a3c4:33;a3b1:413;c6a4:414;a3b5:428;a3c2:442;f7f5:465;c6e4:468;h5h4:472
rk3rqn/2p2p2/2n5/pp1p1PpN/3Pn3/1PP1P1Q1/PRK4n/R2N1N1N b - - 6 20,opening,e4g3,-473,e4g3:-473;c6d4:-336;c6b4:-281;h2f1:-151;g8h7:95;b5b4:225;c6e7:263;a5a4:271
1rqbrb1b/4p3/p6k/1pp2p1p/3P2pP/PPP1KP1R/Q1B5/B1R2B1B w - - 0 20,opening,c2f5,-28,c2f5:-28;f3g4:-53;c2e4:-203;h3h2:-205;a2b1:-209;e3f2:-212;f1d3:-221;b3b4:-241
bQkr2qb/p4pp1/2p4p/3rp3/p5bb/4P1P1/1PP2P2/BKBRR2B b - - 3 18,opening,c8b8,-785,c8b8:-785;c8d7:78
1n1r1r1n/1p1pp1p1/q4pkp/p1P5/nP2P1P1/NN3P1P/P1Rn4/Q2NR1KN w - - 4 17,opening,b4b5,260,b4b5:260;c2d2:229;b3d2:137;g1g2:-19;g1f2:-92;b3d4:-99;e1e3:-156;e1e2:-241
krqn2n1/3ppr1p/1pp1b1p1/8/P2bPpP1/3P1P1B/1P5P/KRQNBRN1 w - - 0 14,opening,c1c2,-137,c1c2:-137;g1e2:-150;e1f2:-257;c1d2:-258;d1c3:-286;g4g5:-294;e1b4:-315;e1c3:-317
4nr1r/ppp1k2p/3nq3/Q3P3/2N1p1pP/1N1N1P2/PpN3P1/3K1R1R b - - 6 23,opening,b2b1q,-472,b2b1q:-472;b2b1r:-160;d6c4:1;e4d3:201;e4f3:308;b2b1n:401;g4f3:416;b2b1b:445
bb2rknr/ppp3p1/3pqpnp/1P2B3/2P4P/P2PN3/2RQPPPR/4K3 w - - 3 17,opening,e5g3,-453,e5g3:-453;e5a1:-461;e5c3:-476;e5b2:-479;e5d4:-539;f2f4:-552;e5d6:-633;d3d4:-657
nn3r2/p2N2p1/1p1knp1r/q6p/1N4P1/nPPPP3/P3KP1P/4RNQR w - - 2 19,opening,d7f8,382,d7f8:382;d7b8:135;g4g5:124;g1g2:-189;b4c6:-234;d3d4:-304;f1d2:-310;d7f6:-315
bbbqkr2/1ppp2Bp/5p2/P7/2P5/P2P4/1B1K1PRb/1B3B1R b - - 5 22,midgame,b7b5,-247,b7b5:-247;c7c5:-244;c7c6:-166;h2f4:-165;b7b6:-143;d8e7:-84;h2d6:-70;h7h6:-60
1nn2nr1/pk1r3p/1pp2qpn/7P/3ppp2/PK1P2PR/1PP1NP1N/1N2R2Q b - - 0 16,opening,f6e6,-715,f6e6:-715;f4g3:-662;e4e3:-661;f4f3:-657;f6f7:-649;c8d6:-640;g6g5:-630;e4d3:-611
2bkqrr1/pnbp1ppp/1Q5n/P7/1Pp1PP2/2N4P/1BP1P1P1/KB2R1NR w - - 1 17,opening,b6a7,555,b6a7:555;b6d4:476;b6f2:438;b6e3:418;b6a6:390;b6b5:284;b6c7:-132;b6h6:-276
2nrqb1b/3pp2p/pkp5/1p3pp1/Pn2PPP1/N2P4/2P1B2P/1KNR2RB b - - 0 15,opening,h8d4,-474,h8d4:-474;f5e4:-467;b6a7:-463;f5g4:-462;e7e5:-454;g5f4:-446;e7e6:-444;b6c7:-437
1b1rbqbk/2pp4/8/1p2Ppp1/rP1PPBPP/b1R2B2/P7/RB2B2K b - - 2 23,opening,g5f4,-559,g5f4:-559;f5g4:-441;b8a7:-424;f5e4:-423;a3b2:-397;c7c5:-395;a3b4:-385;a4a6:-381
1b1q1knr/bp2pp1p/r5p1/Q1pp1b2/P1P3P1/3P3B/1PBBPP1P/R4KNR b - - 1 12,opening,a6a5,-477,a6a5:-477;a7b6:-70;d8c8:-68;d8a5:3;d8d6:11;d8e8:54;b8c7:56;d8d7:157
3n1r2/2pp2pk/rp2p2p/p1bq1p1b/1nP1Q2P/P3P3/3N1PP1/2RNBBRK b - - 0 17,opening,d5d2,-469,d5d2:-469;d5e4:-443;d5d6:-193;f5e4:-190;d5b7:-119;d5c6:-75;d5a8:-62;a6a7:23
r1r2b2/R3q1pk/1P2p3/2Bpb1bp/1Pb1pP2/6Q1/3PB1PP/R2B1B1K b - - 1 22,opening,a8a7,318,a8a7:318;g5f4:380;c8c5:392;e7a7:422;h5h4:427;e5a1:433;e7d8:442;g5h4:448
rkNn2qn/1p2Np2/2pp2pp/p3n3/2P5/1P4rP/P1KPPQPN/1RN2R2 w - - 0 18,opening,e7g8,821,e7g8:821;f2d4:764;f2f6:731;f2g3:690;d2d4:679;c8d6:666;c1d3:645;h2g4:643
1rnn1krn/1p2p1n1/8/p1p2p1N/PN1P1P1p/1P6/4P1P1/Rq1QNKRN w - - 1 21,opening,a1b1,548,a1b1:548;d1b1:481;d4c5:128;h5g7:52;h5f6:-199;b4d3:-285;b4a6:-291;b4d5:-308
knrq2rn/5p1p/1RPp2p1/2n3Pn/p1PN4/3P2N1/P2pPP1P/K2N1QR1 b - - 3 20,opening,d8b6,-368,d8b6:-368;h5g3:-168;c5b3:-138;d6d5:-27;c5e6:15;f7f5:62;h5f4:75;d8c7:120
b1k4B/pb2q3/4pp1p/1Bpp2r1/4PbPP/PP6/Q1PP4/1BK1R3 w - - 0 23,midgame,h4g5,309,h4g5:309;h8f6:53;a2b2:-40;e4e5:-97;b3b4:-150;b5d7:-154;b5a6:-178;c2c4:-196
n1r2qkn/2pr1pp1/1pnp4/pP2p2p/PN5P/2R1P1P1/2PPQP1n/N1R2NKN w - - 0 15,opening,b4c6,581,b4c6:581;b5c6:457;c3c6:439;b4d3:274;b4a6:179;b4a2:137;b4d5:122;f1h2:68
r1nqkbnr/p2ppppp/2p5/1p6/1n1P4/5N2/PPP1PPPP/R1NQKBNR b - - 3 5,opening,c8d6,45,c8d6:45;f7f5:45;b4d5:75;c8b6:77;g8f6:80;a7a5:83;e7e6:89;b4a6:91
r1q1kbnb/p3N1p1/8/1rn4p/1pp1pP2/3B2PP/PPPPN3/RRQK3B b - - 1 12,opening,c8h3,-561,c8h3:-561;g8e7:-275;e8e7:-252;f8e7:-215;c5d3:-170;c8e6:-124;c8b7:-123;c8d7:35
2kbrbb1/4pp2/1p6/pr1p1PPp/P2pb1BP/1Q5R/1BPPP3/2KBR3 w - - 0 18,opening,b3b5,703,b3b5:703;f5f6:576;a4b5:523;h3c3:472;g4h5:401;b3g3:394;b3a3:319;b3a2:297
r1rqkbnb/3p2n1/Bpp2ppp/p3pP2/4P3/1P4P1/PNPP1K1P/RRQ3NB w - e6 0 12,opening,a6c8,122,a6c8:122;a6b7:46;a6c4:-77;a6e2:-90;a6d3:-105;a6f1:-122;c1f1:-215;f5e6:-268
qrb4r/1pkp2p1/pb5N/1Pp1pp2/2P1P2p/B4P1P/P1NP4/QR3BKR w - - 1 21,opening,a1e5,769,a1e5:769;c2e3:714;h6f5:528;h6f7:517;g1h2:507;h1h2:497;g1f2:478;e4f5:465
qn1rrk2/ppppbp2/2n1p3/2bN3p/2PPPPPp/1P6/P2R2K1/QN2RB1B w - - 1 14,opening,d4c5,477,d4c5:477;d5c7:320;d5e7:239;b1c3:234;g4g5:224;g2h2:195;g4h5:194;a2a3:142
1kbbnr1r/p2pn1p1/7p/1pP1ppN1/P4P1P/8/1PP1P1q1/QKBBNR1R w - - 0 10,opening,e1g2,557,e1g2:557;e2e4:289;g5f3:281;g5f7:213;g5e6:203;g5h7:148;a4b5:126;f4e5:39
nr1rqnkn/1ppp1p2/p1n1p2p/6p1/P2P1P2/3RN1N1/1PP1P1PP/NN1RQ1K1 b - - 3 7,opening,f7f5,96,f7f5:96;a8b6:184;f8h7:186;g5f4:187;h8g6:207;e8e7:209;f7f6:237;c6e7:252
kr2Q1rb/1pp4n/3p1pp1/8/1pP2BbP/N2K1P2/P1nPP1B1/4RN2 b - - 1 22,opening,c2e1,-718,c2e1:-718;g4f5:-585;b8e8:-220;g8e8:-195;g4d7:300;c7c6:366;b8d8:537;b8c8:561
2rnqnrn/pk1pp1p1/np6/2p2N1p/1P6/3P1PN1/P1P1P1PP/KNR1QNR1 b - - 0 9,opening,c5b4,-6,c5b4:-6;a6b4:-4;g7g6:28;e8f7:101;d7d5:109;f8e6:127;b7a8:142;h8f7:153
1q2b1rk/p1p1p1rp/1P1pnp2/1p4p1/3P1Pb1/6K1/PP5P/BQ1NBR1R w - - 0 16,opening,f4f5,-419,f4f5:-419;f4g5:-541;g3f2:-622;e1d2:-631;h2h3:-642;b1d3:-643;h1g1:-669;b6c7:-672
qbr2knb/pp3p2/2p1p3/1r2P1P1/1PPpn2p/P2N4/B2P2PP/Q1RRK1NB w - - 3 15,opening,a1d4,412,a1d4:412;c4b5:304;g1f3:288;a1b1:231;g2g3:201;g5g6:162;a2b1:159;g2g4:149
bkbrr1qb/pppp1ppp/3bp3/8/4P2P/1P1P4/P1P2PP1/BKBRRBQB b - - 0 4,opening,d6e7,117,d6e7:117;d6b4:123;b7b6:124;e6e5:125;f7f6:125;g7g6:125;f7f5:132;g8f8:143
rn1n1b1k/1p2pbr1/p2p2p1/Q4p1p/P1P3PP/2B1q3/2P2P2/2RN1BRK b - - 3 16,opening,e3f3,-453,e3f3:-453;e3e4:-449;e3c1:-253;b7b6:-150;e3a7:-105;b8c6:-42;d8c6:-35;e3f4:5
rrnkb2b/ppppppq1/5np1/7p/PP3P2/7N/2PPPQPP/RRNKB2B b - - 2 5,opening,f6e4,-19,f6e4:-19;a7a5:8;d7d5:18;f6g4:24;g7g8:46;e7e6:55;c8d6:62;c7c6:64
rk3bbb/ppqp1ppp/4r3/b1p1pP2/8/4P2P/PPPP1BP1/RKQBRB1B w - - 1 6,opening,f5e6,335,f5e6:335;g2g4:231;c2c3:231;f1c4:220;d1f3:167;a2a3:166;g2g3:164;a2a4:156
nbrbr3/2p1p1k1/1P2q1pn/p2p1p2/1P1P1P1p/2P1PB2/2N3PP/1BRR2QK w - - 0 16,opening,b6b7,351,b6b7:351;b1a2:-12;g2g4:-133;g2g3:-157;c3c4:-181;b4a5:-188;b6c7:-191;c2a3:-206
rn1bbrkq/n2ppppp/2p5/pp6/1PN5/2P5/P2PPPPP/R1NBBRKQ w - - 0 5,opening,c4a5,132,c4a5:132;c4e3:-42;c4b2:-63;c4e5:-69;c4a3:-89;c1b3:-296;c4d6:-303;c4b6:-308
2nnnk1n/p1q1p2p/2pp4/2PNPpr1/5Pp1/3N4/P1PPKNPP/RQR5 w - - 1 16,opening,d5c7,759,d5c7:759;c5d6:590;e5d6:573;c2c4:417;d5f6:387;f2h3:368;b1b3:357;f2e4:355
r1bnbrkn/qp1p1ppp/4p3/p1p5/P7/2P2PP1/1P1PPR1P/RQBNB1KN b - - 0 5,opening,d7d5,-111,d7d5:-111;b7b6:-111;f7f6:-103;f7f5:-90;d7d6:-76;d8c6:-73;e6e5:-73;h7h6:-54
rnn1kb1r/1ppq1p2/3p2p1/pB2p2p/nP2P3/NQPN1PPP/P2P4/1R2K1NR w - - 0 13,opening,b5d7,698,b5d7:698;d3e5:559;b5a4:394;d3c5:389;b4a5:313;c3c4:244;b3a4:221;g1e2:204
rbq1rnkb/p1pppppp/1p6/n7/4P2P/1P6/P1PP1PP1/RBQNRNKB w - - 1 4,opening,e4e5,123,e4e5:123;f2f4:118;g2g3:117;b3b4:87;c2c3:74;h4h5:67;f1e3:58;d1e3:58
qnnr2nn/kp2rppp/8/2NP4/2Np1P2/P5P1/QPK1PR1P/1N2R3 w - - 6 22,opening,e2e4,-133,e2e4:-133;e1d1:-209;c5b3:-212;e2e3:-220;b1d2:-221;b2b4:-222;a3a4:-225;a2b3:-230
q1r1bkr1/b1p3pn/3ppp2/p6p/P3P3/Qp1PN2P/1PPn1PP1/1BRN2KR w - - 0 22,opening,h3h4,-499,h3h4:-499;d1c3:-509;c2b3:-528;g1h2:-534;f2f4:-536;c2c3:-537;a3a1:-538;e3f1:-538
bq1kBrb1/1pb1pp2/3p3p/p3b1p1/5P2/PP1P2P1/1BP1P2P/Q1KBRRB1 b - - 1 9,opening,e5b2,442,e5b2:442;g5f4:465;d8e8:496;f8e8:496;a5a4:508;e5f4:508;b7b5:529;e5h8:540
nr2knbr/6p1/2p4q/pp1ppp1p/P2PP1bP/2P1BPBR/1P4PN/NQ1R3K b - - 1 15,opening,h6e3,54,h6e3:54;f5f4:205;h6e6:223;h6g6:232;h6h7:240;g7g5:396;h6f6:407;h6d6:427
qnnkrr1n/pp4pp/3p3n/2p1pp2/2P2PP1/1N5N/PP1PP2P/QNKR1R1N b - - 0 8,opening,f5g4,-161,f5g4:-161;a7a5:-156;h6g4:-137;b7b6:-111;b7b5:-104;b8c6:-56;h8g6:-27;c8b6:-13
1r1nk1rn/p4ppn/n3p2p/1NpN4/pP1PP3/8/2P1KPR1/N1R4N b - - 1 17,opening,b8b5,-460,b8b5:-460;e6d5:-453;e8d7:-418;c5d4:-394;e8f8:-351;h8g6:-325;c5b4:-306;d8c6:-233
b1kr4/pp1ppnp1/2B1qn1p/3P4/1p3Pp1/1KPNN3/P3P3/B4RR1 w - - 5 23,opening,d5e6,544,d5e6:544;c6b7:448;d3e5:-174;g1g3:-331;e3c2:-396;c6d7:-415;f1f3:-417;e3g4:-434
1bq2b2/p1pp1pr1/4rbk1/1B4pp/P2Pp1BP/4P3/1P1P2P1/BB1QR1RK w - - 0 13,opening,g4e6,422,g4e6:422;d4d5:371;b1e4:363;b5d7:360;g4f5:360;g4h5:357;g4h3:292;g1f1:285
rrnkb1nq/3pp2p/8/2p2pN1/3b1P1B/1pPPP3/P1N3PP/RR1K2QB b - - 2 15,opening,b3c2,-369,b3c2:-369;d4c3:-337;h7h6:-176;d4f6:-151;b3a2:-142;e8h5:-91;b3b2:-78;d4g7:-62
rk1r1bbb/p1p1ppp1/2qp3p/1p6/4P1b1/3Q4/PPPP1PBP/RKBR1BB1 b - - 3 6,opening,g4d1,-225,g4d1:-225;a7a6:53;a7a5:54;g7g5:54;e7e5:97;g8h7:97;c6b7:106;g7g6:108
1rqb1bb1/kpb1rp1p/p1p1p3/2Pp4/B6p/PPQPP3/5PP1/RK1BR2B w - - 8 17,opening,c3h8,-346,c3h8:-346;c3f6:-398;c3d2:-399;a1a2:-402;b3b4:-402;g2g3:-404;f2f4:-415;g2g4:-416
2k1rn1r/q2pppp1/2bb4/p1p4N/2PP1n2/1P2Q3/K2NPPPP/B2BR2R b - - 3 16,opening,f4g2,-362,f4g2:-362;a5a4:-287;h8h5:-251;f4h5:-210;f8e6:-168;f8g6:-63;c5d4:-42;e7e5:-10
rbr4q/1pp1b2p/pB1p1pk1/1b1b2P1/2P1P3/1P1p3P/P2B2P1/RBR2BKQ w - - 3 20,opening,e4d5,466,e4d5:466;b6e3:445;b6d4:422;b6f2:420;h3h4:380;b1d3:363;f1d3:361;c4b5:345
rn2kb1r/p3pppp/4bn2/qpp5/1P1p3P/5P2/PBPPP1PR/RN1QKBN1 b - - 1 8,opening,a5c7,-325,a5c7:-325;a5b4:-299;c5b4:-271;a5b6:-225;a5d8:-165;a5a4:-55;a5a6:-18;f6g4:462
kb1r2qr/ppppp1pp/1n2npb1/8/P5P1/2PB4/1P1PPP1P/K1NRBNQR w - - 3 5,opening,d3g6,-121,d3g6:-121;a4a5:-140;f2f3:-185;b2b3:-189;d3f5:-215;f1e3:-221;d3b1:-228;h2h4:-232
b2qk2r/1r1np1p1/2p2p2/pP1P1P1p/P2n2P1/1Q1P3N/1P3K1P/BBR4R w - - 3 23,opening,b3a2,-63,b3a2:-63;b3c4:-77;b3c3:-131;b3d1:-134;b3a3:-212;b1a2:-382;d5c6:-423;b5c6:-428
1bbrqr1n/k1p1pppp/p6n/1p1p4/3PP3/4RNP1/PPP2P1P/KBB1QR1N b - - 1 7,opening,h6g4,74,h6g4:74;h8g6:103;d5e4:117;f7f6:128;a7a8:147;e7e6:154;c8b7:165;f8g8:166
1rb2q2/r1bpn1kp/1pp5/p4pPn/PN1Pp3/BP1N4/2P1PPP1/RR1B2QK w - - 5 21,opening,b4a2,-201,b4a2:-201;e2e3:-231;b4d5:-242;c2c4:-244;b4c6:-247;d4d5:-258;g2g3:-269;b4a6:-282
bq6/p1p3pk/8/1p2p2p/NRnpPr2/3P4/1PP2r1P/BQN1BRK1 b - - 2 21,opening,f2f1,-99996,f2f1:-99996;f2g2:-829;b8c8:-451;c4d2:-351;b8e8:-329;c4a3:-296;f4g4:-290;b8b6:-283
q2r1rbk/Bp2pp1p/p1pn1np1/3p4/4PP2/1PP5/P1NP1NPP/QB1R1R1K b - - 0 11,opening,a8a7,298,a8a7:298;f6h5:450;f6d7:470;f6e4:495;c6c5:497;d6f5:507;b7b6:509;d6e4:520
bbqbkr1b/pppp1p1p/4p1r1/6p1/2P1P2P/3P4/PP3PP1/BBQBKRRB b - - 0 5,opening,c7c5,-280,c7c5:-280;g5h4:-252;c7c6:-237;h8d4:-223;g5g4:-215;g6g8:-211;h8e5:-200;b7b5:-198
3rrq2/p3p1b1/1pb2pkp/b1PpP1p1/Pp3Pb1/3PK1P1/3R3P/B1BB1RQB b - - 0 17,opening,g4h3,-170,g4h3:-170;g4d1:-166;h6h5:-105;g4c8:-96;g4d7:-83;d5d4:-61;g4e6:-54;c6d7:-50
n2rqnr1/2pppp1p/1p2n1pk/N7/P4P1P/nP1P2P1/N1PQP3/1N1R1NRK w - - 1 16,opening,b1a3,434,b1a3:434;f4f5:382;a5c4:217;b1c3:216;d2c1:155;e2e4:141;a5b7:139;d3d4:122
kbBr2qr/1p1np1p1/p2p2bp/2p4N/2P5/P2PP3/NP3PPP/K2RB1QR w - - 3 11,opening,h5f4,448,h5f4:448;c8d7:373;c8b7:250;a2c3:77;h2h4:69;e3e4:65;f2f3:51;g2g4:38
rr1bnqbk/pp2p1pp/1n1p1p2/2p5/8/P1PP1N2/1P2PPPP/RRNBQ1BK b - - 0 5,opening,d6d5,-28,d6d5:-28;e7e5:-23;f6f5:-17;a7a5:-16;b8c8:-14;d8c7:-9;b6d7:-8;e8c7:-3
qbbbrkbr/1pppp2p/p7/5pp1/4P1P1/3P1P2/PPP4P/QBBBRKBR b - - 0 4,opening,f5f4,84,f5f4:84;f5g4:137;f5e4:199;h7h5:258;b8a7:269;h7h6:282;c7c6:300;e7e5:300
2rrnknb/p1b1p1p1/3p1p2/1Pp4P/5q1P/1PP2P2/3PP3/1BRRNKNB w - - 1 13,opening,h1g2,-484,h1g2:-484;g1h3:-490;b1g6:-492;b1e4:-498;e1g2:-521;e2e3:-529;b5b6:-529;d2d4:-529
k5rb/pNpp2p1/2nr2qp/1p3p2/P5P1/NPP3bn/K2PP2P/RB1B1Q1R b - - 3 22,opening,d6d2,-131,d6d2:-131;c6b4:37;a8b7:39;g6g5:197;d6d5:203;b5b4:230;g3f4:236;g3e5:238
nqnrk1rn/p1ppp1pp/5pn1/1p5P/4P3/1N6/PPPP1PP1/1QNRKNRN b - - 0 4,opening,g6f4,71,g6f4:71;g6f8:97;g6e5:151;g6h4:161;b8b7:334;d7d5:353;a7a5:368;c7c6:371
3q1b1r/rk1p4/p4p1p/p1p5/1PnPPNnp/P1Bb1P2/R5P1/2KQ1B1R b - - 1 22,opening,d3f1,-243,d3f1:-243;g4e3:-124;a5b4:-93;c5b4:-93;d8c7:-59;c4a3:-5;d8b8:-1;c5d4:0
br1nqr1k/1pp1pppp/6n1/3p4/1B1P2b1/pP3P1P/PBP1P1PK/1R1NQR1N w - - 3 11,opening,b2a3,230,b2a3:230;b4a3:228;f3f4:190;f3g4:182;b2a1:181;h3g4:175;h3h4:173;b2c3:158
r1k3bn/p3Bp1p/b2qp1n1/Pp1p4/2pP4/1P4PP/2PNP3/R2RK1BN w - - 1 16,opening,e7d6,560,e7d6:560;e7f6:-271;e7g5:-286;e7h4:-376;d2e4:-405;b3c4:-413;d2c4:-428;h1f2:-462
2bn1b1r/pq1pp2k/r1Q3pp/np1P1pB1/1pP2PP1/P7/4P1NP/3RNBKR w - - 4 19,opening,c6b5,-262,c6b5:-262;c6b7:-271;c6c5:-338;c6a6:-496;c6c8:-519;c4b5:-557;g4f5:-578;c6g6:-620
2r5/1k1pb3/q1n3Qr/ppp2ppp/P3B1P1/2N5/KPPnPP1P/1R4BR b - - 0 20,opening,f5e4,-654,f5e4:-654;h6g6:-573;d2e4:-523;d2b1:-466;b5b4:-360;b7b8:-298;d7d5:-296;b5a4:-209
1rbkbnnr/1p1ppppp/2p5/q7/Pp1P1P2/8/1QP1PBPP/1RBK1NNR b - a3 0 7,opening,b4a3,-138,b4a3:-138;b8a8:-85;d7d6:-72;g8f6:-59;b7b6:-45;a5a6:-30;f7f5:-27;h7h5:3
k1r1q1rn/pp1n1npp/5pn1/2ppp3/3Q1P2/P2PP2P/1PP2NP1/KNRN1NR1 b - - 2 8,opening,c5d4,-801,c5d4:-801;e5d4:-767;g6f4:-305;d7b6:-181;e8e6:-129;g6e7:-91;f7g5:-47;e5f4:-24
q1n3r1/1p1k2rp/pP1pn1p1/N1p5/2Ppn3/3N2PP/P2P4/1Q1K1NRR b - - 0 19,opening,g7e7,-84,g7e7:-84;e6g5:-82;d7d8:-79;g8e8:-77;g8f8:-76;e6d8:-68;d7e8:-63;e4f6:-57
br1k2b1/1ppq1p1p/1b2r2b/4p3/P1P2PpP/P3P1PB/3PRB2/1RQK3B w - - 0 18,opening,h3g4,-14,h3g4:-14;h3g2:-149;a4a5:-192;f4f5:-193;h3f1:-204;c4c5:-263;b1b6:-323;b1b5:-345
rn1q2nr/p1k2bb1/1p1pB2p/2p5/3NP1Q1/N1PPB1pP/PP3PP1/R4K1R b - - 2 19,opening,g7d4,295,g7d4:295;c5d4:408;g7e5:534;d8e7:548;g8e7:548;d8f6:555;d8f8:562;a7a6:601
rbkb3b/2p5/2q4p/p2p1pr1/B1p1pP2/PP2P1P1/R1BP4/2K1B1RB w - - 0 18,opening,a4c6,419,a4c6:419;c2e4:-153;c1d1:-313;h1e4:-316;c1b1:-362;d2d4:-368;f4g5:-395;b3b4:-411
rnb1qb1r/2pkpppp/1p1p1n2/p7/5P2/NP3N2/P1PPP1PP/R1BKQB1R b - - 1 6,opening,c8b7,38,c8b7:38;d6d5:48;d7d8:54;e7e5:69;e7e6:79;f6e4:83;a5a4:93;b8c6:99
3brr2/p1p1pkb1/1P1p1p1p/1p1b4/2R2PPp/1BPP4/QP5P/B1B3KB b - - 1 16,opening,e7e6,539,e7e6:539;d5h1:548;f7g6:596;f7g8:604;d5c4:606;c7c5:631;b5c4:654;c7c6:665
nbk1nrrq/ppp1pp1p/3pb3/6P1/P3P3/3P4/1PP2PP1/NBBKNRRQ b - - 0 5,opening,a8b6,42,a8b6:42;f7f6:87;g8g5:113;h8d4:116;c7c5:117;a7a5:121;a7a6:132;c7c6:136
r2qkb1r/pb1pp2p/nN1p3n/1p1P2p1/1P4p1/1R2PQ1P/P1P2PB1/4K1NR w - - 0 21,opening,f3d1,-462,f3d1:-462;h3g4:-467;f3e2:-467;f3g3:-470;f3e4:-489;f3f8:-573;f3g4:-705;b6a8:-716
2r2b1r/1bpnqppp/p1kp4/1p6/3P4/2P1P2P/PP2BP2/BNR1K1NR b - - 0 14,opening,d6d5,-588,d6d5:-588;c6b6:-581;e7e8:-562;d7f6:-544;d7b6:-542;g7g5:-517;h8g8:-508;h7h5:-507
kqrb1nr1/1pn2p2/2p1p1p1/p6p/1PPNPb1P/1Q3B2/P2P2P1/K1R2NRB w - - 0 12,opening,a1b1,-151,a1b1:-151;d4e2:-155;d4c2:-185;d4c6:-244;d4b5:-245;c1c3:-275;b4b5:-288;e4e5:-317
bqkbrbbr/2ppppp1/8/p6p/p6P/8/QPPPPPP1/B1KBRBBR w - - 0 5,opening,e2e4,-1,e2e4:-1;a2a4:-2;f2f3:-22;f2f4:-67;e2e3:-83;a2c4:-104;h1h3:-121;c2c3:-140
r1nrk1nn/p1pp4/4ppp1/1p5p/n2q4/1N1P1PPP/PPPKPQ2/RN3RNN w - - 8 13,opening,b3d4,725,b3d4:725;f2d4:713;b1c3:54;b1a3:-13;e2e4:-88;c2c3:-116;g3g4:-139;e2e3:-145
k1rbb1rb/2pppp1p/1b6/p3P2P/1p2PPB1/PR4P1/KP2B3/1Q1B4 w - - 2 19,opening,a3b4,411,a3b4:411;e5e6:405;b1d3:396;b1c2:381;e2a6:313;b1c1:308;h5h6:292;e2c4:289
2krQ1r1/2qp1pp1/2p5/p3n3/2p1n2p/3Pb2B/BPN2P1P/1K1R2RN w - - 10 20,opening,e8e7,-172,e8e7:-172;e8g8:-249;h3d7:-304;d3e4:-316;e8e5:-341;e8d8:-352;c2e3:-356;e8f7:-387
2kr2q1/2rp1ppp/p3p3/N1p5/1Pn1P1N1/1RN4N/1PPP1PPP/2K1R3 b - - 7 21,opening,c4a5,205,c4a5:205;d7d5:254;c5b4:264;c4d6:292;c4b6:347;h7h5:384;c4d2:384;c4b2:394
rrq1nkbb/p1p2p2/7n/1pPpp1pP/5P1B/P2P4/NPQ1P2P/RR2NK1B w - - 2 12,opening,h4g5,30,h4g5:30;f4g5:-130;h4f2:-162;e1f3:-257;h4g3:-266;c5c6:-309;f4e5:-314;a2b4:-321
1br1kbrn/p1ppp2p/4np2/1p1q2p1/1P1N4/6P1/P1PPPPBP/QBR1K1RN b - - 1 6,opening,d5d4,-238,d5d4:-238;d5d6:75;d5c4:84;d5e5:132;d5g2:503;c7c6:583;c7c5:603;e6f4:625
1qr1r1k1/2pp1pbp/2b1Q1p1/pP2p1b1/1b4PP/2PP4/1P2PPB1/B1RBR1K1 w - - 0 12,opening,e6a2,-202,e6a2:-202;e6b3:-245;e6c4:-441;e6e8:-445;h4g5:-496;e6c6:-505;e6f7:-511;c3b4:-538
brk2r1n/2ppp1pb/pp2npq1/7p/2P1PP1P/3P4/PP3NPB/BRKQ1R1N b - - 1 9,opening,f6f5,-228,f6f5:-228;g6h6:-160;e6d8:-10;e6c5:-9;g6e8:26;h8f7:35;g6g2:47;g6f7:49
1nn2nr1/3pk2r/pp1q1np1/2p1pp1p/2PP3P/N3P3/PP2NPPN/Q3KNRR w - - 3 17,opening,d4e5,58,d4e5:58;d4d5:17;h2f3:-93;a1d1:-96;a3c2:-98;d4c5:-118;g2g4:-154;f1d2:-212
kr4rb/2p1q3/p1np1bp1/2NB3p/1P3P2/2P4p/PN1PPQ1P/K1R2B2 w - - 0 23,opening,d5c6,493,d5c6:493;c5a6:466;c5b3:453;c5a4:433;c5e4:384;c5d3:358;c5e6:330;e2e4:240
3rk2r/3np2p/1p1qbp2/3Q2p1/pbP1NNP1/B3PPR1/P2P3P/1B1RK3 w - - 0 23,opening,e4d6,842,e4d6:842;a3b4:689;d5e6:642;f4e6:623;d5d6:603;d5b5:547;d5b7:468;d5g5:433
rn1Nr1n1/n2pp2q/3k1ppp/ppp2PP1/PPP4n/3P4/4PN1P/RN1KRQ1N b - - 1 23,opening,d6c7,19,d6c7:19;c5b4:20;f6g5:26;h4f5:27;b5c4:31;e8d8:84;h6g5:91;g6f5:98
knr3rn/1pppp2p/3n2n1/P7/P1P1Np2/2NNP1pq/3P1PP1/K1R2QR1 w - - 4 16,opening,g2h3,625,g2h3:625;e4d6:252;a5a6:83;c4c5:80;f2g3:-108;c1b1:-210;d3b4:-233;e4c5:-236
kbqbrbrb/ppppp1p1/5p2/8/1P1P3p/7P/P1P1PPP1/KBQBRBRB w - - 0 4,opening,c2c3,21,c2c3:21;g2g4:2;e2e4:-61;g2g3:-65;a2a3:-73;c2c4:-76;e2e3:-93;b4b5:-108
b2rknrn/pqbp2p1/2p1p3/p4p1p/3K1P1P/2P1P1N1/1P1P2P1/BBQR1NR1 w - - 0 13,opening,d4d3,-230,d4d3:-230;f1h2:-251;b1a2:-268;d1e1:-278;c1c2:-301;b2b3:-361;b1c2:-384;b2b4:-392
b2rqbb1/2br1pk1/2pp3p/p2Qp1pP/B3P1P1/1R6/PPP2P2/BBR1K1B1 b - - 4 19,opening,c6d5,-563,c6d5:-563;f7f6:-314;f7f5:-306;g7h8:-258;f8e7:-258;e8e7:-255;c6c5:-226;c7b8:-162
qbbb2kr/pBppr3/5p1p/4p3/1P3Pp1/2P1P1P1/bB1P3P/Q3RKBR w - - 0 15,opening,a1a2,638,a1a2:638;b7a8:380;b7g2:-400;d2d3:-477;e1e2:-522;f1e2:-527;a1b1:-551;g1f2:-581
b1rbr3/3p2bk/qpp1pp2/pPb3PB/P1PPPP2/4B1P1/2Q3BK/3RRB2 b - - 2 22,opening,c6b5,613,c6b5:613;a6b7:694;a6a7:714;c5d4:776;e6e5:784;f6g5:784;c5b4:790;e8h8:802
n1rqnkr1/2pp2pp/p5n1/3p4/1pn1PpP1/PP3K1P/2P1QP2/NNR1NR1N w - - 0 16,opening,b3c4,-171,b3c4:-171;f3g2:-216;e2d1:-372;e1d3:-478;b1d2:-548;e4d5:-553;c1d1:-576;a3b4:-614
3rk1nr/bbppp2p/2qR4/pp2Pp2/1P3Pp1/Pn5N/1BN3PP/QB2K2R w - f6 0 17,opening,d6c6,-252,d6c6:-252;c2e3:-555;a1a2:-612;c2d4:-614;b2d4:-669;b2c1:-670;b1a2:-694;d6d2:-703
1qr3k1/1pNprp2/2p1pbpb/p3P3/PnPPP1Pp/7P/QPR3K1/1NR2B1B b - - 4 17,opening,b4a2,-566,b4a2:-566;f6e5:-558;h6c1:-534;f6g5:-526;b8c7:-486;d7d6:-459;c6c5:-416;c8c7:-405
b1q3r1/2kp3b/3p2b1/1ppP3p/p1PR1pp1/P7/1P2PB1P/B2K1B1R w - - 0 22,opening,d4f4,-555,d4f4:-555;d4d2:-606;h1g1:-643;b2b3:-646;b2b4:-663;f2g1:-677;d1e1:-682;f1g2:-692
2br2k1/q4nnr/p1pb1p2/Pp2N2p/6PP/1Qp1P2R/1P1PBP2/1RBN1K2 w - - 9 23,opening,e5c6,-149,e5c6:-149;e5f7:-232;b2c3:-354;h3h1:-366;e2d3:-385;h3g3:-395;e5d3:-406;b3f7:-410
knr1rn1n/n1ppp1pp/pp6/3q1p2/1P4P1/4NPN1/P1PPP2P/KNR1R1QN b - - 0 7,opening,d5e5,-242,d5e5:-242;d5f7:81;d5b5:104;d5d6:111;d5g8:134;d5d4:134;d5b7:139;d5c6:140
q1r1r1k1/pnp2pb1/P5Pp/1p2p3/2Np1nP1/QP2PP2/2PP1K1b/3RRB1B w - - 2 22,opening,g6f7,179,g6f7:179;a6b7:165;e3f4:138;c4e5:-116;c4a5:-137;a3b4:-165;c4b2:-184;g4g5:-210
r1b1b1r1/1n3ppk/1p4n1/p3p3/PPP1p1pP/6K1/R2P1P2/1QB1BR1N b - - 0 15,opening,g8h8,199,g8h8:199;b7d6:206;f7f5:213;a5b4:219;c8e6:222;c8f5:230;g6h4:240;e8d7:243
brk2r1n/1npq1b2/3p2pp/5P2/7P/3p2P1/PPPN1P2/BRK2RBN b - - 2 14,opening,d7c6,-808,d7c6:-808;d3c2:-798;g6f5:-782;b7c5:-767;d7e8:-754;f7a2:-752;b7d8:-749;b7a5:-743
qr1r1n2/1p1k1nnp/3Npp2/2pP2p1/p1p5/P3N2N/QP1KP1PP/2RRN3 w - - 0 20,opening,d6f7,455,d6f7:455;e3c4:220;d6e4:163;d6b5:142;d5e6:50;d6c4:37;d6b7:-69;h3g5:-103
rqb1nrnb/pppk1p2/3pp2p/6p1/PN2B3/1P4PN/2PPPP1P/RQB1KR2 b - - 1 8,opening,c7c5,-137,c7c5:-137;a7a5:-136;f7f5:-135;h8a1:-132;d7d8:-107;g5g4:-95;g8e7:-72;e6e5:-70
bqbbrr2/5kb1/1pp2Pp1/p2pp2p/P7/2P2PP1/BP1P3P/B1BQRRKB w - - 1 12,opening,f6g7,309,f6g7:309;a2d5:-5;f3f4:-59;b2b4:-71;h1g2:-100;d2d3:-101;c3c4:-106;d2d4:-136
1r1b1n2/rpp4n/p4kpQ/1Pq1pp1p/7P/1R3PP1/2NPP3/R1BBN2K w - - 4 19,opening,e1d3,598,e1d3:598;c1b2:592;b3e3:550;d2d4:542;h1g2:508;c2e3:503;h6e3:477;b5b6:449
knrnn1r1/1p2p1pp/1q3Q2/p1p1P3/4N3/NN1p4/PPPPP1PP/K1RN2R1 b - - 3 14,opening,g7f6,-396,g7f6:-396;e7f6:-361;e8f6:-252;b6b3:406;d8e6:435;e8d6:474;b6a7:522;b6f6:537
rq1rknbn/ppp1ppp1/3p3p/2B5/2P2PbP/P2P4/1P2P1P1/RQBRKN1N b - - 0 6,opening,d6c5,-338,d6c5:-338;g4e2:-130;b8c8:-40;e7e5:-35;h8g6:-28;f7f6:-28;h6h5:-20;g4h3:-3
1qrbrb1k/2ppp3/p1b1Q1pp/1p1B4/2P5/P2Pb1PP/1PR1PPB1/B2BR1K1 w - - 0 15,opening,e6g8,99999,e6g8:99999;b2b4:703;b2b3:653;e6g6:587;e6e3:566;e6e5:518;e6f7:516;e6e4:392
rn1k1r1n/1pppn3/6pp/p7/2qPp1p1/N1P1P1P1/PP3N1P/R2KR1QN w - - 1 13,opening,a3c4,678,a3c4:678;f2e4:76;e1f1:-56;f2g4:-96;h2h3:-192;g1g2:-195;g1f1:-200;a3b1:-213
r1nk4/2pn1ppr/1p2q3/p2Pp2p/2NbP1nN/1N2QP2/PP4PP/R3KB1R w - - 0 15,opening,d5e6,485,d5e6:485;b3d4:469;e3d4:342;e3g5:319;f3g4:238;e3e2:229;e3d2:223;e3c1:220
qbbrk1nr/ppp1pppn/7p/3p4/3PP3/7P/PPP2PPR/QBBRKNN1 b - - 0 4,opening,d5e4,-151,d5e4:-151;c7c5:-5;f7f6:81;a7a5:93;b7b5:94;e7e6:98;h7f8:102;h7g5:108
rbqbk1n1/1ppppppr/p4n1p/6NN/P5P1/8/1PPPPP1P/RBQB1K1R w - - 7 8,opening,g5h7,282,g5h7:282;h5f6:242;c2c4:89;g5f7:29;g5f3:14;g5h3:-55;c2c3:-68;g5e4:-138
bb1kqb1r/1ppbp3/p3B1rp/3pP1p1/5p2/P4P2/1PPP2PP/BBBKQ1RR w - - 2 12,opening,e6d5,200,e6d5:200;e6d7:119;e6g4:-73;e6h3:-76;c2c4:-276;b2b4:-300;e1f2:-313;h2h4:-322
br1brk2/1pp1ppqp/5b2/p5p1/3PP1b1/1P3PP1/PB1PK1QP/1RBBR2B w - - 1 11,opening,f3g4,440,f3g4:440;d1c2:299;d2d3:244;e4e5:214;g2f2:203;g2f1:195;h2h4:187;e2f1:186
rnb1qr2/1p2p2k/pb1p1n1p/2P2p2/4Pp2/5R2/P1PP1QPP/RNBB2NK b - e3 0 11,opening,b6c5,-228,b6c5:-228;f6e4:-166;f5e4:-141;f4e3:-123;e7e5:-104;d6c5:-76;f6g4:-56;b6c7:-17
r4brn/bqkpp1pn/p1p1Q2p/Pp6/1PP4P/3BPPp1/3PB1P1/2KRN1R1 w - - 1 17,opening,e6e5,-140,e6e5:-140;e6g8:-165;e6g4:-236;e6h3:-246;e6f5:-297;e6e4:-302;d3h7:-317;g1h1:-373
nnkr2rq/pp1pp1p1/2p2pnp/8/P1n1PP2/N1P5/1P1P2PP/N1KRNNRQ w - - 2 9,opening,a3c4,277,a3c4:277;f4f5:60;g2g3:-35;e1d3:-55;f1e3:-77;a1c2:-81;d2d3:-131;a3c2:-143
rqb1brkn/1n2pppp/8/pppp4/1B4PP/3P1P2/PPP1PR2/RQBN2KN b - - 0 6,opening,a5b4,-519,a5b4:-519;c5b4:-506;f7f5:-195;c8g4:-185;a8a6:-181;d5d4:-178;h7h5:-174;e8c6:-146
n2r1rnk/p1b2qpp/1ppp1p2/b3pB2/3P4/P1P1PP2/BPN1N1PP/2R1RQ1K b - - 0 15,opening,f7a2,-136,f7a2:-136;f7h5:257;d6d5:303;f7e8:341;f7e7:371;a5c3:620;g8h6:691;b6b5:696
bbbk1brr/1p4Bq/4p3/2pp3p/1p1B1pPP/2QP4/P1PKPP2/1B3BRR w - - 1 15,opening,g7f6,-217,g7f6:-217;d4f6:-331;c3b3:-419;c3c5:-452;c3a1:-475;c3b2:-476;c3b4:-494;d2d1:-502
k1nn1r1n/1pp1q1pp/r1Np1p2/p7/P1P3Pn/3P4/KP2PP1P/1NR1R1QN b - - 5 16,opening,d8c6,-549,d8c6:-549;a6c6:-498;b7c6:-474;e7e8:-345;e7d7:-337;e7f7:-294;e7e6:-266;h4f3:93
rkqbrb1b/ppp2ppb/4p2p/8/3p1PP1/1P6/PKPPPB1P/R1QBRB1B w - - 1 6,opening,f1g2,65,f1g2:65;f2d4:56;e2e3:29;e2e4:0;a2a4:-41;c2c3:-42;a2a3:-78;g4g5:-78
n1nkqrr1/pp2pnpp/n1pp4/5p2/5P1P/1P1P2N1/P1PKP1P1/NNN1QRR1 w - - 1 8,opening,g3f5,129,g3f5:129;c2c4:35;c2c3:11;e2e4:-24;g1h1:-30;d2d1:-36;e2e3:-36;f1f3:-49
1rnnkqrn/ppppp2p/1n4p1/5p2/P6P/3N2P1/1PPPPP2/NR1NKQRN b - - 0 4,opening,b6a4,-100,b6a4:-100;h8f7:-63;e7e6:-60;d7d5:-48;c7c6:-44;d7d6:-33;a7a5:-24;d8c6:-22
rq1bnknr/p2pp2p/2p2pp1/1p2b3/1P3P2/3PP1P1/P1PQK2P/RB1BN1NR w - - 0 10,opening,f4e5,232,f4e5:232;c2c3:34;d3d4:29;h2h4:-337;c2c4:-356;g1f3:-358;e2f1:-358;g3g4:-386
rb2kbnr/4p2p/p1qp1p1B/1ppP4/2P1P2P/4Q1P1/PP3Pb1/RB2K1NR b - - 0 13,opening,f8h6,-247,f8h6:-247;c6b6:-174;c6b7:-163;c6d7:-137;c6c8:-125;c6c7:-75;b8c7:241;g8h6:256
1bbrqrnn/k1ppppp1/p6p/1p5P/1P6/6N1/P1PPPPP1/KBBRQRN1 w - - 2 5,opening,c2c4,198,c2c4:198;c1b2:181;e2e4:171;f2f4:160;g1f3:142;c2c3:132;f2f3:122;d2d3:120
rbbqk1br/p2ppp1p/1pp4b/6p1/P7/7P/RPPPPPPR/1BBQKBB1 b - - 1 5,opening,h6g7,-108,h6g7:-108;f7f5:-106;d7d5:-100;f7f6:-83;h6f8:-75;b8h2:-67;e8f8:-66;b8c7:-57
qbrnbk1n/1p1ppp2/prp4p/6p1/PP1P2P1/8/2PBPP1P/QBRN1KRN b - - 0 7,opening,a6a5,160,a6a5:160;b8f4:198;d7d5:205;c6c5:282;b8h2:344;b8d6:353;h8g6:371;f7f6:377
qrkr1nn1/1pppppp1/2Nn3p/p7/P4n2/2P1P1N1/1P1P1PPP/QRKRNN2 w - - 0 8,opening,c6d8,367,c6d8:367;c6b8:287;c6e5:87;c6d4:62;c6e7:7;c6a5:-1;d2d4:-14;e3f4:-19
rr4kn/p1p1bppp/bp2p3/3P2P1/P2P3N/RPQ2P2/7P/1R1BK1nN b - - 0 16,opening,e6d5,263,e6d5:263;b8e8:272;e7g5:278;b8d8:297;g1h3:302;b8f8:313;h8g6:323;e7a3:334
qkr3br/2p3np/1p1pp1p1/p4P2/4n3/1P1P1PbP/P1PQPNN1/K1R2BBR b - - 3 15,opening,e4d2,-782,e4d2:-782;g3e5:-593;e4f2:-365;g3f2:17;e4f6:39;e4c5:139;e6f5:254;e4g5:282
qbb2nnr/pp2p1pp/3rk3/5p2/1PppPPP1/3B4/PB2NK1P/1Q1R1N1R b - - 3 11,opening,c4d3,-117,c4d3:-117;b7b5:-90;e6f7:138;e6d7:195;c4c3:211;f5e4:248;f5g4:280;d6c6:301
2r3k1/p4ppr/1p1qp2p/3p2n1/1PpP2n1/Nn4PP/2PNPP2/NQR2N1K b - - 7 21,opening,b3d2,-642,b3d2:-642;g4f2:-620;b3c1:-537;b3d4:-451;h6h5:-309;g5h3:-302;c4c3:-264;d6d7:-230
2q2b1r/r2bp2k/2p2p2/1p1pNPpp/pP1nP2P/3B3n/P1PP1NPK/RQ2BR2 w - - 2 20,opening,f2h3,357,f2h3:357;e5d7:350;c2c3:287;e5f7:203;b1d1:166;e5g6:161;e4d5:160;h4g5:140
1krbqb1r/1p1ppppp/1n6/p1p5/P1P1P3/1P1PPB1N/Q5PP/NKR2B1R b - - 1 11,opening,h7h5,303,h7h5:303;e7e6:305;g7g5:309;f7f5:332;g7g6:340;d7d6:346;d7d5:349;c8c7:349
rbbkqbrb/2pppp2/p7/1p4pp/5P2/1P2PBP1/P1PP3P/RBBKQBR1 b - - 1 5,opening,h8a1,-37,h8a1:-37;c7c6:-28;b5b4:-10;g5f4:-7;d7d5:-7;e7e6:41;b8a7:51;g5g4:59
rbbrbb2/1ppppkpq/5p1p/8/p6B/P4PPP/1PPPP2K/RBBR1B1Q w - - 0 7,opening,c2c4,-20,c2c4:-20;c2c3:-25;g3g4:-50;f3f4:-180;d2d4:-201;e2e4:-222;b2b4:-232;e2e3:-252
nr2krnq/p1pppppp/1n6/8/p4P2/3NK3/1PNPP1PP/1R1N1RNQ w - - 1 7,opening,e3f2,355,e3f2:355;g1f3:281;c2a3:262;d3c5:230;b1a1:226;d1c3:219;b1c1:205;g2g3:205
q3b2r/1prkpppp/p1pPNn2/8/P6P/1PBPP2P/1B1K1P2/QR3N2 b - - 0 18,opening,f7e6,455,f7e6:455;d7e6:545;e7d6:547;f6e4:581;d7d6:595;f6d5:668;a8c8:673;f6h5:680
k2br2r/p1p1pp2/b6p/Pp5n/2pP1PpP/P3BnP1/K1P4N/1Q1BRR2 w - - 1 23,opening,h2f3,511,h2f3:511;f1f3:501;h2g4:495;d1f3:446;b1b4:416;f1h1:407;f1f2:393;d4d5:360
rnnkn2n/5r1q/p1pppppp/1p6/2P1PP2/NP1N1NP1/P1KP1R1P/R3Q2N b - - 2 13,opening,c6c5,56,c6c5:56;g6g5:97;f7a7:97;f7e7:101;e6e5:107;b5c4:119;f7d7:122;f7b7:125
nr2knrn/p7/nppPpp2/5Ppp/7P/2qP2N1/PP1N1NP1/N1RQK1R1 w - - 1 19,opening,b2c3,834,b2c3:834;c1c3:808;d1h5:774;d6d7:716;f2e4:481;a1c2:477;a1b3:471;g3e4:441
rrq1b1k1/1p1p2p1/3bp1n1/p1pP1p1p/P3P1PP/1P6/2BP1PN1/RR1QB1KN w - - 0 15,opening,e4f5,401,e4f5:401;g4f5:383;g4h5:366;f2f4:347;d2d4:340;g4g5:294;e4e5:293;f2f3:229
qbk1nbBn/pp1rpr1p/2pp2p1/8/P3Pp1P/2PB4/1PNP1PP1/1QKR2RN w - - 0 11,opening,b1a2,356,b1a2:356;g8f7:318;g2g3:302;h4h5:291;f2f3:290;d3f1:283;g1e1:264;d3e2:262
r1b2rnb/3qpkpp/1pp5/3p1p2/QP1P4/1R1P3N/P1P1KPPP/3N2RB b - - 4 14,opening,a8a4,-588,a8a4:-588;a8a7:-413;d7b7:-397;d7e6:-358;a8a6:-352;c8b7:-327;c8a6:-52;d7a7:136
kq3nrn/1nppnp2/pr2p3/1pP3pp/8/3P3P/PP2PPPN/KNRQ1R1N w - - 4 13,opening,c5b6,122,c5b6:122;h1g3:-299;d3d4:-312;h2f3:-312;b2b4:-317;g2g4:-351;a2a4:-354;e2e3:-361
1bbrbbq1/1ppppppr/p7/1Pk5/7B/2K1PP2/P1PP2PP/1BBR1BQR w - - 1 8,opening,e3e4,99997,e3e4:99997;c1a3:894;h4e7:457;h4f2:273;f1d3:268;a2a4:256;c3b2:238;h4g3:233
1rnr2q1/pkppp1p1/1pn2pb1/R2b2Pp/1P2P3/8/PKPPNP1P/3NBRBQ w - - 1 12,opening,a5d5,153,a5d5:153;e4d5:0;a5a7:-257;d1c3:-379;a5a3:-414;d2d3:-416;e2c3:-422;d1e3:-423
qkbrr1nn/5p1p/1pppp1pB/p7/P1P5/Q1bP3N/2K1PPPP/1R2RB1N b - - 5 11,opening,c3e1,-365,c3e1:-365;c3b4:-288;b8a7:-65;g8h6:-58;c3d4:-56;b8c7:-27;a8a6:130;a8a7:140
5brk/2n1Q1p1/r2pq3/BpN2p1p/P1Pn2bP/3P1PR1/RP6/1N3BK1 w - - 0 22,opening,e7e6,312,e7e6:312;c5e6:297;e7g5:-263;e7g7:-331;e7c7:-448;c5a6:-488;f3g4:-491;e7d7:-510
bqkbr1b1/1pp2p2/1B1ppbpr/6Pp/p7/5P1P/PPPPP3/BQKBRB1R w - - 1 10,opening,g5f6,287,g5f6:287;f3f4:278;g5h6:275;h3h4:244;b6c7:145;b6f2:112;c2c4:73;b6e3:4
nnnr2rk/2p3p1/1P2nq2/Np2PN1p/3p3P/8/2P1PPP1/1RN1Q1RK b - - 1 22,opening,f6f5,-278,f6f5:-278;f6e5:-76;f6f7:8;f6f8:16;f6g6:90;f6e7:481;c8e7:599;c8d6:604
n1r1r1kb/1p1p2p1/5p1p/p3pP2/nbPp3P/4Q1K1/PPN1P1P1/R3RB1B b - - 11 19,opening,b4e1,-510,b4e1:-510;d4e3:-381;a8b6:256;b7b5:318;g7g5:328;g8f8:332;d7d5:335;g8h7:356
2rb3b/1k2pb2/2p2pr1/1p1B3p/1B3Pp1/2P3P1/P2KPb1P/1BRB1R2 w - - 2 23,opening,d5f7,435,d5f7:435;b1g6:301;d5c6:265;f1f2:250;d5e4:234;d1b3:195;d5b3:183;e2e3:135
rr1kb2b/p1pp2pp/1pnnp3/5p2/2QP4/N3PPPP/P7/RR1KB1NB w - - 5 11,opening,c4e2,502,c4e2:502;c4c1:496;c4b3:495;c4f1:494;c4c2:494;c4d3:492;c4c3:473;c4a6:444
rnnknrq1/p1pppp2/1p4np/6p1/P6P/1PN3P1/2PPPP2/R1NKNRQN b - - 0 5,opening,b8c6,19,b8c6:19;e7e6:22;f7f5:34;g5h4:36;g6e5:37;c8d6:38;e7e5:40;g8g7:45
rr1b1nqk/p2p2pp/b1p2p2/2P5/1p1B4/PP4PP/3NP1P1/RR1BN1QK b - - 1 14,opening,d8c7,440,d8c7:440;f8e6:448;d7d5:459;a6b5:460;d7d6:466;b4a3:467;g8f7:485;f6f5:488
knr1rq2/2p1p3/1P6/3p1ppP/2PNn3/P6P/3PP3/1K1RR1NN w - - 0 21,midgame,d4e6,-467,d4e6:-467;b6b7:-478;h1g3:-501;c4d5:-512;g1f3:-526;d2d3:-533;h1f2:-557;c4c5:-570
2bqkb2/r3p3/p3b2r/P2p2p1/3Bp1p1/1Pp2P1B/3P3b/RBQ1KR2 b - - 1 23,opening,h2g3,-701,h2g3:-701;g4h3:-691;h2f4:-683;c3d2:-661;d8d6:-654;d8c7:-649;a7c7:-648;c3c2:-645
1b1knrrq/pbp1ppp1/8/1p1p2Bp/nP1P4/7P/P1P1PPPQ/NB1KNRR1 w - - 0 9,opening,g5d2,-107,g5d2:-107;c2c3:-122;d1c1:-130;e1f3:-141;a1b3:-157;e1d3:-163;h2g3:-165;g1h1:-201
rk1brbb1/1p6/p3pQp1/1qpp3P/3PP2P/2P1RP2/PP6/R2BKB1B w - - 1 19,opening,f1b5,379,f1b5:379;f6e5:374;f6d8:178;f6f4:156;a1b1:-289;d1b3:-293;f6e7:-297;f1e2:-319
n1kr2rn/pp3q1p/n2P1p1n/4N1p1/1PP3P1/P2R3P/4PP2/N1K1RQNN b - - 2 12,opening,f6e5,-4,f6e5:-4;f7e6:229;f7f8:280;f7g7:304;f7e8:490;a6b4:597;g8e8:629;h8g6:631
qbk1rnrb/pppp1p2/4p3/6pp/2n1PP1P/8/PPPPN1P1/QBK1RNRB b - - 0 7,opening,h8b2,-406,h8b2:-406;f8g6:-221;a7a5:-218;g5f4:-214;a7a6:-204;c7c5:-197;c7c6:-183;c8d8:-158
nnkrnnrq/3p1ppp/8/2p1p3/pp5P/NP1PNP2/P1PKP1P1/N2RN1RQ b - - 1 7,opening,b4a3,-251,b4a3:-251;e8c7:-199;a8c7:-185;f8e6:-179;d7d5:-179;b8c6:-173;g7g6:-172;h7h5:-147
b1kbqnrr/pp1pp1p1/n1p4p/5p2/3P1P2/4P3/PPPN2PP/BNKBQ1RR w - - 0 5,opening,b2b3,107,b2b3:107;g2g4:101;h2h4:96;b1c3:86;h2h3:84;g2g3:84;d1e2:84;a2a3:84
n1r1kbb1/5pp1/ppppp2r/2PN2Np/1P1n4/8/P5PP/1QR1KBBR w - - 0 15,opening,c5b6,714,c5b6:714;g1d4:707;d5b6:693;f1a6:652;c1d1:616;g1e3:616;c5d6:615;a2a3:609
bqb1k1rr/7p/pp1ppb1b/3Pp1p1/2p1P3/1P3PPB/PQPBB2P/4K1RR w - - 10 15,opening,b3c4,-224,b3c4:-224;h3e6:-238;d5e6:-305;h3g4:-308;a2a3:-309;b2c3:-313;b2a3:-314;a2a4:-327
krnr2b1/2pbp1q1/p2p1Pp1/PNBP4/1P3P2/7p/1KP1P2P/1RN1BR2 b - - 0 21,opening,g7f6,-430,g7f6:-430;e7f6:-376;g7f7:-372;g7h7:-362;g7f8:-352;g7h8:-349;g7h6:-307;d7b5:-224
knrnqnrn/p2pp2p/1p6/2p2pp1/8/1P1PN1N1/P1P1PPPP/KNR1Q1RN w - - 0 5,opening,e3f5,79,e3f5:79;g3f5:75;e3d1:-100;e3d5:-105;g3f1:-126;e3c4:-131;e3f1:-164;b3b4:-264
3krbbb/pbp1p1Bp/7q/3p1p2/Pp2r1P1/1P1P3P/2PQRP2/1R1K1BBB w - - 1 14,opening,g7h6,492,g7h6:492;g7h8:359;d2h6:329;d3e4:78;g7f8:27;c2c4:-12;f2f3:-21;f1g2:-46
1rbrbb1k/1pppp1pp/8/p4p1P/2bq1P2/P7/1PPPP1P1/QRBRBB1K w - - 0 6,opening,d2d3,-326,d2d3:-326;b2b3:-326;b2b4:-350;h5h6:-351;h1h2:-377;a3a4:-396;e1g3:-420;e2e3:-440
b2r1q1b/kp1p2bp/2r1bpp1/2pP4/PP4P1/2P2B2/3QPP1P/K1RR1BB1 b - - 0 13,opening,c6c8,-99,c6c8:-99;f6f5:-77;c6d6:-74;c5b4:7;g7h6:20;c6a6:28;c6c7:58;c6b6:81
rqbrknbn/p1ppp1p1/5p1p/1p6/5P1P/6N1/PPPPP1P1/RQBRKNB1 w - - 0 4,opening,f4f5,-61,f4f5:-61;d2d3:-76;d2d4:-77;c2c3:-98;g1f2:-100;g3h5:-105;g3f5:-106;h4h5:-109
1rb1rkqb/1p3pp1/Q2p4/2p1P1b1/p6p/5P1P/PPPBP3/B1RBRK1B b - - 1 12,opening,b7a6,-411,b7a6:-411;c8h3:-379;d6e5:-5;e8d8:-2;g5e7:81;d6d5:110;g8h7:119;b7b5:122
1nkrrq1n/2np1pp1/2Q5/ppp1p3/3Nn2p/1P2PP2/P1PPN1PP/2KRRNN1 b - - 0 14,opening,d7c6,-826,d7c6:-826;b8c6:-698;e4f2:-567;e5d4:-539;e4c3:-520;e4f6:-515;d7d5:-474;f7f5:-459
5rr1/1Qq2kpp/nnpp1pn1/2P1p3/3P2P1/1P5P/N3n1R1/NRNK3N b - - 0 19,opening,c7b7,-720,c7b7:-720;e2c3:-500;e2c1:-289;d6c5:-231;e2f4:-177;e2d4:-155;b6d5:-132;g6f4:-124
bk2rqrn/ppb1ppp1/1n1Q4/2p4p/1N2P3/8/PPPP1PPP/BK1B1RRN w - - 1 8,opening,d6c5,222,d6c5:222;d6d3:-257;b4a6:-269;b4c6:-291;d6c7:-486;d6b6:-520;d6c6:-572;d6d5:-596
2nknnrr/pq1p3p/n3pp2/1p6/1QP3Pp/1Pp1P1N1/P4P2/1N1KN1RR w - - 2 19,opening,b4a5,-483,b4a5:-483;b4b5:-571;b4c3:-653;b4a3:-665;b4f8:-795;b1c3:-833;g3e4:-833;g3e2:-869
k1rb1nrb/pp1p1ppp/4p3/2p1q3/4n1PN/P3NP2/1PPPP2P/KQRB2RB b - - 0 6,opening,e4d2,-547,e4d2:-547;e5h2:-305;e4f2:-208;e4f6:-138;e4d6:-134;e4g5:-109;e4c3:-108;d8h4:-91
bkr2bbB/ppb1pp1p/3p4/4Q1p1/2p1q3/P1P2P2/1PRP2PP/BK1B1B1R w - - 0 11,opening,e5e4,788,e5e4:788;f3e4:404;e5g5:362;e5d4:274;e5g3:271;e5b5:257;e5f6:155;e5g7:127
2rrnnkq/1p3p1p/n1p1p3/p1PpN3/P6p/1N2P2Q/1PP2PPN/1NRR1K2 w - - 0 14,opening,h2f3,437,h2f3:437;f2f4:420;e5d3:407;e5f3:371;h3g4:350;h2g4:215;e5f7:201;e5c6:61
1nrbrk2/ppnppp1B/2p4p/P7/4P3/2PPQpq1/1P4PP/NN2RK1B b - - 0 12,opening,g3h2,-396,g3h2:-396;f3g2:-366;g3g7:-320;g3g5:-288;g3e5:-267;g3h4:-266;g3g4:-238;c7d5:-29
k3rq1r/1pp1pppp/2nnn1n1/p2p4/PP4NP/6PQ/2PPPP2/KNRNR2N b - - 6 9,opening,a5b4,-350,a5b4:-350;f7f5:-317;c6b4:-296;h7h5:-291;e6d4:-257;c6d4:-229;d5d4:-219;c6b8:-216
r2rkb1b/p1p1pp1q/5n2/1p1pP1pp/PPBN4/1R2NP1n/2P3PP/R1Q2K1B w - d6 0 19,opening,c4d3,453,c4d3:453;c4b5:315;d4b5:233;c4e2:146;e3d5:-21;c4d5:-172;g2h3:-185;a4b5:-207
rbk1b1q1/pnpp4/5rpp/1p2pp2/1nP1PP2/1K2NNPP/P2P1R2/RB2B2Q w - - 1 13,opening,b3b4,-109,b3b4:-109;f4e5:-126;a2a3:-159;a2a4:-174;f3e5:-199;b3b2:-232;e4f5:-244;d2d4:-252
qnrnr3/1pp2pbk/4p3/p1b3pP/N2Pp3/1PP2P2/P6P/QNR1RBKB b - - 0 12,opening,c5d4,-26,c5d4:-26;c5d6:7;c5e7:17;c5f8:54;c5a7:59;c5b4:127;b7b6:163;c5b6:175
1n1r2nr/k1pq2p1/7p/3Npp2/p1NPn3/5PP1/PPPQP2P/K4RNR w - - 2 19,opening,f3e4,587,f3e4:587;d2a5:534;d2b4:105;d2d3:72;d2c1:71;d2e1:28;d2d1:22;d2e3:5
1b1rnk1b/r5p1/p2p2qp/2pPpnp1/1pP1PP2/P6N/1P4NP/QBRR1K2 w - - 1 19,opening,e4f5,-171,e4f5:-171;h3g5:-275;a3b4:-277;f4e5:-283;f4g5:-311;a1a2:-335;h3f2:-346;f1g1:-364
rb1nn2r/ppk5/1bppq3/4Qppp/P1P2P1P/1P1P1K2/R1B3P1/4NR2 b - - 1 21,opening,g5g4,-983,g5g4:-983;d6e5:-982;a7a5:-771;g5h4:-751;e8f6:-710;b6c5:-696;g5f4:-694;e6e5:-687
rbkn4/pp1p3p/5qp1/rnp1p1Qb/PP1PPP1P/1KP2N2/5P2/RB1NBR2 w - - 4 16,opening,g5f6,543,g5f6:543;b4a5:273;d1e3:253;b1d3:250;d4c5:241;b3b2:227;b1c2:226;d1b2:214
1nrrqnb1/pk1ppp1p/6p1/1p6/P1p2P1P/2b1P3/1PPP2PB/KNRRQN1B w - - 1 7,opening,d2c3,396,d2c3:396;g2g4:396;b1c3:359;g2g3:345;b2c3:295;a4b5:142;e3e4:135;b1a3:62
rkn1r1q1/1p1pN1pp/2p3b1/p1P4n/4P3/3P2PP/PP2P1Q1/RKNRBB2 b - - 0 13,opening,c8e7,316,c8e7:316;e8e7:371;g8e6:585;g8f7:588;h5f4:590;g6e4:610;g8f8:615;g8h8:636
nk1r1r1q/1pppppp1/2n2nnp/p7/P7/1NP1P1N1/1PNP1PPP/1NK1R1RQ w - - 0 8,opening,d2d4,-80,d2d4:-80;e1d1:-83;f2f4:-100;b1a3:-114;d2d3:-125;e1e2:-125;e1f1:-131;c2d4:-156
krbb1rqn/1p1ppppp/p1p2n2/8/1P1P4/P7/2P1PPPP/KRBBNRQN w - - 0 4,opening,c2c4,19,c2c4:19;h1g3:4;e1d3:-10;f2f3:-25;b1b2:-33;g2g4:-49;b1b3:-50;f2f4:-55
b1qbkrrb/b1ppp2p/p7/1p4p1/3PB1p1/P4P1P/1PP1P3/BBQBKRR1 w - - 1 7,opening,e4h7,48,e4h7:48;c2c3:14;e2e3:-153;c2c4:-161;b1a2:-221;e4d3:-243;e4a8:-245;g1g4:-251
r1qbbrk1/p1np1ppp/1p4n1/2p1P3/4P2P/5P2/PPP3P1/RNQBBRKN b - - 1 7,opening,g6e5,34,g6e5:34;f7f5:98;f7f6:100;g6h4:139;d8h4:142;c8b7:161;d7d6:183;h7h5:183
brr2bq1/1p1b1k2/B2p3p/2p1pbp1/1p2PBP1/P1R1BP1P/3P3Q/B1RK4 b - - 0 20,opening,g5f4,-409,g5f4:-409;f5e6:-398;b7a6:-396;b4c3:-374;e5f4:-347;d7a4:-331;f5e4:-281;f5g4:-280
1bbk2rb/r5pp/7q/pppppp2/P2P1PPP/b1BRP3/1PP1BQB1/RB1K4 b - - 1 19,opening,e5e4,54,e5e4:54;c5c4:146;e5f4:177;c5d4:179;e5d4:198;a3b4:275;f5g4:280;a3b2:290
1r1krbb1/5pB1/2p1p2p/p4qp1/1pP1P3/bP5P/3PK1B1/Q3R1BB w - - 0 17,opening,e4f5,674,e4f5:674;a1d4:669;g7e5:554;g7f6:515;g7f8:507;g1b6:477;e1f1:357;g1h2:354
rnq1rnn1/ppppppkp/4n3/6p1/8/2N1P1P1/PPPPRP1P/RNQ2NNK b - - 2 4,opening,b7b5,31,b7b5:31;c7c5:45;g7h8:47;c7c6:56;f7f5:63;g8f6:80;e8d8:85;g5g4:88
r4bkr/1pppp2b/qn2n1pp/p2P4/1PP1P1p1/P4P1B/5N1P/NQR2KBR w - - 0 14,opening,b4b5,260,b4b5:260;f2g4:189;h3g4:169;d5e6:169;f3g4:8;f2d3:-34;a1b3:-105;f1e1:-125
qnr2r2/pNppkNp1/5nn1/n3p2p/5P1P/P1N5/1PPPP1P1/Q2KRR1N b - - 0 12,opening,a8b7,-115,a8b7:-115;f8f7:12;a5b7:98;e5f4:109;a5b3:124;e7f7:161;a5c4:192;g6h4:198
r2nkbb1/p2p2pr/4p3/N1P2p1n/8/P1N2P2/1QPPPBP1/2R1KB2 w - - 5 14,opening,c5c6,607,c5c6:607;c3b5:605;c1b1:557;d2d4:550;a5c4:548;b2b5:545;b2b3:544;b2b1:539
1n2r1bn/k1prp1pp/6b1/1p1p1p1P/pB1PP3/P2R1PP1/1PqB4/NQK2R1N w - - 0 21,opening,b1c2,587,b1c2:587;a1c2:556;c1c2:508
r1b1k1br/1p1pq1p1/p3Rp1p/2p4P/8/bP4P1/P1PPP1P1/RBBQKBB1 w - - 0 9,opening,e6e7,856,e6e7:856;e6e3:702;g1c5:419;c1a3:413;c2c4:398;c2c3:394;g1f2:381;e6e4:333
qn1kn1rr/pppp1ppp/3np1n1/6P1/2P5/8/PP1PPP1P/QNNKNNRR w - - 1 4,opening,c4c5,-33,c4c5:-33;b2b3:-44;f1e3:-65;b1a3:-65;d2d3:-80;h2h4:-109;d2d4:-130;c1d3:-133
1r1r2n1/p1q2n1p/kp6/P1Pp1ppP/2P1p1Pn/Q2RN1P1/1PN1P3/1RKN2N1 b - - 4 21,opening,b6c5,505,b6c5:505;a6b7:555;b6a5:569;b6b5:664;c7c5:683;c7e7:814;c7d7:846;c7g3:870
r2b1brk/q3pb1p/1p3pp1/p1pp3P/P4PP1/BP1bP3/2PP4/RQ1BBBRK b - - 2 14,opening,d3f1,-141,d3f1:-141;d3e4:-130;d3a6:-31;d5d4:196;e7e5:245;a7b7:255;g6h5:268;a7d7:284
k2n2q1/3n1ppp/4n1n1/1pr1Pp2/1Pp5/p1NNQ1P1/P1PP3P/K6R w - - 0 23,opening,d3c5,169,d3c5:169;b4c5:-161;h2h4:-339;h1c1:-343;h1b1:-361;h1d1:-370;h1e1:-372;h1f1:-394
bbqbrbr1/pp3ppk/3p4/2p4p/3p1P2/1P4PP/P1PPP2K/1BQBRBR1 b - - 0 7,opening,h5h4,-295,h5h4:-295;g7g6:-286;d6d5:-278;b7b5:-255;b7b6:-254;h7h8:-252;c8d7:-242;c8c7:-240
3b1br1/3pk3/1p1ppp1p/1b1P2p1/p2B1P2/PPq3P1/4BP1P/1B2KR1R w - - 2 21,opening,d4c3,495,d4c3:495;e1d1:-770
r2nrnqn/ppkp1p1p/3np1p1/2p5/6P1/2N5/PPPPPPQP/RKN2NRN w - - 2 7,opening,g2g3,300,g2g3:300;f1e3:245;c1d3:224;a2a4:223;g4g5:218;c1b3:210;d2d3:197;h2h4:178
qbk1nbrn/pp1r1ppp/3pp3/2p5/3P4/P4PP1/1PP1P1RP/QBKRNB1N b - - 2 5,opening,c5d4,55,c5d4:55;e8f6:60;b8c7:66;g7g6:68;a7a6:74;h8g6:80;g7g5:103;a7a5:120
krq1r2b/pp1p1np1/1R1Bpp1p/2P3n1/Q4P1P/6P1/P1P1b3/K2N1RNB w - - 2 19,opening,d6b8,576,d6b8:576;g1e2:498;d1b2:339;d1c3:312;c5c6:262;h4g5:253;d6e5:236;d6c7:223
n2rrbkb/np3pp1/p3Q3/3pp3/P1P1R3/5p1B/1P1P3K/N1NR3B w - - 0 17,opening,e6d5,290,e6d5:290;e6e8:290;e6g4:287;e6f5:282;c4d5:128;e4e5:40;e6g6:-15;e6f7:-18
1nqrnnkr/pppppppp/1n6/8/N7/5NP1/PPPPPP1P/N1QR1NKR b - - 6 4,opening,b6a4,-417,b6a4:-417;d7d5:5;b8c6:21;e7e6:24;h7h5:25;e8f6:28;c7c6:45;c7c5:50
bbbkqbrr/p1p2ppp/1p6/3pp3/2P1B3/1P3P2/P2PP1PP/B1BKQBRR b - - 0 4,opening,d5e4,-463,d5e4:-463;f8c5:-28;c7c6:-24;c8b7:15;c8e6:28;f7f6:50;e8e6:73;f8d6:88
3k1bbr/b2bpp1p/1Ppp2p1/8/qp1PP1P1/rQ3P1P/B3K3/R1B2BBR b - - 2 21,opening,a3b3,-489,a3b3:-489;a4b3:-308;f7f5:-129;f7f6:-86;a7b6:7;a4a6:62;a4b5:62;a3a2:153
2krn1rn/bpp1p1b1/p1q2pp1/3p3p/P1P3PP/5NN1/1P1PBP2/QBK1R1R1 w - - 1 13,opening,g4h5,-166,g4h5:-166;b2b4:-213;b1c2:-252;a1a2:-277;g4g5:-280;g3h5:-290;b1d3:-292;a1a3:-293
q1rn2rn/pp1p1pp1/2k1p3/P1b1Q3/2P4p/1B4N1/1b1PPPPP/3NKBR1 b - - 0 17,opening,b2e5,-796,b2e5:-796;c5f2:-702;b2d4:-384;b2a3:-305;h4g3:-256;b7b6:-255;a8b8:-248;a7a6:-237
q1k1rn1b/pr3ppN/1b1pp3/1ppP4/7P/3P2P1/PP2PP2/QRKBRN1B b - - 0 9,opening,f8h7,161,f8h7:161;c5c4:214;b7c7:222;g7g6:243;a8b8:244;e6d5:250;a7a5:250;b6a5:252
1bbbrk2/2pppp2/q3B1br/pp5p/3PP3/1PQ3P1/P1P4P/1BB1RKnR w - - 7 13,opening,c1h6,-319,c1h6:-319;f1g1:-376;e6f7:-378;c3e3:-388;h1g1:-405;f1g2:-409;c3d3:-411;b3b4:-440
1rbnn2k/1q1ppp2/1p4pb/pPp4p/2P5/P4PP1/3PP1BP/R1BNN1KR b - - 3 9,opening,d7d5,-492,d7d5:-492;h6g7:-491;b7c7:-483;b7a7:-475;b7a8:-464;e8f6:-458;h8g8:-457;d8e6:-455
nnnkr1qr/p1pp2p1/7p/1pP1pp2/1P2n3/1N1N4/P2PPPPP/1NNK1RQR b - - 0 8,opening,b8c6,36,b8c6:36;e4f6:89;a7a6:97;c7c6:102;g8e6:129;h6h5:143;b8a6:144;h8h7:152
rbbqkb1r/1p1ppppp/p4n2/8/1p6/4P1P1/P1PPQP1P/RBB1KBNR b - - 2 5,opening,d7d5,-200,d7d5:-200;e7e5:-196;b8e5:-194;d8a5:-173;h7h5:-161;e7e6:-152;b8c7:-151;b7b5:-150
rbq1rk1b/ppp1pppp/2np4/2n5/1NP2P2/1P1BN3/P2PP1PP/1RQ1R1KB b - - 1 10,opening,c6b4,-206,c6b4:-206;c6d4:-95;c5d3:-1;a7a5:3;g7g6:25;g7g5:41;c6d8:97;c8d7:117
nnnk1r1r/ppppp1pp/3n4/5p2/2qP4/N7/PPPNPPPP/N2KNRQR b - - 2 4,opening,c4a2,-156,c4a2:-156;c4d4:-122;c4d5:-39;c4e6:-19;c4f7:-16;c4g8:-13;c4a4:9;c4c6:66
1q1n1rnr/1pk2p1p/n3p3/3p2p1/PNP2P1P/P3p2R/NQ5n/1NKR2N1 w - - 0 19,opening,h3h2,428,h3h2:428;b2h8:406;c4d5:366;b2h2:355;h4g5:355;f4g5:337;b4a6:316;g1e2:288
qbbbrkbr/1ppp3p/5p2/p3p3/3P1Pp1/2B5/PPP1PKPP/QB1BR1BR w - - 0 6,opening,d4e5,-149,d4e5:-149;e2e4:-187;c3d2:-189;f4e5:-223;h2h3:-241;b2b3:-249;e2e3:-261;f4f5:-285
brrkbbb1/pppppp1p/B7/6p1/8/P3P3/2PP1PPP/BRqKB1BQ w - - 0 4,opening,b1c1,159,b1c1:159;d1c1:137;d1e2:-792
bqkbrrbb/1p3ppp/8/p1ppp1P1/3BP3/1P6/P1PP1P1P/1QKBRRBB w - - 0 6,opening,d1g4,335,d1g4:335;d4c5:329;d4b2:107;d4a1:79;e4d5:-22;d4e5:-67;h2h4:-76;d4c3:-99
bb2k1r1/ppp1qr2/3pPp2/1Pb3p1/P2Q1Pp1/B6P/2P1P3/1B1BKR1B b - - 1 18,opening,c5d4,-611,c5d4:-611;f7g7:-125;f7h7:-116;e7e6:-53;f7f8:-36;e8f8:94;c5a3:294;b7b6:299
k1rnqr1b/p2p1ppb/np6/1p5p/4p3/P1P3PP/1P1PPP2/K1RNQRBB w - - 2 9,opening,d2d4,-397,d2d4:-397;d1e3:-412;f2f3:-421;g3g4:-428;f2f4:-445;d2d3:-446;b2b4:-449;g1h2:-460
qrbkb1nr/pp1npppp/2p5/3p4/8/7N/PPPPPPPP/QRBKBN1R w - - 2 4,opening,d2d4,89,d2d4:89;f2f3:79;b2b3:76;b2b4:70;a2a4:63;d2d3:60;h3f4:37;f2f4:30
bb1bkr1r/pq1p1p1p/1pB3pb/4p1Q1/7P/P2P2P1/1PPKPP2/BB1B1RR1 b - - 0 10,opening,h6g5,-655,h6g5:-655;d8g5:-556;h6g7:-7;b7c6:32;f7f5:32;a7a5:65;b6b5:76;d8e7:78
br1brb1b/1p2p3/5P1p/p1p3pk/1PPpPP2/3P3K/P2Q2BP/BRR4B b - - 1 18,opening,g5g4,493,g5g4:493;e7f6:531;d8c7:558;h5g6:562;e7e5:573;h8f6:621;d8b6:628;e7e6:670
2kr1rn1/2p2ppq/p1n3np/1p1pN3/nP3pP1/2PP3P/P1N1PN2/1NK1RR1Q w - - 0 19,opening,e5c6,359,e5c6:359;e5g6:-118;e5f3:-127;d3d4:-260;e5c4:-287;e2e4:-315;c3c4:-339;e5f7:-413
r1b2rkn/p1p2n1p/1q2b2p/1P3p1P/NP1pp3/1QPP1P2/4P1P1/R3BRKN b - - 2 14,opening,e6b3,-362,e6b3:-362;b6b5:-164;b6d6:-126;a8b8:-88;b6b8:14;e4d3:19;b6b7:55;b6c6:66
qnnkrrn1/1pp2ppp/p2p2n1/4p3/1P6/2N2P1N/P1PPP1PP/Q1NKRR1N w - - 0 5,opening,e2e4,-7,e2e4:-7;h1g3:-12;a2a4:-21;c1d3:-27;f3f4:-40;e2e3:-45;a1b1:-48;c3d5:-54
1r2brnb/kpp2ppp/2Bpp3/p7/P3q2P/1PP1P1P1/3PNP2/KNQRBR2 w - - 5 14,opening,c6e4,756,c6e4:756;c6e8:490;c6b5:66;c3c4:62;b1a3:60;d2d4:55;f2f3:54;d2d3:36
rb3r1q/pkp3pn/1p4B1/1P3p2/3P1Rbp/2P1N1PN/P2KPB1P/R7 b - - 0 18,opening,h7f6,-395,h7f6:-395;a7a6:-375;g4h3:-368;c7c6:-357;h4g3:-353;f8f6:-337;c7c5:-336;a7a5:-306
qbrnkb1r/pp1pppp1/5n1p/2p5/4P3/4N2N/PPPPBPPP/QBR1K2R b - - 1 4,opening,f6e4,-158,f6e4:-158;g7g5:-39;a7a6:-37;h6h5:-35;d8e6:-32;e7e6:-32;h8g8:-31;b8c7:-26
rk1r2b1/p1ppqp1p/5b1b/PpP1P1p1/6P1/7P/1P1PP1B1/RKBRQ1Bb b - - 0 11,opening,h1g2,-274,h1g2:-274;f6h8:221;f6g7:226;f6e5:241;e7e5:264;e7e6:282;e7e8:286;e7f8:329
q1brr1nn/pk1pp3/2p5/Pp3ppp/1PQP2PP/3P3N/2P1RP2/1KB1RB1N w - - 0 14,opening,c4a2,534,c4a2:534;c4c3:527;c4b3:522;a5a6:503;c4c5:494;c4g8:55;e2e7:3;c4b5:-138
rq2rnb1/1b3ppp/2p2kn1/3pN3/P2B4/6NP/P2PPPP1/RR2K1B1 w - - 1 16,opening,e5d7,241,e5d7:241;e5c6:219;e5d3:-141;g3h5:-278;e5g4:-292;e5f3:-304;g3e4:-337;f2f4:-344
b1k2r1n/1r1ppnp1/6qp/pp4BP/3p1PP1/PP1PB1N1/4P2R/1RK1Q3 w - - 2 17,opening,h5g6,572,h5g6:572;e1a5:314;g5e7:299;g3f5:259;c1b2:258;e3d4:237;c1d1:197;b1b2:154
k3bb1b/pp2p1r1/q4r2/bP1p1p2/P1P1B1P1/Q3P3/1KPB2P1/4RBRB w - - 5 23,opening,b5a6,244,b5a6:244;a3c5:91;c4c5:52;e4d5:-5;e1d1:-13;e4d3:-21;g4g5:-66;g4f5:-101
nnrbrk1b/Qp1pp1pp/8/2pq1p2/P7/5P2/1PPPP1PP/NNRBRK1B b - - 0 4,opening,b8a6,-419,b8a6:-419;d8b6:-289;g7g5:-268;b8c6:-261;d5c6:-259;g7g6:-253;d8c7:-212;a8b6:-204
k1rnq1r1/p1p2pp1/3ppnnN/1pnP3p/4PP1Q/NP5P/P1P2RP1/K1RN3N b - - 3 14,opening,g6h4,-738,g6h4:-738;c5e4:-652;b5b4:-583;e6d5:-570;g8h8:-569;g8f8:-562;f6e4:-548;d8b7:-533
nkrb1bnr/p1q1ppp1/3Q4/1pp3p1/4P1P1/P4P2/KPPP3P/N1RB1B1R w - - 0 10,opening,d6a6,-184,d6a6:-184;d6c7:-252;d6d5:-271;d6d3:-347;d6g3:-540;d6d8:-613;d6e6:-615;d6c5:-623
k1qrbr1b/1pp2ppp/2nppP2/p7/4P3/6nN/PPPP1BPP/KNQR2RB w - - 1 8,opening,f2g3,408,f2g3:408;f6g7:348;h2g3:331;b1c3:-61;d1e1:-92;h3f4:-117;g1e1:-127;d2d4:-141
rbn1r3/p1p1q3/bpk4p/3p3n/3pPPPp/1P1B4/P4QKN/R1N3BR w - - 0 23,opening,e4d5,149,e4d5:149;d3a6:147;e4e5:135;g4h5:132;f2c2:0;f4f5:-127;a2a3:-130;b3b4:-170
2rbrbb1/6bp/k4pp1/1pppp3/1p3PP1/PK1PP3/1Q1R3P/1R1B1BBB b - - 1 17,opening,c5c4,263,c5c4:263;d8a5:289;e5f4:295;d5d4:296;e5e4:332;f6f5:333;h7h6:342;d8b6:363
kqrb2rb/1pp2p2/p1b5/2Q1p1P1/1b5P/1PP1p3/PR1PPP2/K2BBBR1 b - - 3 16,opening,b4c5,-754,b4c5:-754;e3d2:-556;g8g5:-522;d8g5:-419;d8e7:-215;e3f2:-170;e5e4:-48;d8f6:-19
1rqb2kn/p4b2/nppp4/4p1pp/N2QN1p1/B2P4/PPP1PPKP/R2B2R1 w - - 4 17,opening,d4e3,319,d4e3:319;d4d6:253;d4c3:218;a4b6:154;e4d6:84;e4f6:-202;d4c4:-360;a4c5:-371
r2knr1b/p2p2p1/b4p2/4p3/1p1PPPnp/2P1RNPP/qP6/1RBK1QNB b - - 5 19,opening,g4e3,-839,g4e3:-839;a6f1:-659;h4g3:-617;b4c3:-606;e8d6:-589;a2a4:-549;a2b1:-547;e5d4:-535
3rqn1r/n1p1nk2/1pNp1p2/p5pp/4pP1P/N2PK3/PPP1PQPN/RN5R w - - 2 18,opening,c6d8,469,c6d8:469;c6e7:309;e3d2:68;d3e4:-161;c6e5:-194;f2f1:-209;h2f1:-224;f2e1:-292
r1k3rb/3pq1p1/5p1p/p1p5/2P1p3/1P1NPNn1/PQ1PKn1P/R1BR4 w - - 6 18,opening,e2f2,-94,e2f2:-94;h2g3:-380;e2e1:-99999
1rqkrbbb/1bpp1ppp/8/pp2p3/5P2/1PP5/PQ1PP1PP/BR1KRBBB b - - 3 6,opening,f7f5,-163,f7f5:-163;e5f4:-134;g7g6:-125;e5e4:-104;b7a8:-94;c7c5:-87;b7c6:-82;d7d6:-78
kbbnqr1r/1p1p2pp/p3Bp2/2p1p3/5Pn1/1PP1N2N/P2PP1PP/K1B1QR1R w - - 6 10,opening,e6g4,370,e6g4:370;e6d5:-37;e6c4:-82;e3g4:-93;e6f5:-108;e3d5:-371;e3c4:-410;e6d7:-442
brqbrbk1/ppp1pp2/3p1b1p/6p1/8/PPP3P1/3PPP1P/BRQBRBKB w - - 1 5,opening,e2e3,123,e2e3:123;d2d4:117;f1g2:106;c1c2:102;a3a4:98;b3b4:81;d1c2:80;c3c4:72
b1kbrnrn/6pp/5p2/1p1pp3/p2N4/1PPPqPPP/PBK5/Q2BRR2 b - - 0 17,opening,e3h6,-186,e3h6:-186;e3g5:-118;e5d4:-116;e3d4:279;e3e1:330;f8e6:349;f8d7:353;f8g6:358
rbbkqbrb/1pppp3/6pp/p2B1p2/7P/P7/1PPPPPP1/R1BKQBRB w - - 0 5,opening,d5g8,281,d5g8:281;g2g3:56;g2g4:49;d5a2:-47;e2e3:-48;a3a4:-60;d5b3:-61;c2c3:-63
brb1qrkn/pp3ppp/3pn3/2p5/4p3/4NPP1/PPPPPK1P/BRBQ1R1N w - - 0 6,opening,f3e4,-93,f3e4:-93;f3f4:-117;e3f5:-182;d2d3:-182;b2b4:-183;g3g4:-184;b2b3:-205;d2d4:-207
1kbrbrb1/2pp1p2/7q/Pp1bP1pp/4P1P1/8/P1PP1B1P/BKR1BRBQ b - - 7 14,opening,d5a2,224,d5a2:224;f7f5:263;c8b7:278;f7f6:293;h6a6:296;d5c4:385;h5g4:386;d5e6:386
1n1qr1rb/Nkpp4/1p1p2p1/4np1p/P7/4PbP1/1PPP1P2/BK1QR1RB w - - 0 17,opening,h1f3,-384,h1f3:-384;a7b5:-405;d2d4:-442;a4a5:-476;c2c4:-502;b2b4:-524;d1f3:-536;d1e2:-566
nn1knr1r/ppppp1pp/3n1p2/2N4q/1PP2P2/8/P2PP1PP/1NNKNRQR b - - 0 5,opening,b7b6,-82,b7b6:-82;d8c8:109;a7a5:116;b8c6:130;a8b6:134;a7a6:142;d6c4:148;h5f5:168
n2nk1rn/prpp1qpp/3n1p2/4p3/QP2P3/1N1N2P1/P1PP1PRP/1R1NK2N b - - 5 9,opening,a8b6,113,a8b6:113;d6e4:121;d8c6:138;h8g6:158;d6c4:162;g8f8:162;b7b8:168;g7g5:176
4b1bB/1k2bp2/p1q1p1bB/1p1rp2p/1p5P/PPPP1P2/K3P1P1/3R1B1R w - - 2 18,opening,e2e4,-589,e2e4:-589;d1c1:-624;h8e5:-630;h6g5:-633;h8g7:-634;g2g4:-648;d1b1:-652;d1e1:-654
2qk1r2/b1p1p1r1/3p3p/p1QP1ppn/PP1P3P/5nP1/1PN2PR1/BBK2R1N w - - 1 20,opening,c5c3,317,c5c3:317;c5a7:309;c5a5:246;c5b5:196;c5c4:195;c5c6:188;f1d1:-393;b2b3:-421
rbbqk1nr/p1pp3p/5p2/1pb3p1/2P5/1Q1B1PK1/PP2P1PP/R1B2BNR b - - 2 8,opening,c7c6,-312,c7c6:-312;b5c4:-311;d7d5:-286;d8e7:-201;a7a5:-195;g8e7:-169;a7a6:-168;b5b4:-163
nq1rk1rn/2pp1ppp/4p3/1p6/NQ4PP/3NPK2/P3nPR1/3R1N1N b - - 0 13,opening,b5a4,216,b5a4:216;h8g6:259;e2d4:291;b8b7:300;e2f4:304;b8a7:306;e2g1:313;e2c1:314
kqr1n2b/ppp1b1pp/4r3/3ppp2/P4nB1/1PPPP3/3Q1PPP/KR2N1RB b - - 6 12,opening,f5g4,-512,f5g4:-512;g7g6:-442;e8d6:-352;c8d8:-337;e6b6:-327;e6a6:-320;e6h6:-306;d5d4:-293
qrbk1nnr/pp1p1bpp/2p2p2/4P3/7P/P2P2P1/1PP1P3/QRBKBNNR w - - 1 7,opening,b2b4,359,b2b4:359;e5f6:351;e1c3:323;c1f4:313;g1f3:311;b2b3:307;h1h2:283;f1e3:273
bkbrbqrb/pp1ppp2/2p3p1/7p/8/1P2P3/P1PPQPPP/BKBRB1RB w - - 0 4,opening,g2g3,76,g2g3:76;a1h8:74;e3e4:73;d2d4:71;a2a4:66;f2f3:55;d2d3:48;h2h3:47
2r1rbk1/p1p1pnb1/2n1q2p/1pPp1Pp1/P6p/1P1PP3/3N2B1/Q1RNRBK1 w - - 1 18,opening,f5e6,540,f5e6:540;a1g7:349;a1d4:6;g2h3:-88;a4b5:-95;d1c3:-125;d3d4:-148;d1f2:-197
k1N2brb/np2rpp1/q3p2p/p1p5/3PP2P/P1p2PQ1/KP4P1/1N1R1BRB w - - 0 19,opening,f1a6,656,f1a6:656;d4c5:464;b1c3:394;c8a7:361;c8e7:337;f3f4:330;f1e2:291;g3f2:256
br3k1n/qp2npr1/p4B1p/3pp3/PPQ2PP1/3PN2P/2PRP1R1/1B2K2N w - - 1 20,opening,c4c7,570,c4c7:570;f6e7:543;c4c5:503;f6g7:503;c4c3:422;e3d5:411;c4b3:359;c4a2:295
qr1rnn1Q/1k1p1n2/pp5p/7P/1p2NN2/P3pP2/1KPP2P1/1R2N1RN b - - 4 20,opening,f7h8,-451,f7h8:-451;b4a3:-409;f8e6:148;f8g6:169;e8c7:242;b7a7:270;f7d6:338;e8d6:345
q1krr3/2bpp3/1p1n3Q/2pP1ppp/p2RP2P/PP3P2/2P1B1P1/1BK1NR1N b - - 1 21,opening,a4b3,24,a4b3:24;c5d4:29;b6b5:158;d6e4:215;a8a5:287;a8b7:307;c5c4:329;d6f7:333
bkqrb1br/1p1p4/2p2Bpp/P3P3/4P2B/b1PB4/1P1P2PP/BK1QR2R b - - 1 18,opening,d7d5,470,d7d5:470;a3c5:471;g6g5:499;a3f8:530;e8f7:537;c6c5:542;b7b5:546;h8h7:556
1rn2qrn/1ppk1npp/p2ppp2/1P6/n1QP1P2/1N2P3/P1P1NKPP/NR1R4 w - - 8 15,opening,c4a4,106,c4a4:106;f4f5:-86;b5a6:-105;d4d5:-125;c4d3:-131;c4b4:-136;b3c5:-230;e3e4:-233
1qrn1bnr/3pp1k1/5pp1/pp5p/P1pP2P1/QPP5/3NPP1P/BNR1KB1R b - - 4 18,opening,h5g4,163,h5g4:163;e7e6:195;e7e5:244;b8b7:253;b8a8:261;g8h6:266;b5a4:272;b5b4:274
kbbr1r2/p3p1p1/1pqp1pn1/1npB4/1P5N/2P3N1/PK1PPP1P/2BRQ1R1 w - - 10 17,opening,d5c6,701,d5c6:701;e2e4:269;c3c4:241;d5h1:207;d5g2:195;d5f3:185;h4g6:84;d5e4:51
r3k1nn/1p2q1p1/n2p3p/3nPp2/2p3P1/P4P1P/RPPP1K2/1NR3NN b - - 1 22,opening,d6e5,-718,d6e5:-718;e7h4:-704;d5f4:-699;f5g4:-693;e8d7:-686;e7c7:-685;b7b5:-682;e8f8:-677
n1kr1nrq/4ppnp/1p3p2/p1p4N/1np1P3/3P1N2/PP3PPP/N1K1R1RQ w - - 0 11,opening,h5g3,-494,h5g3:-494;h5f4:-501;e1d1:-501;e4e5:-512;f3d2:-522;g2g4:-529;e1e3:-529;d3d4:-531
nn1k1rr1/2ppn1p1/8/1pP2PP1/Pp2pn1p/8/1NNPP2P/1N1K1RRN w - - 3 23,opening,f1f4,335,f1f4:335;f5f6:161;a4b5:134;h1f2:123;c2b4:100;c2e3:74;g1g4:33;c2d4:22
1q1brrkb/1bp1p2p/1p1B1p2/p5p1/3p3P/P2P1PP1/QPP1P3/B2BRRKB b - - 2 12,opening,g8g7,165,g8g7:165;f8f7:190;b7d5:278;e7e6:340
nn1rnrkq/n1pp2pp/pp2pp2/8/8/2PP2PP/PP2PPN1/NNNR1RKQ w - - 0 6,opening,d3d4,109,d3d4:109;e2e4:108;a1c2:107;f1e1:98;f2f4:92;a1b3:89;h3h4:88;g2f4:81
bkr2bbr/pp1qpp1p/2p5/3p2p1/P4bPP/4P3/1PPPBP2/BKRBQ1BR w - - 0 7,opening,e3f4,443,e3f4:443;b2b3:380;h4g5:337;b2b4:298;d2d3:282;f2f3:280;h1h3:277;a4a5:255
nr1nkrn1/2pppp1p/pp1n4/6p1/P2q4/1N1P4/1PP1PPPP/1R1NKRNQ w - - 0 6,opening,b3d4,582,b3d4:582;g1f3:-370;g2g4:-371;e2e4:-378;d1e3:-379;f2f4:-379;g2g3:-383;d1c3:-409
2kqrn1b/3p3p/pp3p1p/nNp1p1r1/P1PP2N1/4P3/1PQ2P2/B1K1R1R1 b - - 0 16,opening,a6b5,-287,a6b5:-287;d8e7:-180;d7d5:-164;a5b7:-160;d7d6:-114;a5c4:-87;e8e6:-47;c8b8:31
qbrkbrbb/1p4p1/2pp2B1/p3pR2/6Pp/PPP5/3PP2P/Q1RKB2B b - - 0 13,opening,g8b3,-522,g8b3:-522;e8g6:-350;d8d7:-337;f8f5:-278;e8f7:-270;f8f6:-248;d8e7:-183;d8c7:-180
1r1nk2n/npp1p2p/1n3rp1/3p4/1p2pPPP/2N2Q2/P1PP4/qRN1K1RN w - - 0 15,opening,f3e3,-147,f3e3:-147;f3h3:-150;f3g3:-170;f3g2:-185;f3f1:-187;f3d1:-191;f3e2:-197;f3f2:-446
rnnk1rq1/p1p2pp1/1p2p2p/3p1P2/4n1Pn/3PPN1P/PPP1K1Q1/RNNR3N w - - 0 11,opening,f3h4,453,f3h4:453;g2f1:36;g2g1:-133;g2h2:-139;d3e4:-406;h1g3:-447;c1b3:-463;b1a3:-508
1qrr1b1b/1Bppp2k/p2n2p1/P3PQ1p/P1PP2PP/8/5P2/N1NRRBK1 b - - 0 16,opening,d6f5,-247,d6f5:-247;g6f5:-206;f8h6:339;e7e6:454;b8b7:459;h8f6:490;h8g7:491;h8e5:493
rbbqkbr1/2p1np2/1p4pp/p2pP3/P7/2P2P1P/1P1KP1P1/RBBQ1BNR w - - 0 9,opening,f3f4,152,f3f4:152;e2e3:128;g2g4:122;d2c2:117;b1d3:116;b1c2:43;g2g3:42;e2e4:34
1rbqk1nr/2p2p1p/p5n1/3p2p1/2PPp2R/N3KPPN/1P2P3/B1R2BQ1 b - - 3 19,opening,g5h4,-396,g5h4:-396;h7h5:-305;b8b3:-292;e4f3:-277;d8e7:-250;h7h6:-246;c7c5:-211;f7f5:-182
1bqbnknr/1pppp1pp/8/r4p2/p4N2/8/PPPPPPPP/RBQB1KNR w - - 0 5,opening,b2b4,-69,b2b4:-69;e2e3:-70;c2c4:-80;h2h4:-94;g2g3:-99;d2d3:-111;f4d3:-113;f4h3:-127
2q2r2/2ppbppk/1N1np2p/p1n4P/R1bP2B1/1Pr1P1P1/2P2PK1/2B1QR2 w - - 3 21,opening,b6c8,413,b6c8:413;a4c4:207;g4f5:72;b3c4:-11;d4c5:-38;b6c4:-317;g2g1:-340;e1c3:-350
r1br1b1b/1k3bp1/pp2pp2/3p3p/3pP1PP/1PPq3R/P4P1B/RKB1QB1B w - - 2 13,opening,h3d3,672,h3d3:672;f1d3:551;b1b2:99
rn3brk/ppp1pb2/5pp1/3p1q1P/2nP3P/P3N3/1PP1PP1K/RNQ1BBR1 b - - 0 11,opening,f5f4,-409,f5f4:-409;c4e3:-133;f5h5:-127;f5e4:10;f5d7:64;f5e6:93;f5c8:142;f8h6:269
2q1brk1/r1pp1npp/p1n4P/4p3/1pPb4/PP1P2N1/3B4/RNQ1KR1B b - - 4 17,opening,g7g6,-216,g7g6:-216;e5e4:-180;d7d5:-131;f7d8:-104;g7h6:-95;d7d6:-60;c8d8:-45;g7g5:-30
rr1bnnq1/p1pp1p1p/b5pk/1p2p3/1P5P/1R2PN2/P1PPBPPQ/R1B1N2K b - - 2 11,opening,f7f6,175,f7f6:175;d7d6:177;h6g7:222;e5e4:222;a6b7:223;d8e7:244;a6c8:249;e8d6:259
1nnrqnr1/1pn2ppk/pN5p/2ppp3/3P3P/1PP2P2/P3P1PK/N1NRQNR1 b - - 3 9,opening,c8b6,-427,c8b6:-427;c5d4:-180;e5d4:-164;c7b5:-102;b8d7:-95;e8e6:-91;f8d7:-91;c8e7:-85
kbbrb1q1/pp1pb3/5pp1/2p1Q3/2PPP1pr/PP5B/5P2/KBBRB2R w - - 0 14,opening,e5e7,261,e5e7:261;e5b8:-430;f2f4:-454;e5d5:-459;h3g4:-474;h3g2:-478;e5f4:-493;f2f3:-494
rnq2r1k/p1ppp1b1/6bn/1p3Pp1/2N5/2P4p/PP1PBPPP/R1QNB1RK b - - 1 12,opening,h3g2,-42,h3g2:-42;h6f5:-40;g6f5:77;f8f5:81;b5c4:97;g6h7:100;b8c6:103;g6f7:147
q1rrbbbk/1bpppppp/p7/1p6/1P3P1P/B7/P1PPPBP1/QR1R1BBK b - - 0 5,opening,a6a5,-110,a6a5:-110;d7d6:-107;f7f6:-106;a8b8:-44;h7h6:-38;b7c6:-38;f7f5:-36;h7h5:-32
1brr4/1p5p/1k3ppB/p1p5/1B4P1/2PBpq2/1PB3P1/K1R3QR w - - 0 22,midgame,b4c5,841,b4c5:841;b4a5:797;b4a3:785;g2f3:755;h6e3:748;a1b1:731;d3e4:708;c1f1:649
1n1brkq1/1p2p3/pnrp2P1/2p2p1p/2P5/NP1B1P1Q/P2bP1P1/N1R1RK1B w - - 0 14,opening,h3f5,-68,h3f5:-68;a3b1:-109;c1d1:-115;g2g4:-118;h3h5:-133;c1b1:-133;e1d1:-139;f3f4:-158
rk3qb1/2b4p/p1pr2p1/1P1P4/1PKB1p2/3B3b/P2P2PP/1RB3RB w - - 2 21,opening,b5b6,-423,b5b6:-423;b5c6:-498;b5a6:-500;c4c3:-501;c1b2:-512;c4b3:-512;d4c5:-542;g2h3:-543
B1qb2r1/2pkpQ2/6rp/8/5ppP/2p4R/P1BP1R2/B2nK3 w - - 4 22,midgame,c2f5,99997,c2f5:99997;h3d3:99988;f7d5:620;c2g6:586;e1d1:567;h3c3:531;f7f5:528;a1c3:499
qrk1rn1b/2bp1pp1/pp6/2pnp2p/3PP1P1/1PP1N3/P3BP1P/QR1KR1NB w - - 0 9,opening,e4d5,410,e4d5:410;e3d5:379;d4c5:101;b1c1:92;g4h5:88;g1f3:87;g4g5:76;g1h3:67
rn3r1k/1n1p2pp/3bppb1/1pp4P/pq1P1PPN/PPN3BK/2P1P3/R2Q1BR1 w - - 0 17,opening,h4g6,717,h4g6:717;a3b4:699;d1e1:393;c3e4:379;c3b5:293;d1d2:215;e2e3:209;c3a4:200
nnnr3q/pppppprk/8/4Pn1p/2PN1PpP/P7/1PNP2PK/1N1RN1RQ b - - 2 14,opening,g4g3,-87,g4g3:-87;f5d4:-86;f5h6:188;f5h4:191;c8d6:202;e7e6:222;f5d6:292;f5g3:310
2bkq2r/7R/1pQ1b3/2p2p2/Pp1pB3/B1P2Pr1/3bP1P1/3K1B1R w - - 0 23,midgame,c6b6,99999,c6b6:99999;c6c7:99999;c6d6:678;h7h8:461;a3b4:81;c3b4:5;c6a8:0;a3c1:-74
r2qkbnr/ppppp1pp/2nn4/2N2p2/1P6/N7/P1PPPPPP/R2QKBNR b - - 1 4,opening,c6b4,-115,c6b4:-115;e7e6:-109;g8f6:-98;a7a5:-82;d6e4:-82;d6f7:-75;e7e5:-74;g7g6:-71
nqrnk1r1/1pp5/4p2p/p1np3p/4p2P/PNP1P3/1P1P1P1N/1QNRK1R1 w - - 1 22,opening,g1g8,559,g1g8:559;e1e2:74;e1f1:4;h2f3:-37;g1h1:-88;g1g3:-161;b3c5:-208;h2f1:-211
1k1rr1qb/p1p2p2/4B1p1/Ppb1pbPp/8/1P1PPb2/1BPR1P2/BKR2BQ1 b - - 8 13,opening,f5e6,-314,f5e6:-314;e8e6:-311;f7e6:-274;c5b4:-50;f5e4:44;e5e4:71;h5h4:75;a7a6:83
2q1k1br/n5pB/4pp2/p1pNb2N/2P3P1/3PP2P/P1Q1KP2/Rr1n2BR w - - 3 23,opening,h7g6,447,h7g6:447;a1b1:425;h5g7:359;c2a4:310;h5f6:287;c2b1:260;h7g8:254;d5f6:183
n1krrq2/p1p4p/1p1p2nn/4np2/PP1P1Np1/1K3P2/4P1PP/NN1RRQN1 w - - 0 14,opening,f4g6,-31,f4g6:-31;e2e3:-34;f4d5:-41;d4e5:-59;b1c3:-63;g2g3:-96;b1a3:-141;e2e4:-154
rn1bbrkn/p1ppppp1/7p/1p3q2/QP6/2P2PP1/P2PP2P/RN1BBRKN w - - 1 7,opening,e2e4,38,e2e4:38;a4a5:15;a4b3:3;a4a3:-11;a4c2:-17;d1c2:-55;g3g4:-314;a4a7:-613
kr1b2b1/p1pp1r1p/2n1p3/1p2q3/P1PPPPn1/8/1P4PP/KNR1NRBQ b - - 0 10,opening,c6d4,-293,c6d4:-293;e5e4:-269;e5h5:-189;e5g7:-187;e5h8:-146;e5d6:-138;e5f6:-21;c6a5:0
1rkr1n2/2p2p1n/p1q3nn/1p1p3p/1PPP3P/4PN2/P4PP1/QRK1RNNN w - - 3 17,opening,c4c5,181,c4c5:181;h1g3:82;g1h3:80;f1g3:57;a1b2:51;a1c3:41;a2a3:27;g1e2:23
bkrr2bb/1ppp1p1p/3bq3/p5p1/P1PPp3/1R5P/1P2PPP1/B1KRQBBB w - - 2 11,opening,d4d5,76,d4d5:76;e2e3:-41;e1c3:-147;b3c3:-240;e1a5:-321;c1b1:-343;g2g4:-375;b3b5:-381
2nnkbr1/1pb2pp1/q7/pr1P2Pp/P5RP/2N2P2/2PP4/1BR1KB1N b - - 0 15,opening,b5b1,-430,b5b1:-430;a6b6:-284;b5b6:-261;b5d5:-247;b5b2:-239;c8d6:-228;b5b4:-227;a6d6:-227
2rnqnrn/pkpnp2p/3p1p2/1p4p1/4P1N1/P1P2PN1/1PRP2PP/KN1NQ1R1 w - - 6 11,opening,e1f1,93,e1f1:93;d2d4:92;g4h6:90;g4e3:77;d1e3:71;d1f2:62;g3e2:60;g1f1:54
r1rn1bnb/6p1/2qpk2p/ppp1p2P/8/1PKPPB2/P1P5/RRQN2NB b - - 3 22,opening,e5e4,265,e5e4:265;c6a6:283;b5b4:345;c6c7:347;c6e8:350;c6b6:414;d6d5:445;g7g5:453
1bk1r1rb/2ppp3/qpn1np1p/p5p1/6NP/1PPP4/P3PPP1/QBKNR1RB w - - 3 9,opening,g4h6,176,g4h6:176;a1b2:158;a2a4:137;d3d4:119;h4h5:112;g2g3:104;b1c2:91;g4e3:51
n5n1/1Nkpp1pp/p7/PP2n3/n2qPP1r/2pN2N1/2PP2PP/NQ1KRR2 w - - 1 18,opening,a1b3,585,a1b3:585;b5b6:506;f4e5:469;b1b4:437;b7d6:363;b7c5:352;d1e2:338;g3f5:316
b4k1b/2pr1qpp/p1r4B/1PPppp2/B1Q1PPbP/P2P4/5KP1/1RB3RB w - - 7 19,opening,b5c6,558,b5c6:558;h6g5:352;e4d5:335;c4c3:278;h6g7:271;c4b4:212;c4c2:206;c4b3:193
nqnr2kb/1ppp3p/4rpp1/p3pP1P/8/b2NP3/PPPPR1P1/N1QR1BKB b - - 0 8,opening,e5e4,291,e5e4:291;e6e8:303;g6f5:304;e6e7:307;a3b2:328;a3d6:335;a3f8:383;c8e7:390
nqn4b/2r3p1/7k/ppNp1p1p/2P4P/6Q1/PP1PPP1K/2R1R2B b - - 0 21,midgame,b8b6,521,b8b6:521;g7g6:523;d5c4:596;c8b6:606;c8e7:613;h6h7:613;c8d6:626;b5c4:637
b1b2r1b/1pkr1qpp/2P1pp2/2PP4/p5Pb/PB3P1P/1P1B4/BK1R2RB b - - 2 21,opening,a4b3,-498,a4b3:-498;e6d5:-359;d7d5:-347;b7c6:-343;c7b8:-327;h4f2:-325;g7g5:-299;b7b5:-255
r3bbn1/n2kp1pr/p1p4p/qp2pp2/PPPP4/1K1Q1P1P/4N1P1/R1N1BB1R w - - 4 14,opening,d4e5,728,d4e5:728;b4a5:718;d3f5:535;b3b2:418;b3c2:409;e2c3:399;c4b5:375;e2f4:371
rnnkrqnn/1ppppppp/8/8/4P3/p4P2/PPPP2PP/RNNKRQNN w - - 0 5,opening,b1a3,134,b1a3:134;b2b3:12;b2a3:9;b2b4:-4;c1d3:-53;f1b5:-58;b1c3:-438;c1b3:-505
qbrrnk1b/p2ppppp/1pp4n/8/P4P1P/3P2PN/1PP1P3/QBRRNK1B b - - 0 6,opening,d7d5,-110,d7d5:-110;g7g6:-109;h6g4:-105;a8b7:-83;e7e5:-66;e8f6:-59;h6f5:-48;a7a5:-41
b2bqb1r/pkr1p1pp/3B4/1Bpp1p1b/3P4/1pP1P2P/PPRQ1PP1/B1KR4 b - - 5 16,opening,e8b5,-624,e8b5:-624;b3c2:-596;c7c6:-387;e8g6:-373;e8f7:-354;h5d1:-296;e7d6:-286;c7d7:-256
1bk3r1/2ppbnp1/1q2p2N/pp6/1Pn3P1/P3P2Q/2PP1P1P/KB2R1RN b - - 3 22,opening,g7h6,-441,g7h6:-441;f7g5:-387;f7h6:-376;g8h8:-350;e7f6:-339;g8f8:-273;e7b4:-198;g8e8:-167
rnr3q1/2bb2pk/3N3p/p3p3/PPQpP1pn/R7/1NP2P1P/3BB1RK w - - 0 22,opening,d6c8,216,d6c8:216;c4g8:29;d6b5:-20;d6f7:-109;d6b7:-136;g1g4:-139;c4c5:-192;d6f5:-221
k1r1nnrb/pp1ppppp/2p5/4q3/1P1N2P1/4N3/P1PPPP1b/KQRB2RB b - - 2 5,opening,e5d4,-474,e5d4:-474;h2g1:-435;f8e6:-370;e8d6:-359;g7g6:-359;g7g5:-348;e8c7:-327;h7h5:-313
qrb3kr/ppppbp2/3nn3/6pp/4p3/PPPNP1PP/Q2P1P2/1RBN1BKR b - - 1 10,opening,e4d3,-356,e4d3:-356;b7b5:-153;b7b6:-139;a7a5:-136;h5h4:-132;c7c5:-128;h8h7:-121;h8h6:-121
r1bb1r2/p1p1qp2/2npp1kp/1p4P1/3PPP2/1PP5/P4RP1/RN1BQ2K b - - 0 17,opening,f8h8,-315,f8h8:-315;h6g5:-312;g6g7:-270;a8b8:-236;c8b7:-220;b5b4:-208;c8d7:-201;d6d5:-186
bB4rk/2rpq1p1/1ppb3p/4P2Q/3B3P/6P1/2Pp3K/1BR1RB2 b - - 1 19,midgame,e7e8,310,e7e8:310;d6c5:383;d6a3:398;d6b4:414;d2c1b:479;d2c1q:485;d2c1r:498;d6e5:520
rrnbnqbk/2ppp1pp/1p3p2/p7/1P6/1N1N3P/P1PPPPP1/RR1B1QBK w - - 0 5,opening,b4a5,24,b4a5:24;e2e4:-107;c2c3:-109;a2a3:-110;e2e3:-114;g1h2:-122;a2a4:-134;f2f4:-144
b2kqbrr/1pb1ppp1/2pp4/P7/7p/7P/P1KPPPPB/BB2QBRR b - - 0 11,opening,h8h5,252,h8h5:252;c6c5:279;e7e5:279;g7g5:284;g7g6:288;c7a5:288;b7b5:297;e7e6:299
kbr1brqb/2p2pp1/pp1p1b2/4p2p/4PP1P/2P5/PP1PBRP1/KBR1B1QB w - - 0 8,opening,e2a6,231,e2a6:231;g2g3:217;e2h5:211;g2g4:206;d2d4:205;f2f1:197;f4e5:195;b1c2:177
rbrbq1bk/p1pp2pp/1p2p3/2b2p2/P1P1P3/3P3P/1P3PP1/RBRBQBBK b - - 0 5,opening,c7c6,-176,c7c6:-176;c5d4:-170;d8f6:-158;d8g5:-155;e8f8:-137;e8f7:-127;f5f4:-123;a7a5:-115
1rn2n2/q1p1p2p/bpb1kpp1/p2p4/4P1P1/5P1P/PKPP3B/R3BNNR b - - 4 22,opening,d5e4,-637,d5e4:-637;a6f1:-606;e6d7:-588;a7b7:-584;e6f7:-583;c8d6:-576;d5d4:-569;b6b5:-569
2nr2k1/q1np1r1p/p3p2b/1pp2Pp1/1PP2PN1/PQb3K1/3P2PP/N2RRB1B w - - 5 18,opening,g4h6,495,g4h6:495;f5e6:245;b3c3:237;d2c3:237;f5f6:176;f4g5:151;g3h3:46;c4b5:-29
bkrbq2r/ppppb1pp/5p2/4p3/2b4P/3P2P1/PPP1PP1B/BKRBQB1R w - - 1 5,opening,d3c4,378,d3c4:378;e2e4:20;f2f4:1;f1g2:-5;b2b3:-28;g3g4:-44;f1h3:-52;h2g1:-71
1qbbrrk1/p1p5/2Qb2pp/1p2pp2/8/P1P1PB2/1P1P1PBP/B1B1RRK1 w - - 3 15,opening,c6a8,369,c6a8:369;f3d5:348;e3e4:315;c6d5:304;d2d3:269;f3e2:260;f3d1:250;b2b4:196
rrb3qk/ppb2ppp/2pp1nn1/4p3/2P1P1B1/BP6/P2P1PPP/R2RNNQK b - - 1 7,opening,c8g4,-480,c8g4:-480;f6g4:-449;g6f4:-217;f6e4:-188;c7b6:-94;h7h5:-93;d6d5:-85;b7b5:-82
n1n2nrk/3rqpp1/4p2P/pp1p1P2/nPPP2R1/3Q4/P5KP/NNNR1N2 b - - 2 17,opening,g7g5,-230,g7g5:-230;g7g6:-227;d5c4:-18;g7h6:-14;b5c4:11;e6f5:12;e7f6:14;a4b2:21
3rbr2/pk3p1p/n1p2b2/1p1pp1Q1/1P1Pq3/5BPP/P1P1NP2/1K1RBRN1 b - - 1 17,opening,f6g5,-2,f6g5:-2;e4e2:399;e4c2:414;e4f3:464;e4d3:482;e4g6:484;a6b4:541;d8d6:541
nk1rrq1n/p1pp1ppp/n6n/1p2p3/1P3P2/P1N2N2/2PPP1PP/N1KRRQ1N w - - 0 6,opening,e2e4,210,e2e4:210;f3e5:187;h1f2:174;a1b3:168;f4e5:168;e2e3:164;h1g3:127;g2g4:80
bbbkqbrr/pppp4/7P/P3ppp1/1P5P/6R1/2PPPP2/BBBKQB1R w - - 0 9,opening,h4g5,303,h4g5:303;b1a2:250;c1b2:241;f1g2:227;h1g1:213;e2e4:208;d2d3:195;g3g5:187
2kr1nrq/5Npp/nnpn1p2/pp1p4/PP3PP1/2P5/1K1PP2P/NN2RNRQ b - - 2 12,opening,b6a4,-302,b6a4:-302;d6f7:-265;b6c4:-183;a5b4:225;f8e6:290;f8d7:329;a6b4:341;c8b7:361
kr2brbq/1pp1pp1p/pn1p4/6p1/2P3PB/P4P2/1P1PP1QP/KRNN1Rn1 w - - 0 9,opening,h4g5,-214,h4g5:-214;c4c5:-286;h4f2:-330;h4e1:-336;h4g3:-371;g2g1:-409;d2d3:-410;f1g1:-429
bk2qrbn/1r1p1p1Q/p2np3/1ppN2p1/3P4/1P6/PRPKPB1P/BR5N b - - 3 14,opening,g8h7,-643,g8h7:-643;h8g6:-378;d6c4:-338;f7f6:-289;e6d5:-269;f7f5:-256;c5c4:-233;e6e5:-185
bbrq3B/1ppkpp2/3p2p1/1p3P1p/2n4P/3PPP2/P7/1BRQKNNR b - - 0 12,opening,c4e3,454,c4e3:454;c4b6:489;c4a5:499;c4a3:508;d8h8:526;g6f5:528;b8a7:528;c7c5:543
1qk1r1nn/4p3/p1Np1r2/1p3ppp/1P5P/1P6/Q1PKnPP1/2N1RR1N b - - 3 18,opening,e2c1,-29,e2c1:-29;b8a8:114;b8b6:116;b8b7:125;e2c3:229;b8c7:262;d6d5:554;e2d4:624
2rnrbkb/1q1np1p1/2p2p2/pp1P3p/2R1P3/P4PPB/1P5P/QN1NR1KB b - - 0 15,opening,b5c4,-359,b5c4:-359;b7a7:-302;g7g6:-126;g8h7:-84;g7g5:-71;c6d5:-66;d8f7:-66;f6f5:-54
b1bnq2r/p2pp2k/2p2pnp/3r4/1P1P4/BPP1QPPp/4P3/BR3RKN b - - 2 17,opening,h3h2,-345,h3h2:-345;d5g5:-305;d5h5:-303;d8e6:-303;d5f5:-301;h8g8:-291;a8b7:-288;a7a5:-284
b1qbk1rb/ppbpprpB/2p5/5p2/5P2/2PP4/PP2P1PP/B1QBKRRB w - - 1 5,opening,h7g8,385,h7g8:385;d1b3:354;g2g4:341;e2e3:333;b2b4:330;h7g6:301;g2g3:300;e2e4:300
knrrq1bb/p5pp/2p1p3/4npP1/2Bp4/P1N1PN1P/1PPP1P2/K1RRQ1B1 b - - 1 12,opening,e5f3,-496,e5f3:-496;e5c4:-304;b8d7:-175;g7g6:137;d4c3:174;d8d5:249;h7h6:274;e8e7:284
r1qbbnkn/p1pppppp/1r6/7P/1p6/3P2N1/PPP1PPP1/RRQBB1KN b - - 0 4,opening,f7f6,51,f7f6:51;a7a5:52;c7c5:55;e7e6:56;d7d5:56;h7h6:70;d7d6:74;e7e5:76
rknrnb1q/3pp2p/p5bP/2p2pP1/P1p4Q/3P4/1P2P1P1/RKNRBBN1 w - - 0 10,opening,h4c4,231,h4c4:231;e1a5:202;g1f3:193;d3c4:160;e1c3:149;a1a3:146;g2g3:129;e2e3:121
bqkb1rbb/1pp3pQ/p3rp2/3pp3/P1P5/1P5P/2BPPPP1/B1K1RRBB w - - 0 8,opening,h7h8,279,h7h8:279;c2f5:278;h7h4:145;h7h5:87;h7g6:87;h7d3:28;h7f5:14;h7g8:2
rbk2rnq/ppppp3/2n4p/5pP1/8/2N2N2/bPPPP1PP/RBK1BR1Q w - - 0 7,opening,b1a2,462,b1a2:462;a1a2:408;c3a2:354;f3h4:244;g2g4:227;g5g6:174;h2h4:159;d2d4:143
rr1q1kbb/pp1ppppp/2pn4/8/2n5/2PNP1P1/PP1P1PKP/RRNQ2BB b - - 0 5,opening,e7e5,-65,e7e5:-65;g7g6:-55;f7f5:-40;g7g5:-35;a7a5:-24;d8c7:-12;d8e8:-7;d6e4:-5
knr2rqn/5pN1/4p3/ppp1n2p/Pn1p1PpP/4P1P1/NNPR4/K1R2Q1N b - h3 0 21,opening,e5f3,-264,e5f3:-264;e5c4:-259;d4e3:-246;g8g7:-234;b4a2:-217;e5c6:-189;c5c4:-146;f7f5:-140
2rbbrkn/1qp1pp1p/1p1p4/p1P3p1/1n4BP/3PP1P1/PP3P2/RNQ1BRKN w - - 1 9,opening,g4c8,114,g4c8:114;e3e4:52;c5c6:52;e1b4:39;c1d1:13;f2f4:-11;h4g5:-22;c5d6:-71
2r1kbrb/1bppb1p1/4pp1p/1q6/1P1P1P1P/2B1P1P1/P1PKB3/1QRB1BR1 b - - 4 13,opening,b5b6,200,b5b6:200;b5a4:254;b5c6:297;b5d5:360;b5f5:438;c7c6:520;b5e2:566;b5b4:579
nr1r1qbk/1pppppbp/2n1P3/p3N1p1/P5P1/2P5/1P1P1P1P/NR1RQBBK w - - 1 10,opening,e5d7,200,e5d7:200;e6f7:20;e5c6:9;e5f7:4;f2f4:-83;d2d4:-110;e5c4:-114;e5f3:-136
nrnnk1r1/4q1p1/1p1pp1np/p1p2p2/1P5P/4PP2/P1PPNKP1/NRNN1QR1 b - - 3 11,opening,a5b4,-192,a5b4:-192;e7h4:-109;c5b4:-109;g6h4:-104;g6e5:-92;a8c7:-78;b6b5:-67;e8f7:-65
q1nkrrnn/pp1npppp/8/2pp4/6P1/2N1P2P/PPPP1P2/Q1NKRRNN b - - 0 4,opening,b7b6,25,b7b6:25;c8d6:36;e7e6:46;g8f6:47;h8g6:51;f7f5:54;g7g6:81;b7b5:82
r2rk1bn/1b1p1p1n/p1p1p1p1/1p5p/1P4PP/Q3qP2/P1PPP1N1/1RBRK1BN w - - 6 13,opening,g2e3,733,g2e3:733;a3e3:728;d2e3:712;g1e3:699;h1f2:137;e1f1:32;g1f2:17;g1h2:12
2r1krnq/1pp2n2/1n1pp2p/p3P1p1/4Pn1P/PNP2PP1/1PK1N3/2R3RQ w - - 3 19,opening,g3f4,-159,g3f4:-159;e2d4:-280;e2f4:-320;c1e1:-401;h1h2:-457;g1e1:-475;e5d6:-557;b3d4:-558
1n2nnrr/p1pk1np1/3qp2p/1p1p1p2/3PPPP1/3N1NRP/PPPN4/QNK4R w - - 5 13,opening,g4f5,366,g4f5:366;f3e5:326;e4f5:288;e4e5:288;e4d5:286;d3e5:251;d3c5:231;a2a4:152
rr4qk/1pbp2np/1B3p2/1BPbpnp1/p3PP2/P7/1P2Q1PP/R1R1N2K b - - 1 20,opening,c7b6,-376,c7b6:-376;f5d4:-370;e5f4:-249;b8e8:-227;g5f4:-224;b8f8:-209;b8c8:-184;g7e6:-176
1r1nbknr/p3pp1p/1q1N4/1pp3pb/1P5P/2PPP1P1/P4PK1/BRQ1B2R w - - 1 16,opening,b4c5,-188,b4c5:-188;d6e8:-233;d6e4:-235;d6f5:-254;h4g5:-295;d6b5:-305;e3e4:-324;g2g1:-339
kq1br1nr/2p1ppp1/pp6/5n1p/B1PpPP2/1P1N3b/P2P2PP/KQB1RN1R b - - 0 10,opening,b6b5,385,b6b5:385;h3g2:467;f5h4:479;e8f8:504;b8b7:525;h3g4:574;e7e5:585;g8h6:588
kb1nQ2r/1p2pp2/3P4/pnp2b1p/3N4/PP4P1/2PP3P/KBBN1qR1 b - - 1 20,opening,h8e8,-353,h8e8:-353;b5d4:0;f1g1:0;c5d4:179;f1d1:345;f5d7:379;f1f3:400;f1d3:423
b1bk1b1r/ppb4r/3p1pq1/2pP3p/1Q2p1P1/4P2B/PPPK3P/BBB1R2R b - - 3 15,opening,c5b4,-657,c5b4:-657;h5g4:-528;b7b6:-410;a7a6:-402;b7b5:-381;f8g7:-381;f8e7:-361;c8d7:-347
nbbkr1rq/3pp1p1/p2n2B1/1pp2p2/7P/1PP1P1P1/P2P1PN1/N1BK1RRQ w - - 0 9,opening,f2f3,216,f2f3:216;h4h5:202;a1c2:202;g3g4:190;g2e1:185;g6e8:185;h1h3:183;c1a3:183
2kr1nrb/b2pppp1/pppn3p/6P1/8/P2PP1NP/QPP1R1R1/1BKN2q1 b - - 2 12,opening,g1g2,76,g1g2:76;g1d1:249;g1e3:322;f8h7:381;f8e6:389;b6b5:394;g7g6:394;h6g5:395
2r2k1r/b1p4p/2P3Pn/pp1p1p2/3p3b/1P1N1P2/P1BPP1K1/R2B2NR b - - 0 20,opening,h8g8,414,h8g8:414;h4f6:432;f8g7:439;h4e7:445;h7g6:447;a7b6:457;h4g5:467;c8e8:478
rk2r2b/3q2pp/1p2pQ2/p2p2b1/1b3PP1/1P2P2B/PK3B2/R2B3R w - - 1 23,midgame,f6e5,-424,f6e5:-424;f6d4:-502;a1c1:-608;f6g6:-611;f6g5:-628;f4g5:-653;f6f5:-654;e3e4:-655
bqr1kbrb/pp2p1pp/Bb6/2pp4/4p3/2P4P/PP1P1PP1/BQRBK1RB b - - 0 6,opening,b7a6,-415,b7a6:-415;e7e6:-208;c5c4:-208;e8d8:-208;g7g6:-195;e8f7:-189;b8d6:-179;b8h2:-158
rnnqk2r/pp1pp1pp/5nn1/2p2p2/P7/3N2N1/1PPPPPPP/RN1QK1NR w - - 2 5,opening,g3f5,52,g3f5:52;d3c5:45;h2h4:-15;e2e4:-22;e2e3:-50;g1f3:-53;b1a3:-65;g1h3:-81
2N1rrnn/p2k4/4pPp1/1pp5/qn1P3p/1NN5/PPPN1PRP/Q2K1R2 b - - 2 22,opening,e8c8,616,e8c8:616;d7c8:643;g8f6:650;h4h3:655;c5c4:671;c5d4:672;f8f6:683;d7c7:684
nq1r3n/p1k5/4br2/Npp1pppp/1PPP1P1P/P2P1RB1/1K5B/1Q1R3N b - - 0 19,opening,c5b4,420,c5b4:420;a8b6:450;g5h4:462;b5c4:463;g5g4:468;d8d4:475;c7c8:476;h8g6:480
rn3rq1/pk3pp1/n1p1p1np/1p6/NP3P1N/P1P1P1PP/4KQ2/RNnR3N w - - 0 20,opening,d1c1,161,d1c1:161;e2f1:-204;e2e1:-265;e2f3:-289;e2d2:-393
qnnk3r/ppppp1r1/3n2n1/4Nppp/1P1PP3/P2N4/2P2PPP/QN1K1NRR b - - 1 7,opening,f5e4,-137,f5e4:-137;d6e4:-50;b7b5:5;g6f4:65;c8b6:72;b7b6:100;e7e6:104;h5h4:121
1b1q2br/rppk1pp1/1n6/N2Np2p/pP2n1PB/P1P1K3/2QPP2P/RBR5 w - - 0 20,opening,d5b6,476,d5b6:476;c2d3:370;h4d8:312;c2e4:129;c3c4:-98;b1a2:-175;c2a4:-178;c2a2:-233
4rq1r/k3bppQ/2b1N1n1/ppPp3N/4p3/P1PPP3/3n1PPP/B1KB1RR1 w - - 3 19,opening,e6f8,254,e6f8:254;h7g6:206;c1d2:117;h7g7:27;d3d4:-99;h5g7:-165;h5f4:-177;a1b2:-182
bq1brbbB/1p1kp2r/2p3p1/p2p1p1B/P1P1P3/1P1B4/3P1PPP/1Q1KR1BR b - - 3 10,opening,h7h5,-305,h7h5:-305;h7h8:-181;g6h5:-158;f5e4:-71;d5e4:-62;b8f4:-30;d5c4:-12;g8f7:13
1qn2rrk/p1p1pppp/1p1pN3/3b4/bP3nNP/8/PBPPPPP1/3QBRRK b - - 3 11,opening,d5e6,-235,d5e6:-235;f4e6:-235;f7e6:-227;a4c2:-174;d5g2:-115;f4g2:-111;f4e2:100;f4d3:107
3rk1bn/q1r1pp2/b1p5/pN1n3p/3P1p1P/B3B1P1/PPP2N2/RQ1RK3 b - - 0 19,opening,c6b5,-489,c6b5:-489;a6b5:-346;a7b8:-101;a7b7:-90;a7b6:-89;f4e3:100;a7a8:117;d5e3:166
nkr1qbnr/pp1pp1p1/1bp2p1p/8/3PPP2/8/PPP3PP/NKRBQBNR b - - 0 5,opening,e7e5,-31,e7e5:-31;b6d4:-31;g7g5:-2;c8d8:30;a8c7:48;e7e6:52;h6h5:53;a7a6:60
nkrb1br1/ppppp1pp/q6Q/5p2/2P2P2/1N6/PP1PPn1P/1KRB1BNR w - - 4 13,opening,h6h7,124,h6h7:124;h6a6:-45;h6h4:-62;b3c5:-151;h6h5:-160;h6g5:-200;h6h3:-457;g1h3:-531
bkbrb1rb/2ppp1pp/5p2/p7/8/1P1q2P1/P1PBPP1P/BKBR1QRB b - - 1 6,opening,d3a6,44,d3a6:44;d3b5:82;d3f5:132;d3d6:169;d3g6:193;a8g2:487;d3c2:562;d3d2:603
rqb2rnb/pp1k1ppp/4p3/2pp4/3P4/2P1NN2/PP1P1PPP/RQB1K1RB b - - 3 8,opening,c5d4,416,c5d4:416;g8e7:417;f7f5:417;b7b6:418;g7g5:420;g7g6:426;b7b5:435;b8c7:435
bqb1kb2/pp1p2rr/1bp2p1p/4P1p1/7P/P5P1/QPPPPR2/B1BBKB1R b - - 0 9,opening,b6f2,-207,b6f2:-207;g5g4:168;f8d6:178;b6c7:186;f6e5:189;g5h4:201;b8e5:207;b6d4:213
bq1k2r1/1ppp1pb1/5bBp/1Bb1r1Q1/p7/P1P3P1/BP2PP1P/B3KRR1 w - - 0 15,opening,g5d2,-99,g5d2:-99;g5c1:-108;g5g4:-115;g5f4:-142;g5f5:-393;g5h5:-398;g5e5:-408;g5h4:-461
qbkr2rn/2pp1Bpp/1p1b4/4pn2/p2P4/2P1P3/PP3PPP/QBKRN1RN b - - 4 8,opening,h8f7,42,h8f7:42;g8f8:46;f5d4:108;f5e3:125;a4a3:174;f5g3:207;e5e4:238;g7g6:256
k1rb1nrb/pp1ppppp/2pn4/8/1NP1P1P1/1B1P4/PQ5N/K1R3RB b - - 2 10,opening,f8g6,427,f8g6:427;f8e6:436;d8b6:449;c6c5:450;a7a5:462;g7g5:473;d6e4:481;d8a5:481
rk2rbn1/3b2p1/P3p1qp/1p1p1pP1/3PPP2/1pB4P/P7/RKN1RBNQ b - - 1 21,opening,b3b2,185,b3b2:185;f5e4:196;e6e5:210;e8c8:213;d5e4:237;b3a2:237;b5b4:238;a8a6:264
rkb2b1b/2p1p1p1/1p1rR3/p2B1p1p/q1BP2PP/4P3/PPP2P2/RKB1Q1B1 w - - 2 16,opening,e6d6,512,e6d6:512;c4b3:494;g4f5:488;b2b3:466;a2a3:441;g4h5:435;g1h2:435;e1e2:432
1krn2br/p1pp1p2/5bpp/8/1n1Pp1P1/Pq2P3/1P2BPNP/QK1R2BR b - d3 0 17,opening,b3c2,-99999,b3c2:-99999;e4d3:-584;b4d5:-420;b4d3:-405;c7c5:-400;b4c6:-349;b4a6:-312;b4c2:-190
kb1brbrb/ppp1pppp/4q3/3p4/P5P1/7B/1PPPPP1P/KBQBR1RB w - - 3 4,opening,h3g2,254,h3g2:254;c2c3:224;e2e4:224;c2c4:211;b1a2:204;a1a2:158;f2f4:155;e2e3:150
rqbnkrn1/ppp1p2p/5bp1/3p1p2/2PPP1P1/5N2/PP3P1P/RQBNKR1B w - - 0 7,opening,e4f5,130,e4f5:130;g4f5:103;c4d5:25;e4d5:-28;g4g5:-44;f3g5:-118;d1c3:-163;h2h4:-194
kqrbbbrb/p2ppp1p/6p1/1pp5/P1P4P/5P2/1P1PP1P1/KQRBBBRB b - - 0 4,opening,b8h2,-152,b8h2:-152;b5a4:-151;f8g7:-151;d7d5:-136;b5c4:-114;e7e6:-101;b8b6:-87;a7a6:-43
bbbkq1rr/pppp4/B3pb2/3P3p/4P2p/2P3p1/PP3P1R/BBBKQ1R1 w - - 2 12,opening,f2g3,-314,f2g3:-314;h2h4:-334;h2g2:-352;h2h1:-356;h2h3:-364;a6c4:-420;g1h1:-450;e4e5:-464
bn1b1nrr/ppkpp1pp/2p5/5p1q/1P3P1Q/2P1P3/P2P2PP/BNKB1NRR b - - 0 5,opening,h5h4,-533,h5h4:-533;h5f7:38;h5e8:96;h5g6:127;h5h6:353;h5d1:561;h5g4:606;g7g6:607
krbb1r1q/1ppp1ppp/p3pnn1/8/1P1P3P/PR6/2P1PPP1/K1BBNRQN w - - 1 6,opening,g2g4,-15,g2g4:-15;h4h5:-28;h1g3:-47;f2f3:-47;f2f4:-51;e1f3:-56;c2c4:-56;e1d3:-66
2rb1k2/1bp1pq1p/2B2p2/p2p1P2/1b4pP/2B1PBP1/2P2K2/1bBRQ3 w - - 3 20,opening,c6b7,328,c6b7:328;f3d5:314;c6d5:268;c6d7:-31;c6a4:-121;c3b4:-171;f3g4:-261;e3e4:-262
k1nbr1rb/1p2p1pp/pnp2p2/N2p4/PP3P1q/3P4/2P1PQP1/1KNBR1RB w - - 2 11,opening,f2h4,421,f2h4:421;g2g3:105;f2f3:-92;f2e3:-162;f2f1:-166;f2d4:-190;g1f1:-212;f2c5:-224
4qbbk/3p1pp1/r1rb3p/pP2p1b1/1Pp1P3/2PB4/2BP1PPP/1RRQ2BK b - - 0 13,opening,c4d3,-60,c4d3:-60;a6a8:-60;a5b4:-8;a6a7:63;f7f5:71;a6b6:94;d6b4:135;f7f6:146
b1rqk1nr/2ppp2p/1p1P1p1b/p7/3N2p1/N5P1/PPnQPP1P/BR2KB1R w - - 0 12,opening,d2c2,-89,d2c2:-89;a3c2:-549;e1d1:-602;d4c2:-606
nnrbrkqb/1Qpp1p1p/4p3/p5p1/8/1N1P1P2/PPP1P1PP/1NRBRK1B b - - 1 5,opening,a8b6,-189,a8b6:-189;a5a4:-18;d8e7:-15;h8b2:-6;d8f6:36;g8g6:123;g5g4:128;g8g7:147
b3knnr/1prpp1pp/p1p2p2/4P3/1q3N2/5P1P/PPRP2P1/BB2QKNR b - - 5 11,opening,b4f4,115,b4f4:115;b4b5:351;b4d4:431;b7b6:433;d7d6:450;f6e5:455;a6a5:469;e7e6:496
nqnrk1r1/1ppp2p1/p3n1np/4pp2/8/2KPP2P/PPPN1PP1/NQNR2RN w - - 3 7,opening,a2a3,-137,a2a3:-137;h1g3:-140;b2b4:-148;c3b3:-157;c1e2:-158;b2b3:-159;g2g3:-164;d1e1:-169
1n2bnk1/2qr4/pp1pp1rp/2p2Pp1/P3N3/4P1NP/1PPP1K2/B1QRB2R w - - 1 15,opening,f5g6,508,f5g6:508;b2b4:288;h1f1:262;e4d6:255;d2d4:233;b2b3:232;f2g1:225;e4c5:216
bbr1brkb/pp1p1ppp/2p1p3/4q3/P4P1P/2P5/1P1P1RP1/BBRQB1KB b - - 0 7,opening,e5f6,-12,e5f6:-12;e5c7:3;e5d6:19;e5c5:61;e5a5:65;e5d5:143;e5f4:382;e5e1:467
1brr1knb/2ppppp1/p1q2n1p/1p6/PP4P1/2Q1P2N/2PP1P1P/1BRRN1KB w - - 1 8,opening,h1c6,566,h1c6:566;c3c6:247;c3d4:95;g4g5:50;c3c5:17;c3b3:-15;c3a1:-19;a4b5:-25
5nrn/p1ppnNp1/1p4k1/n5Np/3Pqp2/1P2P1P1/2P1KP1P/1Q1R1NRN b - - 4 21,opening,f4f3,561,f4f3:561;e4f5:562;e4d5:619;e4b7:661;e4a8:692;e4c6:734;h8f7:766;f8e6:778
1bbrknnr/1q6/4p1pp/pppp1p2/3P3P/2P3N1/PP2PPP1/QBBRK1NR w - - 0 14,opening,d4c5,-20,d4c5:-20;g1f3:-21;b2b3:-55;a2a4:-59;g1h3:-66;b1c2:-71;h4h5:-88;b1d3:-100
2kbrr1b/p1pp2p1/n4q2/1N1npp1p/P6P/4PPP1/1PPPR3/1QKBRN1B w - - 1 18,opening,c2c3,151,c2c3:151;b5a7:146;e3e4:140;d2d4:119;b5a3:89;e2h2:65;a4a5:35;f3f4:32
kb1n1r2/2p4p/5prn/ppBpp1pP/5PQ1/PP1Pq1N1/2P1P1P1/KB2R2R w - - 0 22,opening,c5e3,309,c5e3:309;h5g6:110;g4d7:91;g4c8:48;b3b4:20;g4h3:-41;g4e6:-56;g4f3:-66
rb5r/1pp3qk/8/3pp3/B4ppP/RP2P3/2PP1Pb1/2BRBBK1 w - - 0 18,midgame,f1g2,-416,f1g2:-416;g1g2:-432;a4d7:-444;a4b5:-455;e3f4:-470;c1b2:-499;a4c6:-500;f1d3:-512
qr1rN1n1/bp2p3/3k1p2/pP1p3p/3b3P/2PB1N1K/BP1PPP2/Q1R4R b - - 2 21,opening,d8e8,552,d8e8:552;d6d7:595;d6e6:758;d6c5:883
q1kn2nr/p1p5/1pn4P/1N1pR2n/5RP1/1PN5/P1P1p3/Q1K1N1N1 b - - 3 22,midgame,h5f4,251,h5f4:251;c6e5:379;h5f6:508;a7a6:526;d5d4:551;g8f6:564;h5g3:569;g8h6:578
b1q1n2r/pN3prk/4n3/2pp3p/bPPP1Bp1/1Q4PP/P3PP2/BN1R1RK1 b - - 1 17,opening,a4b3,-639,a4b3:-639;e6f4:-260;g4h3:-244;c5b4:-233;h5h4:-212;a8b7:-211;c8b7:-202;g7g6:-143
r1r3qk/b1p2pbb/1p1b4/p2Pp1pp/4PP1B/1PRB4/P2P2PP/1B2RBQK w - - 0 19,opening,f4g5,213,f4g5:213;h4f2:192;d3b5:-71;h4g3:-73;d3a6:-88;c3c6:-99;g1f2:-162;g1e3:-181
1n2kb1r/2rp1p1p/p2q4/1p1b2p1/1Pp2PPP/2P5/P2PP2N/1NRQKB1R w - - 2 12,opening,e2e4,-221,e2e4:-221;h2f3:-222;h1g1:-326;e2e3:-435;h4g5:-471;e1f2:-480;f1g2:-490;f1h3:-500
1nnkrqnn/r2pp1pp/2p5/pp3p2/3P4/1N2P3/PPPK1PPP/RN2RQNN b - - 1 6,opening,a5a4,-187,a5a4:-187;c8b6:-95;e7e5:-52;h8g6:-36;h8f7:-25;g8f6:14;b5b4:18;e7e6:35
nb1rqrnk/pppbpppp/8/3p1P2/P3P2P/8/1PPP1RP1/NBBRQ1NK b - - 2 6,opening,d5e4,-202,d5e4:-202;c7c5:-178;d7c8:-105;b7b6:-102;e7e6:-92;f7f6:-91;d7a4:-91;e7e5:-61
1n1n3r/1k1pprp1/1pp2n2/1p3p1p/3Pn3/qPN1P2P/P1PN1PP1/QKR3NR b - - 2 16,opening,e4d2,-99999,e4d2:-99999;e4f2:-543;a3a5:-479;f7f8:-467;d7d5:-462;e4c3:-455;b5b4:-448;b8a6:-430
rnbkqb1r/p2ppp2/7p/1p3Pp1/1np1P3/1P4NP/P1PP1QP1/R1BK1BNR w - - 0 12,opening,c1b2,309,c1b2:309;b3c4:303;a1b1:283;g1f3:283;a2a3:269;f2e3:240;c2c3:224;c1a3:224
n2k1r2/pppppq2/nn2np1r/6pp/5P2/3PP3/PPPK1RPP/NNN1N1QR w - - 1 11,opening,f4g5,28,f4g5:28;f4f5:23;c1e2:1;a1b3:0;g2g3:-3;b1c3:-3;a2a3:-15;f2f1:-36
q1k1nrn1/1n2r3/p2p1p2/1pp1p3/3P2PN/NPN2R2/P1P1P1PP/1QK1N2R b - - 0 20,opening,e5e4,426,e5e4:426;e7h7:429;e7d7:435;e8c7:438;e7g7:439;c5d4:442;e5d4:454;f8f7:467
2b2r1k/1p3p2/1qr2n2/p2p2p1/2pBPP1p/PPP3PP/5N2/NB1RR1K1 b - - 0 22,opening,h4g3,-38,h4g3:-38;b6c7:0;b6d8:31;b6a6:120;g5f4:141;b6b5:171;c4b3:181;d5e4:185
bbqbrbrk/1ppp2p1/p4p1p/4p3/2B1P2P/2P2P2/PP1P2P1/BBQBR1RK w - - 0 6,opening,c4g8,226,c4g8:226;d1b3:225;b2b4:186;g2g4:180;d2d4:173;b2b3:163;c4f7:159;d1c2:159
rbrb1qbk/2p1pp1p/6B1/ppbp4/8/PPP2P1P/2RPPBPK/R2BQB2 b - - 0 9,opening,c5f2,-398,c5f2:-398;c7c6:-375;c5d6:-305;c5a7:-192;c5b6:-186;e7e6:-77;c5a3:-39;f7g6:-36
1b2krr1/pqpp1p1p/1p2pBn1/2P3p1/6PP/1PQ5/PKb2PN1/1B4RN w - - 3 15,opening,b1c2,182,b1c2:182;c3c2:103;c5c6:92;b2c2:25;h4h5:-149;h4g5:-171;h1g3:-207;f2f3:-255
bq4b1/2kr1pbp/1p1p4/p1bpp1p1/P7/2P1P1PP/1P3P2/BKRRQ1BB b - - 0 14,opening,f7f5,-125,f7f5:-125;a8c6:-125;b6b5:-119;c7d8:-110;h7h5:-106;h7h6:-93;b8a7:-81;f7f6:-66
2rb1nk1/rq2p1pp/p1Q2pn1/1pPp1P2/2PP3P/P3B1N1/R1b1P1P1/1R1B1N1K b - - 0 21,opening,b7c6,-382,b7c6:-382;c8c6:-291;c2b1:-204;b7b8:207;c2d1:224;b5c4:441;c2f5:466;c2b3:529
b4r2/Np2p1k1/1n1BPrbp/2p2nP1/2q5/1P1P1Rp1/2P3KP/B1QN3R w - - 3 23,opening,g5f6,617,g5f6:617;d3c4:563;b3c4:556;a1f6:503;g5h6:366;f3f5:332;h2g3:314;d6e7:296
1nn1nrkq/n2rpp1p/pp2P3/N1pp2p1/8/P1P2NP1/1P1P1P1P/1NNR1RKQ w - - 0 12,opening,e6d7,437,e6d7:437;a5c6:169;a5b3:78;f3g5:77;a5c4:37;d1e1:25;f3e5:4;e6f7:-34
rbrb1bbk/1pp3p1/p4pPp/3p4/q3p2P/P1PP4/RP2PP2/1BRBQBBK b - - 0 8,opening,a4d7,-69,a4d7:-69;a4c6:-57;a4e8:-39;a4b5:92;a4a5:160;f6f5:403;a4d1:446;b7b5:453
3rkbbr/qpn1ppp1/7p/p1p5/7P/2PPQ3/PP1RPPPB/3NKB1R w - - 0 16,opening,h2c7,494,h2c7:494;d3d4:288;e3f3:277;b2b4:274;g2g4:250;h4h5:246;e3g3:246;a2a3:237
nqr1kbb1/3pppB1/6pr/ppp4p/1PP1Qn2/4PPP1/P2P3P/N1RNKB1R b - - 0 9,opening,f8g7,-202,f8g7:-202;f4g2:-98;f4d3:52;d7d5:110;f7f5:116;h6h7:152;f4e6:184;a5b4:259
2n1qb2/kpp1p2B/n6p/p5p1/2P5/1Pb3P1/PN1rPPRP/1K1RQB2 b - - 1 15,opening,d2b2,-653,d2b2:-653;d2d3:-213;d2c2:-203;d2d1:-80;e8d8:-67;e8d7:-56;e8f7:133;f8g7:183
qbrrnk1b/p1pppppp/8/1p2P3/6n1/P7/1PPP1PPP/QBRRNKNB w - - 0 4,opening,c2c3,-115,c2c3:-115;g1f3:-132;e1f3:-145;g1h3:-175;g1e2:-201;c2c4:-211;f2f4:-274;d2d3:-274
nn1rqr1k/p2pn3/1p2np2/P1p1p1pp/3P4/5PP1/1PP1P2P/NNNRQNRK w - - 0 12,opening,d4d5,72,d4d5:72;a5b6:-81;d4e5:-96;d4c5:-103;c2c3:-182;a1b3:-193;e2e3:-201;b2b4:-202
bbqbkrrb/p1pp1pB1/1p2p2p/8/5P2/1P6/P1PPP1PP/1BQBKRRB b - - 0 4,opening,h8g7,-237,h8g7:-237;g8g7:-215;d8h4:-65;a8g2:0;d8f6:132;c7c5:148;e6e5:155;c7c6:212
qk1bn2r/2p1Np1r/pp3n2/1B5p/1PN2R2/P2p2P1/K2Pp2P/Q1B4R w - - 2 21,opening,b5c6,338,b5c6:338;e7c6:288;c4a5:-68;c4e5:-218;c4b6:-239;f4f6:-239;b5a4:-273;c1b2:-273
k1rr2qn/p2pp2n/n1p2Np1/1p3p1p/NP1P3P/4N1Nn/P1P1P1P1/KRR3Q1 w - - 4 16,opening,f6g8,92,f6g8:92;a4b6:-212;g2h3:-256;c2c4:-264;a4c5:-270;g1e1:-278;g1f1:-311;c1f1:-313
k1r3qr/p1b2bpp/bpp5/3ppp2/1P2P3/2B4P/1KPP1PP1/1B1RB1QR w - - 2 12,opening,e4d5,-274,e4d5:-274;d2d4:-348;b4b5:-381;d2d3:-425;b2c1:-437;f2f4:-441;g2g4:-441;e4f5:-450
n1qrnnkr/1p3p2/n1ppp1p1/7p/pP5P/P3NR2/N1PPPPP1/N1QRN2K w - - 2 12,opening,d2d4,20,d2d4:20;c2c4:18;c1b2:-47;e3f1:-68;h1g1:-80;f3h3:-97;d2d3:-100;f3g3:-103
3r1nrk/2p1nQ2/5p2/np1pp2p/pP5P/2PR4/P1nPPP2/NNR4K w - - 3 22,opening,f7f6,540,f7f6:540;f7e7:537;a1c2:535;b4a5:526;d3g3:465;c1g1:456;f7h5:455;c1c2:395
bbqbrbrk/pppp1pp1/8/1P6/3PB1Pp/8/P1P1PP1P/BBQBR1RK w - - 0 7,opening,c1f4,398,c1f4:398;d4d5:346;e4d5:327;c2c4:301;g4g5:279;e2e3:259;e1f1:252;e4f3:239
q1rr1b1b/1pp1pn1k/2Bp3p/5pp1/pP2P3/N2P3P/P1P2PPK/Q1RNR2B w - - 1 14,opening,c2c3,197,c2c3:197;a1b1:190;d3d4:184;c6b7:79;e4e5:-32;d1b2:-67;d1c3:-199;c6d5:-270
r1bbrkqb/p2pppp1/6B1/1pp5/P7/4P2P/1PPP1PQ1/BRB1RK1B b - - 1 6,opening,a8b8,326,a8b8:326;d7d5:367;f7g6:398;d8a5:428;e7e6:442;d7d6:451;b5a4:453;b5b4:454
rk1n3n/1pppr2q/pn3pnp/3Np1p1/PPP4P/2KP1PP1/4P2Q/R1NN2RN b - - 0 16,opening,b6d5,27,b6d5:27;d8c6:98;f6f5:100;a6a5:107;h7g7:124;g5h4:137;h7f7:137;e7e6:140
1qkrbrb1/1ppp1p1p/1n2p1n1/p3P3/2P2R2/8/PP1P2PP/NKQRB1BN b - - 0 9,opening,g6f4,-268,g6f4:-268;f7f6:-117;d7d5:-107;d7d6:-85;g6e5:-82;f7f5:-74;b8a7:-63;h7h5:-32
qbbbrkbr/3pp2p/5p2/ppp3p1/B1P1B3/4P3/PP1P1PPP/Q1B1RKBR b - - 1 6,opening,a8e4,-604,a8e4:-604;g8c4:-596;c8b7:-493;d7d5:-411;a8a6:-170;a8a7:-88;b5a4:38;c8a6:81
k1rn1r1b/1pQ1p1p1/n7/1b3p2/1N4Pp/PP1PN2P/K2Rq3/R5BB b - - 1 21,opening,e2d2,-618,e2d2:-618;a6b4:0;c8c7:0;a6c7:89;d8c6:332;b5d7:415;c8b8:419;e2h2:477
k5rr/bpp2N2/n1N1p2p/3p2p1/b1PP1q2/5RB1/PP2P1PP/K2Q4 w - - 0 22,opening,b2b3,-114,b2b3:-114;d1e1:-269;d1b1:-311;d1g1:-335;d1f1:-349;d1h1:-379;g3f4:-408;f3f4:-467
1b3b1r/p2kpp2/1p1p2r1/1Ppq3p/8/1B1P4/1PK1QP1P/B3BB1R w - - 6 21,midgame,b3d5,736,b3d5:736;f1h3:677;e2e7:238;h1g1:177;f2f3:127;e2e4:44;e2g4:8;e1c3:-75
k1rq2n1/bb2pr2/1pQ2pnp/3P4/1p4PP/8/PKPBP1P1/1B1R1RNN b - - 0 16,opening,b7c6,-446,b7c6:-446;c8c6:-356;b6b5:-103;f7g7:-59;g6e5:-58;g6f4:-56;e7e6:-43;g6h4:-16
br1nbknr/p3pppp/2pp4/1p5q/2P4P/3P4/PP2PPPR/BRQNBKN1 w - - 1 6,opening,b2b4,114,b2b4:114;f2f3:96;d1e3:74;b2b3:73;g1h3:64;c4b5:53;g2g3:39;h2h1:38
b3qbr1/1p2p2r/2k2B1Q/1p1p3R/p1P5/3P1PPb/P3P1P1/1B2KBR1 b - - 0 16,opening,h7h6,-536,h7h6:-536;f8h6:-493;e8h5:-207;h3f5:-84;b5c4:92;h7f7:220;g8g5:270;h7h8:293
k2qrr2/npp1pppp/3p3R/pN1n4/1Q3PPn/P3P3/1PP5/K1N1nNN1 w - - 1 18,opening,b4a5,-125,b4a5:-125;b4e1:-444;b4d2:-592;b4a4:-611;b4b3:-647;b4e4:-657;b4c4:-674;b5c7:-797
1k1b1rrQ/2p1p3/pp1p2p1/3b1pp1/PP1PP3/5qN1/1B4RP/1KN1R3 b - - 1 19,opening,g8h8,-712,g8h8:-712;d5e4:-606;f3g2:-589;f5e4:-517;d5a2:-514;d5b7:-511;d5c4:-503;f3e4:-493
1nr2n1k/pp4p1/Pnrpq2p/2p1pN1P/1P1PPP2/N1P5/5P1K/NR1R1Q1N w - - 1 23,opening,d4d5,486,d4d5:486;a6b7:481;b4c5:472;f1g2:445;b4b5:432;f4e5:419;d4e5:412;d4c5:408
qb1r1k1b/1p1pppp1/5n1p/p7/Pr1p4/1N2nP1P/1PP1P1B1/QBRRK1N1 b - - 4 12,opening,b8g3,-783,b8g3:-783;a8a7:-756;b4b3:-706;b8e5:-704;g7g5:-701;b8a7:-699;g7g6:-697;d7d5:-675
q2rnr1k/1pbp1p1b/6p1/p1p5/PPQ1BPP1/4P1N1/3PN1KP/3RR1B1 b - - 0 19,opening,a5b4,422,a5b4:422;e8d6:433;d7d5:449;f7f5:461;f7f6:488;d7d6:489;h7g8:494;e8g7:495
rkn4n/pppq2p1/R1np4/5p2/1P1nr1p1/R1P4N/5P1P/2KN2QN b - - 1 21,opening,d4e2,-860,d4e2:-860;c6b4:-752;b7a6:-751;d4b5:-742;h8f7:-730;h8g6:-726;d4f3:-717;c8b6:-688
b1kbrbbr/pp2pp1p/2p5/3p2p1/4P3/5Pq1/PPPPRBPP/BQKB1B1R w - - 2 6,opening,f2g3,656,f2g3:656;h2g3:642;b2b4:332;b2b3:308;e4d5:294;e4e5:289;f3f4:285;f2d4:280
k2n2q1/Pp2rpp1/3pp1np/8/P3r3/1nNPNPP1/1KP2N1P/2R1RN2 b - - 6 19,opening,e4e3,-403,e4e3:-403;b3c1:-318;e4a4:-303;e4f4:-243;d8c6:-222;g6e5:-214;e4e5:-214;e4d4:-208
qrkbrnnb/1pppppp1/1Q6/p6p/PP3P2/4N3/2PPP1PP/R1KBR1NB b - - 1 7,opening,c7b6,-584,c7b6:-584;g7g6:-340;g7g5:-305;e7e5:-151;e7e6:-124;c7c6:-122;f8e6:-103;f7f5:-54
3qbkrB/1prp1p2/p1pn4/P1b1p1pp/4N2P/3PP1N1/1PP2PP1/QB1R1KR1 w - - 0 16,opening,h8f6,593,h8f6:593;h8e5:496;b2b4:479;d3d4:451;e4c5:444;b2b3:433;h4g5:394;e4d6:392
rbqr2kb/1ppppppp/8/p1n5/P1N2n2/2N5/BPPPP1PP/R1Q1R1KB w - - 2 7,opening,d2d4,-13,d2d4:-13;e2e3:-46;c4e5:-48;e1f1:-111;g2g3:-138;e2e4:-159;c4e3:-160;c4a3:-161
1nrrq1bb/p2ppppp/1k6/1pp5/6n1/1P1P1Q1P/P1P1PPP1/KNR1RNBB b - - 5 9,opening,g4e5,-32,g4e5:-32;g7g6:-28;g7g5:72;g4h6:112;g4f6:131;a7a5:228;b8c6:228;d7d5:232
nnrbrkqb/2pp1ppp/p3p3/1p6/P6P/4PB2/1PPP1PP1/NNR1RKQB w - - 0 5,opening,f3b7,194,f3b7:194;f3a8:181;a4b5:111;g2g4:59;d2d4:56;g1h2:50;g2g3:49;c2c3:33
nn2n1qr/p3prp1/3nk3/1Npp1p1p/NPN1P2P/8/P1PPKPP1/4NRQR b - - 3 13,opening,d5c4,150,d5c4:150;d6b5:151;d6c4:171;e6f6:198;d6e4:215;d5e4:224;e6d7:248;c5b4:252
3n3r/1prnknq1/p2npp2/2p1p2p/3P1Pp1/PN2P1NP/1PPK1RP1/R5NQ b - - 5 21,opening,h5h4,-662,h5h4:-662;c5c4:-635;e5d4:-622;c5d4:-620;g4h3:-610;e5e4:-604;b7b6:-592;e7e8:-567
bq1b2r1/1p2p1b1/p2k4/2ppr3/P3B1Pp/1K1P3R/1PP2P2/BQB2BR1 b - - 0 19,opening,d5e4,204,d5e4:204;b7b5:221;d8c7:272;g8f8:280;d6d7:284;e7e6:291;c5c4:306;d8b6:313
bb1br1r1/p3p3/Bp1p3k/2p1bpPP/3PQ3/P1P5/1P1R1P2/BB2qBRK b - - 0 18,opening,g8g5,-373,g8g5:-373;h6h7:105;h6g7:120;h6h5:225
1b1r2rq/ppp1p3/3k1pp1/6p1/n1P1pP2/1N2B3/PP2PR1P/1B1KN1R1 w - - 5 17,opening,b1e4,-325,b1e4:-325;c4c5:-378;e3d4:-406;d1c1:-406;f4f5:-462;d1c2:-488;e1c2:-489;b3d4:-494
qnk1n2r/p1p1p1rp/1p2n3/3P4/1P2p1p1/1NnP1NP1/P1NK1P1P/2Q2NRR b - - 0 14,opening,c3d5,-296,c3d5:-296;c3a2:-260;a8d5:-225;e4d3:-219;c3e2:-194;e4f3:-137;g4f3:-115;c3b5:-86
1qr2r1b/3p2pp/4B1k1/ppb2pb1/1P3P2/4Pb2/PQPP1KPP/2RBR2B b - - 0 16,opening,f3d1,-203,f3d1:-203;g5h4:-175;b8f4:-174;a5b4:-169;d7e6:-169;g5f6:-124;c5b4:-91;f3c6:-87
b2rknBn/pqbp4/4pp2/1pp3p1/5P2/2P1N1PP/PP1PP1R1/B1QRK2N b - - 0 8,opening,g5f4,172,g5f4:172;h8g6:251;b7b6:267;f8g6:268;f6f5:268;b7b8:269;b7a6:296;c5c4:298
qbr4b/2ppk3/p2n4/Pp2Prp1/1PP1pPPP/3P4/Q2K4/1BRRN3 b - - 0 22,opening,f5f4,-336,f5f4:-336;e4e3:-216;f5f8:-162;h8e5:-145;f5f7:-94;d6c4:-92;f5e5:38;g5f4:66
b1br3r/1kp1p1b1/p4p2/Ppbp1P2/1P2P1pP/1K6/3PB1B1/B2RR1Q1 w - - 0 19,opening,g1c5,578,g1c5:578;b4c5:527;d2d4:456;g1f1:450;g1h1:371;g1h2:363;a1d4:354;a1f6:124
1qn5/pp1k1prp/2pr4/2nppPpP/P1nP4/3NPPN1/1P6/3QRKRN w - - 1 21,opening,d4c5,563,d4c5:563;d3c5:524;d3e5:372;h5h6:299;d3f2:266;b2b3:257;f5f6:253;h1f2:214
k1rbrn1q/1ppnppbp/p2p4/5Pp1/P5PP/3PN3/1PP1P1B1/KNRBR1Q1 b - - 0 8,opening,g7b2,-428,g7b2:-428;c7c6:-132;g5h4:-127;e7e6:-82;d6d5:-76;h7h5:-72;c8b8:-64;g7f6:-63
b3r3/3kpppp/Qqrb4/2p3P1/p2P1Pn1/P1P5/BP5P/B1R1KNNR w - - 0 19,opening,a6e2,211,a6e2:211;a6d3:184;a6a4:152;a6b6:39;a6c4:-91;a2e6:-237;a6a8:-383;a2c4:-448
nnrbrq1k/N3pp2/8/3pb1Pp/P3P1PP/2P2B2/3P1Q2/N1R1R1KB w - - 4 17,opening,a7c8,433,a7c8:433;a4a5:359;d2d4:356;c1b1:334;a7b5:278;e4d5:246;e1e3:202;g4h5:190
2br2rb/k1pp1b1p/ppb2pp1/2q1p3/4P1P1/PP4R1/1BPPQP1P/1KBRB3 w - - 6 13,opening,d2d4,-264,d2d4:-264;a3a4:-271;g3h3:-282;d2d3:-296;f2f3:-308;f2f4:-315;h2h4:-321;h2h3:-328
nbqk1r1r/p2ppn2/2p2ppp/4PB2/K1p5/4NPPP/PP1P2R1/B3QR1N w - - 7 16,opening,e3c4,-238,e3c4:-238;a4b4:-264;e5f6:-277;f5g6:-313;d2d4:-315;f3f4:-319;e1e2:-340;d2d3:-341
kqrbb1rb/p3p2p/2pQ4/4b1p1/2P1BpP1/KP6/PR1PPP1P/3BBBR1 b - - 4 16,opening,e5b2,-989,e5b2:-989;b8d6:-782;e7d6:-751;b8b6:-726;b8b7:-699;e5d6:-671;c8c7:-499;b8c7:-252
rn2kb1r/pp4pp/3p1n2/q1p1pp2/n2NPP2/1PPP3P/P2K2P1/R1NQ1BNR b - - 2 11,opening,a4c3,-546,a4c3:-546;a5c3:-538;e5d4:-515;c5d4:-474;f6e4:-410;f5e4:-375;f6d5:-303;a4b2:-289
1bk1rnr1/2p4p/2qp1b2/ppn1ppp1/P1P3PP/1P1PP3/5P2/QBKN1RRB b - - 0 19,opening,c5b3,-679,c5b3:-679;c6b6:-321;c6h1:-306;c6d7:-277;d6d5:-202;e5e4:-97;c6a6:-41;f8d7:34
4rbrb/kp2pp1p/p3q3/b1pp2p1/P1B1P2P/1B4b1/1PPP1PP1/KB3QRB b - - 1 11,opening,d5c4,-642,d5c4:-642;h8b2:-556;e6e5:-537;e6f6:-506;a5d2:-462;g3h2:-440;e6b6:-429;f8g7:-429
bb1rknrn/ppp1pp1p/3p2p1/8/4q2P/4PPN1/PPPP2P1/BBQR1KRN b - - 2 5,opening,e4h4,66,e4h4:66;e4c4:119;e4b4:124;e4e6:137;e4a4:141;e4c6:151;e4e5:156;e4d5:161
bbbk1brr/1p1ppq1p/2p5/p4pp1/2P5/3PP3/PPB1QPPP/B1BK1BRR w - - 0 6,opening,e2d2,124,e2d2:124;e2e1:103;b2b3:85;h2h4:82;d3d4:74;b2b4:63;a2a3:38;c1d2:29
3br1rb/qk4p1/1pp2R1p/p2b4/P1PP1p2/1P1Qp3/5PPP/B1KR2BB b - - 1 19,opening,d5e4,-225,d5e4:-225;e3e2:-215;d8f6:-180;g7f6:-90;b7b8:-82;e3f2:-69;d5c4:-65;a7a8:-25
b1qnb1rk/1p6/p1r5/P1NppPpp/7P/n2PQ3/NPP2PP1/B3BRRK w - - 2 17,opening,e3e5,386,e3e5:386;b2a3:372;h4g5:331;a2b4:313;f2f3:311;f2f4:308;c5e6:308;e1c3:295
kqrbnnrb/p3Qp1p/2pp4/1p4p1/2P1p3/1PR2PN1/P2PP1PP/K2BN1RB b - - 1 9,opening,d8e7,-785,d8e7:-785;h8c3:-717;e8f6:-490;b8b6:-436;d8a5:-435;d8b6:-421;e4e3:-413;b5b4:-404
1rnr2bk/1ppqp2p/1n5b/p2pN2p/2P1p3/1N6/PP1P1PP1/1RR1QBBK b - - 3 13,opening,d7f5,-208,d7f5:-208;d7e6:-91;d7d6:-64;d7a4:-45;d7e8:-42;c8d6:360;d8f8:395;b8a8:396
1nr2n1q/4r1n1/n3p1kQ/pppp1p2/1P2P3/P1NPR1N1/2P2PP1/NR3K2 b - - 0 21,opening,h8h6,-608,h8h6:-608;g6h6:-511;g6f7:618
rb3n2/ppp1qk2/3pN1pr/2n2p1p/2P1pQP1/5PBP/P1PP4/RB1K1N1R w - - 3 20,opening,e6c5,488,e6c5:488;g4f5:423;e6d4:399;e6f8:398;f4h6:396;c2c3:387;e6g5:359;f1e3:357
kb1r3r/2p4p/3ppnq1/PP2npp1/5P1P/2PP1b1R/KB1QPR2/1B1N2N1 b - - 0 21,opening,f3d5,210,f3d5:210;f6e4:243;g6e8:254;g5g4:273;f3b7:273;f3g4:276;g5f4:293;c7c6:300
rr4nk/1pn1p1p1/2b4p/b1B2q2/3p1pPP/R1P2P1Q/P3P1K1/R2NN3 w - - 0 21,opening,g4f5,393,g4f5:393;a3a5:-151;c5d4:-312;e1d3:-312;c5a7:-330;c5b4:-397;c5b6:-413;c3d4:-414
n1rr1bbk/1p1q1pp1/1n1pp3/p1pB3p/5P2/PP2P1P1/2PP1Q1P/NRNR2BK b - - 1 9,opening,b6d5,-557,b6d5:-557;e6d5:-499;g8h7:-93;a5a4:-89;c5c4:-84;f7f5:-57;f7f6:-57;f8e7:-45
bbrqkn1r/4ppp1/3p1n1p/p1p5/p7/2P1P2P/1PBPNPP1/B1RQKN1R b - - 1 8,opening,a8g2,-198,a8g2:-198;f8d7:-187;c5c4:-149;f8g6:-144;f8e6:-129;d8c7:-118;e7e5:-117;e7e6:-111
q2rnbkb/p4p2/2r1pnp1/7p/1p2P2P/PPPQ4/B2P1PPN/1R1RNK1B w - - 0 21,opening,d3c2,-47,d3c2:-47;d3e2:-51;d3e3:-188;d3f3:-203;d3h3:-228;d3g3:-322;d3b5:-359;e4e5:-402
n1r1qn2/pr1p2Pp/np2N2k/2p3R1/P1P3p1/5PN1/1PR1P1PP/1N3QK1 b - - 0 23,opening,f8e6,626,f8e6:626;e8e6:99994;d7e6:99995;e8f7:99998;e8g6:99998;a6b4:99999;b7c7:99999;g4f3:99999
n1n2rqr/pN1pk1pp/1pp2p2/1N2p3/2PP4/P3P1P1/1P2N1PP/3K1RQR w - - 0 14,opening,d4e5,134,d4e5:134;b5c3:106;e3e4:70;d1e1:-34;b2b3:-37;b7d6:-39;d1c2:-50;b5d6:-53
nnn1r1k1/p1pNpr1p/N7/1p4p1/3P1p2/1P2P1P1/P1P2PP1/2qR1RKQ b - - 0 14,opening,c1d1,164,c1d1:164;c1c2:186;c1b2:241;c1a3:298;b8d7:407;f4e3:421;f4g3:431;c8d6:434
1nn1nr1r/2nNkqpp/4p3/1p1P1p1P/1p2P3/P6R/2P2PP1/NN1KNRQ1 b - - 0 13,opening,b8d7,-287,b8d7:-287;e7d7:-199;b8a6:154;e6d5:209;f5e4:218;e8d6:227;c7a6:236;b4a3:253
1rkbr1nb/4pppp/pqp2n2/3p3B/2pP4/PP2P3/Q4PPP/1RK1RNNB w - - 0 10,opening,h5f7,-109,h5f7:-109;f1d2:-197;b3c4:-210;h5d1:-224;h5e2:-248;h5f3:-285;a2a1:-325;a2c2:-330
r1q3nr/1ppkppp1/p2n2np/3p4/P1nP3P/1P2N1PN/R1PKPP1R/1NN4Q w - - 4 13,opening,b3c4,291,b3c4:291;e3c4:82;d2e1:-139;d2d1:-154;d2d3:-189;d2c3:-265
2q1nrr1/5pp1/kp1pP3/7p/pPp1n3/P2BPb1R/1Q3PP1/K1B1NR2 w - - 0 21,opening,b2c2,375,b2c2:375;e1f3:315;d3b1:308;e6e7:304;e6f7:300;b4b5:287;h3f3:278;g2f3:255
b2br1br/pk3pbp/1qpp4/1pP1pPp1/PP1P4/3Q2PP/4P3/2KBRBBR b - - 1 11,opening,e5e4,-263,e5e4:-263;d6c5:-259;b6c7:-186;b6a6:-139;d8f6:306;e5d4:330;b6c5:334;a7a5:337
n2r1rq1/p2p1kp1/3npp1p/N1pn4/P1p1Pn2/3N4/1N1PR1PP/1N1RK2Q w - - 1 19,opening,d3f4,-307,d3f4:-307;d3c5:-350;a5c4:-351;e4d5:-382;d3f2:-396;d3c1:-417;e2f2:-428;d3e5:-454
b1rbr1kb/p1pp1ppp/1q6/1p2p3/Pb6/1P5P/2PPPPPK/BQRBRB1B w - - 1 5,opening,e2e3,-118,e2e3:-118;h2g1:-439;e2e4:-440;g2g3:-447;a1e5:-457;c2c3:-483;d2d4:-544;a1d4:-565
r1bb2q1/1rnpp1k1/ppN1n2p/5p2/7P/P4P2/1PPPP1P1/RRBBN2K b - - 0 10,opening,d7c6,-768,d7c6:-768;g7h7:-689;c7b5:-668;c7e8:-652;g7h8:-644;d7d6:-627;c7d5:-625;g7f7:-623
1krrqbb1/p2bpp1p/3p2p1/1pp1b3/2Q2P1P/PP1P4/2P3PB/1KRR1BBB b - - 0 11,opening,d7c6,-329,d7c6:-329;b5c4:-316;e5b2:-273;e5d4:-268;e5g7:-263;f8g7:-253;e5h8:-251;d7g4:-237
2kb3q/Q1pppp1r/2n1b1r1/1p5p/B5pn/PPP2PP1/3PP1RP/BNKN3R b - - 0 15,opening,c6a7,-716,c6a7:-716;h4g2:-186;h8c3:-181;b5a4:0;c6b8:0;e6c4:121;h8e5:188;g4f3:201
b1bkqbrr/bp2ppp1/2p4p/p2p4/PP5P/4P1Q1/2PPK1P1/BBB2BRR w - - 2 9,opening,b4a5,1,b4a5:1;c2c4:-9;c1b2:-57;e2f2:-62;e2e1:-64;h4h5:-75;a1e5:-90;e2d1:-111
rbqn4/p1pp4/4n1kN/1QP1P2p/P3pp1P/6p1/1r4P1/RB2R1KB b - - 0 22,opening,b2b5,-532,b2b5:-532;b2b1:-281;d8f7:-219;g6h6:-209;c7c6:-202;b2d2:-187;d7d5:-181;c8b7:-134
b1br1rb1/1ppb4/1k6/p1qp1p1p/2PBp3/P2P1P2/1P2P2P/BKR1R1Q1 b - - 7 20,opening,c5d4,282,c5d4:282;b6a6:360;f8e8:377;f8f7:378;e4d3:412;e4f3:416;d5c4:426;b6a7:478
kn1rr3/b2p2b1/p4p2/Qp2pPpp/2N1P3/2K3P1/2PP3P/1NnBR2B w - - 0 19,opening,c3b2,300,c3b2:300;c4e5:299;d2d3:212;c4b6:190;d2d4:188;a5c7:-235;a5b6:-240;a5a6:-402
knr2q1b/pp4pn/2Bppb2/2rP1p1p/1pP1PP1P/PPN3Q1/5RP1/K4R1B w - - 7 22,opening,c6b7,-351,c6b7:-351;a3b4:-381;e4e5:-432;a1a2:-480;e4f5:-512;c6b5:-527;g3g6:-549;a1b1:-554
2rr2b1/Qbk1qpbp/1pp1p1pb/4P2B/1P1p1P1P/P7/1KPP2P1/BR1R2BB w - - 5 15,opening,h5f3,-243,h5f3:-243;b2c1:-254;b2a2:-279;c2c4:-286;a7a4:-301;h5g4:-302;b2b3:-308;h5e2:-313
b2kr1r1/4pn1N/4qnP1/2ppb3/5P1P/3P4/1p2KRP1/B1Q3RN w - - 1 19,midgame,f4e5,-510,f4e5:-510;f4f5:-541;a1b2:-541;c1e3:-545;c1b2:-593;e2d2:-596;h7g5:-625;h7f8:-656
q3n1Nr/1pp2p1p/5pp1/pk6/1PN2NP1/3P4/P3P2P/n1K2RNR b - - 0 20,midgame,a5b4,6,a5b4:6;h8g8:41;h7h5:92;b5a6:103;a8d8:119;c7c6:128;a8a7:138;b7b6:151
rkn2rqn/ppppp1pp/3nnp2/5P2/1P2N3/8/P1PPP1PP/RKN1RNQN b - - 0 6,opening,d6e4,-151,d6e4:-151;d6f5:-138;e6f4:-38;e6g5:-36;e6d8:96;a7a5:188;d6c4:195;c7c5:253
nnrr2kq/ppnppp2/2p5/PP4n1/2PP2pp/N4N2/3NPPPP/N1RR2KQ w - - 1 11,opening,f3g5,217,f3g5:217;b5c6:55;b5b6:-33;a5a6:-35;f3e5:-83;g2g3:-162;f3e1:-173;a1b3:-186
brbbrkqb/1p1pppp1/2p5/p6p/2P1P3/8/PP1PRPPP/BRBB1KQB w - - 0 4,opening,g2g4,95,g2g4:95;b2b4:74;b2b3:69;d2d4:50;d2d3:42;f2f4:27;f2f3:6;g2g3:6
qbrrnknb/p1pp1pp1/1p2p2P/8/8/5N2/PPPPPP1P/QBRRNK1B b - - 0 4,opening,g8h6,-98,g8h6:-98;a8d5:-80;g7h6:-58;a8e4:-44;g7g6:-42;c7c5:-21;g8e7:-14;e8f6:15
k2rq3/Np1p1p1p/3bp1r1/2pnP1p1/P1P1B2P/2b3PB/4PP2/1KNRQ1R1 b - - 6 19,opening,c3e1,-350,c3e1:-350;d6e5:-243;a8a7:-232;f7f5:1;e8h8:35;c3b4:50;d6b8:83;g5g4:109
1rbb3k/3prqp1/4p3/1pP2P2/1p6/4n2N/P1PB1P1P/RN1BQ1RK w - - 0 23,opening,d2e3,496,d2e3:496;f2e3:440;h3g5:434;e1e3:426;d1f3:357;c5c6:305;f2f3:301;f5f6:248
1b1rknn1/qp2pp1r/p7/2pp2pp/PPPNQ2P/3BP3/3P1PPN/2BbK1R1 b - - 0 16,opening,d5e4,-889,d5e4:-889;c5d4:-681;b8h2:-645;d1c2:-594;d1g4:-591;d1a4:-590;d5c4:-580;d1b3:-567
br4bb/4Bp2/p1p4p/3kbR2/P3p1PP/3PPB2/2P1K3/3BR1B1 w - - 2 22,midgame,f3e4,607,f3e4:607;f5e5:592;d3e4:545;f3g2:521;f3h1:512;g1h2:473;d3d4:469;e2f2:430
3b2r1/1qk1rp2/2p1pn2/p3P2p/P2Pp2P/1PK1R1P1/Q1P5/3B1RNB w - - 0 22,opening,e5f6,441,e5f6:441;c3b2:347;g1e2:324;h1e4:316;c3d2:289;f1f6:271;a2a3:262;f1e1:228
bnq3r1/pprpn1b1/1p2pkpp/1P3p2/P7/N2P2PP/2P1PP2/2RQKBNR w - - 1 14,opening,c2c4,-340,c2c4:-340;d3d4:-348;e2e3:-349;f1g2:-359;h3h4:-365;d1d2:-370;g3g4:-378;g1f3:-380
1nkr1nrq/ppnp1pp1/3np3/2p4p/P3NP2/1N1PP1PP/1PP5/1NKRNR1Q b - - 1 10,opening,d6e4,166,d6e4:166;d6f5:182;c7e8:231;d6e8:309;d6c4:491;d6b5:493;c7b5:524;c7d5:687
b1b1rkqb/prp2ppp/1p6/1B1pp3/P2PP2b/6P1/1PP2P1P/BRB1RKQB b - - 0 6,opening,c7c6,232,c7c6:232;h4e7:262;d5e4:285;f7f5:320;h4f6:327;f7f6:345;e5d4:347;h7h6:356
2bb1r1k/3pqbp1/1p6/4pp2/1r1P3B/p1PB1PP1/P6K/R3BBR1 b - - 5 21,midgame,b4b2,-457,b4b2:-457;e7d6:-410;g7g5:-395;e7e6:-395;e7e8:-381;e5e4:-317;c8b7:-306;e5d4:-286
krq1brnb/ppppp1p1/4n2p/5p2/2P2P1B/P7/1P1PP1PP/KRQN1RNB b - - 2 4,opening,g7g5,-144,g7g5:-144;e6f4:-130;c7c6:-117;b7b5:-116;g7g6:-102;d7d6:-100;e8f7:-100;c7c5:-70
nkr3rb/4ppp1/2q5/p1pp4/b1PP1nP1/P6p/1PNNP1RP/1KBQR2B w - - 1 16,opening,g2g3,34,g2g3:34;c4d5:0;g2g1:-63;g2f2:-100;d2b3:-250;d2e4:-262;d2f3:-300;d2f1:-336
1bnrb1qr/pkppppp1/1p4n1/7p/7P/2PPQP2/PP2P1P1/KBNRBN1R b - - 1 5,opening,f7f6,85,f7f6:85;d7d5:85;c7c6:87;e7e5:96;a7a5:104;g8f8:105;e7e6:106;b7a8:108
n1k1q2r/1p3ppn/3p3p/p1p2P2/1PP4P/P2Pp1P1/1bK1P3/N1RB1BNR b - - 0 16,opening,e8e5,-533,e8e5:-533;b2c1:-491;b2f6:-461;b2a3:-455;e8c6:-383;b2a1:-370;b2e5:-353;b2d4:-344
brqkr1bb/pppp3p/5p1P/4p3/1QPB1p2/8/PP1PP1P1/B1RKRB1B w - - 0 10,opening,d4a7,359,d4a7:359;d4f2:272;d4g1:247;d4c5:204;d4c3:202;b2b3:175;g2g4:89;g2g3:79
nn2rn1r/Np4pp/p2p2k1/2p5/PP2PpN1/q5P1/2PP1PNP/NK3RQR b - - 4 22,opening,g6f7,155,g6f7:155;a8b6:160;a3b4:181;f4f3:185;h7h5:219;f8e6:227;f8d7:231;e8e4:263
1Q1r1rkq/3n2np/p1p1p1P1/1p1p1pP1/n6N/PPP1P3/N2P1PK1/NN1R1R2 w - - 0 18,opening,b8h2,296,b8h2:296;b8c7:240;b8f4:222;b8g3:207;g6h7:194;b8d6:194;b8a7:64;b8b7:0
n1r5/2pkpqpr/2n2p2/pR1p3p/P2p1PN1/2P2K1P/4P1P1/NQ3R1N w - - 3 22,opening,b1h7,329,b1h7:329;b1f5:284;g4e3:268;g4h2:253;f3f2:246;f3g3:245;g4f2:225;a1b3:79
nnr4k/7q/pppr2np/PP1pppP1/2NP4/1NP1QP1n/2N1P3/2R1RK2 b - - 1 23,opening,d5c4,-490,d5c4:-490;f5f4:-376;d6e6:-361;d6d7:-293;c8f8:-289;d6d8:-287;e5e4:-287;h6g5:-233
b2rk1rn/3qppQp/2p5/p2p4/p2PPb2/1P5P/2PN1PP1/1BBRKRnN b - - 2 20,opening,g8g7,-585,g8g7:-585;f4d2:-567;g1f3:-330;g8f8:226;h8g6:488;d7c7:500;d7g4:525;d7e6:558
nr3rn1/3kpn1p/p1pn1q2/1p1p1pp1/1P1P1P2/PN5P/1RP1PNP1/1NNK2RQ w - - 1 16,opening,b3c5,-80,b3c5:-80;h1h2:-81;c1d3:-81;g2g4:-93;g2g3:-97;b2a2:-103;e2e3:-107;f2d3:-127
k1rr3n/pppppq1p/P1nn2p1/4Qp1P/1n1P2P1/2P1P3/3NNP2/KNRNR3 w - - 1 22,opening,c3b4,-334,c3b4:-334;a6b7:-401;c3c4:-594;d4d5:-642;e5a5:-661;d2b3:-666;d2c4:-670;e5e6:-700
nknbrqr1/1pp1pp2/5b1p/p2p2p1/4PP2/1P6/P1PPB1PP/NKN1RQRB w - - 0 7,opening,e4d5,56,e4d5:56;e4e5:27;g2g3:-37;c1d3:-67;c2c3:-89;g2g4:-94;f4f5:-122;e2g4:-155
bbr1kn1r/3qp1pp/3pB2n/ppp1Pp2/P6P/5PN1/1PPPN1P1/BR1QK2R b - - 1 12,opening,f8e6,-522,f8e6:-522;d7e6:-423;d7b7:112;d7d8:122;d7c6:205;d7c7:254;d7a7:372;d6e5:465
rqnnnkrn/p2pp1pQ/5p2/1pp5/8/2P5/PP1PPPPP/R1NNNKRN b - - 0 4,opening,h8f7,53,h8f7:53;c5c4:54;g7g6:62;d7d5:63;e7e5:69;g7g5:69;d8e6:73;a7a5:74
q1kbrrnb/1pp1p1p1/p2p1p2/2n4p/P7/N1PB4/QP1PPPPP/2K1RRNB w - - 4 9,opening,d3g6,281,d3g6:281;d3f5:240;d3h7:199;d3c4:199;g2g4:181;d3c2:180;g2g3:178;f2f4:171
1k1qrbrb/p2ppppp/2p5/1p6/5P2/1PbBP3/P1PP2Pb/KBQ1RBRB w - - 5 8,opening,d2c3,-312,d2c3:-312;c1b2:-679
br2b1r1/p1pqp2k/1pnpn2B/1N3P2/1P5P/4P3/P1PP2P1/2QRBNRK b - - 0 10,opening,c6d4,-64,c6d4:-64;c6e5:14;e8h5:51;c6b4:52;e6d8:100;e6g7:105;c6d8:108;e6f8:132
kn2rnqn/pp1rp1pp/3p1p2/2pNn3/P2Q3P/5P2/1PPPP1P1/KNR1RN1N b - - 0 8,opening,c5d4,-809,c5d4:-809;g8f7:-480;f6f5:-458;e7e6:-455;h8g6:-418;g7g6:-406;b8c6:-402;b8a6:-384
1q1br1r1/kbp2p2/2Q4p/pp3Pp1/1P1p2nP/5PP1/P1PPBN1R/1KB2RN1 b - - 1 23,opening,b7c6,-353,b7c6:-353;g4h2:-210;a7a8:111;e8e5:215;g4f2:300;g4f6:325;g5h4:354;e8e2:376
k2r1rnn/pppq1pp1/3pp3/3NP1n1/1n1N4/P4pN1/2PPN2P/K2RQR2 b - - 1 14,opening,b4d5,-554,b4d5:-554;f3e2:-537;e6d5:-484;b4a6:-451;b4c2:-426;d6e5:-400;f3f2:-320;b4c6:-318
1n3rrb/5kpp/n2q1p2/1P2p3/p3P2P/1P1p2P1/PK5R/BN3NRB b - - 0 20,opening,d6d4,-751,d6d4:-751;f8c8:-705;a4a3:-672;a6c7:-672;d6c5:-667;a6c5:-663;a4b3:-654;a6b4:-653
nNb2r2/1pp2prq/p4k1p/1n1p2p1/4P3/1PP3PP/P2PKP2/NBBQ1RR1 b - - 0 15,opening,d5e4,285,d5e4:285;f8e8:296;f6e7:324;g7g6:343;h7h8:380;h7g8:420;c8h3:513;c8f5:515
k1b3r1/ppnp1Bpp/1np5/b7/2N4P/P1P1p3/KP2PPP1/2B2R1R w - - 9 22,opening,f7g8,649,f7g8:649;c4a5:620;c4b6:593;f2e3:512;c4d6:470;a2a1:457;c1e3:443;b2b4:413
2r1n1r1/k1N1q1p1/2np4/pppPp2Q/Pn2Pp2/5N2/1PP2P1P/KNR2R1N w - - 2 20,opening,c7b5,412,c7b5:412;c7e8:267;c7e6:216;d5c6:193;a4b5:186;b1c3:181;h5g6:172;b1a3:160
1b1bkrrb/p1pp2p1/q6p/4pp2/1Pp1B1P1/3PP3/P3BP1P/BBQ1KRR1 w - - 1 9,opening,e4d5,497,e4d5:497;g4f5:490;b4b5:427;e4f5:410;e4g2:406;e4f3:396;e4h1:396;e4a8:388
knrq1rnn/pp1p1ppp/8/2p1p1n1/8/2P1NN2/PPNPPPPP/K1R1QR1N w - - 0 6,opening,f3e5,146,f3e5:146;f3g5:44;h1g3:6;d2d4:-19;e3f5:-32;f3h4:-35;e3d5:-44;f3g1:-55
1bk1nrr1/2p1pp1B/P1N3np/1p1q4/4p2P/2P3P1/P2PPPb1/1Q1KRR1N w - - 3 18,opening,c6b4,-252,c6b4:-252;a6a7:-326;c6d4:-327;c6b8:-361;a2a4:-367;h7g8:-369;c6a5:-374;f1g1:-376
rqbknrnb/3pppp1/8/ppp4p/6P1/P4B2/1PPPPP1P/RQBKNRN1 b - - 1 6,opening,a8a6,-81,a8a6:-81;h5g4:-29;a8a7:-15;c8b7:-14;d7d5:6;g7g5:58;g7g6:59;d7d6:74
r1b1nnqk/6pp/2Qpp3/5p2/6P1/1rPN1P2/PP1PP1KP/RRBBbN2 b - - 2 10,opening,b3b8,228,b3b8:228;c8b7:260;b3b7:326;g8f7:401;f5g4:412;f8g6:443;a8b8:444;c8a6:478
2nkbqn1/2r1p2p/rPp3p1/p3bp2/2P1P1P1/8/PN1P1P1P/RR1KB1QB b - - 3 13,opening,a6b6,-259,a6b6:-259;c8b6:-96;c7d7:-78;c7b7:-34;f8g7:209;e5d4:224;c6c5:269;f5e4:288
nn1k1rqr/1pppppp1/1n3n2/p6p/1P5P/2P2N1R/P2PPPP1/NNNK1RQ1 b - - 0 5,opening,a5b4,-74,a5b4:-74;b6a4:-39;b8c6:-38;d7d6:-38;d8c8:-8;g8h7:-4;f8e8:16;d7d5:22
bnk1r1rb/pp1p1ppp/4pqn1/2P5/P6P/2N3P1/1PP1PP2/BK1QRNRB b - - 0 7,opening,f6f2,388,f6f2:388;b8a6:437;f6e7:441;d7d5:444;g6e5:462;b8c6:488;f6e5:492;f6d8:506
r1krbb1q/1N5p/2p1pp2/p2p1np1/4PPP1/2P5/PP1PB2P/RKNRB1Q1 w - - 0 12,opening,b7d8,742,b7d8:742;g1b6:661;b7a5:530;e4f5:490;f4g5:468;g4f5:467;e4d5:459;a2a4:448
2rb1r1q/2ppp3/5kbp/4np2/1P2NpPP/2PP1R2/P3BB2/1R4KQ b - - 1 20,opening,f5e4,-206,f5e4:-206;f6g7:121;f6f7:218;f6e6:256
rqb1kr2/ppp1pp2/5n2/3pP1pp/1nP5/P3NP2/QP2P1PP/R1B1KRNB w - - 1 9,opening,a3b4,673,a3b4:673;a2b3:588;a2b1:583;e5f6:-27;c1d2:-132;c4d5:-243;e3f5:-252;g2g3:-268
bnk2n1r/2ppqprp/6p1/pN1Pp1b1/P5PP/5PR1/1PPNP2R/BK1BQ3 w - - 3 15,opening,d5d6,677,d5d6:677;h4g5:611;b5a7:545;d2e4:530;d2f1:519;d2c4:509;b5c7:461;b2b3:436
kn1rqn1n/p1pppprn/7N/1p2P2p/5p2/PP4PP/1KPP1N2/2RNQNR1 w - - 0 20,opening,h6f5,146,h6f5:146;f2d3:142;e1e4:122;d1c3:98;d2d4:97;h3h4:89;a3a4:82;e1e2:65
n1brk1b1/p3pppr/3pn2p/1pp5/QPP2PPP/4q3/P2PP3/N1BRKNR1 b - - 0 11,opening,e3g1,-689,e3g1:-689;e3d4:-477;e3e2:-454;b5a4:-424;e3f4:-411;e3e4:-406;e3d2:-377;e3f2:-313
rnb1kbnr/pq4p1/1pppp2p/8/1QP1BpP1/5N2/PP1PPP1P/RNB2K1R w - - 0 12,opening,e4g6,109,e4g6:109;d2d4:106;b4c3:91;b1c3:89;b4a3:81;b4a4:68;h2h4:50;d2d3:47
rb2rn2/3p1p1k/4p1p1/ppp3Pp/3bP3/1NPP1P1q/P4NBP/RB2R1K1 w - - 1 17,opening,g2h3,-294,g2h3:-294;g1f1:-491;c3d4:-492;b3d4:-594;e4e5:-633;e1e2:-671;b3c5:-685;b1c2:-698
kbbrqrn1/2pp1pp1/p3p1n1/1p5p/2P3P1/2QPB3/PP2PP1P/KB1R1RNN w - - 0 6,opening,g4h5,169,g4h5:169;c4b5:151;e3g5:93;f2f3:83;g4g5:75;c3a3:73;h2h3:71;h1g3:58
r1nk1rq1/p1pp1pp1/1pn1p1n1/1P1n3p/3P4/2P3PP/P3PP2/RNNKNRQN w - - 1 8,opening,b5c6,246,b5c6:246;e2e4:152;c1b3:61;c3c4:60;f2f3:-35;f2f4:-56;g1g2:-60;a2a4:-73
nr1nkqrn/ppp1p3/1n5p/5pp1/2p1N3/4P2P/PPNP1PP1/1RNNKQR1 b - - 1 9,opening,f5e4,-458,f5e4:-458;d8c6:-130;h8f7:-128;e7e5:-127;b6d7:-127;h8g6:-126;f8f7:-125;c7c6:-117
b1nn1rrk/pqpbpppp/1p1p4/8/1P1P3B/P3PP2/2P3PP/BQNN1RRK b - - 0 7,opening,d7b5,14,d7b5:14;c7c5:20;b7a6:20;b7d5:21;b6b5:24;f7f6:44;d6d5:48;b7c6:61
nn1rn1rq/pkpp2p1/4n3/1p2pp1p/7P/1QP2PN1/PPNPP1P1/NNKR2R1 b - - 2 8,opening,e8d6,-76,e8d6:-76;a8b6:-17;g7g6:-15;c7c6:-13;a7a6:1;g8f8:28;d7d5:60;b8c6:81
kqbb1r2/ppp1p2r/4n2n/3pNppB/PP1PP3/2P4N/1B3PPP/K1QR3R b - - 0 14,opening,f5e4,94,f5e4:94;d5e4:95;h6g4:137;g5g4:161;c7c6:193;e6g7:263;c7c5:272;h7h8:285
kn2nqrn/pnr1p1pp/3p4/1p3pN1/P1p5/1P2PP2/1KPP2PP/1NR1NQRN b - - 2 8,opening,f8f6,-351,f8f6:-351;b5a4:-176;b5b4:-168;d6d5:-152;b8d7:-146;h8g6:-142;c4b3:-138;g7g6:-136
kqb1rn1r/1pbpppp1/8/p1p4p/2PPn1P1/P3PP2/1P2B2P/KQB1R1NR w - - 1 13,opening,b1e4,21,b1e4:21;f3e4:-3;e1f1:-259;g1h3:-380;d4d5:-390;f3f4:-391;g4h5:-396;b1c2:-415
qkrnnbbr/ppp2p1p/6p1/3pP3/2P2PPP/8/PP2P2R/QKRNNBB1 b - - 0 9,opening,d5c4,201,d5c4:201;f7f6:205;f7f5:235;d5d4:312;b7b6:315;b7b5:316;h7h5:320;c7c6:328
rbr1q1bk/pppp1ppp/B2bp3/8/4P1Pb/5P2/PPPP3P/RBRBQ1BK b - - 4 5,opening,h4e1,-680,h4e1:-680;e8e7:-355;e8d8:-336;d6e7:-313;g7g5:-190;d6f4:-141;d6b4:-106;h4f6:-59
n3kb1r/8/p2p1Np1/qprPpp1p/4P1P1/1P5P/4KP1B/N1R4R b - - 6 23,midgame,e8f7,-468,e8f7:-468;e8d8:-448;e8e7:-405
1qbrknbr/ppppp2p/1n6/5pp1/3P4/1P4N1/P1PBPPPP/NQ1RK1BR w - - 0 5,opening,g3f5,223,g3f5:223;d2g5:221;h2h4:215;c2c4:175;g3h5:175;f2f3:172;b1b2:157;g3f1:129
rkn1rb1q/2pbp1pp/pp1p1p2/8/P2P2n1/R1P2P1N/1P2PBPP/1KNR1B1Q w - - 2 9,opening,f3g4,315,f3g4:315;f2g1:147;a4a5:60;e2e4:56;c3c4:43;d4d5:40;a3a2:31;g2g3:29
k1qr3r/5bbp/b2pQp2/1pB5/6PB/P2P1P1P/2P1P3/BK2RB1R b - - 0 19,opening,c8e6,-436,c8e6:-436;f7e6:-325;d8d7:179;c8c5:255;c8c7:309;c8c6:386;d6c5:395;g7h6:412
k1r1n1rb/6p1/p1p2pp1/4pN2/4p3/N2P2P1/PKP2b2/1QRB1R2 b - - 1 20,midgame,c8b8,235,c8b8:235;g6f5:371;f2c5:398;f2d4:400;f2a7:436;e8c7:439;e4d3:453;e4e3:454
n1rrqbb1/3ppp1k/pp1n2pp/1B1R4/8/1PP3PP/P3pP1K/NRN1Q1B1 w - - 2 14,opening,b5a6,-149,b5a6:-149;d5d6:-188;b5e2:-216;b5d3:-232;b5c4:-333;c1e2:-443;a1c2:-449;b5a4:-483
kbbnqrnr/pp1p1p2/7p/2p1p1N1/P5N1/8/1PPPPPPP/KBB1QR1R b - - 0 5,opening,h6g5,-486,h6g5:-486;d7d6:-481;d7d5:-435;f7f5:-384;c5c4:-253;e5e4:-250;f7f6:-233;b8c7:-226
kbb3rr/5n1p/p2p1pp1/1p2qn2/5P2/1PPpP1P1/P4Q1P/KBBNR2R w - - 0 17,opening,f4e5,486,f4e5:486;e3e4:62;f2g2:3;f2f3:2;g3g4:-44;b1d3:-187;c1b2:-215;f2d2:-239
qkrn1b1r/2n1P3/2bp3p/ppp3p1/3P4/1PN4P/P1P1PPR1/QKR1NBB1 w - - 1 14,opening,e7f8n,367,e7f8n:367;e7f8r:366;e7f8b:363;e7f8q:360;e7d8b:267;e7d8q:262;e7d8r:253;e7d8n:247
bb1qbk1b/3p4/rpr3p1/p1pPp2p/P6P/RPPB2p1/3QPPB1/B3BRK1 b - - 1 19,opening,c6f6,299,c6f6:299;c5c4:337;g3f2:347;c6d6:381;e5e4:396;c6e6:396;b6b5:415;a6a7:415
kr2nr1b/1ppn2pp/1q2ppB1/p6R/1N6/P5P1/1bKPP1BP/1Q3N1R b - - 5 21,opening,h7g6,-413,h7g6:-413;e8d6:-246;b2a3:-215;b2d4:-209;d7e5:-190;f6f5:-189;a5b4:-189;d7c5:-164
1n1r2kr/p1pnpp1p/1n4p1/2qp2Pn/1p3P2/1PP1P3/PQ1P1K2/NNNR1N1R b - - 0 14,opening,h5f4,-276,h5f4:-276;c5d6:-244;h7h6:-219;e7e5:-202;c5c6:-193;d5d4:-189;b4c3:-172;c5b5:-146
brbbrk1b/pppp1pqp/6p1/4p3/1PP5/1R5P/P2PPPP1/B1BBRKQB b - - 0 4,opening,b7b5,-27,b7b5:-27;f8g8:-4;b7b6:26;g7h6:32;g7f6:53;a7a6:57;d7d6:71;d8f6:78
nnrr1n2/4N2k/1pp5/4q1Pp/2pP4/3NPPN1/P5P1/NrRR1KQ1 b - - 2 18,opening,e5g3,46,e5g3:46;e5e7:85;e5g5:304;b1c1:310;e5c7:364;e5g7:381;e5e6:389;d8d4:448
r2bb1r1/p1p1ppbk/6pp/1PBp4/P2P2qP/1P6/3QPPRK/R1BB1B2 w - - 1 15,opening,g2g4,728,g2g4:728;h4h5:486;a1a2:483;h2g1:482;e2e4:476;h2h1:469;b3b4:468;d2h6:443
1b1q2r1/p1pkp1br/b1b3p1/P2pPp1p/1PpP1P2/6PB/3B3P/BB1KQ1RR w - - 4 19,opening,b1f5,286,b1f5:286;h3f5:280;b4b5:191;b1c2:-33;h3g2:-63;d2c3:-72;e1e3:-79;a1c3:-91
1krbq1br/p1pp1p1p/1p6/3bP3/1bQB1pP1/1P2P3/P1P3BP/1KRB2BR b - - 1 11,opening,d5c4,-348,d5c4:-348;d5g2:-304;f4f3:148;d5c6:259;f7f6:319;c7c6:346;f7f5:369;d5b7:399
qbr2rbb/5pk1/p1pp2B1/1p3P2/1P1P2P1/1KP1pR2/2Q1P1P1/2RbB1BB b - - 1 18,opening,f7g6,-520,f7g6:-520;d1c2:-452;f7f6:-257;f8e8:221;f8d8:291;c8e8:99988;g7f6:99997;d6d5:99997
bkr1rb1q/p1p1pp2/1p1p2pp/4bb2/1P6/5PPP/PBPP2BQ/BK1RR2B b - - 1 10,opening,e5b2,-110,e5b2:-110;e5g7:-44;e5f6:85;h8g8:97;h8h7:138;a8c6:230;f8g7:237;f5c2:245
q1k1r1b1/1rp1p2p/Bp5b/bQ1pP1p1/5p2/P1B2P1P/2P1K1P1/4R1BB w - - 2 22,opening,b5e8,99999,b5e8:99999;c3a5:375;g1d4:294;e1b1:293;g1b6:280;e1d1:275;e5e6:208;g2g3:178
rk1qbb1r/pppp1pp1/1n3n1p/N7/4p3/4PNP1/PPPP1P1P/RK1QBB1R w - - 2 6,opening,f3d4,-72,f3d4:-72;f3e5:-74;f3g1:-88;f3h4:-121;c2c4:-253;a2a3:-256;d2d3:-264;d2d4:-268
4k2b/p2pppb1/1p4p1/1PpqP2p/Q1P1n2P/P1N2R2/3PNn2/R3KB2 b - - 7 23,opening,d5d2,-99999,d5d2:-99999;f2d3:113;d5d3:196;d5e5:202;g7h6:218;d5b7:270;d5a8:319;d5e6:552
1nrrn3/ppppppp1/1n4nk/1P3q1p/2P1P3/3N4/P1RPNPPP/NN1R2KQ w - - 3 9,opening,e4f5,848,e4f5:848;g2g3:258;b1c3:257;d1e1:151;e2g3:136;e2c3:130;f2f3:117;g1f1:105
rnnbbr1q/1pp1p1kp/p4pp1/3p4/P5P1/2NPP3/RPP2P1P/2NBBRKQ b - - 0 6,opening,e8f7,52,e8f7:52;c7c6:66;e7e6:83;e8c6:101;c8d6:142;a6a5:146;h8g8:153;e7e5:155
r1qbnknr/pp1ppp1p/3b4/2p2B2/2P3p1/4P3/PP1P1PPP/RQ1BNKNR b - - 3 6,opening,h7h5,-63,h7h5:-63;d8a5:62;b7b5:103;a8b8:137;a7a6:144;c8c7:148;e7e6:160;e8f6:162
kn1rrnqn/1p2pp1p/p5p1/1npp1P2/P6P/2N1N1Q1/1PPPP1P1/K1RNR2N w - - 2 9,opening,a4b5,393,a4b5:393;c3d5:358;e3d5:326;c3b5:291;c3e4:114;c1b1:47;f5f6:24;h1f2:0
nr1nkqrn/p2p1p1p/1pp5/4pnp1/4P3/1N1P1P1P/PPP3P1/N1RNKQRN w - - 0 7,opening,e4f5,477,e4f5:477;f3f4:187;d1f2:67;c2c3:61;c2c4:37;e1d2:37;f1f2:32;f1e2:13
br1b1kqb/2ppr1pp/b3p3/1p3p2/p5P1/4P2P/PPPP1PB1/BRBBRK1Q w - - 4 8,opening,g2a8,202,g2a8:202;b2b3:94;b2b4:43;d1e2:26;d2d3:18;f1g1:7;e3e4:-57;d2d4:-86
r2qkb1r/2p1pppp/3p4/pp2n1NP/7P/NNP1P3/P1PP1P1R/R1Q1KB2 b - - 0 11,opening,h7h6,611,h7h6:611;c7c6:611;f7f6:642;b5b4:648;a5a4:655;e7e6:656;a8b8:660;d8d7:661
bqrbrb2/3pp1k1/p5pp/1p2Pp1P/8/2p5/PQ1PBPP1/2R1RBKB w - - 2 11,opening,c1c3,-68,c1c3:-68;d2c3:-184;b2c2:-255;b2a1:-267;b2b3:-358;b2b1:-461;b2a3:-474;b2b4:-489
qrkbr2b/ppppppp1/5nnp/8/2PP3P/8/PP1NPPP1/QRKBR1NB b - - 2 4,opening,e7e5,-46,e7e5:-46;a7a5:14;b7b5:41;f6g4:44;h6h5:77;g6f8:94;c7c6:99;a7a6:105
bqb1rrkb/1p2p3/5ppp/p2p1Q2/B1pP2P1/P1P2Pb1/1P2P2P/B1B1RRKB w - - 2 10,opening,f5g6,272,f5g6:272;f5d5:-177;f5b1:-269;f5c2:-282;c1f4:-411;h2g3:-526;g1g2:-569;f5h5:-581
1qkr2r1/2ppbpp1/4pnnp/1p4R1/1P1QP3/3P3B/P1KR1P1P/1B2N2N w - - 0 16,opening,g5g6,91,g5g6:91;g5g3:79;g5g1:58;g5g2:-24;g5c5:-41;g5g4:-152;g5e5:-240;g5f5:-281
krbbnrqn/1p1ppp1p/p1p3p1/4N3/2P5/4P3/PP1P1PPP/KRBB1RQN w - - 1 6,opening,e5d3,-32,e5d3:-32;b2b3:-59;d1e2:-63;d2d3:-63;e5f3:-65;d1b3:-87;c4c5:-89;f2f4:-105
nk1r1r1q/5ppp/p1pp4/n4Q2/1npn1P2/P2P1NPP/3RP3/N2K1NR1 b - - 1 20,opening,d4f5,-744,d4f5:-744;c6c5:-564;d4b5:-547;b4d5:-533;a5b7:-462;a5b3:-418;d4f3:-295;d4b3:-282
4rr1k/pq6/n1p1nppp/1N1pp2P/3nPP2/2N1nRPK/PPP5/1QR3NN w - - 3 21,opening,f3e3,-266,f3e3:-266;b5d4:-298;b5d6:-376;c1e1:-426;e4d5:-441;c3d5:-454;h5g6:-454;c3d1:-466
kn1nq2n/r3pr2/p1pp3p/1P1N2p1/1P2N2P/P2P1Q2/2R1PnP1/KN3RN1 b - - 1 18,opening,f7f3,-273,f7f3:-273;f2e4:-197;c6d5:-49;a6b5:-49;g5g4:157;f2g4:173;a6a5:216;f2d1:252
r1bb1nqk/p1pp1p2/r4np1/2P1p2B/8/Pp1PP1PP/1P3PK1/RRB1NNQ1 b - - 0 14,opening,f6h5,-438,f6h5:-438;g6h5:-392;g8h7:-66;f8e6:-62;c8b7:-46;a8b8:-21;e5e4:-19;d7d5:-7
rq1bbbrk/ppp1p1pp/3pbp2/8/B1P1P3/8/PP1P1PPP/RQB1BBRK w - - 2 4,opening,a4e8,501,a4e8:501;b1c2:76;a4d1:49;a4c2:37;a4b3:23;b2b3:11;a4b5:-49;d2d4:-278
1kbr3q/pbp1p1p1/7r/Pb1p1p2/6PP/2BP2B1/KPP1PP2/B2R1RB1 b - - 2 13,opening,d5d4,-385,d5d4:-385;f5f4:-351;h6c6:-343;f5g4:-318;h6e6:-304;h6d6:-303;h6h4:-285;b8a8:-278
r1nn3r/1p2kp2/p2pNn1p/8/3N1P1N/P3P1P1/q1PN3P/1R2QKR1 w - - 1 23,opening,e6c7,670,e6c7:670;b1a1:659;h4f5:602;e6g7:558;e6d8:552;f4f5:506;h4g6:441;e3e4:436
b1r2bnB/1ppp4/6Q1/2k3q1/4pp1P/1p3n2/P2NP3/2K2BNR w - - 1 23,midgame,d2b3,751,d2b3:751;d2e4:681;h4g5:508;h8d4:271;g6e4:228;g6g5:196;g6h7:143;g6f7:119
nqnrknrn/1ppppppp/8/p7/6P1/P6P/1PPPPP2/NQNRKNRN w - - 0 4,opening,c2c4,53,c2c4:53;c2c3:37;d2d4:36;h1g3:33;a1b3:26;b2b4:18;h3h4:16;e2e3:13
bq1brrk1/pBp2p2/3p2P1/3bp3/2P2P2/P1P5/1P2P2P/BQBBRRK1 b - - 0 9,opening,d5b7,5,d5b7:5;b8b7:306;d5c6:333;a8b7:338;d5c4:357;d5e6:363;c7c6:377;d8h4:423
rbk1r2b/3p2p1/1pp4p/pb2ppb1/q2PPPPP/R2Q4/1PP5/1BKBB1RB w - - 0 17,opening,f4g5,258,f4g5:258;h4g5:238;e1d2:74;a3a4:73;e1g3:-5;d3g3:-111;d3e3:-118;d3d2:-142
qr4bk/1p1b2pp/prp1pp2/P2p4/1P1P2PP/b1P1BPBB/Q1bRP2K/3R2B1 w - - 3 23,opening,d2c2,608,d2c2:608;a5b6:567;a2a3:565;a2c2:554;d1a1:551;d1f1:546;d1e1:512;g4g5:493
rn1krqnn/ppppp1p1/1n5p/5p1P/1P3P2/8/P1PPP1P1/RNNKRQNN b - - 0 4,opening,h8f7,-129,h8f7:-129;e7e6:-128;g8f6:-123;b6a4:-114;d7d5:-102;a7a6:-99;f8f6:-98;a7a5:-98
3rkb1b/1p1rp1p1/Pn1p4/2p3pp/2P1n3/6QK/P2PPP2/N1NRRB2 b - - 1 22,opening,e4g3,-235,e4g3:-235;g5g4:-219;b6c4:213;d6d5:261;b7a6:333;e7e6:337;b6d5:356;e7e5:386
r3r2k/ppp1n1p1/nBbp1p1p/1N2pq2/4P1PP/2NP1P1B/PbP5/R2Q2RK b - - 7 20,opening,f5e6,-308,f5e6:-308;f5f4:-294;f5h7:-281;f5d7:-270;f5g6:-269;f5c8:-245;b2a1:154;b2c3:238
n1rrqnkn/ppnpp3/2p2ppp/8/P3N1P1/1PP2P2/3PP2P/NNRRQN1K w - - 1 9,opening,f3f4,57,f3f4:57;e4g3:34;e4c5:33;e1f2:31;d2d4:27;a1c2:27;f1g3:16;e4f2:10
bqk2r2/3p2p1/p1P2Bnp/1BP2pn1/4p3/1P2P3/P4PPb/3KRNRN w - - 0 20,opening,b5a6,-441,b5a6:-441;c6d7:-464;f6a1:-480;f6c3:-496;f6g7:-501;f6b2:-516;f1h2:-522;f6g5:-527
1r2b1br/pkqp1pB1/1p1b4/1Bp2bpp/2P4P/1PQPPPR1/P4BP1/1K1R2B1 w - - 5 14,opening,g3g5,488,g3g5:488;g7h8:341;b5a6:327;c3f6:315;g1h2:299;c3e1:294;e3e4:287;f3f4:257
rr3kb1/np3p1p/pBpp1Pp1/3Qp3/8/PPP1n2q/2NPP1PP/RRNB2K1 b - - 2 20,opening,e3d5,-176,e3d5:-176;h3h2:297;c6d5:468;h3d7:494;a7c8:526;h3g2:558;e3f5:575;f8e8:607
nnrk3n/2p3r1/1p1pn2p/pPN1q1p1/Q3PpP1/N1P1PPN1/PR5P/5KRN w - - 10 22,opening,c5e6,360,c5e6:360;c5b7:243;c5d3:217;c5b3:-46;e3f4:-53;c5a6:-127;a3c4:-172;g3h5:-207
bbrqrbb1/ppp1pp1k/8/3p2p1/2PP4/4P3/PP3PPP/B1RQRBBK w - - 0 5,opening,f2f4,118,f2f4:118;f1d3:99;c1c3:96;d1h5:81;e3e4:69;c4d5:37;b2b4:31;b2b3:27
rbk2r1q/ppp1p2p/2b1nppN/8/P2p3N/5P1P/1PPPP1P1/RBK1BRQ1 w - - 0 10,opening,f3f4,366,f3f4:366;b1a2:343;g2g4:329;d2d3:314;a1a3:311;g2g3:310;e2e3:302;e2e4:293
k1qr1brb/1p1pppp1/pb6/P1p4p/6P1/3PPB2/BKP2PBP/2Q1RBR1 b - - 1 9,opening,c8c7,237,c8c7:237;a8b8:284;d7d5:305;g7g6:327;g7g5:332;b6a5:352;b6c7:420;a8a7:449
n1rrnnkq/2p1p3/ppn2p1p/3p4/8/P3pPN1/1PPP2PP/NNR2RKQ w - - 0 12,opening,d2e3,-415,d2e3:-415;a1b3:-417;c1e1:-418;c2c4:-421;f3f4:-421;h2h4:-423;b2b4:-441;h2h3:-441
1brrnk2/p1pppp1p/5b2/1p1q2n1/PP3P2/2P4P/RQ2PKP1/1BR3NB b - - 2 12,opening,g5e4,-464,g5e4:-464;c7c5:-437;a7a6:-411;e8d6:-410;g5e6:-389;c7c6:-376;d5e6:-365;a7a5:-349
rbr2b2/ppb3k1/1Pq5/5b1Q/2p5/2RB1p2/P2PP2P/R2B1BK1 w - - 1 22,midgame,b6c7,-19,b6c7:-19;e2e3:-51;h5g5:-96;d1a4:-222;d1c2:-251;g1f2:-261;e2f3:-278;d1b3:-327
rb2kr2/ppp1p1pp/1n1pnp2/3P3P/q5P1/1P6/P2PPP1B/RBNK1N1R w - - 3 10,opening,b3a4,473,b3a4:473;b1g6:-91;b1h7:-312;d5e6:-336;f1g3:-337;f1e3:-339;b1f5:-361;h2e5:-363
n1r1n1kq/ppr1p1pp/n1pp2n1/N4p2/5P2/P4QP1/1PPPP2P/1NRRNNK1 w - - 5 10,opening,f3b3,159,f3b3:159;f3d3:153;c2c4:145;d2d4:139;b1c3:133;b2b4:131;d2d3:118;e2e4:110
q1k1rn1b/pr1ppNpp/1b1n4/8/1PpP1PP1/2P5/P2K3P/QR1BRN2 b - - 2 11,opening,d6f7,-405,d6f7:-405;a8b8:-275;b6c7:-231;f8e6:-72;d6b5:-51;e8d8:24;c8c7:24;b6c5:165
brqb3k/1p2r1b1/p3pbQ1/2pp3p/PP1P4/2P1pPP1/2B4P/B1RR1BKB b - - 0 15,opening,h8g8,203,h8g8:203;g7f8:422;g7h6:453;d8c7:99999;d8b6:99999;f6g5:99999;c5c4:99999;d8a5:99999
r1n2nbr/1p2kppQ/7q/p1ppp2p/3P1PP1/1N6/PPPK3P/RB3NBR b - - 0 10,opening,g8h7,-566,g8h7:-566;f8h7:-517;h8h7:-510;h6h7:-468;h6f4:-351;h6a6:-52;e5f4:204;a5a4:245
4nrrq/bk2ppp1/1n1p3B/1p5p/p1pP3P/K2PQ1P1/PPN1PP2/1B3RR1 w - - 0 20,opening,e3e4,0,e3e4:0;h6f4:-5;e3f3:-38;h6g5:-67;e3e7:-170;c2b4:-338;h6g7:-357;b2b3:-361
kbqbrbr1/2p1pp2/pp6/3p2pP/3b3P/4P3/PPP1QPB1/KB1BRBR1 w - - 4 10,opening,e3d4,477,e3d4:477;g2d5:475;e2a6:263;h4g5:224;c2c3:221;h5h6:216;c2c4:205;g2h3:190
qnrnr1kb/1p1p1p2/p3p3/3N2pp/P2pPPP1/b7/1PP4P/QR1NRBKB w - - 1 9,opening,d5b6,277,d5b6:277;a1a3:177;f1d3:4;d1f2:-14;b2a3:-62;b2b4:-109;g4h5:-116;d5c7:-150
rbbrb1kq/pQpp1ppp/3bp3/1p6/1P3P2/6P1/P1PPP2P/RBBRBBK1 b - - 1 4,opening,c8b7,-637,c8b7:-637;d6c5:-404;g7g6:4;g7g5:44;c7c6:229;h7h5:244;f7f5:269;h7h6:271
n1b3rk/5q2/p1pp1r2/1p2pp1p/2RN2pP/P1PPP3/1P2N1KQ/1BB2R2 b - - 1 23,opening,b5c4,-241,b5c4:-241;f5f4:-87;c8b7:8;g4g3:47;c8d7:86;a8c7:158;e5d4:187;a8b6:192
nq1rk1br/1p2p3/p2p4/1bp1p1pp/3P2P1/4NP1P/PPP3R1/NQB1K1BR w - - 1 14,opening,c2c4,209,c2c4:209;d4e5:183;d4c5:164;d4d5:155;e3f5:121;h1h2:94;a2a4:80;c2c3:76
rnn1kqnn/p3ppp1/1p6/2rp3p/8/1N2PN2/PPPP1PPP/R2RKQ1N w - - 2 7,opening,b3c5,28,b3c5:28;f1d3:-59;f3e5:-107;f3g5:-108;h1g3:-134;a2a4:-143;d2d4:-147;a1c1:-153
b1b1qb1r/1p1pkpr1/3b2p1/2p4p/pQPP4/5P2/PP2P1PP/BB1K1BRR w - - 1 9,opening,b4a4,-5,b4a4:-5;d4c5:-47;b4a5:-51;b4b6:-153;b4b5:-215;b4c3:-216;b4d2:-221;b4a3:-250
qrkbr3/ppn1pp1p/2pp3n/6pN/P1P1P2P/3P4/1bBKNPP1/Q1R1R2B w - - 0 12,opening,a1b2,265,a1b2:265;a1a2:-219;a1b1:-231;h4g5:-383;e4e5:-440;e2c3:-466;a4a5:-468;d3d4:-468
kbnrbnr1/ppppppp1/7q/7p/3P4/PP6/1KP1PPPP/1BNRBNQR w - - 3 5,opening,e2e4,22,e2e4:22;f2f3:3;c1d3:1;h2h4:-9;c2c3:-25;c2c4:-30;f1e3:-30;a3a4:-35
r2kbq1b/pp4p1/1nrppp1n/2pP3p/P5PP/4P2N/NPPB1P2/RR1K1Q1B b - - 2 10,opening,b6d5,55,b6d5:55;e6d5:225;c6c8:284;c6c7:340;a7a5:405;f8f7:411;h5g4:414;g7g5:417
qrB5/1p3np1/3n1pkr/7p/p1PP1P1P/1p2N3/P3PKN1/1RB4R b - - 0 22,midgame,b8c8,-522,b8c8:-522;b3a2:-515;d6e4:-497;d6c8:-445;f7d8:-365;f6f5:-357;g6h7:-343;b3b2:-336
rk1rbbnq/p1ppp1pp/3n1p2/1p6/8/P7/KPPPPPPP/1RNRBBNQ w - - 0 4,opening,e2e4,82,e2e4:82;a2a1:82;d2d4:79;g2g4:70;g2g3:63;f2f3:58;f2f4:56;c1b3:46
1b1rnrbk/pqpppp1p/1p6/5np1/1P3N2/P7/2PPPPPP/QB1RNRBK b - - 0 6,opening,f7f6,-70,f7f6:-70;e8g7:-60;f5g7:-52;e7e5:131;e8f6:240;f5d4:242
n1krbrbn/p2p1ppp/1qp5/1p6/3p4/2P2PN1/PP1PP1PP/1QKRBRB1 w - - 0 6,opening,g1d4,41,g1d4:41;g3f5:-117;g3e4:-178;c3d4:-188;b1e4:-198;e2e4:-201;b1c2:-201;d2d3:-211
kbbrb1q1/1ppppp2/6pr/p6p/P4PP1/2b4P/1PPPPB1Q/KBBR1B1R b - - 0 7,opening,c3g7,89,c3g7:89;c3h8:95;c3b4:126;h5g4:243;d7d5:278;d7d6:284;c3b2:294;f7f5:319
rr1k2n1/pppNnb1p/q5p1/5p2/1P1b1P2/P1P3B1/3PPQPP/RRK4B b - - 2 14,opening,d4f2,-648,d4f2:-648;a6c4:-291;a6d6:-222;a6a4:-186;d8d7:-184;a6a3:-168;a6e6:-168;a6b5:-162
rbrb1bbk/ppp2qpp/8/3p1p2/PP5P/2P1P3/3P1P2/RBRBQBBK w - - 1 8,opening,f2f4,38,f2f4:38;h4h5:33;f1h3:12;f1d3:-9;f2f3:-61;e1e2:-63;d2d4:-69;d1c2:-72
krbr2qn/1p1pb1n1/5p1p/p1p1P1p1/P1PPP3/3N4/1P3NPP/KRBB1RQ1 w - - 0 11,opening,e5f6,327,e5f6:327;f2g4:300;d4c5:285;b2b4:272;c1d2:271;d4d5:235;c1e3:219;b2b3:207
1rk2r1n/p1pnqp1p/1p6/4p1P1/1P1pnN1N/1RQ1P2n/P1PP1P1P/2K3RN b - - 2 23,opening,d4c3,-684,d4c3:-684;e4c3:-674;h3g1:-525;e5f4:-519;h3f4:-483;f8e8:-452;d7c5:-450;e7e8:-423
1kr1q2b/2p4p/1p3b2/4pppB/1P2pP2/1b1R2PP/1PPPB3/K2Q2BB w - - 7 18,opening,d3b3,494,d3b3:494;h5e8:370;c2b3:264;a1b1:79;b4b5:-140;d3d7:-281;h1e4:-99997;f4e5:-99997
1qkbrr1b/1ppp1p1p/5n2/pn1Pp3/3Q2p1/N4NP1/P1P1PP1P/2KBRR1B w - - 0 11,opening,d4b2,-343,d4b2:-343;d4c5:-343;d4d3:-352;d4e3:-432;d4a4:-436;d4c4:-467;a3b5:-477;d4d2:-484
rr2b1n1/p2pp1b1/1nBk1pq1/6pP/1p1P4/2P5/PPNKPP1P/RR2BQN1 w - - 1 13,opening,h5g6,592,h5g6:592;c6a8:450;e2e3:294;e2e4:283;a2a4:282;c2b4:272;c2e3:270;f2f3:260
1nkbqn1r/2pb1pr1/4p1p1/pp1p3p/3P2BP/N1P1P3/PP3PPR/B1K1QNR1 b - - 4 10,opening,h5g4,-510,h5g4:-510;b5b4:-295;c7c6:-96;c7c5:-96;f7f6:-84;b8a6:-78;g7h7:-76;h8g8:-74
2knqrbn/prp1ppp1/2b4p/1p1p4/6P1/4BPQP/PPPPP3/BRKN1R1N b - - 2 7,opening,f7f6,-26,f7f6:-26;h8g6:-14;g8h7:22;b5b4:38;g7g5:71;e7e5:79;a7a5:84;c8b8:103
nr1qnkr1/ppppp1p1/5pn1/7p/PP2P2P/1nPP1NP1/4QP2/NNR2KRN b - - 1 10,opening,b3c1,-301,b3c1:-301;b3a1:58;g6f4:215;g6h4:435;b7b5:454;b3a5:455;d8c8:457;c7c5:477
r2n1rbq/kp4pp/1n6/5p2/1p1B3P/1N1pp1PQ/P1P2P1B/K5RR w - - 0 19,opening,g3g4,-142,g3g4:-142;f2e3:-190;g1e1:-227;g1c1:-246;h3f1:-270;g1b1:-272;g1d1:-272;g1g2:-277
k4q2/pp1rpbpp/1n3rn1/2pp1pPb/P1P2P2/4BQ2/1P1PP2P/N1KRBR1N w - - 5 18,opening,f3h5,-36,f3h5:-36;f3g2:-255;f3f2:-259;f3h3:-262;f3g3:-353;g5f6:-426;a1b3:-466;d2d4:-494
1bbrknnr/2pp2pp/1p3P2/4p1NN/pP1PqP1P/P3B3/2P3P1/QB1RK2R w - - 0 14,opening,h5g7,99999,h5g7:99999;f6f7:865;g5e4:833;a1c3:692;h1h3:659;d1d3:612;e1f2:585;e1f1:575
bbr2bk1/1pppp2r/p4p2/4B1pp/QPP1q3/PR6/3PPPPP/4BRKB w - - 2 19,opening,a4d7,85,a4d7:85;e5b2:30;e5a1:2;e5c3:-17;d2d3:-29;b3e3:-57;b3d3:-113;f2f4:-114
1bqk2br/rppn1p1p/4p1n1/p4N2/3p4/1P1N4/P1PPPPPP/RB1QK1BR b - - 2 12,opening,e6f5,-262,e6f5:-262;a7a6:-99;c7c5:-82;h7h5:-64;h7h6:-56;a5a4:-36;b7b6:40;f7f6:73
kn3r2/pprpp1n1/2p4p/4Qpp1/1Pb2b2/P1PPPPP1/2N1B2q/KNR4R b - - 6 18,opening,h2h1,-557,h2h1:-557;f4e5:-447;h2e2:-210;c4d3:-127;f4g3:-65;g7e6:96;c4b3:191;h2f2:213
3n1b2/pp1k2pb/4pB1r/Pn1p1p1p/2pN1P2/P5P1/Q1PPP2P/Nq1RKBR1 b - - 1 19,opening,b1a2,-509,b1a2:-509;b5d4:505;g7f6:506;h6f6:528;b1d1:553;b5c3:603;b5a3:623;b1a1:666
bq1rk1rn/bpppn1pp/p4p2/3Np3/3P1P2/P2R4/1PP1P1PP/BBQ2KRN b - - 3 8,opening,e7d5,-284,e7d5:-284;a7d4:-97;h8g6:-77;b7b5:-34;e7f5:-28;c7c5:-24;e5d4:-14;e5f4:-12
brq1b1nr/pp2p2p/6k1/2p2p2/3p1p1P/NPn1P1P1/P1PP2R1/BRQNBK2 w - - 1 21,opening,d2c3,133,d2c3:133;g3f4:108;h4h5:-45;e3d4:-71;d1c3:-128;a3c4:-143;a1c3:-168;d2d3:-210
2bk1bnr/1rpBqpQ1/p3p2p/3pP3/3P4/1P6/P1PBKPPP/RN4NR b - - 0 13,opening,f8g7,-442,f8g7:-442;g8f6:508;e7c5:551;c8d7:556;e7h4:562;b7b4:576;c7c5:606;b7b3:623
1qrbn1rb/kpp1pppp/3p4/p7/1P4Pn/P3PB2/Q1PP1P1P/K1R1NNRB b - - 2 6,opening,h4f3,63,h4f3:63;g7g5:83;g7g6:94;c7c6:102;c7c5:174;b7b5:238;d6d5:255;b7b6:276
rknrbbnq/2p5/1p2pppp/3p3P/p2P4/1P1R3Q/P1P1PPP1/RKN1BBN1 b - - 1 9,opening,e6e5,-231,e6e5:-231;e8d7:-202;g6g5:-198;e8b5:-190;c8d6:-184;h8g7:-182;a4a3:-181;g8e7:-178
brb1rkqb/1p3pp1/2pp3p/p3P3/PP5b/2P2P2/1B1BP1PP/1R1BRKQB b - - 1 9,opening,h4e1,-32,h4e1:-32;g8h7:73;b7b5:131;b7b6:140;d6e5:165;c8f5:190;a5b4:191;c6c5:207
q1k1nrnr/pp1bp1pp/3p4/5p2/3p2P1/bP2N3/PQPBPP1P/1K1BN1RR w - - 0 11,opening,b2d4,9,b2d4:9;b2a3:4;b2a1:-415;e3f5:-537;e3c4:-584;e3d5:-618;c2c3:-629;e1d3:-641
2kqrr1b/p2pp1n1/bn2Q1p1/1p2P2p/PPpP1p2/7P/2P2PPN/NKB1RR1B b - - 0 14,opening,g7e6,-756,g7e6:-756;d7e6:-691;f8f6:-461;b5a4:-245;f8g8:-188;a6b7:-188;g7f5:-188;c4c3:-185
qrkrn2n/ppp1p1pp/3p1pn1/5n2/2P4P/1P1P4/P1K1PPP1/QR1RNNNN w - - 2 6,opening,e2e4,112,e2e4:112;h4h5:110;d3d4:71;c2c1:54;c2d2:52;h1g3:46;g1f3:46;a1c3:46
rbnqknbr/pp1p1p1p/2p1p3/6p1/7P/1P4P1/P1PPPP2/RBNQKNBR w - - 0 4,opening,e2e4,54,e2e4:54;h4g5:48;c2c3:45;d2d4:10;a2a4:-1;c1d3:-28;b3b4:-47;e2e3:-47
1nrq3r/k1pQp2b/p5pP/Ppb5/3n1p2/NP3P1P/3PPBN1/K1R2R2 b - - 0 23,opening,b8d7,-785,b8d7:-785;d4b3:-770;d8d7:-705;d4c2:-542;d8g8:-492;a7b7:-406;c5a3:-399;e7e5:-392
1brb1q1k/rp1ppb1p/p1p1b3/5Pp1/P4P2/2PP2PP/BP1B2K1/R1RB1QB1 w - - 1 14,opening,g1d4,610,g1d4:610;f5e6:591;g1a7:457;a2e6:370;f4g5:360;c3c4:339;a4a5:287;d1g4:269
nknbrqrb/pppp2pp/2Q5/8/4p3/1N4PP/PPPPPP2/NK1BR1R1 w - - 0 7,opening,c6d7,-421,c6d7:-421;c6c5:-465;b3c5:-475;c6c3:-489;c6b5:-510;c6a4:-530;c6d5:-531;c6c4:-572
br1k1b1b/pp1p1bp1/1r3p2/P1pqp1Pp/8/1P1PP2P/1BPQ1PB1/1R1KRBB1 w - - 1 14,opening,g2d5,683,g2d5:683;g5g6:485;a5b6:483;g1h2:474;d3d4:471;g5f6:460;e1e2:456;f2f4:452
r1qbbrkn/2pppp2/p1n3pp/1p6/1P3P2/4P1P1/P1PP1B1P/RNQB1RKN w - - 0 6,opening,d1f3,36,d1f3:36;c2c3:31;c1b2:17;e3e4:15;d2d4:15;a2a3:12;d2d3:-13;b1c3:-25
r3qbr1/Bbp2pk1/pp4p1/3p2P1/1P1P4/4B3/PQP1P2K/2RB1bR1 b - - 1 20,opening,g8h8,-99997,g8h8:-99997;f8d6:-99996;e8e3:-99995;e8e4:-789;e8e6:-675;f8b4:-508;e8d7:-475;e8c8:-468
b1rbr1b1/1p1qb1k1/1B2pR2/7p/2P1P1Bp/2R5/PP1P2P1/BB4K1 w - - 10 21,midgame,b6d8,-464,b6d8:-464;b6e3:-477;f6e6:-522;f6f4:-576;g4e6:-591;f6f1:-599;b6f2:-608;c4c5:-635
r1b2rk1/2Pp1q2/3bpp1n/pp2PPp1/NQ1R2Pp/3P3P/PBP2KN1/R2B4 w - - 4 23,opening,b4d6,494,b4d6:494;f5e6:401;b4b5:226;e5d6:217;b4d2:204;b4c3:128;b4e1:32;b4b3:-3
k1b1nr1n/1r1p1pqp/p5pB/2p5/1P1pp1Pb/3NP2P/PRB2P2/K4RQN b - - 4 13,opening,g7h6,-361,g7h6:-361;g7g8:54;g7f6:255;h4f2:279;e4d3:296;h4f6:311;c5c4:315;c5b4:347
b1qr1b1r/kp1bp1pb/7p/p1pp1p2/2P2P2/3P4/PP1RPBPP/BKQ2B1R b - - 3 11,opening,e7e5,-332,e7e5:-332;d5d4:-323;d5c4:-315;b7b6:-304;e7e6:-295;h7g6:-262;h8g8:-257;h6h5:-257
n1nr1n1n/p1p1pp2/Nk1p2rp/1p4pP/3Pq3/PP2P3/N1P2PP1/NQ1RKNR1 w - - 1 12,opening,h5g6,499,h5g6:499;f1g3:496;a6c5:461;f1d2:412;a2b4:387;a3a4:366;a2c3:333;a6b4:306
rnnqknnr/pp1pp2p/2p2p2/6p1/4P2P/N7/PPPP1PP1/R1NQKNNR w - - 0 4,opening,d1h5,245,d1h5:245;h4g5:228;g1h3:203;f1g3:202;c1d3:192;f1e3:180;d2d4:180;d1e2:175
4kb1r/r1pq4/1p1p1P1p/pP2p3/N2nPRn1/1NPP1P2/P7/R2QKBN1 w - - 1 20,opening,f6f7,610,f6f7:610;b3d4:516;f4g4:515;f1h3:470;f3g4:457;b3c5:433;a4b6:426;a4c5:369
rbk5/3bp2p/p6n/1ppq1rN1/1n1pP2P/PPPP4/5PQ1/RBK1BNR1 b - - 0 23,opening,d5b3,157,d5b3:157;f5g5:229;b8f4:273;d5g8:296;d5e5:313;d5d6:325;d5b7:330;d5c6:352
b1n1brrk/q2p2pp/2p1p3/1p1P1pB1/p1P1PP1P/1P1n2P1/PB1Q4/2NN1RRK b - - 1 15,opening,d3b2,-207,d3b2:-207;d3c5:-50;d3c1:31;b5c4:39;a4a3:78;f5e4:98;c6d5:145;c8d6:174
4rbq1/1b6/pk1rp2P/2p2ppP/5PB1/P2P1BQ1/1PK1P3/B2RR3 w - - 2 23,midgame,f3b7,463,f3b7:463;f4g5:439;e1g1:390;h6h7:390;b2b3:386;e1h1:367;e1f1:357;c2b1:331
knrnr2n/pp1pppp1/2p5/5q1p/3P3n/P1N4P/1PP1P3/KNR1RNQN w - - 0 10,opening,f1e3,-192,f1e3:-192;d4d5:-192;e1d1:-207;h1g3:-213;e2e4:-214;h1f2:-215;b1d2:-215;f1d2:-217
rr1b1qbk/1ppppppp/1n1n4/8/p5PP/3P4/PPP1PP1Q/RRNBN1BK b - - 1 5,opening,f7f5,-75,f7f5:-75;a4a3:-37;e7e5:-24;f7f6:-24;c7c6:-18;c7c5:-7;e7e6:5;d6e8:20
b1qr2br/pkBpb2p/2p5/1p1bpp2/3P2P1/1P2Q1PB/PKP1P2P/B2R2BR b - - 3 11,opening,c8c7,-272,c8c7:-272;f5f4:-179;b7c7:-153;d8e8:29;g8e6:87;e7g5:97;e7a3:141;d5h1:197
knrrqnbb/2pp3p/p3ppp1/1p6/5P1P/P3N3/1PPPPQP1/KNRR2BB w - - 3 8,opening,g2g4,99993,g2g4:99993;g2g3:812;e3c4:474;e3d5:334;c2c4:301;e3f5:280;f4f5:249;d2d3:207
rk1qbbnr/4pppp/1n6/p1pp2P1/2B1PP2/1Np2N1P/PPKP4/1R1QB2R b - - 2 13,opening,d5c4,-292,d5c4:-292;b6c4:-266;e7e6:-231;d5e4:-219;c3d2:-206;a5a4:-203;e7e5:-135;g8f6:-122
qkb1nr1r/pp1p1ppp/4p2n/2p2P1P/8/3N4/PPPbP1P1/QKBB1RNR w - - 0 6,opening,c1d2,352,c1d2:352;f5e6:7;e2e4:-95;f5f6:-148;b2b3:-157;g1f3:-164;b2b4:-167;a2a4:-174
2q1r1r1/p4pbB/k2b4/b1p1p1pP/3bR1P1/2P2PR1/PP1P4/KBQB4 w - - 5 20,opening,h7g8,405,h7g8:405;c3d4:379;d1e2:355;h5h6:335;d1a4:320;g3g2:314;g3h3:299;a2a3:290
kqrbbbr1/p1p1pp2/3p4/bp4pB/2P1P2P/P2B1PP1/1P1P2B1/KQR1B1R1 w - - 2 10,opening,c4b5,277,c4b5:277;f3f4:232;h4g5:221;e4e5:221;a1a2:220;g2h3:216;d3e2:193;b2b4:187
r1qn1rkb/p2pppNn/7p/1pp1N3/1P2P2P/Q7/P1Pb2P1/RB2R1KB b - - 0 11,opening,h8g7,-520,h8g7:-520;c5b4:-511;c8c7:-472;e7e6:-445;d8e6:-437;d2e1:-433;d2c3:-424;f8e8:-408
4n3/pk1p1n1r/1np2pr1/2p3pp/2P3P1/KPNP1p2/P3PN1P/2N1R1N1 w - - 0 22,opening,e2f3,-259,e2f3:-259;c3e4:-269;g4h5:-272;h2h3:-303;d3d4:-310;c3d1:-336;f2e4:-347;h2h4:-349
2br4/1rpk2pb/1p2ppn1/pq1p1P2/P5pP/3PB3/1PPnP2N/RQ2K1BN w - - 0 21,opening,e1d2,-54,e1d2:-54;f5g6:-86;e3d2:-99;a4b5:-116;b1c1:-154;b1d1:-171;b1a2:-196;f5e6:-303
qrbkbn1r/p2p1p1p/2p1p1p1/1p6/3P1PnP/PPP1P3/4N1P1/QRBKBN1R w - - 1 9,opening,c3c4,128,c3c4:128;f1h2:119;e3e4:116;h1h3:106;a3a4:103;d4d5:76;c1d2:74;h1g1:49
k2r1nrn/1ppp4/n3nNp1/4p2p/Pp6/3P1P1N/2P1P3/KNRQ1N1R b - - 0 14,opening,b7b6,609,b7b6:609;a6c5:626;e6c5:626;g8g7:629;b7b5:643;a8b8:646;c7c6:648;d7d5:651
r1brknbn/1p1ppp1Q/p1p3p1/2q5/1PP4P/8/P2PPPP1/R1BRKNBN w - - 0 6,opening,h7h8,453,h7h8:453;h7g8:350;h7g7:302;g1h2:284;b4c5:284;c1b2:254;h7f7:246;h1g3:238
1r1bbr2/pnpp1p1k/1pn1p3/5N1p/1qP3P1/P2Q3p/3PPP2/1N1BBRK1 w - - 0 17,opening,a3b4,336,a3b4:336;f5d4:292;f5g3:284;f5e3:284;f5h4:208;f5h6:164;f5d6:139;f5e7:122
rb1bbqrb/pkp5/1p1p2p1/1PP1pp1p/5P2/6PP/P2PP3/RBKBBQR1 w - - 0 9,opening,c5c6,-186,c5c6:-186;e2e4:-273;d1b3:-293;d2d4:-295;f4e5:-301;b1d3:-305;e2e3:-305;a2a4:-316
1rb1r3/1b1pkpq1/p6b/1ppP3p/1RP4b/5PP1/P3P1KP/3BR1QB w - - 1 17,opening,g1c5,-407,g1c5:-407;d5d6:-514;b4b3:-567;b4b1:-579;d1c2:-587;g2f1:-604;c4b5:-630;b4b2:-631
nnnrqnrk/p1p1pppp/1p6/8/2Pp4/1NNP4/PP2PPPP/N2RQNRK b - - 0 4,opening,d4c3,-373,d4c3:-373;c7c5:-147;f7f5:-134;e7e5:-132;f8g6:-129;e8d7:-124;h7h6:-96;f7f6:-95
qb1rn2b/pr1pppk1/1p3n2/2p2Ppp/3P2P1/P3KN2/BPP1P2P/Q1RRN2B w - - 1 13,opening,f3g5,-172,f3g5:-172;e1d3:-180;e3d3:-215;e1g2:-226;c2c3:-256;e3f2:-257;g4h5:-277;h2h3:-285
bk1brq1n/ppp1pprp/3n2p1/3p1P2/6P1/1P3Q2/P1PPP2P/BKNBR1RN b - - 2 5,opening,f7f6,20,f7f6:20;g7g8:25;d6e4:32;b7b6:121;e7e5:128;a7a5:154;b7b5:154;d5d4:167
1rkrnn1n/p1pppppp/5n2/1p6/4P1P1/1q3P2/PPPP1N1P/QRKR1N1N b - - 0 7,opening,b3a4,-387,b3a4:-387;b3f3:-354;b3b4:-339;b3e6:-337;b3c4:-306;b3c2:398;b3d5:465;f8e6:474
1brr2nb/2p2pkp/Pp1q4/3pp3/P6p/Q1PP2n1/4PP1P/1BRRNBK1 w - - 0 17,opening,a3d6,43,a3d6:43;a3b4:-276;e1c2:-284;a3b3:-293;a3b2:-317;a3a2:-322;a3a1:-365;a6a7:-380
1nkrrqnn/pppp1pp1/1n6/4p2p/3PP3/1N6/PPP2PPP/1NKRRQNN w - - 1 4,opening,d4e5,79,d4e5:79;b1c3:78;g1f3:77;f2f4:75;d4d5:65;h1g3:61;c2c4:51;g1e2:47
bbqknrrn/2pppppp/1p6/8/p2P1P2/4P3/PPP3PP/BBQKNRRN w - - 0 4,opening,c2c4,96,c2c4:96;b2b3:72;h1g3:65;b2b4:59;g2g3:45;h1f2:42;e1f3:37;h2h4:19
rrn1b3/1pppkp1p/pB2p3/6p1/P1Pb3P/4n1q1/1P2PQP1/RRN1K1NB b - - 2 13,opening,e3g2,-839,e3g2:-839;e3c2:-764;g3f2:-647;g3g4:-464;g3d6:-456;g3e5:-431;g3h4:-390;g3f4:-350
qrbrb2k/p1pp4/4p1pp/3P4/Pp1bPB2/3PBP2/QP4PP/1RBR1B1K b - - 1 11,opening,d4e3,569,d4e3:569;d4g7:616;d4f6:623;e6e5:633;d4b6:636;d7d6:672;h8h7:677;a8b7:694
n1nr1rkb/1B2b1pB/3pp3/1qp5/p4pP1/3P4/PQP1PP1P/N1NR1RK1 b - - 0 13,opening,g8h7,578,g8h7:578;g8f7:730
b1q2nrr/3kp1pp/8/ppQpbp1P/BP1PPP2/PP6/3N2P1/B1K2NRR w - - 5 21,opening,a4b5,701,a4b5:701;d4e5:515;c5c8:511;f4e5:509;e4d5:497;e4f5:497;f1e3:448;c1b1:407
bqkbr1b1/pppp1ppr/4p2p/8/Pb5P/4PB2/1PPP1PPR/BQK1RBB1 b - - 4 5,opening,d8e7,62,d8e7:62;e6e5:70;f7f6:72;h6h5:77;h7h8:77;c7c6:78;a7a5:86;g7g6:98
br1n3r/1p2ppp1/Q1p1q2k/1b1pnP1p/1P6/2P1P3/P2P1BPP/BR1NK1NR w - - 0 14,opening,f5e6,-119,f5e6:-119;a6b5:-189;c3c4:-306;a6a7:-345;d2d3:-362;a6a3:-395;d2d4:-416;g1f3:-419
1qb1rkbr/p2ppp1p/Pp4p1/2p5/4Pb1P/2b2B2/BPPPRPP1/Q1B2KBR b - - 0 9,opening,c3g7,9,c3g7:9;c3d4:20;c3f6:51;c3e5:63;c3b4:209;c3a5:247;c8a6:264;c3d2:348
q1r2b1b/1pp1p1pk/2nr3p/p6P/P1B5/QPpNR3/5PP1/1N4KB b - - 0 18,opening,g7g6,-51,g7g6:-51;g7g5:-47;c3c2:20;c8d8:156;e7e5:166;c8e8:167;e7e6:179;c6d4:190
q1r1nknb/bp2p3/2p1p3/2P2ppp/3NPP1P/1p1P4/PP1RK1P1/QB5B b - - 0 16,opening,h8d4,-550,h8d4:-550;e8c7:-329;e8g7:-248;f8f7:-216;h8f6:-195;g5h4:-193;a7c5:-191;g5f4:-177
rn2krq1/2ppp1p1/2p3np/Q2n1p2/1n1P3P/1PN1PPP1/P1P5/2RKR1NN w - - 1 14,opening,a5a8,180,a5a8:180;a5c5:-449;c3d5:-513;a5d5:-661;a5b4:-675;h4h5:-740;a5c7:-765;c3b5:-766
q1rr3b/4nkp1/pp3n1p/3pp2P/1P2B1P1/4N3/P1PNPP1b/QBR2K2 w - - 2 19,opening,e4g6,-366,e4g6:-366;e4g2:-393;e4h1:-395;g4g5:-424;e4f5:-425;d2f3:-451;e4f3:-457;a2a3:-457
n1nrr2k/pp1pp1n1/n4P1N/2p2q1p/5P2/N1PPPN1p/PP5K/NR2R2Q b - - 1 21,opening,f5f6,149,f5f6:149;f5g6:449;e7f6:472;f5e6:480;f5d3:576;f5h7:594;f5d5:641;h8h7:684
rbbqkb1r/ppppp2p/8/4Pp2/2b3P1/3P4/PPP1KPP1/RBBQ1BBR b - - 0 6,opening,c4e6,249,c4e6:249;c4f7:276;c4g8:325;c4a6:336;c4d5:396;f5g4:425;c4b5:425;c7c6:426
nk3rqr/1p5p/nnp2np1/p1QpPp2/P3P1P1/1PNN4/2PP3P/N2KNR1R b - - 2 18,opening,a6c5,-547,a6c5:-547;f6e4:-115;f6g4:-69;b6c8:-35;f8d8:6;b8c8:16;b8a7:24;f5e4:62
knr2r1b/5bp1/pppp2n1/1q2pp1Q/1P1P1PP1/P3N3/2P1P2P/K1RR2BB w - - 0 14,opening,f4e5,-312,f4e5:-312;d4d5:-320;h5f5:-326;h5g5:-332;c2c4:-333;h5h7:-360;e3f5:-375;a1b1:-381
rn1k1b1r/pp1p1n1p/4p1p1/2pP1Pq1/P3n1P1/R1P2P2/1PQ4P/1NNKNB1R b - - 2 19,opening,e4d6,62,e4d6:62;e4f6:197;e6d5:221;g6f5:224;f7d6:256;f8h6:273;e6f5:303;e4c3:341
rb1qkbnr/1pp1pppp/8/p2p1b2/6P1/P7/1PPPP2P/RBBQKBNR b - - 0 4,opening,e7e5,-392,e7e5:-392;f5g4:-384;e7e6:-376;f5d7:-280;f5c8:-273;f5e4:-246;f5e6:-230;f5g6:-207
3kbbbq/prrppp1p/2b5/1p4p1/1P5P/7Q/P1PPPPP1/1RRKBBB1 w - - 0 7,opening,h4g5,-235,h4g5:-235;a2a4:-260;h3a3:-272;f2f3:-278;g1h2:-279;e2e4:-279;f2f4:-300;g2g4:-308
r4nbr/bp1pkppp/2p1p3/p7/Q1P1nP1q/4B1NB/PP1PP1PP/R1N2K1R w - - 0 9,opening,g3e4,465,g3e4:465;a4a3:269;e3a7:187;c4c5:181;c1b3:157;c1d3:110;a4b3:104;d2d4:1
bk3qrb/6pb/1p2pp2/prp2P1p/b1PP3P/3P1Q2/1B3RP1/1KB1B1RB w - - 0 21,opening,f3g3,215,f3g3:215;f3h5:204;f3f4:106;c1f4:33;f3e3:3;f3e2:-1;d4d5:-40;f3h3:-120
r1b1r1k1/1Qp1b3/p2p1Pp1/1p5p/1P1q1P1P/8/PbP3P1/B1BB1K1B w - - 0 17,opening,b7f3,-578,b7f3:-578;d1h5:-623;f6f7:-640;d1f3:-641;d1e2:-643;d1g4:-666;b7b5:-710;b7a8:-815
r2bk1B1/p1p1p3/2b4b/1p1p1rpp/1P5b/P1PQqB2/R2P2P1/B2K2RB b - - 1 22,opening,e3d3,-644,e3d3:-644;e3g1:-277;e3f4:255;e3e5:283;e3e4:386;e3f3:496;f5f3:503;g5g4:582
1k2n1rn/2n1p1pp/3np3/rpp5/p1P1Pp1P/1P1N2P1/q2P1P2/RN1K1RQN w - - 1 18,opening,a1a2,353,a1a2:353;b1c3:-502;d1e2:-503;d3e5:-508;d3c5:-522;f2f3:-529;g3f4:-541;b3b4:-577
2rbkbrb/pbppp1pp/1p6/4Bp2/1P6/5qP1/P1PPP1RP/1QRBKB1B w - - 2 6,opening,e2f3,659,e2f3:659;g2g1:148;c2c4:114;b1b2:39;e2e3:10;c2c3:-26;e5g7:-36;e5f4:-69
b1b1r1qb/1p2r1b1/k3pp2/3p2pp/2p1P1P1/2BPRP1P/PPPRBQ2/B1K4B b - - 3 15,opening,f6f5,334,f6f5:334;b7b6:407;a6a7:432;d5d4:437;e7d7:440;h5g4:442;d5e4:445;e8d8:473
rb2bqrb/2kpb1p1/p4p1p/1p2p3/P2p1P1P/2P1P1PQ/1PB5/RBK1B1R1 w - - 0 13,opening,h3g2,94,h3g2:94;h3h1:69;a4b5:16;c3d4:11;e3d4:-6;c2e4:-139;g3g4:-147;h3f1:-150
bqbbrr1k/3pp3/ppp4p/3B1pp1/3PPb2/1QP3P1/PP1B2KP/B2BRR2 w - - 0 13,opening,d2f4,85,d2f4:85;g3f4:-21;d5f7:-40;f1f4:-77;d2e3:-197;d1h5:-200;d2c1:-220;e1e2:-242
3br2b/p2qp2p/k1p4b/3p1Ppr/P3P3/3P2bB/KPP4P/1BQB2RR w - - 2 18,opening,d1h5,223,d1h5:223;d3d4:-61;d1e2:-71;d1g4:-139;f5f6:-166;c1e3:-167;c1d2:-196;d1f3:-201
bq1brr1k/4pb1p/p1B5/1p3pp1/3p2P1/P1Q3bP/1PP1P3/B1BBRK1R w - - 1 16,opening,c3d4,-437,c3d4:-437;c3d2:-568;c6e8:-583;c3d3:-586;c3b4:-601;g4f5:-617;e2e4:-647;c3c5:-668
bb1bkrrQ/2qppp1p/2B5/p1p3p1/1P4P1/P3P3/2PP1P1P/BB1BKRR1 w - - 1 10,opening,c6d7,194,c6d7:194;h8h7:155;h8b2:123;h8c3:104;h8e5:90;h8g8:80;c6a8:-151;b4b5:-165
bq1r1rk1/1pp1bp2/2P5/1Q1p2pB/P1Pbp3/2B1PPP1/3P2KP/2B1RR1B w - - 2 16,opening,e3d4,629,e3d4:629;c3d4:612;c6b7:492;c1b2:486;c1a3:447;c3b2:423;f3e4:409;h5f7:400
brqk1bbb/ppp1rppp/3p4/4p3/2P5/1Q6/PP1PPPPP/BR1KRBBB w - - 0 4,opening,g2g3,-9,g2g3:-9;g2g4:-12;f2f3:-74;e2e4:-91;b3c2:-94;f2f4:-95;b3a4:-105;b3a3:-107
bbqbkrr1/p1pp3p/4pbp1/1p2Q3/3PPp2/P1P5/1P3PPP/BB1BKRRB b - e3 0 7,opening,f6e5,-676,f6e5:-676;c7c6:-598;a7a6:-240;d7d5:-202;c8b7:-200;a8d5:-176;f4e3:-167;c8a6:-163
1bk2r1q/2pbpp1p/r1np1n2/pp1Q2p1/2P2P1P/6P1/PPBPP3/R1KNBRN1 w - - 1 9,opening,d5h1,-34,d5h1:-34;d5g2:-44;d5f3:-239;d5d3:-244;d5b5:-277;d5g5:-370;d5f5:-475;d1c3:-498
kqbbrn1r/pppp1ppp/4p3/7n/5P2/PP6/2PPP1PP/KQBBRNNR w - - 1 4,opening,g2g3,45,g2g3:45;d2d4:25;e2e3:24;g1h3:18;e2e4:-71;d2d3:-80;b1b2:-129;f1g3:-138
k1n1bbn1/3p1pp1/1pN5/Ppq1p2r/2P2P2/4P3/P1KP3P/R3QBNR w - - 3 20,opening,c6e5,102,c6e5:102;a2a4:12;e1e2:-36;f1e2:-95;c6d4:-102;c6d8:-133;f4e5:-144;g1f3:-180
rb2rk1b/p2p1pp1/1pqn3p/2pBp3/1PP1P1Pn/P7/3P1P1P/RBQNRN1K w - - 1 11,opening,d5c6,537,d5c6:537;e1e3:393;b4c5:365;b1d3:361;d1e3:359;b4b5:357;b1c2:350;a3a4:328
r1bq1rk1/3pp2p/3b1ppb/ppPP4/P7/1P2B1P1/3KPPBP/RBQ3BR w - - 1 16,opening,e3h6,640,e3h6:640;c5d6:583;f2f4:529;a4b5:498;f2f3:467;d2d1:432;d2e1:418;a1a2:416
2kn1r1r/1q2pppp/pp3n1n/8/1nP1P3/N7/PN1P1PPP/Q1K1N1RR w - - 1 11,opening,f2f3,-325,f2f3:-325;e1c2:-331;a3c2:-332;d2d4:-336;b2a4:-349;e4e5:-351;a1b1:-382;d2d3:-386
b1rqkbnr/pppnpppp/8/3p4/3P2P1/1Q6/PPP1PP1P/BNR1KBNR w - - 5 5,opening,e2e3,-111,e2e3:-111;g1f3:-112;h2h4:-123;b1d2:-124;b3g3:-124;b3h3:-129;g4g5:-135;f1g2:-135
1r1b1k1n/rpqpp1pp/6n1/2p1B3/1p4B1/PbP1P1pP/3P2P1/RRQ3KN w - - 0 15,opening,e5c7,417,e5c7:417;c1f1:319;e5g3:65;a3b4:-317;e5g7:-382;e5f4:-397;e5d6:-436;d2d4:-449
2qnb1rk/2p2r1p/pnbp1p2/Bp2p1p1/P2P4/1P3P1P/1QP1PRPK/B1NNR3 w - - 7 15,opening,e2e4,146,e2e4:146;a5b6:146;a4b5:116;c1d3:106;d1e3:95;d4e5:92;c2c4:84;a5c3:64
nbrbrqk1/1ppppp1p/5np1/pP6/2P1P3/8/P2P1PPP/NBRBRQNK w - - 0 5,opening,e4e5,235,e4e5:235;d2d4:202;f2f4:171;g2g4:113;a1b3:110;c4c5:96;a2a4:81;g2g3:78
rn3b1r/pppk4/1n4np/1q1p1pP1/4p3/PPPP2KP/3NP1P1/R1NQ1BNR w - - 1 14,opening,e2e3,-295,e2e3:-295;g3f2:-314;d3d4:-324;b3b4:-355;c1a2:-371;d2c4:-373;d2b1:-392;d1c2:-393
nknb1rrb/1ppp2pp/4pp2/p3P3/3P2PP/1N3P2/PPP1R3/1KNBQqRB b - - 0 11,opening,f1e1,-38,f1e1:-38;f1h3:471;f1g1:493;f1e2:631;a8b6:707;f6e5:710;c8b6:715;a5a4:728
rq1bbbrk/ppp1ppp1/B2pb3/7p/8/4P1P1/PPPP1P1P/RQBBBR1K b - - 1 4,opening,b7a6,-407,b7a6:-407;e8c6:-380;e6d5:-158;e6h3:-115;g7g5:-43;c7c5:-43;e8d7:-38;g7g6:-33
r3n1bb/1p2k1p1/r1ppp3/5p1p/1pnPPP2/1PPQ1BP1/PR5P/1R3KB1 w - - 3 17,opening,b3c4,478,b3c4:478;d3c4:444;e4e5:347;b2e2:346;c3b4:334;b2f2:313;b2g2:302;a2a4:282
nknbr1rb/p2p1p1p/2p1p3/1p4p1/1P1P3q/1K3P1P/P1P1P1P1/N1NBRQRB w - - 2 7,opening,e2e3,-258,e2e3:-258;c2c3:-263;g2g4:-355;e2e4:-378;f3f4:-378;f1f2:-744;c1d3:-99995;b3a3:-99995
bkrr4/pppp2b1/4p1q1/6p1/1P1Pb2p/b1PB1Pp1/P3Q2P/BKRR2BB w - - 2 15,opening,d3e4,291,d3e4:291;f3e4:150;e2e4:5;a1b2:-296;d3c2:-300;c1c2:-331;f3f4:-441;c3c4:-457
n2r1b1k/pr1p1b2/2Nnp1pp/1p2Pp2/P4qP1/2PP4/1P2NP1P/R1R1QBBK w - - 1 15,opening,e2f4,759,e2f4:759;c6d8:704;f1g2:616;e5d6:571;c3c4:557;a4b5:542;g4f5:528;h2h3:519
bbr1k1nr/2pq1pp1/4p1B1/pp1p4/5Pn1/PPPP2PP/2RQP1K1/B4NNR w - - 5 17,opening,h3g4,62,h3g4:62;g6f7:34;g1f3:26;d3d4:-37;g6h7:-105;c3c4:-109;g6h5:-214;c2c1:-233
rb1bnkn1/4p2r/4qp1p/Pppp2p1/P1P3PP/3PQN2/B3PP2/R2BNK1R b - - 0 10,opening,e6e3,82,e6e3:82;e6c8:222;e6d7:242;e6f7:291;e6d6:296;e6g4:331;b8e5:350;e6c6:365
b1kr2bn/2p2n1p/3pp3/1r5q/PNPPP3/1PK2pN1/1B3PP1/1R2QRB1 b - - 1 22,opening,h5g4,280,h5g4:280;f3g2:330;h5h4:332;h5g6:357;h5g5:364;h5h6:402;f7g5:464;b5g5:474
brb1qrkn/p3pppp/1pppn3/8/P7/BP3P2/2PPP1PP/BR1NQRKN w - - 0 5,opening,h1g3,38,h1g3:38;e2e4:33;d2d4:-24;c2c4:-38;a3b2:-39;f3f4:-48;e2e3:-49;d2d3:-75
q2n1rk1/3Np1r1/1n5p/p1pp1pp1/Qnn2P2/1PP3PK/2NPPR1P/4R2N w - - 0 21,opening,a4b5,-483,a4b5:-483;f4g5:-577;b3c4:-590;c3b4:-593;d7f8:-608;a4b4:-621;c2b4:-631;h3g2:-659
n2krrqn/n1ppp1pp/n7/pp3p2/2P3PP/3PP3/PP3P2/NNNKRRQN w - - 0 7,opening,g1g2,48,g1g2:48;b2b3:37;c4b5:30;b1d2:26;b1a3:23;g4f5:13;a1b3:12;f2f4:-17
1knr1bnq/4pppp/1pb5/r1Pp4/pp5P/1N1BPP2/P2P2P1/RK1RB1NQ w - - 2 11,opening,h1h2,270,h1h2:270;b3a5:265;e1g3:173;b3d4:-110;g1e2:-211;c5b6:-239;a2a3:-288;g1h3:-290
1nq2rk1/1p1pp1p1/1b3pn1/2pN3p/rpP5/P1NPP2b/5PPP/RQ2BRK1 w - - 5 17,opening,c3a4,297,c3a4:297;d5b6:105;g2h3:25;f2f4:-55;d3d4:-115;d5e7:-120;b1d1:-134;c3b5:-175
2qbb2r/2pppkp1/7r/pp1P1pPp/1n3Pn1/2N2K1P/PPPBP3/RQ1B1R1N b - - 8 15,opening,g4h2,-109,g4h2:-109;c8b7:-30;b4d5:46;c8a8:60;h6h7:63;h6d6:83;c7c6:218;h6a6:241
1rb3k1/rpbpp2p/2p5/p7/P1P1nP1p/PR4NP/R1NPn1P1/B2B1K2 w - - 2 23,opening,g3e4,261,g3e4:261;f1e2:-82;g3f5:-249;g3e2:-317;g3h5:-326;d1e2:-329;b3e3:-381;f1e1:-395
rknq2r1/pppp1b2/3bp2p/3N1pp1/1PP3n1/5PPP/P2PP1R1/RKNQBB2 w - - 4 12,opening,c4c5,33,c4c5:33;h3g4:27;d5c3:3;f3g4:-70;d2d4:-123;d5c7:-127;a2a3:-153;d5f4:-177
kqrbQnr1/ppppp3/8/5p1p/2Pb2P1/1N1P4/PP2PP1P/K1RB1NRB b - - 0 8,opening,c7c6,441,c7c6:441;d4f6:445;e7e5:446;d4f2:446;c7c5:481;g8h8:493;d4e5:500;d4h8:510
1rnnkr1q/pp2pppp/3p1n2/2pn4/5P2/P6N/1PPPP1PP/NRNN1KRQ w - - 5 6,opening,g2g3,4,g2g3:4;g2g4:0;c2c3:-16;d2d3:-24;c2c4:-24;f1e1:-25;e2e3:-25;a1b3:-28
r1nn1n1n/pp5p/1k2q2r/1PpP1pp1/P3p1P1/1N4QP/2KPPP1N/R2NR2N w - - 1 15,opening,a4a5,99997,a4a5:99997;d5e6:822;g3c3:810;d1e3:605;d1c3:497;g4f5:479;b3d4:380;e1g1:378
b1qr1bbr/Bk1pp2p/2p5/3b3P/P3Pp1B/1p4P1/1K1P1BB1/2QR3R b - - 3 19,opening,d7d6,261,d7d6:261;c6c5:276;d5c4:320;f4f3:342;f8g7:343;d5f7:358;d5e6:366;c8c7:387
rbkbbqr1/p1p1ppb1/8/1p1p2pp/8/2P1PPPP/PP1PQ3/RBKBB1RB w - - 0 7,opening,f3f4,240,f3f4:240;a2a4:232;e3e4:228;b1h7:191;b1d3:179;d1b3:160;h3h4:154;d2d4:137
rb4b1/2p1p1kp/p5p1/P2pBp2/1b1Pb3/4KP2/2P1P1P1/RB3B2 b - - 0 23,midgame,g7h6,-377,g7h6:-377;g7f8:-377;g7f7:-323
1n3r2/Qp1pkr1q/pn1nppp1/5P1p/P1P4P/2P1PP1R/1PK1N3/NN2NR2 w - - 3 18,opening,a7b6,515,a7b6:515;c4c5:399;b1d2:380;b2b3:373;f5e6:325;e2f4:324;b1a3:311;f1g1:282
2q3rb/bk2r1p1/p4p2/P1n1p2p/2pNnRNP/2PP2P1/1PK2P2/QB4RB b - - 2 21,opening,c4d3,-317,c4d3:-317;e5f4:-201;e5d4:-193;b7b8:-192;b7c7:-111;h5g4:-3;g8d8:87;f6f5:103
1n1qr1nr/k1p1pppp/1n2n3/pp1N4/P2p2P1/1N4N1/1PPPPP1P/K2QR1NR w - - 4 8,opening,d5b6,61,d5b6:61;e2e4:-106;b3d4:-244;d5f4:-281;c2c4:-283;d5c7:-312;f2f4:-320;g1f3:-326
1kb2n1r/6pp/p2prp2/1pn5/7P/P2P1QP1/1bP2P1R/1KR1BN2 w - - 0 23,midgame,b1b2,391,b1b2:391;f1e3:261;e1a5:241;e1b4:240;c1d1:221;e1d2:203;f3d1:166;f3f4:90
bqb4b/1ppp1Qp1/7k/p1PrpB1p/PP2P2b/8/2BR1P2/B1B1R1K1 b - - 7 19,opening,h4f2,99998,h4f2:99998;h4e7:99999;d5c5:99999;b7b5:99999;h4g3:99999;b8a7:99999;h4d8:99999;d5d2:99999
rr1nkb1b/2p1p2p/qp3p1n/1p1P4/3PPPpP/8/PP4P1/RRQ1KBNB w - - 1 10,opening,a2a4,84,a2a4:84;g2g3:-27;g1e2:-110;b2b4:-114;a2a3:-124;f1d3:-124;e1f2:-148;c1d2:-165
r2krq1n/p1pppppp/2n2n2/1p4P1/nP5P/3N4/P1PPPP2/RN1KRQNN w - - 1 6,opening,g5f6,215,g5f6:215;e2e4:99;h1g3:95;f1g2:89;e2e3:-4;f2f3:-47;b1a3:-86;a2a3:-96
krb2r2/pp1pp3/1b1n2p1/2pPnp1p/P1B2P2/2P5/1P2PNPP/KRq2RQN w - - 0 13,opening,f1c1,224,f1c1:224;b1c1:134;f4e5:-205;a4a5:-339;c4a2:-346;f2d3:-430;f2g4:-456;f2e4:-456
nnr3r1/1ppqknp1/4pn2/p2p3p/2P5/PP1pP1NP/1R2QPP1/NN3K1R b - - 1 14,opening,d3e2,-948,d3e2:-948;h5h4:-632;c7c5:-587;c7c6:-583;a8b6:-583;d5c4:-579;g7g6:-564;b8a6:-546
r3rbbb/p1kbp1pq/2p5/3p1p1p/R1BP4/1P2PP2/2PB1QPP/1K1R2BB b - - 0 13,opening,d5c4,-6,d5c4:-6;c6c5:110;a7a5:158;e7e6:202;g7g5:204;e8b8:213;e7e5:215;g7g6:230
b1b1b2b/1kpr2r1/4pQ2/1p1p2Pp/1q5P/p1P5/P2BP1P1/B1KRB1RB w - - 0 19,opening,c3b4,684,c3b4:684;f6d4:73;d2e3:64;e1f2:60;f6g7:23;f6f4:-69;f6f5:-136;f6f3:-151
bkbr1bq1/pppp1p2/4rb1p/4p3/3P2P1/5B2/PPPBPP1P/BK1RRBQ1 b - - 2 6,opening,e5e4,-68,e5e4:-68;e5d4:-3;d7d5:-2;e6e7:118;e6e8:121;f6h4:125;f6g5:131;e6b6:137
qrkbrnnb/pp1p1p1p/2p3p1/4p3/P2P1P2/8/QPP1P1PP/1RKBRNNB b - - 0 4,opening,e5d4,-195,e5d4:-195;e5f4:-106;f8e6:-15;e5e4:-2;d8a5:77;g8h6:139;d8e7:140;c8c7:141
1r2r1qn/pkppnppp/1p2n1n1/4p3/P1P5/4NP1P/KP1PP1P1/1NRNR1QN w - - 3 9,opening,h1f2,-76,h1f2:-76;b1c3:-80;b2b3:-92;d1c3:-94;b1a3:-96;e3c2:-105;e3d5:-106;g2g3:-119
kbbrqrnn/pppp2pB/8/4pp2/3P3P/2PR4/PP2PPP1/K1B1QRNN b - - 1 5,opening,g8e7,-65,g8e7:-65;e5e4:-64;d7d5:-29;d7d6:-10;e8h5:54;e5d4:71;g8h6:84;f5f4:85
n2rrbkb/pp1ppppp/1np4q/8/3P4/1PP3P1/P1N1PPKP/1QNRRB1B b - - 2 6,opening,d7d5,40,d7d5:40;e7e5:45;a8c7:49;g7g6:49;a7a6:79;b6d5:80;d7d6:80;a7a5:81
bqr1kbr1/1ppp1p1p/p3p1p1/8/P1Pb3b/4PPP1/1P1P4/BQRBKBRB b - - 0 6,opening,b8a7,-71,b8a7:-71;h4f6:-41;c7c5:24;c7c6:57;f8b4:129;d4e3:153;f8e7:155;h4g3:170
nn1kqrrn/p1ppp2p/3n1p2/1p4P1/3PP1P1/8/PPP2P2/NNNKQRRN b - - 0 5,opening,f6g5,75,f6g5:75;g8g5:116;a8b6:119;d8c8:141;e8g6:144;e7e5:148;h8f7:150;b8c6:160
k2q1rr1/pppppp1p/5nn1/2NP2p1/n1P1n3/3N1P2/PP1QP1PP/KN3RRN b - - 2 13,opening,e4d2,-656,e4d2:-656;e4c5:-398;a4c5:-160;e4d6:297;a4b2:353;a4c3:388;g6e5:410;a4b6:416
rrn3qb/1pp2k1b/p6p/3p1pn1/1PNP1Pp1/2P1B2P/P3P1PK/RR1Q3B b - - 9 22,opening,g4g3,-474,g4g3:-474;g5e4:-411;g5f3:-369;d5c4:-368;g5e6:-344;g8g6:-337;f7e7:-327;f7e8:-308
qbkrn1rn/pppp1pp1/7p/4p3/8/b3PP1P/1PPP2P1/QBKRNBRN b - - 0 6,opening,a3e7,-91,a3e7:-91;a3d6:-62;a3f8:-38;a3c5:-22;a3b4:-15;a3b2:265;a7a5:328;c7c6:332
k1rrq2b/pppp3p/n5n1/3bpNp1/6PP/1P2PP2/P1PP1Q2/KNRR2B1 b - - 0 9,opening,e5e4,-433,e5e4:-433;d5c6:-372;b7b6:-354;d5e6:-339;d5g8:-335;d5f7:-325;c7c5:-250;d5b3:-98
2qbrbrk/b1p1p3/ppbp2p1/5p1p/4P3/PPP3P1/3PRPKP/BBQB1BR1 w - - 2 10,opening,d2d4,69,d2d4:69;c3c4:67;g2h1:-1;b3b4:-9;a3a4:-44;b1a2:-50;e2e1:-59;a1b2:-68
r1rb1q2/1p5k/Qb1p1pp1/p1p1p2p/P2PPP1P/5BP1/b1P2B1B/RB1R3K b - - 2 17,opening,a8a6,-307,a8a6:-307;b7a6:-301;a2f7:261;c5d4:281;a2g8:309;a2b1:317;a2e6:327;f8e8:372
nrn1kqrn/3pppp1/pp2n3/2p4p/4PP1P/4N1N1/PPPPQ1P1/NRN1K1R1 w - - 0 7,opening,e2h5,185,e2h5:185;g1f1:179;e2f2:168;c1d3:157;e2f3:153;f4f5:150;e3d5:126;e2f1:113
knrbr1qb/Qp2pppp/2p3n1/3p4/7P/5P2/PPPPP1P1/KNRBRN1B b - - 0 4,opening,a8a7,-674,a8a7:-674
kr1nbrn1/p4p2/1pp2b2/3pp1pp/P3qN1P/1PPNP1P1/K2P1P2/R2QBR1B b - - 1 14,opening,e4f5,-259,e4f5:-259;e4h7:-25;g5f4:342;e4h1:348;e5f4:360;g5h4:393;f6e7:399;b6b5:422
bb1b1r1k/p1q3p1/1pP1rp2/3pp2p/7P/b1BP1PPK/PQP1P3/1B1BRBR1 w - - 1 15,opening,b2a3,164,b2a3:164;b2b3:-199;b2b5:-279;b2a1:-295;c3e5:-387;c3b4:-430;e2e4:-480;d3d4:-512
2brqrnn/2kppp2/6p1/2K4p/p2PPb1P/PPQ3P1/B1P1NP2/2BR2RN w - - 0 18,opening,c3a5,452,c3a5:452;c5b4:433;c1f4:433;g3f4:371;e2f4:360;b3a4:320;d4d5:317;c5c4:290
n1brkn1r/pp2p1pp/5p2/2pp4/3q4/1NPP1P1P/P2RP1P1/1Q2KNBR b - - 0 10,opening,d4c3,-124,d4c3:-124;d4e5:-60;d4h4:-51;d4a4:-22;d4f4:-11;d4g1:512;c8h3:553;d4d3:592
1q2r3/1np1prkb/1n1p2pp/p2P4/P1p1PP1P/1P2K3/6PR/2BRNNB1 b - - 0 22,opening,b7c5,-585,b7c5:-585;g7g8:-579;e7e5:-569;c4b3:-549;c7c5:-516;b6d7:-510;e8f8:-503;c4c3:-501
rbrbq1bk/pppp1p1p/6p1/4p3/8/b5PP/1PPPPP2/RBRBQBBK w - - 0 4,opening,b2a3,279,b2a3:279;a1a3:248;f1g2:-109;a1a2:-163;h3h4:-351;b1a2:-352;f2f4:-356;e2e4:-365
bkrbqbbr/2pppp1p/1p6/p5p1/8/PP4P1/2PPPP1P/BKRBQBBR w - - 0 4,opening,a1h8,-11,a1h8:-11;e2e4:-36;f2f3:-61;f2f4:-75;a3a4:-84;h2h4:-110;f1h3:-157;h2h3:-160
rbknbrnq/p1pp1pp1/1p2p3/4P2p/P7/1PN4N/2PP1PPP/RBK1BR1Q b - - 2 7,opening,d7d5,32,d7d5:32;f7f6:74;c7c5:75;g8e7:75;a7a5:77;d7d6:78;g7g6:80;c7c6:88
r1k2n2/2bn1r2/p1Qpp2p/1p3pp1/1P1b4/P1P2PP1/7P/1NKBR1NB w - - 2 23,opening,c6a8,730,c6a8:730;f3f4:574;c3d4:565;e1e6:561;g1h3:525;d1b3:511;d1c2:507;c1d2:507
br2qr1n/4p1nk/p1p2pN1/2p4p/4b1PP/2PPP3/PP1B1P2/BR3RKN b - - 0 14,opening,h8g6,-753,h8g6:-753;e4g6:-752;e8g6:-744;e4d3:-665;f8g8:-661;e4h1:-651;e4f3:-641;h7g6:-633
bqr1r1kb/1p1pbpp1/1bp5/p3p2p/1P2P3/P1Q4P/B1PP1PP1/B1RBR1KB w - - 2 9,opening,b4a5,246,b4a5:246;d1h5:240;c3b3:200;c3f3:166;c3c4:137;a2f7:136;c1b1:112;g2g4:92
n1k1rqrb/p1p3pp/3pp3/1p1P4/n7/1PP1bpP1/K3PP1P/N1NBRQRB w - - 1 12,opening,b3a4,132,b3a4:132;b3b4:-407;f2e3:-422;c1d3:-438;e2f3:-459;d1c2:-461;a1c2:-489;a2b1:-512
bq2b1n1/2pppk2/p2r2pr/1pn2p1p/PP1P1P1P/2P1P3/3Q2P1/BR1NBKNR w - - 3 13,opening,b4c5,432,b4c5:432;a4b5:1;c3c4:-31;g1f3:-75;d1f2:-114;g1h3:-122;d1b2:-132;d2c1:-151
nr2n1kq/1pr5/pn1pn2p/P1pNp2p/3P4/5NPP/1PP1PP1K/NR3R1Q b - - 0 17,opening,b6d5,-425,b6d5:-425;b6c4:-164;b6d7:-98;b6c8:-43;c7f7:44;b6a4:57;c7d7:110;c7h7:134
bbqbkrrb/2pppppp/p7/1p3B2/P4P2/2P5/1P1PP1PP/B1QBKRRB b - - 1 4,opening,g7g5,-130,g7g5:-130;g7g6:-51;b8a7:-32;h7h5:62;h7h6:87;e7e5:96;e7e6:112;c7c5:113
rk1r2b1/2pp2b1/b7/4bPpp/1p2p3/P1P1P3/3PBP1P/RKBR2B1 w - - 1 20,opening,e2a6,-539,e2a6:-539;a3b4:-650;e2f1:-655;d2d4:-668;d2d3:-668;e2b5:-693;e2c4:-695;d1e1:-708
q1k1rrnb/ppbpppp1/n7/7p/1pN5/1BPP4/PK2PPPP/Q3RRNB b - - 2 7,opening,g7g5,-297,g7g5:-297;g7g6:-296;d7d5:-291;b4c3:-273;b7b5:-244;a6c5:-232;g8f6:-220;e7e6:-209
3r1qn1/p3pnp1/1p2kN1p/2p1npP1/P1n2P2/NN2p2P/1PPPR3/2KR2QN w - - 3 18,opening,f4e5,543,f4e5:543;f6h5:537;f6h7:537;a3c4:535;f6g8:526;f6g4:516;e2e3:513;d2d4:439
q1rkb2b/pp2p1pp/2p1br2/3p1p2/4B3/2PP1Pb1/PP2P1PP/Q1RK1RBB w - - 0 8,opening,h2g3,-418,h2g3:-418;e4f5:-447;e4d5:-451;f3f4:-478;d3d4:-497;c3c4:-499;g1d4:-525;b2b4:-546
n1r2nrb/2k1pp2/bp4p1/4p3/p1p2P1p/PNPPP3/Q2R2PP/K1B3RB b - - 3 16,opening,c4b3,134,c4b3:134;a4b3:141;f8e6:232;c4d3:254;f8d7:268;e7e6:290;c7b8:292;f7f5:329
bq1br2r/p1pkp2p/1p2n3/5Pp1/1P2NP2/P1pPPnRP/2B1R3/BQK2N2 b - - 2 16,opening,e6d4,392,e6d4:392;e6f4:420;f3d2:430;f3h4:465;f3d4:468;g5g4:503;a8e4:505;h7h5:518
k4Qrb/p4pp1/4r2p/b1Ppp3/P3P3/4q2P/2KbB3/3BRB1B b - - 0 22,midgame,g8f8,-650,g8f8:-650;e6e8:-244;a5d8:-102;a8b7:445
3r1nbk/rp4np/R6P/3p1Pp1/1P2P3/3P2b1/2P4N/1RBB2K1 b - - 0 23,midgame,b7a6,-256,b7a6:-256;a7a6:-241;g3h2:-194;g3f2:209;g3b8:290;g7f5:335;g3e5:408;d8a8:428
qbb1rk1r/ppp1p1pp/4np2/3pNP2/5PP1/1P1P4/P1P2K1P/QBBR1N1R w - - 1 10,opening,f5e6,401,f5e6:401;c2c4:394;a1b2:375;e5f3:365;f1g3:360;d3d4:349;h2h4:337;h2h3:328
n1rkrq2/4pppn/p1n5/3p3N/P2Q1P1n/1PR3PP/4P3/NNK1R1N1 b - - 0 19,opening,c6d4,-563,c6d4:-563;e7e6:128;h7f6:252;d8c7:363;h4f5:393;a8c7:414;c8c7:426;e7e5:434
r1bb1r1k/ppp3p1/2n4p/3ppp1q/P3P1n1/5K2/1PPP1P2/RNBBQRN1 b - - 0 9,opening,h5h1,-99998,h5h1:-99998;f5e4:-99998;c6d4:-99998;d5e4:-99997;d8g5:-99996;d5d4:-99994;f8f6:-1019;h5g6:-926
r2rbbn1/2p1np1q/kp1pQ1p1/pN5p/1P1P2P1/P3P3/2P2P1P/R1KRBBN1 b - - 1 11,opening,f7e6,-477,f7e6:-477;e8b5:-210;a6b7:82;d6d5:181;c7c6:230;e8c6:235;d8d7:273;e7c6:289
1qrbrbkb/p1pppppp/1p6/5B2/8/5bP1/PPPPPP1P/BQRBRK1B b - - 5 4,opening,f3h1,-40,f3h1:-40;g7g6:6;e7e6:172;f3b7:179;f3a8:186;f3d5:229;f3e2:260;c7c5:281
rk2rn1q/p1ppppp1/6np/1p6/P3n3/2P1PPNN/1P1PRP1P/RK1N2QN w - - 1 10,opening,f3e4,606,f3e4:606;g3e4:549;a4b5:434;g1f1:423;d2d4:416;f3f4:415;g3f5:404;a4a5:367
qrbrbbb1/pp2ppk1/3p4/2p3p1/5P1p/P3B1BP/1PPPP1P1/QRBR1BK1 w - - 0 7,opening,b2b4,190,b2b4:190;f4g5:109;b2b3:101;g3e1:93;g3f2:77;g3h2:47;d2d4:-24;d2d3:-30
rnn2rkq/1p2b3/2pQpp1p/pN5b/5p2/1P1P2PP/P1P1P3/R1NBBRK1 w - - 1 15,opening,d6e6,70,d6e6:70;d6c7:-286;d6f4:-288;d6d4:-383;d6e7:-442;d6a3:-554;d6b8:-575;b5c7:-585
r3k2r/pp2pp2/5np1/3p2qp/1P1p4/P2K1P1b/2P1B3/RQBR2N1 w - - 1 22,midgame,c1g5,590,c1g5:590;g1h3:-47;d3d4:-121;b1b3:-249;a1a2:-256;c1d2:-268;b1b2:-271;a3a4:-291
qbkrnbrn/pp4p1/2pppp2/7P/3P4/2PN4/PP2PP1P/QBKR1BRN w - - 0 6,opening,d3f4,423,d3f4:423;f1h3:395;d4d5:381;e2e4:248;a2a4:234;a2a3:215;h1g3:191;f2f3:179
n1nkr1qr/1ppppppp/p1n5/4P3/2P5/2N3P1/P1PP1P1P/N1NKNRQR w - - 1 8,opening,e1d3,471,e1d3:471;a1b3:459;c4c5:459;f2f4:458;c1d3:436;c1e2:433;g1g2:429;e5e6:424
kn1r1brb/1pp1pq2/p2p2p1/1N5P/3P1pR1/2R1PP2/PnP4P/K1N1QB1B b - - 3 14,opening,a6b5,59,a6b5:59;b2a4:139;e7e5:201;c7c6:205;c7c5:211;f4e3:214;f8h6:214;g6h5:235
1r1nkqr1/ppnppnpp/3n4/2p5/1PP2p2/3P4/P3PPPP/1RNNKQRN b - - 0 7,opening,c5b4,-560,c5b4:-560;d8e6:-465;d6f5:-459;e7e5:-455;c7a6:-453;g7g5:-444;d6c8:-442;c7e6:-441
krqnbrnb/pp3p2/2ppp1p1/8/P5pP/2N2B2/1PPPPP2/KRQ1BRN1 w - - 0 7,opening,f3g2,-195,f3g2:-195;f3h1:-205;f3g4:-240;f3e4:-322;e2e4:-472;d2d4:-473;b2b4:-477;h4h5:-485
rr1kb1q1/1ppp1p2/4p2n/p4Pp1/PPPPB2p/6P1/1R2P2P/b1NKBQN1 b - - 0 12,opening,a1b2,-488,a1b2:-488;d7d5:-402;e6f5:-368;h4g3:-352;g8h8:-345;h6g4:-340;a5b4:-317;h6f5:-289
bkbrrbqb/pp3ppp/3p4/2p1p2P/5P2/8/PPPPP1P1/BKBRRBQB w - - 0 4,opening,f4e5,62,f4e5:62;b2b3:61;g2g3:52;g2g4:33;d2d3:17;e2e3:10;e2e4:5;g1h2:-15
qrkb1r1b/2p1Q1pp/pp6/3pnp2/P2P1PB1/4n3/1PP1R1PP/1RK2NNB w - - 0 12,opening,e7f8,475,e7f8:475;e7e6:266;g4f5:244;e7e5:221;e7a3:205;e7b4:9;f1e3:-305;g4h3:-349
b2rbr1k/1pp1Pp1p/p1n2np1/2q5/P7/1PN3N1/2PP1PPP/B1QRB1RK w - - 1 11,opening,e7d8q,834,e7d8q:834;e7d8r:782;e7d8b:781;c3e4:696;e7d8n:690;e7f8r:665;e7f8q:656;e7f8b:654
1brqr1bk/2p1b2p/p2pp1p1/1p1b4/1B3pP1/PP2PP2/B1PP3P/2RQRBBK w - - 0 11,opening,c2c4,78,c2c4:78;e3e4:30;b4a5:-5;e3f4:-19;d2d4:-64;b4c3:-72;a3a4:-79;f1g2:-83
rqb2rkn/1pBpn1p1/4p1bp/P7/5p2/2NP1P1P/1PPRP1P1/RQB2NK1 b - - 0 17,opening,b8c7,-324,b8c7:-324;b8a7:302;e7f5:603;d7d5:606;d7d6:609;g6h5:610;b7b5:627;e7c6:632
bb1k1brr/pp2pbpp/8/2pp1B1q/2PP1P1Q/P7/1P2P1PP/B1BK1BRR b - - 2 7,opening,h5f5,-406,h5f5:-406;h5h4:-405;d5c4:127;g7g6:134;h5h6:158;c5d4:163;b7b6:181;g7g5:189
k1r4n/p1p1n1r1/3p1P2/1pn4p/nPPP2P1/P4q2/K3RPP1/1N1N1NQN b - - 1 23,opening,f3b3,-969,f3b3:-969;f3e2:-603;f3d3:-374;f3f6:-329;f3g4:-119;f3f4:-42;c5b3:0;g7g4:0
r3Bbk1/2p1pp2/B6p/1p2b3/1n1N2p1/4PqP1/PPPP1P1P/Q1RR2K1 w - - 5 16,opening,d4f3,672,d4f3:672;e8c6:503;c2c3:459;a6b5:444;e8b5:432;e8f7:405;b2b3:399;a2a3:392
r1q3r1/p1pp2kp/np2P3/2bPPPpb/2P2n2/6BP/PP2N1K1/RNQ3R1 w - - 1 21,opening,e2f4,33,e2f4:33;g3f4:-180;g2h2:-279;g2h1:-355;c1f4:-425;g2f1:-555
qn1k1nrr/pppppppp/1n6/8/8/2nNP1P1/PPPP1P1P/Q1NK1NRR w - - 0 5,opening,d2c3,-5,d2c3:-5;b2c3:-49;d1e1:-422
brq1k1nr/1p5p/1P3p2/pbp1p3/2PpR1PR/5P2/P2PP1P1/B1QNBKN1 w - - 3 22,opening,c4b5,661,c4b5:661;e4e5:601;e1g3:546;h4h5:529;g4g5:511;c1a3:493;d2d3:475;c1c2:463
rb2kbbr/pb1p1pp1/2p5/1p2p2p/P5P1/3qRPKP/1PPPP1BB/1BB1Q2R b - - 3 11,opening,d3c4,-136,d3c4:-136;d3g6:-136;d3d4:-72;d3h7:-61;d3d5:-58;d3d6:-16;e5e4:116;h5h4:121
B1q1kn2/p2pp3/1p1nb1p1/2p2p2/PP4P1/3P3p/N4P1b/1R1QK1BR b - - 0 20,opening,h2g1,-244,h2g1:-244;h2f4:-106;e6a2:-104;h2e5:-99;c8a8:-41;f5g4:55;c5b4:109;d6f7:109
b1r1rb1b/2bp2kB/q4p2/ppp1p1pP/1P2P3/P1PP1B1B/1B3P1P/1QR2RK1 w - - 4 16,opening,h3f5,337,h3f5:337;h7g6:321;h7f5:321;b1a2:307;h3d7:252;b4c5:210;d3d4:206;f3g4:203
bbrqr3/ppp1p1kp/7b/3b1pp1/3P4/1PP1P3/P3RPPP/B2QRBBK b - - 4 10,opening,d5f7,-130,d5f7:-130;g7g8:-115;c7c5:-111;g7f8:-80;c7c6:-77;b7b5:-75;b7b6:-71;e7e5:-59
qbr1kb1r/ppp1p1pB/3P4/8/2n3pn/P1N5/1P1PPP1P/Q1R1KBRN b - - 0 11,opening,h8h7,51,h8h7:51;c7c5:189;c7c6:215;c4d6:230;c4e5:235;e7e6:239;c7d6:256;g7g6:270
rb1r1b1k/p1p1p3/b4p1p/1p1p3P/P2P1P1K/2PRP1Bb/1P4P1/R3BBQ1 w - - 3 19,opening,h4h3,609,h4h3:609;a4b5:437;g2h3:436;d3d1:404;d3d2:392;g3h2:388;e3e4:384;f1e2:370
1nrqkbnr/2pb3p/3p1pp1/pQ1p4/1P5P/2PK1P1N/P1R1P1P1/BN3B1R w - - 0 14,opening,b5a5,-236,b5a5:-236;b5d5:-267;b5b7:-321;c3c4:-586;a2a4:-591;b5d7:-608;b1a3:-629;b5b8:-670
rnr1kq1n/3pn1p1/1np5/pp2pp1p/1P1PP3/2NN1P1N/P1PRQ1PP/R3K2N w - - 2 13,opening,b4a5,140,b4a5:140;d4e5:69;e4f5:48;d3e5:-48;d4d5:-122;c3d1:-131;e2d1:-138;h1g3:-161
2brbbk1/3p1p1p/2pB4/1p4P1/1r1p2P1/Bp1R2b1/2q1P1K1/RB3B1Q b - - 7 22,opening,g3d6,134,g3d6:134;f8d6:154;c8b7:267;c6c5:269;c2b1:297;b3b2:299;c2c4:327;g3e5:338
rbk1b2q/p1p1nr2/3npp2/1p1p2pp/1P2QPP1/N3P2P/P1PP4/RB1KBRN1 w - - 3 11,opening,e4d3,-338,e4d3:-338;e4g2:-345;e4f3:-358;e4d4:-364;e4h1:-418;e4e6:-468;a3b5:-651;e4d5:-716
qrkr1nn1/ppn2p2/6n1/2pPp1pp/2PP3N/P6N/1P1K1PPP/QR1RN2N w - - 1 12,opening,h4g6,146,h4g6:146;h4f5:120;h3g5:83;d4c5:-105;d2e2:-126;h4f3:-133;b2b4:-137;d2c1:-141
nn1krrqn/npp1ppp1/p6p/3P4/P7/1P1R4/2PP1PPP/NNNK1RQN b - - 6 7,opening,a8b6,202,a8b6:202;b8d7:213;a7c8:220;f7f5:227;h8g6:233;g7g5:237;e7e5:246;b7b6:254
br1r2bb/1pk4p/6p1/p3P2P/PPp2pP1/4P3/4R3/BR2KBB1 b - b3 0 23,midgame,f4f3,71,f4f3:71;b7b5:147;a5b4:147;b7b6:199;g6h5:200;g8e6:221;d8f8:230;h8g7:234
rqbbbbrk/pp2ppp1/2p5/3p3p/1P3P1P/8/PQPPP1P1/R1BBBBRK b - - 1 4,opening,b8f4,-204,b8f4:-204;a7a5:-124;c8g4:-112;f7f6:-99;e7e5:-99;d8c7:-95;b7b5:-86;b8d6:-74
k3rr1b/1pp1bp2/n6n/P1qpp1pp/6P1/N2PQ2N/P1P1PP1P/2KBRR1B w - - 3 16,opening,e3c5,-233,e3c5:-233;a3b1:-367;a3c4:-491;c2c4:-585;d3d4:-590;h1d5:-591;e3d2:-698;a3b5:-746
kbrbbr1q/1pp2p2/6p1/p2pp1Q1/5P1p/P2P4/KPP1P2P/1BRBB1RB w - - 4 17,opening,g5g2,188,g5g2:188;g5e5:146;g5g4:129;c2c4:-297;e2e3:-299;g5d8:-301;e1d2:-307;e2e4:-323
b1rrqbb1/2k1pp1p/1pp4b/p1Pp1Pp1/2RP2P1/PP5B/2K1PQ1P/B2R2BB b - - 1 13,opening,d5c4,4,d5c4:4;e7e5:265;b6b5:266;a8b7:272;c8b8:280;e7e6:281;b6c5:289;h6g7:289
rbrbbq1k/pB1ppb2/2p3p1/5p2/P5p1/3PP2P/1PP1QP2/RBR1B1BK b - - 1 10,opening,f8h6,-232,f8h6:-232;f7d5:-229;b8e5:-135;h8g8:-128;b8c7:-127;b8d6:-123;d8c7:-113;e7e5:-95
2nrkqnn/rp3p2/3pp1pp/2nQ4/2p4P/N1P1PP2/PP1P1NP1/R1NRK1N1 b - - 1 11,opening,e6d5,-694,e6d5:-694;c5d3:-418;a7a3:-149;a7a4:-5;c8b6:26;b7b5:203;f8e7:236;a7a8:251
nnnkrr1n/p3pp1p/1p6/2ppqP2/1P2Q2P/NNP3p1/P2PP1P1/N2KRR1N w - - 1 11,opening,e4e5,722,e4e5:722;e4d3:158;e4c2:132;e4f3:116;e4g4:101;e4b1:91;e4f4:68;e4e3:-50
knrb1rbq/pppp2p1/2Qnpp2/7p/1P4P1/4P3/P1PP1P1P/KNRBNRB1 w - - 1 5,opening,c6c3,-164,c6c3:-164;c6a4:-167;c6g2:-182;c6c5:-215;c6f3:-215;c6h1:-246;c6d6:-548;c6b7:-655
b1q2nrn/p2rk1pp/8/bpppp3/5pPP/2PB1P2/1P1PP1R1/B1QRKN1N b - - 0 11,opening,c8c6,-240,c8c6:-240;c5c4:-238;h8f7:-231;c8a6:-228;c8b7:-226;c8b8:-215;d7c7:-202;a5b6:-196
bkrbqbbr/p3pppp/Bpp5/3p4/3PP3/8/PPP2PPP/BKRBQ1BR w - - 0 4,opening,a6c8,244,a6c8:244;e4d5:208;d1f3:191;d1e2:152;d1g4:142;e1f1:131;h2h4:85;h2h3:61
bkrbqbbr/ppp1pppp/8/8/2R5/PB4P1/1P1PPP1P/BK2QBBR w - - 3 6,opening,c4c2,-68,c4c2:-68;b3a4:-77;c4c1:-86;f2f3:-98;e2e4:-105;c4c3:-111;f2f4:-153;f1h3:-163
r1rq1bbk/b3pp2/p1p3pp/2Qp4/1bPP4/PP3PP1/4P1KP/RBRB1BB1 w - - 3 11,opening,c5b4,302,c5b4:302;a3b4:-181;c5a7:-235;c5c6:-394;c5d5:-438;c4d5:-497;g1f2:-518;c5b6:-523
1n5r/pk3prp/3pnQp1/1p1P4/1BP2p2/1N3q2/P1N3PP/1K1B2RR b - - 8 18,opening,f3b3,825,f3b3:825;f3d1:853;b8d7:855;f3d3:866;f3e4:888;f3e3:891;f3d5:909;f3f2:921
n1rq1krn/pppp1ppp/4p3/1n6/1n5N/3PP3/PPPQ1PPP/NNR2KRN w - - 0 6,opening,d2b4,373,d2b4:373;h4f3:51;a2a4:32;c2c4:26;h4g6:-3;b1a3:-4;g2g3:-27;a2a3:-47
rnbqk1nr/pppp2pp/4p3/5p2/1b3P2/1P6/P1PPP1PP/RNBQKBNR b - - 0 4,opening,d8f6,-29,d8f6:-29;g8f6:-12;b4e7:-4;d7d5:-2;a7a6:0;c7c5:1;d8e7:7;b7b6:14
rkrq3n/n1pp2p1/p1n2p2/1p5p/P3Np2/R2PP2P/1PP1Q1PN/1KNN3R w - - 0 17,opening,e3f4,526,e3f4:526;e4c5:495;h2f3:492;d3d4:489;c1b3:487;h1e1:484;e2f2:483;e2f3:478
q1b1r1br/Bpp5/p2kpp1p/3n1P2/8/PP1P2NP/1BPPK1P1/N1QR1R2 w - - 1 21,opening,a7e3,575,a7e3:575;g3e4:554;c2c4:489;f5e6:447;d1e1:446;a7d4:414;a7c5:393;a7g1:378
bbbkqbrr/p3pppp/8/1ppp4/PP6/7P/2PPPPP1/BBBKQBRR w - - 0 4,opening,e2e4,17,e2e4:17;b4c5:3;e2e3:-97;b1a2:-102;d2d3:-107;a1c3:-109;c1b2:-111;f2f3:-132
3n1brk/3pp1p1/1q2P3/p1p4b/1n6/pP2P1NP/R1PB1PPK/1NQ2BR1 b - - 2 17,opening,b4a2,443,b4a2:443;h5g6:475;b6c7:511;h5e8:525;b6d6:527;g7g6:533;b6e6:544;b6b8:545
2kqrnrb/1p1bp1p1/7B/p2p1P2/Q2p3P/5P2/PP1K1N2/N3R1RB b - - 1 16,opening,d7a4,-461,d7a4:-461;e7e5:178;g7g6:214;g7h6:215;c8b8:229;g7g5:233;d8b6:238;d7c6:249
rbr1bqbk/B3b2p/2p2pp1/1p1pp3/2P1PPBB/5Q2/PP1P2PP/RBR4K w - - 0 10,opening,g4c8,199,g4c8:199;a7b8:82;f4e5:37;c4b5:16;c4d5:-29;a7b6:-33;a7f2:-73;a2a4:-96
2rn3n/kpp1pq2/P2n1pr1/3p4/2N3p1/P2Q1P1P/1KP2N1P/2RNN1R1 b - - 6 18,opening,d6c4,-195,d6c4:-195;d5c4:-93;f6f5:248;g4h3:273;b7a6:284;d6b5:284;c8b8:288;g4f3:291
nkbqrnr1/pp1ppp2/6p1/2pPbN1p/4P3/1PP5/P4PPP/NKBQR1RB b - - 0 7,opening,g6f5,-369,g6f5:-369;e5c3:-174;e5h2:-162;d7d6:-127;f7f6:-100;f8h7:-91;d8a5:-89;g8h8:-85
bqk3br/ppbp1r2/2p1pp1p/2b3P1/P1P1PPP1/3BR3/1P1P4/BQKB2BR w - - 1 10,opening,g5g6,360,g5g6:360;b2b4:331;e3f3:314;e4e5:306;e3h3:298;f4f5:272;b2b3:255;e3e2:252
q2krrnn/ppppp1pp/1nn2p2/8/3P3P/5N2/PPP1PPP1/QNNKRR1N b - - 0 4,opening,e7e5,-54,e7e5:-54;d7d5:-33;h8g6:-25;a7a5:-8;h8f7:0;f6f5:4;d7d6:11;a8c8:12
k1b1r1n1/1p1p3n/p1p2p1r/4Pp1p/1Q5P/1P3N2/P1PP1bP1/K1B1R2R b - - 0 16,opening,h6g6,424,h6g6:424;f2e1:434;f6e5:450;g8e7:462;c6c5:462;e8e6:468;e8d8:473;f5f4:478
q2r1bbr/1nkp1ppp/p3pn2/1pp1N3/N3PP2/1P4P1/P1PP3P/QK1R1BBR b - - 2 9,opening,b5a4,-177,b5a4:-177;d7d6:-143;f6e4:-69;d7d5:-38;h7h6:39;f8e7:53;h7h5:63;f6e8:67
1brqkn1r/pb1p4/1p3np1/2pPN2p/2P1B3/1P6/P3PPPP/B1RQK1NR b - - 0 10,opening,f6e4,72,f6e4:72;g6g5:332;h8g8:332;b6b5:384;a7a6:392;b8e5:398;b8c7:415;h5h4:416
1brq2b1/r1p2p1p/pb2pk2/1p1B2pB/1PPp1PP1/P3PK2/3P1bB1/1R1RQ1B1 w - - 11 19,opening,f3f2,260,f3f2:260;e1f2:221;g1f2:218;f4g5:211;e1f1:-99;e1e2:-142;g1h2:-419;d5e6:-429
2q1nn1r/1r1ppkp1/1pp1np2/p3n3/1P1P1P1p/PRN1N3/2P1P1PP/N2QKR1N b - - 2 22,opening,a5a4,112,a5a4:112;a5b4:118;e5g6:119;e6f4:167;h4h3:204;d7d6:206;e5c4:220;e6d4:260
qbrr3b/1p1p2pp/4pnk1/4Np2/1np4P/pP2Q3/P1PPPPN1/1BRRK3 b - - 1 16,opening,b8e5,-519,b8e5:-519;g6h5:99999
n1rr2kn/ppppp1p1/n4pnp/1q6/N3P2P/1P2N3/P1PP1PPK/N1RR2QN b - - 8 9,opening,g6h4,-106,g6h4:-106;b5h5:-81;b5e5:-81;a8b6:-30;e7e6:-17;b5a5:2;a6b4:11;d7d5:18
r1bk1bnr/p2pq2p/npp1p3/5p1P/1PP3p1/2N2NP1/P2PPP2/R1BKQB1R b - - 0 9,opening,g4f3,-357,g4f3:-357;c8b7:-193;f8g7:-159;e7g7:-135;g8f6:-129;e7f6:-111;g8h6:-106;c6c5:-90
qnnknnr1/p1pp1ppr/8/1p2Q2p/4P3/1P4NP/P1PP1PP1/1NNKN1RR b - - 0 5,opening,h5h4,139,h5h4:139;e8f6:153;e8d6:165;a8b7:168;a7a6:173;c8d6:174;f8e6:174;b5b4:184
3nnrnr/pkp1pppp/8/Pp1p2q1/1N1n3P/N2N2P1/1P1PPP2/Q1K2RNR b - - 2 12,opening,g5f5,-25,g5f5:-25;d4b3:82;g5f6:86;g5g4:99;g5h5:113;g5g6:116;g5h6:179;g5d2:320
rbkbbqr1/pp1ppp1p/8/2p3p1/P3P3/R7/1KPP1PPP/1B1BBQRB b - - 0 4,opening,b8h2,129,b8h2:129;b8e5:165;f8g7:169;g8g6:230;e7e6:250;f7f5:254;b8c7:254;e7e5:257
rb1k2rb/pp1bqpp1/2pppb2/8/4P2B/PBP2P2/1PB3PP/R1K1Q1RB b - - 4 18,opening,f6h4,-363,f6h4:-363;g7g5:-220;a7a5:-148;d6d5:-133;b7b5:-108;g7g6:-81;b8c7:-68;a7a6:-63
b1bkqbrr/b3p1pp/2p2p2/ppPp4/5P2/7Q/PP1PP1PP/BBBK1BRR w - - 0 8,opening,h3a3,178,h3a3:178;h3e3:-22;g2g4:-156;h3g3:-165;h3h4:-166;h3d3:-182;h3f3:-198;h3c3:-205
r1knbr2/pp1ppppq/5n2/2p1b2p/P6N/4N3/1PPPPPPP/RBK1BR1Q b - - 4 6,opening,e5c7,15,e5c7:15;d8c6:21;g7g6:21;h7h8:26;a7a5:31;e7e6:43;h7g8:58;a7a6:60
nk2rbnr/2b2pp1/1p1q3p/P1ppp3/2N1PP2/1B1P2P1/P1P1Q1BP/1K3RNR b - - 0 16,opening,d5c4,-82,d5c4:-82;d6d7:255;d6d8:301;d6g6:364;d6e7:377;d6c6:466;d6e6:471;d6f6:524
3r2rq/2bp2RB/k3p2p/pppnn3/2P1PP1P/1P1N4/b2P2P1/KNR3BQ b - - 0 20,opening,e5d3,-325,e5d3:-325;d7d6:210;e5c4:247;d5f4:248;g8g7:249;c7b6:253;c7d6:257;e5f3:280
r2r1k2/b1pp2b1/qp1P1p1n/4p1Q1/p2NP1Pp/PP2K2N/2P2P1P/1BRR3B b - g3 0 21,opening,e5d4,-534,e5d4:-534;f6g5:-460;a4b3:-197;b6b5:19;c7c5:147;c7d6:155;d8e8:159;h6f7:171
bnk1rn1b/pp1ppp1p/2r5/q1p3p1/P5N1/1P4P1/2PPPP1P/BNKQR1RB b - - 2 6,opening,h8a1,-164,h8a1:-164;h8d4:159;f8g6:181;f8e6:209;c5c4:232;f7f6:233;a5b4:256;f7f5:280
n1rn2br/p2pk2p/1q2pp2/1pp2Pp1/3b2Q1/4PBP1/PP1P1K1P/N1RN2BR w - - 0 12,opening,e3d4,251,e3d4:251;f3a8:89;a1b3:-1;g4e4:-22;f3g2:-71;g4h3:-86;g4h5:-86;h2h4:-113
n2rrbkb/1p1p2p1/2p1p1np/p3qp2/PPP1P3/3P3R/1N2BPPP/N1Q1R1KB b - - 0 12,opening,g6f4,-257,g6f4:-257;f8b4:-209;f5e4:-135;e5f4:-51;e5f6:-48;a5b4:-30;d7d5:-25;d8c8:12
1r1bnk2/r1p4b/3ppp2/Pp4qp/1P1P1PP1/N6p/4P3/RR1BNQBK w - - 0 20,opening,f4g5,702,f4g5:702;d1c2:331;e2e3:324;h1h2:303;e1f3:299;f1f3:289;g4h5:278;f1h3:246
2b3rk/b5pp/1r1bppb1/1B3P2/1P5P/R1B1p3/2P3P1/3Q1BRK w - - 0 21,midgame,f5g6,576,f5g6:576;a3a7:541;c3d4:525;f1e2:514;f1c4:510;f1d3:498;c3e1:478;b5e2:467
n1rrn1kq/pppp1pp1/n4n2/4p2p/7P/1P2P1NQ/P1PP1PPK/NNRRN3 b - - 5 6,opening,d7d5,-58,d7d5:-58;a8b6:-49;g7g6:-49;c7c6:-46;f6g4:-33;c7c5:-33;h8h7:-30;d7d6:-18
nn4kr/pppn1pp1/4pn1p/1r1p4/3q2P1/2P2N2/1P1NPPNP/NQ3RKR b - - 1 14,opening,d4g4,-350,d4g4:-350;d4b6:-290;d4a4:-259;d4c5:-235;d4c3:285;b5b2:351;d4d2:464;d4e4:477
Bkr2b2/p1pppbbp/b5q1/1p3pp1/1PP2PP1/P3P3/3PB2P/RKBRQ1B1 w - - 1 12,opening,a8d5,226,a8d5:226;a8h1:225;a8g2:223;c4b5:178;e2f3:121;e1f2:120;c1b2:106;g4f5:106
1nkrr2n/2n1p1q1/p2P1n2/1p3pp1/PP1p1PPp/2NP3P/1K2P3/3RRQNN w - - 3 16,opening,c3b5,-216,c3b5:-216;c3e4:-292;c3a2:-345;d6c7:-363;c3b1:-372;c3d5:-424;d6d7:-424;b2a1:-443
1kr1q2r/4Nnp1/pPnpnp1p/4p3/2P1P3/P1Q3P1/1P1N1P1P/1KRN2nN w - - 1 21,opening,e7c6,-273,e7c6:-273;e7c8:-290;e7d5:-364;b6b7:-381;d1e3:-384;c3d3:-399;c3e3:-399;b2b4:-407
nrn2qrn/1ppk1pp1/2n5/p3p2p/1PPpP3/1R1QN3/P2P1PPP/N1N1K1RN w - - 2 9,opening,b4b5,-24,b4b5:-24;b4a5:-31;e3d5:-71;a1c2:-82;a2a3:-115;e3c2:-132;f2f4:-138;c4c5:-139
1br1krbb/2pb1pp1/6q1/p2ppB2/Q1PP1P1p/6B1/4PRPP/2RK2BB b - - 7 14,opening,d7a4,-696,d7a4:-696;g6f5:-483;g6e6:-185;g6d6:-15;d7c6:113;g6c6:187;c8d8:260;c7c6:356
1nn1rk1n/4R1pp/pp1p1N2/2p2p1P/8/1PP2q2/P4PP1/1NN1R1K1 b - - 0 17,midgame,e8e7,-671,e8e7:-671;c8e7:-404;f3g2:-135;f3f2:-134;f3c6:192;f3b7:437;f3f4:456;e8d8:539
qbnrnrbk/1ppp1p2/8/p3p1pp/1P6/3N2P1/P1PPPP1P/QB1RNRBK b - - 1 5,opening,f7f6,1,f7f6:1;b7b6:54;d7d6:66;b7b5:66;e8g7:108;c7c5:110;g8h7:144;a5b4:151
1r1nkrq1/n1n1p1pp/p2p1n2/1pp2p2/2PN2P1/3PPP1P/PP6/NRNNKR1Q w - - 0 11,opening,d4f5,-116,d4f5:-116;d4e2:-186;d4b3:-229;d4c2:-237;g4g5:-282;d4b5:-398;a1c2:-418;a1b3:-419
1bkb1qrb/rp3pp1/3pp3/p1p2P1p/B5bP/P1P1P3/1P1P2P1/RBK1BQRB w - - 0 10,opening,f5e6,183,f5e6:183;g2g3:144;a4d1:139;f1b5:127;e3e4:99;b1e4:65;e1f2:62;b1c2:61
2nkrrqn/1pppp2p/1nn3p1/p4p2/P4P2/1N5N/1PPPP1PP/1NNKRRQ1 w - - 2 6,opening,b1c3,-20,b1c3:-20;b3c5:-66;c1d3:-91;e2e4:-95;g2g4:-100;h3g5:-115;b3d4:-123;c1a2:-135
1k1rbrb1/p1pp1p2/bB1q4/1p2p1pP/5P2/PPB4P/2PPP1b1/BK1RBR1Q w - - 5 13,opening,b6a7,380,b6a7:380;h1g2:337;b6c7:298;f4e5:250;c3e5:231;c3b4:203;b6c5:178;h1g1:139
k1nbrr1q/ppp1p3/1n3p2/3p1Pp1/3NB1p1/P1P1P3/1PNP3P/1K1BRQR1 w - - 2 17,opening,e4d3,446,e4d3:446;e4d5:382;e4g2:374;e4h1:368;c3c4:273;a3a4:241;d4e6:208;h2h3:203
kr1br1q1/1pp1pp1p/p1npn1pb/7B/P2PP2P/N5P1/1PP2P2/1KR1RNQB b - - 2 11,opening,h6c1,-271,h6c1:-271;g6h5:-268;c6d4:-265;e6d4:-260;c6a7:-209;c6a5:-207;f7f6:-108;e6f8:-94
r2n1rqn/1pk1p3/p1pp1p2/P3P1p1/nP1P2p1/4N1Q1/1R1PRP1P/K4N1N b - - 2 19,opening,f6e5,-282,f6e5:-282;a4b2:-256;d6e5:-250;f6f5:-225;h8g6:-176;g8e6:-152;d8f7:-148;f8e8:-145
1qnkrrnn/1pp1p3/p7/3P1ppp/1N5P/1Nn2NP1/PP1PPP2/2QKRR1N w - - 5 11,opening,d2c3,586,d2c3:586;c1c3:578;b2c3:573;d1c2:438
1nqb2kn/1ppb3p/2r3r1/p1N5/1PP2pP1/P4PP1/3PPp2/R1QBB2K b - - 5 22,opening,f2f1q,-99998,f2f1q:-99998;f2e1q:-99992;f2e1r:-795;f2f1r:-774;g6h6:-760;f2e1n:-754;f4g3:-744;f2e1b:-717
kbrbbrqb/pp1p1pp1/2p4p/1P2p3/8/P3P3/2PP1PPP/KBRBBRQB b - - 0 4,opening,f7f5,-180,f7f5:-180;g7g5:-180;g7g6:-179;b8d6:-133;d7d5:-131;d8e7:-115;e5e4:-108;h6h5:-101
1n1qkb1r/rpp2pp1/2Pp4/p1N1pn1p/2nP2P1/5P2/PP2PK1P/RN1Q1BNR w - - 5 10,opening,c5e4,-482,c5e4:-482;h2h4:-483;g4g5:-510;e2e3:-518;g1h3:-550;e2e4:-720;f3f4:-99993;d1c1:-99997
r1nk1q2/r1p2p1p/Np2P2n/8/PQ2bbp1/2PP1NP1/1P2KBBP/RR6 w - - 3 22,opening,b4f8,99999,b4f8:99999;b4e4:441;d3e4:402;f3h4:381;f3e1:378;f3e5:358;e6e7:358;b4d4:346
bb2kr1r/1ppq4/1B1p4/p2bp1pP/1PP1Pp2/b5P1/P2K1PRR/B3QB2 b - - 1 20,opening,a3b4,-465,a3b4:-465;d5f7:-452;d5e6:-450;d7a4:-449;d5g8:-446;f4f3:-425;d5c6:-366;d5c4:-364
1rn1nq1k/rp1p1p1b/p5p1/2p3bp/P1P1PP2/3p4/NP4PP/RR1BNQBK w - - 1 12,opening,f4g5,606,f4g5:606;e1d3:339;b2b4:319;a4a5:316;a2c3:307;e4e5:292;d1f3:268;d1h5:254
bn2kbn1/1p1p1ppr/pPr2p2/2p4p/3P4/N4PP1/P1P1P1P1/2RQKBNR b - - 0 9,opening,c5d4,375,c5d4:375;f8d6:474;c5c4:514;f6f5:517;c6c8:535;d7d5:541;h7h6:548;c6d6:563
2r3rb/k1p3b1/ppqbpp2/1b1p3p/PP1PP1P1/2PBB3/K4P1P/1QRB2RB b - - 0 17,opening,b5a4,220,b5a4:220;b5d3:305;c6d7:315;e6e5:336;d6h2:354;c6e8:361;f6f5:369;b5c4:372
nnnNr2r/2k1p3/p7/1ppqp1pp/P3P1p1/8/1PPP1P1P/N1K2RQR w - - 0 20,opening,e4d5,294,e4d5:294;d2d4:-429;f2f4:-440;f2f3:-440;a1b3:-451;a4b5:-469;d2d3:-525;f1d1:-528
1krbq1nr/p2ppp1p/2p4b/1p3Pp1/3P2P1/1BP4P/Pn2P2R/NKR1QBN1 b - - 2 9,opening,d8c7,33,d8c7:33;b2c4:100;b2a4:140;e7e5:163;e7e6:172;h6f8:201;g8f6:203;h6g7:214
qrbk2r1/pp3b1n/1n2pp1p/2pp4/P2QP1p1/1PP3PP/1RNP1PN1/2BKB2R w - - 4 18,opening,d4c5,60,d4c5:60;d4e3:5;d4d3:-111;e4e5:-561;h3g4:-566;a4a5:-609;f2f3:-615;g2e3:-627
r1rq3k/1pbnp2p/p1pNb1n1/8/PPPpP1P1/7P/1B1P1PBK/RR2N2Q w - - 6 19,opening,b2d4,-192,b2d4:-192;f2f4:-253;h2g1:-264;h1f1:-265;d2d3:-271;e1f3:-281;g2f1:-281;c4c5:-296
bq1r1k1b/pBp5/1r2pp1p/2bpP1p1/B2P2PP/4PK2/PPpR4/BR2QB2 b - - 1 19,opening,c5b4,-154,c5b4:-154;b6b7:-134;c2b1q:-121;c2b1r:-107;c2b1b:-97;c2b1n:-92;a8b7:-85;b8b7:-74
krbb4/pnp1p1pp/5n2/5p2/1P3P2/B2PP2P/P5R1/KR1BN2N w - - 1 16,midgame,d1f3,599,d1f3:599;b1c1:569;e1c2:555;g2c2:551;a3b2:548;g2b2:542;d1b3:539;h1g3:529
kbnrbnqr/2pp1Bp1/p3p2p/1p6/1PP3P1/8/P2PPP1P/K1NRBNQR w - - 0 6,opening,f7g8,586,f7g8:586;g1g2:543;f7e8:116;f7h5:-266;g1g3:-311;c4c5:-316;c4b5:-330;c1b3:-343
nb1b2n1/3r2kB/1pr5/p1PRpppp/P4q2/4PP1P/2BP2P1/N3RQNK b - - 0 17,opening,f4h2,476,f4h2:476;d7d5:485;d8e7:566;f4d4:592;f4h4:600;g8e7:638;d7d6:641;f4g3:663
Nnk1rrnb/1p3pp1/p1p5/2qP4/P3pb1p/4P2P/1PP1BPP1/QK2RRNB w - - 2 12,opening,e3f4,147,e3f4:147;e1d1:70;a4a5:19;a1a2:11;g2g4:0;c2c3:-13;g2g3:-18;d5c6:-79
1r1nk1r1/1pp1pnqp/4N1pn/3p1pN1/1pPn1PP1/4P3/P2PR2P/N1RNK2Q w - - 2 19,opening,e6g7,594,e6g7:594;e3d4:503;e6d4:351;e6c7:350;e6d8:282;c4d5:257;g4f5:183;g5f7:-66
kr2brbq/p1pp1Q1p/1n2p1pn/1p6/2N3PP/1N2P3/PPPP1P2/1K1RBRB1 b - - 1 17,opening,b6c4,-763,b6c4:-763;g8f7:-639;f8f7:-631;h6f7:-608;e8f7:-596;h8b2:-17;b5c4:10;b6a4:167
bqrb3b/ppp3pp/3pr2k/4pp2/3PP1B1/b7/PPP2PPP/BQR1RBKB b - - 1 10,opening,f5g4,159,f5g4:159;a3b4:321;a3b2:461;g7g6:474;e6f6:494;e6e8:497;d6d5:505;e5d4:513
2nkrr2/p1p1ppp1/3p2np/1p6/1P3Q1P/P1PP2P1/4PP2/1NNKRRNq w - - 0 12,opening,f4f3,504,f4f3:504;f4d2:451;f4e4:445;f4e3:416;f4g4:409;f4d4:404;f4f5:403;g1f3:323
brrk1bbb/p2qp1p1/2pPPp2/1p1Q3p/8/3P1P1P/PPK3B1/BR2RBB1 b - - 0 15,opening,c6d5,-658,c6d5:-658;d7d6:284;g8e6:344;e7d6:402;d7b7:507;b8b7:511;d7e8:605;d7e6:610
bkbrr1bq/ppp1pppp/3p4/1b6/8/3P2P1/PPP1PPQP/BKBRBRB1 w - - 3 4,opening,h2h3,3,h2h3:3;f2f3:0;b2b3:-21;g3g4:-32;e1d2:-50;e1c3:-53;e1b4:-57;f2f4:-80
2r1bkrn/b1pppnpp/1p3p2/p7/P5PP/2N1Pq2/1PPP1P2/QB1RBKRN b - - 0 7,opening,h8g6,-292,h8g6:-292;f7h6:-289;d7d5:-287;c7c6:-279;a7b8:-277;f7e5:-275;g7g5:-274;c7c5:-258
b1rbrbkb/2p2ppp/6q1/pp1p4/P3p1PP/1P1B1B2/2PPR2K/BQR4B b - - 2 15,opening,g6d6,-602,g6d6:-602;d8h4:-555;f8c5:-496;f8d6:-495;g6h6:-494;b5a4:-471;d8e7:-453;d8f6:-451
r1knbr2/ppbp1pqp/8/2pn2N1/2P1p1PN/8/PP1PPP1P/RB1KBRQ1 w - - 3 12,opening,b1e4,74,b1e4:74;f2f3:-66;c4d5:-75;g5e4:-108;f2f4:-121;b1c2:-197;d1c2:-200;g1h1:-224
nnkrrq1n/1ppppp1p/p6n/6p1/5P2/2P3PP/PP1PP3/NNKRRQNN b - - 0 4,opening,g5f4,-27,g5f4:-27;f7f6:8;f8g8:13;f8g7:34;g5g4:55;a8b6:87;h6g8:87;b8c6:88
2kbB2b/p3p1p1/2p1n2n/3p1Prp/PP2q3/3PPN2/2P1RP1P/QRK2N2 w - - 0 13,opening,d3e4,721,d3e4:721;e8d7:666;f1d2:500;f3g5:474;f3d4:443;f3e5:430;f3e1:349;f3d2:345
bbbkq1rr/1pp5/p1B1pp2/6pp/4P3/P4P2/1bPP2PP/BBBKQ1RR w - - 0 9,opening,c1b2,456,c1b2:456;c6e8:443;a1b2:379;b1a2:270;g1f1:209;f3f4:208;h2h4:207;d2d4:201
b3k1nr/1p1ppppp/2r3n1/pqp5/Q7/2b2B2/PP1PPPPP/BR2KNNR b - - 1 11,opening,b5a4,-605,b5a4:-605;c3d2:-489;b5b4:367;b5b6:389;b5a6:407;c6b6:423;b5d3:580;c6c8:608
1nrqk1rn/p1pppppp/4n3/1p1n4/2PP3P/NP5Q/P3PPP1/N1R1KNRN b - - 6 7,opening,d5f4,-16,d5f4:-16;d5b4:25;d5f6:46;b5c4:73;d5b6:139;c7c6:239;e6d4:277;c7c5:285
r1qbbbk1/p1p1p2p/bp6/3p1pp1/P4PPP/8/1PPPP3/R1BBBBRK w - - 0 8,opening,g4f5,-337,g4f5:-337;h4g5:-350;f1h3:-352;d2d3:-369;d2d4:-382;f4g5:-383;f1g2:-384;a4a5:-391
n2qrnr1/3p2pp/pp3k2/3pppn1/1n2PP1P/1NN3N1/PPPK2P1/1QR2N1R w - - 1 18,opening,f4g5,470,f4g5:470;h4g5:386;c3d5:383;f4e5:291;e4f5:277;g3h5:265;e4d5:254;a2a3:241
b2brnrn/1pk1ppp1/8/3q3p/1pp5/5PNP/PBKPP3/1Q1BRN2 b - - 1 16,opening,e7e5,-489,e7e5:-489;c7b8:-469;d5b5:-447;c7c8:-445;d5c6:-445;f8e6:-437;h8g6:-437;f8d7:-433
r1b1qb2/1pPpkp2/2n1pnrp/p5p1/5P2/P2P2PN/1BP1P1BP/RNK1Q2R b - - 2 12,opening,d7d6,181,d7d6:181;d7d5:190;f8g7:220;a8a6:231;g5g4:236;f6g4:237;a5a4:241;e7d6:248
bknbr1rn/pp1ppp1q/2p5/7p/3PQPB1/2P1P3/PP3NPP/BKN1R1R1 b - - 0 11,opening,h7e4,-415,h7e4:-415;h8g6:216;h7g6:319;g8g6:319;h7h6:320;h7g7:334;g8g7:335;f7f5:379
r1qn1krn/ppp2pnp/3p4/6n1/1NP3p1/4PN1P/PP1P1PP1/R1QN1K1R b - - 1 14,opening,g4f3,-511,g4f3:-511;g5f3:-363;g4h3:-345;g5h3:-313;h7h6:-239;g7e8:-235;g5e4:-197;f7f6:-193
bnqr2rk/ppp2np1/4p1b1/3p3p/3P3P/1P3N2/P1P1PPPQ/BN1RBR1K b - - 1 13,opening,b7b6,158,b7b6:158;e6e5:165;h8h7:170;b7b5:187;b8d7:199;b8c6:201;d8d7:206;c8d7:213
2rnqrbb/3n1pp1/1k2p3/1p1p3p/p2p1P1P/N1P1N1P1/PP2PRBB/K1R1Q3 w - - 2 15,opening,e3c2,186,e3c2:186;c3d4:158;h2g1:118;a3b5:115;f2f3:104;e3f1:89;c3c4:78;e3d1:67
nbrbr1nk/p1pp1ppp/8/1p2pB2/8/q1P1PB2/PP1P1PPP/N1R1RQNK b - - 5 5,opening,a3d6,237,a3d6:237;a3e7:300;a3f8:404;a3a6:418;a3c5:433;a3a2:456;a3b2:482;a3a4:490
2rr4/pkp1pq2/4n2p/P2P1pp1/1n1p1PPQ/1K2R2P/3PP3/1N3NB1 b - - 6 20,opening,e6c5,-753,e6c5:-753;d4e3:-752;g5h4:-700;b4d5:-673;e6f4:-647;d8d5:-617;e6g7:-592;d8d6:-523
qbk1rr1n/2pp4/3n1ppp/pp2P3/2B1BPP1/P1P2N1P/1P1P1N2/1QKR2R1 w - - 0 17,opening,e4a8,749,e4a8:749;e5d6:620;c4d5:552;c4b5:544;c4e2:505;c4d3:485;e5e6:472;g1f1:448
qbrr1k1b/2p2p2/1p1ppn1P/p6p/P2P4/4P1P1/1PP2N1P/QBRRNK1B w - - 1 11,opening,h1a8,809,h1a8:809;a1a3:461;c2c4:449;h6h7:447;h1f3:441;d4d5:426;f1g1:418;e1d3:417
knr1q2b/ppppp2p/4n1pr/4Qp2/b4P1P/N2PB1P1/PPP1PR2/K1RN3B b - - 2 9,opening,h8e5,-523,h8e5:-523;c7c5:-324;a7a6:12;a4c6:19;b8a6:139;e6d4:208;b8c6:311;g6g5:363
4bb1r/r2p1ppp/1pk1p3/p4NN1/PPpP2n1/2n1P2B/1K1B1P1P/3Q3R b - - 1 19,opening,c3d1,-438,c3d1:-438;a5b4:223;g4f2:287;c6b7:296;c6c7:308;b6b5:331;e6f5:334;h7h6:345
n3k1rn/1pr3p1/pnp1p1qp/5P2/2pPP3/N3N1N1/PPRN1K1P/6R1 b - - 0 18,opening,g8f8,-388,g8f8:-388;g6h7:-350;g6f6:-346;e6f5:-343;g6g5:-342;c7f7:-330;g6f7:-324;g6g3:109
r1bq1bbr/1p4pp/3k1pB1/p1ppp3/1P3b1P/2P1P3/P2P1PP1/R1BQKBBR w - - 0 10,opening,g6c2,208,g6c2:208;b4c5:207;g6h5:194;e3f4:169;g6d3:164;g6b1:115;g6h7:58;g6f5:41
b1qb2kb/prppr1b1/1p3pp1/4p2p/P1P5/1P1P2PP/2B1PP2/BRQ1RBKB w - - 0 9,opening,d3d4,202,d3d4:202;h1d5:189;f1g2:147;b3b4:128;c1d1:123;h1b7:119;e2e3:113;a1c3:102
bnkq1nrb/pp2rppp/4p3/3pN3/2p2PP1/P7/1PPPP2P/BNKQR1RB w - - 1 9,opening,g4g5,112,g4g5:112;e2e4:69;h2h4:37;e2e3:35;d2d4:31;d2d3:7;e5f3:-5;b1c3:-11
rn1kn3/4nr1p/p1pp1pnp/1p1P3R/1P6/P5N1/2PNKPP1/1RN1N3 w - - 0 19,opening,e2f1,-24,e2f1:-24;h5h6:-40;e1d3:-62;c1d3:-72;h5h2:-73;h5h1:-75;e2d1:-100;d5c6:-206
kb1brbrb/ppp1ppp1/3pq2p/8/B1P5/6PP/PP1PPP2/KBQ1RBRB w - - 3 5,opening,f1g2,511,f1g2:511;h1b7:496;c1c3:472;b1e4:468;c1c2:460;a4e8:458;c1d1:446;b1h7:434
nr3rkq/ppn3pp/3npp2/2pp4/4nPPP/3N4/PPPPPR1Q/NN1RN1K1 w - - 2 11,opening,f2g2,-88,f2g2:-88;f2f1:-107;f2f3:-138;h4h5:-188;g4g5:-196;e1f3:-209;e2e3:-223;b1c3:-232
qrkr1n1n/p2nppp1/2pn3p/1p1p4/3P4/P3PNPP/1PP2P2/QRKR1NNN w - - 1 9,opening,g3g4,-67,g3g4:-67;g1e2:-72;b2b3:-72;f3e1:-74;f1d2:-83;h3h4:-83;f3h4:-92;d1e1:-92
1k1rnn2/5pp1/qrpp2np/Pp2p3/3P2nP/K3PPN1/PRP2NPN/2QRN3 w - - 6 19,opening,h2g4,-176,h2g4:-176;f3g4:-207;f2g4:-218;a3b3:-284;b2b3:-314;f2d3:-455;e1d3:-468;a3b4:-473
knqr1rnb/pp1ppb2/2p2p1p/6B1/8/1P1PPP2/P1P3PP/KNQR1RNB w - - 0 7,opening,g5h4,57,g5h4:57;g5f4:16;g5h6:-324;g5f6:-377;d3d4:-466;g1e2:-471;c1b2:-478;f3f4:-481
qnn1n2r/ppk1p3/3p1r2/2P1nP1p/P1PN1p2/2N5/QP1K3P/2N2NRR w - - 8 20,opening,c3d5,105,c3d5:105;d4e6:86;c1e2:68;c5d6:32;c1d3:21;a2b1:14;b2b4:-4;a4a5:-4
1nkQnn2/1p3rp1/3pq3/p4p1p/PP1Pp2n/1NPRPP2/6PP/2K2R1N b - - 0 19,opening,c8d8,-713,c8d8:-713
bnr2kr1/1p1pn1p1/pq6/2p2N1p/2P5/3P1R1P/PP1bP3/BRQK1BN1 b - - 0 20,opening,d2c1,-183,d2c1:-183;e7f5:510;f8e8:526;g7g5:535;b6f6:541;b6e6:553;b6g6:582;g7g6:585
2rr2kb/q2p1pp1/pppnp3/2P3N1/1P1PPb1p/P5PP/1R6/QBRnNK1B b - - 0 16,opening,f4c1,-451,f4c1:-451;d1e3:-246;f4g5:-176;d6c4:-136;d1b2:-132;d6e4:-87;h4g3:-80;b6c5:71
qkbbnrnr/pppp1ppp/8/4p3/4P3/6P1/PPPPNP1P/QKBBNR1R w - - 1 4,opening,f2f4,94,f2f4:94;b2b3:88;d2d3:69;b2b4:66;h1g1:56;e2c3:56;a2a4:54;f2f3:43
1n2rnqb/p1k2pp1/2p1rN2/1P1pp3/P1N4P/2KP2P1/2P1PP2/2RB1RQB w - - 0 22,opening,f6g8,581,f6g8:581;b5b6:491;f6d5:455;f6e8:452;f2f4:427;h1d5:400;e2e4:345;f2f3:308
n1rrqbbk/np1p1Bpp/p1p5/8/P3p3/1N2P2P/1PPP1PP1/NR1RQ1BK w - - 1 7,opening,f7e8,592,f7e8:592;f7g8:139;f7c4:-233;b3c5:-325;b3a5:-332;f2f3:-360;d2d4:-361;d2d3:-392
k1rbn2n/pp2p2p/3p1rp1/P1P2p2/5qb1/4PP1N/K1P4P/1RBBNRQ1 w - - 1 13,opening,h3f4,475,h3f4:475;e3f4:386;g1g4:192;e3e4:93;f3g4:90;c5c6:-13;c2c3:-131;h3g5:-158
bq1bkbrr/1pp1pp1p/8/p2p2p1/1PP3bP/3P4/P3PPPR/BQBBKBR1 b - - 2 7,opening,c7c6,86,c7c6:86;e7e5:100;e7e6:118;d5d4:119;d5c4:160;g5h4:166;h7h5:200;c7c5:209
1rk1b3/ppp1nNp1/B1p3nq/4Pp1p/7P/2Pr1P2/PP4P1/RK1RB1bQ w - - 1 17,opening,a6d3,226,a6d3:226;d1d3:0;f7d6:-215;a6b7:-278;b1c2:-313;d1d2:-365;f7h6:-377;h1g1:-407
2rrb1k1/p2p1p1p/b1q3pB/BPp2PP1/3P3P/bP1Qp3/R1P1P2K/1B2RB2 b - - 0 22,opening,a6b5,363,a6b5:363;c6d6:409;c6d5:499;c5d4:530;c5c4:555;c6b7:588;c6a8:603;a3b4:609
kr1nbrnb/pppq2pp/4pp2/3p4/PP2P3/2P5/3P1PPP/KRQNBRNB w - - 1 5,opening,b4b5,-111,b4b5:-111;d1b2:-116;e4d5:-145;b1b3:-148;b1b2:-156;c1a3:-160;c1c2:-161;d1e3:-169
k2brnr1/5ppp/1p2p2n/p1p2b1P/2pP2P1/PP2qP2/1BP1P3/KQ1BRNR1 b - - 0 16,opening,e3g1,-380,e3g1:-380;e3f2:-103;e3f4:22;e3b3:89;e3g5:150;f5c2:162;h6g4:367;e3d4:389
n1krrq1n/2pp3p/pp2p1pn/5p2/1P1n1P2/PN1Q4/2PPP1PP/1NKRR1NN w - - 2 9,opening,d3a6,448,d3a6:448;d3d4:447;b3d4:417;c1b2:125;b3a1:110;b3c5:71;h1f2:68;c2c4:65
rbr2b1q/2p1p1kp/b7/1pPp1BP1/p6B/4Q2p/PP1PP1bK/1RB1RB2 b - - 4 22,opening,c7c6,270,c7c6:270;g2e4:413;h8g8:472;a6b7:496;g7f7:593;b5b4:603;g2f3:605;c8d8:618
qQrkb2b/p2p2pp/2p5/1p3p2/P6P/1P2r1P1/3PPB2/1BRKBR1B b - - 0 13,opening,a8b8,128,a8b8:128;c8b8:203;e3b3:471;e3e2:513;e8h5:518;e3c3:555;e3e7:611;e3e6:658
r1rbqbbk/1pppppp1/B6p/6b1/8/6P1/PPPP1P1P/RB1RQBBK w - - 2 6,opening,a6b7,326,a6b7:326;a6d3:39;a6e2:33;a6c4:16;a6b5:14;f2f4:-52;h2h4:-57;f1g2:-275
kn1r3r/p2pn3/1P1npppp/q1p3n1/3PP3/1N3P1P/PP4PR/K1NQRN2 w - - 3 16,opening,b3a5,587,b3a5:587;b6b7:369;d4c5:238;e4e5:186;h3h4:146;f3f4:73;g2g3:-102;c1d3:-156
2nrn2r/2n1pp1k/3p3p/pp6/1p5P/PPqN1pQ1/1P1PP1P1/NR3RK1 w - - 0 21,opening,b2c3,550,b2c3:550;d2c3:548;f1f3:-193;g3f3:-253;a1c2:-293;a3b4:-308;g3g4:-324;g3f4:-337
kr1r2b1/ppp1ppN1/3pn3/B2P3p/2b4P/6P1/PP3P2/1K4BQ w - - 0 17,midgame,d5e6,160,d5e6:160;h1e4:-84;g7h5:-136;b2b3:-160;h1f3:-216;g7e6:-225;g7f5:-234;a5c3:-265
r1qbN1nr/pp2pkp1/3p1p1p/2p2P2/1P3QP1/3P1K1N/P1P1P2b/RB1B3R b - - 5 16,opening,h2f4,-308,h2f4:-308;c8c6:63;f7e8:176;h6h5:185;c5b4:200;d8b6:228;d6d5:244;a7a5:278
n1nrr1nn/1pkp1p2/8/2P1p1pp/p1P3P1/1NKRP1QP/PP3P2/3R2NN b - - 0 22,opening,a4b3,428,a4b3:428;h5h4:449;g8f6:524;f7f5:571;h8g6:573;h5g4:573;d7d6:601;b7b6:604
r1qn2rk/2pp3p/np2b1pP/p3ppb1/PP3P2/2NPP3/2PQB1P1/RN2B1RK b - - 0 13,opening,e5f4,-161,e5f4:-161;g5h6:-128;g5f6:-121;g5e7:-97;a5b4:126;d8f7:213;d7d6:236;d7d5:246
k2n1r1b/2p5/1rpqpp1n/pb1Q2pp/3PP2P/1PN2PP1/P1P2B2/KR3RN1 w - - 1 16,opening,d5d6,-258,d5d6:-258;c3b5:-304;d5c5:-381;d5c4:-465;d5b5:-594;e4e5:-595;c3a4:-624;h4g5:-635
1r1rb2n/p2pppkn/P5qp/Qpp3p1/8/2P1PPPP/1R1P4/1R1BBK1N b - - 4 18,opening,d7d5,-25,d7d5:-25;d7d6:4;g6e6:62;d8c8:71;b8c8:102;g5g4:102;g6b6:121;h6h5:124
rbqnrnkb/1ppppppp/8/8/p4Q2/P1NP4/1PP1PPPP/RB2RNKB b - - 0 4,opening,c7c6,-86,c7c6:-86;g7g6:-79;d7d5:-74;b7b5:-69;c7c5:-58;e7e6:-54;h7h5:-52;d8e6:-44
nrnnk1rn/1p2q3/2pp1pp1/p7/PP1N1PpP/2PNP1N1/8/1R1NKQR1 w - - 0 13,opening,f4f5,187,f4f5:187;h4h5:184;b4a5:168;d3f2:168;f1e2:164;g1h1:163;e3e4:162;b1b2:151
Qbr1k1r1/2pb1ppp/2npq1n1/1pP1p3/1p2BP2/3PN2P/4PKP1/2R1B1RN w - - 3 15,opening,f4f5,280,f4f5:280;e4c6:95;e4d5:-10;e1d2:-185;g2g3:-249;e1b4:-249;e3d5:-252;e3g4:-256
qnk1rr1n/2p1pp1p/1p1n1n2/pP1p2p1/3P4/N2K4/P1P1PPPP/1QN1RRNN w - - 2 10,opening,c2c3,-200,c2c3:-200;e2e3:-204;g1f3:-214;h1g3:-215;f2f3:-216;e1d1:-219;h2h3:-228;b1b3:-230
bnk1r2b/3p2p1/pp3r2/2pBppp1/3n1q2/P2PPP2/1PPN2RP/B1KQRN2 w - - 0 17,opening,e3f4,521,e3f4:521;d5a8:460;b2b3:427;d5b7:409;c1b1:404;c2c3:370;h2h4:366;b2b4:354
k3rbrb/pp1p1ppp/q2b4/b1p1pB2/2P4P/P2B1P2/1P1PP1P1/K1Q1RBRB b - - 0 10,opening,g7g6,-181,g7g6:-181;e5e4:-168;a5d2:-114;a5b4:-112;a5d8:-52;a8b8:-41;a5c7:-38;f8e7:-22
b1kbqnrr/1pp1pp1p/3p1np1/8/pP1P1P2/1BP5/P3PQPP/BNK2NRR w - - 2 7,opening,b3c2,39,b3c2:39;b3d1:-10;b3c4:-67;d4d5:-90;c3c4:-285;f1d2:-303;e2e4:-308;f1g3:-370
rn1qkbr1/1b5p/2p2p1n/1p1Pp3/1P1P2Pp/R1N1B2R/2P2P2/3QKBN1 b - - 2 19,opening,a8a3,-325,a8a3:-325;f8b4:5;h6g4:15;h6f7:55;a8a6:128;b8a6:135;g8g6:163;e5d4:179
qrkrnn1n/1p1p2pp/p4p1n/2p1p2P/P7/3P1N2/1PPRPPP1/QRK2NNN b - - 1 6,opening,d7d5,-37,d7d5:-37;b7b5:-20;e8c7:-20;h8f7:-14;f8e6:-8;b7b6:4;a6a5:14;h6f5:52
nnnrqnrk/p1p1p1pp/3p4/1p3p2/5P2/PN6/1PPPP1PP/NN1RQNRK w - - 0 4,opening,b1c3,-24,b1c3:-24;e2e4:-25;f1g3:-29;d2d3:-32;b3d4:-34;b3a5:-37;e2e3:-49;d2d4:-56
rr1qnkbb/pppp1ppp/2n1p3/8/6Q1/3PP3/PPP2PPP/RRN1NKBB w - - 3 4,opening,e3e4,-20,e3e4:-20;g4h3:-20;f2f4:-27;g2g3:-28;h2h3:-33;g4f3:-33;g4d1:-47;c1e2:-49
qrkr3b/1pp2ppp/4p1n1/p2pnB1P/P1PP2Pb/1P6/Q3PP2/1RK1RNNB b - - 1 11,opening,h4f2,-131,h4f2:-131;e6f5:-131;g6f8:-111;e5c6:-62;a8a7:-38;g6e7:0;a8a6:44;g6f4:65
rrk1bqnb/p1p1nppp/3p4/1p2p3/2PN4/4PPP1/PP1P1Q1P/RR1KB1NB b - - 1 7,opening,e5d4,-378,e5d4:-378;b5c4:-209;a7a6:-140;b5b4:-81;c7c6:-75;f7f5:-30;g7g6:-21;d6d5:-16
rbk1r3/ppp1p1nb/3p3p/6n1/1P6/PR4P1/R1P1PB2/1BKN2N1 w - - 5 20,midgame,c2c4,-152,c2c4:-152;a2b2:-212;d1b2:-230;a2a1:-243;b3b2:-244;b3e3:-249;b3c3:-252;g1f3:-253
brqkr1bb/p1pp2pp/4p3/1p3p2/1b4P1/Q4B2/P1PPPP1P/BR1KRBB1 w - - 0 5,opening,a3b4,357,a3b4:357;b1b4:320;a3b2:46;a3e3:33;a3d3:11;a3a7:-33;a3b3:-35;a3c1:-67
qbbrknnr/2p4p/3p1p2/p3p3/2pP1Bp1/1P6/PQ2PPPP/1R1BKNNR w - - 0 9,opening,f4e3,-202,f4e3:-202;d4e5:-219;f4d2:-227;f4c1:-228;b3c4:-242;d4d5:-319;f4g3:-330;e2e3:-340
rr2kbnb/1n2p3/p1p2pp1/1pPp1q1p/Q7/4PP2/PPNP2PP/RR1K1BNB w - - 0 11,opening,a4a3,-99,a4a3:-99;a4h4:-118;a4b4:-129;g2g4:-149;a4d4:-154;a4b3:-158;e3e4:-230;a4f4:-236
2kb1rrn/1qp5/p3pp1p/2pp2p1/3PQ1P1/PP2P2P/5P1R/B1K1RN1N b - - 1 15,opening,d5e4,-598,d5e4:-598;c5d4:215;c8b8:230;c8d7:248;f6f5:257;h8g6:265;b7b6:271;f8e8:275
qr3n1r/4pnpp/ppkN2b1/5p2/1pPPP2P/1R3N2/P3KP1P/Q1B1B2R w - - 3 15,opening,d6f7,549,d6f7:549;d6f5:393;e4f5:385;d4d5:359;f3e5:344;h4h5:306;e1b4:267;f3g5:256
rrn4b/3p2p1/4pkp1/Qp3n1p/1P1P3P/1P3P2/P2P2P1/R2K3B b - - 0 20,midgame,a8a5,-572,a8a5:-572;f6e7:-201;c8d6:-179;g6g5:-146;c8b6:-121;c8e7:-111;f5e3:-72;f5g3:-4
1br1kbnr/1q2pppN/1p2n3/pN1p4/P1p4P/8/1PPPPPP1/QBR1KBR1 b - - 0 10,opening,h8h7,-369,h8h7:-369;b7d7:-102;e6c7:-93;c8d8:-80;g7g6:-73;b7c6:-66;e6c5:-63;g8h6:-63
bqk1r1rn/1pbppppp/8/p1pP2n1/7P/1BP2P2/PP2P1P1/BQK1RNRN w - - 3 7,opening,h4g5,270,h4g5:270;a2a4:260;f1d2:254;c3c4:239;b3c2:231;e1d1:218;b3d1:215;e2e3:202
5kbr/rp2np2/3b2p1/1PPpp2p/3p2P1/R7/2BPPP1P/2N1K1BR w - - 2 18,opening,a3a7,439,a3a7:439;c5d6:137;g4g5:47;f2f4:18;c1d3:-26;a3a6:-114;a3b3:-118;a3a4:-131
1nnkqrrn/pppppp1p/1n3Qp1/8/1P1PP3/3N4/P1P2PPP/NN1K1RRN b - - 6 7,opening,e7f6,-619,e7f6:-619;b8c6:-147;d7d5:-85;c8d6:-76;a7a5:-54;g6g5:-36;b6c4:-34;d7d6:-26
r1rbbqbk/bp2p3/p5p1/2pp1p1p/P4PPP/2P1B1BQ/1PBPP3/R1RB3K b - - 3 9,opening,h5g4,-245,h5g4:-245;d5d4:-214;e8c6:-206;f5g4:-175;e7e6:-70;e7e5:-53;g8e6:-52;e8d7:-39
rknrbbn1/pppppp2/8/3q2pp/P2P1P2/1N6/1PPRP1PP/RK2BBNQ b - - 4 5,opening,g5f4,43,g5f4:43;g8f6:44;c8d6:48;g5g4:51;f7f6:52;a7a5:69;a7a6:104;e7e6:106
Bbqr1n2/p1pp1p2/7k/Pp2p1bP/1P3N2/1B3pP1/2P1n2K/R2R1N2 b - - 4 22,opening,e5f4,-691,e5f4:-691;d7d5:-628;e2f4:-626;e2g3:-620;c7c6:-615;g5f4:-569;f8e6:-567;f7f5:-546
nb4r1/2pkp3/3N1npr/pp1p1P1p/1P3P1P/B1PP2PQ/P3q3/NB3KR1 w - - 5 22,opening,f1e2,502,f1e2:502
qbrr1k1b/pppp1pp1/3n1n2/4p2p/P1P4P/2R2N2/1P1PPPP1/QB1RNK1B b - - 0 5,opening,e5e4,112,e5e4:112;d8e8:117;c7c5:123;b7b6:124;c7c6:144;a7a5:152;g7g6:155;a7a6:179
nnkrrqnn/p1pp2p1/4p2p/1N3p2/P5P1/5P2/1PPPP2P/N1KRRQNN b - - 0 5,opening,f8b4,134,f8b4:134;a8b6:148;f5g4:152;c7c6:172;a7a6:173;h8f7:186;d7d5:189;b8c6:190
b2brqr1/kp1pppp1/6n1/5B1p/pp1PPP2/P1B4P/2Pn2P1/1KNQR1RN w - - 3 17,opening,c3d2,422,c3d2:422;d1d2:5;b1a2:-421;b1a1:-494;b1b2:-550
2nr3r/pk1p1b1n/5pp1/4p2p/2q1P2P/3PN2Q/PPPB1bP1/KBNR4 b - - 3 16,opening,c4c7,-257,c4c7:-257;c4c6:-241;c4a4:-233;c4e6:-227;c4a6:-227;c4c5:-210;c4d4:-209;c4b5:-198
rn1rkqn1/pp1ppp2/2pn2n1/6pp/8/1PN3PN/P1PPPPQP/R1NRK2N b - - 0 6,opening,g5g4,-89,g5g4:-89;f8h6:-67;f7f6:-34;b8a6:-26;d6f5:32;e7e5:44;a7a5:77;f8g7:94
bbqk1rrn/1ppp1p2/3n4/p3p1pp/P1P3PP/5NN1/1P1PPP2/BBQK1RR1 w - - 3 9,opening,f3g5,341,f3g5:341;g3h5:325;h4g5:305;b2b3:304;g4h5:280;d2d4:266;b1h7:260;c4c5:257
1br1k1rn/3p1ppn/pp2p2p/2pb1P2/P2B4/1P2P2P/Q1P5/1B1KRNRN b - - 8 20,opening,c5d4,372,c5d4:372;d5f3:384;h7g5:452;d5h1:490;d5a8:505;e6f5:514;e8d8:536;d5b7:536
knn1rnnr/p1qppppp/2p5/1p6/6P1/3P3P/PPP1PP2/KNNQRNNR b - - 0 5,opening,e7e5,4,e7e5:4;d7d5:7;h7h5:9;c8b6:9;f7f6:18;e8d8:18;b8a6:20;g8f6:20
r1knr1q1/2p1nnpp/3pn3/ppP1pN2/5PN1/PP4PP/4P1Q1/RKN1R2N w - - 1 16,opening,f5e7,441,f5e7:441;g2a8:437;c5d6:208;g4h6:184;f5d6:182;g4f6:153;f5h6:137;f5g7:108
nk3b1r/ppr1pp2/2pp1n1p/5Pp1/4BbP1/1P5P/P2PB3/1K1R3Q w - - 0 20,opening,e4c6,-483,e4c6:-483;a2a4:-512;h3h4:-518;e2a6:-518;d1f1:-519;e2d3:-520;h1f3:-521;d1c1:-521
qb1rn1nb/1p3kp1/p1rp4/2p1p2p/1PP1PNP1/1NQ2P1P/P1RP4/1B1R1K1B w - - 0 16,opening,f4d5,292,f4d5:292;b4b5:219;f4d3:193;f4h5:192;c3e3:190;f4e2:190;f4g2:159;c3d3:151
b1br1qrb/p1kbpp1p/2p3p1/1p1p4/P2B1P2/1P2P2P/2PP2P1/1KBRBQRB w - - 0 7,opening,a4b5,271,a4b5:271;d4h8:251;c1a3:248;g2g4:241;d2d3:235;f4f5:229;d4c5:208;d4a7:208
kn2r1b1/pp3p2/2r2N1b/2p1n1pp/P1P1p3/P2P3P/K3RPP1/3RQ1BB w - - 0 19,opening,e2e4,538,e2e4:538;f6e8:520;f6g8:503;g1h2:480;f6d5:462;f6e4:457;f2f4:429;d3d4:410
k1rn1qr1/pp1pp1p1/n1P3n1/5p1p/5P2/P1n3NP/2NPPNP1/KNR1QR2 b - - 0 13,opening,c3b1,-190,c3b1:-190;c3b5:-73;c3a4:-70;c3d5:-22;d8c6:-16;a6c5:13;h5h4:67;c3e4:67
r1n1k2r/p2nnp1p/1p1p1q2/1P3p2/2p4p/N5PP/P1PPP2R/R1NQK1N1 w - - 0 17,opening,c2c3,-340,c2c3:-340;d2d4:-414;a1b1:-503;e2e4:-518;g3g4:-520;g3h4:-521;e1f1:-521;a3c4:-522
b1k2r1r/1pp1b1p1/4npn1/p2PpP1p/B1p3PP/4P2Q/1P1N4/BNK3RR b - - 6 16,opening,g6f4,535,g6f4:535;e6f4:546;h5g4:550;b7b5:596;e6c5:600;b7b6:644;e5e4:656;g6h4:669
b3knr1/1p1pp2N/p5pp/2Q2p1n/Pqp1P2P/1PP1b3/2R2PPN/1B1K3R b - - 0 22,opening,b4c5,-731,b4c5:-731;b4b3:-47;e3c5:-33;b4b6:158;c4b3:466;h5g3:500;b4c3:547;h5f4:554
qb1brk1r/p1p5/bp1ppB1p/3b1pp1/PP1PP1P1/2P5/1Q2BP1P/1B2RKBR b - - 0 12,opening,d8f6,-20,d8f6:-20;a6e2:20;f5e4:161;a6b7:173;d5e4:181;a6d3:208;b6b5:228;a6c4:265
1nnk1qnn/r1p1p2p/p5p1/6p1/5P1Q/1Pp4P/P1PrP1P1/R1NRKN2 w - - 0 14,opening,h4g5,-469,h4g5:-469;h4g4:-532;h4f2:-534;h4g3:-537;f1d2:-588;f4g5:-607;c1d3:-735;h4h7:-768
1kbrrbnn/pqpppppp/8/1p6/2P5/P4P1N/1P1PP1PP/QKBRRB1N b - - 0 4,opening,b5c4,-95,b5c4:-95;e7e5:-39;c7c5:-13;g8f6:5;d7d5:10;c7c6:44;h8g6:49;h7h6:58
1kq4r/2pr1b1p/1p1Ppp2/B5p1/1PPR3P/4b1PB/4PP2/K3B1BR b - - 4 18,opening,e3d4,-679,e3d4:-679;d7d6:-457;c7c5:-449;b6a5:-447;c7d6:-416;g5g4:-406;h8d8:-392;c8b7:-381
1nnnr1rn/1p1p1pk1/1qp1p2p/p6p/2Q1N2P/P1N5/1PPPPPP1/2NR1RK1 w - - 6 12,opening,e4g3,-218,e4g3:-218;c3a4:-228;c4d3:-259;b2b4:-309;c1b3:-321;d2d4:-325;g1h1:-333;c3b1:-334
3r1nrk/npp3p1/p3Pp1p/1P1p1n1P/2N5/1NP1P3/5PR1/NR2nN1K w - - 1 21,opening,b1e1,-107,b1e1:-107;f1g3:-220;b3d4:-227;b5b6:-305;c4e5:-307;g2g1:-312;c4d6:-346;e6e7:-361
rk1nr2n/1p6/1nppq2p/p2P1p1p/1P5Q/P7/2P1P1P1/RK1N2RN b - - 1 23,opening,b6d5,-597,b6d5:-597;e6e5:-560;e6f7:-553;e6d5:-553;c6d5:-529;e6e4:-500;e6c8:-494;e6d7:-491
2qnr1r1/ppk1pQ1n/2pp2pp/K7/8/6NP/P1PbPPPN/1B2R1RB w - - 0 16,opening,c2c3,-703,c2c3:-703;a5a4:-737
2rbb1q1/2rpppk1/1p6/BPP1P1pp/2P3PP/P1R1P3/R1b1B2B/1B2Q2K b - - 0 18,opening,c2b1,305,c2b1:305;h5g4:458;c7c5:470;b6a5:473;c2e4:524;c2b3:532;g7f8:536;c2g6:546
1bbk1brr/p1p1p2p/Bp6/3b1pp1/3P4/BP1BP2P/P3KP2/B3Q1R1 b - - 1 14,opening,c8d7,365,c8d7:365;c8a6:380;c8e6:386;e7e6:400;g5g4:403;h7h5:425;c7c6:432;e7e5:464
rqr1k1bn/1pp1pppQ/p2pb2p/3P4/P1P5/6PP/1P1RPP2/R1B1KNBN b - - 0 8,opening,g8h7,-407,g8h7:-407;e8f8:471;e6d5:544;e6h3:562;f7f5:575;f7f6:592;e6f5:647;e6g4:674
rqn1k1rn/p3pp1p/1p4N1/2p3pn/2N4P/1P1n2N1/P2PPPP1/R1Q1NK1R b - - 4 15,opening,h5g3,-602,h5g3:-602;d3c1:-587;d3f2:-168;h8g6:-164;g5h4:-128;c8d6:-116;g8g6:-55;d3e1:-53
qnnkn1rr/p2ppppp/2p1n3/1N6/8/2PN4/PP1PPPPP/Q1NK1NRR b - - 0 4,opening,c6b5,-285,c6b5:-285;c6c5:64;a7a5:130;f7f6:131;d7d6:132;h7h5:143;c8b6:145;e8d6:151
nrnn2r1/1p1p2pp/1qpkppn1/p7/P2P2P1/1PN1P3/N4P1P/N1R1KQRN b - - 0 12,opening,d6e7,-157,d6e7:-157;a8c7:-126;d8f7:-118;g6f8:-118;g8h8:-101;h7h6:-83;g8f8:-82;e6e5:-56
rq1nbrk1/1bpppp1p/1p6/p5p1/7P/P1PP3P/1P2PP2/RQBNBRKN w - - 0 7,opening,c1g5,295,c1g5:295;f2f3:289;b2b3:282;b2b4:269;f2f4:264;c3c4:262;h4g5:261;b1c2:258
1r2k1nb/prp1b1pp/1pq5/3BNpP1/1P1n1P2/PR2N3/2PPP2P/R1Q1KB2 b - - 2 16,opening,c6d6,447,c6d6:447;c6a4:578;d4c2:668;c6d5:674;c6e6:676;c6b5:682;e7g5:704;c6f6:741
2q1b1nb/pkprpr2/8/1p1p1ppp/3P1NP1/PPP1PBR1/1KnQ1P1P/1NR1B3 b - - 0 18,opening,g5f4,-307,g5f4:-307;c2e1:-198;g8f6:-58;f5g4:21;c2d4:52;h5g4:53;h5h4:68;c2e3:78
1n1qQ2r/1p1k1p2/1n4p1/n1ppp2P/p1PPPP2/NN2n2N/PP6/2N1KRR1 b - - 2 22,opening,d7e8,-417,d7e8:-417;d8e8:-375;h8e8:-366;d7c8:516;d7c7:862;d7d6:99999
bbr2r1k/p2p1ppb/2p4p/1pb5/2P1pP2/PQ4P1/1PRPB2P/B3R1BK w - - 2 13,opening,g1c5,583,g1c5:583;g1e3:451;b3c3:427;h2h4:420;e2h5:418;e2f1:408;e1c1:403;h1g2:392
rn1qkbnr/pppp1ppp/8/4p3/nN6/5PP1/PPPPP2P/RN1QKBNR b - - 3 4,opening,f8b4,-186,f8b4:-186;a4b2:-176;d7d5:-85;a4b6:-71;c7c5:-64;a4c5:-63;b8c6:-47;g7g6:-47
bqrbr1k1/bBpp1p1p/3b4/4pP2/p2PP1p1/PP6/2PRB1PP/BQR3KB b - - 0 18,opening,e5d4,-435,e5d4:-435;a8b7:-413;b8b7:-403;d8g5:-270;g4g3:-240;a7d4:-222;c7c5:-220;d6a3:-201
rnnr1knn/pppppqpp/8/5p2/8/N5P1/PPPPPPQP/R1NRK1NN w - - 4 4,opening,f2f4,0,f2f4:0;a3b5:-16;g1f3:-18;d2d4:-27;g2h3:-29;c1d3:-43;c1b3:-45;e1f1:-48
1n4rr/pP1k2pp/3P1pn1/5N2/n3p3/n1PP1PP1/4P2P/1NK1N1RR w - - 1 20,opening,b1a3,357,b1a3:357;d3e4:-2;f3e4:-61;b1d2:-87;d3d4:-103;h2h4:-106;g1f1:-110;f3f4:-113
rk1qbb1r/1ppppppp/3n3n/p7/5PP1/PP6/2PPP2P/RKNQBBNR b - - 0 4,opening,h6g4,-81,h6g4:-81;a5a4:-51;e7e6:-41;f7f6:-26;h8g8:-21;f7f5:-13;g7g6:14;g7g5:16
k2brnnr/4p1p1/b1pp4/ppq2p1p/4P3/P4PP1/KPPP1N1P/1QBBRN1R w - - 0 10,opening,f1e3,73,f1e3:73;f2d3:48;e4f5:0;e1e2:-25;d2d4:-41;f2h3:-69;f3f4:-88;c2c3:-100
bb2brkb/2r1ppp1/7p/ppq2P2/3PP2B/1pQP4/P4KPP/BB1R1R1B b - - 1 18,opening,c5c3,-395,c5c3:-395;c5b6:-211;c5d6:-181;c5a7:-139;c5c6:-25;g7g5:-24;c5a3:20;c5b4:89
q1knrnrb/5p2/2B1p1p1/pP1pP2p/1PN4P/2Q5/2PK4/1B1NRR2 b - - 0 19,opening,a8b8,672,a8b8:672;a5b4:679;c8b8:695;d5c4:695;a8a7:738;a8c6:775;c8c7:776;d5d4:797
bqk1r1r1/1pB1p3/2pP3b/1B2Pppp/p2P1Pb1/1P6/P3R1PP/BQKB2R1 b - - 1 17,opening,b8a7,394,b8a7:394;g5f4:406;b8c7:438;c6b5:480;a4a3:511;g4e2:511;e7d6:536;e7e6:557
q2b2nb/2ppr1pp/kpnP1r2/p3p1N1/2P1PpP1/P7/BP3P1P/QNK1RR2 b - - 0 12,opening,c7d6,-246,c7d6:-246;f6d6:-244;e7e8:-226;e7e6:-121;e7f7:-68;c6d4:-16;f4f3:-8;f6h6:27
bqnnbrrk/pppp1p2/4p1pp/8/P7/8/NPPPPPPP/BQN1BRRK w - - 0 4,opening,c2c4,84,c2c4:84;b2b4:75;f2f3:72;d2d4:70;b2b3:57;e2e4:51;d2d3:50;c2c3:37
rrbbnnq1/p3pp1k/1p4p1/3P3p/1p5P/1R1P4/P1PB1PPK/R2BNNQ1 w - - 2 9,opening,b3b4,67,b3b4:67;e1f3:52;d2b4:48;a1c1:13;f1e3:11;g2g3:10;a1b1:1;h2h1:0
qn1kn1rr/ppppp1pp/1n4n1/2P2p2/8/2N1N3/PP1PPPPP/Q1NKN1RR b - - 0 4,opening,b6c8,147,b6c8:147;f5f4:165;d7d5:287;e7e6:354;g8f8:368;e7e5:372;e8f6:387;b8c6:394
knr1br1b/1pqp1p1p/6pn/p3p1P1/N2p4/P4P2/1PPQP2P/K2RBRNB w - - 1 10,opening,d2a5,205,d2a5:205;g5h6:-104;b2b3:-177;f3f4:-209;d1c1:-255;g1h3:-262;a4b6:-270;a1b1:-271
r1q1nk1r/pp1pp2p/5p1n/b1p5/3PN1Nb/4P2P/PPP2PP1/RBQB1K1R w - - 2 14,opening,g4h6,398,g4h6:398;e4c5:351;g2g3:314;c2c3:295;b2b4:287;c2c4:276;a2a4:267;d1f3:254
r1r1bqbk/2bp1ppp/1pp1p3/p2Q4/5P2/2b1B3/PPBPP1PP/R1RBB2K w - - 0 8,opening,d5b3,-233,d5b3:-233;d5f3:-338;d5h5:-350;d5e4:-357;d5c4:-369;d5g5:-369;d5d3:-370;e3c5:-467
2kqr1rb/p1pnRpB1/6n1/3p3p/1p1P3P/1P1b1P2/P5P1/1NKQ1NRB w - - 0 11,opening,e7e8,-255,e7e8:-255;e7d7:-448;e7e3:-453;e7f7:-457;d1d3:-464;g7h8:-475;b1c3:-517;g2g4:-520
rk3bbb/pp1prpp1/1bq4p/2p2P2/PPP1B3/R2P2PP/4P3/K1QBRBB1 b - - 0 11,opening,e7e4,-183,e7e4:-183;c6f6:-101;g7g5:-41;g7g6:-27;c6d6:-3;c6c7:37;c6c8:78;d7d5:127
knqr2r1/2pb1p1p/p3pbp1/1p5P/3PPP2/PpK2R1N/1Q6/1N1RBB1n b - - 5 21,opening,g6h5,-318,g6h5:-318;c7c5:-306;c8b7:-285;d7c6:-281;h7h6:-228;e6e5:-214;d7e8:-186;c7c6:-171
r1bk1brb/pp1p2pp/2p5/4pp1q/PP3P2/4P3/2PPB1Pb/RBBKQ1RB w - - 0 8,opening,e2h5,488,e2h5:488;b1a2:95;g2g4:91;g1f1:38;b4b5:38;f4e5:23;d2d4:-18;c2c3:-47
brqkrbbb/5pp1/p3p3/1p1p3p/P1pP1P2/2P1P2P/1P1Q2P1/B1RKRBBB w - - 0 9,opening,a4b5,-172,a4b5:-172;b2b4:-186;b2b3:-186;g2g4:-202;a4a5:-206;d2e2:-208;d2c2:-223;d2f2:-241
b2brbrk/p2p3p/2q3p1/1pp1pB2/6Pb/2P1PP1P/PP1P4/BB1QRBRK b - - 0 10,opening,g6f5,-468,g6f5:-468;c6f3:-344;h4e1:-341;h4f2:-304;d8g5:-253;c6f6:-252;a8b7:-250;d7d5:-244
r2nn1k1/1p1pr3/pn2p1pp/2pqPPp1/P1P3KP/1P6/RN2N1PR/Q3N3 w - - 0 23,opening,c4d5,505,c4d5:505;b2d3:-185;e1f3:-257;b2d1:-313;f5g6:-385;f5f6:-394;h4g5:-412;g4g3:-463
1b3bnr/2k3pp/5r2/p1p1Ppq1/Ppb2Q1P/RP2p2K/2PPP1P1/1BB2B1R w - - 14 22,opening,h4g5,378,h4g5:378;f4g5:259;f4c4:-313;d2e3:-416;g2g3:-419;f4f3:-471;f4e3:-474;f4d4:-561
rbbqkb1r/1pppp1p1/p7/5p1p/PP6/6P1/RBPPPP1P/3QKBBR w - - 0 7,opening,f1g2,92,f1g2:92;f2f4:88;d1a1:79;e2e4:55;h2h4:45;a4a5:41;c2c4:24;f1h3:18
kbb1qr1n/pp2npp1/2prp3/3p3p/6P1/1PBP3P/P1PQPP2/KB1R1RNN b - - 3 7,opening,d5d4,-125,d5d4:-125;f7f6:-97;g7g5:-82;h5g4:-73;f8g8:-47;d6d7:-29;f7f5:-26;d6d8:-15
rb2bbrb/pk3p2/2p3pp/3pPq2/1pP1PB2/1P3PP1/P2Q3P/RB1K1BRB w - - 4 21,opening,e4f5,439,e4f5:439;e4d5:203;c4d5:203;c4c5:182;a2a4:105;a2a3:87;b1d3:83;h1g2:71
2n1rknr/1q1R1ppp/p1p1p3/1p2n1P1/1Pp1P3/NN1P1P2/P1N1n2P/Q1N1K2R w - - 2 18,opening,d7b7,622,d7b7:622;b3c5:413;a1e5:224;e1e2:-195;d3c4:-198;a3c4:-211;c1e2:-257;d7d8:-311
3q1kr1/p4n1p/2pbn1p1/3p1p2/PpP2P1K/3PP2P/1P1R1NP1/BbQ1R3 w - - 0 22,opening,h4g3,-518,h4g3:-518
brkn3Q/2p4p/3p2p1/pp2pp2/1P2P3/P1q3PP/1RP2N2/BK2R1B1 b - - 0 22,opening,c3e1,-472,c3e1:-472;a5b4:168;a8e4:303;f5e4:333;a5a4:355;c3d2:366;a8d5:380;a8c6:401
r1br1k1n/5b1p/p5p1/Pp1p1p2/RP2p2n/3p1N2/QBPKP3/3NR1B1 w - - 0 22,opening,b2h8,446,b2h8:446;f3h4:441;g1c5:440;a2a1:427;c2d3:413;f3d4:388;a4a3:383;f3g5:372
b2rknr1/1q1p1n2/2p5/1p2ppp1/p2b2PB/PP2P2P/BQPP1P1N/3RK1RN w - - 2 14,opening,c2c3,-4,c2c3:-4;e3d4:-40;b2b1:-221;b2c1:-226;b2d4:-391;h1g3:-477;b3a4:-494;g4f5:-494
rbrb1bb1/ppppp1kp/5q2/5pP1/4P3/2Q5/PPPP2PP/RBRB1BBK w - - 3 6,opening,g5f6,696,g5f6:696;g1d4:560;e4e5:369;c3e3:321;c3d4:304;c3d3:267;c3h3:230;c3f3:200
qrk1rn2/ppppbpbp/6pn/4p3/4P3/1P2NN2/P1PP1PPP/QRKBR2B b - - 3 7,opening,e7a3,-261,e7a3:-261;f7f5:-183;d7d5:-136;b7b5:-125;a7a5:-122;c7c6:-114;f8e6:-109;c8d8:-64
rqb1knbn/1pprpppp/p2p4/8/4P3/6PP/PPPP1P2/RQBRKNBN w - - 1 4,opening,d2d4,-57,d2d4:-57;f2f3:-58;f2f4:-58;g3g4:-60;f1e3:-65;b2b3:-67;c2c3:-69;b2b4:-86
q4b1r/1b1ppk2/1pr2n1p/p1p2p2/PNPPPP1P/6p1/1B2Q1P1/3RKBNR w - - 0 22,opening,b4c6,389,b4c6:389;d4d5:305;e4e5:301;b4d3:296;b4d5:294;h1h3:273;b4c2:260;b4a2:246
bkr1qbb1/ppb1pp1r/B1p5/3p2p1/4P1Pp/1P2BP2/P1PPQ2P/BKRB3R b - - 3 12,opening,e7e5,-20,e7e5:-20;f8g7:16;d5e4:42;f7f6:82;c8d8:124;h4h3:127;h7h6:135;e8d8:138
k1r1q1b1/3r1p1n/1p2pb2/pPppnN2/2P4p/2R1PP2/P2P2Pp/KN1R1Q1B b - - 0 22,opening,e5c4,-532,e5c4:-532;a8b8:-489;a8a7:-489;e6f5:-481;e8d8:-459;f6h8:-456;h7f8:-441;d5c4:-438
n1nn3r/pr2kpp1/7p/2P5/3qp2n/P1N1P1P1/2P1NP1P/R3KQRN b - - 4 17,opening,h4f3,-99999,h4f3:-99999;b7b1:-99997;d4c5:85;d4c4:180;h4g2:196;d4e5:202;d4d7:262;d4f6:266
krbbnrq1/1ppppppp/8/p3n3/4PP2/3P4/PPP3PP/KRBBNRQN w - - 0 4,opening,f4e5,500,f4e5:500;b2b4:188;g2g4:171;c2c3:169;c2c4:165;e1f3:164;h1f2:162;h1g3:160
rBr1q1bb/3p1p2/4p2k/p1p2Bpp/2PP2P1/1Pp2K1P/P1B1P3/R3QBb1 b - - 0 22,opening,a8b8,-525,a8b8:-525;c8b8:-505;e6f5:-499;h8d4:-477;e8e7:-433;h5g4:-433;g1d4:-432;g1e3:-384
rbk1br1q/pppn1pp1/2np3p/1P2p3/P2P3P/4PNPQ/2PB1P2/RBKN1R2 b - - 0 10,opening,c6d8,163,c6d8:163;c6e7:180;c6d4:314;e5e4:385;c6a5:408;g7g5:419;f7f6:425;f7f5:443
nn1r2r1/2pp1qkp/p3ppn1/1N1n2pP/3PPP2/1N6/PPP3P1/2RQ1NRK b - - 0 19,opening,g6f4,-421,g6f4:-421;d5f4:-374;a6b5:-280;g6f8:-275;g6e7:-255;g6h4:-227;d5e7:-221;g5f4:-178
r1n2r1k/p6p/n7/Np1b1ppq/3bPpPP/3P4/PPQ1B3/NR1R2BK w - - 13 21,opening,g1d4,703,g1d4:703;g4h5:658;g1f2:35;e2f3:-93;h1g2:-149;e2f1:-204;e4d5:-280;g1h2:-285
1nrq1k1n/1p1pp3/1npnPp1p/p7/2P1Q3/4K2p/PP1P1PR1/NNR1N2N w - - 0 14,opening,e4h7,99995,e4h7:99995;e4f4:-101;e4g4:-107;e4f3:-166;e4d3:-176;e4c2:-189;g2g8:-239;g2g3:-402
b1kb1n1r/p5qp/1pn1p1r1/2p2pp1/3Q4/1KPP2PP/PP2PP1N/BN1B2RR w - - 0 14,opening,d4g7,-35,d4g7:-35;d4e3:-194;d4a4:-200;d4d6:-558;d4d8:-588;d4c4:-618;d4c5:-652;d4g4:-657
1krr3n/p1ppn1qp/1p1nnp2/4p3/P2NP3/1P3pN1/2PP2PP/K1RN1QRN w - - 1 14,opening,d4e6,-116,d4e6:-116;d4f3:-118;g3f5:-126;d4f5:-132;d4b5:-164;g3h5:-229;g2f3:-465;h1f2:-495
kqrbnr1b/p1p1p1n1/5p2/Pp5p/1NPp1P1P/1B4p1/QP1PP1P1/K1R2NRB w - - 0 13,opening,b4a6,555,b4a6:555;b4c6:529;c4b5:518;f1g3:512;b4d3:401;a1b1:384;d2d3:380;c1c2:361
knr2rbb/ppp2qp1/2nppp2/7p/P7/1P2P2P/2PP1PPB/KNRNQR1B w - - 1 7,opening,f2f4,-126,f2f4:-126;b1c3:-131;d1c3:-132;g2g4:-134;d1b2:-136;g2g3:-155;h2g1:-163;d2d4:-180
r1rq2bk/bp3pp1/p2p2Pp/P1p4B/1P1P1p2/R1P1b2P/4PB1K/2RBQB2 b - - 0 16,opening,e3c1,-282,e3c1:-282;c5b4:-125;f7g6:-124;e3f2:-103;d6d5:-2;c8c7:8;f7f5:44;d8e7:45
qn1krr1n/2pppp2/1p4p1/7p/pP2nP2/PQN3PP/2PPPR2/2NKR1NN w - - 0 11,opening,c3a4,353,c3a4:353;b3b2:272;b3c4:268;b3a2:157;b3b1:133;c3e4:-335;c1d3:-500;g1f3:-513
rrn2qbk/pp1ppp1p/8/b1p3pn/2P5/1B2P3/PP1PNPPP/RR2NQBK w - - 3 6,opening,d2d4,110,d2d4:110;e1d3:106;f2f4:100;d2d3:88;g2g4:86;e1f3:80;h2h3:41;b1d1:38
1bbk1r1q/2p3p1/1n1p2r1/1p2pPPp/1P6/1K2nP1P/P2PQ3/NBB1NRR1 b - - 0 18,opening,h8g8,-409,h8g8:-409;e3f5:-288;e3f1:-171;c8f5:-167;e3d5:-95;e3c4:97;b6a4:172;e3g2:182
qr1brn1b/2pk2pp/1p3Q2/p1Pppn2/5P1P/PP2PN2/2BP2P1/KR2RN1B w - - 1 13,opening,c2f5,732,c2f5:732;f6f5:481;c5c6:461;f6f7:355;f3e5:304;f6e5:-245;f6f8:-327;f6b6:-382
b3rbrk/ppb3pp/2ppq3/bB2pp2/B2PP3/P1P5/1P2RPPP/BBQ3RK b - - 2 10,opening,f5e4,-11,f5e4:-11;d6d5:1;c6b5:43;e6f7:64;e6f6:69;a5b6:97;e6d7:120;g7g6:132
k2r1nb1/1prp3p/p7/1P2b1p1/5p1P/1nP2PB1/P2NR1P1/1K1R1N1B b - - 4 18,opening,b3d2,-325,b3d2:-325;f4g3:-280;e5h8:-192;e5c3:-179;c7c5:-153;b3c5:-153;e5g7:-131;d8e8:-131
bbr5/p1p1qrkp/1p1pQpp1/PB1bp3/4P2P/1PP5/5PP1/B2RBRKB w - - 0 13,opening,e4d5,544,e4d5:544;e6e7:511;e6c8:491;e6g4:247;e6h3:209;e6d5:148;e6d7:140;e6f6:-243
1nnknr2/pppppp1r/1n6/N5pp/2P4N/P1qPP3/1P3PPP/1KN1R1QR w - - 0 14,opening,a5b7,99999,a5b7:99999;b2c3:562;c1b3:96;a5c6:-41;a5b3:-325;b2b4:-389;h4g6:-406;f2f4:-461
1brnbkrn/p1pp1ppp/8/1p2p3/6P1/2P2qN1/PPBPPP1P/Q1RNBKR1 b - - 3 4,opening,f3g4,-49,f3g4:-49;f3b7:149;f3a8:173;f3f6:181;f3c6:189;f3f4:197;f3d5:217;f3g3:600
nn1k2qn/ppr2p2/4r2p/P3p2Q/1p2P3/2nP1PP1/3K4/N1N1RR1N w - - 0 18,opening,f3f4,-342,f3f4:-342;c1b3:-360;h1f2:-370;f1g1:-371;h5h4:-373;a1b3:-385;c1e2:-388;h5h3:-411
kqrbn1rb/p3pppp/1pp1n3/3p4/8/1P1P1NP1/P1PNPP1P/KQRB2RB b - - 1 5,opening,g7g5,-133,g7g5:-133;b6b5:-122;a7a5:-57;g7g6:-39;h7h6:-31;a7a6:-27;b8c7:-27;d8c7:-22
nkrb1bnr/pppp3p/6q1/4ppp1/P1P1P3/1NRP4/KP3PPP/3BQBNR b - - 4 7,opening,f8b4,-88,f8b4:-88;f5e4:-28;g6e8:-20;c7c6:1;h7h5:13;g8h6:20;g6g7:24;g8e7:24
knrnq1rn/ppp2ppp/3p2n1/4p3/4P1P1/P1P5/1P1P1P1P/KNRNQNRN b - - 0 4,opening,d8e6,-179,d8e6:-179;g6f4:-152;b8a6:-126;e8d7:-122;b8d7:-121;b8c6:-118;g6h4:-102;c7c5:-94
2rnqrnn/pkp1p1pp/1pn2p2/3p3P/P7/5N2/KPPPPPP1/1NRNQR1N w - - 1 8,opening,e2e3,-150,e2e3:-150;b1a3:-158;h1g3:-161;b2b3:-163;d2d3:-166;d1e3:-168;a2a1:-168;c2c3:-172
1k1brrbb/pqp1p1p1/2b5/1B3p2/8/1PPPPP1p/PK2R2P/BQ3RBB b - - 0 12,opening,b7b5,-390,b7b5:-390;c6b5:-368;g7g5:-113;f5f4:-104;e7e5:-101;g8f7:-58;e7e6:-55;g7g6:-55
qbrk3b/ppppp2P/5rb1/P4p2/Q4P2/8/1PPPP1P1/1bRKBRBB b - - 2 8,opening,b7b5,168,b7b5:168;f6f7:186;c7c5:209;b1c2:228;b1a2:233;b7b6:242;g6h7:247;c7c6:270
nkb1rn1B/p4q2/8/1p2pp1p/Pp1pPpP1/3P3P/2P5/N1KQRNRB b - - 0 14,opening,f5g4,193,f5g4:193;f7a2:248;f5e4:266;f8d7:266;h5g4:273;b5a4:279;a8b6:284;a8c7:299
nqnk1rnn/pppprppp/8/8/P3p1P1/3PP3/1PP2P1P/NQNKRRNN b - - 0 4,opening,g8h6,-6,g8h6:-6;g8f6:20;d7d5:24;c7c6:29;c8d6:35;e4d3:40;c7c5:43;h8g6:69
rnnk2nn/pppprqp1/8/1N2pp1p/2P1P1P1/3N3P/PP1P1P2/R2KRQNN w - - 2 8,opening,d3c5,200,d3c5:200;g4f5:156;f2f4:95;h1g3:75;g1f3:72;e4f5:48;f2f3:3;b2b3:-5
n1rq1kr1/p2np1pp/6n1/5pP1/1ppP2P1/PPP1K1N1/4P2P/1NRQN1R1 w - - 5 22,opening,g4f5,268,g4f5:268;e3f2:196;e1g2:148;e3f3:145;g3h5:116;g3f1:108;e3d2:99;g3f5:94
r2qbrk1/1n2p1pp/p5nQ/1p1p1p2/1P1p2bP/2N3P1/PBP1PP2/R3BRKN w - - 0 13,opening,h6g5,-440,h6g5:-440;h6d2:-458;h6c1:-461;c3b5:-643;f2f3:-649;a1d1:-671;h4h5:-687;a2a4:-692
r2qnkbb/3p1ppp/pr1np3/1pp5/P7/R3PN1P/1PPP1PP1/1RN1QKBB w - - 2 7,opening,a4b5,34,a4b5:34;g2g4:17;a4a5:16;g1h2:8;a3a1:2;e3e4:2;d2d3:-5;d2d4:-6
r1knbrnq/1p1pppp1/p6p/2p5/P3P1P1/1P1Q4/B1PPNP1b/R1KNBR2 b - - 1 8,opening,d8c6,-17,d8c6:-17;g7g5:-13;h2c7:0;g7g6:13;a6a5:56;h2d6:70;h2e5:84;h6h5:86
n1rnkqrn/p1pppppp/3n4/1p6/2P5/6P1/PP1PPPRP/NRNNKQ1N w - - 1 4,opening,c4c5,85,c4c5:85;c4b5:33;e2e4:-81;e2e3:-102;f2f4:-119;b2b3:-124;a1c2:-134;d2d3:-141
qr2bkrn/6p1/p1P1n1p1/2P1pp2/1p3PPP/PP6/3P1bR1/QNR1BK1N b - - 0 16,opening,f2d4,-682,f2d4:-682;h8f7:-417;f2e1:-397;e8c6:-373;f2h4:-343;f2c5:-331;a8c6:-272;b8d8:-229
1r1qnkbb/rpp1ppp1/1p5p/3p4/4PP2/2PN4/PP1P2PP/RR1QNK1B w - - 1 6,opening,e4e5,51,e4e5:51;g2g3:-44;g2g4:-63;d1f3:-78;d1e2:-80;e4d5:-84;d3f2:-93;d3e5:-115
qnnkrr2/ppp1pnpp/5p1n/8/1P2p3/2PP2PP/P4P2/QNNKRRNN w - - 0 7,opening,d3e4,-132,d3e4:-132;e1e4:-145;b1d2:-165;g3g4:-175;c3c4:-176;a2a4:-177;a1b2:-183;f2f3:-194
qnnkrrnn/pp1p3p/4pp2/2p1Q1p1/4P2P/1P1PR3/P1PNNPP1/2NK1R1N b - - 1 10,opening,f6e5,-651,f6e5:-651;h8g6:56;b7b6:58;b8a6:97;g5h4:110;b8c6:122;d7d6:123;g8h6:126
rqb1bb1b/2pp1prk/pp6/6pP/P3pP2/1P5B/2PPP1RP/RQBBB2K b - - 1 13,opening,d7d5,22,d7d5:22;g5f4:42;g5g4:51;d7d6:137;c7c5:183;h7g8:195;b8b7:208;c7c6:208
nr6/pqppnpkp/2r2b2/2b1p1pP/2P2P2/pN1PPBP1/NP2R3/1Q1R1BK1 w - - 9 20,opening,h5h6,454,h5h6:454;b3c5:450;a2c1:198;f3c6:79;f4e5:64;d3d4:52;b3a5:-24;b3d2:-63
nn1rq1rk/2pnpppp/pn1p4/1pN5/P7/2N1N2P/1PPPPPP1/2NRQ1RK b - - 0 6,opening,d7c5,-380,d7c5:-380;d6c5:-345;b5b4:-43;d7f6:-38;b6a4:-10;b5a4:-7;d7f8:8;d7e5:10
nnrqknrn/ppp4p/4p3/2Pp1pp1/8/1PR1N3/P2PPPPP/NN1QK1RN b - - 0 5,opening,d5d4,-184,d5d4:-184;f5f4:-132;c7c6:-131;h8f7:-123;b8d7:-122;a7a5:-118;h8g6:-112;g5g4:-109
b1kbrnr1/qp1p2pp/p5n1/4Pp2/P1P5/1P1p2N1/4P1PP/BQKBR1RN w - - 0 9,opening,g3f5,88,g3f5:88;e2d3:59;b1d3:-9;e2e3:-64;a1c3:-96;e2e4:-132;b1a2:-137;b1b2:-167
rrq3nb/5kpp/ppp1p3/2b2p2/PPPp2P1/5n2/RN2P1BP/R1QK1BN1 b - c3 0 13,opening,f3h2,-167,f3h2:-167;f3g1:-110;f3e5:-61;d4c3:1;f3h4:71;f3e1:123;a6a5:167;g8f6:169
r3kb1r/1pp2p2/3p3n/pP1Ppbqp/R1P1P2P/Q2B1Pp1/1P1B2P1/1N2K1NR b - - 1 14,opening,g5d8,537,g5d8:537;g5f6:543;g5e7:566;g5g7:615;g5g8:639;g5g6:652;h6g4:662;g5d2:672
r1b1kr1b/pB2bq1p/4p2b/2P3p1/P1Pp1PP1/3pP2P/3Q4/R1B1K1R1 b - - 0 20,opening,c8b7,-704,c8b7:-704;d4e3:-562;e7c5:-527;a8b8:-488;g5f4:-485;f7f6:-449;f8g8:-408;f7g6:-398
qk1rnbbr/pnpppppp/8/1p6/8/3N3P/PPPPPPPR/QKRN1BB1 w - - 4 4,opening,a2a4,130,a2a4:130;f2f4:114;b2b3:110;e2e4:91;g2g4:67;d1c3:66;g2g3:64;f2f3:61
q2knnrr/pppppp2/n5p1/n7/5Qp1/1P1NN2P/P1PPPP1R/1NNK2R1 b - - 3 8,opening,g4g3,18,g4g3:18;f8e6:31;g6g5:54;e8d6:54;a5c6:67;h8h5:81;b7b6:90;b7b5:91
1nbq2nr/rppkp1bp/p5p1/Q1P2p2/3P1PP1/P2KB3/1P5P/RN3BNR b - - 2 13,opening,b8c6,-173,b8c6:-173;d7e8:-169;f5g4:-152;g8f6:-92;g8h6:-76;b7b5:-63;b7b6:-61;e7e6:-56
nr1nkrnq/3pp1pp/1n5P/pp3p2/3p4/1N5N/PPPKPPP1/NR1N1R1Q w - - 0 10,opening,b3d4,-228,b3d4:-228;h1h2:-239;b3a5:-243;d2e1:-243;h6g7:-251;g2g3:-257;c2c3:-261;h3g5:-265
2bbrkq1/r2p3p/p1b1ppp1/Pp2P3/2p3PP/bP1P1Q2/2P1K3/BRBBR3 b - - 8 21,opening,c6f3,-634,c6f3:-634;a3c1:-395;c4d3:-343;f8f7:-311;a3b4:-272;a3b2:-264;a3c5:-243;d8e7:-238
rb5b/p1b2p1q/2pp3P/kP2p1r1/Pp2P1P1/1P6/3P1PR1/RBKBB2B b - - 0 23,opening,h7h6,-359,h7h6:-359;c6c5:-330;d6d5:-298;f7f5:-297;c7b6:-292;c7d8:-290;a7a6:-277;h8g7:-272
1qr1nnrb/1pp3pp/pk3b2/2p1p3/4N1B1/P3R3/1PQP1PPP/K3N1RB b - - 1 10,opening,b6a7,451,b6a7:451;f6e7:508;f8d7:545;c5c4:553;c7c6:557;a6a5:591;f8e6:648;b6a5:99997
kqrb1br1/ppppp1bp/6p1/5Q2/P3b3/2P3P1/1P1PP2P/K1RBBBRB b - - 3 7,opening,g6f5,-648,g6f5:-648;e4f5:-606;e4h1:158;e4c6:218;g7d4:261;g7c3:284;e4g2:299;d7d5:338
bbrqk1nr/2p1p2p/pp4p1/7N/2p3P1/7P/PP1PPP2/BBRQKR2 w - - 2 13,opening,d1a4,220,d1a4:220;b2b3:208;b2b4:190;h5g3:161;c1c4:155;g4g5:129;e2e3:110;f2f4:104
4r1Q1/1k1b3n/p1p1p2b/1p1p4/1PPP2p1/P2BPq1P/2KB1P1N/4R2R w - - 2 20,opening,g8h7,714,g8h7:714;g8e8:672;h2f3:618;h3g4:561;d3h7:511;g8e6:480;g8g6:448;g8g7:412
rnqnr1nk/pp1pp1pp/2p2p2/8/2P2n2/5PPP/PP1PP3/RNQNRNNK w - - 1 5,opening,g3f4,366,g3f4:366;d1f2:49;d2d4:49;b1c3:43;c1c3:34;b2b3:29;d1c3:27;d2d3:22
bnqrbnrk/3p2pp/1p3p2/p1p1p3/3B3P/5P2/PPPPP1P1/BNQR1NRK w - - 0 6,opening,d4f2,-236,d4f2:-236;d4e3:-259;d4c3:-282;d4e5:-457;d4c5:-497;c2c3:-511;b2b4:-512;b2b3:-549
1r1bq1bk/1p1B1p2/5bp1/pBp5/P2Pp2p/2R3bP/1P3PK1/1R1B2B1 b - - 0 21,opening,e8e7,-493,e8e7:-493;e8f8:-460;c5d4:-135;g3f2:-56;e8d7:-30;e4e3:36;g3f4:111;f6e5:111
kqrbnnrb/5p1p/ppp3p1/P2p4/4P2P/4P1P1/KPPP4/1QRBNNRB b - - 1 10,opening,d5e4,-15,d5e4:-15;e8d6:89;a8a7:108;f8d7:110;c6c5:133;b6b5:135;e8f6:162;f8e6:164
n1Nrq1r1/2pppp1k/2n1n3/p5pp/7P/6N1/PPP1PPP1/2NRQR1K w - - 0 11,opening,h4g5,-144,h4g5:-144;c8a7:-192;d1d3:-194;e2e4:-195;b2b4:-201;d1d5:-222;c1d3:-223;c1b3:-226
1brrnkn1/3pp2p/2p3p1/ppP2p2/5P1P/2RRbBP1/Pq2P3/QB2NKN1 b - - 0 13,opening,b2a1,-704,b2a1:-704;e3c1:-269;b2b4:211;b2c3:300;b2d2:364;e3f4:432;b5b4:437;b2c1:441
knrbr3/3p3p/1p2pb2/pNp2pp1/2q4n/1PP1P2P/P1BPRPP1/KR3NQB b - - 0 13,opening,c4b5,-341,c4b5:-341;c4e2:-294;c4b4:170;f6c3:335;c4d5:388;h4f3:404;c4c3:523;c4e4:619
nk1r2rq/2pnp1np/2p3p1/p2p1p2/P3PP2/N1PP2NP/1P1K2PQ/2R1N1R1 w - - 5 19,opening,e4d5,102,e4d5:102;e4e5:64;e4f5:44;g3e2:25;d2c2:-65;e1f3:-100;e1c2:-103;g1f1:-122
r1q1bbr1/pbp1bp1k/6p1/1p1Pp3/1P4P1/2PP4/P2BBPBP/3RBR1K b - - 1 13,opening,g6g5,-483,g6g5:-483;g8h8:-478;e8d7:-468;f8g7:-454;c8d8:-450;g8g7:-448;f7f6:-448;h7h8:-432
1n1knrqr/1ppppp2/pn6/3n2pp/N2P3P/3NP3/PPP2PP1/N2KNRQR w - - 0 7,opening,a4b6,-1,a4b6:-1;a4c5:-2;d3c5:-63;c2c4:-121;e3e4:-135;a4c3:-249;h4g5:-272;f2f3:-284
rr1bnn1k/p2pp2p/1p3p2/2P2N2/3P2p1/5P2/qRb2QPP/1RBBN2K w - - 0 11,opening,d1c2,510,d1c2:510;e1c2:509;f2c2:466;b2a2:431;f3g4:227;f2d2:220;c5c6:199;c1h6:194
qnr1rb1b/p1ppp1pk/1pn2p1p/3B4/P7/1PP1P3/3P1PPP/QNRN1RKB b - - 1 8,opening,e7e6,135,e7e6:135;g7g6:156;f6f5:205;e8d8:214;g7g5:224;a7a5:226;a7a6:230;a8b7:232
r1bkr2b/p2pp2p/P1pq1p1n/8/1Pp2pP1/2P1P1NP/1B1P1R2/1R1KN2B b - - 2 21,opening,f4g3,-717,f4g3:-717;f4e3:-603;h6g4:-559;f6f5:-558;e7e5:-531;e8g8:-504;d6c7:-495;a8b8:-489
n4rqr/2kpppp1/n1p4p/ppQ2n2/5P2/PNPP2n1/1P1NP1PP/2NKNR1R b - - 5 12,opening,a6c5,-744,a6c5:-744;a8b6:-165;c7b8:-115;f8b8:-98;c7b7:168;g3f1:355;f8c8:390;c7d8:407
k1qrbr1b/N2ppp1p/2p3pn/3n4/1P1PP2P/8/PKP2PP1/1Q1RBRNB b - - 0 12,opening,c8a6,-33,c8a6:-33;a8a7:34;c8b7:128;c8c7:156;c8b8:158;h8d4:296;d5c3:415;d5e3:529
bbr1r1bk/pppp1p2/4pqp1/6pP/1b6/P1P1P3/1P1P1PP1/B1RQRBBK b - - 0 6,opening,b4f8,-296,b4f8:-296;b4e7:-293;b4d6:-261;b4c5:-202;g5g4:-161;g6h5:20;b4a3:28;b4a5:51
kbqbrb1b/p3p1r1/Bpp2p2/3p1Ppp/4P2P/2P5/PPQPB1P1/KB2R1RB w - - 0 9,opening,a6c8,843,a6c8:843;e4d5:741;g2g4:685;g2g3:651;h4g5:615;d2d4:604;c2b3:600;a2a3:592
nnkrrqn1/p1p2pp1/6n1/1p1pp2p/4P3/NN3PPP/PPPP4/2KRRQNN w - - 0 7,opening,f1b5,215,f1b5:215;a3b5:208;e4d5:132;c2c3:102;h1f2:61;a3b1:50;f1f2:28;d2d4:19
1knn1r1n/1p1p1p2/2p3q1/2N1pNnp/rp2PPpP/6N1/2PP1QP1/R1KN1R2 b - - 1 22,opening,a4a1,-191,a4a1:-191;g5e4:-111;g5h3:95;a4a3:393;d7d6:458;b8c7:459;g5e6:475;a4a7:491
knr2rnn/nppqp1p1/8/p2p1p2/P2P1PpN/1PQ4N/2PNP2P/K1R2R1N w - - 8 13,opening,h3g5,-133,h3g5:-133;h3f2:-171;h3g1:-191;a1b2:-347;c3a5:-349;h1f2:-360;e2e4:-368;f1g1:-378
nr4rb/6p1/bk2pp1p/pPpp4/P4nP1/1P2q3/2KPRPB1/N1BQ2RN b - - 5 23,opening,e3d3,-446,e3d3:-446;e3e2:-443;e3d4:-84;e3e5:366;f4e2:425;a6b5:466;e3b3:479;e3e4:489
kbbrqrn1/p1pppppp/8/7N/2p4n/1P4N1/PB1PPPPP/KB1RQ1R1 b - - 1 9,opening,f7f6,116,f7f6:116;d7d5:133;f7f5:157;e7e6:157;d7d6:174;e7e5:214;c4c3:217;h4g2:320
2k1rn2/2q1pp2/2p2r2/ppPp2p1/Pn1PP2p/1Kb2P1P/QP4PN/B3RbRB w - - 5 18,opening,g1f1,-574,g1f1:-574;a2b1:-601;e1f1:-641;a2a3:-661;h2f1:-663;b2c3:-696;h2g4:-746;b3a3:-763
nrnnkqrn/p1pp1p2/6pp/1p2p3/4P2P/P5N1/1PPP1PP1/NRNNKQR1 w - - 0 5,opening,f2f4,94,f2f4:94;d1e3:80;c1d3:56;c1e2:53;d1c3:35;a1b3:24;f1e2:21;g1h1:21
nnnkrrqn/1pp1p1p1/7p/p2p1p2/N7/P6P/1PPPPPP1/1NNKRRQN b - - 0 5,opening,g7g5,-40,g7g5:-40;a8b6:-39;b8c6:-39;b8d7:-37;c8b6:-36;e7e5:-31;f5f4:-19;e7e6:-12
knr1qrbb/p3pppp/2ppn3/1p1B4/2P5/4N1P1/PP1PPP1P/KNR1QRB1 w - - 2 5,opening,d5g2,164,d5g2:164;d5h1:153;d5e4:39;d5f3:19;d5e6:-52;f2f4:-219;d2d3:-245;b1a3:-258
1kbr1bbb/rpppp1p1/p4p2/3B1P1q/P5p1/1P5B/2PPP2P/RKBRQ3 w - - 4 10,opening,d5g8,-358,d5g8:-358;h3g4:-366;h3g2:-417;e1g1:-456;e1g3:-479;d5h1:-496;d5e4:-523;e2e4:-526
qbrrnk1b/p2p1p1p/2p2n2/1p2p1p1/4P3/P4NPN/1PPP1P1P/QBRR1K1B b - - 1 7,opening,g5g4,-246,g5g4:-246;h7h6:-126;d7d5:-50;c6c5:-36;a8b7:-18;a7a5:-2;f6e4:14;a7a6:37
1n2rrn1/1q3p2/k2pp1pp/2p5/ppPP3P/2P1PP2/P1BKN1P1/1N1QRR1B w - - 1 23,opening,c2a4,674,c2a4:674;c2e4:637;e2f4:633;g2g4:632;f3f4:628;e2c1:627;g2g3:622;c3b4:603
3r2k1/1pnqp1n1/2pr3p/pPN1nppP/P7/4P1PR/N1P2P2/NR3NK1 b - - 9 22,opening,d7c8,-609,d7c8:-609;e5f3:-600;d7e8:-593;d6d1:-532;g5g4:-362;c6b5:-360;b7b6:-324;g7e6:-293
qbknrnrb/ppp1p3/6pp/3p1P2/3P4/5P2/PPP1N1PP/QBK1RNRB w - - 0 7,opening,c2c3,95,c2c3:95;f5g6:93;f1e3:71;g2g3:11;a2a4:10;f3f4:9;f1d2:6;g2g4:-13
nbbrqr2/1pppp1pk/p2n1p2/3P4/3R1B2/P1P5/1P2PPPP/N3QRNK w - - 0 8,opening,f4d6,-72,f4d6:-72;d4d3:-203;f4d2:-237;f4c1:-250;a1c2:-257;e1b1:-271;a1b3:-272;g1h3:-292
qb2r1rb/ppnkp1pp/2pp4/5p1N/P2nQ3/1P5P/1NPPPPP1/1BK2RRB w - - 3 10,opening,e4d4,169,e4d4:169;h5f6:54;e4d3:-13;e4e3:-204;e4h4:-326;e4f3:-614;e4f4:-630;e4f5:-632
rk3b1q/pp2pb1p/2pr1ppn/2Np4/1Pn1P3/P4N2/K1PP1PPP/2RRBB1Q b - - 1 10,opening,d5e4,-267,d5e4:-267;d5d4:-127;a7a5:-111;e7e5:-90;h8g8:-86;c4b6:-81;h6g4:-46;a7a6:-29
1k1b1r1b/3p2p1/3P1p1p/p1R1r3/2b3PP/3P4/1PP4B/BQK4B w - - 0 23,midgame,c1d2,588,c1d2:588;h2e5:560;c1d1:554;h2g3:508;c5e5:455;c5c8:438;c5b5:387;h1e4:362
rbkb1qrb/p1pppbpp/8/8/Bp6/2PPP1pP/PP2QP2/RBK1B1RB b - - 0 8,opening,g3f2,241,g3f2:241;c7c6:278;g3g2:313;e7e5:328;c7c5:349;e7e6:366;f7e8:392;d7d5:417
bq1bkr2/1pb1p3/3p1b2/pP3p1p/2PP1P1P/2B5/4P1B1/2QBKRR1 w - - 1 15,opening,e2e3,415,e2e3:415;e1d2:388;c1c2:385;c1b1:379;g2d5:376;c1b2:366;c1a1:351;g2f3:331
nnnkr2r/4p1nq/ppp3p1/3p1p1p/2PPPP2/1P2QR1P/P2KN1P1/NN2N2R b - - 4 15,opening,f5e4,-217,f5e4:-217;d5e4:-156;d5c4:11;e7e5:50;h5h4:128;a8c7:136;c8d6:137;e7e6:157
k1rbnnrb/pp2p1pp/8/2pp1p2/2PPQ3/5N2/PP2PPPq/K1RB1NRB w - - 0 5,opening,e4f5,21,e4f5:21;e4d5:12;e4b1:11;e4d3:7;e4c2:-61;e4e3:-105;f3h2:-117;e4e6:-118
n1krn1rq/p1np4/1p2p2p/5pp1/6N1/3R3P/1P2PPP1/NNKN2RQ b - - 1 15,opening,f5g4,-139,f5g4:-139;d7d5:76;c7a6:83;c7d5:105;c8b8:114;c8b7:126;h6h5:132;g8g7:142
knqrbr1b/ppp1pp1p/3p1n2/6p1/6P1/2P2P2/PP1PP2P/KNQRBRNB w - - 0 4,opening,d2d4,30,d2d4:30;h2h4:29;d2d3:28;b1a3:3;e1f2:-4;h2h3:-27;e1g3:-33;e2e4:-46
r1q1k1nr/pppp3p/3Q4/4P3/4pnp1/2bP2PP/P3N3/RN1K1BNR b - - 2 17,opening,c7d6,-489,c7d6:-489;c3a1:-339;c3b2:-258;f4d3:-227;f4e2:-227;f4e6:-220;f4g6:-208;e4d3:-140
rb1r1bkq/ppp2ppp/3pb3/4P3/b6P/P4P2/1PPBP1P1/RB1RBBKQ w - - 1 7,opening,h4h5,120,h4h5:120;d2c3:112;d2f4:97;d2e3:93;d2a5:83;d2g5:81;e5d6:73;g2g3:60
1r2k1r1/pppp1ppp/1nnn4/4p3/Pq2Pn2/2P2PP1/NP1P3P/N1RNKQRN w - - 1 11,opening,a2b4,737,a2b4:737;c3b4:693;g3f4:289;c3c4:187;c1c2:171;b2b3:142;d2d4:85;d2d3:1
4rrqn/pp1kpppp/1nnn4/2pp4/P2N1P1P/4P1P1/1PPP4/1NNKRRQN b - - 2 8,opening,c5d4,-345,c5d4:-345;b6a4:-171;c6b4:-124;b6c4:-120;c6b8:-107;c6d8:-99;d6c4:-67;f7f6:-44
qb1r1kbr/p1pb3p/6p1/1p1pppb1/1P3PPP/2P1PB2/P2P3R/Q1BBRKB1 b - - 0 9,opening,g5e7,90,g5e7:90;g5f6:139;f5g4:175;g5h6:184;h7h5:219;c7c5:266;g5h4:286;e5e4:309
3q1rnn/1r1k1ppp/pP2p3/1ppp1PP1/P2P4/1P6/RN2PNP1/2NNKQR1 b - - 1 21,opening,c5d4,529,c5d4:529;g8e7:593;d8b6:597;d8g5:598;d7c8:608;c5c4:618;e6f5:647;f8e8:652
rr1qk1nb/ppppnp1p/3b2B1/4p1p1/8/P3NNP1/1PPPPP1P/RRQ1KB2 w - - 3 7,opening,g6h7,197,g6h7:197;g6e4:80;g6d3:70;g6f5:26;g6f7:-30;g6h5:-67;h2h4:-323;f3g5:-329
r3r2n/pp1nkp1p/1np3p1/2qp4/P2Pp1PP/2PN2P1/1P2PN2/RNRK1QN1 b - - 0 13,opening,c5d6,265,c5d6:265;c5a5:394;c5c4:445;e4d3:521;b6c4:584;e8f8:634;f7f5:637;g6g5:651
b2kr1br/1p5p/pb1B2p1/2p5/5bPP/2p1QP2/PB1R4/2KB4 w - - 2 23,midgame,d6f4,676,d6f4:676;e3f4:511;e3c3:489;d6c7:440;d6e7:201;e3e8:-78;e3f2:-365;e3d3:-446
n1rbrq1k/2b3pp/3p4/pP2pp1P/1P1N4/3n2P1/4PP2/1B1BRQNK w - - 0 14,opening,e2d3,-230,e2d3:-230;b1d3:-237;d1b3:-337;d4e6:-364;h5h6:-372;b1a2:-389;d4f5:-412;d4c6:-413
brqnk1r1/1ppp1bpp/4p2n/5p1P/P3P2R/3P4/1PPN1PP1/BRQNBK2 b - - 0 11,opening,e6e5,165,e6e5:165;f5e4:166;b7b6:189;b7b5:193;d7d6:213;d8c6:240;f5f4:254;e8f8:255
1knqnb1r/2pp2p1/4p2p/7P/2p1BNP1/r7/PPKP1P2/R3B1NR b - - 1 16,opening,a3a6,-466,a3a6:-466;a3a7:-455;a3a5:-438;a3a4:-427;d8f6:-423;d7d5:-416;a3a8:-413;e8d6:-372
1rqbrbkb/p2ppppp/1p6/2pb4/5PP1/3P3P/PPP1PK2/BRQBRB2 b - - 0 5,opening,d5a2,-558,d5a2:-558;e7e6:-558;g7g6:-548;e7e5:-547;d5b7:-527;d5a8:-516;c8c7:-512;d5c6:-511
1r5r/pk2pbqp/6Bb/1p1p4/1P1P2b1/2B1PP2/PKP3Pb/1BB3RR w - - 0 15,opening,g6f7,-389,g6f7:-389;h1h2:-435;f3g4:-504;g1f1:-522;c1d2:-540;b2a1:-542;a2a3:-549;g6f5:-554
rr1bnqbk/p1pp1ppp/1p1n4/4p3/4P3/1N1Q4/PPPP1PPP/RR1BN1BK w - - 0 4,opening,f2f4,-12,f2f4:-12;e1f3:-66;d3e2:-71;d3e3:-91;a2a4:-92;d3f3:-93;f2f3:-100;d3h3:-110
rnnqkb1r/p3pp1p/3p1n2/1pp4N/6p1/3P3P/PPP1PPP1/RN1QKBNR b - - 0 7,opening,f6h5,-228,f6h5:-228;d8a5:-212;g4g3:88;b8d7:97;e7e6:98;f6d7:192;d6d5:207;b8c6:209
kn1n1rnn/p2q4/1p2Ppp1/1Nrp1R2/3p3p/P7/1PP1P1PP/KNRQ3N w - - 0 15,opening,e6d7,377,e6d7:377;f5f6:-231;c2c4:-262;b5d4:-425;f5h5:-440;b5a7:-458;f5e5:-490;a3a4:-519
n2rk1br/p1ppp2p/b1q1n1p1/1P3p2/6PP/8/1PPPPP1R/NQBRKNB1 w - - 3 8,opening,b5c6,480,b5c6:480;b5a6:347;c2c4:309;b2b3:274;f2f3:221;b2b4:214;d2d3:211;g4f5:198
bbr1k1nr/ppp1p1p1/3q3p/3p1p2/3nP3/3P2PP/PPP1QP2/BB1RKNNR b - - 2 7,opening,d4e2,-485,d4e2:-485;d5e4:-163;b7b6:-126;c7c5:-121;g8f6:-118;b7b5:-115;e7e5:-114;c8d8:-89
kbqb2rb/p1pprp1p/1p2p3/5p2/4Pb1P/3P2P1/PPP1B3/KBQ1RBRB w - - 2 8,opening,c1f4,89,c1f4:89;g3f4:14;e4e5:-16;e4f5:-113;c1d1:-148;d3d4:-291;e2f3:-453;c2c3:-457
1brrn1nb/2p1pkp1/p7/1P1Bp2P/q4P2/4P2N/P2P1K1P/1BRRN3 b - - 0 18,opening,e7e6,-301,e7e6:-301;f7f8:-207;f7f6:-163;d8d5:0
1nnr1k1n/1p1p2q1/r4ppn/2p1p2p/p3P1PP/1N1P4/PPP1NP2/R2RKNQ1 w - - 2 16,opening,b3c5,-251,b3c5:-251;g4h5:-432;b3d2:-435;g4g5:-442;c2c3:-459;f2f3:-469;b3a5:-482;g1g3:-486
1k1rbbbr/p2qppp1/3p4/1ppb3p/3P2PP/P1B1PP2/1PP4B/BKQR1B1R b - - 1 8,opening,f7f6,-241,f7f6:-241;d5f3:-230;d7e6:-152;f7f5:-146;c5d4:-104;b5b4:-70;h5g4:-38;d5b7:1
rrk1b1q1/p1pp2b1/1pNnp1n1/5pp1/1P1PP2p/P1PQ3P/1R3NP1/R2KB2B w - - 4 15,opening,c6b8,-105,c6b8:-105;d3a6:-166;e4e5:-213;e4f5:-265;g2g4:-274;g2g3:-304;e1d2:-341;d3e2:-347
brq1rb1b/2kp2pp/pp6/3Pp1Qb/2p2p1P/8/PPPKPPP1/BR1R1BBB b - - 0 11,opening,g7g6,-334,g7g6:-334;c4c3:-205;h5f7:-149;f8b4:3;a8d5:51;h5g6:97;b6b5:113;a6a5:116
1rkr2n1/p1p1p1pn/1p3pn1/3p3p/1P1P2n1/P2NP1P1/1RPN1PP1/Q1KR2N1 w - - 0 12,opening,g1h3,609,g1h3:609;d1e1:607;a3a4:600;a1a2:598;d2f1:589;b2a2:581;g1f3:575;b2b3:563
rnk3nn/1p1p1pp1/p1pn3r/4p2p/4P3/qPPPRPPP/P5Q1/RNNK2NN b - - 4 11,opening,a3a5,113,a3a5:113;a3c5:129;d6f5:436;d6c4:515;a3c1:616;d6b5:620;a3b4:668;d6e4:684
r2krq1n/pQ1p1np1/4pp1p/2pN4/1p5P/PPNP2N1/NP2PP1n/1R2K2R w - - 2 21,opening,b7a8,99999,b7a8:99999;b7c7:99999;c3b5:760;h1h2:717;e1d1:675;a2b4:649;a3b4:592;d5e3:559
1b2k2r/pqrp2pp/2pn2pn/QPb1p3/8/1PPP4/4PPPP/1BRNKB1R w - - 1 13,opening,b5c6,-273,b5c6:-273;b3b4:-290;e2e3:-313;h2h4:-326;a5a2:-343;c1c2:-345;b1c2:-346;a5a1:-348
1n2bn2/1bp1pp2/2P2kpr/4r1Np/p3PP2/6NP/P2P1B1P/2QR1RK1 w - - 7 22,opening,f2d4,889,f2d4:889;c6b7:877;f4e5:857;h3h4:787;f2e3:786;d2d4:784;f2c5:777;g3h5:768
b2n1r1k/p3B2p/3n2r1/1Nppqp2/2N1P3/P4pPK/Q1P4P/B4RR1 w - - 1 22,opening,a1e5,631,a1e5:631;c4e5:598;b5d6:518;e7f8:471;f1f3:394;e4d5:377;e4f5:297;e7h4:268
rqb1br1n/2ppNppk/pp6/7p/8/3PP2P/PPP1NPn1/RQB1BRK1 b - - 1 8,opening,g2e1,-154,g2e1:-154;c8b7:-128;b8b7:-69;c7c5:60;d7d5:169;g2h4:185;h8g6:197;f7f5:216
rnbbqrn1/2p2pkp/pp1pp1p1/8/P7/1PP4N/3PPPPP/RNBBQR1K w - - 2 7,opening,f2f4,32,f2f4:32;f2f3:26;e2e4:15;d2d4:10;e2e3:5;c1b2:-2;d2d3:-3;h3g1:-7
b1bk1b1r/pB1pp1qp/1r4Qp/8/1PPP2P1/P4PbP/5PR1/B1K2B1R w - - 1 23,opening,g6g7,283,g6g7:283;g6f5:-305;g6b1:-333;g6b6:-338;g6h5:-339;g6d3:-376;g6c2:-386;g2g3:-404
nr1r1bb1/1Npqpp2/3p1kp1/p6p/PpP5/3P3P/1P1QP1P1/NR1R1BBK b - - 2 13,opening,b8b7,150,b8b7:150;a8b6:456;f6g7:466;d8c8:467;e7e5:468;d8e8:470;c7c5:494;h5h4:509
rbqbk2r/pp1ppppp/7n/1n6/1P1pPQ2/P4N2/2P2PPP/RB1B1KNR w - - 1 7,opening,f4g5,-119,f4g5:-119;f4c1:-229;e4e5:-246;f4d2:-290;f3e5:-365;f4h4:-402;f4h6:-595;a3a4:-601
1nkrnr2/4p1qp/1p1p3N/pn3pp1/n1p2N2/1P1P1P1P/K1P1P1P1/N3R1RQ b - - 1 19,opening,g7b2,-99999,g7b2:-99999;g7c3:-99997;c4b3:-99997;a4c3:-99996;b5c3:-99992;d6d5:-760;b8a6:-743;b8c6:-742
nr1nk1rn/2ppnqpp/pp3p2/4p3/1N3P2/3P4/PPP1PKPP/N1RN1QRN w - - 2 9,opening,b4a6,-60,b4a6:-60;c2c4:-121;e2e3:-132;d1c3:-137;h1g3:-149;d3d4:-149;c2c3:-163;f4e5:-171
b1rbrbkb/2p1pppp/4q3/pp1p4/3P1P2/P5PP/QPP1P1B1/B1RB1RKB b - - 6 8,opening,e6e3,-305,e6e3:-305;g7g5:-93;e6b6:-38;g7g6:-34;e6d6:-34;e6d7:-22;e6h6:-13;e6a6:-3
nn1r2qr/p1p2pk1/5n1p/1p2p1pP/PPn5/4PPPR/2PP1N1N/NQ1RNK2 b - - 0 21,opening,d8d2,-212,d8d2:-212;c4d2:-142;b8c6:-50;a8b6:-33;b8a6:-28;b5a4:-3;a7a5:12;g8f8:64
1nnr1r1k/ppp1pppp/8/3p4/q3P3/N3n1PP/PPPN1P1N/N2RQ1RK b - - 1 13,opening,e3d1,-127,e3d1:-127;e3c4:334;f7f5:430;c8d6:445;d5e4:472;d5d4:476;b7b5:522;a4d7:523
1b1r1nnr/1bpp3p/4pB1k/Q1P2p2/p3PPpP/3P2PR/1RP5/4KNN1 b - - 2 19,opening,g8f6,461,g8f6:461;g4h3:619;d8e8:661;d8c8:674;a4a3:699;g8e7:709;e6e5:709;f5e4:747
b1rb1bk1/pp2r3/2p1p3/3pqppp/Pb4P1/1PP1Q3/1B2P2P/1R1BRBKB w - - 1 14,opening,e3e5,404,e3e5:404;e3f2:-359;e3a7:-369;e3g3:-375;e3d2:-409;e3g5:-412;e3h3:-422;e3f3:-426
b1bk1brr/1p1pp1pp/2p5/1BP1bpq1/3PB2P/P3QP1R/1P6/B1BK2R1 b - - 2 14,opening,g5e3,-282,g5e3:-282;e5f4:59;g5h6:184;g5h5:222;g5f6:224;g5f4:339;g5g1:340;f5f4:376
qr3k2/pp1np1pr/2b1n1Q1/2pp3p/1b1P1Pp1/2P5/P2BP1NP/1B1R1KNR w - - 1 21,opening,g6h7,401,g6h7:401;g6e6:387;g6f5:377;f4f5:329;c3b4:258;g6d3:239;h2h3:239;g2h4:183
b2b1rrb/p2ppkp1/7p/1p1q4/1p2PbP1/3P3P/PBP1KPB1/1BQR2R1 w - - 9 14,opening,c1f4,432,c1f4:432;e4d5:-35;c1e3:-333;b2a1:-365;c1d2:-390;e4e5:-434;b2f6:-436;c2c4:-480
rrnkb1qb/1pppp1pp/p4p1n/8/P4P2/RNP5/1P1PP1PP/1R1KBQNB w - - 6 7,opening,g1f3,90,g1f3:90;h2h3:89;d2d3:82;g2g3:75;d1c2:60;g1h3:53;e2e4:48;g2g4:26
nnr1qnrk/p1p1ppp1/1p1n4/3p3p/6P1/1N5P/PPPPPP1N/NNRQ2RK b - - 1 6,opening,g7g5,-150,g7g5:-150;h5g4:-146;c7c5:-143;f7f6:-141;c8d8:-115;b8d7:-114;g7g6:-111;f8h7:-111
3nr1kn/1q2rpNp/ppnp4/1P3n2/P2pp3/1Q1P1PP1/2P1P2P/2NNRRK1 w - - 1 17,opening,g7f5,416,g7f5:416;b5c6:377;g7e8:344;b5a6:267;g7h5:159;f3e4:-162;d3e4:-187;b3b2:-220
1kbrbb1r/3pp1p1/pp4q1/P1B2p1p/3P3P/1P3PP1/2P1P2R/KBBR1B2 w - - 1 16,opening,c5b6,102,c5b6:102;a5b6:-232;c5b4:-330;c5a3:-334;c1f4:-401;c5d6:-415;e2e4:-421;c2c3:-428
brbnqrkn/pp1ppp2/7p/2pN2p1/6P1/6N1/PPPPPP1P/BRB1QRK1 w - - 0 5,opening,d5c7,506,d5c7:506;g3f5:431;b2b4:254;b2b3:230;f2f4:230;e2e4:200;f2f3:174;d2d3:168
k1br1bqr/pp3pbp/1B4p1/2Bp4/b2p3P/P3P1P1/1PP2PQ1/KB1R1B1R w - - 3 14,opening,b6a7,225,b6a7:225;c5f8:204;b6d8:86;f2f4:-212;b1a2:-215;g2f3:-224;e3d4:-230;h4h5:-243
kbrb1r1b/ppppp1p1/5p1p/7b/8/Pq3P2/B1PPP1P1/K1RBBRQB b - - 0 7,opening,b3a3,-385,b3a3:-385;b3a4:-167;b3b5:-133;b3b6:-61;b3a2:220;b3f7:320;b3g8:361;c7c5:365
nnnrqnrk/ppp2pp1/3p4/4p2p/3P2P1/P3P3/1PP1NP1P/NN1RQNRK b - - 0 5,opening,h5g4,35,h5g4:35;g7g5:66;a8b6:76;b8d7:80;c8e7:81;f8h7:84;b8c6:84;f7f6:85
n1bqr1r1/1pkppp1p/2p3p1/4bN2/2NP2nP/P4P2/1PP1P1P1/1KBQR1RB b - - 0 9,opening,e5h2,188,e5h2:188;g4f2:197;e5f6:278;d7d5:324;a8b6:355;g6f5:381;e5h8:389;b7b5:395
rbrb4/p1p1q1k1/3pp2b/1p3p1B/1PBP3p/P3PPP1/2P5/RB1RQ1BK w - - 0 15,opening,c4e6,356,c4e6:356;c4a2:355;c4f1:354;c4e2:353;c4b5:344;c4d3:331;c4b3:312;c4d5:299
rqbb1brk/ppp1pp1p/3p3p/8/4B3/3b2P1/PPP1PP1P/RQ1BB1RK b - - 1 5,opening,d3e4,-656,d3e4:-656;d3c4:-383;d3a6:-330;d3b5:-326;g8g3:-152;d3e2:-142;d6d5:-63;e7e6:-47
rb2rnkb/2pp2pp/p3p3/np3p2/PP1q1PP1/4N3/B1PPP2P/RQ2RNKB b - - 1 11,opening,c7c6,194,c7c6:194;a5c4:254;d4f4:256;a8a7:285;g7g6:287;b8a7:295;g7g5:301;a5c6:307
rbq1kr1b/1p1n4/p4pp1/n1ppp2p/5NP1/1BNPPP2/PPP1RK2/RB1Q4 b - - 7 18,opening,e5f4,-268,e5f4:-268;a5b3:-203;d5d4:-57;h5g4:-37;e5e4:5;c5c4:5;f6f5:35;f8g8:100
bkbrbr2/1p1ppp1p/2p5/p1Q3pq/1P1P2P1/3PB3/PBP2P2/K2RBR1B w - - 0 13,opening,d4d5,1056,d4d5:1056;g4h5:1031;c5e7:814;c5a5:802;e3f4:796;b4b5:763;e1c3:745;d1c1:732
1bbrqrn1/ppppp1pk/1n3p2/8/7P/2P1P3/PP1P1PP1/N1BRQRNK b - - 0 4,opening,c7c6,-463,c7c6:-463;e7e5:-462;g8h6:-455;d7d5:-451;f6f5:-448;h7h8:-444;d7d6:-430;a7a5:-429
nqkrr1bn/pp1pp2p/2p2p2/2B2Npb/8/5P1P/PPPPPBP1/NQKR1R2 b - - 1 8,opening,h5f7,90,h5f7:90;d7d6:107;b8e5:110;h8g6:139;h8f7:226;g8c4:228;b7b6:232;b8h2:237
3bbbrk/1pp1p1p1/r4p2/3p1q1p/pPBPB2P/1QB1Pb2/P1P3P1/R1B2R1K w - - 6 18,opening,e4f5,420,e4f5:420;e4f3:-217;f1f3:-393;h1g1:-501;f1f2:-501;h1h2:-534;g2f3:-587;c4b5:-99998
r1k2rqb/3bp2p/p4pPn/1pp1p3/P1BPn3/4PP2/1PPQ1BP1/RKR3N1 b - - 0 20,opening,e4d2,-831,e4d2:-831;b5c4:-287;g8c4:-280;g8g6:-276;b5a4:-272;h6g4:-271;a6a5:-248;f6f5:-240
b1r1rQ2/4pq1p/Bp4k1/2ppbp2/P5p1/2P4P/3PBKP1/1R2R2B b - - 0 18,midgame,f7f8,-481,f7f8:-481;e8f8:-473;g4g3:-458;e5d4:-359;e5g3:-286;f7e6:0;c8b8:224;c8c6:268
nkbqr2b/ppppp1rp/4n3/N4pp1/7P/P1P5/1P1PPPPN/K1BQRR1B b - - 5 8,opening,g5h4,-113,g5h4:-113;c7c5:-84;c7c6:-75;d7d5:-73;g5g4:-72;d7d6:-34;g7g8:-33;g7f7:-29
bqn1brrk/1ppppppp/8/p6P/3nP3/1N4P1/PPPP1P2/BQ1NBRRK b - - 0 5,opening,d4f3,-198,d4f3:-198;d4b3:-155;c7c5:-149;d4e6:-143;d4e2:-111;e7e5:-70;b7b6:-43;b7b5:-41
5rnb/2pk2pp/np3b1q/2Pprp2/4pP1P/PP1P1R1N/2K1P1P1/QN2R2B w - - 2 16,opening,f4e5,-142,f4e5:-142;c5c6:-191;a1d4:-290;b1c3:-341;d3e4:-345;a1a2:-445;f3e3:-446;f3f1:-449
b1kb1bbr/1prppq2/p1p4p/5p2/3P1P1p/B4Q2/PPP1P1PR/BKRB1B2 b - - 1 10,opening,f7a2,-99999,f7a2:-99999;e7e5:-172;c8b8:-53;b7b5:-48;c6c5:-6;h6h5:-2;b7b6:23;f7g7:25
knnqn2n/p1p1r2r/3p1pp1/1N5p/1p2PpPN/1NP1Q2P/PP1P4/1K3RRN w - - 2 18,opening,e3d3,-116,e3d3:-116;e3f3:-127;e3f2:-135;e3e2:-148;e3f4:-160;e3e1:-172;f1f4:-177;e3d4:-242
rq1rk2n/1ppb1b2/3pnp2/p3pp2/P6p/1P1PP1P1/2P1K2P/RQ2RNBN b - - 1 20,opening,h8g6,-558,h8g6:-558;e6g5:-555;e8e7:-548;b7b6:-539;b8a7:-539;b8c8:-537;b7b5:-535;d7c6:-532
1qk1bnnr/pb4pp/rB2p3/3pP3/p2P1pP1/7P/1PP1KPNR/QR2B1N1 b - - 1 15,opening,a6b6,-259,a6b6:-259;a7b6:-243;e8b5:-224;f4f3:-223;f8d7:-133;f8g6:-103;h7h5:-77;g7g5:-4
qbrk3r/1Bp1n2p/4p1NB/p3np1N/p2Pp1PP/8/1PP2P2/Q1R1K2R w - - 0 22,opening,d4e5,584,d4e5:584;g6e5:554;b7a8:495;a1a3:455;h1h3:442;e1f1:421;e1d1:415;e1e2:383
2bqkbnr/r2pp1pp/p1p2p2/2b5/PpP2P2/1N1PP3/1P4PP/RBBQKB1R w - - 2 10,opening,b3c5,445,b3c5:445;d3d4:435;d1h5:408;f4f5:358;h2h4:256;d1f3:238;a4a5:229;g2g3:226
rr1bbnk1/1pp1pppp/p5n1/3p1P2/P3P3/8/1PPPq1PP/RRQBBNKN b - - 0 6,opening,e2e1,-229,e2e1:-229;g6f4:-111;e2e4:-42;e2c4:343;e2g2:518;e2f1:612;e2d1:625;f8e6:639
1qrb2rb/k2n1ppp/p1p3Q1/1pPpp3/B7/P5NP/KP1PPPP1/R3N1RB b - - 0 13,opening,f7g6,-659,f7g6:-659;h7g6:-652;b5a4:-307;e5e4:-265;d8f6:-236;g8f8:-235;b8b7:-210;h7h5:-193
n3krqr/ppppppnp/2nn4/6p1/P6P/3PQP2/1PP1P1P1/NNNKNR1R w - - 3 6,opening,e3f2,40,e3f2:40;e3g5:34;e3g1:20;b1c3:3;g2g4:-5;a1b3:-7;c2c4:-9;e3d2:-29
2kbrn1b/r3pp1p/1p1p2N1/p1p5/1P1P2n1/2PKP1Nq/P1B2P1P/Q1R2R2 b - - 1 19,opening,h7g6,-488,h7g6:-488;f7g6:-484;f8g6:-480;c5c4:-442;h3h2:-349;g4e3:-338;f8e6:-328;f8d7:-328
n1rb1k1b/pnp3p1/1p1p1p2/4p3/1PK1P1BQ/P1N1R2P/2PP2q1/N1R4B b - - 2 23,opening,b6b5,724,b6b5:724;g2g4:825;d6d5:857;b7a5:873;b7c5:911;f8f7:922;c7c5:959;g2h3:967
rbqbnknr/1ppppppp/p7/8/2P5/5P2/PPNPP1PP/RBQB1KNR w - - 0 4,opening,e2e3,-34,e2e3:-34;c2e1:-36;g2g3:-53;a2a4:-54;f3f4:-54;c2b4:-55;g1h3:-63;c4c5:-78
k1rrqnb1/1p1ppp1p/n1p3p1/p7/8/P1P1N1PP/Kb1PPP2/1NRRQ1BB w - - 1 7,opening,a2b2,320,a2b2:320;c1c2:225;c3c4:-161;d2d3:-162;e3d5:-193;e3c4:-202;f2f4:-205;d2d4:-229
r1br3n/p3pk2/1p1p1p2/qPpN1P2/P2PP3/3n2B1/2P2R1P/RQ4K1 b - - 1 20,opening,d3f2,-232,d3f2:-232;c8b7:84;a5e1:146;d8g8:312;c5c4:320;d3e1:321;d3b4:341;a7a6:358
n3n2r/2p1kr1q/1n2pppp/NpPp4/1n1P4/P3PP2/1PRN2PP/NNQ2K1R b - - 2 17,opening,b4c2,209,b4c2:209;b4d3:334;b6c4:372;b6d7:436;h6h5:445;g6g5:447;b6c8:450;b4a2:461
kb1rQ1qr/p1ppp1np/1p6/n4p2/P1P1PPp1/8/1P1PN1PP/KBRNBR2 w - - 3 20,opening,e8g8,493,e8g8:493;e8e7:-110;e8d8:-266;b2b4:-337;b1a2:-503;a1a2:-530;c1c3:-541;b2b3:-549
n1nr1krn/1q2pQp1/pp1p3p/4n3/2p5/P1P1N1N1/1P1PPPPP/N1NRK1R1 b - - 0 12,opening,h8f7,-636,h8f7:-636;e5f7:-614;f8f7:-589
b1br1qr1/pkp2pb1/1p6/1b1p1B1p/1PP2p1B/1K4PP/P2PP1Q1/2B1R1R1 w - - 2 19,opening,f5c8,-270,f5c8:-270;c4b5:-299;f5d3:-492;d2d3:-503;c4d5:-526;c4c5:-567;f5h7:-581;a2a3:-603
bkr1q1br/1pb1pp1p/p5pb/2pp1P2/2B3P1/1P2P3/P1PP3P/BKRBQ1BR w - - 1 7,opening,c4d5,180,c4d5:180;c4b5:137;a1h8:137;c4f1:104;h2h4:99;c4d3:99;c4e2:87;f5g6:36
1q2rbrk/1b2b2p/Pp1b2p1/2PQp3/4P2P/2PB2P1/P5R1/BB1BR2K b - - 1 16,opening,b7d5,-219,b7d5:-219;b7a8:158;b7c8:322;d6c5:329;b7a6:360;b7c6:376;f8h6:383;e7h4:385
1qrbkbrb/p1pp1pp1/1p6/3bp2p/1PP3P1/P7/3PPP1P/BQRBKBRB b - - 0 5,opening,d5h1,322,d5h1:322;d5e6:384;f8b4:384;g7g6:445;h5g4:445;d5c4:459;d5a8:466;d5b7:466
rbk1brn1/1ppppQ1p/4n1p1/p3q3/6P1/2N4P/PPPPPP2/RBK1BRN1 b - - 0 5,opening,e8f7,-627,e8f7:-627;f8f7:-594;e5h2:-377;e5h8:-369;h7h6:-209;h7h5:-203;d7d5:-125;a5a4:-111
n1nr1bbk/Q1ppp1pp/1r6/5p2/8/3P3q/PPP1PPPP/NRNR1BBK w - - 1 5,opening,a7b6,506,a7b6:506;a7a8:301;a7a3:262;a7a5:258;a7a4:254;g2h3:236;f2f4:223;a7c7:202
1q1kbrbb/1p1p1p2/1br3P1/2pBp2p/p1P5/BP1P2P1/P3PP1B/Q1RK1R1B b - - 0 12,opening,c6g6,167,c6g6:167;f7f5:190;d7d6:193;f7g6:198;b8a7:203;c6c8:224;h8g7:224;a4b3:231
1r1n1knr/2qb1p2/1pbp3p/8/p1pB1P1P/P7/1PP1KR2/BRQ2NN1 w - - 8 20,opening,d4h8,193,d4h8:193;b2b4:145;b2b3:63;f4f5:-17;e2d2:-23;f1e3:-81;f1g3:-103;e2e1:-116
k2rn2b/3q1pr1/1n1P1b2/2p1p1pp/B3PNPP/P7/KPRP1P2/1Q1NR2B w - - 1 22,opening,a4d7,689,a4d7:689;h4g5:335;f4d5:333;c2c5:271;d1c3:259;a4b3:257;c2c4:249;b2b3:242
r1nb1rkq/pp2pbpp/5p2/n2pP3/1B6/1P1p4/P1P1NPPP/R1NB1RKQ w - - 0 10,opening,c1d3,-66,c1d3:-66;e5e6:-86;c2d3:-148;e2g3:-231;e2c3:-241;e2f4:-250;e2d4:-324;c2c4:-340
3bNn1n/1k1ppp1p/bp6/p7/1p1P1Pp1/P5PP/QKP1P3/B2qR1R1 w - - 3 21,opening,e1d1,706,e1d1:706;a2d5:674;e8d6:595;e8c7:366;e2e4:349;d4d5:294;h3g4:293;a3b4:290
b1rbk1rb/qppp1ppp/3bp3/p7/1PPP4/P7/4PPPP/BQRBKBRB w - - 1 5,opening,c4c5,80,c4c5:80;e2e3:79;b1h7:78;g2g3:74;g2g4:70;b1d3:30;a1c3:-52;d4d5:-52
1nr2qrn/1k1n1p2/3pp1p1/p2N2p1/1ppPP2P/3nN1PQ/PPP5/1KR3RN b - - 1 18,opening,d3c1,-538,d3c1:-538;g5g4:-387;d3b2:-381;d3e5:-320;d3c5:-301;e6d5:-273;f8g7:-243;c4c3:-226
rrbbnn1k/pp1pp3/2B5/2p2ppp/1PP2P1P/P5N1/Rq1PP1P1/1RB3QK w - - 0 14,opening,c1b2,647,c1b2:647;a2b2:450;b1b2:440;a2a1:-41;b1a1:-91;c6e4:-183;c6d5:-195;g3f5:-201
rkbrq1bb/p1p2pp1/7p/1p1p4/4P2P/b1P5/PP1P1PPB/RKBRQB1B b - - 1 6,opening,a3f8,180,a3f8:180;a3e7:190;a3c5:217;e8e7:226;a3d6:245;g7g5:258;d5d4:263;d5e4:265
kb1b1br1/p1pBpp2/1p2r3/6Pp/1K6/2PqPP2/P1B3P1/Q3RBRB b - - 4 15,opening,d3c2,6,d3c2:6;a7a5:118;d3d7:124;c7c5:198;d3d6:293;e6e4:324;d3d5:338;d3d2:408
1qbk1r1b/3p1pp1/1p1P3p/r1p1p1n1/pBP5/6P1/PP2PPP1/RQ1K1RNB w - - 0 17,opening,b4a5,-116,b4a5:-116;b4c3:-185;b4d2:-185;b4e1:-213;b4a3:-318;f2f4:-382;d1e1:-458;g1h3:-495
1r1nr1n1/pp2ppkn/n5q1/1NppP2p/1P5P/2RP1P1N/P1P5/R1QN1N1K w - - 3 15,opening,b4c5,155,b4c5:155;d1e3:96;h3f4:84;d3d4:83;d1f2:68;c1d2:54;a2a4:40;c3b3:8
rb1bq1bk/2rp4/1pp1p1p1/p1b2p1p/2P5/PP2QP2/2BPP1PP/R1RB1BBK b - - 3 13,opening,c5e3,-614,c5e3:-614;d8f6:-154;e8f8:-124;c7b7:-104;c7a7:-102;c7c8:-97;d7d5:-97;d8e7:-88
1b1br1r1/2p1k1p1/p4qR1/1pP1pb1p/2B1P2P/1P6/P2PP1PR/2BBK3 w - - 8 23,opening,g6f6,-17,g6f6:-17;e4f5:-345;g6g3:-535;g6g5:-535;c4g8:-571;d2d3:-573;d2d4:-596;c1b2:-612
r1q1br1n/p1pp1ppk/n3p2p/8/1p4Pb/P1P2P2/1P1PP2K/RNQBBR1N w - - 0 8,opening,e1h4,356,e1h4:356;d1c2:301;c1c2:161;a3b4:47;h1g3:-62;d2d4:-73;e1g3:-77;c3b4:-92
nq1nkbbr/1prpp1pp/2p2p2/p7/P2P1P2/2N5/1PP1P1PP/NQR1KBBR b - - 0 5,opening,e7e5,-122,e7e5:-122;c7c8:-103;g8f7:-68;d7d5:-54;h7h5:-53;e7e6:-53;a8b6:-44;b7b5:-23
k1nrqb2/1pp1ppr1/p1n2bpp/3p4/4N3/P3PP1P/1PPP2P1/KNR1QBRB w - - 2 9,opening,e4f6,69,e4f6:69;e4c5:-70;e4c3:-102;e4f2:-114;f3f4:-267;g2g4:-268;d2d4:-276;f1a6:-297
knr2qrn/2ppp1pp/pp2np2/3N4/7P/NP3P2/1PPPP1P1/K1R1NQRN w - - 1 9,opening,e1d3,508,e1d3:508;f3f4:507;e2e3:502;h1g3:502;f1f2:499;g2g4:487;h1f2:474;c1d1:464
1kbbn1nr/2p1p2p/3p2P1/p6P/2pP1r1R/4q3/PP4P1/QKBBNRN1 w - - 5 12,opening,h4f4,544,h4f4:544;c1e3:301;e1c2:175;g1f3:156;g6g7:146;a2a3:127;h5h6:124;a2a4:76
1r3brb/pqk1ppp1/3p3p/1bpP4/P3P1P1/5P2/K1P3BP/1QRBB2R b - - 0 16,opening,b7a6,-412,b7a6:-412;b5c4:-375;a7a6:-13;b5a6:72;b5a4:76;g7g5:102;g7g6:129;c5c4:251
n1rqkn2/p2p4/1pp4r/4n1p1/PP2N1pp/2PPPPRP/2NQ4/3RNK2 w - - 0 22,opening,g3g4,75,g3g4:75;g3g1:74;g3g2:-44;f3f4:-110;c2d4:-207;h3g4:-215;f3g4:-230;d2g2:-273
qkr1n1br/1ppp4/p2bpp2/n5p1/1PPPP2p/5P2/PQ4PP/NKRN1BBR b - - 1 10,opening,a5c6,205,a5c6:205;a5c4:351;d6f4:381;f6f5:399;d6b4:441;h4h3:443;c7c5:448;e6e5:456
r2qkbnr/ppp1pp1p/3p4/2P3p1/1n6/4PPKb/PP1P2PP/RNBQ1BNR b - - 0 6,opening,h3f5,-104,h3f5:-104;h3e6:-100;h3c8:-71;h3d7:-59;h3g4:215;h7h5:217;h3g2:223;g8f6:231
bbrqbrkb/p3pppp/2p5/1p1p4/PP4P1/8/2PPPP1P/BBRQBRKB w - - 0 4,opening,c2c4,-55,c2c4:-55;d2d4:-57;f2f4:-58;e2e3:-68;a1d4:-79;h1g2:-83;h2h3:-103;a4b5:-110
2rn3r/2ppp1bp/1kp5/p2n1p2/2q1P2R/P3RPP1/1P1P1N2/Q2K1B2 b - - 2 23,opening,d5e3,-810,d5e3:-810;c4f1:-594;c4a4:-410;d5c3:-208;c4c5:-172;c4d4:-128;c4b5:210;f5f4:324
2rb1kqb/p1nn1ppp/1p1pr3/2p1p3/2N3PP/1N2PB2/PPPP1P2/2RBRKQ1 b - - 3 8,opening,d6d5,-194,d6d5:-194;e5e4:-110;d8h4:-34;g7g5:-29;g7g6:49;d8e7:89;h7h5:99;c8b8:122
nk1rrqn1/2ppp3/5p2/p5p1/2pPP1Qp/PN1n4/1P1RRPPP/1N1K3N b - - 4 17,opening,e7e5,-186,e7e5:-186;d3f4:-186;a8b6:-158;a5a4:-135;g8h6:-111;f6f5:-109;e7e6:-79;c4b3:-58
bbrq1rkb/p2bp1p1/1p5p/3p1P2/1Pp2P1P/PB6/2PPPK2/B1RQBR1B b - - 3 10,opening,c4b3,-475,c4b3:-475;f8f5:-419;b8f4:-389;g7g6:-379;e7e5:-363;d7f5:-350;d8e8:-337;g8h7:-327
r1nkr2n/4n3/np1ppqp1/p1p2p2/PPP2P2/6QN/2KPP2P/RNN2R1N w - - 0 15,opening,g3c3,-245,g3c3:-245;c1b3:-280;g3a3:-316;a1a2:-343;a1a3:-345;b4b5:-358;d2d4:-366;b1c3:-370
2r1rkqb/p3b2p/1np1n3/1p1p2p1/1P1PQP2/4K3/P1P1P2P/NNRBR2B w - - 2 12,opening,e4f5,-411,e4f5:-411;e4g2:-662;e4d3:-733;f4f5:-757;e4e6:-784;c2c3:-784;e4e5:-794;e3f2:-795
bbbkqbrr/p1ppp1B1/1p4p1/5pPp/2P2P2/1P6/P2PP1BP/1BBK1QRR w - h6 0 9,opening,g7h8,426,g7h8:426;g7f8:308;g5h6:141;g7e5:140;g7a1:136;g7c3:132;g7d4:131;g7b2:128
1rbrbb1q/1p1ppk2/5p1p/2pP1p2/p1P2BP1/PPB4P/4PP2/R2R1BKQ b - - 2 12,opening,d7d6,180,d7d6:180;b8a8:307;a4b3:334;h8h7:335;h6h5:349;h8g7:360;f7g8:366;f5g4:368
rnnk1rq1/1p1ppppp/2p3n1/p1n5/8/2PNP1NP/PP1PNPP1/RN1K1RQ1 w - - 5 7,opening,d3c5,427,d3c5:427;d3e1:2;d3c1:-5;e2c1:-21;e2f4:-35;d1c2:-65;d3f4:-77;d3e5:-258
qnnnr1rn/pp1ppkpp/5p2/2p5/2P2PP1/4P3/PP1P2KP/QNNNRR1N b - - 0 5,opening,h8g6,-71,h8g6:-71;b7b5:-64;g7g5:-51;c8d6:-49;b8c6:-25;b7b6:2;h7h5:6;g8f8:29
1r2kr1q/1pppppp1/1n1nnn2/p6p/1P3P2/1N2PN2/PRPPKRPP/2NN3Q b - - 6 9,opening,b6c4,-243,b6c4:-243;b6a4:-243;a5b4:-241;f6e4:-219;g7g5:-211;f6g4:-211;h8h7:-171;f8g8:-158
bbrqrb1k/4p1pp/1ppp4/5p1Q/pP2P2P/2B3P1/b1PP1P2/1BR1RBBK w - - 0 9,opening,b1a2,442,b1a2:442;c3g7:130;f2f3:79;f1g2:55;f2f4:51;e4f5:36;h1h2:22;f1d3:12
1kbrqbbb/1ppppp1B/6p1/p7/P4PP1/2P2r2/1PKPP2P/R1BRQBB1 w - - 1 9,opening,e2f3,344,e2f3:344;h7g8:317;f1g2:215;e1h4:110;d2d3:88;d2d4:59;f4f5:56;b2b3:30
rn1rk1nn/ppp1p1qp/1n4p1/3p2N1/2P2p1P/1P1N2P1/P2PPP2/RN1RKQ1N b - - 0 10,opening,d5c4,-7,d5c4:-7;b8c6:142;b8a6:172;f4f3:175;d8d6:207;g7f6:208;f4g3:215;d8d7:237
1brnkb1r/qpp1pppp/p2p3n/8/4P3/1PP4P/PN1P1PP1/QBR1KBNR b - - 2 5,opening,c7c6,37,c7c6:37;c7c5:48;h6g8:48;g7g6:53;e7e6:56;b7b5:60;e7e5:65;b7b6:78
rrqnkb1b/1p1pp1Q1/p1p5/5npp/2P5/7N/PP1PPPPP/RR1NKB1B w - - 0 10,opening,g7h8,539,g7h8:539;g7h7:404;g7g6:390;g7g5:370;g7g8:288;g7f8:-281;g7c3:-520;h3g5:-540
1rnk2nq/ppp1prpp/4n3/3p1p2/2nPP1P1/5P1P/PP6/NRNNKRNQ b - - 0 8,opening,f5e4,-255,f5e4:-255;e6d4:-216;g7g5:-168;f5g4:-159;d5e4:-157;c8b6:-156;g7g6:-130;c7c6:-125
bbb1kbr1/p3p2r/2pQ4/1p3pBP/2PP2R1/P2P4/1PK2P1P/BB2qB1R w - - 0 17,opening,d6b8,403,d6b8:403;g5e3:-262;g5d2:-348;d6g6:-355;d6c5:-388;g4e4:-441;g5c1:-448;f1h3:-452
k4r2/2n2bp1/2r5/1pBnpp1p/2q4b/NP1PPQ1R/PK1PB1PP/3RN3 w - - 9 21,opening,c5f8,590,c5f8:590;d3c4:588;a3c4:564;b3c4:564;d3d4:453;b3b4:322;c5e7:285;d1c1:260
1r1kqr2/ppp1bp1p/2R5/3ppbpP/P3P1n1/R2B2P1/1PKP1P2/1NB1Q1N1 w - - 5 19,opening,c6c3,132,c6c3:132;c6c7:48;a3c3:-30;e4f5:-52;e4d5:-165;c6f6:-183;c6b6:-187;c6d6:-189
1q1brrk1/1b1bpp2/7p/p1ppb1p1/8/P2B2P1/1P1P1PKP/BQBRR2B w - - 2 16,opening,g2g1,-193,g2g1:-193;g2f1:-234;e1e5:-253;d3h7:-255;d3c2:-288;b2b4:-290;h2h3:-291;a3a4:-316
rknqb2r/3p1pb1/p3p1pp/1p2PP2/4nB2/2Pp3P/PP2Q1P1/RKN2BNR b - - 1 12,opening,d3e2,-716,d3e2:-716;e4c3:-509;e6f5:-201;g6f5:-197;e4g3:-187;d7d5:-151;d3d2:-147;e4c5:2
kn2qr1n/1nr2ppp/1pppp3/pN3N1n/5PP1/1P3N2/P1PPPN1P/K1R2QR1 w - - 2 12,opening,b5c7,974,b5c7:974;f5g7:693;f5d6:544;b5d6:311;g4h5:256;f5d4:223;f5e3:144;f5g3:139
kbbr1rnn/pp1p2p1/4pp2/P1p3Bp/1Q5P/1P1PP2N/B1P2qP1/K2R1R1N b - - 0 12,opening,f2f1,-514,f2f1:-514;c5b4:-511;b8e5:-430;f2g2:-410;f2c2:-394;f6g5:-375;f2e2:-329;f2f3:-280
nrnn1qrn/pp1ppkp1/5p1p/8/2pP2P1/5P2/PPP1PN1P/NRNNKQR1 b - - 2 6,opening,b7b5,-12,b7b5:-12;c8d6:-5;a8b6:-5;h8g6:-4;e7e5:-4;g7g5:-2;a8c7:-1;d7d5:-1
r2krqnn/pp2pnp1/n7/2pp1p1N/P1P1P3/R7/1P1P1PPP/1NK1RQNN b - - 1 11,opening,d5e4,-29,d5e4:-29;f5e4:83;g8f6:115;e7e5:139;d5c4:159;g7g5:185;g7g6:185;e7e6:188
kbbnqrnr/p1ppBp1p/1p2p3/6p1/8/1P5P/P1PPPPP1/KB1NQRNR b - - 1 4,opening,e8e7,-544,e8e7:-544;g8e7:-543;c8a6:128;c7c5:142;f7f5:143;c8b7:145;h7h5:153;c7c6:172
5rk1/2r1p1B1/ppb3np/n1Rq1p2/PP2bP2/3PBR1P/6PQ/3N2KN b - - 0 19,opening,b6c5,-296,b6c5:-296;d5d3:-156;d5d7:-93;d5f7:-58;d5d8:-39;d5e6:-16;d5b3:-3;d5a2:43
1brkb2b/1q1p1r2/5pp1/Ppp1p1P1/2PPQ3/5B1P/P2KPP2/3RBRB1 w - - 0 15,opening,e4b7,601,e4b7:601;d4e5:208;d4c5:191;e4b1:187;d2c2:118;e4c2:103;g5f6:72;g1h2:57
r1r1qbbk/Bp4pp/4pp2/2ppbB2/1PP2P1b/6PP/P2PP3/R1RBQB1K w - - 0 8,opening,f4e5,-17,f4e5:-17;f5h7:-150;f5e6:-161;a7c5:-187;c4d5:-232;a1b1:-255;f5d3:-269;f5c2:-276
1q1Bbrr1/3pn1pk/3n4/pNpPPp1p/P3b3/2R1P2P/NPP3P1/BQ1R3K w - - 0 19,opening,d8e7,238,d8e7:238;d8c7:228;e5d6:48;b5d6:46;c3c5:0;b2b4:-61;b2b3:-149;c3a3:-161
rbq1rnkb/p1pppp1p/2n3p1/1p6/6N1/1P6/P1PPPPPP/RB1QRNKB b - - 2 4,opening,h8a1,-262,h8a1:-262;h8b2:-211;d7d5:-169;h7h5:-147;c6d8:-107;b5b4:-106;e7e6:-103;a7a5:-83
1r2kn2/4np2/pnpp3r/1pNN2Pp/NPPpP3/6q1/QP2NPP1/R3K1R1 w - - 2 23,opening,d5c7,800,d5c7:800;e2g3:792;f2g3:774;d5f6:666;g5h6:582;a4b6:461;c5e6:460;c5a6:447
qkrn1bb1/pppp1ppr/3np3/8/2P3p1/4N2B/PP1PPPNP/QK1R2BR b - - 1 6,opening,h7h3,-520,h7h3:-520;g4h3:-486;f7f5:-435;g7g5:-417;d8c6:-296;a7a5:-283;d6c4:-277;b7b5:-234
rbr2bbk/ppq2pp1/1bp1p2p/8/B3p1P1/2P2P1B/PP1PP2P/1RR2QBK w - - 4 11,opening,f3e4,-380,f3e4:-380;e2e3:-383;f3f4:-419;a4c2:-422;g4g5:-426;h3g2:-444;c1d1:-448;f1g2:-451
1rb2rkn/p4p2/1p1ppq1p/2pQ2p1/P2P4/5PNN/1PP1P1PP/BRB2R1K w - - 2 14,opening,d5d6,748,d5d6:748;g3e4:662;c1g5:617;d5c6:615;d5c4:609;d5b3:599;d5e4:588;d5a2:583
rnnqknnr/1pp1ppp1/p2p4/7p/2P4P/5PP1/PP1PP3/RNNQKNNR b - - 0 4,opening,e7e5,-51,e7e5:-51;b7b5:-49;c7c5:-33;b8d7:-33;g8f6:-29;c7c6:-29;e7e6:-26;c8b6:-24
brkr3b/1p1p3p/1q6/2p1p3/p1PP4/1P1K1P2/P3P1PP/BR2RBBB b - - 0 15,opening,e5d4,-328,e5d4:-328;b6b4:-310;c5d4:-304;b6a6:-291;a4b3:-287;b6g6:-286;b6a7:-267;d7d5:-251
kbr1qr2/p1p1ppp1/7B/Pp2P2p/2Bp3P/5bN1/1PPKPP2/2R1R1N1 w - - 4 19,opening,h6f4,-389,h6f4:-389;c4a2:-398;c4d3:-401;g1f3:-412;c4b3:-428;h6g7:-452;h6g5:-453;e2f3:-488
2r1k2r/1q6/n1pp1n2/pn1NpPpp/3nP3/P5Q1/1P1N1PKP/1NR1N1R1 w - - 6 22,opening,d5f6,294,d5f6:294;g3g5:20;d5c3:-54;c1c6:-105;a3a4:-238;g2h1:-259;d2c4:-290;d5b6:-313
rrb2nqk/1p1p1ppp/p1pn4/4p3/P4PP1/3P1NQP/1PP2b2/RRBB1N1K w - - 2 9,opening,g3f2,514,g3f2:514;g3h2:143;g3g2:102;f4e5:-348;d1e2:-406;c2c4:-415;c1d2:-420;b2b3:-427
b2knrrn/1p2pqp1/2p5/p2p1p1p/P2P2PP/4PP2/1PPQ1R1b/BB1KN2R b - - 1 12,opening,h2c7,-335,h2c7:-335;h2g3:-291;h2d6:-229;h2b8:-129;b7b6:-70;f5g4:-51;e8d6:22;h5g4:31
3kr1rb/b4p2/4p1pn/2p1P3/4pPPp/1Q6/P1P4P/1NKBR1N1 w - - 1 23,midgame,b3b7,730,b3b7:730;g1h3:629;g4g5:594;b1c3:591;e1e4:572;b1d2:559;d1e2:552;b3a4:545
1qbbb2k/rpp3r1/p4ppp/B2pp3/2P1PBBP/P2P4/1PQb1PPK/R4BR1 w - - 0 11,opening,f4d2,167,f4d2:167;a5d2:128;c2d2:-1;f4e3:-47;g4c8:-70;f4g3:-184;f4e5:-237;e4d5:-309
1rkrnnnn/qppp4/4P2p/p5p1/8/3PP2N/PPPN1P1P/QRKRN2N b - - 1 9,opening,d7d5,96,d7d5:96;f8e6:106;d7d6:127;d7e6:137;b7b5:197;h8g6:203;e8f6:208;e8d6:221
b1br2rb/2pbp3/8/p1kpp2p/PpPqQ1PB/1PB2P2/2KP3P/2B1RR1B b - - 5 20,opening,d5e4,-192,d5e4:-192;b4c3:-183;d4e4:-133;d4c4:-40;d4c3:2;c5c6:204;d4d2:252;d5c4:339
b1kqrr1b/pp1ppp1p/n7/2p3p1/8/1PP1N3/P1K1PPPP/BN1QR1RB w - - 0 8,opening,g2g4,312,g2g4:312;g2g3:309;b1a3:305;a2a4:289;c2c1:283;a1b2:272;d1d3:272;d1d2:260
k1rbn1rq/p1ppppp1/n5b1/1p5p/1P1BP1P1/N4P2/P1PP3P/K1RBNR1Q w - - 2 7,opening,e4e5,257,e4e5:257;c2c4:255;f3f4:237;e1d3:237;a3b5:228;g4g5:210;h1g1:201;g4h5:178
1kr2r1n/1p1pp2q/6n1/2p1npP1/Np5p/3PN3/R1P1P1PP/1KN1RN1Q w - - 1 21,opening,a4b6,388,a4b6:388;c1b3:362;e3d5:358;f1d2:353;h1g1:342;g2g3:330;g2g4:327;e1d1:288
2rq3n/p1ppkr2/1n2pp1p/1p2Pnp1/PP6/1N1N1PNP/2n1K1P1/3RQ1RN w - - 2 20,opening,g3f5,91,g3f5:91;e1d2:-149;e1c3:-193;e5f6:-205;e1f2:-217;e1f1:-369;a4b5:-433;e2f2:-449
nn1rqk1n/1prpppnp/8/P1p3p1/1Q2P2P/N2P2P1/P1P2P2/N1RR1NKN w - - 3 9,opening,b4d2,140,b4d2:140;b4b2:138;b4e1:127;b4c4:88;b4c3:81;b4b1:66;b4b3:60;b4b5:60
rbqb1k1r/ppp1p1pp/3n3n/3p1p2/5P2/8/PPPPPNPP/RBQBNK1R b - - 1 5,opening,c7c5,-75,c7c5:-75;g7g6:-61;h6f7:-58;a7a5:-55;e7e6:-53;c7c6:-50;h8g8:-42;a7a6:-38
k1rbnrb1/pNpp3p/1pn5/4pp2/4B2p/1q2P3/P1PP1PPB/K1R1NRQ1 b - - 1 15,opening,b3a2,-99999,b3a2:-99999;b3c4:-99996;b3a3:-838;b3a4:-740;b3b4:-633;b3e6:-632;b3f7:-617;b3b5:-435
rnnk1q1n/4rppp/pp2p3/2p1p3/1P2P3/N2P4/P1PK2PP/1RNnRQN1 w - - 1 12,opening,b4c5,-165,b4c5:-165;d2d1:-210;b4b5:-218;e1d1:-222;a3c4:-226;c2c4:-247;b1b3:-370;g1f3:-376
qnnknnrr/2p1p1pp/pp6/5p2/1P1pP3/P4P2/1QPPK1PP/1NN1NNRR b - - 1 6,opening,e7e5,-67,e7e5:-67;c7c5:-50;b8c6:-40;f5e4:-25;f8d7:54;b8d7:57;f8e6:81;f8g6:95
q2nn1nr/ppkpp1pp/n4r2/2p2p2/3P4/PPP5/Q3PPPP/1NKNNRNR w - - 3 6,opening,e1d3,85,e1d3:85;g1f3:82;d1e3:81;c1b2:78;b3b4:72;e2e3:62;d4c5:49;b1d2:47
brqr1b2/2k3bb/p1p1pppp/P1pp4/1P2PP1K/1R1P4/2PQ2PP/4RB1B w - - 0 22,opening,e4d5,-464,e4d5:-464;f4f5:-492;b4c5:-497;g2g4:-525;h4h3:-537;d2f2:-541;e4e5:-543;h4g3:-551
rrbbn1qk/1pp1pppp/p2p4/1P4n1/8/4NP2/P1PPP1PP/RRBBN1QK w - - 0 5,opening,b5a6,9,b5a6:9;c2c4:-1;a2a4:-16;b5b6:-26;h2h4:-27;f3f4:-32;d2d4:-42;c2c3:-43
kbbrbb1r/pp2pqpp/2p2p2/8/8/2P3P1/PP1PPP1P/K1BRBBQR w - - 0 5,opening,f2f4,-456,f2f4:-456;f2f3:-457;b2b3:-460;d2d3:-467;h2h4:-470;f1g2:-471;d2d4:-475;h2h3:-492
rb3rqk/ppp2ppb/2bpp3/7p/2B1PP1b/P1P5/BP1P2PP/R1R1BQBK b - - 2 9,opening,h4e1,-109,h4e1:-109;h7e4:72;h4d8:118;h4f6:127;h4e7:131;a7a5:144;a7a6:147;h4g5:176
qbrr1knb/1pppp2p/p2n4/4Npp1/3P1P2/P7/1PP1P1PP/QBRR1KNB b - - 1 5,opening,g5f4,-154,g5f4:-154;c7c5:-152;b7b5:-144;b7b6:-102;a8a7:-57;a6a5:-51;e7e6:-40;g8f6:-16
b1r2b1r/kp4pb/p3ppb1/1p5p/Pq3P2/1K2P3/1R1P1Q1P/B3B1BR w - - 0 23,opening,b3a2,-99999,b3a2:-99999
1r1qknrn/pppnp2p/6p1/2Np1p2/n2PP3/1PQ4P/P1P2PP1/1NR1KNRN b - - 0 10,opening,a4c3,-675,a4c3:-675;d7c5:-287;a4c5:-230;a4b6:-32;f5e4:201;h8f7:207;c7c6:220;d5e4:254
1qbbk1rr/p1pppp1p/1p3bp1/6B1/1P1P3P/1P6/2P1PPP1/B1QBKBRR b - - 0 8,opening,e7e6,483,e7e6:483;d7d5:497;f6g7:504;c7c6:508;c7c5:509;b6b5:516;h7h5:516;f6g5:518
rrb1nnqk/1p1p1ppp/8/p1p1p1b1/3PP1N1/2P5/PP3PPP/RRBBN1QK b - - 1 5,opening,g5c1,40,g5c1:40;g5e7:125;g5d8:135;f7f6:142;f8e6:155;h7h6:161;g5f4:168;g5h4:193
knrn1nrn/p2qppp1/1p6/2pp3p/5P1P/NP4N1/P1PPP1P1/1KRNQ1RN b - - 0 8,opening,h8g6,-56,h8g6:-56;b6b5:-53;f7f5:-34;f8g6:-24;b8c6:-19;g7g6:-14;f7f6:-7;d7b7:-4
n1krr1bn/pqp1pp2/2b3pP/1p1PpN2/2P4R/P6P/1P3P1B/NQK1BR2 b - - 0 15,opening,c6d7,-69,c6d7:-69;g6f5:-51;c6d5:-13;a8b6:145;f7f6:146;b7a6:150;g8h7:157;b5c4:210
nnnk1rrn/ppppp1pp/5p2/8/1P1P4/1q6/P1PQPPPP/NNNK1RRN w - - 3 4,opening,a1b3,757,a1b3:757;c2b3:739;a2b3:739;c1b3:725;b1c3:-173;d2c3:-173;e2e4:-311;e2e3:-351
q1b3nr/2p2p2/1b2k1n1/pp1r2p1/1PPPBpNp/2B1PK1P/P5P1/1Q1R2NR w - - 0 22,opening,e4d5,658,e4d5:658;c4d5:430;b4a5:398;e4g6:340;e3f4:280;f3f2:249;g1e2:245;f3e2:232
1b2brq1/k4pb1/p1Bbp3/Ppp3p1/1PPP3p/1K1BP1PP/5P2/2RBBRQ1 w - - 0 16,opening,g1g2,505,g1g2:505;g1h1:488;c6e8:453;d1f3:452;c6b5:447;c4b5:443;c6h1:378;c6g2:362
b1r2rk1/p4bbp/1qppppp1/1p2b3/3PP3/5P1Q/PPPB2PP/BBRR2KB w - - 1 11,opening,d2e3,-88,d2e3:-88;c2c3:-125;b2b3:-211;b2b4:-286;g1f1:-297;g2g3:-315;g2g4:-322;g1f2:-339
nrn2kr1/7p/1pp1pNpq/1P6/1R1p1N1P/pnP5/P3KPP1/2N1Q1RN b - - 0 23,opening,h6f4,275,h6f4:275;c6c5:368;a8c7:386;f8g7:402;f8f7:405;c8d6:414;c8e7:418;g6g5:427
1k2r1nr/pq2b2n/2p3b1/Pp4p1/1P1p2pp/2P1Kp1P/2B5/1QB1RNRN w - - 0 23,opening,e3f2,-533,e3f2:-533;e3d2:-664;c3d4:-879;e3d4:-99998
bqk1r1b1/pp4pr/2pbp2p/3p1p1P/2P1PP2/1P6/P1KP1BP1/1Q1B1BRR w - - 2 15,opening,e4e5,309,e4e5:309;c4c5:187;e4d5:169;e4f5:162;c4d5:143;g2g3:81;b3b4:78;d2d4:62
k1qbrbrb/1p1pppp1/p6p/2p1b3/3P1QP1/7P/PPP1PP2/KB1BRBRB b - - 0 5,opening,e5f4,-412,e5f4:-412;g7g5:-239;c5d4:-149;e5d4:-143;e5f6:-108;e7e6:13;a8a7:47;g7g6:114
nBr2bbk/1p1pp1p1/2p2pq1/1Pn4p/2P5/PN1P1P2/4P1PP/NR1RQB1K w - - 1 13,opening,b3c5,677,b3c5:677;e1g3:587;b8a7:577;b5c6:576;b8g3:572;b8f4:516;a3a4:458;b5b6:458
qbrnkbrn/1p1pppp1/5N2/p1p5/8/4P2p/PPPPBPPP/QBRNK2R b - - 1 6,opening,g7f6,-378,g7f6:-378;e7f6:-300
3rrb1k/4pp2/b1p5/pp3BPp/P2P1bb1/1P4PQ/3RP1K1/3RBB2 b - - 1 20,opening,g4h3,-172,g4h3:-172;h8g7:418;g4f5:477;f4d2:481;a6c8:484;h8g8:485;f4g5:537;d8d5:560
kb1brbrb/ppp1p1p1/5p2/1q1p3p/1P1P3P/Q5P1/P1P1PP2/KB1BRBRB w - - 0 7,opening,e2e3,292,e2e3:292;c2c4:280;c2c3:247;e2e4:215;f1g2:208;h1d5:198;a3b3:190;f1h3:167
1bbb1rbr/2p1p2p/pp3k2/7P/1P1PpppR/PQPBB1P1/5P2/3R1KB1 b - - 1 18,opening,g8b3,-552,g8b3:-552;e4d3:-59;f4e3:103;c7c5:265;f4g3:279;c8f5:306;c7c6:308;h7h6:317
1k1br1rb/b1p3p1/7p/pp1pppPP/Pb1PBP2/1BP1q3/2K1P1B1/2Q1R1RB w - - 0 18,opening,c1e3,416,c1e3:416;c3b4:263;e4d3:233;e4d5:200;c2b1:148;b3d5:69;c1d2:65;c2b2:-14
2bqn2k/1p2pr1p/pn3p2/4N1p1/1pPp1Q2/1N2P2R/P2P2PP/1BR3BK b - - 2 19,opening,f7g7,560,f7g7:560;h8g8:738;c8h3:743;g5f4:746;f7f8:752;e8d6:776;d4e3:831;e8g7:833
r2r1bbb/1p1pp1pp/p1qk4/1B3p2/1pPP3P/Q4P2/P1K3P1/R2R1BbB w - - 2 16,opening,a3b4,279,a3b4:279;b5c6:-309;a3c1:-352;c4c5:-433;a1b1:-522;a3b2:-562;f1d3:-569;a3d3:-583
knr1r1qb/1pb1p1pp/5pn1/p1pp3P/8/2NP1N2/PPP1PPP1/KR1B1RQB w - - 0 9,opening,h5g6,429,h5g6:429;g2g3:282;c3d5:260;g2g4:259;f3d2:241;e2e3:213;c3b5:193;f3h2:172
kqr1br1b/p1pp3p/3bpppP/1p6/1P3Q2/2P5/3PPPP1/K1bBBBRB w - - 0 10,opening,f4e3,-412,f4e3:-412;f4f3:-414;g2g4:-414;g2g3:-414;f4d4:-440;f4e4:-457;f4h4:-466;f4g4:-505
rbk1b1rN/p1pp2qp/2n1p1p1/1p3n2/2P1P3/1P6/PN1P1PPP/RBK1B1RQ b - - 4 9,opening,f5d4,-441,f5d4:-441;f5e7:-304;f5d6:-279;c6d4:-261;b5c4:-254;f5h6:-239;a7a6:-237;a7a5:-201
bq3r1n/p2pk2P/1p1n1p2/8/Q1p2N1p/2PB2R1/PP1PPK2/B4r1N w - - 1 21,opening,f2f1,-299,f2f1:-299;f2e3:-99998
1r1k1nr1/p2pp1pp/5p1n/1p6/1PpP1P1B/B3P1NP/Q1bK2P1/2Rb3R w - - 0 16,opening,a3b2,479,a3b2:479;h1d1:436;c1c2:430;h4g5:420;e3e4:407;d2e1:396;c1d1:394;d4d5:375
1nrnqrn1/kpNp1p2/p1p1p3/3P2Pp/n7/2N1P3/2PQ1PP1/K1R2RNN w - - 0 13,opening,c7e8,693,c7e8:693;d2d4:541;d5d6:538;c3a4:263;c3b5:160;c1b1:130;e3e4:44;d5c6:-6
k2bb2b/p2p1rqp/1prb1p2/2p1p3/2P1PPpP/2B5/PP4P1/KBRB1RQB b - f3 0 11,opening,e5f4,-202,e5f4:-202;d8c7:10;h7h5:17;a7a6:18;a8b7:21;f7f8:25;d6b8:25;g7g8:26
knr1r1b1/8/1Np1p1pp/pQ6/PP2pP1P/4n1P1/2P1q3/K1R2RBB b - - 0 21,opening,a8b7,655,a8b7:655;a8a7:698
2r1b1bn/1qnk3p/2pr4/1p1Pppp1/1PQ1PP1P/3P2P1/PB6/N1KR1R1N w - - 5 22,opening,c4b3,-172,c4b3:-172;c4c2:-259;c4c5:-262;c4c3:-276;a1b3:-283;f4e5:-459;c1b1:-490;d3d4:-513
rb3bkq/p1prp2p/1p1p1p2/1PP3p1/P4P2/B2b2Bb/R2PP1PP/1B2RBKQ b - - 0 16,opening,d3b1,199,d3b1:199;g5f4:438;d6c5:483;c7c6:490;h8g7:497;d6d5:508;h3e6:510;e7e5:519
b2Q1rrn/1p2p2p/kb3p2/p1p1N1p1/P1P5/8/1Pn1K1PP/BB2RNR1 b - - 1 23,opening,b6d8,17,b6d8:17;f8d8:40;c2d4:216;h8g6:320;c2a1:350;h8f7:394;c2e1:400;b6a7:409
1qkbrr1Q/1p2pp1p/pp5n/3p2p1/2n5/1P1P3N/P1K1PPPP/3BRR1B w - - 0 10,opening,h8c3,58,h8c3:58;h8g7:-239;h8d4:-327;h8a1:-331;h8h7:-361;h8f8:-486;b3c4:-523;d3c4:-550
rkb3r1/1p1pq3/2Q4p/p3bp2/3P1pP1/5B1B/PbP1P2P/RBBK1R2 w - - 1 22,opening,c6d5,198,c6d5:198;c6c4:160;c6b5:-21;c6a4:-163;c6c5:-180;c6b6:-197;c6h6:-241;c1b2:-418
knr1q2b/p1prp1pn/1pp1b2p/8/1QPP1p2/PP2N1P1/4PP1P/KNRR2B1 w - - 3 9,opening,e3c2,-522,e3c2:-522;g3f4:-526;b1c3:-528;b4a4:-538;c4c5:-545;e3g2:-562;e3d5:-586;b4d2:-599
2rbqbbk/bppppp1p/r5p1/p6B/2PP4/3BP3/PP3PPP/R1R1QBBK b - - 3 5,opening,g6h5,-44,g6h5:-44;a7b8:43;c7c5:56;c7c6:63;a7d4:65;a6f6:93;f7f5:95;a5a4:136
nn2nk1n/1p5p/2rp1p1q/2p1NPp1/1r1PP3/PpN4P/2PQ2P1/N2R1KRN w - - 0 19,opening,e5c6,451,e5c6:451;e5g4:338;a3b4:332;d4c5:308;d4d5:241;a1b3:221;e5f3:209;e5f7:205
rn5r/pp1pn1p1/1np2q2/4ppkN/1PP2N2/P2P3P/R3PP2/2NQK2R w - - 1 16,opening,h1g1,671,h1g1:671;h3h4:566;h5f6:550;d1d2:409;e2e4:340;e2e3:245;d3d4:164;c4c5:152
bbr1qbk1/p2p3p/6p1/1p2pp2/PPPPb3/2B2P1P/2R1B1PK/3QR1B1 b - - 0 14,opening,e4c2,-330,e4c2:-330;e5d4:-65;b5c4:105;a7a5:165;f8h6:181;e8f7:182;f8d6:198;e4b7:203
B1nrr1kb/p1ppb1pp/1q2p3/5p2/1p6/P5PB/1PPPPP1P/NQNR1R1K w - - 0 7,opening,a3b4,308,a3b4:308;c1d3:228;b1a2:197;a1b3:194;h3g2:194;a8g2:192;a8f3:189;b2b3:188
b1q1kr2/1pBp2rp/1b2pPp1/pPp5/5P1P/P7/1nNPP3/1NQ1K1RR b - - 2 23,opening,g7g8,283,g7g8:283;g7f7:298;b2d3:403;b6c7:403;f8f6:410;c8c7:422;b2c4:470;b2a4:477
1n1rbr2/q1ppnp2/p3p1p1/3k3P/PP5P/KPQPPPbN/5BB1/3R2R1 w - - 6 23,opening,f3f4,99998,f3f4:99998;e3e4:99996;f2g3:99996;c3c4:99993;g2h1:891;d1c1:858;d1a1:812;h5g6:793
b2b3r/kpr1p1B1/3p2bp/q1p2p2/1pP2p2/1B1P2PP/2K1P3/2RQ1R1B b - - 1 17,opening,h8g8,280,h8g8:280;h8e8:322;f4g3:357;b7b6:360;h8h7:360;a5a6:381;e7e5:389;a5b6:398
1k2r1bn/pBpr4/3pp1q1/4b1p1/1P2P2p/2P2PNP/KP1N1R2/3RQ1B1 b - - 0 23,opening,b8b7,129,b8b7:129;c7c5:215;d6d5:219;e5g3:257;g6f7:261;c7c6:265;h4g3:280;e5f4:289
rk2rn1q/pppn1p1p/6p1/5P2/n3p3/P1NNP3/NPPP1QPP/R1K1RN2 b - - 1 14,opening,a4c3,271,a4c3:271;e4d3:400;d7b6:409;a7a5:421;a4b6:433;g6f5:438;a7a6:445;h7h5:457
nqr1k1br/1ppppp2/4nQ1b/p5pp/8/1PP1P3/P1RP1PPP/N2NKBBR b - - 3 6,opening,e7f6,-721,e7f6:-721;h6g7:-143;e6g7:-63;h8h7:-24;e6f8:403;g8h7:421;e8f8:490;c7c5:631
q2kn1rr/n1pn2pp/pp1p1p2/4p3/4P1Pn/2N4P/PPPP1P2/QNNKN1RR b - - 0 10,opening,c7c6,-73,c7c6:-73;g7g6:-71;g7g5:-66;g8f8:-65;a7c6:-47;d8c8:-47;h7h5:-43;a6a5:-42
k1n1brbq/p1p1ppp1/1rn4p/1p1p4/2PB4/1N1P1P2/PP2P1PP/KR1NBR1Q w - - 2 6,opening,c4d5,234,c4d5:234;d4b6:217;h1g1:121;c4b5:116;d1e3:109;b1c1:95;e1c3:75;g2g4:71
n2k1rqr/pp1p4/2p1p1pp/5p1n/8/PPK1nP2/3PPNPP/NN1NR1QR w - - 0 17,opening,d1e3,425,d1e3:425;d2e3:397;c3b2:358;d2d4:343;f2h3:306;g2g4:285;a1c2:250;b3b4:232
r2q1br1/2pbp1k1/1pn2p1p/8/Pp1P3p/2P1pPPB/4PN2/R1Q3RK w - - 0 19,opening,g3h4,-276,g3h4:-276;c1e3:-308;f2g4:-358;f2d3:-457;f2e4:-468;h3d7:-477;h3e6:-494;f2d1:-508
krbb1rqn/1p1ppppp/p6P/2p5/P3n3/6N1/1PPPPPP1/KRBBN1RQ w - - 0 8,opening,g3e4,391,g3e4:391;h6g7:268;h1h4:31;g1f1:-34;e1d3:-85;h1h5:-175;e1f3:-183;d2d4:-183
k1rbnnrb/pp4p1/7p/2ppqp2/2P1BPP1/P2PP2P/1P6/KQRBNNR1 w - - 0 9,opening,f4e5,548,f4e5:548;e4d5:414;d1f3:404;a1a2:385;b1c2:385;c1c2:381;e1f3:377;e4f5:372
n1nrrbkb/qppp1ppp/p7/4p3/8/1N4P1/PPPPPPBP/NQ1RR1KB w - - 0 4,opening,g2b7,94,g2b7:94;a2a4:23;e2e4:23;c2c3:20;d2d4:16;d2d3:12;b3a5:7;c2c4:-11
r2rbbn1/3p4/4kp1p/pp2pnp1/1RPPP3/1p3P1P/5BPQ/1KNR1BN1 b - - 2 20,opening,f8b4,401,f8b4:401;a5b4:450;f5e3:458;f5d4:472;f5g3:533;f5d6:537;e6f7:551;a5a4:569
qnnnrrkn/p1pppppp/1p6/8/6P1/1PP5/P2PPP1P/QNNNRRKN w - - 1 4,opening,d2d4,-15,d2d4:-15;f2f4:-16;h1g3:-17;c3c4:-35;d1e3:-37;f2f3:-49;e2e4:-53;c1d3:-55
nr1qnkrn/pppp2pp/5p2/4p3/Q1PP1PP1/P2n4/1P2P2P/NNR1NKRN w - - 1 7,opening,e1d3,475,e1d3:475;e2d3:376;c1d1:-31;c1c2:-109;c1c3:-112;a4d1:-155;a4c2:-163;f4e5:-178
b1kbrrb1/1p1p4/4p3/p1p4p/qPP2P2/1BB1P3/P2P2Pp/2K1RRBB b - - 1 16,opening,a4a3,-515,a4a3:-515;h2g1q:-484;a4c6:-446;h2g1r:-400;a5b4:-365;c5b4:-358;a4b4:-358;a4b3:-326
1r3k1r/pqbb1b1p/1b2p3/1ppp2pP/3P2P1/1BP1BP2/PP2P3/1Q1BR1KR b - - 3 20,opening,b7c6,-269,b7c6:-269;c5c4:-263;c7f4:-254;c5d4:-247;c7g3:-211;h7h6:-196;c7d8:-185;a7a5:-167
nq2nnkr/p1prp2p/np1p1P2/6p1/8/N2PPP2/PPP4P/N1QRNNKR w - - 0 8,opening,f6e7,195,f6e7:195;h2h4:117;e1g2:115;e3e4:108;a1b3:105;b2b4:102;a3b5:97;c2c3:96
r1qn2kb/1p1pr1pp/3bp1n1/pPp2N2/5P2/2PP1BP1/PN2P3/RBQ1RK2 b - - 2 14,opening,e6f5,-87,e6f5:-87;d8f7:221;d6c7:274;d6b8:278;c8c7:281;c8b8:284;d6f4:310;g6f4:400
1rb1k1nr/p2P2p1/1p2pp2/2b1q1B1/6PP/2p2NQ1/PPP1PP1R/RN2KB2 b - - 0 18,opening,c8d7,632,c8d7:632;e8d7:810;e8d8:824;e8f7:841;e8e7:842;e8f8:1107
1rk3rn/1pnp4/pn3p1p/2pnp1p1/P3N1P1/1N1P4/2P1PPKP/1RN1Q1R1 b - - 9 20,opening,b6a4,514,b6a4:514;h8f7:587;d5f4:589;c7e6:597;h8g6:608;c5c4:618;h6h5:634;a6a5:636
rq1k1rn1/1pn1pp1p/p1p3p1/1P1p4/8/2P1PPPb/P1PK1R1P/RQB1N2B w - - 2 10,opening,b5c6,57,b5c6:57;b5b6:53;b5a6:-119;c3c4:-135;h1g2:-140;a2a4:-144;g3g4:-158;e1d3:-161
kr2br1q/1pppp1pb/pnn2Q1p/8/6PP/3N4/PPPPPP2/K1RNBRB1 w - - 1 7,opening,f6c3,59,f6c3:59;f6f8:-389;f6c6:-476;f6f4:-479;f6f5:-532;f6e5:-535;f6f3:-541;g1h2:-553
q1rnk2r/b1p2p1p/2pp1b2/p3pBp1/2P5/1P2N3/P2PPP2/1QR1KR1N w - - 6 13,opening,f5g4,187,f5g4:187;e3g4:133;f5h7:121;h1g3:93;c4c5:85;b1e4:82;b1c2:57;b1d3:41
rrqn1bnb/pp1pp3/2p1k2p/6p1/PPP2p2/Q4R2/3PPPPP/2RNKBNB b - - 1 8,opening,e6f7,94,e6f7:94;g8f6:117;a7a5:140;c8c7:152;h8f6:157;e6f6:177;d8f7:182;h8g7:194
rnn1knnr/p6p/3pp3/Ppp2pp1/1P1P3q/NNP5/1R2PPPP/3QKNNR w - b6 0 10,opening,a3b5,387,a3b5:387;d4c5:297;g1f3:269;b4c5:254;d4d5:227;d1c1:220;a5b6:216;f1g3:196
bkbrrbqb/p1pppppp/8/1p6/1PPB3P/8/P2PPPP1/1KBRRBQB b - - 0 4,opening,e7e5,-218,e7e5:-218;g7g5:-117;c8b7:-103;g7g6:-99;f7f5:-81;b5c4:-73;a8b7:-62;a8e4:-49
k1r2nrb/1pbp2pp/8/2ppPpPn/pP6/P4NR1/2PP3q/KQRB1N2 b - - 0 14,opening,h2f2,-392,h2f2:-392;h2h1:-202;c7e5:-192;h2g3:-103;h5g3:-17;g7g6:85;f5f4:88;c5c4:129
1b1B1b2/1k2p1qr/5p2/p2p2pp/P1b2PP1/3B1b1P/1P1PP2R/1KB1RB2 w - - 0 19,opening,e2f3,-112,e2f3:-112;d3c4:-156;d3c2:-244;h2f2:-319;d3f5:-321;e2e4:-355;d3h7:-368;e2e3:-387
1k1r2qn/r2p1ppp/p1pNp3/1p6/4P2P/2Nn2P1/PPP2P1Q/RKN1R2N w - - 2 15,opening,c1d3,793,c1d3:793;c2d3:709;e1d1:597;e1g1:582;e1f1:580;e1e3:529;e1e2:518;h2g1:501
bk2r1r1/2b1N2p/2p1Q3/1pqpn1p1/4P2P/3nPB2/PB1P2P1/3K1RRN b - - 2 21,opening,d3b2,-903,d3b2:-903;c5e7:-569;g8g6:-553;e5f3:-548;g8g7:-527;e5c4:-524;g5g4:-470;g5h4:-427
n1qr1nkr/pppp2n1/6p1/4PP1p/Q2P3P/1PP2P2/P4K1N/NN1RN2R w - - 1 15,opening,a4c4,481,a4c4:481;f5f6:387;e1g2:380;a4b5:377;a1c2:372;d4d5:369;h2f1:366;a4a3:362
r1n1bbn1/p2kpp1p/8/1p1p4/4PQ2/1PPpP2p/PN3Pr1/R1K1B1NR w - - 0 19,opening,f4f3,490,f4f3:490;b2d3:488;f4f5:479;e4d5:463;g1h3:462;f4h4:456;e4e5:456;e1d2:438
br1r2bn/1p1k1n1p/2p2p1q/p2N2p1/1P1BpP2/8/P1PPP1PP/1RKQ1RB1 w - - 3 15,opening,d5f6,362,d5f6:362;f4g5:354;d5b6:319;d5e3:188;d5c3:174;d4f6:16;b4a5:-33;d1e1:-92
bnq2b1r/1rN1k1p1/1p1p4/p1p1pp1p/8/1PKPP1PP/P1P1NP2/B1R1QR2 w - - 0 19,opening,c7a8,173,c7a8:173;c7d5:63;c7b5:61;e2f4:-238;f2f4:-320;c3d2:-329;g3g4:-332;e3e4:-366
r3qrb1/1k1pNp1p/n6P/pPB1b3/1PP2Pp1/K2P4/1N2P1P1/2n1QR1B b - - 0 17,opening,a5b4,-496,a5b4:-496;a6c5:-84;e5b2:11;e8e7:161;e5c3:184;e5d4:248;a6b4:336;c1d3:356
q1rr1b1b/ppp1p2k/2np2pp/1P3p2/3nP3/2P5/P2PBPPP/QNRNR1KB w - - 0 10,opening,e2f1,379,e2f1:379;b5c6:360;e2c4:296;e4f5:290;c3d4:265;g2g3:249;b1a3:209;a1b2:190
qrk3n1/1p3npN/p1p3p1/1nN1pp2/1PprP2P/5P2/P4N2/QRK3RN b - - 0 22,opening,a6a5,28,a6a5:28;d4d8:68;b7b6:82;b5a3:123;f7d8:128;g8e7:149;b5c7:153;a8a7:156
2nkrrnn/p2pp2p/2q2pp1/N1p5/Pp6/2NnPPP1/1PP2R1P/Q2KR1NN w - - 2 12,opening,a5c6,654,a5c6:654;c2d3:36;c3e4:-205;f2f1:-211;f2e2:-214;f2g2:-216;f2d2:-225;d1e2:-232
1b3rbk/1p2b2p/rRpq1p2/2P1pPB1/p3B1P1/2PP2Q1/P3PK1P/R3B3 b - - 4 21,opening,d6c5,262,d6c5:262;d6c7:308;d6d7:311;d6d8:328;d6d5:464;a6b6:482;d6e6:488;d6d3:517
k1N1qr2/3pp2p/2n3p1/p3bp2/3nPPP1/PPP1N3/7P/1KR1R1BB b - - 2 20,opening,e8c8,-174,e8c8:-174;d4b3:-57;a8b8:70;e5f4:164;e5c7:200;d4b5:216;e8f7:230;f5g4:251
1knqr3/p1N1p1pr/1pn2n1p/3p1p2/4P2n/PN6/1PPP1PPR/KNQ1RN2 b - - 0 14,opening,d8c7,-107,d8c7:-107;b8c7:-90;e8h8:202;f6g4:215;f6e4:223;h4g2:227;g7g5:244;e7e5:331
r1n1rqnn/ppp1kppp/2Qp4/4p3/1P6/1nP1P3/P2PRPPP/RNNK2NN b - - 3 7,opening,b7c6,-580,b7c6:-580;b3a1:-180;e8d8:40;b3c1:112;e7d8:159;b3c5:207;c8b6:411;f7f5:421
b2b1rQb/4k1qp/1rp4B/4p1p1/B2PP1b1/7K/PP1R2PP/B6B w - - 6 22,midgame,h3g3,-738,h3g3:-738;h3g4:-788
1bk1nbrn/2p5/3rppp1/pp3B1p/3p1P1P/PP1NP3/B1PPN1P1/1KQR1qR1 b - - 7 16,opening,f1e2,259,f1e2:259;f1g1:498;f1d1:512;g6f5:609;c7c5:645;d4e3:652;e6f5:658;g8g7:671
kb1rnbrn/2p2p2/3pp1pp/PpN4P/5P2/P1P5/2KPPqP1/QB1R1BR1 b - - 2 15,opening,f2c5,-364,f2c5:-364;d6c5:-362;f2g1:-355;c7c6:-312;d6d5:-261;g6h5:-240;e8f6:-228;f8e7:-209
2kbbqrb/rp1p1pp1/p1p4p/b3p3/P7/4PP2/RPPP2PP/1BKBBQRB b - - 11 10,opening,d7d5,-71,d7d5:-71;f7f5:-70;g7g6:-67;f8e7:-64;a7a8:-60;c8b8:-58;a5c7:-48;a5b6:-42
nnrr3n/1p1n2kp/2qp1pp1/2p1p3/1NP1P1P1/1N1PNP1P/PQ4K1/2R1R2N b - - 0 23,opening,c5b4,-294,c5b4:-294;c6a4:54;c6b6:113;c6c7:271;a8c7:461;h8f7:476;a8b6:479;g7f8:490
qn1r1rkn/1ppp3p/p1n5/1P3ppN/3np3/3NP2P/P1PP1PPK/QN1NRR2 w - - 1 11,opening,b5c6,456,b5c6:456;e3d4:402;d3c5:377;f2f4:365;c2c4:334;d3c1:317;a1b2:305;a1c3:291
n1qrr1k1/5p1p/1b2pnp1/3p2PP/pp1PPbB1/1P6/Q1P1RP2/2NR1BK1 b - - 1 23,opening,f6g4,-604,f6g4:-604;f6e4:-529;f4g5:-524;a4b3:-509;f4h2:-418;f6h5:-364;d5e4:-302;b6d4:-295
2r1r2b/q1p1p2k/n6b/3p1p1p/ppBP2P1/1nP1p2P/PP1N1NK1/Q2RR3 b - - 1 22,opening,b3a1,-687,b3a1:-687;b3d2:-548;d5c4:-531;b4c3:-493;e7e5:-482;e3f2:-480;a7b7:-458;e7e6:-456
1bqrknr1/2p1pppp/p5n1/1p1p1N2/3P4/2P2bPP/PP2PP2/BBQRK1RN w - - 1 7,opening,e2f3,347,e2f3:347;c1e3:94;c3c4:34;f5e3:-3;g3g4:-7;b2b3:-32;b2b4:-55;h3h4:-64
k1rbrnqb/2p3pp/p7/1pnp1p1P/5p2/N3QR2/PPPPP1P1/KNRB3B b - - 5 15,opening,f4e3,-728,f4e3:-728;e8e3:-618;f8e6:-304;f8d7:-275;d8e7:-244;c5e4:-237;c5e6:-171;g8e6:1
b1k2Bbb/5rp1/pp2p3/q3ppbp/1PK5/P2P4/1QP1BPPP/4RRBB w - - 0 17,opening,b4a5,456,b4a5:456;c4b3:261;f2f4:187;c4c3:156;f8c5:38;f8e7:-99;f8d6:-153;g2g4:-173
rb1k1rn1/1p3pp1/p1pN4/3Pp2N/bPq4p/PBB2n1P/2P2PP1/1R1K1R1Q b - - 0 18,opening,c4c3,-191,c4c3:-191;a4b3:427;b8d6:471;c4f1:549;c4b3:568;f3d2:597;g8e7:600;c4d5:616
rr1Bn2k/n1p3p1/p7/1p1pPp1p/q4P2/P6P/RPP1b1P1/1R1BNQ1K w - - 0 20,opening,f1e2,569,f1e2:569;d1e2:447;f1f2:275;f1g1:107;b2b3:-270;d8g5:-395;c2c3:-430;f1f3:-447
1rn1kqrn/pn1p3p/4p1p1/1p3p2/PPPp2P1/3NN2Q/4PK1P/NR4RN b - - 1 12,opening,f5g4,-610,f5g4:-610;b5c4:-322;d4e3:-278;c8b6:-228;c8d6:-196;b7d6:-192;c8e7:-190;h7h5:-135
kn1rr2b/p1pqnpp1/4pP2/1p5N/3pP3/bP1P2Q1/P1PR2PP/K4BRB b - - 4 20,opening,g7f6,-498,g7f6:-498;d7c6:-490;a7a5:-436;a7a6:-435;g7g6:-424;a3b4:-394;e6e5:-394;b8c6:-363
knrrq1bb/ppppp1n1/6p1/5p1p/1P6/N1P3N1/P2PPPPP/1KRRQ1BB w - - 0 6,opening,d2d4,-202,d2d4:-202;f2f4:-211;g3f1:-235;d2d3:-239;b4b5:-245;f2f3:-268;b1a1:-276;e2e3:-277
rn1rk2n/n1p1pp2/p2p4/1p4pp/2P1P2P/2q2PP1/PPRPNNQn/RN2K1N1 w - - 13 15,opening,b1c3,817,b1c3:817;c2c3:780;d2c3:767;b2c3:762;e2c3:748;c2c1:397;e1d1:394;b1a3:366
bk1rbb1r/ppqp2pp/4p3/2p2p2/5QP1/PbPP4/1P2PP1P/BK1RBBBR w - - 0 6,opening,f4c7,-208,f4c7:-208;f4c1:-320;f4d2:-321;f4e3:-366;f4g5:-376;f4g3:-433;e1d2:-463;f4f3:-490
n3rrq1/ppb2pkp/1np1p3/N5p1/1NPb2P1/P2PQP1P/1PB1P3/R3R1KB b - - 2 18,opening,d4e3,-684,d4e3:-684;c7e5:-501;c7h2:-495;c6c5:-446;e6e5:-446;e8d8:-426;d4b2:-62;d4f6:93
knn1r1rb/p2p1qp1/1p1b4/2pNpp2/3P3Q/1P1RP3/P1P2PPP/K1N2BRB w - - 2 12,opening,d4e5,153,d4e5:153;g2g4:108;d3d1:-43;d3d2:-102;h4h7:-116;d5c3:-145;d4c5:-165;h4g5:-190
qrkrnnnn/1pp4p/p4p2/3P2p1/3N2PP/1P5N/P1PP1P2/1RK1RN1N b - - 0 11,opening,e8g7,-511,e8g7:-511;a8a7:-509;g5h4:-508;e8d6:-506;d8d5:-487;h8g6:-470;c7c5:-467;a6a5:-455
bq3bbr/1k2rp1p/1b6/pp1p2P1/PPBp4/3QP1PP/3P4/BK2RB1R b - - 0 18,opening,b5c4,-483,b5c4:-483;d5c4:-439;b8d6:-206;b8g3:-134;h7h6:-85;b7c7:-53;b8d8:-42;b7a7:-39
3r1br1/bknp1pp1/3P2n1/pppRp3/4q1P1/QP4Rp/P1P2P1P/KB2NB1N b - - 3 23,opening,c7d5,-430,c7d5:-430;e4d5:-354;e4e1:-272;f8d6:-246;e4h1:-238;b5b4:-233;a7b6:-161;c7e6:-137
1bknr1rb/2pp2p1/2B5/p3np1p/1q1P4/4P1P1/P1K2P1P/Q2NRNR1 w - - 0 13,opening,d4e5,-412,d4e5:-412;c6d5:-439;c6d7:-443;c6a8:-470;d1c3:-470;f1d2:-470;c6b5:-482;c6g2:-489
rk1r1bbb/1pq3p1/4bp1p/2P1p3/p1p1PPPP/PPQ5/K2R2B1/R1B3BB b - - 1 16,opening,d8d2,-150,d8d2:-150;a4b3:-137;c4b3:-132;g7g5:-120;d8d3:-100;g7g6:-52;e5f4:8;d8d7:61
3k1rb1/r1qbpp2/2Q5/p2p4/1P1b1RPp/1PB1B2P/2P1P3/1BR2K1B w - - 1 23,opening,c6c7,754,c6c7:754;c6h6:488;c3d4:352;c6d7:291;c6d5:114;f4f3:93;c6a8:-3;c3d2:-6
1nk2rr1/p6q/n1pP4/1p2pp1p/1P2P1p1/2N2PPP/P2P2nN/1KR1NNRQ w - - 0 20,opening,h1g2,480,h1g2:480;d6d7:421;g1g2:368;e1g2:346;e1c2:337;e1d3:322;f1e3:286;f3g4:243
n1rbq1r1/k2p1p1p/pp3np1/2b1p1N1/2P4P/PP1pPPPB/3Q4/NKRB3R b - - 3 16,opening,c5a3,-228,c5a3:-228;b6b5:-108;h7h6:-75;f6h5:25;e5e4:49;c5f8:57;c8c7:70;c5d6:89
1nrq1k1r/1p1ppp1p/1n4n1/p1p4n/Q2P4/PNP2P2/4PKP1/1NR1N1RN b - - 2 13,opening,b6a4,-763,b6a4:-763;e7e5:-239;g6f4:-208;d7d5:-181;e7e6:-180;c5c4:-176;h5f6:-171;c5d4:-161
b1q1k1rb/pp1p1rp1/4p3/b1pPbp1p/P7/1PP1PP2/BR1Q2PP/B2BKR1B b - - 2 20,opening,a5c3,-631,a5c3:-631;e5c3:-627;g7g6:-188;g7g5:-187;b7b5:-182;h5h4:-150;c8c7:-141;e8e7:-136
n1nrrb1b/p3p2k/1pqp2Np/2p3pP/2B3P1/8/PPPPPP2/NQR1RBK1 b - - 1 11,opening,d6d5,293,d6d5:293;h7g7:345;a8c7:374;e7e5:382;h8c3:409;e7e6:455;h8b2:456;h8e5:499
bqbbkbrr/pp1pppp1/2B5/8/P5Pp/8/1PPPPP1P/BQBBK1RR b - - 0 6,opening,b7c6,-430,b7c6:-430;d7c6:-341;d8c7:-96;h4h3:-55;e7e6:-31;e7e5:2;a7a6:26;b7b6:65
krb1nrqn/1p4pp/p1p1p3/3p1p1Q/1b3P2/1BP1P1N1/PP1P2P1/KRB1NR2 w - - 4 9,opening,c3b4,381,c3b4:381;b3d5:-9;e3e4:-30;d2d3:-78;h5d1:-83;h5e2:-99;f1h1:-104;d2d4:-107
nnn1rrkq/1p1ppp2/p1p2np1/N2Q2Pp/2N5/8/PPPPPP1P/2NRNRK1 b - - 1 7,opening,c6d5,-753,c6d5:-753;f6d5:-735;f6h7:-87;f6g4:-54;b7b6:-50;b7b5:-43;a8b6:-17;e7e5:15
1nqrbnrk/p1pppppb/8/1p5p/1P3P2/P1BP4/2P3PP/1NQRBNRK b - - 2 6,opening,f7f6,-109,f7f6:-109;d7d6:-99;f8e6:-97;a7a5:-92;a7a6:-87;b8c6:-80;d7d5:-68;c8b7:-63
rbbrb1kq/p1pp1p2/8/P1b1p2p/4B3/R1p1P1P1/1P1P1P1P/2BRBBKQ w - - 1 10,opening,a3c3,323,a3c3:323;d2c3:317;b2b4:236;a3b3:199;a3a1:192;a3a2:184;d2d4:174;b2c3:147
nq1rknr1/p1pppppp/3n2n1/Np6/4P1P1/8/PPPP1P1P/NQ1RKNRN b - - 0 4,opening,d6e4,-337,d6e4:-337;g6h4:-289;b8b6:-258;g6e5:-205;d6c4:-196;c7c5:-180;f8e6:-180;f7f6:-175
b1b1rk1b/6p1/P1p2p2/b2pp3/1r2P1q1/5B2/1PPP1PBP/BRB1RK2 w - - 3 17,opening,f3g4,-194,f3g4:-194;e4d5:-412;a6a7:-440;d2d3:-440;b2b3:-451;f1g1:-457;c2c4:-470;d2d4:-471
r2rbbbk/3bppp1/qppp3p/p7/5PPP/PPPP4/1R1BP3/Q1B1RBBK w - - 0 11,opening,f4f5,94,f4f5:94;g4g5:46;f1h3:-21;h1h2:-104;c3c4:-128;a3a4:-134;e2e4:-139;b2c2:-164
1n2r1nn/rNp1kp1N/1pn1p2N/3p1q2/3P1P1P/2P5/1P2P1P1/R1K1R2Q b - - 0 21,opening,a7a1,-708,a7a1:-708;f5f4:-553;g8h6:-419;f5h7:-381;f5e4:-297;f5g6:-277;f5h5:-245;e7d7:142
r2qkb1r/1pb1ppp1/2pB3p/p4bP1/PP2P2P/8/2PPbP2/RBBQKB1R w - - 1 14,opening,d1e2,333,d1e2:333;d6c7:277;f1e2:220;d6e7:-96;e1e2:-115;e4f5:-381;c1b2:-458;g5g6:-471
bb5b/1pq3rp/2pprkp1/p7/1P2PPP1/1P1K4/P2PB1BP/1BQ1R2R w - - 0 20,opening,g4g5,287,g4g5:287;f4f5:276;c1a3:272;h1f1:254;d3c2:253;b4a5:249;h2h4:215;e1f1:207
nn1kn1qr/1pp2r2/pn4pp/3ppp2/1PP5/NN1P4/PK2PPPP/2N1NRQR w - - 1 9,opening,c4c5,-8,c4c5:-8;b2b1:-16;f2f3:-28;b2a1:-33;e1c2:-67;f2f4:-74;g2g4:-86;e1f3:-86
b2bkr2/qp2p1rp/p2p1p1b/PPp3p1/2PP4/1B5b/3KPPPP/BQB2BRR b - - 2 11,opening,d8a5,-14,d8a5:-14;a6b5:224;h3d7:271;b7b6:274;h3f5:347;g5g4:350;a7b8:354;c5d4:361
1rq3nr/pppk2bp/1nn1p1p1/3p1pN1/1P1P1P2/PN6/2PNP1PP/R2QKBR1 w - - 0 11,opening,b3c5,139,b3c5:139;e2e3:138;g5f3:110;c2c3:105;d2f3:98;g2g4:68;a1c1:36;c2c4:36
r3kn1r/p2pn3/1nn1ppq1/1pp4p/4PK1P/NPP2P1R/P2P2P1/R1NQ1NN1 w - - 1 15,opening,f4e3,-61,f4e3:-61;g2g4:-278;c3c4:-700;a1b1:-99998;a3c2:-99998;d1e1:-99998;h3h2:-99998;c1e2:-99998
1bbr1rnk/ppppq1pp/1n2p3/5p2/4P3/PPP4P/3P1PP1/NBBRQRNK b - - 0 5,opening,c7c5,2,c7c5:2;f5e4:14;c7c6:19;d7d6:22;e7e8:27;e7h4:34;f5f4:51;e7f7:54
2br1rnn/p3pqpp/kp1b4/2p2pB1/4N3/2PP1P1N/PPB1Q1PP/1K1R2R1 b - - 2 12,opening,f5e4,-135,f5e4:-135;d6h2:89;d6c7:163;d6b8:207;g8f6:213;h8g6:246;f7e8:256;a6b7:289
2br1rnk/3p2qp/pnp1pp2/1P4p1/6PP/P1QPPPb1/1PN5/1BBR1RNK w - - 0 12,opening,e3e4,71,e3e4:71;b5c6:49;g1e2:49;g1h3:25;b5a6:8;c3a5:5;h4g5:0;c3d2:-13
1n2nr1r/1pkpn1qp/1np5/N3pppN/3P3P/2P5/PP2PPP1/1NNK1RQR w - - 1 13,opening,h5g7,620,h5g7:620;a5c6:252;a5c4:179;b1d2:115;h4g5:113;g1h2:101;f2f4:101;b1a3:80
knrR2n1/1p3npq/1rppp3/Q7/2PPP2P/1P3P2/P3N1P1/KN1N1R2 b - - 0 17,opening,b6a6,242,b6a6:242;b8a6:605
1r1r1nb1/pkpp1p2/np1qp3/4Q3/2PP2pp/2N2P1P/PP2P1PN/K1R2RBB b - - 2 17,opening,g4g3,380,g4g3:380;d6e5:397;d6b4:464;d6c6:482;d6e7:520;b8c8:543;a6b4:546;f8g6:555
n2rk1nq/p2ppr2/3n1pp1/1pp1PN1p/7P/1N1P1PP1/Pn2K3/1RN2R1Q w - - 1 23,opening,e5d6,-216,e5d6:-216;f5d6:-329;f5e3:-361;g3g4:-424;b1b2:-458;h1g1:-470;h1h2:-472;e5e6:-491
br5r/pnkpp3/Qp2q1pp/2p1BpP1/1Pb1P3/1R4P1/P1PP1P1B/2KN1R1N b - - 10 17,opening,c7c8,-166,c7c8:-166;d7d6:-152;e6e5:-23;b7d6:-12;c7d8:16;e6d6:514;c7c6:99998
bkb1br2/p1p2P1q/2p3p1/2B1pp1p/1p1r3P/P1PP4/1P2PP2/BK1RBRB1 w - - 2 12,opening,f7e8b,-130,f7e8b:-130;f7e8q:-132;f7e8n:-132;f7e8r:-132;c3d4:-145;a3b4:-210;f2f3:-219;c5f8:-270
rr1b2k1/b3p1bb/1pqp4/p1pP1p1p/P1P3PP/1P1R2P1/R1B1P2B/3BQB1K w - - 1 18,opening,d5c6,581,d5c6:581;f1h3:420;g4g5:419;e2e4:414;g4f5:405;g4h5:405;d3f3:399;h2g1:375
rbqnrnkb/2ppp1pp/pp6/4Qp2/2P5/5P2/PP1PP1PP/RB1NRNKB b - - 1 4,opening,e7e6,-132,e7e6:-132;g7g6:-123;c7c6:72;b8a7:75;b6b5:81;d8f7:95;a8a7:108;f5f4:111
rbrb2bk/1ppbppq1/p5p1/P1Bp3p/1B2P3/3P1P2/1PP1B1PP/RBR3QK w - - 0 11,opening,e4d5,166,e4d5:166;c1e1:161;c1f1:143;g1f2:138;c2c4:136;c5e7:131;f3f4:129;b1a2:111
bkr3Bb/1p6/p1p2p2/P2rp1pp/2Pb2BP/3Q2P1/KP1q1P2/B2R2B1 w - - 0 20,opening,d3d2,566,d3d2:566;d1d2:379;g8d5:-70;d3a3:-107;c4d5:-141;d3h7:-241;d3b3:-306;d3e4:-314
rbr1b1bk/2ppbppB/p6p/1p2p1B1/2PP1P2/q7/PP2P1PP/R1RBBQK1 b - - 1 9,opening,a3d6,141,a3d6:141;a3e3:178;h6g5:265;g8h7:287;a3b2:300;f7f6:363;e7c5:365;e7f8:405
2n1b2b/1r1kp1pp/1rp2p2/pp3n2/1P1NPB2/P4PN1/q1PP2PP/RR1KQ2B w - - 5 16,opening,a1a2,697,a1a2:697;e4f5:633;d4b3:630;g3f5:623;b4a5:577;d4e2:557;e1g1:554;d4f5:530
n1k1rqr1/p1bp3p/1pB2p2/4p3/1Pn4p/P7/1b1PPPP1/NK2RQRB w - - 0 13,opening,e1c1,-432,e1c1:-432;e2e3:-483;c6d7:-491;c6b5:-492;a1b3:-494;b1c2:-512;c6d5:-516;b1a2:-522
nkb1rn2/1pqppQ1p/p1pb4/8/1P3p1P/P3P1p1/3PRPP1/1KBN2RB w - - 3 16,opening,f7e8,323,f7e8:323;f2g3:263;c1b2:71;e3f4:48;d2d3:29;d2d4:20;g1e1:13;d1c3:-34
nnqr1nkr/p3p3/1n1p4/1pN2ppp/1N1pPP1P/P5P1/1PPN3K/2QR1N1R b - - 3 13,opening,d6c5,-338,d6c5:-338;a7a5:-191;c8c5:-139;g5f4:-27;d6d5:-27;a8c7:-4;h8h7:-3;e7e5:-1
kbnrb1qr/1p1ppppp/p5n1/2p5/3P4/PNP5/1P2PPPP/KB1RBNQR b - - 0 4,opening,c5c4,-37,c5c4:-37;d7d6:-25;c5d4:-10;e7e5:76;f7f5:90;f7f6:129;g6f4:133;e7e6:139
b1kbrr2/1p1p2q1/6np/P1P1p1p1/PN2P1PP/5P2/1nP2N2/K2BRQR1 w - - 7 17,opening,a1b2,302,a1b2:302;f1b5:187;b4d5:152;h4g5:127;h4h5:120;e1e3:107;a5a6:93;c2c3:65
n4k2/p4r1r/1p3p1p/2pp1p2/1NPP2Pn/P4P2/3NPK1P/2R1N2R w - - 2 23,midgame,d4c5,520,d4c5:520;b4d5:513;c4d5:506;b4d3:499;b4c2:465;b4c6:461;b4a6:443;b4a2:430
3b4/rp1Q3p/qkp4n/p3pp2/P2n1bPP/2PPR3/1P3P1N/R1KBN2B w - - 0 22,opening,d7d8,760,d7d8:760;g4g5:537;c3d4:537;c1b1:503;a1a3:503;h2f1:447;g4f5:420;h4h5:403
qkrn1b1r/pp2p2p/2pp2p1/3b1pPn/8/1PP1PP2/P2P2BP/QKRNN1BR b - - 0 9,opening,c6c5,-63,c6c5:-63;f8g7:-54;d5f7:-48;b7b5:-42;a7a5:-37;d5e6:-31;h7h6:-22;d5g8:-17
rk1r1b1q/3b2pp/pp3p2/4p3/4n1n1/P2N1BP1/R1PPPPQP/1K1RB3 w - - 4 17,opening,f3e4,268,f3e4:268;h2h3:240;a2b2:66;a3a4:66;f3g4:58;d1c1:31;h2h4:11;e2e3:-1
rnnk1rqn/ppp2ppp/4p3/3p4/4n1P1/3N1N2/PPPPPP1P/RN2KRQN w - - 2 5,opening,f3d4,-12,f3d4:-12;h1g3:-42;b2b3:-46;h2h4:-50;e1d1:-52;b1a3:-59;a2a4:-60;e2e3:-65
rr2qk1b/p1ppp1pQ/1n1n4/1p6/PP2p3/3P2P1/b1P2PNP/RRN2KBB b - - 3 11,opening,a2b1,176,a2b1:176;a2g8:302;f8f7:366;d6c4:368;a2e6:372;a2c4:374;a2d5:374;a2f7:409
1k1rqr1n/2pppp1p/1p4pn/p3P3/1N4PN/5P1P/PP1Pn1N1/K1R1Q1RN b - - 1 15,opening,e2c1,-85,e2c1:-85;a5b4:363;b8b7:439;e2g1:485;c7c6:549;c7c5:563;d8c8:577;e2c3:586
qkbb1r1r/pppppppp/4Q3/1n6/P3nP2/8/1PPPP1PP/1KBBNRNR w - - 5 7,opening,e6e4,408,e6e4:408;e6e5:128;e6d5:125;e6a2:111;e6b3:107;e6h3:59;e6c4:44;e6g4:27
n1k1q1rn/pppp1rp1/7Q/4pp2/PnPP2P1/8/1PNNPP1P/2NK1RRN w - - 1 12,opening,h6e3,435,h6e3:435;h6h3:422;h6g5:401;h6h7:389;h6h5:382;h6h4:359;h6h8:-33;g4f5:-191
2nqk1nr/1p1pb1p1/2n2p2/r1QPp2p/N1P1P3/P7/1P2NPPP/R3KBNR b - - 0 11,opening,e7c5,-508,e7c5:-508;a5c5:-497;c6d4:-408;a5a4:-198;c6b4:-136;f6f5:-97;b7b5:-92;c6a7:-74
rnn1brkq/pp1pp3/2p4p/b4pp1/1NN5/7P/PPPPPPP1/R2BBRKQ b - - 0 7,opening,a5b4,-377,a5b4:-377;a5c7:-215;a5d8:-164;e8f7:-134;c6c5:-110;a5b6:-22;h8d4:122;b7b6:131
k1r1b1rb/2b2p2/p2p1bqp/1Pp1p1P1/3R3P/PP1P4/2B1PRP1/K2BB1QB b - - 0 16,opening,e5e4,-121,e5e4:-121;f6g5:-11;h6g5:26;a8b8:73;a8a7:75;c5d4:94;e5d4:99;f6g7:104
nk1brqrb/pp2pppp/1n6/2pp4/P6P/3NP3/1PPP1PP1/NK1BRQRB b - - 0 4,opening,c5c4,-126,c5c4:-126;e7e5:-104;e7e6:-87;g7g6:-52;b6a4:-36;g7g5:-23;b6d7:-10;b6c4:18
q1rrnknb/p1bpp2p/1pp5/4PpN1/8/PP6/2PP1PPP/QBRRNK1B b - - 0 6,opening,h8e5,68,h8e5:68;c7e5:165;h7h6:205;e7e6:229;a8b8:242;c6c5:270;g8h6:300;e8d6:312
r4nqn/pnk1r1pp/1npppp2/8/Pp2PPP1/2PPN2P/1P3N2/1RKR1NQN w - - 1 17,opening,c3b4,-17,c3b4:-17;b1a1:-53;h1g3:-57;f4f5:-61;d3d4:-67;f1d2:-71;g4g5:-87;b2b3:-93
rkbrq1bb/p1p1bp2/1p1p2pp/8/2PP2P1/P7/KPBRPp1P/R1B1QBB1 w - - 0 10,opening,g1f2,-24,g1f2:-24;e1f2:-45;d2d1:-732;e1d1:-764;c2a4:-809;f1g2:-854;b2b3:-873;c2e4:-875
2knnr1r/qpppp2p/5n2/p4p2/PnPP4/1P4Q1/4PPPP/1NKNNRNR b - - 0 8,opening,a7d4,-226,a7d4:-226;f6e4:-183;d8c6:-172;e8d6:-154;d7d5:-148;d8e6:-145;b7b5:-144;f5f4:-128
bknbr1rn/pppp1pp1/4p2p/8/2q4P/1P2P1N1/P1PPNPP1/BK1BRQR1 b - - 0 5,opening,c4h4,-48,c4h4:-48;c4b4:-16;c4a6:25;c4d5:54;c4c5:70;c4b5:71;c4c6:81;c4g4:93
n1b2n1r/2pp3p/k4q2/ppP1bpp1/3PNPP1/P3P2P/1P1NQ3/1KB1R1R1 b - - 4 19,opening,f5e4,454,f5e4:454;f6c6:593;f6d8:605;f6e7:614;f6g7:614;f6h6:625;f6e6:680;f6g6:693
knrbnrbq/2pp1ppp/4p3/pp5B/3P4/4P3/PPP2PPP/KNR1NRBQ w - - 0 4,opening,h2h4,183,h2h4:183;h5e2:176;c2c4:166;e1d3:166;e3e4:153;h2h3:151;h5f3:144;b1d2:126
br1qbkn1/2ppp1p1/p5n1/5p2/1p1P4/PPP2Q1r/2N1PPKP/BRB3NR w - - 2 17,opening,f3a8,-247,f3a8:-247;g1h3:-317;g2h3:-343;c3c4:-489;c1g5:-501;c2b4:-511;c3b4:-520;a3b4:-536
n1nrq2k/2ppp1rp/5p2/pp1P4/P1P2N2/1N2Pn2/1P4P1/1NR2NRK w - - 0 16,opening,g2f3,-476,g2f3:-476;a4b5:-600;b3a5:-612;b1c3:-628;c4b5:-635;c4c5:-644;b1d2:-648;b3d4:-686
q1bn1rnb/rppp1pp1/p3k2p/8/PPPPpPP1/4N3/1Q2P2P/R1BK1RNB b - - 4 9,opening,f7f5,414,f7f5:414;d7d6:429;b7b5:443;b7b6:476;f7f6:487;d7d5:499;a8b8:512;c7c6:552
1bb1nrrq/1N1k1pp1/pn1pp2p/8/1P2P2P/2P2PP1/P1NP1RQ1/1BBK2R1 b - - 2 14,opening,c8b7,-152,c8b7:-152;g7g5:187;b6c4:266;b8a7:297;e8f6:302;h6h5:306;b6a4:311;b8c7:325
1k2nr1r/2pp1n1p/1p3ppn/4p1P1/p4P1P/N3P1R1/PP3R2/QNN1K3 w - - 3 20,opening,g5h6,676,g5h6:676;f4e5:549;c1e2:531;b1c3:526;g3h3:520;g3g1:512;e3e4:505;b1d2:491
knr2rqn/2pp1p2/3Pp3/pp1n2pp/P2n1P1P/2N1PN2/1PP3P1/1KR1R1QN b - - 3 15,opening,d5c3,-345,d5c3:-345;d4f3:-324;b5b4:-154;d4f5:-127;d4c6:-95;f7f6:-48;c7d6:-43;b8c6:-36
knrn1qrn/1pp1ppp1/3p1n1p/p7/8/N1P1NP2/PP1PP1PP/K1R1NQRN w - - 2 5,opening,e1d3,111,e1d3:111;e1c2:111;h1f2:110;c1b1:105;f3f4:105;e3c2:105;d2d4:104;e3c4:103
1nq2bnr/rp1p1k1p/4p1p1/1n3p1N/pPp1P1PP/N4P2/P1PPN1BR/1R1QK3 b - - 5 15,opening,b5a3,-411,b5a3:-411;c8c7:-180;c8c6:-18;a7a5:-5;f8d6:33;b5d6:131;b5c7:138;g6h5:202
kr1b1brb/p1p1p1pp/1p6/Pb3p2/1PpPq3/6P1/4BP1P/KQR1BBRB w - - 0 9,opening,h1e4,612,h1e4:612;f1g2:577;a1a2:562;e2c4:554;e2f3:547;c1c4:528;a1b2:520;b1e4:509
1b1rqrnk/ppp1p3/1P2bpB1/3p2p1/2P3Pp/1P5P/3PPP2/N1BRQRNK b - - 1 8,opening,e8g6,-36,e8g6:-36;e8c6:289;e8d7:331;e6f7:426;f8f7:451;f6f5:599;d5c4:602;c7b6:622
nnrbr1q1/2ppp1kp/1p6/p4pp1/3bPP2/1N6/PPPPRQPP/1NRB2KB w - - 1 8,opening,b3d4,462,b3d4:462;f2d4:397;e2e3:-162;f4g5:-449;e4f5:-461;g2g3:-498;b1c3:-501;g2g4:-526
1kr3br/2p2Bpp/2b3qP/ppb1ppP1/4P3/2PP4/PP4PB/BK1RQB1R b - - 0 16,opening,g8f7,75,g8f7:75;g6f7:254;g6g5:358;g6d6:398;f5e4:577;g6h6:595;c6d5:595;b8b7:598
n1r3r1/n2n2pk/6qN/p2p3p/PPp4P/1N6/2PPPPPK/3RQ1R1 w - - 0 22,opening,h6g8,-231,h6g8:-231;d2d3:-376;b3c5:-390;f2f3:-396;b4b5:-402;b3a5:-406;c2c3:-408;d2d4:-410
n1k1rnr1/pp1p1ppq/n1p4p/8/4N1PK/3P4/PPn1PPRP/1NNRN2Q w - - 3 16,opening,e1c2,25,e1c2:25;e4d6:5;h4g3:-180;g2g1:-199;e2e3:-231;b1d2:-234;b1c3:-234;h2h3:-249
k1rn1nr1/p1p1qp2/np2p2p/Q2p2p1/2PP3n/N5N1/PPR1PPPP/K2N2RN w - - 0 10,opening,a5a6,445,a5a6:445;g3f5:28;a5a4:-23;a5b5:-58;a5d2:-87;a5c3:-126;a5e1:-127;a5b6:-665
bk1bqn1r/1ppp1ppr/n7/pN2p2p/P7/4P3/1PPP1PPP/B1KBQNRR w - - 4 9,opening,b2b3,-74,b2b3:-74;e3e4:-78;c1b1:-81;h2h4:-82;d2d3:-83;f2f3:-88;h2h3:-89;d1e2:-101
nbr2rk1/2ppqRp1/4p3/p2P4/P6P/6p1/1PPBP3/NB1R2NK w - - 1 19,midgame,f7e7,273,f7e7:273;d5e6:-524;f7f8:-544;f7g7:-570;g1f3:-571;d2g5:-580;g1h3:-608;f7f6:-628
nq1kr1rn/1p3p1n/3pp3/p5pN/nP2P1P1/1Q1N4/2PP1P1P/N2K1R1R b - - 1 20,opening,b7b5,-147,b7b5:-147;a4b6:-135;f7f5:62;b8c7:96;a8b6:116;d8e7:145;h8g6:154;a5b4:164
rbb4q/1p1br1b1/p1ppp1kp/B5p1/2BP4/2P1p1P1/PP1B1PQP/R2R1K2 b - - 1 17,opening,e6e5,-498,e6e5:-498;e3d2:-412;g7f6:-410;h8e8:-407;g6h7:-391;d6d5:-387;g6f7:-384;b7b6:-382
r1b1kqb1/1p3pb1/4p3/p1Pp2p1/P5PR/5PB1/1P1PP1P1/R1BQKB2 b - - 2 12,opening,g5h4,450,g5h4:450;e6e5:525;f7f5:531;f8c5:561;g7d4:567;a8a6:571;d5d4:572;f7f6:591
rb3bkq/2p1rbp1/1p1ppp1p/p4B2/P1B1P3/2P3P1/1P1P1P1P/1RBRBbKQ b - - 4 17,opening,f1c4,-507,f1c4:-507;e6f5:-112;f1e2:59;c7c6:147;c7c5:171;d6d5:177;b6b5:180;g7g6:185
2k1n1nr/1pppp2r/n2P1ppp/6P1/p2nP3/P3NP1P/1PR1q3/QNK1N1NR w - - 1 15,opening,c2e2,-138,c2e2:-138;g1e2:-189;c2c7:-303;c2c3:-579;b1d2:-589;b1c3:-672;b2b4:-730;a1a2:-738
q1rnr1kb/pppppp1p/n6b/6p1/7P/NP6/P1PPPPP1/Q1RNRBKB b - - 0 4,opening,h8a1,-564,h8a1:-564;g5h4:-272;g5g4:-214;a8b8:-160;e7e6:-152;c7c6:-148;h8f6:-128;d8e6:-117
rr4kn/pp4pp/bb2p1n1/2ppqp2/4PPPP/P2P4/1PB5/RR1QBNKN b - - 0 14,opening,g6f4,-407,g6f4:-407;c5c4:-347;e5f4:-274;e5f6:-251;e5d6:-240;e5c7:-233;e5d4:-212;f5e4:266
bqkb1rbr/1ppp1pbp/p3p3/6p1/1P6/2QP3P/P1PKPPP1/B2BRBBR w - - 2 7,opening,c3g7,548,c3g7:548;d3d4:7;c3a3:-86;c3b3:-151;c3c5:-259;c3c4:-279;h3h4:-389;e2e4:-413
k2r2rb/np1qnp2/pp5p/4P1p1/PP6/2P5/4PPPP/1K1RQBRB b - - 0 15,opening,d7d1,-659,d7d1:-659;d7a4:-620;d7e6:-509;d7f5:-502;d7c6:-495;e7d5:-461;d7c7:-435;d7c8:-395
2rk3n/ppp3q1/1N1pr2n/4RP2/1P1P1P1p/P2P4/6PP/R2K1QNN w - - 1 18,opening,b6c8,467,b6c8:467;b6c4:427;e5e6:424;f5e6:421;b6d5:377;f1e1:350;b6a4:347;f1f2:339
n1r1r1Bk/2bpb1pp/ppp3n1/4p3/7P/4Pq2/PPPPQPP1/NB1RR1NK b - - 6 11,opening,f3e2,-346,f3e2:-346;f3f6:-101;f3e4:-53;f3f5:4;f3f8:223;f3g2:405;f3f2:454;e8g8:461
1bbkqbr1/p1p1p1p1/1p1p2B1/5pQ1/2P1bP2/8/PP1PP1PP/B1BK1BRR b - - 3 8,opening,e8a4,291,e8a4:291;e8c6:394;e8d7:430;e4c2:599;e8g6:651;d6d5:666;g8h8:686;b6b5:699
qrb2b1r/p3p1k1/1p2n1pp/2pp1p2/2P1n3/PP2PN1P/1N1P1PP1/QRB2BKR b - - 1 11,opening,g7h7,27,g7h7:27;c8b7:38;h8g8:39;d5c4:67;d5d4:72;c8a6:74;a8b7:82;a7a6:89
rrb1n2k/p1bpp2p/1pp2pn1/1P4P1/5PP1/P4q2/R1PPP1NN/1RBB1Q1K b - - 2 12,opening,f3f1,-38,f3f1:-38;f3d5:177;f3e4:198;f3g3:416;f3h3:468;f3g2:490;f3f4:544;f3g4:620
rr1nk3/p2p1pbp/3P2pn/2p1P3/Pp2Bb2/QP1K3P/N1P1P3/R2R3B b - - 0 19,opening,b4a3,-203,b4a3:-203;c5c4:-87;d8e6:47;g7e5:143;a7a5:185;h6f5:219;d8c6:232;f4e5:237
rnbkq1nr/pppp1pp1/4p2p/1N6/1b3P2/8/PPPPP1PP/R1BKQBNR w - - 2 4,opening,a2a3,45,a2a3:45;e2e4:42;g1f3:34;e1g3:32;b2b3:17;h2h3:12;b5c3:-4;c2c3:-11
1bkbb2r/1pp2p2/r2bp3/p2p4/P7/R4B1P/1PPP1PP1/1B1KBR1B w - - 3 22,opening,a3a2,-25,a3a2:-25;a3a1:-51;a3b3:-134;a3e3:-135;f3e2:-143;a3c3:-168;a3d3:-183;f3d5:-295
1rbkb1nr/qpppn3/5p2/p3p1pp/P4PP1/1P2PK2/1QPPN2P/1RB1BN1R b - - 1 9,opening,g5f4,-346,g5f4:-346;b7b6:-345;h5g4:-336;d7d6:-335;e5f4:-302;b7b5:-289;a7a8:-279;h8h7:-266
rb1qk1br/ppp1pppp/1n2n3/3p4/3P4/P5P1/1PP1PP1P/RBNQKNBR w - - 0 4,opening,c2c3,-2,c2c3:-2;a3a4:-12;f2f3:-22;e2e3:-23;f2f4:-27;b1a2:-46;h2h4:-46;c1b3:-47
2nr2r1/pNp1ppk1/n2p2n1/3P3p/5P1P/PPp1P3/3N1NK1/4RR1N b - - 3 19,opening,c3d2,1,c3d2:1;a6c5:167;g6h4:173;c8b6:196;d8f8:259;g7f8:271;g6f4:275;d8e8:278
bb2kbr1/p4prp/1p1pb3/2pPq1pP/2K1P1PR/4Q3/PPP3B1/BBB3R1 w - - 0 18,opening,h4h1,-116,h4h1:-116;h4h3:-141;h5h6:-222;h4h2:-325;b2b4:-350;c1d2:-379;b2b3:-393;g2f3:-399
rrq1k3/pnp4p/1b2p2n/1p1p2p1/2P2Pp1/bPNPP2P/P5PK/RRQ2B1B w - - 2 15,opening,c1a3,-163,c1a3:-163;c1e1:-325;c1c2:-340;c1d1:-361;c1d2:-402;b1b2:-512;f4g5:-592;c4d5:-613
kr3rbq/p2pp1pp/2pnb1n1/8/1B1P1PpP/1N3N2/PPP1P2B/KR4RQ b - - 0 14,opening,b8b4,-403,b8b4:-403;e6b3:-296;g4f3:-296;e6f5:-209;d6f5:-204;g6f4:-155;d6e4:-146;d6c4:-133
n1kr4/pN1n1p1n/1p1pp1rp/1P4p1/3P1P2/1n4PP/P1P1P3/1K1RN1RQ b - - 4 17,opening,d6d5,653,d6d5:653;b3a5:658;d7f6:664;b3d2:678;b3c5:683;c8b8:708;d7c5:711;d7b8:721
nrn1k2r/1n1p1n2/pp3ppp/P1p1p1P1/3P1R2/qNN5/NPPKPP1P/1R3Q1N b - - 1 14,opening,a3b3,202,a3b3:202;a3a2:258;c5d4:335;e5f4:369;c5c4:376;h6g5:407;a3b4:410;a3a5:423
q2nnrnr/pkp1p1p1/n7/1p1p1p1p/3N4/4P1P1/PPPP1P1P/QNKNNR1R w - - 0 7,opening,e1d3,123,e1d3:123;d4b5:116;b2b3:84;a2a3:84;b2b4:80;b1c3:47;f2f4:38;d4f3:20
N2q3r/pn3kb1/b6n/4pp2/PP1p1P1p/2P5/2RPN1PP/B1K2B1R b - - 1 22,opening,d4d3,-566,d4d3:-566;a6e2:-510;b7c5:-485;d8a8:-472;h8e8:-467;d8d7:-464;a6d3:-456;e5e4:-448
b2brbrk/1pqppppp/2p5/p7/PP3P2/3P2b1/2P1P1PP/BBQBRBRK b - - 0 5,opening,g3f4,-348,g3f4:-348;g3e1:-308;c7d6:-299;e7e5:-281;b7b5:-215;g3f2:-211;b7b6:-203;a5b4:-202
qb1rknnr/ppp1p1pp/3p4/5p2/4P1b1/1P3P1N/PQPP2PP/1BBRKN1R b - - 0 5,opening,g4h3,128,g4h3:128;d6d5:323;g4h5:353;e7e5:396;h7h5:400;g8f6:407;a7a5:410;f8g6:417
3rrkqb/ppbp1ppp/n2p4/2p5/n1P5/4PPPP/PP1P4/N1RBRKQB b - - 0 9,opening,a4b2,-369,a4b2:-369;a4b6:-358;c7a5:-286;a6b4:-171;g7g5:-164;b7b5:-162;g7g6:-128;d6d5:-116
3r1b2/r1pb1pkp/1b1pp3/p4qpP/P1P1P1P1/3PB2K/B2RPB2/R4B1Q w - - 1 23,opening,h5h6,712,h5h6:712;e4f5:702;g4f5:695;e3d4:589;e3b6:562;c4c5:547;h1g1:493;d3d4:467
q2k3r/2pnn3/r6b/pp4NP/PPPpp1Bn/3P4/3NKP1P/R1N2QR1 w - - 1 21,opening,a4b5,287,a4b5:287;g5f7:262;g4d7:228;g5e4:222;d2e4:205;c4b5:187;f1h3:132;d3e4:128
1qrb2rb/2pk1pbp/pp1pp3/P2b2p1/5PBP/6P1/1PP1PK2/BQRB1BR1 b - - 3 11,opening,g5f4,-310,g5f4:-310;g7d4:-284;b6b5:-251;b6a5:-241;h7h5:-236;g5h4:-220;b8a7:-199;f7f5:-168
kr3Bb1/1pppnP2/4q3/p5pb/P2n4/2P2P2/1P1BPN1P/KRN1R2Q b - - 0 17,opening,d4c2,-99999,d4c2:-99999;d4b3:116;h5f3:132;e6c6:203;e6b3:217;e6c4:248;h5f7:326;e7c6:332
q1r1rbkb/2pppppp/n7/1P6/p4P2/3BP2P/P1nP2P1/QNRNR1KB b - - 2 9,opening,c2a1,-372,c2a1:-372;c2e1:-342;g7g6:-315;g7g5:-295;c2b4:-3;c2e3:161;c7c6:194;a6b4:232
rb1nr3/pppqkp2/5bpp/3pp1Q1/P2P1n2/1BP1PP2/1P4P1/R2NRNKB b - - 0 14,opening,h6g5,-612,h6g5:-612;f4h3:-599;f4e2:-581;f6g5:-527;f4d3:-313;d8e6:-244;h6h5:-224;c7c6:-214
kn2rrn1/pqp2p2/1p1p2p1/1b2p3/PP3P1p/4NN2/1bPPP1PP/1KQRBR1B w - - 0 12,opening,c1b2,302,c1b2:302;b1b2:264;a4b5:-115;f4e5:-127;g2g4:-170;g2g3:-210;f3h4:-219;f3e5:-245
nbbr1rnk/ppp1ppp1/2q5/3p1P1p/8/4P3/PPPP2PP/NBBRQRNK w - - 1 4,opening,c2c4,167,c2c4:167;d2d3:150;a1b3:133;d2d4:128;c2c3:125;b2b3:124;e1h4:109;g1f3:92
rB1b1rbq/3p2pp/kpp1pp2/p2n1PnB/1P2P2P/2N5/P1P3P1/KR2N1RQ b - - 2 17,opening,d5c3,-357,d5c3:-357;g5e4:-194;a8b8:-63;a6b7:-46;e6f5:-35;d5b4:-24;d5c7:43;a5b4:128
nkb2rrb/2p1ppp1/8/ppn4p/3p1B1P/PPPP2q1/4PPBN/NK1Q1RR1 w - - 0 14,opening,f2g3,612,f2g3:612;f4g3:519;d1c1:256;d1d2:197;e2e3:176;b3b4:-17;c3d4:-118;g2a8:-205
1r3qB1/1r1pp1kb/p1p3p1/bpB2p1p/1P3P1P/2PR2P1/1b1PP3/2RBQB1K b - - 0 23,opening,f8g8,255,f8g8:255;d7d6:263;h7g8:274;b2c1:281;a5b4:298;a5d8:333;a5b6:335;a5c7:338
rn1nr3/1p1Pnnpq/k1p1p2p/p7/4pN1P/PN6/1PPPKPPQ/RN5N b - - 0 19,opening,b8d7,-443,b8d7:-443;e8h8:-365;e8g8:-359;e8f8:-324;f7d6:90;h7h8:128;h7g8:131;e7f5:488
1qb2n1r/1Qpp1kpb/5p1p/pp2r2P/1Pn1p3/P1P1P3/1B1P1PP1/NR2KNBR w - - 6 16,opening,b7b8,497,b7b8:497;f2f4:-616;b7c8:-626;d2d4:-638;d2d3:-660;b7c7:-710;a1b3:-722;g1h2:-741
rbbrbk2/1p1p3p/p1p4b/8/PP5p/B1P1Pq2/B2P1PP1/R2RBBKQ b - - 1 14,opening,f3h5,264,f3h5:264;f3f6:312;f3f5:333;f3g4:389;f3e4:412;h4h3:486;d7d5:509;f8g7:573
nqnkrrnn/2pppp1p/8/pp4p1/3P2Q1/2P5/PP2PPPP/N1NKRRNN w - - 0 5,opening,e2e4,92,e2e4:92;g4g5:85;h1g3:71;c1d3:68;a1c2:61;d1c2:43;g1f3:41;a1b3:31
qbr1bkr1/ppppppp1/4n1np/8/2P5/6P1/PP1PPPRP/QBRNBK1N w - - 0 4,opening,f2f4,168,f2f4:168;b2b4:102;d1e3:101;b1e4:98;b2b3:95;c4c5:80;e2e3:79;d1c3:76
nnq1k1rn/1pr5/p2p1p1p/1Pp1pPP1/P1P1P3/2NN1P1K/N1RP1N2/3Q2R1 w - - 2 22,opening,c3d5,593,c3d5:593;g5f6:553;g5h6:553;f2g4:520;f3f4:515;a2c1:499;h3h2:498;c3e2:496
bbq1krrb/ppp2ppp/5b2/3pp3/4P3/3P1P2/PPP3PP/BBQBKRRB w - - 1 4,opening,c2c4,-84,c2c4:-84;b2b4:-87;e1e2:-87;g2g4:-89;e4d5:-90;g2g3:-94;a2a3:-106;c2c3:-112
n2r1nkr/2pn1p1p/p2p1np1/1p1N1q2/PP2p3/2P4P/3PPPP1/NNQR1KR1 b - - 3 15,opening,f6d5,-606,f6d5:-606;f5d5:-594;f5e5:-465;d8e8:-441;f5e6:-437;f5h5:-435;g8g7:-433;f5g5:-414
2n2b1r/rkq3p1/p2Pp3/Rp3p1p/2bP1P1P/8/2P1PKPN/1BBQ1B1R w - - 0 21,opening,d6c7,711,d6c7:711;a5b5:467;a5a6:317;a5a1:286;c1d2:260;d1e1:258;a5a3:247;d6d7:246
2rbbrkq/p1np1ppp/3np3/1pp5/P1PPP3/6PP/NP1N1P1K/2RBB1RQ b - - 0 12,opening,d6c4,149,d6c4:149;f7f6:210;b5b4:223;e6e5:225;c8b8:229;b5a4:230;d6b7:265;g7g5:278
r4rbq/k2bpp2/pnp5/1pp2Rp1/2PPP1Pp/PP3NB1/7P/K1R3BQ w - - 0 19,opening,g3e1,196,g3e1:196;g3c7:160;g3e5:141;g3f2:136;f5c5:-30;f5g5:-71;h1g2:-81;g3h4:-84
b1r1r2b/kp2p2p/2pp2p1/P3bp2/P7/1K2P2P/2PP1PP1/2BRR1QB w - - 0 13,opening,f2f4,465,f2f4:465;d2d4:460;c2c3:450;c1b2:438;c1a3:438;g2g4:436;c2c4:425;g2g3:421
1r2kbnr/b1p3p1/1P2pp2/3p3p/3P4/2K1P3/P1PB3P/RB2QBNb b - - 3 18,opening,b8b6,250,b8b6:250;a7b6:264;c7b6:349;f8a3:461;f8b4:482;b8a8:482;b8b7:486;f8d6:502
kr2r2n/2p2ppq/pR1p1n1p/2Pbp3/P2BP1BP/b2P2N1/2N2PPQ/K4R2 b - - 10 18,opening,c7b6,-321,c7b6:-321;f6g4:-217;d5b7:-165;b8b6:-156;e5d4:-123;a3b2:-82;a3c5:-67;d5c4:15
qrkr1n2/pp1pppp1/2pn2n1/4N2p/4P1nP/5P1N/PPPP2P1/QRKR1N1N w - - 2 7,opening,e5g6,302,e5g6:302;f3g4:118;e5d3:96;e5f7:95;e5g4:25;d2d4:-33;e5d7:-82;e5c6:-95
1n1r1rk1/3pppp1/1p4n1/1p2P3/8/2PP1nNp/QP3KPP/1N5R b - - 1 23,midgame,f3e5,-190,f3e5:-190;h3g2:-106;f3h4:-73;f3g5:-62;b8c6:257;b8a6:260;b5b4:263;g6f4:273
rrbb3k/p3ppq1/n3n3/1p1p2Pp/1P1p2P1/P1P1PP2/3B2QN/RR1BN2K b - - 2 14,opening,d4c3,-181,d4c3:-181;d4e3:-66;e6g5:61;h5g4:61;d8c7:66;b8b6:117;a6c7:152;h5h4:203
rnbqk2r/pppppp1p/5npb/4N3/8/2P5/PP1PPPPP/RNBQKBR1 b - - 2 4,opening,c7c5,-89,c7c5:-89;d7d6:-75;h6g7:-65;a7a5:-50;c7c6:-49;d7d5:-48;a7a6:-47;b8a6:-35
qnnnrrkn/5ppp/3p4/pNp5/PP3R2/2PN2N1/3PP1PP/1Q1NR1K1 b - - 0 12,opening,d8e6,172,d8e6:172;c5b4:187;a8c6:233;b8a6:241;a8b7:258;e8e7:288;a5b4:298;c5c4:322
bbb1kbrr/pp2pppp/3p4/1qp5/8/BP6/PBPPPPPP/1B1KQBRR w - - 4 5,opening,e2e3,107,e2e3:107;d2d4:107;c2c4:102;e2e4:91;h2h4:82;c2c3:73;f2f3:72;d1c1:67
1n1kq2r/r1p1ppbp/p6Q/1P4pn/1P1pPPb1/3R3N/2PP1KPP/1NB2B1R w - - 5 18,opening,h6g5,284,h6g5:284;b5b6:193;h6g7:-414;c1b2:-453;d3d4:-457;f1e2:-468;h6h5:-471;f4g5:-474
1bb1kb1r/4q1pp/r7/1pp2p2/pP1PnP2/P1BP2P1/2P1NQ1P/RB3K1R w - - 1 23,opening,d3e4,-81,d3e4:-81;f2f3:-372;f2g2:-396;f2e3:-419;f2e1:-431;f2g1:-446;d4c5:-482;b4c5:-545
rr2n1bk/1pbpq1pp/p1n5/2N1pp1P/4PNP1/P7/1PPP1P2/RR1B1QBK b - - 3 13,opening,e5f4,-482,e5f4:-482;f5g4:-382;c7d6:-351;b7b6:-333;f5e4:-329;d7d6:-318;b8d8:-317;b8c8:-308
rnn5/pp2rppp/3kp1nn/N1p1q3/P7/1N1P4/1PK1NPPP/R4Q1N b - - 5 21,opening,d6d7,-425,d6d7:-425;e5h2:-387;d6c7:-374;c8b6:-336;e5g5:-295;e5f6:-293;e5h5:-291;e5f5:-235
r4krn/qpp1ppp1/1N6/p6p/2P1PPnP/5N2/PPn1K1R1/RQN4N w - - 1 20,opening,b1c2,239,b1c2:239;g2g3:101;c4c5:5;b6d5:-102;g2g4:-129;g2f2:-149;b6a8:-150;c1d3:-150
qr1rnnnn/p1p1p1pp/1pkp1p2/8/3P1P2/8/PP2P1PP/QRKRNNNN w - - 0 6,opening,e2e4,-109,e2e4:-109;b2b3:-121;h1g3:-126;h1f2:-127;d4d5:-132;g1f3:-136;g2g4:-136;a2a4:-143
kr3qnb/4nbp1/rpp1p3/p2PN2p/P2P2p1/1P2BB1N/1R2PP1P/R2K1Q2 b - - 4 17,opening,g4f3,17,g4f3:17;f7e8:29;a6a7:31;g7g5:63;g7g6:87;e6d5:98;g8f6:118;e7d5:150
nnrk1n2/1R2pn1p/6r1/2p5/1Q1PPppq/2N2PP1/P1N5/4KNRN w - - 8 23,opening,b4a5,565,b4a5:565;b7d7:223;b4b3:189;d4c5:146;b4b5:125;b4b2:93;b4a3:83;b7b8:80
1br2bk1/2bq2pp/r2p4/p1p1P3/1p2PQ1P/2PB3b/1P3PP1/RB2R1BK b - - 9 22,opening,d6e5,-177,d6e5:-177;h3g2:-63;a6c6:-28;a6b6:9;a6a7:32;a6a8:65;c8d8:151;h3e6:192
kr1nbr1q/pp1pppp1/7p/2p2b2/6P1/nN1P4/PP1BPP1P/KR1NR1BQ b - - 3 8,opening,a3c2,-99999,a3c2:-99999;f5e4:-497;a3b1:-243;f5d3:-114;g7g5:121;g7g6:145;f5g4:175;d7d6:227
bbqrk1r1/1pp2n1p/3p2p1/p3Pp2/P1n4P/3KP1N1/1PP2PP1/BBQ1R1RN w - - 0 10,opening,d3c4,117,d3c4:117;b2b3:-16;d3e2:-88;e1d1:-92;e5e6:-121;g3f1:-130;b1a2:-140;e5d6:-146
r5kq/p1P2rp1/3p1p1p/bp2p2b/B1n5/2PN4/PP1BPKPP/1R3R1Q b - - 1 16,opening,h5g6,-362,h5g6:-362;c4d2:-359;b5a4:-351;a8c8:-349;h8h7:-298;a8f8:-293;g8h7:-283;h5g4:-274
rqbrk1bn/pppppppp/8/P7/8/1n3P1P/1PPPP1P1/RQBRKNBN b - - 0 4,opening,b3a1,-141,b3a1:-141;b3c1:33;f7f6:284;f7f5:319;d7d5:338;b3a5:365;b7b6:371;b3d2:381
nr1krq1n/p1pnp1p1/5n2/3pP2p/1Pp4P/1N4P1/P1PP1P2/R1K1R1QN b - - 0 17,opening,c4b3,-498,c4b3:-498;e7e6:-472;b8b6:-451;d7e5:-446;f6e4:-433;b8b4:-426;c7c5:-424;d8c8:-421
bk1qr1r1/1pp4p/n3n2Q/3pp1p1/7b/2P1P3/PPKP2RP/BN1RN2B b - - 0 18,opening,d8d7,-265,d8d7:-265;b7b6:-262;e5e4:-255;b7b5:-242;d5d4:-241;g8f8:-231;h4e1:-230;d8d6:-225
q1kb1r1b/ppp1r1pp/4pp2/2nP4/1P1PP1nP/2Q2P2/P1K3P1/1N1BRRNB b - - 0 10,opening,c5a4,281,c5a4:281;g4h2:332;c5e4:391;g4e3:396;f6f5:413;c5d3:413;c5d7:422;e6d5:429
rbk2rq1/4pppp/pp2nn1N/1Rp3P1/1Pb2P1P/2P5/P2P1B2/RB1K2NQ b - - 0 18,opening,c4d5,-72,c4d5:-72;g7h6:16;g8h8:271;f6g4:353;c4b5:393;f6d5:414;a6b5:431;a8a7:463
1krn1bbr/p1nppppp/2q5/1p6/Pp2P3/3B1N2/1NPP1PPP/QKR3BR w - - 0 9,opening,f3e5,240,f3e5:240;f3d4:39;h2h4:32;c1f1:19;h2h3:19;c2c4:10;c1e1:-26;g2g3:-34
nq1kr1rn/2pppppp/7n/pp6/3P4/PNn2PP1/1PPKP2P/1QN1RRNN w - - 1 8,opening,b2c3,373,b2c3:373;d2c3:274;b1a1:56;c1d3:-578;b1a2:-583;b3a5:-592;d2d3:-596;c1a2:-605
bbqbrbrk/1p6/p1p1ppp1/1B1p2Qp/3PP3/5P1P/PPP3P1/BB1BR1RK b - - 1 8,opening,f6g5,-580,f6g5:-580;c8c7:-558;d5e4:-426;a6b5:-380;c6b5:-372;h8h7:-370;b7b6:-341;e8e7:-330
q1rbrn1b/pBpkpppp/7n/3p4/6P1/1P2P1N1/P1PP1P1P/QRKBR1N1 w - - 1 6,opening,b7a8,696,b7a8:696;g3e4:437;b7c8:419;b7a6:259;g3f5:204;b7d5:193;g4g5:180;g1f3:87
knrn2n1/3p1pp1/pppQq1nr/4P2p/NP3P2/P6N/2P1P2P/K1RN2RN b - - 4 16,opening,e6h3,-47,e6h3:-47;a8a7:118;a8b7:139;e6d6:150;e6f5:330;g6f4:363;b6b5:371;g8e7:390
4qbkr/p2pp2p/b1rnn3/1ppN1pp1/1PP2P1P/2B5/PN1PP1P1/QR3BKR b - - 2 15,opening,d6e4,149,d6e4:149;g5g4:161;g5f4:164;a6b7:177;c6c8:179;c5b4:186;b5c4:191;e6d4:213
1n1bbr1q/r1pp3k/1n3ppp/PP2p3/P3PP1B/2N2R2/3P2PP/N2B1RKQ b - - 10 17,opening,b6c4,298,b6c4:298;a7a5:308;b6a4:352;d7d5:374;c7c6:421;e5f4:421;b6c8:422;h6h5:436
4r2n/ppkpp2p/1nN5/1nP2pp1/4P3/P2P3n/3K1NPP/NN1R1R2 b - - 0 21,opening,h3f2,423,h3f2:423;b6a4:460;h3f4:515;c7c6:527;b7c6:545;b6c8:563;f5e4:575;b6a8:576
2rnrn1n/kp1p1p1p/n1p1p1p1/pPqP4/P3P3/2N1N2P/2P2PP1/KNR1RN1Q b - - 0 12,opening,a6b4,189,a6b4:189;e6d5:215;a6b8:235;a6c7:235;c6b5:253;f7f5:267;c5d4:291;c6d5:310
k1n1nrr1/p1p3N1/n1Npnp1p/8/pP1Pp1q1/2P2P1P/4P1P1/K1NQNRR1 w - - 3 16,opening,h3g4,729,h3g4:729;f3g4:704;d1a4:398;c6d8:315;g7e6:272;g7e8:227;d4d5:158;b4b5:124
r1qnnkrn/1ppp1ppp/3np3/p7/3P2PP/2P1N3/PPQ1PPK1/R1N1N1RN b - - 2 7,opening,c7c5,69,c7c5:69;h8g6:73;b7b6:78;h7h5:95;f7f6:96;g7g6:111;h7h6:114;a5a4:118
kbrbr2b/ppp2qp1/3Pp1b1/5p1p/PPR2P2/8/3PPRPP/KB1BB1QB b - - 1 8,opening,d8f6,-148,d8f6:-148;e6e5:-112;f7d7:-90;g6h7:-81;c7c6:-77;d8h4:-62;c7c5:-54;a7a5:-28
knn1nr1n/1ppqp1rp/p2p1p2/6p1/2P1PN2/PQN5/1P1P1PPP/K3NRRN b - - 2 7,opening,g5f4,-491,g5f4:-491;f6f5:-8;c7c5:-6;b8c6:5;e7e5:12;h8g6:13;e7e6:22;g7f7:36
rnk1rqnn/4pp2/1npQ2p1/pp5N/8/PPN2P1P/R1PPP1P1/2NKR1N1 w - - 1 14,opening,d6d4,233,d6d4:233;d6e5:173;d6f4:108;d6d3:-95;d6c5:-130;d6g3:-169;d6h2:-188;h5g7:-539
qrkr1nnn/2pn1ppp/pp2p3/3p4/2PP1N2/P3PPP1/1P5P/QRKRNN1N b - - 0 10,opening,d5c4,-97,d5c4:-97;g7g5:-75;a8c6:-24;g8e7:-22;h8g6:-11;f8g6:10;a6a5:34;h7h6:36
qbknrnr1/p1pp1p1p/1p6/4p1p1/P2b2P1/2NP1P2/1PP1P2P/QBK1RNRB b - - 0 5,opening,d4g1,-338,d4g1:-338;d4f2:-182;f8g6:-82;d7d5:-81;f8e6:-80;c7c6:-78;d4c3:-77;a8b7:-64
rn1k1rqn/p1p1npp1/3p3p/1p2p3/1P2n3/2N1PPPP/P1PPKR2/R1N1N1QN b - - 0 8,opening,e4c3,-228,e4c3:-228;e4f2:-227;e4f6:87;e4g5:134;e4d2:149;a7a5:190;e4g3:265;e7d5:275
1qr1kb1n/b1p1p1p1/p1n1B3/3p1p2/1P1P3P/p1P1NP2/3QP1P1/2R1KBRN b - - 2 12,opening,a6a5,399,a6a5:399;c8d8:424;g7g6:428;h8g6:451;f5f4:453;h8f7:461;c6d4:463;c6b4:468
2qnbr1k/3pp3/p2n2rp/Ppp2pp1/3Pb1P1/1PP4P/1B1B1P1K/1QNN1R1R b - - 0 13,opening,e4b1,-638,e4b1:-638;c8c7:-532;c8b8:-518;h8g8:-480;f5g4:-473;h8h7:-452;d6c4:-443;c5c4:-427
3krr2/np1p1np1/nnq4p/6p1/2pN3P/p3PPQ1/PPPPN1P1/3K1RR1 w - - 15 23,opening,d4c6,58,d4c6:58;b2a3:-504;h4g5:-517;f3f4:-519;g1h1:-522;b2b4:-525;b2b3:-551;h4h5:-566
1r1k1rnq/npp2p2/pn1pn3/1P2Q1pp/P1PPP3/4N2P/N4PP1/NR2KRN1 b - - 0 11,opening,d6e5,-663,d6e5:-663;h8h6:-12;g8f6:-4;h8e5:24;h8h7:66;h8f6:130;g8e7:217;h8g7:234
b2rb1nr/pp2ppk1/7p/P3nPp1/1Qqpp1P1/1P6/2N1N2P/BR2BK1R w - - 1 18,opening,b3c4,498,b3c4:498;f5f6:354;b4c4:351;c2d4:-46;a1d4:-151;b1c1:-227;b4d2:-231;c2e3:-264
1nk1rqnn/pp1rpp1p/2p5/3p2N1/2n5/1P1PP1P1/P1P2P1P/NNKRRQ1N w - - 0 7,opening,d3c4,224,d3c4:224;b3c4:194;d3d4:170;f2f4:168;g5h7:154;e3e4:146;c2c3:133;f1h3:125
b1bbk1rr/3p4/2p2p2/pq2p1pp/P1P1PPP1/P2K3B/3P3P/BQBB3R b - - 0 12,opening,b5b1,-777,b5b1:-777;b5c5:-178;b5a6:-127;b5b7:-45;b5b6:73;h5g4:125;g5f4:348;c8b7:372
knnqr1nr/4p1pn/7p/pppp1pP1/5P2/P1N1NN2/1PPPP2P/K1NQRR2 b - - 1 10,opening,d5d4,113,d5d4:113;c8d6:148;b5b4:170;h6g5:201;e7e6:218;b8c6:261;e7e5:266;h7f8:275
qbbrr2n/k2p2pp/p6n/1Pp2pNP/5P2/3Pp3/PPKRP1P1/Q1BR1B1N b - - 0 14,opening,b8f4,-448,b8f4:-448;a8b7:-397;h8f7:-386;h6f7:-379;a8d5:-371;h6g4:-359;e3d2:-344;a6b5:-339
b6Q/qprp1k2/p1p3pb/7p/P4PPP/bP1PP2K/1R6/BR1B4 b - - 2 21,midgame,a7e3,167,a7e3:167;a3b2:335;h6g7:352;h5g4:391;a3f8:417;c7c8:484;d7d5:493;a7c5:507
rk2rnqn/pp2pppp/2p1n3/3p1n2/1PP5/P4P2/3PP1PP/RKNNRNQN b - - 1 6,opening,d5c4,-43,d5c4:-43;a7a5:-36;f7f6:-26;f8d7:-15;h8g6:-14;h7h5:7;g7g5:22;b7b6:43
r2kqbnr/pbppp1p1/1pn2p2/1P5p/4P3/2N4P/P1PPBPP1/R1BKQ1NR b - - 2 6,opening,c6d4,-49,c6d4:-49;c6a5:-26;c6e5:31;c6b8:43;c6b4:232;e7e5:310;e8g6:347;f6f5:349
2Nr2kr/p1np1p1n/1q4p1/1ppnpP1p/P1P1P2P/3P2P1/2NNK3/N1Q1R2R w - - 0 22,opening,c8b6,653,c8b6:653;e4d5:425;c2e3:386;c4d5:374;c1b2:357;c1a3:343;e2f2:330;e2f1:322
1qkbrb1r/3pp1pp/p1p2p2/1p1b4/4b3/1P3PPP/PKPPP3/BQ1BRBBR b - - 2 7,opening,b8g3,-326,b8g3:-326;b8e5:-273;d8a5:-239;e7e6:-199;d8c7:-181;a6a5:-178;b8d6:-129;h7h5:-127
krb3q1/1p1p1rp1/2p3np/2b2p2/p2pPP2/P1B4P/1PP1B1P1/KR2NRQN w - - 0 15,opening,c3d4,510,c3d4:510;e4e5:462;e4f5:445;h1g3:437;e2h5:422;g2g3:394;e1d3:384;g2g4:376
br2bbbr/kpp1pp1p/3p2p1/p3B3/1PPP3P/P3P3/1B1R1Pq1/1K1QBB1R b - - 0 11,opening,g2h1,-299,g2h1:-299;g2e4:-111;g2f1:383;g2c6:431;b7b5:466;e8a4:496;b7b6:501;d6e5:503
bnqrbn1k/1p1pp1rp/8/pPp2p2/8/P5N1/2PPPPPP/1NQRB1RK b - - 0 5,opening,e8g6,-248,e8g6:-248;d7d5:-243;d7d6:-170;g7f7:-147;g7g3:-73;f5f4:-37;e7e6:-13;b7b6:38
r1nr3q/p1k1bp2/1p2p1Nn/1bpp3p/P4Pp1/1N2P1PP/KPPP4/R2RBB1Q w - - 1 15,opening,g6h8,533,g6h8:533;a4b5:168;d2d4:161;f1b5:146;b3c5:100;a2b1:98;c2c4:94;b3d4:91
rk1brbb1/2pqpp2/p6b/Pp1p2pp/3PP1P1/2P4P/BP3P2/RKQ1RBBB b - - 0 11,opening,c7c6,33,c7c6:33;g8h7:50;e7e5:119;h5g4:123;e7e6:179;a8a7:189;h6g7:194;b5b4:224
rknn2r1/1p2p2q/1Ppp2pn/7p/p2PP1Pn/1N2N3/PKPN4/R2R2QN b - - 3 22,opening,c8b6,-277,c8b6:-277;h6g4:-245;a8a6:-230;h7g7:-226;h7h8:-225;d8e6:-221;g6g5:-217;h5g4:-212
bk1b3r/2pp1r1p/1pn1P3/pNn2Pp1/2N4P/5PQR/PPP1P3/B1KB4 w - - 1 18,opening,e6f7,643,e6f7:643;b2b3:575;b2b4:572;c4b6:523;b5c7:513;c4e3:499;g3c7:495;f5f6:484
rnbqkb1r/pppp1p1n/6pp/4p3/6P1/NP6/P1PPPP1P/R1BQKBNR w - - 0 6,opening,e2e3,-116,e2e3:-116;h2h3:-118;c1b2:-122;e2e4:-124;c2c4:-124;f1g2:-126;a3c4:-131;c2c3:-150
qrkbr2b/ppp1pppp/3p1nn1/8/8/6P1/PPPPPP1P/QRKBRNNB w - - 4 4,opening,e2e4,130,e2e4:130;b2b4:120;a2a4:117;g1h3:106;c2c3:102;h2h4:83;a2a3:74;e2e3:72
nnrkn1rn/6p1/7p/Nppppp2/P7/2PP1q1P/1PN1PPP1/1RQ1NKRN w - - 1 17,opening,g2f3,847,g2f3:847;e1f3:806;e2f3:789;a5b7:700;a5c6:640;b2b4:394;a4b5:362;d3d4:344
rknrbbnq/3p1ppp/4p3/pp4P1/2p5/P1BP4/1PP1PP1P/RKNR1BNQ w - - 0 6,opening,e2e4,240,e2e4:240;d3c4:228;g1f3:218;h1f3:205;f2f4:196;a3a4:186;h2h4:184;e2e3:183
b2k1rbb/1rp2p2/4qbp1/1p1p1PPp/1P1Pp3/P1B1B3/2P1P2P/R1QKRB1B w - - 1 12,opening,f5e6,614,f5e6:614;g5f6:423;c1b2:407;c3d2:406;a3a4:400;e3d2:399;c3b2:394;c1d2:369
1rrk1b1q/p1pp2pp/5pb1/4p2P/Pp1BQP2/3PP1P1/2P1BB2/1bRK2B1 b - - 0 16,opening,g6e4,-682,g6e4:-682;b1c2:-521;b4b3:-291;e5d4:-112;g6f7:-91;b1a2:-59;g6e8:-10;c7c5:82
2brr2b/1bk5/2ppp2p/PP3pp1/1b1B1PP1/B2KPB1P/3P4/3RRB2 b - - 2 18,opening,b4a3,78,b4a3:78;b4a5:83;c6b5:223;c6c5:224;h8d4:238;f5g4:292;c7b8:293;b4c5:307
r1nqk1nr/ppppp3/5p1p/2N1N2P/5Pp1/b2P2P1/1P2P3/2RQKBNR b - - 1 17,opening,a3c5,-39,a3c5:-39;a3b4:-36;c7c6:303;f6e5:305;e7e6:332;c8d6:368;a3b2:383;c8b6:397
1r3b1k/p2bq1p1/1r1n4/P1ppPp1p/1pP4P/4P1P1/NPN2PK1/1RR2QB1 w - - 3 22,opening,a5b6,297,a5b6:297;a2b4:130;c2b4:120;f1d1:115;f1e2:114;e3e4:82;f2f3:64;c4d5:58
n3nk1q/1prr2pp/2p5/p2p1p2/P2np3/2P3P1/3NRPNK/N1RN3Q w - - 4 23,opening,c3d4,245,c3d4:245;e2e1:-79;e2e4:-105;e2e3:-119;h1f1:-189;h1e1:-198;g2f4:-204;d1e3:-343
rr1k1q1b/p3pb1p/3p2p1/Pp3p2/2n1BP2/1P1PQ2P/NR2P3/R2KB1N1 w - - 0 17,opening,b3c4,237,b3c4:237;d3c4:209;e3f3:-435;e3f2:-487;e3g3:-506;e3c1:-563;e3b6:-589;e3d2:-611
rk2r1b1/1q1pb1bp/1p2p3/p1p2pp1/3P4/bKP1PPP1/1PB1B2P/RQR3B1 b - - 0 14,opening,c5d4,-435,c5d4:-435;a5a4:-434;a3b4:-419;e6e5:-416;c5c4:-409;g5g4:-406;b6b5:-376;e8c8:-330
1b1r1brn/1B1k4/2pp1npp/1p1Pp3/1P6/8/P1N1PPB1/2KR1N1R w - - 0 21,midgame,d5c6,336,d5c6:336;b7c6:234;a2a4:199;c2a3:195;f2f4:193;e2e3:193;f1d2:186;g2h3:185
1kqrbbbr/p1pppp1p/8/Pp4p1/6P1/8/1PPPPPbP/BKQRBBBR b - - 0 4,opening,g2f1,-379,g2f1:-379;g2h1:-283;c8b7:-147;g2c6:-77;g2b7:-61;g2a8:-45;g2d5:-29;g2e4:149
nn1krr1n/1p1ppqpp/1np5/p1P2p2/4P1PP/1PN2P2/P2PN3/N1NKRRQ1 w - - 1 12,opening,c5b6,506,c5b6:506;g1h2:340;a1c2:332;c1d3:315;g4f5:305;e2d4:305;d2d4:298;f3f4:290
bkrrqb1b/ppppp2p/6p1/5p2/2b4P/4PPP1/PPPP4/BKRRQBBB w - - 0 5,opening,f1c4,353,f1c4:353;f1g2:13;d2d3:1;b2b3:-17;f1h3:-29;b2b4:-61;h1g2:-73;e3e4:-75
1n2rrnn/k2q2pp/3p1p2/ppp1N2P/1P2P1P1/2PP1PQ1/P2N2n1/K1R2RNN b - - 1 17,opening,f6e5,137,f6e5:137;d6e5:165;d7d8:225;e8e5:234;d7e6:244;d7b7:251;d7e7:272;d7c7:302
kb1nq3/p1ppprp1/1pb4n/5p1p/2P4P/PP1P4/KN3PP1/1B2QRNR b - - 0 10,opening,c6g2,-258,c6g2:-258;c6b7:-64;e7e5:-25;d8e6:24;d7d5:36;f7f8:111;f7f6:113;e8h8:117
nbbrqr1k/pppp1ppp/8/2P1p3/4P3/4Q2N/PP1P1PPP/NBBR1R1K b - - 0 7,opening,f7f6,426,f7f6:426;b7b6:437;c7c6:446;d7d6:450;d7d5:451;e8e7:459;f7f5:464;a7a5:467
1q1rk1br/pppbppnp/1n6/2B3p1/1B1pP3/PN1PNP2/1PP3PP/Q2RKR2 b - - 5 11,opening,d4e3,38,d4e3:38;f7f6:205;b6c8:217;b6a4:237;h7h5:248;h7h6:258;c7c6:269;g7e6:278
q1rnrk2/pppp3p/n4b2/1N1Pppp1/4P1P1/4bB1P/PPP2P2/Q1RN1BK1 b - - 1 14,opening,e3c1,-369,e3c1:-369;e3f4:-355;e3d2:-345;e3c5:-331;e3d4:-317;e3b6:-315;f5e4:-282;e3f2:-257
r2q2bb/p3r1pp/3b1pP1/1ppkP3/3Pb2B/1P2PB2/P1P4P/BKR2BR1 b - - 0 21,opening,e4f3,-388,e4f3:-388;e7e5:-154;f6f5:68;h7g6:136;d6c7:141;c5c4:175;e7e8:177;c5d4:187
b1b1rrkb/p1bppppp/2p5/1p6/4P3/1P6/P1PP1PKP/BQBBRR2 w - - 0 6,opening,b3b4,387,b3b4:387;c2c4:379;d2d3:378;d2d4:376;f2f4:367;f2f3:358;a2a4:344;h2h3:336
q2knnrr/pppp2p1/n2npp2/7p/P7/4N2P/1PPPPPP1/QNNKN1RR w - - 1 6,opening,d2d4,0,d2d4:0;b1c3:-6;c2c4:-8;e1f3:-10;f2f3:-12;c1b3:-14;a1a3:-15;b2b3:-17
k1rrqn1b/pp1pp1pp/n3bp2/8/2p1P2Q/N4P2/PPPP2PP/K1RR1NBB w - - 0 6,opening,h4f2,188,h4f2:188;f3f4:135;f1e3:130;h4e1:99;a1b1:98;g2g4:98;h2h3:78;a3b1:74
krbbnrq1/p1pp2pp/1p4n1/4pp2/4PP2/2PN2N1/PP1P2PP/KRBB1RQ1 b - - 0 5,opening,e5f4,6,e5f4:6;f5e4:15;c8a6:76;d7d5:102;e8f6:108;d8f6:110;e8d6:126;g6f4:150
b1kbqbr1/p1Bpp1p1/2p5/1b3p1p/PKP3PP/1P1P1P2/4P3/BR1BQB1R b - - 0 16,opening,e7e6,236,e7e6:236;e7e5:251;d8c7:271;c8c7:349;c6c5:353;b5c4:359;a7a5:365;h5g4:419
2bbqr1n/pkpp4/1r1np3/1p3p1p/1P4N1/P1PP1P2/3QP1PP/KRBB1R1N b - - 4 14,opening,h5g4,-309,h5g4:-309;f5g4:-262;e8g6:-67;f8g8:-37;b7b8:33;h8g6:51;f5f4:68;d8e7:69
n3rqrb/k1N2pp1/1b6/4p2p/p2pPP1P/1NP5/2PP2P1/2KBRR1B w - - 2 16,opening,c7b5,-434,c7b5:-434;c7d5:-452;c7e8:-514;b3d4:-530;c7a6:-586;d1f3:-607;b3a5:-620;d1h5:-624
k2rqr1b/4p1p1/pp1Pnpbp/2p5/2P4P/NPR1N3/1P1PQPP1/K1R3BB w - - 1 14,opening,d6e7,626,d6e7:626;g2g4:584;f2f4:575;e3c2:568;e3d5:566;e3f5:561;g2g3:551;e2e1:539
1r1b1qb1/bpp1pp1k/1p1p3p/1b6/2P3p1/1P1P1PB1/R3P1PP/1BRBQ2K w - - 1 12,opening,c4b5,567,c4b5:567;d3d4:552;a2a7:498;b3b4:468;e2e3:463;e2e4:458;f3g4:455;d1c2:436
bb1b2rk/3p1r2/1p2p2p/p2P1pp1/P1B3P1/4PP1Q/2PK1R1P/1q1B2RB b - - 1 23,opening,f5f4,-387,f5f4:-387;b1b4:-386;e6d5:-314;f7f6:-281;f7h7:-276;a8d5:-235;b8e5:-218;h8g7:-211
nnnrnr2/ppp2ppk/7p/3ppq2/P2N4/4PP2/1PPP1RPP/1NNRN1KQ w - - 0 7,opening,d4f5,776,d4f5:776;g2g4:-34;d4b3:-44;d4e2:-48;e3e4:-96;d4b5:-117;c1e2:-342;c1b3:-348
r1nnr2n/kp2p2q/2p2N2/p1n2pp1/P2p1N1P/3P1pN1/RPP1PQP1/1K3R2 b - - 1 22,opening,e7f6,-607,e7f6:-607;h7f7:-382;h7h4:-333;c5e4:-234;c5d3:-209;h7h6:-187;f3e2:-165;f3g2:-152
r2brbbb/kqp1p1Q1/1p1p1p2/p2P4/P3P1Bp/2P5/1P3PPP/RK2RBBB w - - 1 9,opening,g7g8,570,g7g8:570;g7h8:569;g7g6:421;f1a6:34;g4c8:20;f1b5:-174;g4h5:-196;g4d7:-202
rkn3nq/2prp1b1/p5pp/1p1p1P2/b1P2P1P/PN1B2P1/1P1P1Q2/1KRRB1N1 w - - 0 18,opening,b3c5,224,b3c5:224;b3a5:202;d3c2:33;f5f6:0;f2c5:-118;c4b5:-163;c4c5:-179;b3a1:-183
2q2rQb/1p6/r2k1pp1/pBp1p2p/2P4P/P2PPPP1/bP2nN2/2BKN1R1 w - - 5 20,opening,g8h7,454,g8h7:454;f2e4:131;g8d5:101;g8f8:-27;g8g6:-59;g8h8:-229;b5d7:-369;d1e2:-398
rqbrknbn/p1p1p1pp/1p1p4/5p2/P1P2P2/8/1P1PP1PP/RQBRKNBN w - - 0 4,opening,d2d4,50,d2d4:50;f1e3:38;h1g3:4;g2g4:-20;a1a3:-51;d2d3:-69;b2b3:-70;b1c2:-72
rnnknr1n/pp1ppqpp/2p5/8/4PpP1/1PP3N1/P2P1P1P/RNNKNRQ1 b - - 0 5,opening,f4g3,-317,f4g3:-317;c8d6:-128;c6c5:-102;d7d5:-82;e8f6:-81;e8d6:-74;f7g6:-73;e7e5:-69
1bk1nbrn/4p1p1/4p2p/p4p2/2pr2P1/q2R3P/PPPK1PB1/QB2NR1N w - - 0 14,opening,b2a3,597,b2a3:597;g2b7:460;d3d4:324;c2c3:-119;g2d5:-121;h1g3:-210;g4f5:-213;d2d1:-239
rnnqkbr1/ppp1pppp/5n2/3p2N1/P7/2N5/1PPPPPPP/R1NQKB1R b - - 0 4,opening,b8d7,-47,b8d7:-47;h7h6:-41;e7e6:-41;c7c6:-35;a7a6:-27;g7g6:-26;c8d6:-26;b8c6:-20
4b1k1/rpp2prp/1P2q3/pB1pp1R1/P2P4/4bp2/2P1BB1P/RQ5K b - - 0 22,opening,g7g5,56,g7g5:56;e3f2:204;e3g5:303;a7a8:309;c7b6:336;e6b6:343;a7a6:382;g7g6:395
r1nrk1qn/pppppppp/n7/8/2P1n3/1N4N1/PP1PPPPP/RN1RKQN1 w - - 1 5,opening,g3e4,407,g3e4:407;d2d4:109;b1c3:89;e2e3:89;g1f3:84;d2d3:80;g1h3:78;f2f4:77
1br1brkb/5p1p/p4Pp1/Ppppp3/3q4/2P1PRP1/BP1P3P/B1RQBK1B b - - 2 16,opening,d4a4,401,d4a4:401;d4g4:406;d4d3:440;d4e4:451;d4c4:630;e8d7:656;d4d2:702;e5e4:703
rbb1kbbr/1p1ppp2/p6p/q1p3p1/1PP1BP1P/8/PB1PP1P1/R2QKBBR w - - 3 7,opening,b4a5,755,b4a5:755;e4b7:429;g2g3:402;b2h8:398;h4g5:395;e2e3:384;d1c2:373;g1c5:365
rnnkrqnn/2p1pppp/1p1p4/p7/P1P5/5N2/1P1PPPPP/RNNKRQ1N w - - 0 4,opening,g2g4,41,g2g4:41;b1c3:31;d2d4:28;e2e3:12;h1g3:6;b1a3:-1;f3d4:-3;c1a2:-3
1brnbkrn/p1p2pp1/1p1pp2p/q7/P4PPP/4P3/1PPP2K1/QBRNB1RN b - - 2 7,opening,a5a4,-13,a5a4:-13;e8c6:31;h6h5:41;h8g6:56;c7c5:63;e8a4:64;a5d5:72;a5a6:81
1n3bn1/p1rpn1p1/1p2p1kr/2pNP3/P4P1Q/1P5p/R1PPN1PP/3K1B1R w - - 3 23,opening,h4g3,777,h4g3:777;h4g4:753;h4g5:684;d5e7:641;h4h6:633;f4f5:579;h4e7:565;h4h3:499
nrnnk1rq/ppp1pp1p/3p1n2/6p1/1P6/3N1PP1/P1PPP2P/NR1NKRNQ w - - 0 5,opening,e2e4,44,e2e4:44;a1b3:43;a2a4:35;d1c3:34;e2e3:29;b1c1:10;c2c4:10;d3f2:5
qrk1r2n/1p2pp1p/pn2n2n/2pp1N2/PP1PP1p1/2P2P2/2N1N1PP/QRK1R1N1 b - - 1 15,opening,c5d4,246,c5d4:246;g4f3:275;d5e4:276;h6f5:287;b6c4:313;g4g3:314;h8g6:318;a6a5:331
nn4rq/1kr1p1pp/ppp5/1N1pnpN1/P3PP1P/1PPn2P1/3P3N/NK1R2RQ b - - 2 17,opening,a6b5,-8,a6b5:-8;d3f2:84;c6b5:124;h7h6:155;d5e4:161;g7g6:208;f5e4:209;c7c8:228
1qb1k1r1/p1bp2pr/1p2p3/2pP1pBp/4P2P/2P5/1b2bPP1/BQ1BKBRR b - - 0 14,opening,b2a1,-127,b2a1:-127;e2f1:-53;e2d1:104;e6d5:225;b2c3:286;c7f4:287;g7g6:299;c7d8:309
kn1nqrbb/1p2pp1p/2rp2p1/p1p5/PP3P2/2N5/K1PPP1PP/1NR1QRBB w - - 1 6,opening,b4b5,21,b4b5:21;b4c5:-173;b4a5:-247;f4f5:-267;c3b5:-280;g1c5:-358;d2d4:-369;g2g3:-371
nnr1rkqb/pp1pbp1p/2p5/4p1p1/3P4/5PP1/PPP1P2P/NNRBRKQB w - - 1 5,opening,d4e5,-61,d4e5:-61;c2c3:-145;e2e3:-172;e2e4:-173;a1b3:-176;g1f2:-187;d4d5:-192;b1d2:-193
qb1r1b1n/ppk3r1/2p1n1p1/5p1p/P3p3/2pBPP1P/BP1P2P1/Q2RK1RN b - - 7 18,opening,c3d2,-499,c3d2:-499;e4d3:-494;a7a5:-418;d8d3:-417;e6c5:-412;e4f3:-411;e6f4:-410;a7a6:-406
r2kb3/4prqp/p4B1n/1p3pp1/PPp1PP2/2PP4/1K5P/RB1N1RN1 w - - 2 20,opening,f6g7,472,f6g7:472;f6d4:-116;f6g5:-147;f6e5:-179;g1f3:-332;d3c4:-340;a4b5:-344;d1e3:-392
n1nr1r2/2qkp3/1pp2pp1/p2P3p/P2Nn3/2N1P1P1/1P3P1P/1RK2NRN b - - 5 20,opening,c6d5,-671,c6d5:-671;e4c3:-597;c8d6:-544;c6c5:-540;c8a7:-504;d7e8:-489;f6f5:-456;h5h4:-452
nnrrqnkn/p3pp1p/1p1p2p1/2p5/1P2P3/2N3N1/P1PPQPPP/N1RR1NK1 b - - 1 5,opening,b8c6,26,b8c6:26;a8c7:30;e7e6:53;f8e6:55;c5b4:59;f7f6:62;b8d7:66;h7h5:66
knrbnrbq/1ppp4/p4p2/6pp/1N2p1P1/4P2P/PPPP1P2/KNRBR1BQ w - - 0 7,opening,h1e4,71,h1e4:71;b4a6:-155;c2c4:-193;d2d4:-193;d1e2:-217;f2f4:-220;b1c3:-232;g1h2:-239
1nkbrr1b/3n1pp1/ppq4p/P1pPpN2/1PP5/8/3P1PPP/QNKBRR1B w - - 0 10,opening,d5c6,689,d5c6:689;f5e7:477;b1c3:359;b4c5:276;b4b5:235;f5g7:226;d1g4:220;g2g4:217
n1r1r2q/2pk1pp1/1pN1p1np/p2p4/P1PP1PP1/1P5P/3NP1R1/NNK2R1Q w - - 3 22,opening,c6e5,660,c6e5:660;c6a7:624;f4f5:621;c4d5:619;g2f2:569;a1c2:568;e2e4:560;b1c3:557
1qk1rbnn/pbp1p1pp/B1r2p2/8/1P1pP1PP/2Q5/PBPP1P2/K2R1RNN b - - 0 13,opening,d4c3,-669,d4c3:-669;c6c3:-490;c6a6:-325;c8d8:-112;c6b6:63;c6d6:140;c8d7:207;c6e6:233
r1q1nkrn/ppp2n1p/1n1p4/2NPp1p1/7N/PN2NP2/1PP1P1PP/RQ3KR1 w - - 3 12,opening,c5e6,345,c5e6:345;c2c4:0;b3d4:0;h4f5:-206;g2g4:-229;c2c3:-235;c5e4:-248;b1a2:-262
1bnrbnqr/k2ppppp/2p5/pp2Q3/5P2/6N1/PPPPP1PP/KBNRB2R b - - 3 5,opening,b8e5,-431,b8e5:-431;f8e6:90;f7f6:139;a7b7:140;d7d5:140;a5a4:150;a7a8:152;f7f5:165
qbr3rn/ppp1kn2/Q2b3p/4p3/P2p2p1/4PPP1/BNPP3P/1BR1K1RN w - - 6 21,opening,a6d3,170,a6d3:170;a6c4:143;a6e2:130;a6b5:114;a6f1:70;a6a5:-56;a2d5:-320;a2f7:-469
1rqbrb1b/1bppp2p/1p2kB2/p5p1/1P3pP1/Q6B/P1PPPP1P/1R1BR1KB b - - 1 11,opening,e6f6,-97,e6f6:-97;h8f6:-52;a5b4:-11;e7f6:69;b7h1:224;f8g7:268;h8g7:270;f8h6:287
bbr4r/1p1pppk1/1q3n1p/PNp5/P5P1/2PPP3/5P1P/BBRQK2R b - - 0 14,opening,b6a5,119,b6a5:119;b6a6:186;b6c6:193;b6d8:200;b6e6:207;g7f8:580;h8g8:598;b6b5:610
B2rb1n1/2kpbpp1/1n3q2/p3p2p/P1P1P1P1/4R3/1P1PNP1P/1KNRB2Q w - - 1 15,opening,g4g5,579,g4g5:579;a8d5:570;e3f3:567;d2d4:551;f2f4:505;c4c5:478;e3b3:475;g4h5:459
knrn1r1b/1pppp1pb/p5qp/2B2p2/7P/P4P2/1PPPP1P1/KNRNQR1B w - - 2 6,opening,f3f4,38,f3f4:38;g2g3:33;c5g1:-43;b1c3:-59;d1c3:-61;d2d3:-70;c5e7:-70;c5f2:-73
2bb2rr/p1pkp1bb/6p1/1pq4p/P1P3P1/5P2/1PKPP1RP/B1BB1B1R w - - 2 13,opening,g4h5,-512,g4h5:-512;e2e4:-536;a4b5:-541;c2b1:-564;d2d4:-565;h2h4:-576;e2e3:-576;d2d3:-589
r2bB3/4ppnk/2r3n1/pPP3qp/2P5/2B2P2/1P2PNP1/RRQ3KN w - - 1 23,opening,c1g5,846,c1g5:846;e8c6:694;c3d2:656;f2e4:616;g2g3:609;f2h3:541;f2d3:531;g1f1:526
r7/ppn1k1Br/4b1p1/5pn1/P1pP2P1/3bBP1P/1P2P2R/3RKN2 b - - 0 23,midgame,g5f3,-371,g5f3:-371;g5f7:-26;g5h3:-1;f5f4:115;e7f7:167;d3c2:186;e7d7:199;h7g7:204
nbbknrrq/2p2ppp/pp6/3pp3/2P1B3/1N3N2/PP1PPPPP/2BK1RRQ b - - 1 5,opening,d5e4,-215,d5e4:-215;c7c6:65;c8b7:78;e8f6:109;c8d7:123;c7c5:197;d5c4:249;g7g5:254
nn1kqrr1/3pnpp1/pp6/2p1n3/P7/1NpN1PN1/1P2PQPP/1N1K1RR1 w - - 1 11,opening,d3e5,83,d3e5:83;b1c3:-52;b3c5:-86;a4a5:-96;b2c3:-123;f1e1:-142;d1c2:-190;d3c5:-192
kq1r2nr/6p1/1p5Q/P2pp1B1/P1P1n3/3P1Ppb/K1B1P1P1/5RNR w - - 0 22,opening,h6c6,578,h6c6:578;h6b6:256;h6h8:145;h6g6:111;h6g7:94;f3e4:-172;d3e4:-241;h6h3:-348
b1rk2b1/prp2p1p/1p4pb/3Pp3/2P5/PP5P/1R1P1PP1/2K1BbBQ w - - 2 12,opening,g2g4,101,g2g4:101;f2f4:86;h3h4:83;f2f3:38;g1h2:38;c1c2:-18;b2c2:-18;a3a4:-48
nnqrn1kr/1ppppppp/4n3/p7/PP6/5NNP/2PPPPP1/NNQR2KR b - - 0 5,opening,a5b4,-38,a5b4:-38;d7d5:44;h7h5:68;g7g6:78;c7c5:84;e8f6:86;d7d6:92;h7h6:95
r1nkrq1n/ppp1p2p/6pn/3p1P2/PP1n4/2PN2N1/3P1PPP/RN1KRQN1 w - - 1 9,opening,c3d4,519,c3d4:519;d3c5:445;f5g6:424;f2f4:392;a4a5:381;f5f6:377;b1a3:374;g1h3:354
2rnk3/pqb1bpp1/1ppppn1r/4P1p1/7P/P1PP2P1/BP1RBP2/Q2NK2R w - - 3 14,opening,e5f6,-157,e5f6:-157;h1g1:-379;h1f1:-385;f2f4:-398;a2e6:-418;d1e3:-437;e2f3:-439;e1f1:-460
rn2knn1/pppp3r/4pq1p/5pp1/2N1P3/PP4PN/2PPQP1P/RN1K1N1R w - - 1 11,opening,e4e5,406,e4e5:406;e2h5:364;b1c3:349;c2c3:220;a1a2:216;h3g5:7;c4e5:-8;c4d6:-23
2kq2r1/2p2r2/n2pnp1p/pp3P2/1P2b2P/N2PPQ2/P1PN1PB1/2K1R1R1 w - - 0 16,opening,f3e4,755,f3e4:755;d2e4:639;d3e4:548;f3h5:470;f3h3:326;f3d1:250;f3e2:243;f5e6:106
1r2rn1k/p1pppppp/1p5n/4q3/1n1P4/NP4PP/P1P2P2/R1QR1N1K b - - 0 12,opening,e5h5,-512,e5h5:-512;e5f6:-512;e5e6:-510;e5f5:-502;e5e4:-488;e5a5:-482;e5d5:-473;e5d6:-471
nn1r2kn/p3pq2/3pn2p/2r2p2/1pp2Pp1/P5P1/1PPPP2P/1NRRQ1KN w - - 0 18,opening,a3b4,-570,a3b4:-570;h1f2:-575;d2d3:-591;e2e4:-600;e2e3:-601;d2d4:-602;h2h4:-614;b2b3:-623
qbrn1krn/1pp2ppp/p7/1b1pp3/1PP5/P7/1N1PPPPP/QBR1BKRN b - - 0 6,opening,d5c4,189,d5c4:189;b5c6:201;b5c4:202;b5d7:210;b5e8:253;g7g6:349;h8g6:358;c7c6:360
rkn1b1nr/ppppqpp1/3b4/4p3/1P2P1pP/8/P1PP1P2/RKNQBBNR b - - 1 6,opening,g8f6,-303,g8f6:-303;f7f5:-297;d6b4:-294;a7a5:-284;g8h6:-277;h8h6:-274;g7g6:-256;a7a6:-246
1q1r2n1/2pnk1p1/1np1pr1p/p1Pp4/P3pnP1/3N1P1P/QPNP4/3RK1RN w - - 3 19,opening,d3f4,-471,d3f4:-471;d3f2:-542;d3c1:-566;h1f2:-630;c2b4:-659;c5b6:-682;d3b4:-684;c2d4:-697
1nn1krqr/pp1p3p/2N2p2/2p1p1pn/PNn1PP2/1N5P/1PPP2PR/2N1KRQ1 b - - 3 14,opening,d7c6,-387,d7c6:-387;b7c6:-371;b8c6:-346;g5f4:-304;c5b4:-256;e5f4:-223;d7d6:-201;h5g3:-172
1brkbrbb/q1pppp2/7p/pp3Q2/1P1P2p1/7P/P1PKPPP1/1BR1BRBB b - - 1 9,opening,a7d4,-369,a7d4:-369;a5b4:-342;c7c6:-281;c7c5:-248;g4h3:-247;d7d6:-234;h6h5:-225;d7d5:-215
r1brbbkq/ppb1pppp/2p5/3p4/4PP2/2P5/PP1P2PP/RBBRBBKQ b - - 0 4,opening,c8g4,-294,c8g4:-294;c7f4:-177;d5d4:-151;d5e4:-149;e7e5:-144;g7g6:-141;h7h5:-132;g7g5:-119
kn1rr1nb/1p3pp1/p2p3q/2p1p2p/bP2NPP1/3P1R1N/PQPBP1RP/1K5B b - - 0 14,opening,h5g4,-12,h5g4:-12;a4c6:183;b8c6:194;d6d5:207;c5b4:215;g7g6:219;g7g5:230;d8c8:255
rn1qbbrk/1pnp4/p2N4/4pp1p/2NP1Pp1/P1P4P/1P2P1P1/2RQBBRK b - - 0 12,opening,e5f4,172,e5f4:172;b7b5:209;e5e4:230;f8d6:256;c7e6:320;b8c6:322;c7d5:325;e5d4:327
bq1brrbb/pppkpppp/8/3p4/6PP/1P6/P1PPPPB1/BQKBRRB1 b - - 0 4,opening,e7e5,197,e7e5:197;b7b5:226;b7b6:230;e7e6:231;f7f6:241;f7f5:243;d7c8:244;d5d4:257
rk1rbb2/p1ppnpn1/6p1/1p1Ppq1p/4Q3/PP2P1PB/2PB1P1P/RKNR2N1 b - - 0 13,opening,f5e4,-594,f5e4:-594;f5f2:149;f5f6:264;f5g5:305;a7a5:530;a7a6:538;f7f6:542;e7c8:562
3k1r1b/3prpp1/n5n1/p6p/Pp1P2bq/5pB1/2PKP1PP/Q2R1NRB w - - 2 21,opening,g3h4,293,g3h4:293;g2f3:-223;e2e4:-424;d2c1:-494;e2f3:-499;a1b1:-528;h2h3:-539;c2c4:-542
rr1k1qnn/pp1p2pp/n3pp2/2p4P/n5P1/3N2NN/PPPPPP2/RNRK1Q2 b - - 5 9,opening,c5c4,-55,c5c4:-55;b7b5:39;h8f7:55;a6b4:72;f8d6:77;f8e7:84;g8h6:92;a4b6:96
r1r1b1bk/pp1p2qp/2p1pp2/6p1/6P1/2bP1Pb1/PPB1PBKP/R1RBBQ2 w - - 6 10,opening,e1c3,382,e1c3:382;b2c3:379;h2g3:260;f2g3:240;g2g3:217;d3d4:-111;a2a4:-130;c1b1:-134
1b2qBrr/1b1kp3/1pb5/pBppPpp1/3P4/P7/1PP2PPP/BB1KQ1RR b - - 0 11,opening,c6b5,-278,c6b5:-278;e8f8:-34;g8f8:2;h8h4:12;c5d4:74;d7c8:78;c5c4:86;b8c7:90
2qrk3/3pp1pp/P5n1/p1pb4/1P1B1P1P/P3n3/3PP1P1/1R1RKNBN w - - 3 18,opening,f1e3,170,f1e3:170;d4e3:74;d2e3:-44;g1e3:-247;b4c5:-372;d4c5:-398;d1c1:-401;d4g7:-434
nq1rbrbn/1pk1pppp/p2p4/2p5/P6P/8/1PPPPPP1/NQKRBRBN w - - 1 5,opening,d2d4,19,d2d4:19;f2f3:19;b2b3:19;h1g3:17;f2f4:8;a4a5:4;d2d3:-32;g2g4:-39
1r1Qqb1k/6p1/1bb2p1p/1p2rP2/pP6/2PPP3/b1R1RBPP/BB3B1K b - - 2 18,opening,b8d8,-468,b8d8:-468;e8d8:-427;b6d8:-423;a2b1:-402;c6g2:-346;a2b3:-17;a2g8:107;a2f7:120
bqkbr2r/pppppb1p/6pb/5p2/3P1P2/6P1/PPP1P2P/BQKBRBBR w - - 1 5,opening,g1f2,-116,g1f2:-116;h2h4:-121;b2b3:-155;e2e4:-188;a2a4:-189;f1g2:-206;h2h3:-220;b2b4:-221
rrn1n1bk/2pp4/p3p1p1/1p3p2/P4q1P/3NPQ1P/1PPP4/RR1B2BK b - - 0 11,opening,f4h4,144,f4h4:144;f4h6:212;f4e4:219;f4f3:220;f4d6:326;f4c4:326;f4a4:590;e6e5:707
r1bq1k1r/ppbpp2p/Q6b/2p1PppP/2P3n1/PP3N2/3P2PR/RBB1KB2 w - - 1 13,opening,a6a4,-435,a6a4:-435;a6b5:-436;b1f5:-473;a6h6:-477;h2h1:-573;h2h3:-588;c1b2:-593;d2d4:-606
k1qrbrBb/2p1p1pp/ppn2p2/4P3/6P1/N7/PPPP1P1P/K1QRBRN1 b - - 0 6,opening,f8g8,-115,f8g8:-115;f6e5:323;e7e6:329;f6f5:331;c8g4:338;h7h5:354;a8b8:368;b6b5:371
2rbq2k/2r1pbpp/1bpp4/QB5b/3Pp3/1PB4P/P1P2PP1/RB1R2BK w - - 0 17,opening,a5b6,-408,a5b6:-408;a5a6:-518;b5a6:-522;b5f1:-534;a5b4:-549;a2a4:-553;b5c6:-555;b5a4:-555
bkrb2br/1pp3bp/8/3ppp2/P5B1/1q2PP2/1BPPB1PP/1KR1Q1BR w - - 0 12,opening,c2b3,544,c2b3:544;e2b5:190;d2d4:177;g4f5:175;e1d1:129;g1f2:65;e3e4:31;e1g3:0
qkbrrbnn/pp1p2pp/4pp2/1Bp5/4P2P/8/PPPP1PP1/QKBRR1NN w - - 0 4,opening,b5f1,-33,b5f1:-33;b2b3:-35;g1f3:-38;h1g3:-41;b5c4:-46;a2a3:-48;d2d4:-48;a2a4:-50
kqr2nr1/pp1p1pbp/2p2n2/b3p1p1/P1P1P3/3P4/KPQ2PPP/2RBNNRB w - - 1 7,opening,f1d2,-134,f1d2:-134;f1e3:-153;f1g3:-154;c2e2:-167;d1e2:-173;e1f3:-186;d1f3:-226;b2b4:-292
nq1k1rr1/ppp5/3p1p2/1P2p1pn/6NP/P2PPPn1/1nKN1R2/NQ2R2N w - - 6 22,opening,b1b2,233,b1b2:233;h1g3:230;h4g5:191;c2b2:177;e1g1:117;f2h2:112;g4h6:86;f2g2:78
2r1qbr1/p2kp3/2n2ppp/2n4B/2pp1P1P/P1P1P1P1/Kb1P2R1/1N1R3Q w - - 1 20,opening,h5g4,-484,h5g4:-484;d2d3:-512;e3d4:-513;c3d4:-517;g2e2:-523;g2h2:-524;f4f5:-532;g2g1:-552
rbrb1b2/2p1p2k/p3b3/p2p2pp/P2P1pP1/1PP1P3/2R2PBP/RB4BK w - - 0 16,opening,e3f4,-106,e3f4:-106;c3c4:-166;g4h5:-179;c2e2:-184;f2f3:-195;h2h3:-195;e3e4:-196;c2c1:-201
1k2r1rb/4p1pp/pp2b3/1npp1p2/7P/4PRP1/1PPP2BN/K1BQR3 w - - 0 19,opening,d2d4,516,d2d4:516;g2f1:510;a1b1:499;g2h3:491;c2c3:491;f3f4:490;h4h5:477;e1e2:477
brbbrkqb/pp2p1pp/2pp4/5p2/2P1P3/8/PPBP1PPP/BRB1RKQB b - - 1 4,opening,g8c4,-592,g8c4:-592;b7b5:-97;g7g5:-76;f5f4:-54;e7e5:-51;g7g6:-21;g8f7:7;c6c5:22
1k4br/4ppbp/1pb3p1/Q1q1p3/P1P2P1P/8/2KPr1PR/3RBB2 w - - 2 19,midgame,a5c5,-33,a5c5:-33;a5c3:-473;a5a6:-647;h2h3:-678;f1e2:-680;c2b1:-733;f4f5:-749;d1a1:-761
brq1bknr/1pppp1pp/4n3/p4p2/2P1PN2/5P2/PP1P2PP/BRQNBK1R b - - 1 5,opening,e6f4,-291,e6f4:-291;f5e4:-81;b7b5:22;d7d6:42;g8f6:102;h7h5:105;e8f7:106;h7h6:128
2k2rr1/1p1p1p1p/p2n3q/nn3P1N/P1p3PP/8/1PPPNPR1/N1K1QR1N w - - 3 20,opening,a4b5,396,a4b5:396;g2g3:370;f2f4:352;h1g3:341;h5f4:340;c2c3:286;f2f3:281;c1b1:273
qbr1rknb/pppppppp/5n2/8/P4P2/3P4/1PP1P1PP/QBRRNKNB w - - 1 5,opening,e2e4,-108,e2e4:-108;c2c3:-145;g1f3:-146;e1f3:-159;b1a2:-160;a1a3:-163;g2g3:-166;e2e3:-167
kr1nrn1n/pp5p/2n2pp1/1Pp1p3/P7/1qN5/2PPPPPP/KNR1RNQN w - - 0 9,opening,c2b3,781,c2b3:781;b5c6:317;f1e3:302;f2f4:239;f2f3:237;d2d3:234;h1g3:224;e2e4:172
2r2r1b/bb1pp1pk/p4Bb1/q1p2p1p/P2P1P1B/1Pp1P1PP/B2Q1K2/2R2R1B b - - 4 17,opening,c3d2,-827,c3d2:-827;b7h1:-572;e7f6:-562;g7f6:-561;c5d4:-542;d7d5:-410;b7e4:-357;c8b8:-347
nnnrq1rk/ppppp1pn/5p1p/8/P4P2/1N6/1PPPP1PP/1NNRQNRK w - - 0 4,opening,d2d4,84,d2d4:84;b3c5:79;b1c3:79;e2e4:78;d2d3:58;f1g3:56;a4a5:49;b3a5:48
bqk1rbbr/6p1/3pp3/pp3p1P/1p5b/P3PP1P/1BPP4/1QKBRB1R w - - 0 14,opening,a3b4,-367,a3b4:-367;b1a1:-375;d1e2:-377;h1g1:-391;f1d3:-391;f1e2:-399;e1e2:-425;h5h6:-439
rb1b1qrb/p1kp2p1/5pb1/1pp1p2p/1P3PP1/1B1PP3/P1P3QP/RBKBB1R1 b - - 1 12,opening,e5e4,350,e5e4:350;f6f5:362;c7c8:367;d8e7:372;c5c4:378;c5b4:383;e5f4:389;h5g4:413
n1n4n/2q1nr2/3k1pNp/ppppp1pP/P1PPP1P1/5PN1/QPK1N3/N3RR2 b - - 1 23,opening,e7c6,456,e7c6:456;c5d4:458;e5d4:504;d6d7:524;b5c4:581;h8g6:604;c7d7:621;e7g6:623
3rkb1r/q1pppppb/pnn4p/3P4/1pB5/1P2P2P/P1P1KPPR/NQRN2B1 b - - 4 10,opening,c6e5,-268,c6e5:-268;c6b8:-191;c6a5:-183;b6c4:-139;e7e5:-74;b6d5:-21;d7d6:118;a7a8:119
1kbr1bnn/2pprppp/1p2p3/8/q1P1P2P/P2P4/1P1B1PP1/QK1R1RNN b - - 2 8,opening,d7d5,-514,d7d5:-514;g8f6:-454;f7f5:-450;e7e8:-447;c8b7:-447;c8a6:-445;h7h6:-444;a4a8:-436
qn2rrn1/n2kp3/2p2p1p/1p1p1P2/nP2P1p1/PNQ4P/3P1RP1/1N1KR1NN w - - 2 19,opening,c3c2,236,c3c2:236;c3e3:225;c3g3:221;c3d4:202;c3a1:201;c3c1:199;b3c5:145;e4d5:-318
2r4r/nbppp1Nk/5pnp/pp5P/1PPq1P2/P4R2/3PPBPK/RQBN4 b - - 6 19,opening,d4e4,591,d4e4:591;b7e4:719;h7g7:761;f6f5:865;h7g8:869;d4f4:970;d4d3:1008;h8f8:99992
qr3knb/1p4p1/p2b1pp1/1Q6/PR1prP1P/1B2P3/1P2K1P1/3R2NB b - - 0 20,opening,e4e3,-518,e4e3:-518;a6b5:-494;g8e7:-109;d6b4:59;g8h6:61;d6e7:108;b8d8:156;e4e5:200
b1q1krrb/2bp3p/1pp1p1p1/p3bp1B/2PP1Q2/1P3P2/P1B3PP/B3KRRB b - - 1 11,opening,e5f4,-890,e5f4:-890;e5d4:-545;e5g7:-508;e5f6:-482;e5d6:-398;c8b8:-384;g6h5:-375;c6c5:-302
2nrknr1/4p3/pp5p/2Pp1Pp1/P1nP1PP1/1N2N3/Q2RN2P/4nKRq w - - 0 21,opening,g1h1,563,g1h1:563;e3c4:82;f1e1:36;e3d1:26;e3g2:-102;a4a5:-188;f4g5:-203;e3c2:-225
qbknr1rb/pppnpp1p/6p1/3pP3/5P2/8/PPPP2PP/QBKNRNRB w - - 1 4,opening,a2a4,-35,a2a4:-35;c2c3:-35;f1e3:-36;g2g3:-36;d2d4:-80;a2a3:-82;c2c4:-92;h2h4:-95
qbr1kbnr/2ppp2p/pp4p1/2nP1P2/8/1P5P/P1P2PP1/QBRNKBNR w - - 1 7,opening,a1h8,387,a1h8:387;f1a6:236;b3b4:234;f5g6:185;c2c4:179;d1e3:174;g2g4:138;g1f3:136
kb1brb2/p1p2p1p/Bp1bp2r/3p2p1/2PPB2q/3BP3/PP3P1P/KBQ2RR1 b - - 5 13,opening,c7c6,414,c7c6:414;d6c5:437;h4e4:711;c7c5:837;h4f2:850;d6a3:99993;f7f5:99995;e8e7:99995
qkbbnrr1/p2pnpp1/4p3/Ppp4p/2P3P1/8/1P1PPP1P/QKBBNRNR b - - 0 7,opening,a8h1,-395,a8h1:-395;a8e4:-321;b5c4:-281;d7d6:-269;h5g4:-264;e8c7:-252;a7a6:-252;a8b7:-239
b2r2rb/pbbpp1pk/1p6/1PB4p/4p3/P2BR1P1/1q1P1P1P/R1B2KQB w - - 1 17,opening,d3e4,499,d3e4:499;h1e4:490;c1b2:441;e3e4:164;a1b1:-166;g3g4:-413;c5b4:-424;h1g2:-470
r1bknrnb/3p2pp/p1p2p2/1pq1p3/PPPP1P2/4B1P1/4P2P/RQ1KNRNB b - - 0 8,opening,c5c4,173,c5c4:173;c5e7:240;c5a7:274;c5b6:289;c5d6:298;e5d4:536;c5d4:555;e5f4:577
1bk2r2/p1p1bnn1/2r1p3/1Q1p1ppp/NP3PP1/R3P3/P1PP2BP/1BK4R b - - 0 22,opening,f7d8,591,f7d8:591;c6c4:602;c6d6:655;e7b4:701;c8d7:709;g5f4:719;c6b6:720;h5g4:726
nnnknrqr/ppp3pp/8/3ppp2/4P3/N1PP4/PP3PPP/N1NKNRQR b - - 1 4,opening,f5e4,-157,f5e4:-157;d5e4:-135;a8b6:-37;b8c6:-20;c8b6:1;b8d7:2;g7g5:3;b7b6:10
1kq1bbnr/1p1p1ppp/r1p1p3/p7/6P1/1KPBn2P/PP1P1P1R/R1NQB1N1 w - - 0 11,opening,f2e3,256,f2e3:256;d2e3:223;d3a6:-563;a2a3:-680;a2a4:-711;c3c4:-827;d3b5:-863;b3a4:-99997
r1bn2k1/3ppnpp/2p5/1pP1P3/Pp3p1q/2Q5/2bBPPPP/R2NBRKN w - - 7 18,opening,c3c2,472,c3c2:472;c3b4:334;c3b2:285;c3d4:262;c3f3:144;c3h3:15;f2f3:-104;g2g3:-107
k1r2b1b/bp3prB/2b5/2ppp1p1/P1PPP2p/7P/1P3PP1/1KR1BBRB w - - 1 18,opening,h7f5,190,h7f5:190;e4d5:137;c4d5:133;f1d3:13;d4c5:-54;b2b4:-58;a4a5:-173;g2g4:-176
r2kqbB1/p2b1p2/3pp1p1/3pb2p/1p1P1K2/2P3PB/1P2QP2/1RBR4 w - - 0 20,opening,d4e5,262,d4e5:262;f4f3:174;f4e3:73;e2e5:-538;f4g5:-99999
1qbb1r2/1k2pnr1/1pp3p1/p2p1QP1/PPPP1p1p/1K4N1/3NPP2/2BBR2R b - - 5 20,opening,g6f5,-577,g6f5:-577;c8f5:-519;d5c4:-476;h4g3:-253;f4g3:-236;b6b5:-232;a5b4:-192;d8c7:-183
n2rk1rn/q1pp1p2/1p1n2pp/P3P2P/3nP1P1/1N2N3/P1PP1N2/NQ1RK1R1 w - - 0 12,opening,b3d4,592,b3d4:592;e5d6:501;g1g3:443;e1f1:416;b1b2:357;g4g5:352;e3d5:332;a5b6:299
qbrrnknb/1ppp1pp1/p6p/4p3/4P3/P2N4/1PPP1PPP/QBRR1KNB b - - 0 4,opening,a6a5,-29,a6a5:-29;c7c5:-18;g7g6:-16;c7c6:-11;g7g5:8;b7b5:12;d7d6:15;b7b6:19
2rrn1kq/ppppppp1/1n5p/2n5/1nP3P1/N3PP1P/PP1P2K1/N1RRNN1Q b - - 0 7,opening,b4d3,-175,b4d3:-175;c5d3:-154;c5a4:-131;b4a2:-126;c5a6:-115;c5e6:-110;e7e5:-109;g7g6:-109
kr1rqnbb/p1ppppp1/np6/7p/7Q/5P2/PPPPP1PP/KNRR1NBB w - - 0 5,opening,h4h5,185,h4h5:185;h4a4:113;h4c4:108;g2g4:106;f3f4:100;g2g3:93;h4g3:70;e2e4:58
rnbqkbnr/2ppp1pp/p7/1p3p2/3P1P2/P1N1B3/1PP1P1PP/R2QKBNR b - - 1 6,opening,c8b7,-61,c8b7:-61;e7e6:-59;g8f6:-58;d7d5:2;g8h6:52;h7h5:55;c7c6:57;b5b4:78
1k2rqrn/1b2pp2/1b6/p2pP1P1/P2p2Bp/1pP4P/1P4P1/BKN1R1RN w - - 2 17,opening,c3d4,-490,c3d4:-490;c1b3:-526;g1f1:-532;h1f2:-560;e5e6:-575;e1f1:-582;g4d7:-588;g2g3:-599
b1b1rb1b/3rk3/1p2pp2/p5PP/P1p2B2/2P2Q1P/KP2P3/B2R1B1B w - - 4 20,opening,d1d7,586,d1d7:586;g5f6:578;e2e4:554;f3a8:483;f3f2:357;f3g3:314;f3e3:295;f4d6:280
n2rnnkr/p2ppppp/npq5/2p5/P4P2/8/1PPPP1PP/NNQRNNKR w - - 1 5,opening,d2d4,-79,d2d4:-79;a1b3:-83;d2d3:-83;b1c3:-84;e2e3:-84;e1d3:-119;a4a5:-125;c2c4:-129
n1nkrr1q/p2ppp2/1p4n1/1pN3pP/5n2/3PP1Q1/PPPK4/NR3R1N b - - 3 20,opening,h8h5,-471,h8h5:-471;g6e5:-417;b6c5:-403;g6h4:-344;c8d6:-297;d7d6:-279;b5b4:-267;e7e5:-255
qr2n1kr/4bnp1/1ppp1p1p/pP2p2P/3N3N/1bPP2P1/P3PP2/QRB2BKR b - - 4 12,opening,e5d4,359,e5d4:359;b3d5:360;c6b5:505;b3a4:514;g8h7:515;f6f5:519;b3d1:527;e7f8:551
rbb1bbkq/p1prpp2/1p1p4/6P1/1BP4p/3P2P1/PP2PP1Q/RBBR1BK1 b - - 1 7,opening,h4g3,258,h4g3:258;d6d5:271;f8g7:288;c7c6:298;f7f5:298;c8b7:300;d7d8:316;c7c5:319
1b1r1rbk/2ppn3/1pBn1p1p/q1P1p3/Pp4p1/1P1P2P1/4PPKP/Q1NR1RB1 w - - 6 21,opening,c5d6,-445,c5d6:-445;f2f4:-446;f2f3:-446;g2h1:-462;c6e4:-464;a1a2:-477;h2h3:-481;d3d4:-491
b1rrqb1b/1pk3pp/p1ppp3/1b3p2/P4QP1/1P1P1P2/2P1P2P/BKRR1BBB b - - 3 12,opening,g7g5,288,g7g5:288;e6e5:296;c6c5:315;b7b6:332;f8e7:347;f5g4:379;h7h6:379;c7b8:386
bb1bkrrb/1q4pp/3p4/ppp1Pp2/2P5/1P1PP2P/P5P1/BBQBKRRB w - - 0 10,opening,d1f3,371,d1f3:371;g2g4:349;d1h5:296;g2g3:292;d3d4:144;b3b4:122;c4b5:120;e1e2:119
q1r1k1nb/1p1p2p1/3bn3/3Qpp1p/p2P1P1P/P1P2K2/1PB1P1P1/1R1RN1NB w - - 2 18,opening,d4e5,580,d4e5:580;d5d6:462;f4e5:457;g2g3:424;e2e4:399;g1h3:395;e2e3:389;c2f5:387
b1brr1qb/kp3p1p/p1p3p1/1B1pp3/PP1P4/b3P1BP/2P2PPQ/BK1RR2B b - - 0 13,opening,c6b5,-353,c6b5:-353;g8f8:-344;a6b5:-304;a3b4:-282;c8f5:-270;b7b6:-241;f7f5:-231;c8d7:-195
rbrb1bbk/1p5p/p1p2p2/q2ppBpP/3P1PP1/2P1P2B/1P5B/1BRQ3K w - - 2 18,opening,f5c8,-114,f5c8:-114;f4e5:-182;d1c2:-187;b2b4:-193;d1e2:-193;f5h7:-194;d4e5:-218;d1b3:-219
1nnr1rkq/pppppppp/1n6/6n1/6P1/2N1PN1P/PPPP1P2/N1NR1RKQ b - - 0 5,opening,g5f3,43,g5f3:43;h7h6:75;g5e6:77;f7f6:99;b6c4:362;g5h3:369;d7d5:380;e7e5:399
bqkbrbbr/p1p3p1/4pp1p/1p1p4/P7/3P1PP1/1PP1P2P/BQKBRBBR w - - 0 6,opening,a4b5,-47,a4b5:-47;e2e4:-48;b2b4:-78;b1a2:-87;g1f2:-93;d3d4:-99;c2c3:-113;b2b3:-121
br1k3r/pp6/n2pp3/q2Q3p/1P1P2P1/P1P2P2/5N2/BNRK2bR w - - 0 23,midgame,d5a5,714,d5a5:714;d5d6:706;b4a5:396;d5e6:249;d5b3:240;d5e4:186;d5a2:161;d5c4:154
qbr1kbnr/1pp1p2p/2n2p2/p2p2p1/2P2P2/P7/1PRPPNPP/QB2KBNR b - - 1 6,opening,g5f4,160,g5f4:160;d5c4:177;b8a7:192;e7e6:192;c6d4:196;a5a4:209;a8a7:213;f8g7:229
nn1r1rkq/2pppppp/1p1n1n2/pP6/P7/8/N1PPPPPP/N1NRNRKQ w - - 4 6,opening,d2d3,77,d2d3:77;g2g3:73;h2h3:24;e1f3:8;a2c3:0;a1b3:-16;e2e3:-40;h2h4:-49
nqnkrrn1/1pp2ppp/4p1n1/p1P5/1P1p2P1/7P/P2PPP2/NQNKRRNN w - - 0 6,opening,b4a5,209,b4a5:209;f2f4:193;a1b3:182;h1g3:180;e2e4:179;b1d3:178;g1f3:178;c1d3:173
rr1b1bbk/1p1pp1pp/p4p2/1q5P/3PPP2/2P5/P6K/RBRBQB2 b - - 0 15,opening,b5b2,-239,b5b2:-239;b5a5:-124;b5c6:-122;b5b6:-107;g8c4:-15;d8c7:302;g7g5:370;e7e5:376
kb1brbrb/1p3pp1/B1ppp1p1/P7/1P1P4/8/K1P2PPP/1BQ1RqRB w - - 1 11,opening,a6f1,427,a6f1:427;g1f1:385;a6b7:365;e1f1:361;a6e2:-133;a6d3:-164;c2c4:-238;e1e2:-312
kb1q2nr/pbpBpRrp/5Bp1/1pP5/PP5P/3PN2R/4P1P1/K3Q1N1 b - - 8 22,opening,g7f7,133,g7f7:133;g8f6:182;e7f6:427;d8d7:437;g8h6:465;a7a5:504;h7h5:510;h7h6:518
r2kn1r1/2p1p1q1/1nnp2p1/p1Nn1p1p/P4P1N/2P1QN2/R1NPP1PP/4K1R1 w - - 2 23,opening,c5e6,-25,c5e6:-25;e3e6:-110;e3d3:-111;e3f2:-227;c2a1:-298;c2d4:-301;c2a3:-301;f3d4:-380
qkbr3n/pp1pbpQp/1P5n/2p4r/6pP/B5P1/P1P1P3/1KR1RBNN b - - 2 12,opening,d7d5,-251,d7d5:-251;a7b6:-232;h8g6:-223;d7d6:-220;d8g8:-167;d8e8:-145;d8f8:-140;h6g8:-115
kqn2r1r/pp4p1/4b1nN/P1b1p2p/2p5/BPP1pP1P/3PP1P1/K1Q1R1NR w - - 0 20,opening,a3c5,-460,a3c5:-460;d2d3:-640;b3b4:-641;h6f5:-674;d2e3:-677;b3c4:-683;a3b4:-691;e1d1:-706
1brqrb1k/p1ppp1pp/1p2P3/3b1p2/5P2/3P4/bPPQ2PP/BBR1RBBK b - - 0 6,opening,a2b1,-119,a2b1:-119;a7a5:171;d5e6:199;d7e6:212;c7c5:214;d5g2:249;a2b3:260;c7c6:332
2n1kb1r/1ppp3p/n2rp3/5nPq/N5P1/p1P2N1P/PP1P3R/RN1QK3 w - - 0 18,opening,g4h5,430,g4h5:430;b1a3:-128;d1e2:-149;b2a3:-178;d2d4:-193;b2b4:-201;d1b3:-210;d1c2:-243
q1kbnr1r/1pp1p1pp/3p1p1n/p3Pb2/2P5/5P2/PPNP1RPP/QKBB2NR w - - 5 7,opening,e5d6,6,e5d6:6;e5f6:-71;g2g4:-82;e5e6:-87;b2b3:-116;d2d4:-122;g1e2:-123;f2f1:-138
bbbkqbrr/2pppp1p/6p1/pp6/7P/2P3P1/PP1PPP2/BBBKQBRR w - - 0 4,opening,e2e4,47,e2e4:47;b2b3:29;d2d4:-25;h1h2:-37;f2f3:-41;f1g2:-41;b2b4:-51;b1c2:-55
rq2kbnr/2pp1pp1/b6p/1p1Bb3/pPP3P1/P3PP1P/3P4/R1BQKBNR w - - 2 14,opening,d2d4,178,d2d4:178;d5a8:149;a1b1:-37;a1a2:-98;d1c2:-148;c4c5:-186;e1f2:-190;f1e2:-209
rk1rb3/2p1b1qp/RP3p2/3p1Pp1/1PPpn3/1N2n1BN/4P1PP/1K1R1B1Q w - - 0 17,opening,b6c7,-122,b6c7:-122;h1g1:-230;a6a8:-276;h3g5:-306;b4b5:-313;d1d4:-323;g3c7:-366;d1d3:-382
1k1qbbnr/r2pp1p1/p2n4/2p2pBp/1p1P4/3N2P1/PPP1PP1P/RK1Q1BNR w - - 2 9,opening,d3c5,180,d3c5:180;d4c5:140;g5f4:90;a2a3:74;g1f3:70;h2h4:34;g1h3:34;c2c4:29
b1qr4/ppbr1pbp/Qb3k2/1Pppp3/4PP1p/P1P5/2BP1KP1/B1RBR2B w - - 19 21,opening,a6a4,-298,a6a4:-298;a6b6:-487;f4e5:-507;c3c4:-534;e4d5:-587;d1g4:-587;f2f1:-609;a6a7:-614
r2nN2n/k3pq1p/n2n1p2/p1p5/Pp3P1P/1PpPP1P1/1N5Q/R1NKR3 b - - 0 22,opening,c3b2,-520,c3b2:-520;f7e8:-448;f7h5:-393;d6b7:-373;d6e8:-357;d6c8:-328;d6f5:-314;d8b7:-226
1rqb1bkb/4r2p/1pb1pp2/2R3p1/1p1p4/P3PPP1/2PP1K1P/B1QB1R1B b - - 2 16,opening,d4e3,-741,d4e3:-741;b6c5:-738;f6f5:-521;b4a3:-491;e7a7:-455;f8g7:-451;b4b3:-448;e7c7:-444
k1rbn3/2ppnp2/p3p3/1P3Prp/1P2P2P/1K1P2N1/2P1R2N/bQRBq2B w - - 5 23,opening,e2e1,671,e2e1:671;b1a1:659;e4e5:567;c2c3:511;h4g5:464;c2c4:461;h2f1:336;b3a2:285
q1b1nrnr/pkpp2p1/1p3p2/4p1p1/1P1P2PP/B7/PQP1P3/1K1BNRNR b - - 1 9,opening,b7b8,242,b7b8:242;g8h6:248;g5h4:261;d7d6:261;h8h4:273;e5e4:284;g8e7:287;e8d6:290
2r1kbnr/q1b3p1/p1np1p2/1pp1p3/1P2PP1p/3P2P1/PQP2K1P/1BRN1BNR b - - 1 16,opening,c5b4,-243,c5b4:-243;h4g3:-200;c5c4:-196;c7b6:-168;e5f4:-164;c8d8:-148;f6f5:-139;d6d5:-133
nnr1knrn/2p1q1pp/8/pN2pp2/P2p1PP1/8/1PPPPN1P/N1RQKNR1 w - - 0 10,opening,f4e5,285,f4e5:285;c2c3:277;f1g3:259;g4f5:239;a1b3:228;c2c4:192;b5a7:170;d2d3:155
nn2qrr1/ppppkn1p/4ppQ1/1n4p1/8/PN3P2/1PPPPNPP/NN1K1RR1 w - - 4 8,opening,g6d3,10,g6d3:10;g6h5:-54;g6e4:-61;g6h7:-172;g6g8:-534;g6f7:-605;a3a4:-619;c2c4:-637
2nqr1r1/1ppp2pp/1knnpp2/p3QP2/5P2/3P1RP1/PPP2N1P/KNN3R1 b - - 4 12,opening,f6e5,-783,f6e5:-783;c6e5:-655;d6f5:-222;b6a6:-197;b6a7:-196;g7g5:-160;d6b5:-132;e6f5:-130
rnq1r1k1/1pp1pppp/p1n3nn/3p4/P5P1/1P1PP3/2P2PKP/RNQNRNN1 w - - 0 7,opening,f2f3,-145,f2f3:-145;h2h3:-195;g4g5:-212;g2h1:-245;f1g3:-250;b1c3:-253;e3e4:-273;c1d2:-274
1r1kb2q/n1p2p2/rp1p1b1n/p3pPpp/P2P2PP/RP6/1RPBP1B1/2NK1QN1 w - - 1 16,opening,e2e4,285,e2e4:285;h4g5:260;b3b4:137;g2e4:123;b2a2:119;b2b1:88;c1d3:76;g4h5:70
rqbk2r1/2pppnbp/p1Bn4/1p4p1/2P1PPpP/8/PPQP4/R1BKNRN1 w - - 1 11,opening,c6a8,-33,c6a8:-33;c6d5:-53;e4e5:-125;h4g5:-152;c4c5:-170;f4g5:-183;d2d4:-266;g1e2:-275
Nnnr3b/1k1p2pp/1pq5/p2r4/2R3P1/2P4P/PP3P2/QK2BRN1 b - - 6 21,midgame,c6c4,-855,c6c4:-855;c6g6:-672;d5d1:-636;c6d6:-583;c6h6:-578;c6b5:-533;c6e6:-490;c6f6:-487
k1br2qr/1p1bbpbp/B7/B1ppp3/P3P2P/1P1P4/2P2PP1/KB1R1Q1R w - - 5 15,opening,a6b5,-258,a6b5:-258;a6c4:-375;c2c4:-390;d3d4:-394;e4d5:-396;a6b7:-400;a1a2:-413;f1e1:-421
qbrn2rn/pp1Qp2p/2pp1k2/5p2/P2PP3/2P2P2/1P2KRPp/1BRNB2N b - - 1 15,opening,d8e6,253,d8e6:253;e7e6:502;d8f7:533;h8g6:533;g8g5:548;f6f7:558;d6d5:574;f5f4:578
1n1kr1n1/p1ppn1p1/4p2p/1p6/1N4p1/1PP1PQ1N/P2P1q1P/RN1Kn2N b - - 1 14,opening,f2f3,-876,f2f3:-876;f2d2:-385;f2h2:-361;e1f3:-334;f2h4:-278;f2g1:-215;g4f3:-192;f2g2:-190
2kr1nn1/3p4/2qr1Np1/pn2p1Pp/P1pN1p2/1P5N/3RP1PP/QR1K2N1 b - - 3 23,opening,b5d4,26,b5d4:26;e5d4:242;d6d4:286;g8f6:359;c6g2:420;b5c3:426;c4c3:438;f8e6:446
nr1nkr2/1pnpn2p/5qp1/2p1pP2/p2N1N2/2P2PP1/PP1P1R1P/2RN1KNQ b - - 0 13,opening,c5d4,-445,c5d4:-445;e5f4:-383;g6f5:-339;b7b5:-334;f6a6:-331;a8b6:-320;b8c8:-303;e5d4:-298
nbrbrqn1/1pppp2k/p7/2P2ppp/4P3/1NRP4/PP3PPP/1B1BRQNK b - - 0 6,opening,g5g4,292,g5g4:292;f8h6:304;c7c6:333;e7e6:370;g8f6:371;h7h6:392;f8f7:402;h5h4:408
n2k1r1n/3pq3/ppP2r2/4p2p/nP2pPpP/Q1nN1RP1/P2K4/NN4RN b - - 1 20,opening,c3b5,-472,c3b5:-472;g4f3:-462;a8c7:-462;c3b1:-451;e4f3:-428;e5f4:-421;c3e2:-414;h8f7:-385
rbbrb1k1/1p1p1ppq/8/2b1B2p/p1P2P2/1P2B1P1/P3P1QP/RB1R1BK1 b - - 0 10,opening,c5e3,-367,c5e3:-367;h7b1:274;h7h6:316;f7f5:361;g7g6:361;h7h8:392;h7g6:461;h7f5:485
brbbr3/1p3k1p/2p1pp2/p2pQ1p1/P2P2PP/2b5/1P2PP2/BRqBRK1B b - - 1 13,opening,f6e5,-552,f6e5:-552;c1b1:-453;c3e1:-449;c1d2:-419;c3d2:-378;c3b4:-358;c3d4:-296;d8e7:-226
bqkbrbb1/pp1pp1pr/7p/2p2p2/7P/1BP5/PP1PPPP1/BQKR1BBR w - - 0 5,opening,b3g8,426,b3g8:426;g1h2:364;b1f5:197;b3c2:42;c3c4:5;f2f3:1;d2d4:-13;e2e3:-61
2nrq1Nk/prpp2p1/1p5p/4pp2/nb3PPP/4P3/2PPB3/NR1RQ2K b - - 0 16,opening,b4f8,-325,b4f8:-325;b4d6:-306;c7c5:-291;b4a3:-288;a7a5:-284;b4c5:-284;b4a5:-249;b4e7:-229
rb3bkq/1pp2pp1/3rB3/4p1p1/p2p1P2/1P6/P1PPb2P/RBBRB1KQ b - - 3 12,opening,d6e6,-591,d6e6:-591;d4d3:-569;g5f4:-525;e5f4:-492;f7e6:-486;h8h5:-484;b8a7:-483;c7c6:-426
q1rnkb1r/1pppp1p1/1n3p2/p6P/1PbP3P/8/P1P1PP2/NQRNKBBR w - - 0 8,opening,a1b3,-155,a1b3:-155;f1g2:-156;c2c3:-160;d1e3:-175;d1b2:-181;g1h2:-182;h1h3:-185;a2a3:-197
q1r1rb1b/2ppp1pk/npn5/5p1p/pPP1Q3/P2P4/4PPPP/1NRNRBKB w - - 1 9,opening,e4f5,291,e4f5:291;e4f3:201;e4h4:184;e4d5:177;e4e3:91;e4f4:81;g2g4:-313;g2g3:-448
n1nnkrn1/prp1ppqp/1p1p2p1/8/2P5/8/PP1PPPPP/NRNNKRNQ w - - 2 6,opening,g2g4,-5,g2g4:-5;a1c2:-42;g2g3:-42;f2f4:-42;c1d3:-46;b2b4:-49;d1c3:-50;e2e3:-53
rbr3bk/p4pp1/8/Ppp3bp/3ppq1P/3P4/2BbP1P1/RBR1QBK1 w - - 0 19,opening,g2g3,-788,g2g3:-788;e2e3:-99995;e1g3:-99997;d3e4:-99998;e1d2:-99998;h4g5:-99998;b1a2:-99998;c2d1:-99998
knrnr1qn/pp2p2p/2pp1pp1/5P2/8/P1N3N1/1PP1n1PP/KR1NR1QN w - - 0 8,opening,e1e2,147,e1e2:147;g3e2:140;c3e2:125;g1e3:-335;g1f1:-345;g1f2:-350;g1a7:-638;c3d5:-646
n2q3k/pp2pp1p/1p3rn1/n1r3p1/2PN4/PP1PP1n1/3N1PKP/N1R2QR1 w - - 2 16,opening,h2g3,225,h2g3:225;g2g3:-155;f1d1:-340;f1e1:-374;f2g3:-412;d2e4:-659;b3b4:-678;c1c2:-683
b1bbkbr1/2qp3r/p3pp1p/1pp2p2/4QP1P/1PP5/P2PPKP1/2BB1BRR w - - 2 12,opening,e4a8,-490,e4a8:-490;e4d3:-587;e4e3:-624;e4f3:-724;e2e3:-728;e4e6:-750;e4f5:-751;c1b2:-795
qrb1b3/1pkp1rpn/5n2/p1P1p3/P4P2/Q1BP3p/2P1P1PP/1NRKB2R w - - 0 16,opening,c3e5,292,c3e5:292;c3a5:290;a3b2:253;a3b3:251;f4e5:246;h1g1:245;g2h3:238;b1d2:230
q1bbnrnr/kp1p1ppp/8/p1p1P3/5B2/5N2/PPP1PPPP/Q1KB1RNR b - - 0 5,opening,f7f6,25,f7f6:25;b7b6:29;g8e7:68;b7b5:85;e8c7:90;g8h6:90;h7h6:94;d8c7:105
2kbr1r1/2pppR1b/8/ppq3p1/4Q1pP/2b5/PPKP1Pb1/B2B1RB1 b - - 4 17,opening,c3f6,-99996,c3f6:-99996;c3b4:-99996;h7e4:-99996;g2e4:-99996;c3d4:-99996;c3h8:-99996;c3g7:-99996;c3e5:-99996
1b2rbrn/2pk1p2/pQ5p/3pp2n/2P2Pp1/PP1PP1P1/5N1P/1BKR1BRq w - - 1 21,opening,g1h1,-231,g1h1:-231;b6c6:-285;f2h1:-293;b6b5:-309;b6a6:-318;b6c7:-329;b6a5:-338;b6b7:-341
rk1qbbnr/1pp2p1p/1n6/p2pp1p1/2P2PP1/PP1P2B1/4P1BP/RKNQ2NR w - - 0 9,opening,f4g5,25,f4g5:25;f4e5:-108;e2e3:-176;g1f3:-188;f4f5:-192;g3f2:-205;d1c2:-215;c4c5:-221
1qn1knrn/1p2ppQ1/1n1r4/p1p3pp/P4PP1/1P1pN2P/2NPP3/1R2KR1N b - - 1 18,opening,g8g7,-832,g8g7:-832;d3c2:-827;d6g6:-573;d3e2:-440;d6h6:-260;g5f4:-259;h5g4:-245;h8g6:-230
kbnr3r/p2bp2q/2ppn1pp/1pP1Pp2/1P6/3P2P1/P2N1P1P/KBNRBQR1 w - - 1 14,opening,d2b3,32,d2b3:32;f1e2:-15;c1e2:-48;c1b3:-57;f2f4:-60;f1g2:-65;h2h4:-66;a2a3:-70
n1k3r1/ppbpr2p/1np1pqp1/5p2/3P1bP1/PN3B2/1PP1PQ1P/NK1BRR2 w - - 3 13,opening,g4f5,-171,g4f5:-171;e2e4:-193;b3c5:-222;e2e3:-227;b1a2:-242;b3a5:-244;f1h1:-248;a3a4:-265
qnnkrrnn/2ppp2p/pp6/5pp1/P4P1P/2N3P1/1PPPP3/Q1NKRRNN w - - 0 7,opening,h4g5,150,h4g5:150;c1d3:11;a4a5:6;g1f3:4;a1a2:-37;b2b3:-57;g1h3:-61;h1f2:-64
1r1nr1kn/3q4/2b1bpp1/pppp1p1p/2P2P2/PP1P1R1P/1B2PNP1/R2NQK2 b - - 5 21,opening,d5d4,-539,d5d4:-539;b5c4:-443;d5c4:-421;g8h7:-367;d8f7:-366;d7f7:-357;b8c8:-354;a5a4:-345
rrqnkbn1/2pppp2/7P/pp4p1/2P4P/4b2N/PP1PP3/RRQ1KBNB b - - 0 10,opening,f8h6,204,f8h6:204;g8h6:225;g8f6:265;e3d2:327;e3d4:345;e3g1:414;g5g4:437;e3f2:446
1k1rbbrb/p4pp1/5b2/2qPp3/PBBPP3/1P5p/1R3PPP/K4BRB w - - 1 19,opening,d4c5,328,d4c5:328;b4c5:163;b4d2:-418;b4e1:-450;d4e5:-450;a1b1:-463;f1e2:-478;g2h3:-484
rbbkqb1b/ppp2prp/8/1B1pp1p1/1P6/P3P3/2PP1PPP/RBBKQ1RB w - - 1 5,opening,b5e8,434,b5e8:434;c2c4:-124;b5e2:-148;b5f1:-168;e1f1:-184;a3a4:-190;e1e2:-220;b5d3:-222
1rq1r1kb/1b2b1bp/p4pp1/Qpppp3/2PP1P1P/P3P3/1P4PK/B1RBRB1B w - - 0 14,opening,c4b5,58,c4b5:58;c4d5:-7;g2g3:-54;b2b3:-103;d4c5:-132;d4e5:-147;a5d2:-150;g2g4:-174
bb2r3/3bb1p1/2rk1p2/ppp4P/P1PB1p2/1P3B1P/3P4/BK2QR1R b - - 4 22,opening,c5d4,407,c5d4:407;d7f5:452;e7f8:475;d6c7:489;e7d8:494;c6a6:568;d7e6:572;d7c8:575
1bbknB1q/3p4/4pprp/pPp3p1/P1B3P1/1N1PnP2/1P1KP2P/4R1RQ b - - 2 20,opening,e3c4,-79,e3c4:-79;h8f8:113;b8f4:132;f6f5:144;d7d6:216;b8a7:233;d7d5:239;e8d6:255
b1rq1b1r/pppp3N/4knp1/nN2pp2/B4P1p/2P1P2P/PPRP2P1/B2QK2R w - - 0 16,opening,h7g5,207,h7g5:207;h7f6:194;h7f8:118;b2b4:13;e3e4:-84;f4e5:-130;b5a7:-137;g2g4:-153
1n1krrqn/p1npppp1/1n5p/1P6/1P1N4/P1pP2NP/2K1PPP1/1NN1RRQ1 b - - 0 13,opening,e7e5,115,e7e5:115;f7f5:209;d7d5:211;b6a4:221;g7g5:239;f7f6:245;d7d6:248;h8g6:255
nnkrr2n/npp2pp1/4pq2/p2p4/1P1Q4/N1P1P2P/PK1P1PP1/N2RR1NN w - - 7 15,opening,d4a7,257,d4a7:257;b4a5:160;d4f6:138;a3c2:60;b4b5:55;g1f3:50;a1c2:45;g1e2:44
3q1kBr/1pr1p3/2nb1p1p/p1Pp1b2/Q4N2/1PP1PPBP/4K1n1/R2NR3 b - - 0 22,opening,d6f4,-453,d6f4:-453;g2f4:-221;h8g8:-216;f5d3:-145;d6c5:-138;b7b5:-134;c6d4:-128;c7d7:-74
qb2knnr/1p2pp1p/p1pr2p1/P2b4/1P1p4/B1PP3N/1Q1RPPPN/1B2K2R b - - 13 15,opening,d5g2,-297,d5g2:-297;b7b5:-80;d6d8:-42;g6g5:-42;g8f6:-33;b8c7:-25;d6d7:-19;d6f6:8
qnkbrrnb/p1pp2p1/1p5p/8/3pP1pP/5P2/PPP1R3/QNKB1RNB w - - 0 7,opening,a2a4,-289,a2a4:-289;b1d2:-293;a2a3:-293;h1g2:-295;e4e5:-301;e2g2:-345;f3f4:-346;b2b4:-351
kb1bb2r/pprppp2/2p5/P5p1/3b1P2/2P4P/1P1PP1P1/K1RBBRQB b - - 0 8,opening,d4g1,-61,d4g1:-61;d4f6:568;c6c5:571;d4g7:576;d4b6:619;e7e5:619;d4c3:620;g5f4:639
3q3b/1n1p2rn/p5pp/1k3p1P/1bNPpPP1/4P2R/PPP5/QBKN3R w - - 1 19,opening,a2a3,482,a2a3:482;h5g6:459;a2a4:459;c2c3:433;g4g5:427;h3h2:425;g4f5:416;c4e5:391
krb1r1q1/2p3pp/pp2pnn1/3pPp1P/1b6/PP1P1P2/K1PN2PQ/1RBBR2N b - - 0 13,opening,g6e5,239,g6e5:239;b4c3:358;b4d2:379;d5d4:386;f6h5:387;g6e7:399;b4e7:410;b4a5:416
n1rqk1rn/ppp1ppp1/n2p2np/2N5/8/1PN3P1/P1PPPP1P/N1RQKN1R b - - 4 7,opening,d6c5,-394,d6c5:-394;a6c5:-360;g6h4:-60;g6f4:16;f7f5:104;a8b6:125;e7e6:128;d6d5:134
nnnkr1r1/1pp1n2p/3p1pp1/p3N3/3q4/1PPPPP1P/P2KR1PQ/NN3R1N w - - 3 17,opening,e5f7,735,e5f7:735;e3d4:630;c3d4:613;e5c6:566;e5g4:395;e5g6:276;e5d7:266;e5c4:173
b5rr/4k2p/3p4/p1p3p1/1PP5/6Pb/P2PPP2/B1BBK1RB w - - 0 19,midgame,b4c5,655,b4c5:655;a1h8:624;b4a5:596;d2d3:586;h1a8:585;b4b5:583;c1b2:580;g3g4:577
3k1b1r/2rpn1p1/2pP1p2/2p1p3/p2PB3/1P2KNq1/P1R1R3/1Q1N1B2 b - - 0 23,midgame,e5d4,96,e5d4:96;e7f5:166;c5d4:190;f6f5:210;e7d5:240;h8h1:265;c7b7:280;a4b3:303
bbq1nrrn/pppk1p2/3p2pp/4p3/P3P3/3N1P2/1PPP1NPP/BBQ1KRR1 b - - 0 7,opening,f7f5,115,f7f5:115;a7a5:134;g6g5:139;c7c5:140;a7a6:141;b7b6:147;h6h5:149;d7d8:149
1q2b2r/p1pk1p2/1r2pn2/1p1p1b1N/4P3/P2P1P1N/1PP2BPP/QRBK3R w - - 5 13,opening,h5f6,759,h5f6:759;e4f5:555;c1e3:499;b2b4:497;f2b6:494;b2b3:486;h3f4:449;c1d2:444
q1br1k1r/4p1pp/3pnpPn/ppQP4/8/P3B1N1/2PRPP1P/1Bb1KN1R w - - 0 17,opening,c5c3,-75,c5c3:-75;c5b5:-86;c5b6:-215;c5a7:-224;c5c6:-270;c5c8:-444;d5e6:-506;e3h6:-524
knrnqrnn/2p1pp2/6pp/pp1p4/5P2/P1N3NN/1PPPP1PP/KNRQ1R2 b - - 1 6,opening,e8d7,45,e8d7:45;e7e6:57;d5d4:66;e8c6:74;d8b7:78;c7c6:99;g8f6:101;f7f5:113
k1rrq1bb/pppppp2/4n1pp/8/1K1P2P1/P3P3/2P1QP1P/1NRR1NBB b - - 0 9,opening,c7c5,-144,c7c5:-144;f7f5:-111;d7d5:-42;d7d6:32;h6h5:71;c7c6:109;g6g5:128;f7f6:136
q1bbrkbr/pp1p1ppp/8/2p1p2B/2P2b2/P3P3/1P1P1PPP/QBB1RKBR b - - 0 4,opening,f4h6,14,f4h6:14;f4g5:54;g7g6:209;b7b6:283;d7d5:285;f7f6:286;b7b5:289;d7d6:292
1rn1kqrn/p3ppp1/nppp4/P5n1/4PPP1/2NP2Np/1PPK3P/NRN2QR1 w - - 2 13,opening,f4g5,431,f4g5:431;d3d4:381;a5b6:306;a1b3:255;c1e2:245;b2b4:242;e4e5:234;g3e2:229
nbbrqr1k/2p1pppp/1p1p1n2/p7/P7/6P1/1PPPPP1P/NBBRQRNK w - - 0 5,opening,b2b3,-110,b2b3:-110;a1b3:-119;d2d4:-123;f2f3:-123;c2c3:-133;c2c4:-149;d2d3:-173;g1f3:-183
r1b1kb1r/pp1pp2B/2p2p1n/4q1p1/4Q1PP/2P1bP2/PP1P4/RBBK2NR b - - 2 13,opening,e5e4,76,e5e4:76;e3g1:139;e3f4:224;e3b6:265;e5g3:273;e3c5:293;h8h7:300;e3f2:304
rr2n1bk/n5p1/p2ppp2/2B3Pp/8/5NPP/PPPPB1K1/RR2N3 w - - 0 19,opening,c5a7,545,c5a7:545;c5a3:512;c5e3:510;c5g1:509;c5f2:503;c5d4:487;g5f6:460;f3h4:333
2krqbn1/2b3p1/1n1pN2r/1p2pP2/1p2QP2/P2P2pN/K1P4P/2RB1B1R w - - 0 19,opening,e4b4,133,e4b4:133;c2c3:120;h3g5:108;a3b4:108;c2c4:103;e4g2:97;e4e1:97;e6d8:76
qrk2nn1/ppprp1p1/3n1pn1/3p3p/3P1P2/1P2P1P1/P1PK3P/QR1RNNNN w - - 3 7,opening,h1f2,37,h1f2:37;d2e2:33;g1f3:32;e1d3:29;g1e2:26;a2a4:24;b1c1:6;d2c1:-4
n1br1kr1/q6p/ppp3p1/2p2p1P/3P4/1NR2PP1/PPP1KB1R/1QB5 b - - 0 19,opening,g6g5,348,g6g5:348;a7e7:388;a6a5:392;a8c7:398;c5c4:401;c5d4:405;g6h5:406;d8d5:431
rr4k1/2ppbbp1/4p1n1/1P2nN1p/1q2NP2/4Q3/2BPPBPP/RR4K1 w - - 6 22,opening,f5e7,521,f5e7:521;a1a8:482;f5h6:402;f4e5:399;b1b4:379;a1a7:363;a1a6:318;e4f6:307
b1qrb1r1/pp1n1p1k/3p2pp/1Pp1p2P/P5P1/2P1PN2/3P1P2/BN1QR1RK b - - 3 14,opening,b7b6,-268,b7b6:-268;d7f6:-257;c5c4:-254;f7f5:-224;e5e4:-223;f7f6:-191;g6h5:-168;d7f8:-162
bkbrbrb1/1pqp1p1p/p1Q1p3/2p3p1/P5PP/3P4/1PP2P2/BKBRBRB1 b - - 1 9,opening,c7c6,-524,c7c6:-524;b7c6:-524;d7c6:-469;b7b6:99;f7f6:113;e6e5:155;d7d6:166;f7f5:226
nn1r1knr/4p2p/q1p1p2p/ppP2p2/P7/4P1Q1/NP1P1PKP/2N1R2R b - - 3 23,opening,g8f6,-429,g8f6:-429;f8f7:-372;b5b4:-360;b8d7:-342;b5a4:-334;f8e8:-305;a6c8:-300;a6b7:-283
nnqr1nQr/2ppp1kp/p5p1/1pN1P3/1P3pn1/P2N4/2PP1PPP/N1R2NKR b - - 4 12,opening,g7g8,-688,g7g8:-688;h8g8:-658;g7h6:201
b1kbrr2/qpppp2p/4bppb/p7/P1P1PPPP/1P6/1K1P1R2/BQ1BR1BB b - - 0 9,opening,c7c5,226,c7c5:226;c7c6:230;e6g8:234;c8b8:236;d7d6:238;b7b6:241;h6g7:242;e6f7:243
rb1nbrnq/p6p/2kp1pp1/4p3/p1p1PP2/1PN3B1/2PP2PP/RBK2RNQ w - - 0 11,opening,b3c4,265,b3c4:265;f4e5:261;g1f3:239;g1e2:229;b3b4:220;c3a4:218;f1f3:216;a1a4:202
nnrrn1kq/1ppppppp/6n1/p7/8/N3P3/PPPP1PPP/N1RRNNKQ w - - 5 5,opening,h2h4,78,h2h4:78;g2g3:74;d2d4:74;a1b3:73;c2c4:61;c2c3:54;f2f4:54;d2d3:53
rr1kbqn1/ppppppb1/3n4/6pp/N7/7P/PPPPPPP1/RR1KBQNB w - - 2 5,opening,g2g3,-84,g2g3:-84;g2g4:-93;f2f4:-97;e2e3:-98;a4c5:-101;d2d3:-106;a4c3:-110;g1f3:-110
1nrqknrn/1ppppp2/p7/6pp/nP1P2P1/N3NP2/2P1P2P/N1RQK1RN b - - 0 8,opening,h5g4,-30,h5g4:-30;a4b2:17;c7c5:23;d7d5:40;b7b5:58;e7e6:68;h8g6:72;a4b6:86
1b1b2rb/k1p1b1p1/5r2/p1q1pBPp/1Ppp3P/1Q1P1PR1/P3P1B1/KB4RB w - - 3 22,opening,b4c5,292,b4c5:292;g5f6:269;d3c4:237;b3b2:146;b3c2:139;b3c4:124;f5h7:57;f5e4:5
1n1rn2q/p1ppp1pp/5rk1/1N1n1p2/PP5P/2PP4/1nN1PPP1/1N1R1RKQ b - - 2 12,opening,b2d1,-297,b2d1:-297;c7c6:-267;a7a6:-245;e7e6:-204;b2a4:-186;g6f7:-169;e7e5:-168;d5b6:-165
1bbrbbkq/r1pp1ppp/8/pp2p3/2P4P/8/PPBPPPP1/R1BRBBKQ w - - 0 5,opening,d2d4,171,d2d4:171;c4b5:151;h4h5:143;d2d3:129;g2g3:94;e2e4:87;h1h2:63;a2a3:49
n1rrnnk1/1ppp1p1p/5qp1/pN6/Pn2pQPP/1P1NN3/2PPPP2/N1RR2K1 b - - 3 11,opening,e4d3,-450,e4d3:-450;b4a2:-213;f6h4:-162;f6e7:-92;b4d3:-71;f6g7:-23;b4c2:-20;d7d5:-11
2rkrqnn/p1p1p1p1/Qnn2p1p/P2p4/1p1P4/1P2P3/2PK1PPP/RNN1R1NN w - - 2 9,opening,a5b6,320,a5b6:320;a6b5:316;g1e2:313;h1g3:302;c2c4:298;c1d3:288;d2d1:275;e1d1:272
1nkrr1nn/2ppppq1/pn4pp/1p6/3P2P1/NNP1P2P/PP3PQ1/2KRR1NN w - - 1 9,opening,f2f4,183,f2f4:183;b3a5:178;g1f3:158;a3c2:155;c1b1:153;b3c5:152;g2f1:146;h3h4:135
qr1nn1kr/ppp1ppbp/4b3/3p3P/6p1/1P3P2/PBPPPKP1/QR1NNBR1 b - - 6 7,opening,e8f6,50,e8f6:50;g7b2:52;h7h6:52;g7f6:63;b7b5:82;a7a6:91;b7b6:92;d8c6:105
r1bnbrkn/pp1pp1pp/8/2P2p2/4q3/2N1P1P1/P1PP3P/RQB1BRKN b - - 3 8,opening,e4c6,-98,e4c6:-98;e4e6:-97;e4g4:-96;e4c4:-17;e4e5:-6;h8f7:386;d8f7:390;f8f7:413
qnk1rrnb/1pbpppp1/p6p/2p5/6P1/4PN1B/PPPP1P1P/QNK1RR1B w - - 0 6,opening,b2b4,33,b2b4:33;h3g2:1;a2a4:-21;d2d4:-29;a2a3:-33;d2d3:-36;c2c3:-39;g4g5:-39
n4rqr/pp3pp1/n2k1n2/P1pNp2p/4P1P1/1N1P4/1PN2P1P/3KNRQR b - - 0 11,opening,f6d5,342,f6d5:342;h5g4:404;a8c7:413;f8e8:419;f8d8:431;d6d7:447;b7b6:465;f6g4:482
1kr1nbbr/pnppppp1/1p6/5q1p/4P3/3N2P1/PPPPBP1P/QKRN2BR b - - 4 9,opening,f5e4,-265,f5e4:-265;f5g6:-41;f5h7:-35;f5e6:-22;f5f6:50;f5b5:68;f5a5:75;f5g5:90
k1r1rnqb/3n1pp1/2pp3p/p5b1/P1P1P3/2KRP1NQ/3PB1P1/1NR4B b - - 3 22,opening,g7g6,-250,g7g6:-250;f8e6:-243;d7c5:-240;c8c7:-238;c8b8:-230;a8a7:-215;e8d8:-211;a8b8:-210
kbr1br2/pppp1p1q/4p1p1/4b2p/P2P3P/2P1b1P1/KPRBPP2/1B1B1RQB w - - 3 9,opening,f2e3,409,f2e3:409;d4e5:402;d2e3:385;g1g2:342;d2e1:249;h1b7:204;f1e1:172;a4a5:143
1b3q1k/r1b1p2r/1p2Bpp1/p1pP1P2/3P2n1/1P6/P1P1K1PP/RB1QN1NR w - - 0 19,opening,f5g6,409,f5g6:409;c2c3:409;g1f3:408;d1d3:396;e1f3:380;g1h3:377;d4c5:368;c2c4:348
n7/pb2pr2/4knr1/2Pp2b1/1P2P2p/Pp2N1P1/1B1R3P/3K3Q b - - 3 22,midgame,f6e4,-285,f6e4:-285;f7f8:-20;e6d7:37;f7h7:68;g5e3:75;d5e4:140;a8c7:149;f7g7:149
r3n1rn/kp1pp1pp/2p5/p3qp2/P1PnNn2/2N5/KP2PPPP/2R1NQR1 b - - 1 13,opening,f5e4,-522,f5e4:-522;f4e2:-461;d4b3:-440;d4e2:-432;g7g6:-404;d4e6:-400;e8d6:-398;d4c2:-383
rn1k4/1b1pqp2/p2Npnpr/2pP4/P1P3p1/1N1KP1b1/1P2QP1P/R4B1R w - - 2 23,opening,d6b7,31,d6b7:31;h2g3:-180;f2g3:-397;b3c5:-402;d6f7:-404;b3a5:-454;d6f5:-534;f2f4:-534
n1k1rrbn/3p2p1/pppQPp1p/1q6/6bP/P1P1PRP1/1P1P1B2/N1KR2BN w - - 3 19,opening,e6d7,-230,e6d7:-230;d6d7:-246;f3f4:-269;a3a4:-303;e6e7:-303;d1e1:-325;d2d3:-372;e3e4:-391
1bk1nbr1/pqp1p1p1/1p5p/1Pp2p2/6NP/5P2/PN1rP1P1/QBKR1BR1 w - - 0 15,opening,b1f5,686,b1f5:686;d1d2:598;c1d2:455;g4e5:378;e2e3:367;d1e1:308;a2a3:266;g2g3:261
1rb1nrqn/pkpp1ppp/1p6/3P4/4p3/P1P3P1/1PBbPP1P/KRB1NRQN w - - 2 7,opening,c1d2,419,c1d2:419;c2e4:173;g3g4:157;f2f3:120;c3c4:119;c2b3:78;h2h4:75;h2h3:71
nrr2b1k/1p6/2p3p1/3ppPpp/np1NP3/6P1/2BP3P/N1RR3K w - - 1 23,midgame,d4e6,-143,d4e6:-143;d4f3:-164;d4e2:-235;c2a4:-243;d4c6:-247;d4b3:-256;d1f1:-263;f5g6:-296
2qrnkr1/p4Bpp/1ppb2N1/4pp2/P3P1b1/1P1N4/Q1PP1PPP/1RB3KR b - - 1 18,opening,h7g6,185,h7g6:185;f8f7:303
n1nrknr1/qppp2p1/p7/4pp1N/P6n/1N2PPP1/QPPP3P/2NRK1RN b - - 0 8,opening,h4f3,-164,h4f3:-164;h4g6:215;g7g6:349;f8g6:359;f8e6:378;a7b6:382;f5f4:384;c8e7:392
1krr2bb/2p5/3pq2b/pp2Pppp/1P1PP3/P1P2Q1P/2K2BP1/B1R1RB1B w - - 4 17,opening,d4d5,364,d4d5:364;c3c4:232;c1b1:0;f1b5:-4;e1e3:-68;f3d3:-109;c2d3:-124;g2g4:-253
brqk3b/pppp2rp/P4p1b/8/2QP1PpP/1P2p3/4P1P1/BRK1RBBB b - - 0 13,opening,b7b5,169,b7b5:169;g4g3:174;g7e7:183;c7c5:223;g7g6:232;b7a6:245;b7b6:248;d7d6:257
rbknbr2/p4p1p/2p1p1p1/1pp5/6P1/1P1BP1n1/P2P1P1P/RNKNBR2 b - - 1 12,opening,g3f1,-375,g3f1:-375;b8e5:-214;c5c4:-104;h7h5:238;g3f5:276;g3e4:286;g3h5:304;f7f5:304
qrbrb1bk/pp1p1ppp/2p1pb2/1P6/P6P/1R6/2PPPPP1/Q1BRBBBK w - - 1 7,opening,d2d4,230,d2d4:230;a1a3:168;c1b2:137;b3b2:117;a1b1:113;a1a2:102;c2c3:102;b3c3:27
bq1brbrk/p1b2p1p/1pppp1p1/8/4PPP1/3BR1R1/PPPP3P/BBQB3K w - - 4 8,opening,g3h3,-81,g3h3:-81;b2b3:-88;g4g5:-90;g3g2:-102;e3f3:-102;b2b4:-105;d1e2:-112;c2c4:-118
k1br1n2/2rp2p1/2pbqnPp/pP1p1P2/PP6/1B6/1K1PQP1P/2BR1R1N w - - 5 20,opening,f5e6,456,f5e6:456;e2d3:-152;e2f3:-193;h1g3:-213;f1e1:-243;d1e1:-258;e2e3:-297;e2e1:-332
b2brq1n/kp1p3r/3n2pp/pBp1pp2/2P3P1/P3P2Q/1PKP1P1P/B1N2RRN b - - 0 11,opening,f5f4,-309,f5f4:-309;b7b6:-288;d6b5:-282;f5g4:-272;g6g5:-239;h6h5:-209;f8f7:-207;h8f7:-206
nqbrk1br/p1ppppp1/4n3/1p5p/P7/3PP2P/1PP2PP1/NQBRKNBR b - - 0 4,opening,b5a4,-93,b5a4:-93;b8b7:-79;d7d5:-70;c7c5:-67;c8b7:-61;b5b4:-52;g8h7:-49;h5h4:-29
k1qr3b/p2pn1rp/1Bp1ppp1/2PB4/1n1P4/Np4PN/PP1RbP1P/KQ2R3 w - - 0 16,opening,b6d8,134,b6d8:134;d5b3:85;e1e2:57;d2e2:20;d5h1:-34;d5g2:-39;b6a5:-40;d5c4:-48
k1r2nqb/pp3pp1/1n4P1/2p4p/2N2P1P/r7/PPPbBQ2/K1R3RB w - - 3 18,opening,c4a3,387,c4a3:387;c1d1:374;c4d2:316;f2g2:305;c4b6:280;c2c3:272;c1b1:269;c1f1:255
qrk1nnnn/1ppr2pp/3p4/2N1pp2/p5P1/P2PP2P/1PP2P1N/QRKR2NN w - - 0 9,opening,c5d7,186,c5d7:186;a1a2:19;b2b4:-201;c5a4:-276;h2f3:-278;g1f3:-287;f2f4:-315;b2b3:-315
qbbbrkbr/1p1ppp2/p1p5/6pp/4P3/1BP5/PP1PRPPP/QBB2KBR w - - 0 6,opening,d2d4,94,d2d4:94;h2h4:82;e4e5:59;f2f3:40;b1c2:32;a2a4:21;d2d3:0;f1e1:-33
b1k2nrr/ppp2p1p/3p2pN/2n1p3/N3P1P1/6bP/PPPqBP2/BK1Q2RR b - - 3 13,opening,d2h6,-180,d2h6:-180;c5e4:-157;d2d1:-34;g3f4:142;d2f4:251;d2g5:255;c5b3:371;d2d4:409
nk1brqr1/n1pppp1p/p7/1p2N1p1/2Pb1P2/1B6/PP1PP1PP/NK2RQRB w - - 4 6,opening,e5d7,666,e5d7:666;c4b5:197;g2g4:189;f1f3:182;a1c2:155;g2g3:154;e2e3:139;e1c1:133
1bbk1brr/p1pb2p1/5p1p/1p2p3/4PP2/8/PPP1K1PP/BBB2BRR b - - 0 11,opening,c7c6,-225,c7c6:-225;a7a5:-199;f8c5:-199;c7c5:-187;f8d6:-177;d7g4:-159;c8b7:-152;e5f4:-151
qkrn1b1r/ppp1p1pp/3p4/2n2p2/2bP3P/KP2P3/P1P2PP1/QR1NNBBR b - - 3 7,opening,c4f1,-210,c4f1:-210;c5b3:-83;c4a6:-5;c4f7:281;c5e4:295;e7e5:296;c4g8:313;c4d5:330
brbbrk2/ppp1pp2/3p2pq/4b3/PB3PPp/4P2P/1PP1K3/BR1BR1QB b - - 1 11,opening,e5g7,-105,e5g7:-105;e5h8:-90;a7a5:-56;c7c5:-38;e5f4:202;b7b5:244;c8g4:268;e5f6:269
3rk2b/1qp2pr1/1pn1pnPp/p6p/2PpP3/PPQ5/3P1RP1/R1BN1KNB w - - 1 18,opening,g6f7,181,g6f7:181;c3f3:151;c3h3:32;c3b2:-120;c3g3:-139;c3d3:-163;c3c2:-211;f2f6:-511
2kbrrnb/p1pp2p1/1q3p2/nN5p/B1p1P3/P6N/QP1PPRPP/1K1R3B w - - 1 13,opening,g2g3,-47,g2g3:-47;d2d4:-80;e2e3:-86;d2d3:-94;f2f5:-107;b5c3:-122;e4e5:-156;d1c1:-169
b1brrb1b/kp1qp3/p2p1p2/P1p3pp/4P1P1/K1P2P2/1P1PQ2P/B1BRRB1B w - - 1 11,opening,d2d4,-11,d2d4:-11;b2b4:-86;a3a2:-100;c3c4:-107;b2b3:-108;d2d3:-112;e2f2:-118;f1g2:-155
knrr1qb1/5pbn/2p1p3/ppBp2pp/P1P2P1P/1R4N1/1P1PP1P1/KN1R1Q1B w - - 0 15,opening,c5f8,515,c5f8:515;d2d4:343;f1g1:319;f1f2:309;b3b5:261;g3e4:187;d1c1:-128;a4b5:-151
rbrb1qbk/ppp1pbpp/5p2/3p4/P7/1B2P3/1PPP1PPP/R1RBBQBK w - - 2 5,opening,d1g4,111,d1g4:111;c2c4:21;d2d3:-14;d2d4:-26;a4a5:-28;d1e2:-44;f2f4:-65;c2c3:-66
2q1r2k/ppp2p1r/n4npp/3NpP2/1PNP4/3nP3/P1P3Nn/2NQ1RKR b - - 6 22,opening,f6d5,101,f6d5:101;h2f1:142;d3b2:298;f6e4:309;b7b5:328;d3c1:329;a6b4:333;e5d4:334
b1k2rrb/2pq1pp1/n3n3/p2P3p/1P3P2/N2p3P/PKPP2P1/B3QRRB b - - 0 16,opening,d7a4,-543,d7a4:-543;a5b4:-529;a8d5:-524;g7g6:-503;e6d4:-497;g7g5:-488;f8e8:-484;d7d5:-479
nkr3n1/1pp1bppQ/4B2p/p3P1b1/q2p4/1PP1PB1P/P1R1NPP1/NK5R b - - 1 17,opening,a4e8,689,a4e8:689;d4d3:707;c8d8:721;a4a3:724;d4c3:726;f7e6:731;d4e3:733;a4b5:751
bkqr1bb1/p1ppp2r/B4p1p/1p1b2p1/3PP2P/PP3PB1/2P3P1/BKQR2BR b - - 2 10,opening,c8a6,-117,c8a6:-117;d5b7:234;a8b7:282;d5b3:461;d5e4:543;f6f5:557;g5h4:569;h7g7:604
qr2r2b/ppkn1Npp/2p4n/2Ppp3/3P2P1/1Pb1P3/PQ3PBP/R1KBRN2 w - - 0 13,opening,b2c3,37,b2c3:37;b2c2:-227;b2b1:-447;b2e2:-460;b2a3:-460;f7d6:-513;f7h8:-513;f7g5:-558
rq2nrn1/p1kp2bp/1p3p1p/2pbp3/2Q1PNP1/P1P5/1P3P1P/R2K1RNB w - - 0 13,opening,f4d5,180,f4d5:180;c4d5:-198;e4d5:-343;c4b5:-441;c4a4:-484;c4d3:-509;c4a6:-538;c4e2:-559
n1br1n2/p2pk1pr/1p5p/2p1p2P/1PP5/1N3P1b/P1NPK2R/2B1R1B1 b - - 1 22,opening,d7d6,-49,d7d6:-49;d7d5:23;h3f5:36;h3e6:41;f8e6:137;g7g5:156;c5b4:185;a8c7:192
1kr2b1B/3pp3/3qbp2/r1p3b1/p1p1B3/PPP1P2B/3PR2P/RK1B4 b - - 0 23,opening,e6h3,-660,e6h3:-660;c4b3:-617;a4b3:-610;a5a7:-595;a5a6:-555;b8c7:-522;f8h6:-517;e6d5:-505
1nrnq3/pk1pp1pp/6n1/1pp2p2/1P2PP2/2N2RNQ/r1PP2PP/K1RN2N1 w - - 0 11,opening,c3a2,578,c3a2:578;a1a2:444;a1b1:279
k1brbbqr/1p2p1p1/p4p2/2ppbB1p/2P1P1P1/P6P/1P1P1P2/K1BRBBQR b - - 1 7,opening,d5c4,-307,d5c4:-307;e7e6:-257;d5d4:-246;c8f5:-239;e8a4:-213;d5e4:-206;e5d4:-189;h5g4:-179
bkbr2qb/pppp1p1Q/8/8/4rp2/b7/PPPPP1PP/BKBRRB1B b - - 0 5,opening,g8h7,-590,g8h7:-590;a3b2:159;a3d6:249;e4b4:254;h8b2:292;a3e7:326;g8e8:329;b7b6:356
1r1qkn1r/ppb1p3/1npp4/6pp/P2PpP1P/Rb4P1/1PP1KN2/1B1Q1NBR b - - 1 13,opening,b3c4,-161,b3c4:-161;b3e6:-111;b3f7:-95;b3a4:-83;b3g8:-39;b3d5:-33;g5f4:16;d6d5:33
rr1kb2b/pp1p2pp/1np1p2n/2N2pq1/6P1/1PP1PP2/P2P2BP/RR1KBQN1 b - - 3 8,opening,f5g4,-32,f5g4:-32;g5e7:-30;g7g6:16;e6e5:55;g5f6:57;a7a5:95;h6f7:98;b6d5:108
rr2kb1b/2qpp1p1/2p1nn1p/pp1B1p2/3P1P2/6PP/PPP1P3/RRQNKB2 b - - 2 9,opening,c6d5,-696,c6d5:-696;f6d5:-670;e6f4:-566;e6d4:-536;e6g5:-496;e6c5:-494;e6d8:-490;c7d6:-489
n3nk1q/1p5n/3rpNp1/p1N5/r1P5/8/1P1PPPPP/1NNR1KQ1 b - - 0 18,midgame,a4c4,234,a4c4:234;a4a1:264;a8b6:292;e8f6:316;a4b4:319;h7f6:353;h7g5:373;h8f6:381
k3r2r/2qpppp1/npn3Np/2p4n/P1P2n2/1pNPPPPP/8/K2QRNNR w - - 0 15,opening,c3b5,222,c3b5:222;g6f4:194;g6h8:165;g3f4:-107;e3f4:-119;g6h4:-175;g6e7:-236;g3g4:-292
nnnrqn1k/1ppppprp/p5p1/8/4P3/P5P1/1PPP1P1P/NNNRQNRK w - - 1 4,opening,d2d4,78,d2d4:78;a1b3:68;f2f4:66;b1c3:64;d2d3:59;f1e3:58;c2c3:54;c1e2:50
3q1bn1/1b1kb1Q1/rp2p3/3PPp1r/p2p3P/3B2P1/1P1P1P2/R1BK3R w - - 0 21,opening,g7g8,-180,g7g8:-180;g7f7:-269;g7g6:-321;d3a6:-358;d5e6:-360;d3b5:-458;g7f8:-522;g3g4:-542
1kr1r1n1/1p1bpp1p/6nb/p1p2Pp1/P1q1P1P1/BPpB3P/2PPR3/QK2R1N1 b - - 2 19,opening,c4d4,178,c4d4:178;c4d3:319;c4b4:401;c4a4:448;c3d2:492;g6f4:497;c4a6:497;d7f5:516
bk1r1rb1/ppp1pp1p/4b2q/3p4/bPP3p1/2BP2B1/P3PPPP/BKR2RBQ w - - 4 8,opening,c3g7,159,c3g7:159;c4d5:98;f2f3:83;c3e5:64;h2h3:42;f2f4:7;h2h4:-23;a1b2:-37
1br1k1nr/1q1npp1p/QpNp2p1/2p1B3/3PPP2/PP5P/2P5/1B1R1K1R b - - 0 18,opening,b7a6,-715,b7a6:-715;b7c6:80;b7c7:168;c8c7:474;c8c6:528;d6e5:563;g8f6:636;e7e6:658
brknqrbn/1ppp2pp/5p2/p3p3/3PP2P/8/PPP2PP1/BRKNQRBN w - - 0 4,opening,d4d5,82,d4d5:82;b2b3:41;a2a4:-126;a2a3:-134;b2b4:-141;d1c3:-143;d4e5:-161;e1a5:-162
rk1nrnqn/2pppppp/3n4/pp6/P7/3NP1N1/1PPP1PPP/RK1NR1QN b - - 1 4,opening,b5b4,52,b5b4:52;b5a4:73;e7e5:85;f7f6:86;d8b7:86;a8a7:100;h8g6:113;b8c8:113
qbknrnrb/1p2p2p/5pp1/p1pp4/3P1P2/2N4P/PPP1P1PN/QBK1R1RB w - - 0 6,opening,g2g3,-79,g2g3:-79;e2e3:-99;c3d5:-137;c3a4:-147;h2f3:-174;g1f1:-224;e1f1:-248;h2g4:-256
rbbqkbnr/p2pp1pp/1p6/2p2p2/P7/R2P4/1PP1PPPP/1BBQKBNR b - - 0 4,opening,c8b7,-22,c8b7:-22;e7e6:-17;g7g6:-10;g8f6:13;b8c7:33;c5c4:36;a7a6:36;f5f4:40
kr6/1ppQ1rpq/P1n1p2p/p1P1nN2/3P2R1/P4P2/4P2P/KNRNn2N w - - 1 18,opening,d7e6,252,d7e6:252;a6b7:233;g4g7:-117;d7f7:-263;d7c6:-338;a6a7:-373;d4e5:-390;f5e7:-404
1rnk1q1n/2n1p2p/1p1pn1r1/p4pp1/P1PQ1P2/1P6/3PP1PP/NRNNK1RN w - - 1 12,opening,d4f2,-26,d4f2:-26;d4c3:-73;d4b2:-90;d4e3:-131;d4d3:-142;a1c2:-509;d4d5:-536;d4h8:-582
kbrb1rqb/ppp2ppp/8/1b1pp3/3P1P2/P1P5/1P2PRPP/KBRBB1QB b - - 0 5,opening,e5e4,-21,e5e4:-21;e5d4:-13;c7c6:17;e5f4:71;g7g6:73;b5d7:114;d8e7:139;f8e8:141
brqbrbkb/pp1p1p1p/2p1p1p1/8/P4P2/3P4/1PP1P1PP/BRQBRBKB b - - 0 4,opening,f8h6,-245,f8h6:-245;e6e5:-240;b7b5:-239;d8b6:-200;a7a5:-194;d7d5:-184;d8f6:-183;f8g7:-183
nr1nk1rn/pppp1pq1/4p3/6pp/P1nP3P/1P2NP2/2P1P1P1/NRNK1QRN w - - 1 8,opening,e3c4,253,e3c4:253;b3c4:-150;e3f5:-164;e3g4:-261;e3d5:-334;f1f2:-410;f1e1:-434;d1e1:-554
1brbbqbk/1pp2ppp/r2p4/p2Pp3/8/2P3P1/PPR1PP1P/RB1BBQBK w - - 0 6,opening,c2d2,34,c2d2:34;f1h3:30;f2f3:16;e2e4:-3;f2f4:-7;c3c4:-37;g3g4:-38;a2a4:-59
nqn1r1kb/p1p5/1p2rp2/2bpp1pp/P3PPP1/1NPQ1K2/1P1P3P/N2RRB1B w - - 4 18,opening,f4f5,151,f4f5:151;b3c5:137;g4h5:106;f4e5:58;h2h3:36;f3g2:30;f4g5:19;a1c2:1
1kbrrb1n/q1ppNp2/p7/1pPn4/P2PpPp1/8/1P2P1PP/QKBRRB2 b - - 2 12,opening,f8e7,-453,f8e7:-453;e8e7:-449;d5e7:-412;c8b7:-319;a7b7:-246;a7a8:-235;d5f6:-232;d5b4:-227
r2q1bn1/1kp1p2r/pn1p2pp/1p3PN1/1PP5/P2PP3/KR3PbP/2NQ1BR1 w - - 0 16,opening,f1g2,514,f1g2:514;g5e6:504;f5g6:440;g5h7:327;c1b3:171;g5f7:120;h2h4:111;b2c2:108
kqrb1nrb/pp1ppp2/5n2/2p3pp/P2P2P1/2P1N2P/QP2PP2/K1RBN1RB b - - 0 8,opening,c5d4,-185,c5d4:-185;h5g4:10;f8e6:24;d7d5:69;e7e6:70;a7a6:70;b8h2:94;f8g6:110
k3rq1b/npp4p/pP1pp3/2n2P1P/P2N3b/5R2/2PPPNB1/1K1BRQ2 b - - 0 21,opening,h8d4,200,h8d4:200;d6d5:267;e6f5:271;h4f6:277;f8e7:287;f8h6:293;h4f2:305;a7c6:308
kr1r2nb/p4npp/4pp2/1pp4b/2P1p3/3P1PP1/PP1BP2P/KR2Q2R w - - 0 15,opening,g3g4,220,g3g4:220;d3e4:218;f3e4:150;c4b5:146;d2a5:138;b1c1:116;d2e3:103;d2f4:91
rq1bbbrk/1pp1p1pp/4b3/p2p1P2/3Pp3/6B1/PPPB2PP/RQ1B1BRK b - - 0 6,opening,e6f5,-227,e6f5:-227;e6d7:-130;e6f7:-128;e6c8:-90;e4e3:142;b8c8:343;b8a7:365;a8a6:369
1qn4n/2p5/p3Prpp/1p1k1P1n/P2Np2P/4RP2/1PP4N/2nK1R1N b - - 3 21,opening,d5d4,-388,d5d4:-388;c1a2:-367;g6f5:-340;c1e2:-313;c8d6:-302;c7c6:-288;c8e7:-274;b5a4:-267
rqnnnkr1/ppp2ppp/3p4/8/6Pn/2N1PpN1/PPPP4/RQN1NKR1 b - - 1 7,opening,c8e7,-236,c8e7:-236;c8b6:-207;c7c6:-145;d8c6:-139;g7g5:-128;h7h6:-124;d6d5:-119;b7b5:-111
2bqrnrb/2kpppp1/n1p4p/pp5P/4PP2/1P1P2P1/P1P3R1/NKBQRN1B b - - 0 8,opening,b5b4,148,b5b4:148;f8e6:152;g7g5:154;c7b8:164;d7d6:166;g7g6:167;c8b7:189;d7d5:190
krqnbr1b/3p1pp1/ppp3QB/4p3/1n4p1/1PNP1P2/P1P1P2P/KR3RNB b - - 7 11,opening,f7g6,-751,f7g6:-751;b4c2:-678;d8e6:-399;c8c7:-386;f7f6:-368;g7h6:-333;d8b7:-300;f7f5:-275
rn1qkbnr/pb2pppp/8/1p1p4/2Pp4/7P/PP2PPP1/RNBQKBNR w - - 0 6,opening,c4d5,-73,c4d5:-73;d1b3:-202;c4c5:-207;c4b5:-216;d1d4:-234;g1f3:-260;e2e3:-268;b2b3:-285
5rk1/1q1p1p2/Qrb5/p3PP1p/2p4n/PPn5/2P1PN1P/BRB1K2N w - - 5 23,opening,a6b7,299,a6b7:299;a6c4:66;a6a5:-207;f2g4:-369;a1c3:-376;h1g3:-381;f2e4:-427;a6b6:-428
nrnnkrnq/1pp3pp/p2p4/N3pp2/6N1/5P2/PPPPP1PP/N1R1KRNQ b - - 1 6,opening,f5g4,-426,f5g4:-426;b7b6:-413;c7c5:-201;g8e7:-173;c8e7:-167;g7g6:-156;a8b6:-154;h7h6:-139
b5rn/1k1prpp1/2p3np/pPb1p2R/2K5/3PN3/PP2PPP1/BQ1B2R1 w - - 4 17,opening,c4c5,509,c4c5:509;b2b4:481;b5c6:471;e3f5:433;d1a4:429;a2a4:409;a2a3:392;c4b3:387
brqb1b1b/p1p1rkpp/1p3p2/3p4/1P1P1P2/P3p2P/2PQP1PK/BR1BRB1B b - - 0 9,opening,e3d2,-866,e3d2:-866;c8h3:-490;c7c6:-99;g7g5:-83;f6f5:-67;f7g8:-32;c7c5:-30;e7e4:-21
2b2bkN/qn5p/pp1np3/3Qr3/1P1P4/P3R1p1/4PPPP/2B2BKR w - - 1 18,opening,e3g3,883,e3g3:883;d5e5:634;d5b3:106;d5f3:104;d5c6:-1;d5a2:-17;d5b7:-322;d4e5:-358
k1r1rnq1/1ppn2pp/1pn3n1/5p2/N4p2/N1NpQ1P1/P1PPP2P/K1RR3N w - - 4 19,opening,e3d3,-153,e3d3:-153;e3f2:-247;e3f3:-293;e3g1:-445;a4b6:-474;g3f4:-512;e3e8:-551;e3b6:-656
q1r1rknb/3ppp1p/1pp2np1/p7/3P1b1P/5NP1/PPP1PPBN/QBRR1K2 w - - 2 8,opening,g3f4,415,g3f4:415;e2e3:52;f3d2:11;c2c4:-175;a2a4:-183;c2c3:-192;b2b3:-193;f1g1:-197
bbbkqbrr/2pp1ppp/pp2p3/8/1P6/2B1P3/P1PP1PPP/1BBKQBRR w - - 0 4,opening,h2h4,-15,h2h4:-15;a2a3:-16;c1b2:-18;d2d4:-23;f2f3:-42;d2d3:-48;f1e2:-51;h2h3:-59
bbqknrrn/1pppppp1/p7/8/2P1N2p/8/PP1PPPPP/BBQKNRR1 w - - 0 4,opening,f2f4,116,f2f4:116;b2b4:104;e1f3:104;c4c5:102;b2b3:102;e4c3:102;d2d4:99;g2g3:96
r1b2nQ1/1p1rk3/q3p1p1/p1ppn3/2P1P2p/PP3PP1/RB1P3P/3RK1BN w - - 1 19,opening,g1c5,731,g1c5:731;b2e5:460;g8g7:343;g1e3:249;h1f2:212;d2d3:205;e4d5:195;g8h8:157
nknbrr1b/ppppp1p1/8/7p/PP2Bqp1/3P3P/1KP1PP2/N1NBRQR1 w - - 1 8,opening,e2e3,-219,e2e3:-219;c2c3:-247;b2b1:-261;c1a2:-263;a1b3:-293;b2a2:-342;c1b3:-375;d3d4:-439
bnk2n1b/3pr3/1q3pr1/p3p2p/ppP1P3/1Q1PNp2/6PP/1N1KR1RB w - - 0 21,opening,b3c2,-482,b3c2:-482;b3b2:-528;b3a2:-557;b3a4:-568;c4c5:-584;e3d5:-741;g2f3:-801;e3f5:-815
q4rb1/1b1k1p1r/2pb4/1B2P2p/p2p2Pp/1Q2P3/1BP2P1R/2KBR1B1 w - - 0 21,opening,b3d5,295,b3d5:295;b5a4:276;b3a4:262;e5e6:225;b3d3:221;b3c4:59;b3a2:-16;b5c6:-156
n3krnq/pr1pppp1/1np4p/1pn5/8/2NNPP2/PPPP1RPP/1RN1K1NQ w - - 0 8,opening,d3c5,483,d3c5:483;b2b3:132;g2g4:125;h2h4:121;g1e2:115;f3f4:115;g2g3:111;b1a1:110
b2qkb1r/p1rp1ppp/n1p4n/1p2p3/3P3P/1P5N/P1PQPPP1/B1RNKB1R b - - 1 9,opening,e5d4,30,e5d4:30;f8b4:72;e5e4:93;d7d5:99;d7d6:123;f8a3:127;f7f5:133;d8h4:135
rbbqkbnr/p2p2p1/8/1pp1pp2/P1P4p/BP6/2BPPPPP/R2QKBNR b - - 1 9,opening,e5e4,-55,e5e4:-55;d8f6:20;g7g6:71;g8h6:100;d7d5:103;b5b4:109;d8g5:118;b5c4:123
3rnbrb/kp3qp1/3pnp1p/2Ppp3/p1R3PP/1B3PR1/2QNP3/K3N2B w - - 0 23,opening,c4a4,237,c4a4:237;f3f4:-140;c5c6:-241;e1d3:-257;b3a4:-268;c5d6:-274;c4b4:-276;c4c3:-285
rbk1brn1/pppppp1p/2n2qp1/3P4/7P/P7/1PP1PPP1/RBKNBRNQ b - - 0 4,opening,c6e5,117,c6e5:117;c6d8:127;c6d4:179;a7a5:286;e7e5:291;b7b5:293;a7a6:328;f6d6:342
2bk2n1/r2b1p2/pppppr2/6pp/1PP2P1R/P2P4/Q2BN3/1R1K1N2 w - - 0 19,opening,h4h5,590,h4h5:590;h4h1:563;h4h2:559;h4h3:538;d2e1:524;d2e3:521;d2c3:477;a2a1:435
k3nrqn/r1p2pb1/B1Pp4/p3p1pp/Pp2bPP1/4P1Q1/1P1P3P/KRB1NR1N b - - 1 17,opening,f7f5,-750,f7f5:-750;a7a6:-574;h5h4:-489;e5f4:-473;g5f4:-443;f7f6:-402;h8g6:-251;e4c6:-222
nr1nk1rn/1p2pp1p/3n3q/p1pp2p1/5PP1/6RQ/PPPPP2P/NRNNK2N b - - 3 7,opening,h6h3,-222,h6h3:-222;h6h4:-72;h6g7:-33;h6f8:-17;h6f6:18;h6e6:41;g8g6:45;h6g6:56
nkrbq1nr/2R4p/3p4/pppP2pP/3b1p2/1BP5/PP2PPP1/NKRQ1BN1 w - - 2 14,opening,c7c8,330,c7c8:330;c7c6:-29;c3d4:-122;e2e4:-183;c7h7:-207;c7b7:-232;g2g4:-246;b3c2:-272
n1b1Bnrb/1p3p1p/1k3q2/p1pppPp1/P2P2PP/1PP3R1/2N1P3/1KBQRN2 w - - 0 17,opening,h4g5,670,h4g5:670;d4c5:624;c1g5:615;e2e4:595;f1e3:595;d4e5:595;g3d3:566;e8b5:562
2krr3/pN2pqp1/1nnp2np/5p2/N1Pp1N2/5nP1/PPK1P2P/3RRQ1N w - - 2 14,opening,a4b6,-218,a4b6:-218;b7d8:-224;f1f3:-225;e2f3:-233;b7d6:-248;c2b1:-325;b7a5:-370;c2c1:-409
nnqnn1kr/ppprppp1/3p4/7p/3PP3/N3Q1N1/PPP2PPP/N2RN1KR w - - 3 6,opening,h2h4,101,h2h4:101;h2h3:93;g3e2:69;c2c4:68;a1b3:65;g3f1:65;e1f3:50;g3f5:40
bb1knrrn/pqppppB1/7p/1p6/8/1P1N4/P1PPPPPP/1BQK1RRN w - - 1 6,opening,g7f8,296,g7f8:296;d3c5:262;g7h6:226;g7d4:127;g7e5:86;g7a1:86;g7c3:79;g7h8:70
nnr3rn/p1p1q1k1/1p1p4/6Pp/P2p1NP1/1PN2n2/7Q/N2R1R1K b - - 2 21,midgame,f3h2,-475,f3h2:-475;h5g4:-65;g8f8:20;h8f7:34;c8f8:72;b8d7:111;f3g5:118;b8c6:181
1n1k2rr/p2nn1pp/1p1np3/2Pq1p2/2PQ1P2/N6P/P2PP1PR/3KNNR1 w - - 1 14,opening,c4d5,541,c4d5:541;d4d5:159;e2e3:-339;a3c2:-354;e1f3:-360;a3b5:-361;d4b2:-363;e1c2:-376
1nrn1rbb/1k2qpp1/p2p4/PPp5/2Pp1P1p/K3N1P1/4PB1P/1NR1Q2R b - - 1 19,opening,d4e3,-554,d4e3:-554;f7f5:-411;e7d7:-408;a6b5:-392;h4g3:-376;f7f6:-374;f8e8:-345;e7e8:-311
nrn2rnq/1pp1pkpp/p7/3p4/1P4p1/8/P1P1KPPP/NRN2RNQ b - - 0 9,opening,g8f6,-354,g8f6:-354;c8d6:-354;e7e5:-325;a8b6:-324;g7g6:-322;h7h5:-319;f7e8:-309;g7g5:-276
b1qbkrrb/pp1pp3/6p1/5p1p/2p5/P2PQPK1/1PP1P1PP/BB1B1RRB w - - 0 7,opening,e3h6,-252,e3h6:-252;e3a7:-254;e3d2:-260;f3f4:-267;e3g5:-273;g3h3:-284;e3c1:-354;e3f2:-388
n1krbr1n/3p1p1b/p1p3p1/4p2p/1p1q3P/PN2PP2/1PPP1BPB/1QKR1N1R w - - 6 11,opening,e3d4,689,e3d4:689;b3d4:623;b1a2:437;b1a1:406;f2g3:392;d2d3:378;a3b4:371;f2e1:366
krnnb1bq/1ppppr1p/6p1/p4p2/3B1P2/1PP2R2/P2PP1PP/KRNNB2Q b - - 0 5,opening,f7g7,148,f7g7:148;f7f6:203;e7e5:386;h8d4:537;h8f6:565;h8g7:588;a5a4:674;c8d6:680
k2n1r1b/1q1p1b2/6p1/ppp4p/2P1Pp1P/PP1P4/K1R1NPP1/3NBR1B b - - 0 19,opening,a5a4,-408,a5a4:-408;b5c4:-349;d8c6:-313;b7a6:-309;b7b6:-289;g6g5:-278;h8e5:-274;f7e6:-274
bbr1br1b/p2ppp1p/7k/qpp3p1/2B2PP1/1PP5/P2PP2P/BBRQBRK1 w - - 1 7,opening,f4g5,719,f4g5:719;d1c2:298;c4d5:236;b3b4:148;d2d4:109;c4d3:13;e1h4:-35;c4b5:-37
kn4bb/1p3rpp/2p1Qr2/p2p4/3BP1q1/PPP1N3/3P2PP/KNRR3B b - - 3 18,opening,g4e6,-413,g4e6:-413;f6e6:342;g4d1:403;g4e4:449;g4e2:480;g4g6:519;g4g5:530;g4h5:574
qbkrnb2/1p1p2rB/2p2p2/p3p1P1/2PP2P1/1P1RP1Nn/P5N1/Q1K2B1R w - - 3 16,opening,h1h3,294,h1h3:294;a1b2:-48;g3f5:-68;h7f5:-143;h7e4:-145;f1e2:-171;g5g6:-171;c1c2:-172
1b1nbr1q/1pkp1p1p/r3p3/p1P2PpP/Pn6/7Q/1PP1PRP1/RBKNB1N1 b - - 0 10,opening,c7c8,121,c7c8:121;a6c6:123;h7h6:144;b8a7:146;h8d4:157;h8e5:157;f7f6:163;g5g4:166
2rb2rb/kBpp1p2/8/p3p1pp/1P6/2q1P3/nK1N1PNP/1QR3RB w - - 0 16,opening,c1c3,565,c1c3:565;b2a2:298
qrbrb1b1/pp5k/3ppQ2/2p4p/1P1BPP1p/b1P5/P2P2PP/1R1R1B1K w - - 0 12,opening,f6g7,99999,f6g7:99999;f6h8:99998;f6d8:297;d4e3:282;b4c5:203;f6e7:195;f1d3:158;e4e5:121
nq1r2r1/1ppNpkpp/pn4n1/5p2/8/1P1PN1N1/P1RPPPPP/NQ2K1R1 b - - 1 9,opening,b6d7,252,b6d7:252;d8d7:282;b8c8:533;b8a7:544;g8f8:673;f5f4:682;f7e8:706;c7c5:731
nqrnkbbr/1p2pppp/2p5/p2p4/4P3/PP6/B1PP1PPP/NQRNK1BR w - - 0 6,opening,f2f3,-26,f2f3:-26;c2c3:-58;c2c4:-61;d1e3:-70;d2d3:-76;b3b4:-82;e4d5:-94;h2h4:-107
1b1rnk1b/4p1pp/1p1p1p2/p5N1/3nPP1P/2r1P3/P1P2NK1/1BRR3B w - - 1 19,opening,g5h7,95,g5h7:95;e3d4:35;d1d4:21;d1f1:-4;e4e5:-28;d1d3:-92;g5f7:-121;g5f3:-127
1nrrnk2/3q3p/1b3bp1/3BppN1/p1p2P2/P1RRP1PB/1P5P/Q3NK2 w - - 4 21,opening,g5e6,37,g5e6:37;d5c4:30;c3c4:-83;d5e6:-106;d3d2:-200;d3d1:-238;h3f5:-256;f4e5:-303
bbk1qbrr/p2pppp1/bBp5/7p/p1B5/3P2P1/1PP1PP1P/B2KQBRR w - - 2 8,opening,c4a6,461,c4a6:461;b6a7:40;e1a5:23;b6e3:-114;b6c7:-114;b6a5:-126;b6c5:-136;b6d4:-190
bqkr1bbr/1p1p1ppp/p7/2p1p1b1/2P1P3/1R6/PPQP1PPP/BK1B1BBR w - - 4 7,opening,h2h4,44,h2h4:44;b3g3:37;b3a3:26;b3h3:20;a2a4:18;d1e2:9;b3c3:4;b3f3:-12
rb2k1nr/3p4/p6p/2P1p1P1/2p5/P4P1P/3P2b1/R2K1NNR w - - 1 23,midgame,f1g3,-527,f1g3:-527;a1c1:-530;a1b1:-537;f1e3:-568;g5h6:-568;g5g6:-573;c5c6:-580;h1h2:-580
2nk1rqr/pp1ppppp/1nnn4/2p5/6P1/N1P5/PPNPPP1P/N1NK1RQR w - - 3 5,opening,f2f3,-23,f2f3:-23;b2b3:-25;c2e3:-37;h2h4:-38;f2f4:-49;c1b3:-54;g4g5:-55;h2h3:-59
rr4bb/4k1n1/pnp5/1p2Ppp1/P1p3PN/1P1q3P/3RPPQ1/R1N2KBB b - - 0 20,opening,d3d2,-334,d3d2:-334;g8d5:358;d3c3:359;d3d5:375;g5h4:453;c4b3:516;f5g4:543;g8e6:562
rnbb1rn1/pp4kp/3pB3/2pq4/8/NP6/P4PPP/RQ3RNK w - - 0 14,midgame,e6d5,614,e6d5:614;e6c8:-39;b1h7:-384;e6h3:-384;b1b2:-417;e6g8:-442;b1g6:-513;f2f4:-527
rnqk1b1r/n1ppppnp/3Q4/ppP3p1/P4P2/3N1N1P/RP1PPKP1/1N3B1R w - - 2 13,opening,d6d5,237,d6d5:237;d6h6:172;d6d4:159;d6e5:156;d3e5:-449;f3e5:-473;b1c3:-516;f3g5:-518
1rqr2bb/p1pk2pp/1p2ppP1/8/3Pb3/B1P2P2/PP1PR2b/BRQ1KB1B b - - 1 13,opening,h2g3,-141,h2g3:-141;e4b1:33;e4g6:278;c7c5:318;h2f4:360;e4d3:367;e4f5:369;c7c6:397
nnnknrqr/pppppp1p/8/6p1/1P6/P2N3P/2PPPPP1/NN1KNRQR b - - 1 4,opening,e8d6,-14,e8d6:-14;a8b6:-14;h7h5:-7;f7f6:-5;g8g7:0;f7f5:14;h7h6:29;e7e5:33
k1rnrnqn/2ppp1pp/pp1n4/8/8/N1PPNp2/1P2PPPP/K1R1RNQN b - - 1 10,opening,f3e2,-170,f3e2:-170;d6b5:-146;d8c6:-131;g8f7:-127;f3g2:-126;h8g6:-124;e7e5:-116;a8b7:-104
n1qrk2r/p1pbp3/bp2n1pp/5p2/1N3P2/P1p1N2P/1P1PP2B/1QBRK2R w - - 0 15,opening,d2c3,-135,d2c3:-135;h1g1:-136;b4a6:-176;b2c3:-192;e3f5:-197;e1f2:-210;d2d3:-210;h1f1:-219
1n3r1r/nppkp2N/1n1p1Pp1/p2P3n/8/P4qP1/1PP2P1P/2NKNRQR w - - 1 14,opening,e1f3,443,e1f3:443;c1e2:-540;d1d2:-99999
n1qrk1br/1b2p2p/2pp2p1/p1P1Np2/1p2P1PP/PP6/1Q1PnP2/N1BR1KBR b - - 0 20,opening,b4a3,-418,b4a3:-418;d6e5:-307;b7a6:-260;e2c1:-239;f5e4:-238;c8e6:-205;g8e6:-154;e2g3:-143
1nk2r1q/3p3p/2p1pnr1/pp3pp1/1P1PN1Q1/P5N1/1K2PPPN/N2R3R b - - 2 21,opening,f5g4,-330,f5g4:-330;f6g4:-307;f5e4:56;f6e4:115;a5b4:166;b8a6:175;f6d5:203;h7h5:234
r2rb1b1/p1p2ppk/bpp4p/2b1p3/1P1PPB2/P1P3RP/Q4PP1/1R2B1BK b - - 6 14,opening,e5f4,244,e5f4:244;f7f6:305;f7f5:372;c5d6:411;c5f8:432;c5e7:437;c5b4:467;a6d3:468
bbqbrbrk/p1pppp2/6pp/1p6/8/P2P4/BPP1PPPP/B1QBRBRK w - - 0 4,opening,a2f7,254,a2f7:254;b2b4:117;e2e4:66;d3d4:45;c1d2:14;c2c4:3;e2e3:1;a3a4:-69
nq1rk1br/p1p1pppp/bp1p2n1/2N5/3P4/P4P1P/1PP1P1P1/1QBRKNBR b - - 2 6,opening,d6c5,-296,d6c5:-296;b6c5:-265;a6e2:-49;a6c8:87;a6c4:100;a6b5:101;b8c8:111;a6b7:121
kn2r2r/3pn1p1/p6n/qpp1pN1p/N1n2P2/3P2P1/P1P1PN1P/K1NQR2R w - - 3 17,opening,f5e7,-141,f5e7:-141;c1b3:-155;d3c4:-225;f5g7:-295;e2e4:-301;f5h6:-351;f2e4:-406;f5h4:-415
1brr1knb/qp1ppppp/2p5/p2P1P2/6P1/n7/PPP1PN1P/QBRRN1KB w - - 3 9,opening,b2a3,70,b2a3:70;d5c6:-231;e1f3:-240;c2c4:-245;b2b3:-268;c2c3:-277;d5d6:-297;e1d3:-300
r4n1k/prpn1p1p/1p1p2pq/2b1p3/1P2P1P1/2P5/PR1PB1PP/1RB1NNQK b - - 6 15,opening,c5g1,-274,c5g1:-274;h6h4:575;h6g7:604;g6g5:646;c5b4:648;f8e6:650;h6d2:667;h6f4:668
1b2kb1r/rB4pp/1qQ1p2B/pp3pP1/2pP4/2P4N/PP2P2n/1R1K3R b - - 1 21,opening,b6c6,-260,b6c6:-260;e8f7:665;e8e7:729;e8d8:829
qbk1nbrn/pppr1pp1/7p/3p4/1P2p2P/3P4/PQPRPPP1/1BK1NBRN w - - 0 7,opening,d3e4,100,d3e4:100;g2g3:77;c2c3:38;e2e3:35;a2a3:22;c2c4:-3;g2g4:-28;b2b3:-91
rbqbn1nr/pp1ppk2/5ppp/2p5/3P4/7P/PPPQPPP1/RB1BNKNR w - - 1 6,opening,d4c5,93,d4c5:93;c2c3:90;d4d5:49;e2e3:46;e2e4:22;a2a4:9;c2c4:-2;g2g4:-13
bqbbkbrr/p1p2pp1/7p/1p1pp3/2P1PP1P/8/PP1P2P1/BQBBKBRR b - - 0 5,opening,f8c5,-232,f8c5:-232;b8b6:-191;d5e4:-181;d5c4:-117;c7c6:-110;b5c4:-108;e5f4:-102;g7g5:-85
b1k1qb2/1p3Brr/8/PPp3pR/P2p4/8/2KPPbP1/2B1QB2 w - - 3 20,midgame,f7e8,-219,f7e8:-219;h5h7:-457;e1f2:-541;e1d1:-569;e2e4:-597;g2g4:-610;f7g8:-614;e2e3:-618
nnrrnn1q/ppppp1pk/7p/7N/4Pp2/2N5/PPPP1PPP/NR1RN1KQ b - e3 0 5,opening,e7e5,-203,e7e5:-203;f8g6:40;f4e3:57;f8e6:92;g7g5:93;b8c6:119;a8b6:120;h8g8:121
n1nrqnr1/1p1p2p1/4p2k/p1pnNpNp/3P2P1/2P4P/PP2PP2/N2RQNRK w - - 3 15,opening,g5f7,677,g5f7:677;e5f7:665;g4f5:644;e1d2:510;g4h5:500;f2f4:457;h3h4:391;e2e4:334
rbrbqbbk/2pp2p1/4p3/Pp3p1p/5P2/3P4/P1P1P1PP/RBRBQBBK b - - 1 6,opening,f8a3,-224,f8a3:-224;c7c5:-121;d8f6:-116;b5b4:-108;b8a7:-107;c7c6:-99;d8e7:-93;d7d5:-82
brqn2kr/1p1bnpp1/p1p4p/P2p3P/4p1P1/2P2N1N/1P1PPPKR/BRQ1B3 w - - 2 17,opening,f3h4,-169,f3h4:-169;f3e5:-198;f3g1:-212;b2b4:-279;d2d4:-291;f3d4:-299;b2b3:-303;d2d3:-328
2rrqb1k/2Bp3b/1p2pp1p/p1pnP1Q1/P3RP1p/2nN4/1PRP2P1/N4B1K w - - 0 22,opening,g5h4,-576,g5h4:-576;g5g4:-645;e5f6:-702;c7d8:-731;d2c3:-731;e4c4:-745;c2c3:-745;g5f6:-750
b2br2k/b1p3p1/4qr2/pp3pp1/BbP1pP1P/P3p3/1P1PR3/B2Q1BRK b - - 0 22,opening,f6h6,-546,f6h6:-546;e3d2:-537;g5g4:-500;g5f4:-490;b5a4:-489;f6g6:-385;e6f7:-374;b4d2:-363
1qrb1nrb/1pp1pppp/1k4N1/p7/2B1n3/P4P2/1PPp2PP/KQR2NRB b - - 5 10,opening,d2c1q,-474,d2c1q:-474;d2c1r:-474;f8g6:-414;d2c1b:-380;h7g6:-341;d2c1n:-335;e4d6:-215;e7e6:-123
1qk1rbbr/p1p3pp/2bp1b2/1p2Pp2/3B4/1P4P1/P1PPP2P/Q1KBRBBR w - - 3 8,opening,e5f6,462,e5f6:462;f1g2:95;a1c3:49;e2e4:8;d4a7:-68;d4b2:-76;d4c3:-113;a2a4:-128
rq1n1rkb/3pp3/p1p3p1/Ppb2p2/1P2N1P1/2N2P2/R1P1P2P/1B2RK1B b - - 3 15,opening,f5e4,-867,f5e4:-867;b8h2:-841;h8c3:-737;f5g4:-684;c5d4:-678;d8e6:-670;c5b4:-648;d7d5:-628
k2n1r1q/1rp2b1p/p5p1/1p1ppp2/n1b2P2/P1P2RPP/1P1PPB2/KRNNBQ2 b - - 3 15,opening,e5e4,-229,e5e4:-229;b5b4:-146;d5d4:-105;d8c6:-79;c7c5:-68;h8g8:-68;a6a5:-68;f8e8:-48
rk5q/1p1prb1p/1Rp2pnb/P3p3/n3PN1P/3P1p2/2KB1PP1/3R1B1Q w - - 10 21,opening,b6b4,-466,b6b4:-466;f4g6:-492;d2e3:-507;d1b1:-527;b6b1:-535;h4h5:-539;b6b7:-541;d3d4:-543
n1krbrbn/p1p3pp/2q5/1p1pp2P/5pP1/P4N2/1PPPPP1B/1QKRBR1N b - - 2 8,opening,d5d4,-184,d5d4:-184;c6f6:-170;c6e6:-163;e5e4:-148;h8f7:-96;e8h5:-77;c6h6:-71;c6d6:-33
1krr2qb/p1pppbp1/1pn5/5P1p/1PP1Pn1P/N2P1PN1/P5R1/1KR1Q1B1 b - - 1 17,opening,f4g2,-529,f4g2:-529;f4d3:-465;g7g5:-437;d7d6:-437;g7g6:-433;c6e5:-422;d7d5:-412;e7e6:-388
n1nkrrqn/2npp1p1/5p2/ppp4p/2P5/1N2PP2/PP1P1RPP/NN1RK1QN b - - 1 8,opening,b5c4,14,b5c4:14;c8d6:37;g8c4:56;a5a4:77;d7d6:100;c7e6:115;c8b6:119;a8b6:132
rqnn3r/pppp2k1/3n2pp/5PR1/P1P1p3/RNnNN3/1P2PPKP/1Q5N b - - 5 15,opening,c3b1,-341,c3b1:-341;h6g5:-266;c8e7:-92;g7h7:173;g7f8:234;g7f7:274;d8f7:299;d6c4:306
rn2b2k/Nn1p3p/2p1p3/b4p2/P2PP1P1/2P2p2/RP2BPP1/4R1K1 b - - 0 23,midgame,f3e2,-350,f3e2:-350;f5g4:-217;f5e4:-216;a8a7:-209;a5c7:-194;h8g7:-169;e8f7:-155;f5f4:-155
b1qn2kr/1rp2ppp/ppb1pn2/3p4/1PP2P1P/4P3/PNQP2P1/BR2BKNR b - - 0 9,opening,b7b8,-151,b7b8:-151;d5d4:-148;h7h5:-148;b7a7:-107;b6b5:-103;f6g4:-97;h7h6:-69;c8d7:-64
rr2qkbb/np1ppp1p/1Qp2n2/p5p1/PP1P4/R7/2P1PPPP/1RN1NKBB w - - 0 9,opening,g2g3,-75,g2g3:-75;b4a5:-113;g2g4:-117;b6c7:-240;b6a5:-281;h2h4:-328;e1f3:-333;a3d3:-347
3rkbnr/5qpp/p3b1N1/1Ppppp2/B5P1/PP2P3/R3PP1P/2BQKB1R w - - 3 15,opening,b5a6,750,b5a6:750;g6e5:712;b5b6:703;g6h8:613;g4f5:512;g6f8:421;g6h4:410;g6f4:334
nnkrrqnn/1p2pppp/2pp4/p7/P1P4P/3PP1N1/1P3PP1/NNKRRQN1 b - - 0 6,opening,e7e5,60,e7e5:60;b8a6:63;f7f5:63;a8c7:69;a8b6:73;g8f6:84;d6d5:85;b7b6:86
2rnr1qn/p1p5/knn4P/1p3p1N/3P3P/2NQ2N1/PPP2NP1/K1R1R3 b - - 2 20,opening,e8e1,491,e8e1:491;h8f7:491;a6b7:522;c6d4:547;d8f7:548;b6c4:567;g8g6:574;h8g6:579
2rr3b/pkp1p1p1/1P3p2/3pn3/1q4pP/N7/1PRP1PP1/K1R1Q1BB b - - 3 18,opening,e5d3,81,e5d3:81;a7b6:155;c7b6:174;c7c6:218;c7c5:297;g7g5:308;d8d7:316;b4b6:350
bknbrqrn/p1pp1pp1/8/1p2p2p/1P4P1/8/P1PPPPQP/BKNBR1RN b - - 1 5,opening,a8g2,-619,a8g2:-619;f8b4:-612;d8g5:-307;f7f5:-236;c8b6:-235;h5h4:-221;h5g4:-205;h8g6:-204
krqnb2b/4r1pp/p1p1p2n/1p1p1p2/1PP1PP2/PR5N/1N1P2PP/1K1QBR1B b - - 0 12,opening,b5c4,-299,b5c4:-299;f5e4:-207;d5c4:-181;d5e4:-117;h6g4:-58;h6f7:-34;e7c7:-13;d8b7:-4
qbbbrkbr/5ppp/1p2p3/2Pp4/p3Q2P/4B3/P1PPPPP1/1BBBRKR1 b - - 0 10,opening,d5e4,-560,d5e4:-560;e6e5:-111;a8a5:-52;d8e7:0;f7f5:22;b8d6:34;c8d7:54;h7h5:116
1knnr1qn/rpppppp1/6n1/p4N2/7p/1P1N2PP/P1PPPP2/RK1NRQ1N b - - 2 7,opening,a5a4,-24,a5a4:-24;h4g3:-11;e7e6:-9;d8c6:11;f7f6:30;d7d5:31;g8h7:36;e7e5:37
rrnbnqbk/1p1ppp1p/8/p1p3p1/1P2P3/3N1B2/P1PP1PPP/RR2NQBK b - - 1 4,opening,c5b4,-31,c5b4:-31;c5c4:35;a5b4:82;c8b6:121;f7f6:162;e7e5:163;d7d6:166;e8d6:176
2rnqrnn/1kpp1pp1/1p6/p3pn1p/PQP1P2P/7N/1P1P1PP1/KNRN1R1N b - - 2 9,opening,a5b4,-714,a5b4:-714;f5e3:-346;f5g3:-317;d8e6:-259;f5d4:-241;h8g6:-237;g8e7:-224;d7d6:-215
2rr1bkb/qp1ppppp/p7/PQp5/NP2P1Pn/1nPP1B2/5P1P/1NR1RK1B b - - 2 15,opening,a6b5,-691,a6b5:-691;h4f3:-482;b3d2:-429;b3c1:-420;a7b8:-360;e7e6:-296;b3d4:-285;c5b4:-283
b2qk1rb/1p1p2p1/1b2pr1p/p1p2p1P/4P3/1PP3P1/PQ1PR1B1/BB1BK1R1 w - - 2 12,opening,d2d4,283,d2d4:283;b2a3:281;e4e5:279;e4f5:275;d1c2:273;g1h1:262;c3c4:260;g2f3:250
3b1rrb/b2kpp2/q1b5/pp1pP1p1/2Pp1PP1/P7/BP2K2P/BQ3RRB b - - 0 23,opening,b5c4,-492,b5c4:-492;d4d3:-449;d5c4:-410;b5b4:-340;d7c7:-316;a5a4:-315;c6b7:-314;g5f4:-297
2nk1rqr/pp2p1p1/1np2n1p/3p4/2nP4/4p1PP/PP1NNP1R/N1K1NRQ1 b - - 0 12,opening,e3d2,-749,e3d2:-749;c4d2:-554;e3f2:-438;f6g4:-411;c4b2:-334;f6e4:-332;c8d6:-291;g7g5:-280
nk1br1r1/1p1p3p/2p2b2/pB2ppp1/P1PPn3/q2N4/1PK1PPPP/NRQ3RB b - - 2 13,opening,a3e7,-442,a3e7:-442;a3f8:-410;a3d6:-401;a3a2:-138;a3b4:230;a3a1:250;a3d3:264;e5d4:284
n2k1rqr/ppp1ppp1/2np1n2/4Q2p/1Nn3P1/2P4P/PP1PPP2/NN1KNR1R b - - 0 7,opening,c6e5,-733,c6e5:-733;c4e5:-705;c4b2:-693;d6e5:-649;c4d2:-280;c6b4:-250;h5g4:-189;a8b6:-171
knrnqrnn/p2p1p2/2p1p1p1/1p5p/P5PN/2P1P3/1P1P1P1P/KNRNQ1RN b - - 0 9,opening,h5g4,-138,h5g4:-138;d8b7:-127;b5a4:-96;d7d5:-96;g6g5:-95;g8e7:-86;d7d6:-72;b8a6:-71
brrkbbb1/1ppp3p/p3pqp1/5p2/1P3P1B/1R6/P1PPP1PP/B1RK1BBQ w - - 0 6,opening,a1f6,99998,a1f6:99998;h4f6:857;g1f2:668;h4g5:618;g2g3:600;b3h3:579;g1d4:394;g1c5:327
k2r1brb/pp1qp3/n4p2/1npP3p/P4Pp1/N5RP/1P1PP1P1/K1N1QBRB b - - 2 13,opening,b5a3,-170,b5a3:-170;b5d6:-137;b5c7:-106;g4h3:-91;h5h4:44;b5d4:73;a6b4:172;f6f5:187
k1rn2rn/pp3qp1/n1p2p1p/3pp1n1/PPP1N1PP/4N2Q/3PPP1N/KR2R2N w - - 1 15,opening,h4g5,12,h4g5:12;e4g5:-135;e4d6:-416;h3g2:-517;h3f1:-526;h1g3:-558;c4d5:-561;e1c1:-561
bbqrk1r1/1p1ppp2/4n1n1/p1p3pR/6P1/3PPP2/PPP4P/BBQRKN1N b - - 0 8,opening,b7b6,-261,b7b6:-261;b7b5:-260;g6h4:-259;c8c6:-253;g6e5:-249;c8c7:-219;d7d5:-208;e6g7:-182
qr1knnnn/1p2pp1p/2pr4/p2N2p1/3NP3/8/PPPP1PPP/QRKR1N1N w - - 1 7,opening,d5b6,-127,d5b6:-127;d5e7:-164;b2b3:-192;d4f5:-195;d5e3:-196;h1g3:-203;f1e3:-213;d4c6:-216
1b3bbk/r1r2p2/p2p4/1p1P1qpp/2p1BPPb/P1P1PK2/1PR3QP/R2B1BB1 b - - 1 19,opening,f5e4,66,f5e4:66;f5f6:68;f5g4:102;h5g4:132;f5d7:161;f5c8:167;f5g6:409;f5h7:412
br1kr1b1/p1p1ppbp/3p3b/2P1P3/p2P2pq/2K5/1P2QPPP/BR2RBBB w - - 0 11,opening,g2g3,50,g2g3:50;b2b3:-84;b2b4:-180;c5c6:-217;b1d1:-256;c5d6:-257;e2a6:-257;f2f4:-280
k2n1rnr/1pb5/p2p1p1p/3Bp1pq/PP2PP2/2Q5/1NP3b1/K1B2RNR b - - 0 14,opening,h5h1,-35,h5h1:-35;h5e8:47;h5g4:141;g2h1:232;h5g6:237;h5f7:394;g2f1:455;g8e7:478
r1k3nq/5bb1/1p1n1P1p/p1p1r3/P1BP2pB/4P3/RP1N2PP/1K1R2NQ b - - 0 19,opening,h8h7,142,h8h7:142;e5e3:244;g8f6:261;d6c4:287;g7f6:311;f7c4:321;e5e6:347;c5d4:362
nqkrbrb1/ppppnppp/8/1P6/4p3/4BP1P/P1PPP1P1/NQKRBR1N b - - 1 5,opening,e4f3,101,e4f3:101;a7a6:125;e7d5:138;e7f5:159;a8b6:169;d7d6:171;b7b6:171;f7f6:171
r1bnbrkn/2p1pppp/q7/pp1p3N/3P1P1P/1P2P1K1/P1P2NP1/RQB1BR2 b - - 2 10,opening,a6g6,-395,a6g6:-395;f7f5:-336;f7f6:-334;b5b4:-311;g7g6:-292;e8d7:-266;a6h6:-263;h8g6:-187
bbrqrb1k/ppp3pp/5p2/4p2b/3p3P/1P2PQ2/PBPP1PP1/1BR1RBBK w - - 0 7,opening,f3h5,318,f3h5:318;f3h3:43;f3f5:28;g2g4:-14;f3g3:-156;f3e4:-161;e3d4:-567;f1b5:-570
k1r1br1b/B1p3pp/3p4/pp2qn2/Pn2p1P1/1PP5/2QPN1RP/KN1R3B b - - 1 18,opening,b4c2,-714,b4c2:-714;f5d4:-586;f5e3:-562;a8a7:-480;f5h4:-465;f5e7:-447;b5a4:-441;g7g6:-441
qr2nn1n/pppk1p2/4rnp1/1P1pp2p/3P4/2P1P3/PK1N1PPP/Q1RR1NNN b - - 5 9,opening,e5e4,-30,e5e4:-30;e5d4:19;d7e7:102;a7a6:105;b8d8:125;d7c8:130;d7d8:137;f6g4:167
r2qkn1r/pppp1ppp/4p3/3n1N1n/2nP4/N1N1P2P/PPP1QPPR/R3K1N1 w - - 2 13,opening,e2h5,412,e2h5:412;a3c4:405;c3d5:365;e2c4:181;f5g7:133;a3b5:38;a3b1:36;g2g4:33
q1knnrnr/ppp1pp1p/n2pN1p1/8/8/2P1P3/PP1P1PPP/QNKNNR1R w - - 1 6,opening,e6f8,264,e6f8:264;e6d8:50;e6f4:21;e6g5:-16;e6d4:-28;e6c7:-341;d2d4:-388;b2b4:-389
1r1rnn2/qpkp1n2/p5pp/3Qpn2/PPP1P1P1/6NN/1RP4P/2KRN3 w - - 6 19,opening,e4f5,420,e4f5:420;g4f5:389;g3f5:193;c4c5:92;b2b3:50;b4b5:13;d5f7:12;d1d3:-122
bq1brr2/ppp1Qpk1/8/3p2pp/PPP1P3/5P1b/1BP3PP/2BBRRKB b - - 0 12,opening,g7g8,498,g7g8:498;g7h7:504;g7g6:526;d5d4:561;g7h6:579
r1b1k3/p2p1q1p/2P1pPp1/2p2p2/1P3P2/R1n2KPP/2PPR3/2BN2bB b - - 0 19,opening,c3e2,-446,c3e2:-446;c5b4:-430;c3d1:-388;c3e4:-381;c3d5:-377;c3b5:-374;f7f8:-321;f7f6:-274
1krrb3/2pp1q1p/p2bpppn/P1P1N1N1/1p1Pn1P1/1P6/2K1RP1P/2R1BB1Q b - - 0 18,opening,f7e7,336,f7e7:336;f7f8:342;f7g7:354;f7g8:362;e4g3:453;e4g5:456;d6e5:472;e4f2:494
1brnkb1n/p5r1/2pppqpp/1P3p1P/2P1P1P1/5P2/QPBP1N2/1R2KBRN b - - 0 14,opening,f5g4,50,f5g4:50;f5e4:72;f5f4:82;h8f7:95;d6d5:95;c8c7:101;c6b5:135;f6h4:138
1k4r1/1p1bbp1b/rB2qb2/p2pPP2/P2P2pp/R2R4/1P2BQPP/1KB4B w - - 1 22,opening,f5e6,464,f5e6:464;b6c7:404;b6a7:309;c1f4:181;e5f6:167;b1a1:-163;b6c5:-179;b1a2:-185
b1nn1rrk/q3pp2/1pb3pp/p1pp4/4P3/1PP2P1P/P2P2P1/BQNNBRRK w - - 0 9,opening,e4d5,196,e4d5:196;d2d3:16;d2d4:13;e4e5:-37;d1f2:-109;b3b4:-113;h1h2:-137;c1e2:-139
2r4r/1Qqppp1k/3b4/2p1P1bp/2P4P/3PPb2/P3B1P1/2R1RBKB b - - 4 21,opening,g5e3,-747,g5e3:-747;f3b7:-564;c7b7:-388;f3c6:-285;f3d5:-148;d6e5:-147;f3g4:129;c8b8:173
rnqnb1rk/1ppp1p1p/p6b/5Np1/1P2p2P/6P1/P1PPPP2/RNQ1BBRK b - - 1 6,opening,d7d6,295,d7d6:295;b8c6:310;d7d5:332;h6f8:343;d8c6:358;h6g7:378;d8e6:406;g8g6:415
k1n2Qrn/ppp1q2p/n2np3/3p1p2/5P1P/2P3N1/PP1PP1P1/KNN1NRR1 b - - 0 9,opening,e7f8,-547,e7f8:-547;g8f8:-520;g8g3:431;g8g4:563;g8g7:587;e7f7:597;e7d8:602;g8g6:604
r3kn1r/b2pp1p1/3qbp1p/pp6/P1BP1P2/1p4N1/2P1PBPP/R1NQ1K1R w - - 0 17,opening,c4b3,414,c4b3:414;c4b5:178;c4e6:81;c4d3:79;g3e4:43;c2b3:-50;g3f5:-146;c1b3:-149
k1r1nrb1/3p4/1n2p1pp/p1p2p2/B1P2P2/P5B1/1K2P1PP/3RbR1Q b - - 1 22,opening,b6a4,51,b6a4:51;e1c3:122;b6c4:168;d7d5:197;c8b8:208;f8f7:230;e6e5:230;e8f6:236
1brkbrbb/3p2pp/2p2p2/pp2p3/2q1PP2/3BB1P1/PP1PR1BP/Q1RK2B1 w - - 0 13,opening,d3c4,513,d3c4:513;e3b6:455;c1c4:397;e3c5:201;f4e5:162;d3b1:105;g2h3:62;d1e1:30
1n1k1q1n/2p1rp2/rp3np1/n2pp2Q/P2PP3/2N1K3/1PP2PPP/R1N1NR1N w - - 0 21,opening,h5g5,-241,h5g5:-241;h5d1:-285;h5f3:-357;h5h3:-360;h5h4:-434;h5e2:-484;h5e5:-484;d4e5:-619
2k1r1nb/qp6/pb1pP1rp/1Np2pp1/6n1/PP4PP/2P1BP2/Q1K1RRNB w - - 2 17,opening,b5a7,535,b5a7:535;b5d6:429;h1b7:229;a1h8:145;a1g7:19;b5c3:-106;a1a2:-162;h3g4:-181
rnn1kq1n/p2nppp1/1p4r1/3p2Pp/1PpP4/N3PP1P/P1P2N2/R1NRKQN1 w - h6 0 12,opening,a3b5,53,a3b5:53;f3f4:16;f1g2:10;h3h4:-1;c2c3:-28;a1b1:-35;g1e2:-35;c1e2:-37
1qnr2rk/ppnp2pp/2p1b1Q1/1N6/P3P3/3P4/2P2PPP/1Bb1NRBK w - - 2 15,opening,g6h5,-330,g6h5:-330;g6g3:-338;b5c7:-524;f2f4:-575;b5d4:-600;d3d4:-612;e1f3:-629;g6h7:-633
2qbNn2/p3p3/2kpr1np/1pp2pp1/2b1PP2/2P3PB/PP1P2RP/BQK2R1N w - - 7 21,opening,d2d3,431,d2d3:431;g2g1:380;f1e1:379;e4f5:373;h3f5:353;f1d1:334;f1g1:331;g2f2:305
nn1r1qrk/pppppppp/8/P7/1Pnn2P1/3N4/2PPPP1P/NN1RQNRK w - - 1 6,opening,f2f4,103,f2f4:103;c2c3:96;g1g3:92;f1e3:92;g4g5:90;f2f3:86;b1c3:63;d3c5:61
k1b1r1n1/1p3pp1/1b1npr2/p1pp3p/BPqP1P1P/3QB3/PK2P1P1/4NRR1 b - - 1 18,opening,c4b4,-643,c4b4:-643;c5d4:-536;g8e7:-493;g8h6:-485;e8d8:-478;c5b4:-456;e6e5:-456;c4d3:-437
n2krrnn/ppq2p2/1npp4/4p3/2P1Q2p/PN3N2/1P1PPPPP/N1K1RR1N b - - 1 11,opening,h8g6,105,h8g6:105;g8f6:145;h4h3:150;f7f5:155;g8e7:183;c7d7:186;a7a5:195;d6d5:199
n1nnkr1q/prp1pppp/1p1p4/4nP2/8/PNP4N/1P1PP1PP/1R1NKR1Q w - - 1 9,opening,d1e3,-300,d1e3:-300;h3f4:-303;g2g4:-318;b1c1:-324;e2e4:-327;d2d4:-330;h3f2:-333;g2g3:-345
1krb1rqb/p2pp1pp/2p1b3/1p3p2/5P2/PPP3PP/2BPP2b/KR1BBRQB w - - 1 9,opening,g1h2,381,g1h2:381;g1g2:298;g1f2:291;g1e3:180;g1d4:165;g1c5:106;a3a4:-527;c2f5:-546
k2q1br1/pp4bp/2rp2Pb/1p2p3/1PP2Q2/1B1R4/3PPPRP/K3BB1B b - - 6 18,opening,e5f4,-430,e5f4:-430;h6f4:-373;c6a6:-363;e5e4:-335;d6d5:-100;b5c4:-85;c6c4:-40;f8e7:54
2rqk2r/nBppb1pp/p7/4p1P1/2P2pn1/3QP3/1p1P1P1P/RNN2KNR b - - 1 19,opening,b2a1q,-645,b2a1q:-645;b2c1q:-548;g4e3:-524;g4f2:-508;b2a1r:-469;c8b8:-464;f4e3:-418;a7c6:-407
q2rb1r1/k2p1pbp/1p2p1p1/p1p5/1nPP1Pn1/NP3R2/P1Q1P1PP/1K1RB1NB b - - 3 15,opening,b4c2,-473,b4c2:-473;d7d6:-279;g4e3:-279;d7d5:-278;a7b8:-252;a8f3:-185;a7b7:-179;c5d4:-150
rk1rbbnq/1ppppp1p/pn4p1/8/3P4/3R3N/PPP1PPPP/RKN1BB1Q w - - 2 4,opening,a2a4,12,a2a4:12;e2e4:6;g2g3:-57;e2e3:-70;f2f4:-70;b2b3:-74;c1b3:-87;g2g4:-93
bkbrrb1b/1p1ppp2/6pp/pP2q3/2pBP3/2PP3P/P4PP1/BK1RRBQB b - - 0 8,opening,e5b5,-65,e5b5:-65;e5h5:294;e5c7:348;e5d6:360;e5e6:378;e5f4:432;e5g5:486;e5g7:512
2r1kbnr/2p1pnQp/1p1p4/p4p2/P2b4/3PPq2/NPP1KP1P/1BR2BNR w - - 2 10,opening,g1f3,101,g1f3:101;e2f3:-2;e2e1:-333;e2d2:-788
1rqnbr1b/pk1ppp1p/5n2/1pp3p1/P1P3N1/5P1P/1P1PP1P1/KRQ1BRNB b - - 2 6,opening,b5c4,-266,b5c4:-266;b5b4:-259;d7d6:-244;d7d5:-225;b7a8:-218;b5a4:-197;f6g4:-168;d8c6:-165
nb3rnk/pbr1p1p1/1p2Kp2/2p3qp/3p3P/PN4P1/1PPPPP2/1BBRQRN1 w - - 8 12,opening,h4g5,-99996,h4g5:-99996;d2d3:-99999;b3c5:-99999;g1h3:-99999;g1f3:-99999;b3d4:-99999;c2c3:-99999;c2c4:-99999
rrn1nkbb/pp1pppp1/1qp4p/8/1P6/1N6/PRPPPPPP/R2QNKBB w - - 2 4,opening,c2c3,7,c2c3:7;f2f3:-19;f2f4:-32;g2g3:-33;a2a4:-61;d2d4:-64;a2a3:-64;e1d3:-66
2bbrb1r/2k1p1p1/p1p1qp2/1p1p1P2/3PP1pP/P1PR2P1/1PQ3BB/B1K1R3 b - - 0 21,opening,e6f7,-43,e6f7:-43;e6d6:20;e6d7:40;e6g8:160;e6e4:412;e6f5:496;d5e4:528;c7b7:605
1n2kb1r/1prp1ppp/1n6/p1p1pPP1/P1P2n2/RN1P2P1/1P2P2R/2Q1KBN1 b - - 2 20,opening,f4d5,601,f4d5:601;f4e6:619;d7d5:647;f7f6:650;f4d3:650;b8c6:651;b8a6:661;f4e2:670
1kb1r3/pp2ppr1/2p2b2/3n3Q/1q1nP2P/P2P2P1/1PN2P2/1K1R1NRB b - - 0 21,opening,d5c3,-99998,d5c3:-99998;b4b5:-670;b4b3:-655;b4b6:-547;b4c5:-503;b4a4:-489;b4a5:-416;b4d6:-357
rrqbbn1n/2pppp1k/p5pp/1p5N/4P3/P4PP1/1PPP3P/RRQBB1KN b - - 0 6,opening,g6h5,-320,g6h5:-320;e7e5:-270;d7d5:-87;d7d6:-84;f7f5:-79;c8b7:-65;c7c6:-55;a8a7:-42
bkrq1bbr/pp2pppp/1bpp4/8/2PP3P/2R2P2/PP2P1P1/BK1BQBBR b - - 0 5,opening,b6a5,47,b6a5:47;c6c5:78;e7e5:95;f7f6:147;f7f5:161;b6c7:167;d8e8:173;h7h5:187
qnknnrnr/ppppp3/5pp1/7p/2P5/3P3P/PPK1PPP1/QN1NNRNR b - - 0 4,opening,b7b6,13,b7b6:13;e7e6:25;e7e5:28;a7a5:29;b7b5:30;h5h4:33;b8a6:35;g6g5:39
rbrbqbk1/1pppp1p1/5p2/pB5p/b3P2P/P7/2PP1PP1/RBRBQ1BK b - - 0 9,opening,a4b5,-301,a4b5:-301;c7c6:258;e7e6:266;g7g5:277;a4c2:280;e8f7:290;e8g6:306;a4b3:311
3nnr1r/2kp2pN/1p3p2/q3p3/npp3n1/N1P5/K2PPP1P/2Q1NNRR b - - 2 17,opening,b4b3,-393,b4b3:-393;h8h7:-347;b4a3:-345;d8c6:-314;g4f2:-305;b4c3:-299;e8d6:-288;a5d5:-269
1knbrqrb/3pppp1/1np4p/pQ5B/1p3P2/3PP1P1/PPP3RP/NKN1R2B b - - 0 7,opening,c6b5,-525,c6b5:-525;g7g6:-171;e7e5:-119;e7e6:-89;c8a7:-44;f7f5:-20;g7g5:7;a5a4:67
b2rbnrk/p4ppp/3p4/1pp1p2P/P1P1P1q1/1P6/NQ1PnP2/2R1BNRK w - - 0 17,opening,g1g4,87,g1g4:87;g1g3:-99994;g1g2:-99997;h1h2:-99997;f1g3:-99999;d2d3:-99999;f2f3:-99999;b3b4:-99999
rq2brkn/ppp1pp1p/2n5/3p1Np1/2P5/8/PPQPPPbP/R1BNBRK1 w - - 0 8,opening,g1g2,271,g1g2:271;f5h6:263;c4d5:147;c2c3:26;d1e3:0;h2h4:0;d1c3:0;d2d4:0
b1bkr2r/pQ1p1pqp/6p1/2p5/P2P2P1/4P2P/1PP1KPBR/BBB1b2R w - - 3 17,opening,b7a8,633,b7a8:633;b7a7:548;b7b5:525;b7b8:428;b7b3:379;b7c8:170;b7d5:-215;b7d7:-234
1nrrq1kn/1Qp2pp1/1n3n1p/3pp3/p1P3NP/P2P4/1PR1PPP1/NN1R2KN b - - 2 10,opening,f6g4,-388,f6g4:-388;b8d7:-60;b8c6:-43;d5c4:-22;f6h5:-4;f6h7:75;h8g6:85;b6d7:100
rnbk2nr/p2p4/4pp1q/1pp2Ppp/1P1BP1P1/N2Q3P/P1PPKb2/3R1BNR w - - 8 16,opening,d4f2,434,d4f2:434;d4c3:212;e2f2:189;b4c5:183;d4a1:181;d4b2:167;d4e3:162;d4c5:148
1rqkrb1b/1b1pp1p1/b4B2/p1p4p/3Q4/PP4P1/3PPP2/1R1KRBB1 w - - 0 11,opening,d4a4,-527,d4a4:-527;d4h4:-534;d4c3:-538;d4e5:-549;d4f4:-567;d4b2:-573;d4e3:-586;d4a1:-586
rnnnrnq1/4pp1p/3k4/ppp5/PQpP1PPp/8/RP2P3/1KNNRN1N b - - 1 15,opening,c5b4,-611,c5b4:-611;a5b4:-567;g8g6:-295;f8d7:-43;f8e6:-40;d8e6:-35;b8d7:-3;d6c7:42
r1brknbn/1p1ppppp/2p5/p7/6P1/1P3P2/P1PPPN1q/RQBRKNB1 b - - 1 4,opening,h2g1,-320,h2g1:-320;h2g2:-105;h2b8:-29;h2c7:-15;h2h4:2;h2h6:42;h2d6:86;h2f4:135
bbr1kn1r/ppp2p1p/4p1pn/3q4/3PPPP1/P7/1PR4P/BB1QKNNR w - - 0 9,opening,e4d5,665,e4d5:665;c2d2:269;d1e2:237;f1g3:234;c2g2:231;c2f2:230;c2c3:209;f1d2:185
rn1bbr2/1p2pp1k/1B1p4/P5p1/2n3Pp/5q1P/P1PPP2K/R1NB1R1Q w - - 0 14,opening,h1f3,486,h1f3:486;e2f3:432;f1f3:422;h1g1:-473;b6f2:-545;h1g2:-557;h2g1:-578;f1g1:-99997
1bqbrbrb/kpp1pp1p/3p2p1/p7/P4P2/4P1P1/1PPP2BP/KBQBRBR1 b - - 0 5,opening,f8g7,-30,f8g7:-30;c7c6:-20;f8h6:-9;e7e6:-9;f7f5:-6;c8d7:4;h7h5:42;g8g7:62
2brrb1b/pk2p1Bp/b2p4/1p3pp1/1Pp2P2/P2RP3/4B1PP/K1BR2QB b - - 5 15,opening,f8g7,119,f8g7:119;h8g7:197;c4d3:411;b7b8:509;e7e5:510;g5f4:527;g5g4:535;c8d7:547
n2krrn1/P3ppp1/2p3Qp/1p1P2N1/1p5P/1KN3P1/3PPn2/N3qR1N b - - 0 21,opening,e1d2,-292,e1d2:-292;f7g6:-274;e1f1:98;e7e6:365;e1d1:368;f2e4:455;e1a1:456;c6c5:475
qk1rbr1n/p2pp2b/6p1/1p1p1p1p/P4n1B/1N4P1/1PP1PP1P/1QKR1RBN w - - 0 14,opening,g3f4,338,g3f4:338;h4e7:199;d1d2:168;c1d2:160;b3d4:152;f1e1:148;a4b5:120;b1a2:94
1brbbqbk/r1pppp2/8/1p4pp/p2P4/2P3PP/PP2PP2/RBRBBQBK b - - 1 7,opening,f7f5,-60,f7f5:-60;c7c6:-43;f7f6:-35;e7e6:-31;a4a3:-11;f8g7:-3;d7d5:1;d7d6:3
2bbr1k1/3b1r2/pp3b2/1Pppppp1/8/P1PPP1PB/1Q1R3P/B1B1K3 b - - 3 22,opening,f5f4,-191,f5f4:-191;a6b5:-175;d5d4:-167;d7e6:-158;a6a5:-143;c8b7:-137;f6g7:-125;g8g7:-117
krq1brnb/pp1ppp1p/8/2pn2p1/2PP3P/1P5N/2Q1PPP1/KR1NBR1B b - - 0 8,opening,h8d4,-282,h8d4:-282;g5g4:-228;c5d4:-210;d5c7:-184;d5b4:-173;d5b6:-99;d5f4:-99;d5f6:-27
2r1n1nr/b1p2kp1/p3q2p/1pbBp3/1P1N1PPP/P1P1P3/3P2K1/1RQ1N2R b - - 4 19,opening,e6d5,-339,e6d5:-339;e5d4:545;c5d4:586;c5b6:764;g8f6:768;e8f6:775;f7e7:786;c5d6:800
rbkb2r1/1pp5/p4b1p/P3pqpB/3pBp2/1PP3PP/3PbP2/RK2BQR1 b - - 1 18,opening,f5e4,-691,f5e4:-691;f5e6:-4;f5d7:530;e2g4:553;f5g4:607;e2d3:635;e2b5:666;b8a7:666
Qkb2r1n/4p1n1/p2pqp1p/bp3Pp1/2N3PP/PPP1B3/5R2/1K1B1R1N b - - 0 20,opening,b8a8,119,b8a8:119;b8c7:850
kbbrqrnn/1ppppppp/p7/8/6P1/P1P2P2/1P1PP2P/KBBRQRNN b - - 0 4,opening,e7e5,69,e7e5:69;f7f6:71;c7c6:71;d7d5:73;e7e6:81;d7d6:85;g7g6:86;c7c5:92
bk1r1b1b/p3p1p1/2q1b3/2rpPpPp/p1pPQ3/2PR1B1P/KPR2P2/B5BB b - - 2 18,opening,d5e4,-678,d5e4:-678;f5e4:-671;c6a6:-386;c5b5:-385;g7g6:-368;c6b5:-365;c5a5:-339;a8b7:-325
bqn1brrk/ppp1nppp/8/3pp3/P7/1P6/1BP1PPPP/BQNN1RRK w - - 0 8,opening,b2e5,-26,b2e5:-26;f2f4:-55;e2e4:-75;c1d3:-86;c2c4:-90;b3b4:-101;a4a5:-110;e2e3:-111
1bbr1bqr/kpp3p1/p1bp1p2/1B2p2p/1P5P/B3P3/P1PP1PP1/KB1RB1QR w - - 0 8,opening,b5c6,51,b5c6:51;b5e2:-93;b5f1:-122;b5d3:-138;c2c4:-359;b5a6:-383;d1c1:-409;f2f3:-423
kbr1bq1r/p1ppp1p1/1p4P1/Q3Np1p/1P6/5n1P/P1PPPP2/KBNRB2R w - - 1 14,opening,a5d5,381,a5d5:381;a5a6:335;a5b5:302;e5d7:245;a5a3:27;a5a4:0;e5f3:-325;a5a7:-326
bq2rb1b/pprp1pkp/6p1/2p1P3/5bP1/1PB2B1P/P1P1PP2/1QRBRBK1 w - - 1 9,opening,e5e6,241,e5e6:241;e2e3:108;f3d5:75;f1g2:67;c3a5:40;b1a1:28;g1g2:21;a2a3:7
r2qrnkb/3pppp1/1bn4Q/1p5p/Bp2P3/2PP4/P3RPPP/R2N1NKB b - - 1 11,opening,g7h6,-804,g7h6:-804;b6f2:-637;a8a4:-622;b4c3:-606;b5a4:-596;a8a5:-578;e7e6:-577;c6d4:-572
rqbnb1k1/p1pp2pp/5r2/1p2pp2/P1P4n/4N3/1P1PPPP1/RQB1BRKN w - - 0 7,opening,f2f4,17,f2f4:17;d2d4:-14;a4b5:-42;f2f3:-58;b2b3:-84;d2d3:-96;b2b4:-98;e3d5:-103
n1nrr1kb/1q3pp1/3p1P2/p1NpP2p/2P3Pb/P7/1P2P3/NQ1RRBK1 b - - 1 13,opening,d6c5,-493,d6c5:-493;b7c7:-456;b7b6:-434;b7a7:-414;b7b8:-375;b7c6:-375;h4f2:-322;b7b2:210
2b2r2/1pkpppr1/6pb/nBpP1q1p/4P2P/P4P2/3P2P1/N1BKNRR1 w - - 2 20,opening,e4f5,273,e4f5:273;d5d6:178;c1b2:-210;d2d4:-424;a1b3:-444;g2g4:-449;a1c2:-450;e1d3:-496
brk1qrbn/1p1p1p2/4n1p1/p1p1p2p/5P2/2P2R2/PPKPP1PP/BR1N1QBN w - - 0 8,opening,f4e5,-78,f4e5:-78;b2b4:-119;d1e3:-140;c3c4:-147;b2b3:-151;d2d3:-160;h1f2:-161;c2c1:-174
1rkrnnnn/p3pp1p/q2p2p1/1pp5/P7/2P1P2P/1PKPNPP1/QR1RNN1N w - - 4 8,opening,a4b5,103,a4b5:103;b2b4:5;h1g3:-12;b2b3:-39;d2d4:-41;d2d3:-44;f1g3:-67;e1d3:-92
6rb/pqrpp1n1/n1p4k/N6p/Pp1PPp1p/1PP2PP1/4RK2/1NR2B1B w - - 1 23,opening,a5b7,-360,a5b7:-360;g3f4:-499;g3h4:-532;f2e1:-536;g3g4:-542;e4e5:-557;f2g1:-582;c1e1:-586
nqn1kr1n/p1pn1ppp/1p1rp3/3p1N2/P1P3P1/3P4/1P2PP1P/NQNRKR1N b - - 0 7,opening,e6f5,-225,e6f5:-225;c7c6:154;c7c5:166;h8g6:167;c8e7:178;d5d4:183;d5c4:190;a7a5:196
n2rknbr/pbppppp1/1q5p/8/7P/pN2PP2/1PPP2P1/1QBRKNBR w - - 1 7,opening,e3e4,59,e3e4:59;b2a3:42;f1g3:22;d2d3:13;h4h5:10;g1f2:5;d2d4:-15;b3d4:-58
1k4rb/n3rqp1/p1ppp2p/1pP2p2/P3BPP1/1P1Pn3/2B1P2Q/NKN1RR2 w - - 1 17,opening,h2g1,-84,h2g1:-84;h2f2:-94;c5d6:-121;d3d4:-131;h2g3:-149;h2h3:-174;e1d1:-205;g4g5:-225
knnqrn1r/2pppppp/1p6/p2n4/7P/P1PPNN1R/1P2PPP1/KNNQR3 b - - 0 7,opening,d5e3,47,d5e3:47;e7e6:99;d5f6:121;d5f4:136;c7c6:166;g7g5:380;d5c3:466;e7e5:479
rr1k1qnb/1ppp4/p2Q1ppp/4p2b/4P3/2P4P/PP1PNPP1/R1RKB1NB b - - 1 8,opening,h5e2,-587,h5e2:-587;f8d6:-454;c7d6:-413;g8e7:347;f8g7:385;f8f7:393;f8e8:394;h8g7:512
q1k1r2b/p4p2/np1bpR2/2pp3p/B2P3P/PPn5/2KNr3/Q4RNB w - - 4 23,opening,a1c3,313,a1c3:313;a4e8:159;c2c3:-56;g1e2:-62;f6f7:-181;f6h6:-189;a1c1:-213;d4c5:-264
1brkbrb1/p2p1pb1/1pq5/3p2pP/2p2P1P/PPP5/R3P1B1/QB1KBRB1 w - - 1 13,opening,h5h6,26,h5h6:26;b3c4:9;h4g5:-25;a2d2:-62;b3b4:-90;a3a4:-100;a2b2:-130;a1b2:-134
kb1brbrb/1pp3pp/3p1p2/p2Pp1P1/2P5/1B5P/PPB1qPR1/K1Q1R2B b - - 0 10,opening,e2h5,15,e2h5:15;e2f3:79;e2c2:319;e2e1:326;e5e4:356;g7g6:371;e2f2:378;f6g5:393
3br1nr/1k2p3/pPb2p2/2p1n1pp/4Pq2/1P1Q1B1R/PB1PNPP1/K4N2 b - - 6 17,opening,e5d3,-668,e5d3:-668;f4f3:-583;g5g4:-395;f4g4:-355;f4f5:-284;f4h4:-218;f6f5:-176;f4e4:-82
br1nqrk1/3p1n1p/b1p1pB1p/pp6/5P2/1P6/P1PPPKPP/1RBQ1R1N w - - 1 9,opening,d2d3,59,d2d3:59;f2g1:35;h1g3:3;c1b2:2;e2e3:-48;f6a1:-52;f6b2:-57;f2e1:-77
1r1q1rbn/kbpppppp/pp2n3/5P2/3B4/1P2P1P1/P1PP1Q1P/1RKNR1BN b - - 6 9,opening,e6d4,-178,e6d4:-178;b7h1:-74;c7c5:8;d7d6:77;h8g6:81;e6g5:98;f7f6:109;b8c8:126
rr4n1/1p1nk1bp/pRBppp1N/1bp3p1/2P3P1/3P4/PB3P1P/R3KQN1 b - - 1 18,opening,b5c6,395,b5c6:395;d7b6:411;g8h6:426;g7h6:457;e7f8:528;b7c6:546;f6f5:603;a8a7:606
nnrrqnkn/1ppppp1p/p7/8/4P1p1/NP2N3/P1PP1PPP/N1RRQ1KN b - - 1 4,opening,h7h5,179,h7h5:179;c7c5:195;f8e6:200;h8g6:207;b8c6:207;d7d5:211;f8g6:215;f7f6:216
n2rkn1n/3q1p1r/1p4Pp/pn6/3P4/1P6/P3N1P1/NQ1RKR1N w - - 3 20,midgame,g6h7,360,g6h7:360;b1e4:339;a2a4:-37;h1g3:-177;h1f2:-179;d4d5:-204;g6f7:-206;g6g7:-230
r1knr2n/pn2ppq1/7p/NP1p1P2/1pPP1RNP/6p1/1R5n/1K4QN b - - 1 23,opening,b7a5,-287,b7a5:-287;h2g4:-283;h8g6:-208;e7e5:-187;h2f3:-178;e8g8:-162;h6h5:-156;a8b8:-150
q1n1n1r1/pppk2pr/3pnp2/4p3/2P1P2n/NP4PP/P2P1P1R/Q1N1KNR1 b - - 0 11,opening,h4f3,-667,h4f3:-667;h4g6:-424;e6d4:-413;e6g5:-391;b7b6:-360;b7b5:-323;f6f5:-305;d6d5:-260
knrr1nbb/pp1p1pp1/3q3p/2p1p3/1PP2P2/2RPPQ1P/P5P1/KN1R1NBB b - - 1 9,opening,c5b4,-138,c5b4:-138;d6c6:-56;e5f4:-23;d6e7:38;e5e4:42;g7g6:79;g7g5:82;f7f5:108
bkbrr1qb/ppppb1pp/8/4pp2/4P3/1P5P/P1PPRPP1/BKBR1BQB b - - 0 4,opening,f5e4,-48,f5e4:-48;e7f6:39;g7g6:42;d7d5:94;b7b6:95;h7h5:114;d7d6:117;e7d6:131
r1kbbqrb/pp1ppppp/8/8/2p2bPP/1P6/P1PPPPB1/RBKBBQR1 b - - 1 5,opening,e7e6,-135,e7e6:-135;g7g6:-60;g7g5:-46;d7d5:-24;c4c3:-24;f4d6:-24;f4h2:1;a7a5:100
qr3b1r/ppp2nk1/P1bPB3/5ppp/3P1PNP/4P1P1/QPN5/1RB3KR b - - 3 22,opening,c6h1,345,c6h1:345;b8e8:387;c6f3:400;c6e4:408;h5g4:414;g5f4:415;f8d6:421;f5g4:426
nb1knrr1/pppb1p1B/4p1p1/3p1q2/8/PNPPPP2/1PK3PP/2B1NRRQ w - - 4 9,opening,b3d4,224,b3d4:224;e3e4:209;h7g8:207;g2g4:190;b3c5:-101;b3a5:-122;f3f4:-128;c2b1:-149
1rq3nb/kpp1p1p1/2Pp3p/p4rn1/4PP2/P7/1Pb3P1/KRQN1RBB b - - 0 18,opening,b7b6,321,b7b6:321;a7a8:382;f5c5:383;a7a6:485
nkrbqb1r/1p1ppn2/6p1/p1p4p/P1P3P1/3P4/1PR1PP1P/NK2QBNR w - - 0 9,opening,g4g5,-369,g4g5:-369;a1b3:-375;f1g2:-387;g4h5:-403;h2h3:-419;e2e3:-438;h2h4:-444;e1d2:-445
r1rb3k/1p1bp2b/pb1p1q2/2BP1P2/1PP4p/P4PPP/RBB5/2RB1Q1K w - - 1 23,opening,b2f6,524,b2f6:524;c5b6:522;c2a4:480;c5f2:464;c5g1:453;g3g4:446;c2e4:430;g3h4:416
1kb2rn1/1p1qp1pp/2pr4/p1QpnB2/P2P1b2/1PP5/1B1RPPPP/K3R1NN w - - 1 13,opening,f5d7,307,f5d7:307;f5h3:177;e2e3:131;d2d1:97;d4e5:87;e2e4:16;e1d1:-39;g2g4:-47
bqkbrnr1/pppnppp1/8/7p/1P1p4/P2Q3P/2PPPPP1/B1KBRNRN b - - 2 7,opening,e7e5,-107,e7e5:-107;g7g6:8;b7b5:14;h5h4:26;f8e6:27;a7a5:40;c7c5:41;f8g6:44
rknr3q/ppppp1p1/1N2n3/4np1p/2nPNP2/PP6/1NP1P1PP/RK2RNQ1 w - - 6 15,opening,b6a8,292,b6a8:292;b6c8:254;b2c4:175;b6c4:103;b6d5:35;f4e5:11;b3c4:-21;b6a4:-23
b1rr1bbk/ppb1qp1p/6B1/2ppp1p1/2P3KP/4PP2/PP1PQ1P1/B1RR1BB1 w - - 6 11,opening,g6f5,-150,g6f5:-150;g6b1:-236;g6c2:-242;c4d5:-306;e3e4:-322;h4g5:-389;g6h7:-390;g6h5:-396
kbnrb1r1/1pp1p3/p1n4p/3p1ppN/1P2q1PP/P1K1P3/2P2P2/1BR1BNQR w - - 3 16,opening,c3b2,-330,c3b2:-330;h4g5:-346;h5g3:-400;c3b3:-407;b1a2:-408;g1h2:-442;f1g3:-445;f2f3:-452
1qrb1bkb/p1p3pp/Bp1prpP1/4p3/1P1Bb3/7P/P1PP1P2/1QRB1RKB w - - 0 10,opening,h1e4,638,h1e4:638;b1b3:626;d1g4:566;a6c8:512;a6c4:493;g6h7:458;d4e3:397;d1f3:375
2Nr1brb/1k2ppp1/p1pb4/8/1p1PB2q/PP6/2Q1PP2/KB1BRR2 b - - 2 22,opening,d8c8,66,d8c8:66;h4e4:396;d6c5:412;b7b8:99993;d6c7:99993;b7c8:99993;d8d7:99995;d8e8:99998
rn4rq/1N1k1pn1/1n1p4/p3pnNp/pPp1P3/N1PP1QP1/2K2P2/R4R1N w - - 3 23,opening,e4f5,392,e4f5:392;a3c4:325;b7a5:324;b4a5:314;f1d1:284;b7c5:283;d3c4:264;g5f7:221
1r2nn2/p1rp1pqk/1pp1p1p1/6pN/nP1P4/n3PPK1/N1P4P/N1RRN1Q1 w - - 2 21,opening,h5g7,317,h5g7:317;d1d3:-358;a2c3:-369;g1f1:-462;e1d3:-506;g3f2:-516;a1b3:-517;f3f4:-549
bbbkqbrr/2ppp2p/8/pp3pp1/1P2P3/P2P4/2P2PPP/BBBKQBRR w - - 0 5,opening,b1a2,204,b1a2:204;c1b2:195;e4f5:175;a1h8:156;h2h4:154;f1e2:141;c1e3:129;b4a5:128
1bbrqrnn/k2p1ppp/ppp5/4p2B/8/P1P1P1P1/1P1P1P1P/K1BRQRNN b - - 1 6,opening,d7d5,-119,d7d5:-119;e5e4:-109;g7g6:-106;e8e7:-104;h8g6:-97;b8c7:-96;e8e6:-93;c8b7:-92
kq1rb1nb/p1pp3p/1p3r2/4pPp1/n2P4/P3PP1P/1PPB4/KNQR1RNB w - - 3 11,opening,f3f4,471,f3f4:471;b2b3:332;b1c3:316;g1e2:314;d4e5:301;e3e4:300;h3h4:275;d1e1:253
r2n1brk/ppp2pp1/2b4p/2np1Pq1/PB4P1/N2Pp1RB/1PP1P3/R1QN3K b - - 1 13,opening,d5d4,-450,d5d4:-450;f8d6:-432;c5b3:-431;c5d3:-404;d8e6:-374;a7a5:-370;c5e6:-334;g5h4:-280
r1bkqbrb/p2pppp1/1p5p/2p1b3/6P1/P6B/BPPPPP1P/R1BK1QRB w - - 0 6,opening,h1a8,364,h1a8:364;f2f4:320;h1d5:280;h1e4:259;d2d4:246;g4g5:186;d2d3:89;c2c3:45
b2rb1rk/p3p3/2ppqppp/3P2Q1/2pR4/1PN5/P3PBPP/BN4RK w - - 0 16,opening,g5h6,99999,g5h6:99999;g5d2:625;g5h4:621;g5c1:620;d5e6:555;g1e1:551;d4d1:547;b3c4:547
1rkr1n1n/p1pp2pp/3np3/1pPq1p2/PP6/2PRN1PN/1Q2PP1P/1RK2N1N b - - 8 13,opening,d5h1,486,d5h1:486;d5c6:518;d5a8:529;d5b7:530;d6c4:568;d5e4:575;d5e5:621;d6e4:676
kb1r1b1r/1pp4q/3p2b1/4pPpp/2P3bP/1P1B2P1/P2P1PQR/KBBRB3 b - - 0 13,opening,g6f5,28,g6f5:28;g4f5:40;g4d1:44;h7d7:161;h7g7:172;d6d5:192;g6e8:221;h7e7:248
bk1brnrn/1q1ppppp/2p5/pp6/1P5P/Q3N1P1/P1PPPP2/B1KBR1RN b - - 0 6,opening,a5b4,-86,a5b4:-86;d7d5:-62;f7f6:-61;f8e6:-49;b7a7:-36;d7d6:-28;e7e6:-24;g7g6:-13
br1q1rbn/pk1p1p2/4p3/1Pp2P1p/3nPQ1p/P1KP2PN/1P6/BR3RBN b - - 3 16,opening,d4e2,-383,d4e2:-383;e6e5:-176;h4g3:-151;f7f6:-149;b8c8:-149;h8g6:-114;d7d6:-92;d8b6:-66
1b1b1kbr/p1p1rpp1/2b4p/4p3/PBQ1P3/1P2q1P1/2PP1P1P/3BRKBR w - - 1 12,opening,e1e3,670,e1e3:670;d2e3:625;f2e3:612;b4e7:597;f2f3:516;f2f4:514;c4c6:463;a4a5:420
b1rbqb1r/1kppp2b/5p1p/pp4p1/3Q4/P3PP2/1PPP2PP/BKRB1BBR w - - 0 8,opening,f1b5,275,f1b5:275;d4c5:171;e3e4:149;d4c3:128;b2b4:123;d4g4:72;b2b3:50;d1e2:24
b1kbq1rr/ppppp1pp/n7/5pn1/8/PP2N2P/2PPPPP1/BNKBQ1RR w - - 0 5,opening,e3f5,166,e3f5:166;h3h4:127;f2f4:118;h1h2:74;b3b4:69;g2g4:63;c2c4:57;a1b2:53
1bBrk2r/q1p1pp1p/3pn2n/pp2N1p1/1P4PP/2P5/P2PPP2/Q1BRKN1R b - - 2 10,opening,d8c8,104,d8c8:104;d6e5:147;a7a8:166;e6f4:173;e6f8:214;h8f8:279;a5b4:293;h6g4:356
1krrqbbb/p1pp2pp/8/1P1bpp2/P7/1P4P1/3PPP1P/BKRRQBBB w - - 0 6,opening,h1d5,138,h1d5:138;f1g2:-121;d2d4:-121;e2e4:-143;f2f4:-164;d2d3:-195;f2f3:-211;b5b6:-228
rbrb1bbk/p1p3p1/2q5/3p1p1p/1p6/1BP2PPP/PP1PP1K1/R1R1QBB1 b - - 1 9,opening,c6h6,-265,c6h6:-265;c6g6:-258;b4c3:-240;g8h7:-239;c6f6:-229;a7a5:-223;c6d6:-214;h5h4:-211
bk2bbb1/1pr1pppr/1Bp5/p6p/P2P3q/4Q3/1PP3PP/BK1R1B1R w - - 0 12,opening,e3e5,769,e3e5:769;b6c7:394;e3d2:375;b2b3:316;f1c4:315;d4d5:307;g2g3:303;e3c3:281
rb1q1k1r/Q1ppp2p/2b1b1p1/p2P2b1/4Pp1P/BP6/R1P2P2/1B2K1BR w - - 2 18,opening,a7d4,249,a7d4:249;a7c5:-315;a7a8:-344;a7b8:-427;h4g5:-452;a3b2:-456;a7a5:-527;d5e6:-537
kr1b1rqn/pbpppppp/1p6/3n4/2P4P/8/PP2PPP1/KRBBNRQN w - - 0 5,opening,c4d5,184,c4d5:184;e1d3:-37;f2f4:-87;g2g4:-92;a2a3:-99;c1d2:-114;e1c2:-115;h4h5:-118
1nbq1rnk/1p1p1pp1/r4b2/pNp5/4P1p1/1P6/PBPPBP1P/R3QRNK b - - 3 10,opening,f6b2,-396,f6b2:-396;d7d5:-69;a6e6:-42;g8h6:-18;d8e7:34;f8e8:68;a5a4:71;b8c6:75
qrkrnn1n/1pppnp1p/p5p1/4P3/3P4/6PP/PPP1P3/QRKRNNNN b - - 0 5,opening,d7d6,104,d7d6:104;f7f6:105;b7b5:113;f7f5:118;b7b6:126;f8e6:131;a6a5:134;d7d5:141
1kb1qr1r/p1b1nppp/3p2N1/1pp4P/4p1P1/P1P5/KP1PnP2/1BBNQ1RR b - - 1 15,opening,e2c1,-651,e2c1:-651;c8e6:-450;e2g1:-337;c8g4:-249;e7g6:-213;e2c3:-184;f7f5:-171;h7g6:-165
brknqrbn/p2p1pp1/2p1p3/Pp5p/6P1/3P4/1PP1PP1P/BRKNQRBN w - b6 0 5,opening,f2f4,276,f2f4:276;b2b3:272;h1g3:269;b2b4:269;f2f3:265;g4h5:254;a5a6:234;e2e4:212
1rkr2nn/3p1p1p/p1p1n3/2R2np1/Pp6/5p2/1PPNPN1P/QR1KN1N1 w - - 0 17,opening,c5f5,651,c5f5:651;c5e5:474;c5a5:406;d2b3:386;e1d3:386;b2b3:375;d2e4:366;e1f3:344
4qrnn/1k1rppp1/1pp5/p3Q2p/3Npb2/2PR3P/PP3PP1/KBB2RN1 w - - 1 18,opening,e5e4,595,e5e4:595;c1f4:367;e5f4:343;e5g7:74;e5f5:-16;e5h5:-146;d4c6:-336;d4e6:-377
rrbb2k1/3p1p2/2pq4/p3pNpn/1P6/BP1P1K1P/P3PP2/R1RBN3 w - - 5 23,opening,f5d6,333,f5d6:333;e2e4:-494;e1c2:-512;f3g2:-520;e1g2:-520;e2e3:-565;a3b2:-570;h3h4:-571
br1qr3/ppbp1p1p/5kpb/2p1p3/1PP1PPP1/7P/PBQPR3/1R1B1BKB b - - 3 10,opening,h6f4,231,h6f4:231;f6g7:349;h6f8:351;f6e7:354;c5b4:354;b7b5:365;b7b6:382;d7d6:382
k2rqbrb/p1p3p1/1nn1p2p/1p1p1p2/P2P1P2/1N5P/1PP1P1P1/KNR1QBRB b - - 0 8,opening,b5a4,-248,b5a4:-248;g7g5:-230;b5b4:-103;g7g6:-97;c6d4:-95;f8b4:-93;e6e5:-28;b6c4:0
1bk2nrb/2p3p1/3pNp1p/pp2r3/Pn1p1P2/R4qP1/BPPNR2P/Q2K3B b - - 7 20,opening,f3e2,-99998,f3e2:-99998;f3h1:-99997;f3g4:297;d4d3:313;e5e2:354;f8e6:374;f3h5:430;f8g6:529
krb1rq1n/2bpp3/1ppn1pp1/7N/p7/P5PP/KPPPPPQ1/1RBB2RN b - - 1 12,opening,f8f7,-306,f8f7:-306;g6h5:-292;e7e5:-278;f8g8:-276;c8b7:-208;f6f5:-175;a8a7:-171;c8a6:-154
rbrbb2q/1pppp1p1/p6k/PP3p1p/R2P1P2/2P3PP/2b1PBK1/1B1BBQ2 b - - 2 14,opening,c2b1,-436,c2b1:-436;c2d1:-355;c2a4:-300;a6b5:-236;c2e4:-212;g7g6:-126;e7e6:-124;c7c6:-113
br2r2b/3kp3/1pp5/4PqbB/pP1p1Q1P/PR1P2P1/2K5/B3R1BB b - - 0 20,opening,a4b3,-460,a4b3:-460;g5f4:-420;f5f4:217;f5h3:463;f5e6:506;e8f8:538;f5h7:541;f5f8:545
4b1rn/b2p3k/1p4pp/2p1pr2/p3P1K1/1PP1NPPn/P2PNB2/1BR3R1 w - - 0 20,opening,g4h3,404,g4h3:404;g1f1:97;g1g2:0;f3f4:-110;c1f1:-116;f2e1:-203;e3d1:-217;e2f4:-99998
rb1k2r1/3q1p2/p2p1np1/1p2p2p/1P3P1b/3NPB2/P1PP2KR/RB4N1 w - - 0 22,opening,f3a8,-483,f3a8:-483;h2h4:-519;g2f1:-529;a2a4:-536;f4e5:-543;c2c3:-548;a2a3:-550;h2h3:-555
bbbk1brr/1pp1pp1B/6p1/p2p4/2P5/4P1P1/qP1PKP1P/B1B1QBRR w - - 0 6,opening,h7g8,-286,h7g8:-286;b2b3:-418;d2d3:-475;f1h3:-494;d2d4:-517;h7g6:-518;e1d1:-530;b2b4:-536
1r2brq1/1n2n3/1kpppB2/p4Ppp/1Pp1P1PP/P1K3R1/3P3Q/RB1N2b1 b - - 2 22,opening,g1h2,-801,g1h2:-801;e7d5:-708;a5b4:-680;f8f6:-281;c6c5:-269;b6c7:-267;b6a6:-228;g5h4:-182
bkr1qbbr/pp3pp1/3pp3/2B3bp/8/5PP1/PPPPP2P/BKRBQB1R b - - 0 6,opening,d6c5,-366,d6c5:-366;c8c5:-355;b7b6:102;g8h7:111;g5f6:116;f7f5:125;e8d8:128;e6e5:130
b1rn1rkn/1b1q1p1p/2pppBP1/p7/p3N1P1/1P2P3/2PPQ2P/1RBN1RK1 b - - 2 11,opening,h8g6,234,h8g6:234;f7g6:238;h7h5:470;h7h6:474;b7a6:514;f8e8:684;d7e7:716;e6e5:752
br1krbbb/ppqp3p/5pp1/1BB1p3/P3PP2/2PP4/1P2R1PP/BRQK3B b - - 0 9,opening,g8b3,-460,g8b3:-460;c7c5:-428;f8c5:-398;e5f4:-170;a7a6:-153;f6f5:-126;b7b6:-111;b8c8:-98
bk1bqbbr/2p1r1p1/3ppp2/p2R3p/P2QP2P/1p6/3P1PP1/B1KBRBB1 b - - 4 15,opening,e8c6,-440,e8c6:-440;c7c5:-389;e6d5:-384;e6e5:-227;a8d5:-221;c7c6:-54;a8b7:-26;g8f7:148
kq1b1rnr/ppp1pppn/3pb3/5P1p/P3P2P/2P3P1/1PQP4/K1BBRNNR w - - 3 9,opening,f5e6,581,f5e6:581;d1h5:225;d2d4:219;f1e3:211;g3g4:206;g1h3:187;d2d3:181;d1f3:170
1b3rr1/p1npk2p/3q2pn/1pp1pp2/P4P2/1QP1K1PP/BP4N1/B3R1RN w - - 0 20,opening,f4e5,274,f4e5:274;a4b5:209;b3d1:197;b3a3:147;b3c2:140;e3e2:130;e3f2:110;g1f1:73
r1r1b2q/1p1pp2k/p4p2/b1pbb1pp/1PPB3P/P2P1P2/3BP1P1/RBRB1QK1 w - - 3 13,opening,d4e5,485,d4e5:485;d4c5:172;d4c3:170;d4f2:167;d4e3:159;a1a2:61;e2e3:38;c4d5:-45
1k5q/rpp1rpp1/p1bn2n1/2bp3p/6PP/2PNP3/PK1PP1Q1/R1R1BB2 w - - 5 18,opening,d3c5,-237,d3c5:-237;e3e4:-416;a1b1:-431;b2b3:-455;g4h5:-459;a2a4:-459;a2a3:-496;c1b1:-513
k2rb2b/p2ppr1p/n1p1qN1n/1p1P1p2/1P2Pp2/2N4P/P1P3P1/1KQRBR1B b - - 0 12,opening,e6f6,-183,e6f6:-183;e6d6:-140;e6e5:154;c6d5:209;f7f6:458;f5e4:495;a6b4:504;d7d6:509
kb1rbnq1/pp3ppr/3pp2p/2p2n2/2PPBP2/4P3/PP3BPP/K1NR1NQR b - - 0 8,opening,c5d4,52,c5d4:52;e8a4:93;g7g6:102;d8c8:117;f8d7:120;h7h8:125;g7g5:128;h6h5:154
2b1r1r1/2k1pp1p/p1ppn3/bp2n1p1/1PP1P3/3P1BN1/PK4PP/2QR1NR1 w - - 4 22,opening,b4a5,580,b4a5:580;c1d2:378;f3e2:368;c4b5:359;c1c3:356;f1e3:341;a2a3:304;b2a1:301
1qnk1rr1/p1pp1ppp/1p3n2/3nnP1N/6P1/8/PPP1P2P/NQNKRRN1 w - - 0 10,opening,e2e4,-287,e2e4:-287;c1d3:-392;f1f3:-437;c1b3:-494;h5f6:-498;e2e3:-504;f1f4:-584;h5f4:-585
1brbqbb1/1p2ppk1/r5pp/p1pp3B/4P3/P1PP2P1/1PB2P1P/R1RBQ1BK b - - 2 8,opening,g6h5,-183,g6h5:-183;d5e4:-36;e7e5:6;c8c7:19;d8c7:29;a5a4:34;e7e6:39;e8d7:40
qbrnk3/1p3n2/2pp3r/p3pp1p/4PPpP/2PbN1P1/PP4K1/QR2B1RN w - - 4 17,opening,h1f2,-429,h1f2:-429;g2h2:-440;e4f5:-449;e1d2:-463;b2b4:-505;b1d1:-505;c3c4:-506;f4e5:-507
1rb1rkqb/p1pp1pp1/4p2p/8/1p1b4/4P2P/PPP2PQK/BRBBR2B b - - 1 9,opening,d4f6,173,d4f6:173;b4b3:251;c8b7:251;d4c5:259;d4e5:261;d4b6:311;g7g5:398;d4e3:437
1br2qnk/pp2r3/1b1p4/2p1p1pp/PP6/nN3N1P/BRPPPPPQ/3BR2K w - - 2 13,opening,b4c5,-83,b4c5:-83;a4a5:-84;h2g3:-95;e2e4:-104;e1f1:-156;f3g5:-171;c2c3:-194;e2e3:-196
rrbb1n1k/1pppppp1/p7/7p/2P1q1PP/P7/2P1PP1N/RRBBN1QK w - - 4 9,opening,g1g2,324,g1g2:324;f2f3:282;e1f3:278;e1g2:219;h2f3:-99
b1qrb1rk/p1p2ppp/1pnpp3/8/2P2nN1/1PNQ4/P2PPPPP/B2RB1RK b - - 1 7,opening,f4d3,-512,f4d3:-512;f7f5:-294;e6e5:-235;e8d7:-222;f7f6:-166;d6d5:-160;h7h6:-150;g8f8:-141
nqbrk1br/ppp1ppp1/3p2n1/7p/8/1P1P2P1/P1PKPP1P/NQBR1NBR b - - 1 4,opening,c8h3,-170,c8h3:-170;d6d5:-135;b7b5:-134;f7f6:-134;c7c5:-131;e7e5:-127;h5h4:-121;c7c6:-116
n1rbr3/pppnb2k/6pp/4Pp2/Pq1P4/2P1P1PP/2P1R1B1/N1RB1KQ1 w - - 3 18,opening,c3b4,606,c3b4:606;e5e6:7;a1b3:-103;g3g4:-142;h3h4:-146;g2c6:-155;g1h1:-192;a4a5:-201
r1nq3r/p2p1kpp/1pp2p2/NB6/1b2pPPP/2P1P1n1/PP1P3N/1R1QK1R1 w - - 1 21,opening,d1b3,401,d1b3:401;b5c4:395;a5c6:379;b5c6:337;c3b4:329;a5b7:232;a5b3:232;b5a4:208
nr2qr2/2bb1p1k/1p1p3p/p1Nnp1p1/PPP1P3/4B1PN/5P1P/1B1RQR1K b - - 0 14,opening,d5e3,-108,d5e3:-108;b6c5:-90;d7h3:97;d6c5:110;d5b4:186;h7g7:192;d5e7:237;d7g4:239
rn2brkn/pp1pp1pp/5q2/b1p2p2/P6P/5PP1/1PPPPBK1/RNQB1R1N b - - 2 7,opening,b8c6,-137,b8c6:-137;f5f4:-129;d7d6:-118;d7d5:-116;c5c4:-106;h8g6:-104;b8a6:-103;g7g5:-85
n1r1r2n/1pqn1kp1/4pN2/1pp4p/P6n/2PPp1N1/1RQ2PPR/NN1K4 b - - 1 19,opening,d7f6,-371,d7f6:-371;g7f6:-255;e3e2:-233;h8g6:-173;f7f6:-173;e8d8:-165;h4g6:-145;e8e7:-134
rnnk1r2/p1pp3p/4ppq1/1p2P1p1/1PPn1P2/PN1P1P2/N4N2/R2KNRQ1 b - - 0 16,opening,d4b3,-107,d4b3:-107;d4f5:248;f6e5:282;b8c6:301;c7c5:379;b5c4:431;a7a5:455;d4c6:483
bkrbqbbr/1ppppp1p/6p1/8/p1PP2P1/8/PP2PP1P/BKRBQBBR w - - 0 4,opening,f2f3,181,f2f3:181;h2h4:178;b2b4:162;e2e4:156;b2b3:151;d4d5:143;f1g2:124;d1a4:121
qn4kn/pp1p1r2/1npnr1pp/1PP1ppP1/7P/P4P2/3PP2K/QNNNR1RN w - - 4 13,opening,c5b6,198,c5b6:198;b1c3:192;c5d6:188;a3a4:182;h2g2:179;h1f2:164;c1d3:160;g5h6:159
nbbr1rnk/2pBqp2/p5Pp/NpP5/3p1P1Q/8/PP2PRP1/2bR2NK w - - 1 15,opening,h4g3,-338,h4g3:-338;g6g7:-374;h4e7:-449;h4g4:-470;g1f3:-483;h4h2:-484;h4h5:-563;h4h3:-577
1rkbr2b/2pn3p/1p4p1/p2n1pQB/1P1Nq1N1/6PP/P1PP2B1/1RK5 b - - 1 16,opening,e4e1,-1117,e4e1:-1117;e4g2:-926;d8g5:-883;e4d4:-860;h8d4:-814;d5b4:-685;g6h5:-664;b6b5:-633
1brb1b1k/1rppq3/5p1p/Q7/Rp2PpP1/8/2PP1BP1/1BRB1BK1 w - - 3 21,opening,a5f5,362,a5f5:362;a5h5:349;a5a6:348;a5a8:342;b1a2:311;c2c3:308;a5d5:297;d1e2:284
qbrr1knb/pppp1pp1/4pn2/7p/8/1PP5/P1RPPPPP/QB1RNKNB w - - 0 4,opening,g2g3,-37,g2g3:-37;d2d4:-43;a2a4:-48;c2c1:-60;e2e3:-64;g1h3:-66;g1f3:-70;e1f3:-76
qn1k3r/1p1pr1bp/2p1p3/p2n1p2/PPPPB1pb/Q4PPB/N3PR1P/1K1R2N1 b - - 3 20,opening,a5b4,-252,a5b4:-252;d5b6:-192;g7d4:-187;d5b4:-185;f5e4:-153;h4f6:-151;h4g5:-139;d5c7:-126
3bB1rb/b1p2rpp/2q2k2/3Pp3/1P2PpPP/p6B/PQPR4/BB2KR2 b - - 0 19,opening,a3b2,-341,a3b2:-341;a7f2:320;c6d6:434;c6e8:437;c6d5:484;g8e8:566;a7d4:647;c6e6:711
1qkbrnrn/p1ppp1p1/2b2p2/1p5p/P2PP3/6NP/1PP2PP1/BQKBR1RN b - - 0 5,opening,b5a4,78,b5a4:78;b5b4:87;a7a6:88;e7e6:95;h5h4:98;h8f7:124;c6a8:143;g7g6:154
r2kbqn1/n1pppp1p/5r2/p5P1/1pPb4/3PP1P1/P4P2/RRNKBQNB w - - 1 12,opening,e3d4,599,e3d4:599;f1g2:469;g5f6:460;h1a8:456;f2f4:369;g1e2:361;e1d2:339;g3g4:336
nn3kr1/3pqp2/ppr2nn1/1Np1p1NQ/P1PPP2P/1P6/5PP1/N1R2KRN b - - 0 15,opening,f6h5,-530,f6h5:-530;c5d4:-215;e5d4:-153;a6b5:-117;f8e8:-116;g8h8:-113;g8g7:-112;d7d6:0
brq1bk1r/pppp2pp/2n5/P6P/6n1/2BPp1P1/1PP1p3/BRQ1K1NR b - - 0 11,opening,e8f7,-331,e8f7:-331;f8e7:-329;h7h6:-320;d7d6:-313;b7b6:-305;b7b5:-299;h8g8:-293;d7d5:-253
kbbrbbqr/3ppppp/p7/1pp4P/1P6/8/P1PPPPP1/KBBRBBQR b - - 0 4,opening,c5b4,-65,c5b4:-65;d7d5:-28;e7e5:-17;e7e6:0;d7d6:20;c5c4:35;c8b7:35;f7f6:41
2rb2rb/2k3b1/1qp2pp1/1B1p3P/1P1Bb2P/P3P1K1/2P3R1/1QRB3B b - - 0 22,opening,b6b5,-281,b6b5:-281;b6b7:-175;b6b8:-172;c6c5:69;b6d4:237;c6b5:285;f6f5:289;g6h5:311
r2r2n1/2kn1p1p/qp1p1np1/pPp5/Rn1pPN2/P5N1/Q1P3PP/K3N2N b - - 3 22,opening,b4a2,-738,b4a2:-738;a6b5:-621;a6b7:-471;a6c8:-441;g6g5:-429;d4d3:-428;g8e7:-423;b4c2:-409
rqbnbrkn/p1p1p1p1/1p3p1p/8/P2p1P1P/2N5/1PPPP1P1/RQB1BRKN b - - 0 6,opening,d4c3,-335,d4c3:-335;c8g4:-211;b8b7:-207;c7c5:-195;c8b7:-182;e8c6:-181;f6f5:-170;h8g6:-126
3bk2r/q1p1p1p1/1b1pbp2/3P3P/Pp6/3P1B2/2P1RPKP/1BB3BR b - - 0 16,opening,e6f7,-247,e6f7:-247;e6f5:-195;e6g8:-188;e6d7:-149;e6c8:-124;a7a4:79;e6h3:114;e6d5:163
rbq1k2r/n1p1p2p/3p2b1/pp2p1p1/1P6/P1PPKPP1/1Q2PB1P/RBN4R w - - 3 18,opening,d3d4,6,d3d4:6;h2h3:-13;e3d2:-17;b4a5:-26;g3g4:-49;h2h4:-57;b1a2:-60;a3a4:-71
k4rrn/1b1p1ppq/1pp2b1p/p1N1p3/2P2P2/PP2Q1PP/K2PP3/1RBBR2N w - - 7 14,opening,c5d7,623,c5d7:623;c5a4:608;f4e5:586;c5b7:534;c5e4:508;e3e4:481;e3d3:477;c5d3:446
n2rknrn/6pp/4p3/pppp4/2PPqPPP/1P6/P1N1PNN1/3RKR1N w - - 5 15,opening,f2e4,365,f2e4:365;c2e3:-273;g2e3:-370;d1d3:-483;d1c1:-484;d1d2:-490;e1d2:-491;c2a3:-495
b2r1bb1/1k2ppb1/8/1qB3pp/7P/1PPP4/1K4P1/BR1R3B w - - 3 19,midgame,c5e3,-568,c5e3:-568;c5e7:-590;b2c2:-601;c5a3:-603;d3d4:-620;c5d4:-622;c5g1:-628;b3b4:-640
1qnnnkrn/rpp1pppp/p7/3p4/1P3P2/2P5/P1NPP1PP/RQNN1KRN b - - 0 4,opening,h8g6,-39,h8g6:-39;e8f6:-24;c7c6:5;a6a5:19;b7b6:19;c8d6:22;c7c5:24;f7f6:27
1r1bbrkn/1pp1pppp/p1n5/3p4/2P5/2N2PPq/PPBPPN1P/R1Q1BRK1 b - - 6 6,opening,h3d7,133,h3d7:133;h3c8:139;h3h5:155;h3h6:157;h3f1:455;h3e6:499;e8d7:575;d5d4:610
2krb2b/1p2qpp1/1P1b4/p2pp2p/P2P2P1/1B3B2/3bPP1P/RK1BBQR1 w - - 0 22,opening,e1d2,433,e1d2:433;b3d5:352;e2e3:335;d1c2:285;e2e4:281;f3d5:271;a1a2:267;g4h5:238
brqkrbbb/2pppp1p/1p4p1/8/p6P/3BPP2/PPPP2P1/BRQKR1BB b - - 1 5,opening,f8g7,-191,f8g7:-191;f7f5:-184;c7c5:-177;e7e5:-172;b6b5:-167;d7d6:-162;h8e5:-151;f7f6:-144
kbq1r2b/1pppb1rp/4pp2/p3PBp1/3P3b/1P4PB/P1P2P2/KBQ2RRB w - - 2 12,opening,g3h4,-74,g3h4:-74;f5g4:-97;f5e4:-98;c2c4:-98;c1d2:-103;f5e6:-116;c1e1:-116;e5f6:-121
qrkr4/p2ppppp/1p1n2n1/2pnn2N/P3P1P1/5P2/1PPPN1NP/QRKR3N b - - 0 9,opening,d5b4,-172,d5b4:-172;d5c7:-77;d5f6:-12;e5f3:128;d6e4:170;e5g4:177;f7f5:192;b6b5:197
b2qknnr/1prpp2p/8/p1p2pp1/3P1PPP/2P1N1b1/PPQKP3/BBR3NR b - - 2 11,opening,g3f4,-265,g3f4:-265;c5d4:-196;e7e6:-147;b7b5:-116;b7b6:-116;f5g4:-112;g5f4:-29;g8f6:6
rrqbb1k1/3p3p/2p2pn1/1pP1p1p1/Pp1P4/Q1n2PB1/2B1PNPP/RRK2N2 w - - 12 18,opening,b1b4,-214,b1b4:-214;a3b4:-335;a3b2:-384;c2b3:-407;a3c3:-437;a3b3:-449;c2g6:-541;a3a2:-553
nk4rq/p1ppprn1/5p2/1p3Ppp/N5P1/3P2PP/PPP5/NNKRN2Q w - - 1 20,opening,a4c5,390,a4c5:390;h1d5:345;a1b3:204;a4c3:91;c2c4:80;d3d4:76;b1c3:56;h1e4:14
rbbr1bkq/pppp3p/4ppb1/6p1/P1P4B/4PP2/1P1P2PP/RBBR1BKQ b - - 0 5,opening,g5h4,-404,g5h4:-404;g6b1:-357;d7d5:-34;c7c6:-31;h8g7:-4;b7b5:0;a7a5:18;f8b4:29
n1nrn1r1/p1pp1p1k/2n2q1p/1p1QP1p1/P5P1/2N1P3/1PP2P1P/N1NRNRK1 w - - 3 9,opening,e5f6,784,e5f6:784;c1d3:412;e1d3:383;e1f3:352;f2f4:302;a1b3:257;c1e2:256;a4b5:247
1k2r1nr/2bp4/1p1bp3/p1p2p1p/P4P1P/1PP2q1p/2K1P1P1/N1RB1BQ1 b - - 3 19,opening,f3e4,-748,f3e4:-748;h3h2:-700;f3f4:-642;f3g3:-623;f3d5:-560;f3g4:-554;f3b7:-544;f3a8:-522
nbb1n3/p2pk2r/1p3qrp/2p1p1p1/1NP1Pp1P/PN6/BP1PKPP1/2B1RR1Q w - - 0 18,opening,b4d5,468,b4d5:468;h4h5:86;b3c5:-13;h4g5:-203;b4c2:-261;b4d3:-283;d2d4:-308;e2d1:-315
rnnknr1n/pppp2pp/8/4p3/N1q2pP1/P7/1PPPPP1P/RN1KNRQN w - - 3 6,opening,b2b3,-85,b2b3:-85;b1c3:-88;a4c3:-100;b2b4:-199;e1d3:-405;e1f3:-405;g1g2:-438;h1g3:-444
kn1rqbrb/pp1ppp1p/1np3p1/8/2P3P1/3N4/PP1PPP1P/KN1RQBRB w - - 0 4,opening,c4c5,-80,c4c5:-80;d1c1:-82;b1c3:-171;d3c1:-180;e2e4:-183;d3c5:-192;a2a3:-213;f2f4:-215
b3brrk/qpp2p2/3n2p1/p2pp3/PP1NP2p/3N3P/2PP1PP1/BQ2BRRK b - - 0 15,opening,e5d4,171,e5d4:171;f7f6:329;c7c5:335;d5e4:368;h8h7:368;a5b4:390;b7b5:398;b7b6:404
1nrnq2r/1p2p1p1/k4p2/p1p2Nnp/PN1pP1Pn/N2P4/NPP2P2/KR2Q1R1 b - - 3 18,opening,c5b4,-318,c5b4:-318;a5b4:-313;a6a7:224;a6b6:315
1rr3bn/1bk2pp1/1p1np3/3p3p/p2P1P2/8/PP1KPRPP/BR1N2BN w - - 0 17,opening,f2f3,-223,f2f3:-223;f2f1:-240;b1c1:-240;d1c3:-244;h1g3:-276;d2e1:-286;f4f5:-302;b2b4:-326
n1r2bbr/2p1k1p1/1qnp1p1p/pP1Pp3/1P4NP/6P1/2PRPP2/N2QKBBR b - - 0 14,opening,b6b5,186,b6b5:186;h6h5:234;c6d4:257;c6b4:276;f6f5:285;c6b8:293;c6d8:294;a5a4:324
knr1qbrb/pp1p1ppp/2pn4/4p3/P6P/3N4/1PPPPPP1/KN1RQBRB b - - 0 5,opening,g7g5,-173,g7g5:-173;e8d8:-160;e5e4:-149;g7g6:-145;b8a6:-141;f7f5:-125;d6f5:-114;a7a6:-111
3q2rn/1Npprkpn/1n2pp2/2Pn3p/1PQ3PP/3PN2R/P3PP2/2NRK2N w - - 7 16,opening,b7d8,755,b7d8:755;c5b6:601;e3d5:473;g4h5:326;c4e4:326;c4a6:320;c4d5:244;b4b5:233
2nqrr1n/kpppp3/p6p/2n2ppP/3n1P2/6P1/PPP1P3/KNNQRNRN w - - 0 14,opening,d1d4,284,d1d4:284;f4g5:105;g3g4:-119;e2e4:-130;b2b4:-163;f1e3:-167;h1f2:-172;b1c3:-185
qnr2bkb/p1ppr2p/1pn1p1p1/2P2p2/5P2/P1N1N3/1PRPP1PP/Q3RBKB b - - 0 7,opening,c6d4,-224,c6d4:-224;b6c5:-124;a7a5:-120;a7a6:-102;e7f7:-98;a8b7:-94;h8d4:-91;c8e8:-75
b1r1rbkb/4p1p1/2p2p2/pp3B1p/1PP2b2/P3p1P1/3P3K/BQRB2RB w - - 0 15,opening,f5e6,99999,f5e6:99999;h1d5:99997;d1h5:99996;f5h7:829;g3f4:816;d2e3:816;c4b5:768;d1e2:759
br2b1k1/3p1r2/pp2p1pp/P1p2p2/3PB1q1/1PR1PRb1/1Q4K1/BB2B3 b - - 0 21,opening,g3e1,-592,g3e1:-592;a8e4:-560;g3d6:-385;g3c7:-372;g3e5:-349;g3h4:-322;g3f4:-197;g3f2:-86
b3brkb/ppqpp1p1/4rp2/2p4p/P1P1P1P1/5P2/1P1P1K1b/BBRQB1RB w - - 1 9,opening,d2d4,-185,d2d4:-185;b2b4:-191;b2b3:-215;a4a5:-231;c1c3:-247;g1g2:-253;c1c2:-259;f2f1:-261
nnnkrrq1/ppp2pp1/4p1np/3pP3/P1PP4/5P2/1P4PP/NNNKRRQN b - - 0 7,opening,d5c4,-162,d5c4:-162;f7f6:-64;g8h7:-38;a8b6:-4;b8c6:52;a7a5:63;c7c5:65;g6e7:68
1rn2kbb/r1ppq3/1p1npp1p/p3P1p1/2P4P/3P2P1/PP3P1B/RRNQNK1B w - - 0 10,opening,e5d6,256,e5d6:256;h4g5:4;e5f6:-66;e1f3:-98;d1h5:-103;g3g4:-105;d1e2:-105;d1f3:-120
1n1rnn1r/2qp1p2/pnp1p2k/6pp/1PpP3P/4PNP1/PQN2P2/1N1RN1KR w - - 1 17,opening,d4d5,245,d4d5:245;h4g5:154;e3e4:98;g3g4:95;f3g5:84;f3e5:81;b2c1:-10;a2a4:-47
n1n1rqrb/2k1p1pp/p4p2/bp1p4/PPpNP1P1/5P2/2PP3P/K1NBRQRB w - - 0 10,opening,d4e6,485,d4e6:485;b4a5:202;e4d5:186;c1a2:149;f3f4:141;f1f2:129;d4c6:128;c2c3:102
qr3nnr/1ppkpb1p/6p1/p2p4/1Q2p3/1P3N1b/PBPP1PP1/1R1KBN1R b - - 3 9,opening,a5b4,-611,a5b4:-611;e4f3:-358;h3g2:-267;d7e8:-252;a8a6:-174;b7b5:-149;g8f6:-146;f7e6:-123
q1brrb2/kpp2ppp/3p2n1/p3p3/1PB3n1/2P1P1N1/P2P1PPP/QKBRR1N1 w - - 3 8,opening,c4f7,-160,c4f7:-160;g1h3:-180;f2f3:-188;d2d3:-197;e1e2:-208;d2d4:-225;e1f1:-233;e3e4:-239
1r3bbk/1p1b2pp/1qp3b1/3Rpp2/1P2p3/1RB1BPPP/P7/Q1B2B1K w - - 1 15,opening,e3b6,503,e3b6:503;d5d7:495;f3f4:364;d5e5:355;c3e5:349;d5d1:346;c1b2:341;b3b2:333
k1brb1qr/1p1p4/p7/2b2p1p/1PpPpPp1/P1B1B3/BKP1PPBP/3R2QR b - - 1 15,opening,c5b6,290,c5b6:290;c5a7:306;c5d6:385;c5b4:390;c5e7:393;c5f8:405;c5d4:521;h8h6:555
brqr1b1b/p2k2p1/1p1p4/2p3Qp/2Ppp2P/5PP1/PP2R3/Bb1RKBBB b - - 0 14,opening,d7c7,-168,d7c7:-168;c8a6:94;f8e7:120;b1a2:193;c8c6:194;e4f3:215;d7c6:232;c8b7:272
knr2rnn/p1p2qpp/3pnp2/1p2p3/N7/1PN1P1PP/P1PPNP2/K1R1QR1N w - - 0 9,opening,c3b5,194,c3b5:194;a4b2:33;f2f4:-232;g3g4:-260;h3h4:-282;c1d1:-285;c1b1:-292;d2d3:-293
qb3kbr/pp1b3p/3prp2/b1p1pPp1/3P2P1/2P1PB1P/PP4K1/QBB1R1BR w - - 1 10,opening,f5e6,330,f5e6:330;e3e4:290;b1e4:271;b2b4:255;h3h4:248;d4d5:223;g1f2:211;b2b3:201
r1bkr1nb/3p2pp/p4p2/1pp2n2/1PR1P2P/2P3P1/4P3/Q1BNK1RB b - - 0 18,opening,f5d6,640,f5d6:640;f5g3:650;c8b7:652;f5h4:671;f5h6:678;a8a7:708;f5e3:721;e8e5:724
nk1rr1nn/p2p1p1p/n2q4/1pp1p1p1/3P3P/2N2N2/PPPKPPP1/N2RRQ1N w - - 0 9,opening,c3b5,133,c3b5:133;e2e3:131;d2c1:58;e2e4:19;c3e4:-54;h4g5:-90;a1b3:-104;h1g3:-175
1krrq2b/2pp4/4p1pp/pp1b1p2/P2P4/b1P3PB/1P1KP2P/BBRRQ1B1 w - - 0 16,opening,b2a3,375,b2a3:375;e2e4:319;h3g2:277;e2e3:260;a4b5:248;e1f2:248;e1f1:241;b1a2:229
r1n2rqn/p1p1kp1p/1p2pn2/3p2P1/P1Pn4/1P2P1P1/2NP1PN1/R1NK1RQN w - - 3 13,opening,g5f6,608,g5f6:608;e3d4:497;c2d4:445;f2f4:438;f2f3:409;g2e1:407;g2f4:379;g2h4:366
r1qn3k/pppprpp1/n3pn1n/3N3p/3P1P2/PP2N3/R1P1P1PP/1NQ1R1NK w - - 6 9,opening,d5e7,572,d5e7:572;d5f6:213;d5c3:-41;d5b4:-68;e3f5:-78;b1c3:-198;g2g4:-270;c2c4:-283
qr2n1r1/pb2kpp1/1p4Pp/1bpp4/1P2N1P1/2PPP3/P6P/QRBKB1NR w - - 1 15,opening,c3c4,218,c3c4:218;e1h4:214;e4f2:183;e4g3:138;b4c5:122;e4c5:83;c1a3:68;g6f7:61
nbbrqr1k/ppp1pppp/8/3p4/4n2P/1P1P4/P1P1PPP1/NBBRQRNK w - - 0 4,opening,d3e4,326,d3e4:326;c2c4:32;f2f3:-53;c2c3:-58;e2e3:-68;c1a3:-76;c1f4:-78;g1f3:-98
bn1b2rr/2k2p2/ppqNn2p/2pPp1p1/2P3P1/2K1P3/PP3PRP/BN1BQ2R b - - 0 11,opening,c6d6,-222,c6d6:-222;c6d7:54;c7d6:356;b6b5:357;d8e7:372;e6f4:375;d8f6:384;e5e4:459
bk2qnrr/ppb1pppp/2pN4/3n4/8/2P1N3/P2PPPPP/BK1BQ1RR w - - 2 8,opening,d6e8,685,d6e8:685;d6b5:5;e3d5:-19;d6f5:-62;d6c4:-64;d6e4:-65;c3c4:-112;e3f5:-372
n1r1k1rn/pppp2p1/n4p2/3np2p/3P3q/NN4N1/PPPKPPP1/R2Q1NR1 b - - 3 10,opening,h4g5,-67,h4g5:-67;a8b6:-67;h4g4:-53;h4f4:-42;g7g6:-37;h8f7:-31;f6f5:-30;e5d4:-14
1k1rr2n/1p1p1P1p/1Qn1pnq1/p7/P1n2PP1/1KPN4/3PP3/1NNRR2N b - - 0 20,opening,c4b6,-493,c4b6:-493;g6f7:-113;h8f7:153;d7d5:216;e8f8:231;e6e5:248;g6h6:286;g6g4:286
knrnrn1n/p1pppp1p/1p2q3/6p1/6N1/5P2/PPPPP1PP/KNRN1RQN w - - 0 5,opening,e2e4,30,e2e4:30;g4e3:11;d2d4:-25;c2c4:-27;e2e3:-30;g1d4:-31;b1c3:-34;h1g3:-36
nnk1rrq1/2pppn2/p2n2pp/8/NQP2P2/PP2p1PP/3PN3/N1K1RR1N w - - 1 17,opening,d2e3,156,d2e3:156;a4c5:66;c4c5:63;b4c3:59;d2d3:58;e1d1:46;b4a5:45;d2d4:0
b3rn2/ppk1p1pp/q2p4/2r2P2/4P1n1/PPp5/2P3PP/1BRQK1RN b - - 1 23,opening,g4f6,-607,g4f6:-607;h7h5:-593;a6a3:-566;g4e3:-482;g4e5:-481;g4h6:-465;g4h2:-420;c5e5:-417
rbbqkb2/2p1pp1r/5npp/pp1p4/4PP2/6PB/PPPP1Q1P/RBB1K1NR b - - 7 10,opening,f6e4,-124,f6e4:-124;c8h3:-120;d5e4:-103;b8a7:-67;e7e6:-26;c8a6:12;h7h8:44;c7c6:49
rbrb1bbk/1p2pp1p/2pp2p1/1p6/q7/3PP1PB/5P1P/RB1RQ1BK b - - 1 11,opening,a4a1,-448,a4a1:-448;e7e6:-230;f7f5:-172;d8a5:-162;c8c7:-160;a4a5:-108;a4d1:-99;a4b3:-25
1kr3r1/3pPp1p/1b1P4/1pQ3p1/pP5n/3PN3/Pb3P1P/1KRB3R w - - 1 23,midgame,c5b6,1026,c5b6:1026;c5c8:792;c5b5:654;b1b2:649;d3d4:527;d1a4:525;c1c4:518;c1c2:499
nqr3kb/1pprbp2/1n1pp2p/pB4p1/1N1P2P1/PP2PP2/2P3KP/NQR1R2B b - - 5 13,opening,c7c6,-423,c7c6:-423;a5b4:-344;c7c5:-248;d7d8:-227;d6d5:-133;c8f8:-105;h8g7:-97;e7f6:-91
qrbkbnnr/1ppppp2/p6p/6p1/3P4/5N2/PPPNPPPP/QRBKB2R w - - 0 4,opening,f3e5,9,f3e5:9;b2b3:-31;d4d5:-33;c2c4:-33;h2h4:-39;a2a4:-53;d2f1:-57;e2e4:-64
knr1r2n/pp1p3p/1p1n1p1N/4pPp1/6PP/1nPP1Q2/PPRP1N2/1K2N1R1 w - - 2 20,opening,a2b3,700,a2b3:700;f2e4:624;h4g5:618;f3d1:606;f3e2:605;f3d5:605;f3h1:598;f3g2:587
r1b1nr1b/pp1pk2p/q3p3/7p/2Pp1p2/1P3NP1/P1Q1NP2/R1B1KR1B b - - 0 15,opening,d4d3,16,d4d3:16;e7d8:316;d7d6:333;f4g3:342;e6e5:342;h7h6:349;f8f7:354;d7d5:373
rr2nkbb/2p1pppp/pp6/3p4/2nPP1q1/1PP3PP/PR3PK1/R1NQN1BB b - - 1 10,opening,g4d1,-597,g4d1:-597;c4e3:-493;g4e4:-255;g4g6:360;g4g5:364;g4e6:390;g4d7:411;g4c8:433
n2rbrb1/p2qp1p1/k1p3n1/1p1pPp1p/P4PPB/KPP5/1Q1P3P/N2R1RBN b - - 6 11,opening,c6c5,-189,c6c5:-189;g6h4:-144;d5d4:-131;f5g4:-123;b5a4:-106;a8b6:-82;d8c8:-77;h5g4:-60
nqr2br1/ppppp1pp/2n2k2/P4p2/1P3P2/2P5/b2PPNPP/NQR1KBBR b - - 0 8,opening,a2b1,-450,a2b1:-450;a2f7:211;a2c4:242;a2e6:249;a2d5:304;c6b4:409;e7e5:521;e7e6:521
bkrrq1bb/pp1p1ppp/2p5/4p3/1b6/1P1P1P2/P1P1P1PP/BKRRQBBB w - - 0 4,opening,e1b4,522,e1b4:522;g1a7:296;a1e5:188;e1h4:107;e1f2:90;c2c3:86;e1g3:80;a1c3:25
kbbr1b1r/1ppppbpp/4qp2/p7/5P2/4Q1B1/PPPPP1PP/KBBR1B1R b - - 1 6,opening,e6e3,-116,e6e3:-116;d7d5:-28;e6c6:-22;h7h5:2;g7g6:9;a5a4:37;b8a7:40;e6a6:42
1br1kbrn/3ppp2/1p1n2p1/p1p4p/1P3PN1/2P1P1PP/P2PB3/QBR1K1Rq w - - 0 11,opening,g1h1,455,g1h1:455;g4f6:422;e1f2:-279;e1f1:-330;g1f1:-348;e2b5:-629;d2d4:-629;g4f2:-632
bb1brbrk/pp2ppp1/3p4/2p2q1p/P2P4/1PB5/B1P1PPPP/2QBRBRK b - - 7 8,opening,f5f6,117,f5f6:117;d6d5:122;c5d4:141;f5h7:154;e7e6:156;f5g6:169;b7b6:178;e7e5:178
qnn3r1/pppkp1p1/4n2r/N2p3p/N1n1P3/3NN3/PPPP1PPP/2QK2RR w - - 9 11,opening,a4c5,457,a4c5:457;d3c5:446;e4d5:358;a5c4:302;e3c4:296;e3f5:275;a5b7:202;a5b3:183
bk1r2r1/n4qp1/1p1bp2p/2pp1PB1/3PQ1Bn/1pR2P2/PKP4P/2N2NR1 w - - 6 22,opening,f5e6,-265,f5e6:-265;g5d8:-323;g4h5:-341;e4e2:-380;e4d3:-392;e4e1:-397;d4c5:-409;e4e6:-411
2krnbr1/p2ppN2/1pp4p/4bp2/P3P3/4q2P/1PPP1PP1/QBKR1BRN w - - 1 10,opening,f1a6,834,f1a6:834;f2e3:826;d2e3:811;c2c3:647;f7d6:604;f7e5:591;f7d8:544;e4f5:508
rbknbrn1/2pp1p1q/7p/pp2p1p1/2P5/P2PNP2/1P1BP1PP/RBK2RNQ w - - 0 7,opening,g2g4,95,g2g4:95;g2g3:69;d3d4:50;h2h4:19;c4b5:4;a3a4:-43;e3d5:-50;f3f4:-55
n2rrbkb/pp1ppppp/1np1q3/8/1P3N2/2PP4/P1N1PPPP/1Q1RRBKB b - - 0 6,opening,e6f6,-35,e6f6:-35;e6e5:-32;e6h6:23;e6g4:34;e6f5:48;e6d6:49;b6d5:599;a8c7:603
q1kbr1rn/p7/1p2ppP1/2p2Npp/2P3P1/PB1p1bN1/1P1K4/BQ1R2R1 w - - 0 23,opening,f5d6,251,f5d6:251;b3a4:16;b1d3:1;d2c1:-68;g4h5:-83;g6g7:-144;d1e1:-144;g3e4:-185
1rbrbbbk/2pB2pp/qp3p2/p2pp3/P2P3P/4P3/1PPR1PP1/QRB1B1BK w - - 2 8,opening,d7e8,-107,d7e8:-107;d7c8:-158;d7b5:-169;d4e5:-234;b2b4:-237;b2b3:-274;e3e4:-337;f2f3:-343
nrn1k1rn/ppppq1pp/8/4Np2/1Pn3P1/5P2/P1PPP2P/NR1NKQRN b - - 2 7,opening,c4e5,-191,c4e5:-191;e7e5:-170;e7h4:-119;c4d2:19;c4d6:187;b7b5:199;c4a3:203;a8b6:210
nr2k1r1/1p1pp1p1/p1pnn3/5P1n/PR1P3p/2PN1K1P/4NPPQ/N1qN1R2 b - - 4 18,opening,e6g5,-99997,e6g5:-99997;c1d2:-369;c1a1:-202;c1h6:-153;c1g5:-101;c1a3:38;c1b1:114;e6d4:299
b2nbkr1/1pr2pp1/4p1n1/B1p1N2p/P2P1PP1/2qPP3/7P/1RQNBKR1 w - - 1 20,opening,c1c3,786,c1c3:786;d1c3:778;e5g6:773;e1c3:768;a5c3:693;a5c7:609;e5d7:549;a5b6:494
b1b1kbr1/1pb1q1p1/P4p2/2ppP2r/P1P3P1/3PP1Rp/2K1Q2P/BBB2B1R b - - 0 19,opening,e7d7,95,e7d7:95;h5e5:100;h5h4:130;h5h8:130;h5h6:153;h5g5:155;h5h7:155;c7e5:224
bbbkqbrr/2pp2pp/1p2p3/5p2/p2P2P1/P4P1P/1PP1P2R/BBBKQBR1 b - - 0 6,opening,c7c5,-92,c7c5:-92;f8e7:-66;c7c6:-59;e8f7:-54;c8b7:-42;h7h6:-35;f5f4:-23;g7g5:-2
5r1r/qkn1pp2/pppnn2p/3P2pn/PP5P/2N2PNN/Q1PP2P1/2KNR2R w - - 3 16,opening,d5c6,395,d5c6:395;g3h5:328;e1e6:201;c3e4:179;c3e2:167;g3e2:164;g3e4:163;g3f5:125
1rkq3n/2pppb1p/pp1r2p1/2B2p2/2b2Q1P/2PP1PN1/PP2P1P1/BRKN2R1 w - - 0 14,opening,c5d6,442,c5d6:442;b2b3:399;d3c4:320;c5b4:311;c5a3:311;b2b4:292;d1e3:277;g3f5:272
rbrbqbbk/1p1ppp1p/6p1/p1p5/2B5/P3P3/1PPP1PPP/RBRBQ1BK w - - 0 4,opening,f2f4,32,f2f4:32;c4b5:23;c2c3:18;b1a2:9;d1f3:7;e3e4:-4;g2g3:-12;d1e2:-15
bb1qbk1b/p1rpp2r/5Pp1/2p4p/P7/1pP1PPB1/1PRP2KP/B2QR2B b - - 0 19,opening,b3c2,-638,b3c2:-638;h8f6:-637;e7f6:-604;h5h4:-602;c7c8:-595;d7d5:-593;c7c6:-589;c7b7:-571
bk1rb1r1/pbpp1p2/1pq1pb2/6pp/4Q2P/4PPP1/P1PP2R1/BKBRB2B w - - 1 11,opening,e4c6,41,e4c6:41;a1b2:-321;d2d3:-340;a1f6:-356;c1b2:-381;e4b4:-385;c1a3:-395;e4h7:-475
1nr1qnrn/pkppp1pp/1p2n3/5p2/1PP5/P4PNP/3PP1P1/KNRNQN1R b - - 0 8,opening,f5f4,-44,f5f4:-44;e8g6:-24;e8f7:8;g7g6:13;e6d4:68;h8g6:96;c7c5:98;a7a5:103
qkbb1r1r/1p1p1p1p/3npnp1/p7/1p2PN2/4RB1N/P1PP1PPP/QKB4R b - - 1 8,opening,f6e8,-121,f6e8:-121;d6c4:-114;g6g5:-76;h8g8:-51;e6e5:-1;a8a6:11;f6e4:29;d6e4:50
4qnbr/pr2kp1N/P5p1/1pp1Pb2/2p3P1/1P2PP2/Qn3B1P/2BRKN1R w - - 1 21,opening,f2h4,807,f2h4:807;a6b7:677;a2b2:616;c1b2:593;g4f5:586;e3e4:581;b3c4:479;d1d2:446
1r1qb2n/r2p2pk/pbN5/1pp1p2p/3P1n1Q/P4PN1/1PP1P1PP/RR1BB1K1 w - - 6 14,opening,c6d8,370,c6d8:370;h4d8:281;g3e4:-213;h4f4:-221;c6e7:-249;g3h5:-296;h4e7:-301;h4h5:-305
1b3krn/3b1ppp/4p3/1p2p3/QP1q1P1P/4P1P1/1Nr2N2/3R1KR1 b - - 4 22,midgame,d4d1,-797,d4d1:-797;c2f2:-726;b5a4:-654;d4b2:-617;d4c3:-410;c2b2:-385;c2c7:-308;c2d2:-217
knr1qnrn/ppp1ppp1/2np4/8/3PP1Pp/PPP1NP2/7P/KNRNQ1RN b - - 2 9,opening,h8g6,5,h8g6:5;f8e6:8;g7g5:8;f8g6:35;b8d7:43;c6a5:59;f8d7:60;f7f6:69
1n4r1/1pnnqp2/2rn2Pk/p1Ppp3/P2P4/3RN3/N1P1P1PP/NN3R1K w - - 5 20,opening,c5d6,190,c5d6:190;d4e5:-146;g6f7:-196;a2b4:-257;f1f3:-262;c2c4:-291;f1f7:-306;a2c3:-307
r2nr2k/2p1pppn/n2pq3/pN1n3p/P4P1P/2PN4/NP1PP1P1/R1QNRK2 w - - 1 17,opening,d1f2,35,d1f2:35;c3c4:6;e2e3:4;e2e4:-48;b5d4:-69;f1g1:-94;b2b4:-103;d3f2:-108
krbbq3/p3pn2/2p2n1p/1prP1p2/1P3PPp/P2PP2B/1KNBRQ2/3R3N w - - 0 19,opening,b4c5,228,b4c5:228;d5c6:82;g4f5:68;f2h4:56;h3g2:52;g4g5:36;c2d4:33;d2e1:-4
r1nnnkrn/1p1pppp1/2p4p/p7/1N1P4/2N1P1q1/PPP2PPP/RQ2NKRN b - - 0 5,opening,g3h2,-75,g3h2:-75;g3c7:-16;g3b8:19;g3d6:19;g3g4:43;g3g6:63;g3h4:71;g3g5:72
k2bnnrb/p1qppppp/1p1N4/2p5/1P5r/8/PKPPPPP1/Q1RBN1RB b - - 1 7,opening,h4b4,-537,h4b4:-537;e8d6:-419;g7g5:-415;g7g6:-408;a8b8:-379;e7d6:-359;c7c6:-337;c7d6:-336
br1n1rkn/ppN1qp2/3p2pp/2p2b2/1P1PpPP1/P1P3N1/3BP1RP/BR1Q2K1 b - - 6 15,opening,e7c7,229,e7c7:229;b7b6:241;f5e6:262;b7b5:273;f5g4:348;f7f6:366;g8h7:370;e4e3:397
n1rq1kr1/ppppppp1/2n4p/n1n5/8/PP2P3/2PP1PPP/NNRQNKRN w - - 1 10,opening,b3b4,361,b3b4:361;d2d3:285;d1g4:279;d1e2:265;c2c4:264;h1g3:206;g2g4:184;h2h4:175
1nb1qr1k/1p1p4/2pB1p1p/r1b3pP/p3P1P1/1P1p1N2/P1P1QP2/RN1B1R1K b - - 2 15,opening,d3e2,-678,d3e2:-678;e8h5:-203;a4b3:-150;c5d6:-149;d3c2:2;e8e6:177;e8e5:216;e8e7:221
brb1B1qb/1pp1kpp1/3ppb2/p6p/3P1P2/2P5/PP2PQPP/BRB1RK1B b - - 0 8,opening,e7e8,88,e7e8:88;g8h7:94;b7b5:153;g8e8:161;c7c6:266;e7d8:336;b7b6:337;e7f8:371
br2r1k1/p1q5/1P3pnp/nb1pp1pN/1pPPPNP1/7R/1B3P1P/2B1QRK1 b - - 0 20,opening,b8b6,119,b8b6:119;c7c4:130;c7b6:164;c7f7:175;c7d6:265;c7d8:313;a7b6:350;c7e7:375
b1b4r/kpp1pp1p/3p1b2/P7/4PP2/1P5B/2PPR1r1/1KB4B w - - 0 18,midgame,h3g2,15,h3g2:15;h1g2:-6;e2g2:-358;e2e3:-449;e2e1:-566;e4e5:-617;h3c8:-624;h3g4:-640
r1bk1br1/p2p3p/2p5/1pbP2p1/P5PP/R1b1Pq1Q/1PPBBP2/1B1KR2B b - - 0 19,opening,f3h3,-309,f3h3:-309;c5a3:399;c3d2:448;f3f2:455;f3f7:461;f3f6:484;c3b2:522;f3h1:537
k1r2nrb/1qpp3p/1b1Qpp2/1P4p1/p3P2P/1P1P1P2/1RP3P1/1nKBNN1B w - - 1 20,opening,d6b4,-248,d6b4:-248;d6e7:-395;d6g3:-448;d6h2:-463;d6f8:-556;d6b6:-559;c1b1:-618;d6d7:-625
rn1k1r1n/Q2p2pp/3q1n2/2p1pp2/p1n2N2/2KPP1PP/P3NP2/RN2R2N b - - 1 17,opening,a8a7,-821,a8a7:-821;f6e4:-668;c4b6:-520;d6c6:-519;e5f4:-509;f6d5:-394;d6b6:-308;d6d4:-153
1q1br2b/2p1pr2/p4p1k/2PB2pp/Q2p1PPP/8/1PbPPK2/B1BBRR2 w - - 2 22,opening,a4e8,851,a4e8:851;d1c2:658;h4g5:592;a4c6:587;a4d7:497;a4c2:496;b2b3:433;a4a6:364
rkbrqbb1/pp1ppp1p/5bp1/2p5/P4P2/8/1PPPPBPP/RKBRQB1B w - - 2 4,opening,f2c5,239,f2c5:239;a4a5:237;g2g4:234;g2g3:230;a1a3:189;h2h3:185;e2e3:184;d2d3:181
r2qnkbb/4p1pp/1n6/p1p3P1/Np1rPp2/5P2/PP4BP/RRQ1NKB1 w - - 0 20,opening,a4b6,223,a4b6:223;c1f4:219;b2b3:73;g1d4:-45;e1d3:-136;a4c5:-189;e1c2:-196;g2h3:-270
1nrn1nq1/k1N2rp1/p1P3np/3p4/1pP2pNP/N3PPN1/PP4P1/KR2R1Q1 b - - 1 17,opening,f7c7,-180,f7c7:-180;b8c6:154;d5d4:158;c8c7:164;d8c6:165;d8e6:394;f8e6:403;f8d7:489
1knrqbrb/pppppp2/7p/6p1/3P3P/1NP2BP1/PP1RPP2/KN2QBR1 b - - 0 7,opening,g5h4,355,g5h4:355;d7d5:358;e7e5:363;f7f5:372;g5g4:376;a7a5:381;c7c6:384;c8b6:385
qb2r2r/pB2p2p/1k1pn1B1/5pn1/2pPNPP1/2bQ4/PP2PN1P/2K1R1R1 w - - 2 14,opening,d3c3,469,d3c3:469;d3c4:386;e4c3:379;b7a8:362;d3b1:332;d3c2:200;d3e3:187;b2c3:170
bqr4b/pp2p3/5rP1/b1ppk2p/2P1p3/3b1PP1/1P1PB1RK/BQB2R2 w - - 1 19,opening,b2b4,171,b2b4:171;e2d3:162;f3f4:-16;b2b3:-26;b1a2:-191;g6g7:-429;b1d3:-439;f3e4:-455
1nkqr1rb/pbp5/2Pp2np/1p2pp2/N2PP1p1/P4P2/1P1N2PP/B1KQR1RB b - - 1 12,opening,b8c6,-306,b8c6:-306;b7c6:-184;b7a6:-144;b7a8:-112;g4g3:-24;e5d4:42;b5a4:42;f5f4:49
2br1r2/b4k2/1b1p1p1p/p2qp3/1BB1P3/PB2RP1P/3P2P1/2B2K1R b - - 1 21,midgame,d5c4,-302,d5c4:-302;d5e6:-281;a5b4:-11;f7e7:-10;f7g7:-6;b6e3:0;f7e8:5;f7g6:6
b1rrqbb1/k1ppp1b1/p5p1/1p1P1p1p/1P6/2P3PP/PB2PP1B/1KRRQB1B b - - 0 9,opening,e7e6,-128,e7e6:-128;c7c5:-99;a7b8:-89;c7c6:13;e8f7:28;e7e5:81;h5h4:101;g7h8:103
rbqbnknr/pppp3p/5p2/4p1p1/4P3/5N1P/PPPP1PP1/RBQBNK1R w - - 0 4,opening,c2c3,164,c2c3:164;d2d4:163;g2g3:124;a2a3:121;a2a4:121;c2c4:118;d1e2:100;d2d3:88
qrkbrn2/pppppp1p/5npb/8/P3P2P/6P1/1PPP1P2/QRKBRNNB b - - 0 5,opening,e7e5,150,e7e5:150;d7d6:169;a7a5:174;e7e6:186;f6g8:197;b7b5:199;c7c6:205;b7b6:207
k1bnqrnr/1p1pp1pp/2p2P2/4b3/p7/P1P5/1P1PPP1P/KBBNQRNR w - - 1 6,opening,f6g7,234,f6g7:234;d2d4:221;f2f4:220;g1f3:178;f6e7:167;e2e4:141;f6f7:138;c3c4:121
brrkb1bq/1pppbppp/4p3/p7/3P4/PPP5/4PPPP/BRRKBBBQ b - - 0 4,opening,h7h5,-165,h7h5:-165;b7b5:-162;h7h6:-157;d7d5:-156;b7b6:-148;f7f6:-136;e7a3:-123;a5a4:-116
1b2k1rn/2prp2n/Q1b2pp1/1P5p/pP1BP3/4NPPP/Pq1PK3/1B1R2RN b - - 0 20,opening,b2d4,321,b2d4:321;d7d4:358;b2b4:378;c6b5:431;b2a3:610;c6b7:644;b2b1:695;b2b3:799
rnn1k1nr/pppqpppp/3p2n1/8/8/4NP2/PPPPPKPP/RNNQ2NR w - - 3 4,opening,c2c4,-25,c2c4:-25;d2d4:-30;g1h3:-31;h2h4:-33;c2c3:-55;a2a4:-60;g2g3:-63;b1c3:-65
1r1brkqb/2p1ppp1/1p5p/pb4B1/3P2PP/P1PP4/1P2KPbQ/BR1BR2B b - - 4 10,opening,g2h1,-112,g2h1:-112;g8h7:-40;h6g5:10;e7e5:76;g2a8:130;b5d3:134;g2c6:160;g2b7:167
bk3rb1/2p2pQ1/pr2p3/3b4/3BPPPP/PPP5/KB1R4/B7 b - - 0 20,midgame,d5b3,395,d5b3:395;f8e8:668;f8c8:705;f8d8:757;b8a7:776;d5e4:823;b8b7:848;c7c5:890
kb1r3r/1p2q2p/1nb1p3/p2p2p1/PB1P4/1P2P1Pp/2K2P2/1B1RNQ1R w - - 2 23,opening,b4e7,503,b4e7:503;f1a6:45;b4a5:-48;b4c5:-150;b4c3:-206;b4d2:-231;d1c1:-421;f1b5:-432
rb3b2/pk1b3B/3pp2q/1p1Pp3/2p3r1/1BP3P1/PP4RP/R2K1Q1B b - - 1 22,opening,h6h7,-179,h6h7:-179;e5e4:31;e6d5:62;b8c7:83;f8e7:131;d7e8:137;c4b3:141;h6h5:168
1bbrqrnk/pppp1ppp/1n6/4p3/5P2/1R6/PPPPP1PP/NBBRQ1NK w - - 0 4,opening,f4e5,-41,f4e5:-41;e1h4:-112;c2c4:-116;b3f3:-138;b3e3:-156;d2d4:-161;a2a4:-162;d2d3:-170
r1r1nn2/1p3pq1/1b3k1P/p1ppp3/P3PP2/1BP2Npb/1P1P2P1/RRB3QK b - - 0 19,opening,g7h6,-271,g7h6:-271;g7g4:-88;g7g6:-45;g7g8:172;g7h7:203;g7h8:223;h3g2:234;h3e6:319
br2kbnr/2p3p1/4pp2/pp1pn3/3P1PB1/2q1P1P1/PPPN1K1P/B1RQ2NR w - - 7 15,opening,b2c3,570,b2c3:570;g4h5:537;f4e5:334;d4e5:330;g4f3:325;g4e2:301;f2e2:275;g4h3:273
1k2brnb/2pq1p1p/1r6/pp1pp1p1/3nP1P1/PPP2P2/Q2B1RBP/KR1N2N1 w - - 4 13,opening,c3d4,169,c3d4:169;b3b4:119;a3a4:72;g1h3:46;d2e3:-5;e4d5:-10;g2f1:-37;h2h4:-58
rnbbqr1k/pppppp1p/6pn/6B1/8/PP1P4/2P1PPPP/RN1BQRNK w - - 2 5,opening,g5h6,518,g5h6:518;e1c3:415;e2e4:121;b1c3:115;g5c1:103;g5d2:103;c2c4:101;b3b4:91
qbbrk2r/pppp1ppp/4pnn1/8/7P/5N2/PPPPPPPR/QBBRKN2 b - - 0 4,opening,c7c5,-83,c7c5:-83;c7c6:-37;g6f4:21;h7h5:27;f6g4:49;g6e7:57;h7h6:73;b7b5:96
rbkn1r1q/4nppp/3p4/pb2p3/Ppp1PPP1/R1N2N2/1PPP3P/1BK1BR1Q w - - 4 10,opening,c3b5,282,c3b5:282;a4b5:271;e1h4:59;a3a1:58;c3d5:32;c3e2:-69;a3a2:-95;f4e5:-139
1kr1q1r1/7b/3bpb1p/p1p1p1p1/p2pPPPP/1P6/KBPP2B1/B2R1BR1 w - - 0 23,opening,h4g5,-411,h4g5:-411;f1c4:-444;b2a3:-448;f4g5:-451;d1b1:-491;f1a6:-493;h4h5:-494;f1e2:-499
2nk1rrn/ppp3pp/1n1p4/N3pp2/2P1P3/1K1n1PP1/P2PRQ1P/2N3RN b - - 6 14,opening,d3f2,-126,d3f2:-126;d3c5:327;f5e4:352;b6c4:429;d6d5:468;d3c1:482;d3b4:527;h8f7:529
n1br2br/1p1pp1pp/p3nk2/5p2/P1Pp4/BP2N2Q/3KPPPB/N2RR3 b - - 3 13,opening,d4e3,640,d4e3:640;f6f7:745;g7g6:857;g7g5:99997;f6g5:99998;f6g6:99998;f5f4:99999;d4d3:99999
bbrqknnr/p1p1pppp/8/1p1p2N1/8/2P5/PPQPPPPP/BBR1KN1R b - - 1 4,opening,c7c5,-192,c7c5:-192;e7e6:-132;f7f6:-116;c7c6:-109;f8d7:-109;h7h6:-106;e7e5:-100;g8f6:-93
knrQnqrn/4p3/1pp5/p2p4/4NpPp/P1P1P3/1P1P1PP1/KNRNNR2 b - - 0 13,opening,c8d8,-668,c8d8:-668;e8c7:109;a8b7:147;c8c7:155;f4e3:411;f8f5:436;e8g7:483;e8d6:499
qkbb1r1r/ppppnp1p/5np1/4p3/B1P5/5NPP/PP1PPP2/QKB2RNR b - - 1 6,opening,d7d6,-129,d7d6:-129;a7a6:-122;a7a5:-104;b7b6:-101;h7h5:-95;h7h6:-95;e7f5:-82;f8e8:-73
2n2krn/3p1ppp/1p1qn3/r1p1pP2/pPP4P/P2P4/1R2PnP1/1QNNNKR1 b - - 0 15,opening,f2d1,-487,f2d1:-487;c5b4:-112;f2g4:0;e6d4:15;e6c7:122;a5a7:152;e6d8:167;a5a8:170
1n2knrr/n2pp1p1/p1p2n1N/1p3p1p/2q2PP1/N1PP4/PP1KP2P/1QN2NRR w - - 0 12,opening,d3c4,654,d3c4:654;a3c4:561;e2e4:303;e2e3:283;d3d4:262;d2e1:172;h6g8:167;f1e3:64
knq1rnnr/3p4/6pn/pp2p2p/6PP/NP3pR1/P1PPQP1R/K1N5 b - - 1 18,opening,f3e2,-857,f3e2:-857;c8b7:-555;c8c3:-552;b5b4:-540;h5g4:-524;h6g4:-500;f8e6:-492;c8c5:-491
brqkrbb1/1pp1pp2/3p1b1p/p7/B4Pp1/2P1P3/PP1P2PP/BRQK1RBB w - - 0 7,opening,a4e8,-4,a4e8:-4;g2g3:-38;a4b5:-151;d1e1:-170;a4c2:-171;b2b4:-183;f4f5:-185;g1f2:-189
rbbbk1br/pp3p1B/2QP1qp1/4p1Bp/7P/P2P4/1P2PPP1/R3KBBR b - - 0 13,opening,b7c6,-424,b7c6:-424;c8d7:308;e8f8:594
1rnkrq1n/3ppp1p/1p6/2p2Q2/1p2PRp1/P1P3P1/3P2PP/RNNK2NN w - - 3 16,opening,a3b4,554,a3b4:554;f5g4:551;e4e5:544;f4g4:529;f4f1:512;g1e2:506;h1f2:503;c3b4:478
2q2k1n/rp2Npnb/2prb2p/pP1p4/1BPP1BpP/P3P1N1/3Q2P1/R1R2K2 b - - 1 21,opening,f8e7,490,f8e7:490;c8d7:627;c8d8:646;c8a8:661;a5b4:671;h7d3:728;g7f5:733;h8g6:747
rqbk1b1r/pp2ppp1/5n2/1Bp1b2N/8/PP1pP3/B1PP1PPP/R1BQ1K1R w - - 3 13,opening,h5f6,-129,h5f6:-129;c2c3:-255;a1b1:-273;h5g3:-322;b5d3:-332;c1b2:-360;h5f4:-368;b3b4:-371
rrqbb1kn/4ppNp/1ppp2pQ/p2P4/2P1P3/PP3P2/6PP/RR1BBNnK b - - 1 12,opening,e8d7,344,e8d7:344;c8d7:520;d8c7:698;f7f6:726;f7f5:760;c8f5:777;c8h3:792;c8e6:888
1k1r1bnr/qp1p2n1/1Np5/pQP1pp1p/3PPp2/1P1B3P/P1R3NB/1K5R w - - 0 19,opening,b5c4,393,b5c4:393;b5a4:299;g2f4:131;b6d7:10;b6c8:-75;g2h4:-174;d4e5:-175;h2f4:-198
rb1k1brb/2p3q1/p2pppB1/5P2/4P2p/2p5/PP1P3P/R1BKQB1B w - - 0 14,opening,b2c3,180,b2c3:180;d2c3:142;e1e2:103;f1c4:98;d1c2:89;a2a4:87;a1b1:83;f1d3:75
n2k1n1n/P1pq3r/2r1pp2/1p3Q1p/2NP1p2/7P/P1PRP1P1/N1N2KRN w - - 2 22,opening,f5b5,488,f5b5:488;f5f6:467;f5e4:211;f5f4:191;c4b6:133;c4e5:123;d4d5:111;f5d3:57
3rbnrn/1q1pk1p1/pp3p1p/BN6/P1pPpPP1/8/BPP1PNRb/1QKR4 w - - 2 18,opening,a5b4,142,a5b4:142;g2h2:128;e2e3:-68;a5d2:-91;f2h3:-96;d4d5:-210;g4g5:-244;f2d3:-257
rr2q3/Bb1k1pb1/p2ppnpp/Q2P3P/2p2P2/5N2/PP1KP1P1/RRN4B w - - 4 19,opening,a7b8,178,a7b8:178;a5a4:120;a7d4:83;d5e6:24;f3e5:0;a5b6:-91;a7g1:-99;a7b6:-106
bkb1rrbq/ppppp1pp/5pb1/8/3P2P1/2B5/PPP1PP1P/BKBR1RBQ w - - 3 4,opening,e2e4,-91,e2e4:-91;d4d5:-135;f2f3:-146;b2b3:-155;d1d2:-159;h2h4:-181;h1g2:-181;f1e1:-196
rq1rk1bn/1p1bpp2/6np/p1pp4/2N2p2/P3P1P1/RPPP1B1P/Q1BRK2N w - - 2 10,opening,c4b6,-363,c4b6:-363;b2b3:-379;b2b4:-408;e3f4:-448;g3f4:-460;c4a5:-462;d2d3:-478;h2h3:-491
bbrqr1bk/1ppppp2/7b/p6p/3PP2p/PB4P1/1PP2P2/B1RQRBBK b - - 0 9,opening,e7e6,23,e7e6:23;h6c1:46;h8g7:54;h4g3:58;e7e5:87;h8h7:109;b7b5:110;c7c5:113
k2q1rrn/pp1pp2p/1np2p2/4P1pP/P3QP2/1N1P4/1PPN3P/KN3RRN b - - 0 12,opening,h8f7,592,h8f7:592;g5f4:594;b6d5:604;d8b8:617;f6e5:619;f6f5:630;d7d5:637;g5g4:640
rrnq2k1/pppppbbp/6p1/5p2/2nP4/1PP3BP/P2QPPP1/RRN1N1KB b - - 3 8,opening,c4d2,-809,c4d2:-809;c4d6:-12;c4a3:1;c4b6:77;f5f4:112;c4a5:132;c8d6:213;c8b6:223
bnk1rr1b/pn2q1pp/1pp5/4pp2/1P1PP3/2p2BP1/P1N1NP1P/B1KQR1R1 b - - 0 14,opening,g7g6,-2,g7g6:-2;b8a6:24;e8d8:28;c6c5:45;e7g5:81;b8d7:100;e7f7:118;f5e4:118
nnk1nrq1/ppp2p2/1n4p1/P2p2r1/2P1N1Pp/3NpP2/1P2K2P/NN3RQR b - - 1 14,opening,d5e4,-463,d5e4:-463;d5c4:-189;b6c4:-82;b8c6:-77;g8h8:-76;g5g4:-16;g8g7:-11;f7f6:-8
kbrbbrqb/4pppp/8/1ppp4/PpP5/3P2PP/4PP2/KBRBBRQB w - - 0 7,opening,d3d4,-66,d3d4:-66;h1d5:-67;a4b5:-87;g1g2:-109;c4b5:-109;a1a2:-118;f2f4:-119;e2e3:-142
r1rb1b1k/bp2pb1p/p1p5/3p1pp1/3PP2P/Q5P1/P1P2P1K/qBRB1BB1 w - - 2 14,opening,c2c3,-352,c2c3:-352;h4g5:-394;e4f5:-405;a3b3:-422;f1h3:-436;d1g4:-450;e4d5:-465;d1h5:-478
rbb2bnr/pp3kp1/8/2P1pp1p/P2pPPqP/5NPB/1PPQK3/RBB1R3 w - - 0 13,opening,h3g4,575,h3g4:575;b1a2:548;e4f5:462;d2d3:459;d2b4:442;a1a3:437;e2f2:436;b2b4:421
bbq1k1rn/1ppp2n1/p2r2pp/P2BppP1/3PPQ2/2P5/1P2KPNP/B4RRN w - - 5 13,opening,d4e5,264,d4e5:264;f4h4:203;f4e5:185;f4d2:162;f4c1:160;f4e3:93;f4g3:84;f4f3:43
rbbrbb1k/1ppppp1p/8/p5p1/2P5/2qBP3/P1BPKPPP/R1BRB2Q w - - 4 7,opening,d2c3,626,d2c3:626;a1b1:58;h2h4:57;g2g4:-122;f2f3:-255;e2f1:-272;c4c5:-277;f2f4:-291
rq1nnkrn/p3n1p1/1p2p2p/2pp1p2/PN3P2/R1N5/NPPPPKPP/1Q4RN b - - 1 11,opening,c5b4,-614,c5b4:-614;b8f4:-599;d5d4:-495;g7g5:-383;h8g6:-372;e8d6:-366;h8f7:-348;e8f6:-340
1k1r2n1/p1p1bpp1/b2p3p/1p1Rp3/1PP1q2n/P1B5/K3R1P1/Q6N w - - 2 21,midgame,e2e4,294,e2e4:294;d5b5:41;d5d2:-624;a1d1:-644;e2d2:-644;h1g3:-743;a1b2:-745;a1f1:-783
4b1rk/qbppb3/rP6/p3bpp1/1BPPpPPp/4PB2/RP4BP/1QB2R1K w - - 1 20,opening,b6a7,438,b6a7:438;f3e4:325;f3d1:315;f3e2:256;b4e7:220;d4d5:190;b4d6:178;a2a5:124
4qn1n/4kpn1/p4npp/N1pr1p2/3P2P1/4P1N1/PKPN1P1P/QR4R1 w - - 9 20,opening,b2c1,442,b2c1:442;c2c4:440;a2a4:431;a5b3:393;g4g5:383;g4f5:364;a5c4:363;d4c5:347
1k1r2bq/p1p1p1b1/1p4pp/4p1P1/P1B2P1P/2P5/bP1P4/BRRKB1B1 w - - 5 23,opening,b2b3,-580,b2b3:-580;c4a2:-611;c4g8:-638;c4a6:-646;g1b6:-677;c4b5:-698;e1g3:-705;c4d3:-709
rnb1qb2/4p2r/p1p1kp1n/1pPp2p1/3PN1PN/P2BP2P/RP2QP2/2BK2R1 b - - 3 17,opening,d5e4,22,d5e4:22;h7f7:228;g5h4:237;h7g7:240;h7h8:250;e6d7:259;f8g7:354;a6a5:367
bkr3rb/2pq1pp1/1pPp2bp/1B2p3/4P3/P1R3P1/1P1b1P1P/BK1RQ1BB b - - 3 17,opening,d2e1,33,d2e1:33;a8c6:255;d7c6:288;d2c3:307;d7e6:401;d7e8:420;d7e7:447;c8d8:465
qrkr2nn/p1p1p1n1/1p2nppp/3p4/3P3P/P4NNN/QPPRPPP1/RK3N2 b - - 1 10,opening,b6b5,9,b6b5:9;g6g5:16;h8f7:27;f6f5:29;a7a5:60;a8c6:67;c7c5:92;a7a6:106
1rnr2b1/1pp1bp1k/1nqp2p1/2N1p2p/4PPP1/2PP3P/PP2B3/NRQR3K w - - 1 15,opening,c5e6,-271,c5e6:-271;c5b3:-297;a1c2:-336;a1b3:-337;b2b4:-347;f4e5:-350;c5b7:-354;g4h5:-356
rknq1b1r/3pp1p1/ppp4n/3b3p/P3Np2/RP1PPP2/1KP1N1PP/B1Q2B1R w - - 5 17,opening,e3f4,143,e3f4:143;b2b1:98;a4a5:94;c2c4:85;a3a2:84;h2h4:67;g2g3:55;h2h3:48
b1r1q1n1/2p2r2/1pn1pk1p/p2p2p1/1b1P1Pp1/2P1PB1P/PB5Q/1NR1K1NR w - - 0 21,opening,f3g4,15,f3g4:15;c3b4:-1;h3g4:-47;f4g5:-55;f3e2:-69;f3d1:-117;f3g2:-127;h3h4:-139
1rnn1rk1/1pnp2pq/p4pp1/1N2p3/2p1PP2/P1PP4/RP3NP1/1QN2KR1 w - - 0 19,opening,b5c7,326,b5c7:326;f4e5:87;g1h1:83;d3c4:72;a3a4:53;c1e2:48;f4f5:-10;g2g4:-60
qkbrr1nn/bp3p2/p6B/4p3/7Q/PpPP2P1/4P2P/1K1RRBNN b - - 1 12,opening,h8g6,-389,h8g6:-389;g8h6:-333;a7g1:-314;b7b5:-293;c8e6:-249;a6a5:-235;g8e7:-228;e8e7:-227
1r1qb1r1/kp1p1pb1/p1p5/1PP1p1np/7P/K5P1/P1NPPP1n/1R1QBRN1 b - - 2 20,opening,g5e6,-541,g5e6:-541;c6b5:-474;d8a5:-462;g5e4:-456;h2f1:-442;a7a8:-431;d8e7:-429;g7f8:-426
nnn1rrkq/pppp1p1p/4p1P1/5n2/6P1/PN6/1PPPP2P/1NNRNRKQ b - - 0 6,opening,f5h4,126,f5h4:126;f5d6:128;f5e7:138;f5h6:151;f5g7:195;f7g6:283;h8b2:285;h8g7:308
r1qbr2b/1p2p3/1kpp2pb/p6p/2bP1pP1/P6P/RP2PP2/K1QBRBBB b - - 1 12,opening,c4g8,-247,c4g8:-247;c4f7:-225;c4a2:-216;c4e6:-207;c8e6:-201;d6d5:-201;c4a6:-192;c4b5:-176
r1q1bbr1/1pppp1pk/2n1np1p/p1P5/P4P2/4P3/1P1P2PP/RNQNBBRK w - - 1 7,opening,d2d4,106,d2d4:106;c1c2:95;f1c4:91;c1c4:76;d1f2:72;f1e2:51;g2g4:43;b1a3:43
1nqrbr1b/kp1ppp1p/p5p1/2p2n2/2N1P3/2N5/PPPP1PPP/K1QRBR1B b - - 3 8,opening,f5d4,42,f5d4:42;h8c3:53;b7b5:100;f5g7:150;d7d5:152;f5d6:166;b8c6:219;e7e5:237
3rb2r/bk1p2p1/1ppp1pP1/p5Pp/P4P2/2PP3R/1PBPB3/K1BRb3 w - - 2 22,opening,f4f5,466,f4f5:466;d3d4:440;g5f6:424;d1e1:347;a1b1:307;c2b1:293;b2b3:267;c2b3:267
n2krrqn/pppnp2p/1n1p4/P4ppP/2P5/1P4N1/3PPPP1/NNNKRRQ1 w - - 0 8,opening,a5b6,281,a5b6:281;e2e4:166;a1c2:77;h5h6:69;b1c3:69;f2f3:64;d2d4:59;e2e3:47
k1brq2n/5r2/p1n5/2ppp1p1/2pPpB2/PP4QN/K5P1/1B1R2RN w - - 0 23,opening,f4e5,-258,f4e5:-258;f4g5:-265;f4c1:-303;f4d2:-351;f4e3:-406;d4e5:-426;g3g5:-448;b3c4:-494
bkq5/p1pr2b1/1p1p1ppr/3bpP2/P1b1P1pP/3P4/2PQ1B1R/K2RB1B1 b - - 0 18,opening,g6f5,-426,g6f5:-426;d5e4:-415;c8a6:-405;d5g8:-401;d5f7:-397;g4g3:-390;d5c6:-370;d5b7:-350
b3rqrn/1p3ppN/1npkp3/p2p4/P5PP/3PP3/1PP1RP2/BKNB1QR1 b - - 0 13,opening,f8e7,600,f8e7:600;b6a4:782;c6c5:788;d6e7:792;e8b8:797;h8g6:809;g7g5:823;e8c8:824
bb1qkrBb/1prp2pp/p4p2/2p2b2/2P2P2/3P2P1/PP2P1RP/BBRQBK2 b - - 3 10,opening,f8g8,-112,f8g8:-112;b7b5:208;b7b6:216;f5h3:227;c7c8:258;g7g6:265;g7g5:276;d7d6:283
k2rrbnn/p5pp/3p1p2/8/1pppPP1P/2P3N1/3PN1P1/K1BRR3 b - - 0 17,opening,d4d3,-206,d4d3:-206;d4c3:-154;d8b8:-110;d8c8:-106;g8h6:-100;d6d5:-99;f6f5:-67;h8g6:-61
nnrbr3/4k2p/p2pp3/1pp3p1/P1Pb2p1/1P2P2P/2RPKQB1/NN1BR3 w - - 3 15,opening,e1f1,671,e1f1:671;e3d4:650;h3g4:608;c2a2:606;c4b5:606;a4b5:603;g2a8:599;b1a3:584
3b1brb/2k3p1/4rpP1/p2p3p/P1pbpq1P/1PP1P1R1/2KP1PB1/Q2BRB2 b - - 6 22,opening,f4f2,-297,f4f2:-297;c4b3:-274;d4c3:0;f4f5:139;d4e3:150;f4d6:231;f4h4:248;f4h6:274
r1bnk1rb/pp3ppp/2ppp2n/8/1PPP1P2/P7/4P1Pq/RQBNKRNB w - - 1 7,opening,g1f3,-26,g1f3:-26;d1f2:-34;b1h7:-110;g2g4:-180;g1h3:-181;c4c5:-219;d1e3:-270;d1c3:-280
1qnk1nrr/N1n3p1/np3p1p/2pp4/P3p2P/1NP1NNP1/QP1PPP2/1K4RR b - - 1 14,opening,b8a7,-316,b8a7:-316;c8a7:-296;c8e7:-230;d8d7:-171;b8b7:83;b8a8:87;d8e8:110;a6b4:128
bnk1qnrr/2b2ppp/p1p5/1p1pp3/4PP2/2P1N3/PP1PB1PP/BNK1Q1RR w - - 0 7,opening,f4e5,-49,f4e5:-49;e4d5:-55;e2g4:-128;f4f5:-129;e3f5:-134;g2g3:-167;e3c2:-169;e2f3:-169
k2nbrbq/1rpp2pp/2n5/Np1Npp2/3P4/7P/PPP1PPP1/K1R1BRBQ w - - 2 8,opening,a5b7,188,a5b7:188;c2c4:83;g2g4:51;e2e4:-17;a5c6:-50;g2g3:-105;d5c7:-105;b2b3:-167
k2brnnr/3bpp1p/pp1p4/2p3p1/8/BPP4P/P1BPqPP1/KQ2NR1R w - - 0 15,opening,e1f3,-281,e1f3:-281;c2d3:-295;a3b2:-317;d2d4:-322;c2d1:-325;b3b4:-326;c2e4:-338;f2f4:-346
1r1bn2k/pbp3rp/1p4p1/1Nn1pp2/5P2/P1p1PR2/1PPPN2P/1RBBK3 w - - 0 20,opening,e2c3,-310,e2c3:-310;f3h3:-321;f3f2:-359;e2g1:-380;f3g3:-385;f3f1:-387;e2g3:-391;b2b4:-427
k1nq1r1n/pp1n2r1/n2Npppp/3p4/N1PPPP2/P6P/N1P3P1/K2QNR1R w - - 3 20,opening,d6b7,144,d6b7:144;d6c8:126;c4c5:36;d6b5:-10;e4e5:-25;c4d5:-111;e4d5:-168;f4f5:-182
rkn4r/7p/q3B2b/pp1n1pN1/P3p1P1/3NP3/1QPP1P1P/RK2B1R1 b - - 0 17,opening,e4d3,401,e4d3:401;h6g5:475;d5c7:501;h8d8:507;a8a7:510;a6b6:524;a6d6:535;d5c3:546
qn1nnr1r/pkpp1pp1/1p5p/4N2n/P1PPp2P/4P3/1P3PP1/QNKNNR1R w - - 1 10,opening,g2g4,41,g2g4:41;c4c5:34;d1c3:20;a4a5:19;b1c3:16;b1d2:14;e5g4:-13;b2b4:-13
qkbrr1nn/p1p2p1p/4pN1b/1p1p2p1/1PP4P/6P1/P2PPP2/QKBRRBN1 b - - 2 8,opening,h6g7,24,h6g7:24;g8f6:121;e8e7:190;d5c4:224;e8f8:235;h8g6:235;g5h4:249;b5c4:253
1rkb2rb/qpp3np/p2pP3/5pp1/2P1PPn1/1P4NP/P5B1/QRKBR1N1 w - - 1 14,opening,e4f5,-164,e4f5:-164;h3g4:-167;a1c3:-211;e6e7:-215;a1b2:-249;d1g4:-261;b1b2:-268;d1f3:-282
r3b1r1/2qpb1pk/2n5/BppNp2p/1n6/1P1PPP2/2PQ2PP/1N3BRK w - - 7 18,opening,d5c7,260,d5c7:260;a5c7:110;d5f6:36;a5b4:-229;a5b6:-340;c2c3:-375;d5e7:-401;g2g4:-454
2nrb1nq/rpk2p1p/2pp2p1/pPb1p3/P1PPN3/3R1PB1/4P1PP/RK3BNQ b - - 1 12,opening,c5d4,-212,c5d4:-212;c5b4:13;c6b5:177;c5b6:223;e5d4:242;f7f5:297;b7b6:323;c7b8:324
k1qn3b/p1p1p1pp/1r2r2n/1p1p1Q2/P1PP4/2N2P1b/1P2P1P1/KR2BRNB w - - 0 13,opening,f5h3,255,f5h3:255;f5f8:191;f5c2:160;f5d5:137;f5h7:122;f5g5:104;f5h5:65;f5d3:16
2rrq1kn/1p1nppp1/p1ppn2p/8/2n1N1PP/2P1PP2/PP1P3N/NNRRQ1K1 w - - 3 9,opening,c1c2,-54,c1c2:-54;d2d4:-131;d2d3:-156;e1e2:-161;e1f1:-208;e1g3:-253;b2b4:-254;b2b3:-285
1b1rknnr/q2ppp1p/bpp3p1/p7/P7/1P2P1NP/2PP1PP1/QBBRK1NR b - - 0 7,opening,f7f6,25,f7f6:25;a7c7:87;g8f6:89;e7e5:99;b8g3:248;g8h6:285;d7d5:303;f7f5:308
knr1q1rn/pppppp2/2n1n1p1/7p/1P1P4/4P1P1/P1P2P1P/KNRNQNRN w - - 1 5,opening,c2c4,111,c2c4:111;f2f4:109;d1b2:99;g1g2:89;h2h4:86;e1c3:83;b1a3:81;c2c3:56
rrbbnn1k/p1pp1pqp/8/1p2p1p1/4P1B1/4N3/PPPP1PPP/RRB1N1QK w - - 2 5,opening,b2b4,88,b2b4:88;d2d3:68;e1d3:67;g1f1:61;g4f5:46;f2f3:46;a2a4:42;b2b3:41
q3k1rr/p1p1ppQ1/1nnp4/1p3Np1/5P2/P3P1PR/2P1P2N/1N1KN1R1 b - - 2 16,opening,e8d7,440,e8d7:440;h8h3:489;g8g7:556;c6e5:605;a8b7:611;c6b8:629;c6d8:640;h8h4:651
qn2r1k1/4ppb1/p1pp3Q/Pr1P4/4P3/7B/1N2nPBP/R3R1K1 w - - 1 23,midgame,e1e2,-353,e1e2:-353;g1h1:-368;g1f1:-430
nr2krnq/1pp2pp1/4n2p/p2p1n2/P2Pp1PP/1P2P3/2P2P1N/NRNNKR1Q w - - 1 9,opening,g4f5,488,g4f5:488;h2f3:0;h4h5:-4;d1c3:-45;c2c4:-73;b3b4:-75;c1e2:-86;e1d2:-115
rB2b3/p2pp1qk/4b2p/1B3p1P/1b1pBPP1/1pr5/PP2P3/R1R1B2K b - - 1 16,opening,c3h3,-832,c3h3:-832;g7g4:-723;a8b8:-696;f5e4:-693;e6d5:-668;c3e3:-645;c3c1:-624;e8h5:-573
1qnrknrn/p1p1ppp1/n6p/1p1p4/4PN2/PNPP4/1P3PPP/1Q1RKNRN w - - 0 8,opening,f4d5,203,f4d5:203;d3d4:100;h1g3:98;e4d5:88;f1e3:82;f4e2:74;b3a5:50;f1d2:49
bbqbrbrk/p1pp1p2/1p5p/4P1p1/7P/P3Q3/1PP1PPP1/BB1BRBRK w - - 0 7,opening,c2c4,67,c2c4:67;e3d3:28;b2b3:-16;e3g3:-36;e3d2:-51;b2b4:-56;e3b3:-59;b1a2:-59
r2r3b/6p1/3p1nk1/2p1pq2/1nQ4P/pP1P4/P3P1P1/RB1NR1KB b - - 3 21,midgame,d6d5,-103,d6d5:-103;e5e4:-96;f5f4:-81;a8b8:-21;g6h7:-20;a8a5:-4;g6h6:30;f5h5:39
n2kn1q1/p1p1nrp1/4p2r/1p5p/n3p1p1/2NN3P/2PPKPQ1/N1N2R1R w - - 4 18,opening,c3e4,-146,c3e4:-146;c3a4:-235;c3b5:-255;g2e4:-316;d3e5:-322;e2e1:-331;h3g4:-344;e2d1:-372
krnnbrbq/pp2ppp1/2p5/2Pp3p/8/3P4/PP2PPPP/KRNNBRBQ w - - 0 4,opening,f2f4,106,f2f4:106;h2h4:104;e1c3:93;c1b3:82;f2f3:80;h2h3:78;e1d2:68;g2g3:37
r2bb2k/1p1p3p/p1rq4/P1p1pB1B/2b1P3/3Q2b1/1P1P1PPP/1RR1B1BK b - - 6 16,opening,c4d3,-455,c4d3:-455;d6d3:-376;e8h5:207;g3f4:312;b7b5:343;g3h4:387;c4b5:395;d6f8:395
rnnrk1nn/2pq4/7p/p2Pp1P1/1pPN1pP1/Q2N1P2/PP1PN3/RN1RK3 b - - 1 16,opening,b4a3,-426,b4a3:-426;c7c5:-115;e5d4:-88;a8a6:-85;h6g5:-78;c7c6:-55;h8g6:-4;b8a6:25
kbq1r1rb/2pp2p1/P7/1p2p3/4PpPp/bB1P1B2/P1B2P1P/K1Q1RBR1 w - - 2 21,opening,c1a3,468,c1a3:468;b3d5:341;c1d2:218;c1d1:74;c1b1:1;a6a7:-102;b3g8:-146;d3d4:-210
bbbk1b1r/pp1p2pr/2p1q3/2P1p2p/2B1pP1P/8/PP1PQ1P1/B1BK1BRR b - - 5 9,opening,e6e8,-222,e6e8:-222;e6g4:-181;d7d5:-143;e6f6:-136;e6f5:-120;e6g6:-114;e6h6:-71;e6e7:-52
b2br2b/q3p2k/p1b2r2/1p1p2Bp/PP1P1PP1/2Q2B2/2P2P1P/2BR1RKB w - - 0 19,opening,a4b5,453,a4b5:453;c3d3:443;g5f6:426;a4a5:421;g4h5:416;c3e3:408;f1e1:404;h2h3:395
1b3rbk/p1pr4/4p2p/5pp1/4pPP1/1B1QR3/Pq1P1B1P/BBR4K w - - 2 19,opening,a1b2,914,a1b2:914;d3d7:736;e3h3:639;b3e6:612;d3c3:609;g4f5:589;c1f1:585;e3g3:553
Bnk1rnrb/p1pqpppp/1p6/8/3p2P1/8/PPPPPP1P/BNKQRNR1 w - - 1 5,opening,a8h1,420,a8h1:420;a8f3:413;a8g2:394;a8e4:386;e2e3:282;c2c3:277;b2b4:268;d2d3:258
rqbnkrnb/ppp1pppp/8/3p4/8/1PP2P1N/P2PP1PP/RQBNKR1B b - - 2 4,opening,c8h3,-67,c8h3:-67;c7c6:-38;c7c5:-36;g7g6:-24;a7a5:-7;g8f6:4;b7b5:16;f7f5:24
rrn2qbk/1pp2ppp/p2n4/4p3/4p1Bb/1P1N2P1/P1PPNP1P/RR2Q1BK w - - 2 10,opening,d3e5,-33,d3e5:-33;d3c5:-93;g3h4:-221;g4c8:-261;e2c3:-284;d3b2:-293;d3c1:-325;d3b4:-342
k2brqrb/1ppppppp/8/1B6/n2P2nP/6P1/1pB1PP2/NKN1RQ1R b - - 3 12,opening,b2c1q,-359,b2c1q:-359;b2c1r:-358;b2a1r:-348;e7e5:-343;b2a1q:-340;a4c3:-324;a4b6:-318;e7e6:-292
rb3bkq/pppr1pp1/3p4/4p3/PPP1P2p/5P1P/bB1P3P/R2RBBKQ w - - 1 16,opening,a1a2,364,a1a2:364;d1c1:261;h1g2:243;d2d4:201;a4a5:187;f3f4:185;f1e2:184;e1f2:167
kr3rbq/1pp2pp1/1p5p/1b1pp3/3P1P2/2P1P3/1P1N1RPP/KR1NB1BQ w - - 0 13,opening,d4e5,389,d4e5:389;f4e5:386;b2b3:381;c3c4:374;g2g3:373;b2b4:370;g2g4:369;f4f5:360
rbk2br1/1pp1qp2/B4bp1/p1Ppp2p/P2PP2B/7b/1PB2PP1/R2KQ1RB w - - 0 12,opening,a6b7,196,a6b7:196;h4f6:132;g2h3:88;e4d5:-89;a6e2:-98;e1e2:-140;a6b5:-163;h4g3:-166
rb2kbrb/1qpbpppp/3p4/pp6/P2PP3/8/RPP1KPPB/1B1Q1BRB b - - 7 10,opening,b7e4,-279,b7e4:-279;g7g6:-174;b5b4:-174;b8a7:-149;e7e5:-148;c7c6:-144;g7g5:-139;d7g4:-135
1b2r1bb/3k2p1/p1r1pp2/2P4p/qPBP4/1b2PK2/5PPP/1R2BRBB w - - 0 23,opening,c4b3,-478,c4b3:-478;b1b3:-589;c4d3:-710;c4a6:-800;b1a1:-800;g2g3:-805;b4b5:-823;e1c3:-840
rkbq2b1/3p1p1p/pB1bpBpP/1pp5/PP3b2/6Q1/1RP1P1P1/1K3B1B b - - 1 22,opening,d8f6,-321,d8f6:-321;f4g3:-304;d8b6:-301;c5b4:-237;c8b7:-212;c5c4:-204;a8a7:-81;d8f8:1
rk1nQ2n/ppp5/1n3n2/1r5p/P4p2/5Pp1/1PPPR1PP/RK1NN2N w - - 2 21,opening,e8d8,884,e8d8:884;e8h8:719;e8b5:705;e8e7:668;e8f8:631;a4b5:621;e1d3:484;h2g3:482
rqb2rk1/ppbB4/4pp2/3pP1pb/3P1B1p/b1B3PP/RPP2P1K/Q2B2R1 w - - 4 19,opening,d1h5,359,d1h5:359;d7c8:347;a2a3:332;d7b5:266;g3h4:246;b2a3:244;c3d2:211;b2b4:209
nqbrk2r/p3p1pp/1pppnp2/8/8/BPPbP2P/P2P1PPB/NQR1KN1R w - - 0 8,opening,b1d3,389,b1d3:389;a1c2:-203;b1b2:-228;c1c2:-316;a3d6:-334;h2d6:-367;b1c2:-600;f1g3:-607
2rr1qbb/3pp2p/k2P1pp1/ppp1n3/4P3/1PP2PNP/PR4P1/KN1R1Q1B w - - 0 18,opening,f3f4,186,f3f4:186;b1a3:178;a2a4:141;d6e7:51;b2d2:31;g3f5:-10;g3e2:-51;h3h4:-57
nqkrbrbn/Bpp2p1p/p2p4/4p1p1/2P5/1N3P1P/PP1PP1P1/1QKRBR1N b - - 1 5,opening,b8a7,-330,b8a7:-330;d6d5:409;a8b6:428;h8g6:428;e8a4:440;f7f6:447;e8b5:448;f7f5:449
n2rbr2/p1kppp1b/1pp3n1/6pp/2Pq2PP/PPQ1P3/1K1P1P2/N2RBRB1 b - - 0 14,opening,d4c3,-429,d4c3:-429;d4g4:-395;d4h8:-302;d4f6:-275;d4e5:-269;d4d6:-220;d4e4:-213;d4c5:-160
1nkbqn1r/2pp1p1p/1p4r1/p3pQ2/N1P1b3/P2PP3/1PK4P/B2B1NRR w - - 7 13,opening,f5e4,345,f5e4:345;d3e4:298;a4b6:42;f5f2:-286;f5h5:-325;f5h3:-344;f1g3:-432;f5g6:-466
1r1brkq1/2pb3p/1pbppB2/6p1/p1P1PPpP/PR1P2PR/8/2B2KQB b - - 0 17,opening,d8f6,-508,d8f6:-508;a4b3:-499;g4h3:-455;g5f4:-387;g8g6:-370;g8f7:-365;f8f7:-341;g5h4:-340
r1nN2k1/q1p5/pp4pp/4p3/2P1Qr2/1P3NP1/P3P1Pn/R1NK1R2 w - - 0 22,midgame,e4g6,740,e4g6:740;g3f4:597;e4d5:552;e4d3:414;e4c6:365;e4e5:362;e4b1:352;e4c2:291
nnn1qnrk/2prpp2/p6p/1p1p4/3PNp1P/1P1N2N1/P1P1P1P1/N2RQ1RK b - - 1 8,opening,f4g3,-356,f4g3:-356;f8e6:-314;f8h7:-293;d5e4:-287;a8b6:-281;f8g6:-278;f7f6:-275;b8c6:-258
b2k1b1q/3pR1p1/pp2rpb1/7p/P1PP2b1/B7/3KPPPP/2R2BBQ w - - 0 14,opening,h2h3,13,h2h3:13;e7e6:0;d4d5:-102;f2f3:-135;h2h4:-150;c1c3:-158;e2e3:-168;d2d1:-189
qbrrnkn1/1ppp4/8/p1PPpp1p/P3PP1p/8/6P1/QBbRNKNB w - e6 0 10,opening,d1c1,-176,d1c1:-176;f4e5:-221;a1e5:-221;g2g3:-221;e1d3:-246;e1f3:-249;g1e2:-251;g1h3:-264
3brrb1/1qp1p2p/k1b2B2/1p1p1p2/pR4PP/Q2P1B2/P1PBP3/2KBR3 b - - 4 22,opening,e7f6,138,e7f6:138;f5g4:374;f8f6:385;c6d7:409;e7e6:414;a6a7:426;f5f4:456;b7a8:512
rnnqk1nr/ppppp1p1/5p1p/8/2P1n1P1/1Q1P3P/PP2PP1R/RNN1KNN1 b - - 2 6,opening,e4c5,67,e4c5:67;e4g5:167;e4d6:322;e4f2:368;c8d6:401;f6f5:406;c7c5:444;h6h5:460
brqkr1b1/2p5/pp2pp2/2Pp2pp/8/Q2PP2P/P1P1RPP1/B3KBBB b - - 0 11,opening,e6e5,154,e6e5:154;d5d4:239;b6c5:286;e8f8:307;c8b7:313;c8d7:331;a8c6:337;d8e7:346
br2qrbn/1ppk1p1p/p3p3/3p2p1/3nP1P1/4NP2/PPPP3P/BRK1QRBN w - - 0 10,opening,e3d5,298,e3d5:298;b2b4:282;h1g3:220;b2b3:220;e4d5:200;f3f4:177;d2d3:171;h2h4:169
bnk2n1r/3prp1p/2P1pb2/p5p1/q1N1P1P1/2B2P1P/P2Q2B1/2K1RNR1 b - - 0 21,opening,a4c4,-243,a4c4:-243;f6c3:111;a4c6:411;f6d4:552;f8g6:635;b8c6:646;a4b4:680;d7d5:687
1k2r2r/5p1p/p1Pp2pn/KP1Ppbn1/3q4/8/P1NB1PPP/4Q1RR w - - 1 23,opening,c2d4,467,c2d4:467;c6c7:463;c2b4:139;c2a3:-18;e1e3:-89;e1c1:-107;d2e3:-181;d2g5:-239
1rb1nr2/1np2kp1/BP1pp3/4p1Bp/1P2P1PP/8/P1P2P2/1R1qN1KR w - - 1 16,opening,b1d1,220,b1d1:220;b6c7:-226;b1c1:-538;a2a3:-552;g1g2:-555;g4h5:-557;g1f1:-563;a6d3:-581
qrkrnnnn/p1ppp3/6p1/1p3p1p/1PP5/5N2/P2PPPPP/QRKR1NNN w - - 0 5,opening,a1h8,49,a1h8:49;a2a4:45;c4b5:-12;c4c5:-25;f1e3:-52;d2d3:-60;f3g5:-61;e2e3:-80
nq3bbr/B1rpkp2/2p5/1p2N2p/6pP/1N3p2/P1PPP1P1/2RK1B1R w - - 0 15,opening,a7b8,169,a7b8:169;e5c6:73;e5g6:-179;a7d4:-427;a7c5:-450;a7f2:-458;a7g1:-489;a7e3:-499
rr1q1kbb/pp1p2pp/2N2p2/2pnp3/PN2n1P1/8/1PPPPP1P/RR1Q1KBB b - - 1 9,opening,d7c6,-327,d7c6:-327;b7c6:-262;e4d2:2;e4g3:156;d5e3:166;d8c7:205;d5c3:207;d8c8:219
N1rr2kn/p5pp/n2p4/2q2p2/1p5n/1PP3N1/P2PPPP1/NNRRQK2 w - - 0 12,opening,f2f4,170,f2f4:170;c3b4:157;d2d4:142;a8b6:84;g3h5:72;a8c7:66;f2f3:65;e2e4:-1
2b1r2n/1kprb1pp/1p1pNn2/p4p2/P1PPp3/2q1P3/1P3PPP/QKBRRB1N w - - 9 20,opening,b2c3,711,b2c3:711;e6c5:507;e6d8:502;a1a2:495;c1d2:495;e6g7:334;e6c7:302;c4c5:246
nr1q2kr/p1n3p1/1pp3P1/3p4/P3p2p/1P5P/1NPP1KP1/NR2N1R1 b - - 1 23,opening,d8f6,-789,d8f6:-789;d8d6:-774;d8e7:-747;d8f8:-735;c7e6:-709;h8h6:-709;d8g5:-696;h8h5:-677
b2bqnrr/kpppp1pp/2n5/p2N1p2/8/PP1P4/2P1PPPP/B1KBQNRR w - - 2 6,opening,h2h4,17,h2h4:17;f2f4:17;f1d2:17;c1b1:15;a1b2:12;e2e3:7;d5c3:7;e2e4:0
b1b1rrq1/kpp2b1p/1P2p1p1/3Q4/3P1p2/KPpRP1PP/5P2/B1B2RB1 b - - 0 17,opening,a7b6,240,a7b6:240;c7b6:302;a7a6:557;a7b8:673
1b1nrnrb/pk1p1p2/6pp/1pp1p3/2PP4/1PN3P1/P1B2P1P/Q1KNR1R1 b - - 1 12,opening,c5d4,407,c5d4:407;b5b4:432;f7f5:432;b7c8:461;f8e6:501;h6h5:502;d8e6:507;b5c4:521
rqb2k2/pppppPpp/2n1b3/6B1/4N3/7P/PP1n1PK1/RQ1NBR2 w - - 9 20,opening,e4d2,421,e4d2:421;e1d2:409;g5d2:341;g5e7:230;b1d3:144;b1c2:92;b1c1:-95;e4c5:-362
bnqrbnrk/p1p2p1p/1p2p3/3p4/P4p1P/2P1P3/1P1P2P1/BNQRBNRK w - - 0 6,opening,b2b3,-201,b2b3:-201;d2d4:-219;b2b4:-231;f1h2:-257;h4h5:-261;h1h2:-274;d2d3:-276;c1c2:-282
bqkbr1rn/1pppp2p/4npp1/p7/P7/4P1N1/1PPPBPPP/BQK1R1RN w - - 2 5,opening,f2f3,37,f2f3:37;b1a2:37;f2f4:36;d2d4:31;e2c4:21;b2b3:8;e1d1:-1;c2c4:-13
1rb1qrkn/2ppp2p/2b1n3/pp3pP1/P2P4/1P2N2N/2P1P1PP/BRB1QRK1 b - - 0 8,opening,f5f4,244,f5f4:244;d7d5:278;e6d4:332;c8b7:362;c6e4:373;c6g2:382;h8g6:386;c6a8:417
r2q1b1r/p2k2pp/bQp1pn2/1p1pPp2/2PP2P1/P6N/1P2B2P/RBB3RK b - - 4 20,opening,d8b6,-242,d8b6:-242;a7b6:-241;d8c8:538;f6g4:561;a6c8:576;h7h5:583;b5c4:585;a8b8:587
qb1rnknb/pprpp1pp/8/2p2p2/1P1P4/5N1N/P1P1PPPP/QBRR1K1B w - - 0 5,opening,d4c5,250,d4c5:250;h3g5:242;f3g5:222;b4c5:220;c2c4:220;c2c3:210;g2g3:206;f3e5:174
b1bbrk2/1r1p2qp/1pB3p1/p1p1pp2/3b1PP1/4PK1Q/PPPP3P/BRBB2R1 w - - 0 15,opening,c6d5,-257,c6d5:-257;e3d4:-294;g4g5:-296;f3f2:-301;c6b7:-305;c2c3:-312;c6b5:-321;c6a4:-325
qnknnrnr/1ppp1pp1/4p2p/p7/3PP1P1/8/PPP2P1P/QNKNNRNR w - - 0 4,opening,a2a4,15,a2a4:15;g1e2:7;b1c3:1;f2f3:0;b2b3:-2;d1e3:-2;b1d2:-10;e1d3:-13
kb1rbrqb/p5bp/2pp2p1/2B1pp1P/1p1PP1P1/1P5Q/P1P2P2/KBRB1R1B b - - 3 12,opening,d6c5,-392,d6c5:-392;e5d4:-322;f5g4:-298;g6h5:-281;g7h6:-239;f5e4:-230;b8c7:-208;d6d5:-203
nq1nkbbr/1prpp1p1/2p2p2/pN5p/3PP2P/6P1/PPP2P2/NQR1KBBR b - - 1 7,opening,c6b5,-330,c6b5:-330;c7c8:-94;d7d5:120;e7e5:145;a5a4:148;g8h7:156;d8f7:161;f6f5:164
brqr1b1b/1p4kb/p2p3p/P1p2p1P/1P2P1p1/2PKP1P1/2QP1B2/BRR2B1B b - - 1 20,opening,c5c4,-259,c5c4:-259;b7b5:-172;f5e4:-156;g7f7:-109;c8e6:-79;b7b6:-71;c8d7:-36;g7g8:-31
1br1rknb/qp2p1p1/p4p1p/Pnp5/3p1P2/2P2NKP/1P1PP1P1/Q1RRN2B b - - 1 14,opening,e7e5,-456,e7e5:-456;g7g5:-441;d4d3:-415;d4c3:-410;g7g6:-410;c5c4:-407;f6f5:-398;c8d8:-396
3kr1qn/rn1pp2p/1P2n1p1/3p1N2/pp3P2/1P1N2PP/P2PP3/R1K1RNQ1 b - - 2 19,opening,a7a5,170,a7a5:170;a7a8:205;a7a6:227;g6f5:418;b7c5:490;a4b3:539;b7d6:558;d7d6:567
kn4bb/p1r1prpp/1pp2q2/2RpPp2/1P1N4/3P4/P4PPP/K2NQRBB w - - 0 12,opening,e5f6,540,e5f6:540;c5c2:457;f2f4:437;c5c3:432;c5c1:425;g2g3:381;g2g4:342;d4b5:340
rn3bn1/pp3k1r/1npq2p1/P1Pp1p2/3PNpQ1/4P3/1P1N2KP/R4BNR w - - 0 23,opening,e4d6,586,e4d6:586;g4h3:408;c5d6:368;e4g5:356;a5b6:272;g4g5:239;g4f5:222;g1f3:182
kn1r1nb1/p5b1/3ppp2/1p1q2pp/PPNR1PN1/2R1P3/6rP/K3Q1BB b - - 0 18,opening,g2a2,-35,g2a2:-35;d5b7:185;g2g4:197;d5c6:240;d5f3:312;g2g1:335;b8a6:354;b5c4:370
rn5n/2ppkprp/Pp2pnpP/5Q2/1q1N1Pn1/2N1P2N/P1PP4/R1K1R2N b - - 3 19,opening,g6f5,-352,g6f5:-352;b4a3:-333;e6f5:-292;g4h6:-82;b4c3:-29;g7g8:-22;b8a6:14;b8c6:138
kqrbbbrb/1pppp2p/5p2/p5Q1/P7/8/1PPPPPPP/K1RBBBRB b - - 0 5,opening,f6g5,-673,f6g5:-673;g8g5:-604;e8f7:139;e8g6:139;g8g7:150;g8g6:157;f8g7:168;h8g7:190
b1rbkbr1/qpp2p2/6p1/p1Ppp2p/3bP2P/BP3B2/P3KPP1/1QR2BRB w - - 2 11,opening,b1d3,-116,b1d3:-116;g2g3:-162;g2g4:-197;b1c2:-212;e2d1:-248;e4d5:-249;a3b2:-268;b3b4:-287
b1br1qr1/ppk1ppb1/3p3p/2p3pP/5P2/3PB3/PP2Q1P1/BKB1R1RB b - - 0 11,opening,g5f4,200,g5f4:200;g5g4:221;b7b6:238;c7b8:264;f7f6:267;c8d7:288;c8e6:315;b7b5:328
1brqk1n1/2ppp3/4npp1/P4P1r/1p1B3p/6PN/P1PPP1KP/1B1RQN2 b - - 2 13,opening,e6d4,-274,e6d4:-274;g6f5:-255;c7c5:-134;h5f5:-111;e6g7:-46;e6g5:-39;e6f8:-18;h4g3:86
n1bqr1rb/p1ppppp1/1pk5/2N4p/2P4n/3PPP2/PP4PP/K1BQRNRB b - - 0 7,opening,b6c5,144,b6c5:144;c6c5:247;e7e6:275;e7e5:291;a7a6:293;f7f5:371;b6b5:421;d7d5:440
1brq1nnr/p1p1p3/1pbk1ppp/3p4/8/1PPP3P/P1RQPPPR/BB2KNN1 b - - 3 10,opening,d6e6,-19,d6e6:-19;e7e5:-18;c6b7:-9;e7e6:-4;c6a8:2;d6d7:9;c6d7:24;c6e8:47
qbbbr1br/1ppp1k1p/p7/4ppp1/3P4/P3P2P/1PP1KPP1/QBBBR1BR w - - 0 6,opening,d4e5,71,d4e5:71;e2f1:27;c2c4:24;b2b3:3;g1h2:3;f2f3:-4;b1a2:-47;b2b4:-80
2kbr1rB/p1p2p1p/1nQ1p3/1p6/1q4pP/1N3P2/P1PPP1P1/1K1BR1RN w - - 1 11,opening,h8c3,543,h8c3:543;h8e5:515;c2c3:503;h8d4:494;h8b2:483;h8a1:463;a2a3:456;h1f2:434
nqnrrbkb/pppp1p2/4p1p1/7p/P2P3P/6PK/1PP1PP2/NQNRRB1B b - - 1 6,opening,d7d5,-37,d7d5:-37;c7c5:-35;h8g7:-8;a8b6:4;c8e7:20;d7d6:21;e6e5:30;c7c6:31
n2q1nbr/bppp1ppp/4pk2/1Q1P4/p3P3/1P3PP1/P1PK3P/RBN2NBR b - - 1 16,opening,a8b6,515,a8b6:515;a7g1:565;a7b6:578;c7c6:585;b7b6:590;d8b8:592;c7c5:600;a7b8:629
b1kbrbr1/2pp2p1/p7/1p2ppPp/4P1q1/1BP4P/PPKP1P2/BQ2RB1R b - - 2 12,opening,g4f3,20,g4f3:20;g4g5:65;g4f4:81;g4h4:130;a8e4:132;g4e4:349;f5e4:573;d8g5:593
bqkbr1rn/p1p1ppp1/1p4np/1P1p4/8/5PN1/PBPPP1PP/1QKBRNR1 b - - 1 5,opening,c7c5,48,c7c5:48;e7e6:48;c7c6:81;a7a6:81;b8b7:104;e7e5:107;f7f6:125;g6f4:131
r1q1b1rk/pppp2pp/n1n1p3/2bN1N2/2P5/8/PP1PPPPP/R1Q1BBRK w - - 1 6,opening,d2d4,29,d2d4:29;b2b4:17;g2g4:-164;d2d3:-183;f5h4:-187;a2a3:-191;f5e3:-194;f5g3:-196
b1qrr2n/p2kppp1/1pp3np/P2p3P/1P1P2N1/4b3/2P1PP2/BBQRKNR1 b - - 0 13,opening,e3c1,-414,e3c1:-414;e3g5:126;e3f4:218;e3f2:439;e3d4:487;g6f4:506;b6a5:541;g6h4:552
1bN2rn1/pkp3pN/2npp2r/1P6/5p2/3P3q/PP2PPPP/KB2QR1R w - - 1 13,opening,b5c6,785,b5c6:785;g2h3:784;c8d6:743;h7f8:657;e1c3:652;f1g1:637;d3d4:622;e1c1:589
b1rqkr2/b1pp1ppp/p4nn1/1p2p3/8/P2PP1PN/1PPK1P1P/BBRQ1N1R b - - 0 8,opening,a8h1,-523,a8h1:-523;a8g2:-455;c7c5:-229;d7d5:-229;d8e7:-224;d7d6:-207;f8h8:-202;h7h5:-192
2rrB1n1/b1n1k1b1/2p2p2/Ppqp1Pp1/6Pp/2Pp3N/P3P2P/QBNRRK2 w - - 0 23,opening,e2d3,-75,e2d3:-75;e8h5:-126;e8g6:-175;a2a4:-317;e2e4:-324;e8c6:-344;c1b3:-349;a1b2:-351
1rr2qb1/3b3k/4pp2/1Pbp1Pp1/pP1P3p/2p1P1b1/2PB1BPP/RBRBQ2K w - - 0 22,opening,b4c5,263,b4c5:263;d4c5:256;f5e6:168;d2c3:99;h2g3:-46;f2g3:-169;a1a4:-219;e1e2:-232
kr1nbrbq/1pp2p2/N4np1/3p1P1p/1B1Pp1P1/PN6/1PP1P2P/KR2BRQ1 w - - 1 20,opening,a6c7,651,a6c7:651;a6b8:530;g4g5:431;g4h5:420;b4f8:420;f5g6:415;e1g3:413;g1g3:412
rnnknrq1/3ppppp/p1p3n1/1p6/2P1P3/3K3P/PP1P1PP1/RNN1NRQN b - - 1 7,opening,f7f5,-228,f7f5:-228;c8d6:-202;e7e5:-183;g6f4:-181;c6c5:-175;e8c7:-174;b5c4:-171;e8d6:-167
1b1k2r1/p2qp1n1/1p6/2pNn1pp/2P5/1P3r1R/P2PK1PP/BbQ3R1 b - - 0 18,opening,b1d3,-612,b1d3:-612;d7g4:-606;f3h3:-605;d7f5:-547;b1f5:-535;b1g6:-525;b1e4:-522;b1h7:-501
rknrb2q/p1p2pp1/1p1p1n1p/3Bp3/1b1P1P2/4P1P1/PPP1N2P/RKR1B1NQ w - - 4 10,opening,d5a8,452,d5a8:452;e1b4:375;d5g2:258;d5b7:165;a2a3:122;d5f3:66;f4e5:23;a2a4:10
bkbrbq1b/4pr2/2pp1pp1/pp5p/2P1P1P1/P7/KP1P1PBP/B1BRB1QR w - - 0 13,opening,f2f3,-25,f2f3:-25;d2d3:-45;b2b3:-46;f2f4:-46;g4h5:-60;d2d4:-78;a2b1:-116;b2b4:-123
b1rqk1nr/ppp1p2p/7b/3p1p2/1n1B4/N4N1P/P1PPPPPR/2RQKB2 w - - 2 8,opening,d4h8,509,d4h8:509;c2c3:415;c1b1:364;e2e3:347;g2g4:287;a3b5:284;f3h4:257;h2h1:252
2rn1q2/1p1p1pr1/1npk3p/p3pnp1/1PP1PP1P/PN1N2P1/6R1/1RKN3N w - - 2 21,opening,c4c5,-236,c4c5:-236;e4f5:-330;b3a5:-331;h4g5:-340;f4e5:-360;d3e5:-371;g2c2:-377;f4g5:-382
bbrqbrk1/1ppppp1p/p5p1/1P6/8/P1b4P/2PPPPP1/1BRQBRKB w - - 0 5,opening,d2c3,-245,d2c3:-245;g2g3:-450;d2d4:-452;b5a6:-457;a3a4:-480;b1a2:-484;g2g4:-489;f2f4:-495
r1q1brkn/pppp1ppp/2n5/1N2p1b1/1P3P2/8/PRPPPNPP/2QBBRK1 b - - 6 7,opening,g5f4,-96,g5f4:-96;e5f4:-16;g5e7:0;g5d8:50;g5h4:61;g5h6:103;g5f6:104;a7a6:137
1n1n2r1/q3r1k1/ppp5/P3P1Pp/1Pp1np2/2P1P1PK/N4P2/1Q1NR1RN w - - 7 23,opening,b1e4,434,b1e4:434;e3f4:201;g3f4:133;f2f3:53;h3h2:-83;e5e6:-240;g3g4:-268;h3h4:-317
br1br2b/p1p4k/B2p3b/1p2pp1p/2PPP3/1P3BP1/PR3PKP/B2BR3 w - - 0 16,opening,d4d5,288,d4d5:288;f3h5:277;e4f5:256;b2e2:230;d4e5:213;a6b5:200;e1f1:154;b2b1:137
Nnnkr3/3p1p2/rpp5/p3pNpp/2P1Pn2/qP1PQ3/P2KN1PP/R4RN1 b - - 3 18,opening,a3b2,-378,a3b2:-378;a6a8:-138;f7f6:-112;c8e7:-95;a5a4:-74;h5h4:-67;d7d6:-61;e8g8:-29
krqnbr1b/1p2ppP1/2pp3p/p6n/P7/4P1B1/1PPP2PP/KRQN1RNB b - - 0 8,opening,h8g7,-45,h8g7:-45;h5g7:-3;c8g4:195;c6c5:425;c8e6:473;d8e6:487;f8g8:504;c8d7:567
qkrnr1n1/p1p4p/3pp1pb/3P1p2/1N3P1P/KpP1N1R1/1P2P1P1/Q2R1BB1 b - - 1 14,opening,a7a5,243,a7a5:243;b8b7:356;a7a6:358;g8f6:365;h6f4:399;a8b7:431;e6d5:442;c7c5:442
1krb2rq/ppN1p1p1/7p/n2p1n2/P4Np1/3P1P2/KPRPP2P/3BR1BQ b - - 7 15,opening,d8c7,252,d8c7:252;g7g5:319;c8c7:319;g4g3:329;g8e8:361;f5d6:379;h6h5:397;g4f3:398
1r3q1b/pk1prnp1/N4p1p/nPpp3P/8/KP2PP2/P2P2P1/2RR1QBB w - - 0 20,opening,c1c5,383,c1c5:383;a6c5:379;f1d3:374;e3e4:371;d2d4:356;g2g4:347;a3b2:324;a3a4:321
qbrr1k1b/p2ppppp/1p1n4/1Pp2n2/3P4/5NP1/P1P1PP1P/QBRR1KNB w - - 0 6,opening,c2c3,111,c2c3:111;c2c4:70;h1g2:45;a2a4:44;g3g4:30;a1b2:0;d4c5:-12;a2a3:-16
n1br1rnk/3pp1p1/ppp2p1p/6Bq/3PPR2/1N4P1/PPP1Q1PP/1B1R2NK b - - 3 10,opening,h5e2,-2,h5e2:-2;h5g5:168;h5e8:232;h5f7:300;h5g6:311;f6g5:453;g7g6:493;d7d5:630
rnqnrnnk/pp5p/2ppp1p1/5p2/8/NP2P1P1/P1PPNP1P/RQ1NRN1K b - - 1 6,opening,e6e5,-97,e6e5:-97;d8f7:-96;g8f6:-95;b8d7:-93;b7b5:-67;b8a6:-62;c8c7:-58;g8h6:-56
1k1q2rr/p3pp2/1pbp2pp/bPp3P1/3P1P2/2B1K3/P1P1PR1P/1N1B1N1R b - - 1 17,opening,c6h1,-710,c6h1:-710;c5d4:-677;a5c3:-602;c6a8:-531;c6b7:-526;c6d5:-514;c6b5:-456;e7e5:-444
b1kbr3/p1pnq1r1/4pPn1/2B4R/NP2pP2/8/1KPP3P/3BRQ1N w - - 1 17,opening,f6e7,721,f6e7:721;c5e7:669;a4b6:550;f1a6:451;f6g7:441;c2c3:230;h1f2:202;h1g3:197
2brk1br/q2p1ppp/pn2p3/1p2n3/PPp2PPP/3P2B1/2PKP3/N1QR1NBR b - b3 0 11,opening,e5g4,20,e5g4:20;c4c3:77;a7b7:285;d7d5:287;c4d3:289;e5g6:303;e5d3:315;d7d6:315
1rbrb1bk/1p3p2/1qpp4/2b1p1Bp/p3P3/1P1P2PP/PRP2PB1/1QR1B1BK b - - 0 14,opening,a4a3,222,a4a3:222;c5a3:319;f7f5:353;h8g7:356;e8d7:360;a4b3:361;h8h7:388;b6c7:392
1qkb2rn/p1pp1B1p/1p6/4p3/PP2bn2/2B3N1/2PP1N2/1QK1R1R1 b - - 0 13,midgame,h8f7,310,h8f7:310;e4c2:337;g8g3:433;g8f8:448;e4d5:483;g8g7:500;g8g5:510;b8b7:520
bnr1kb2/p2pp1rn/1Qp1q1p1/3P3p/4pPP1/2P4N/1PR1BK1P/BN4R1 w - - 0 23,opening,b6b8,280,b6b8:280;d5e6:114;b6a7:49;b6a6:7;b6d8:-2;b6c7:-65;c2d2:-101;b1d2:-114
1krn1rb1/2ppb2n/4p1p1/pN2pq1p/1PpP4/P3P1P1/4RP1P/K1RB2BQ w - - 2 19,opening,b4a5,-226,b4a5:-226;e3e4:-235;c1b1:-268;b5c3:-268;e2b2:-269;f2f4:-286;g3g4:-292;c1c4:-314
4rrk1/2qbp3/1b1p3p/pPpP1pp1/P1Q2P2/1B2PR1b/1b2R2P/B1B3KB b - - 1 19,opening,b2a1,52,b2a1:52;g5g4:198;b2c1:319;h3f1:326;d7b5:337;b2f6:352;b2d4:361;e7e5:394
r1n1r1bk/p1p5/p2pppp1/b6p/PP1N3q/1Rn3P1/1RPPPP1B/2Q3KB b - - 1 19,opening,c3a2,211,c3a2:211;h4g5:221;h4d4:227;h4g4:328;h4h3:342;c3e2:431;c3b5:459;h4e4:497
r1rbb1b1/b1ppqpkp/1p2p3/p2Q2PB/4PP2/P7/B1PP2PB/1RR1B2K b - - 2 13,opening,e6d5,-315,e6d5:-315;f7f6:165;e7a3:285;e7f8:293;e6e5:311;e7c5:319;g7f8:329;h7h6:341
2qbrr2/npp1kp1p/3b4/4p3/Q1P1pNn1/1P1P3P/P2KB1P1/2R2R1B w - - 1 21,opening,f4d5,494,f4d5:494;e2g4:315;c4c5:134;a4a7:-95;f4h5:-145;d3e4:-156;h3g4:-158;g2g3:-159
r4rkq/3b2pp/8/p2bppP1/3p3P/3Q3B/PPPbPP2/RBBRB1K1 b - - 1 13,opening,d2e1,269,d2e1:269;d2c1:273;d2b4:322;h7h6:333;d2g5:334;a8e8:371;a8d8:383;a8b8:400
1b1brbk1/2p1ppr1/3p3p/p5p1/bpP1R1P1/3P1P2/BP4BP/B1QB2RK b - - 0 13,opening,a4d7,528,a4d7:528;a4c6:540;d6d5:566;a4d1:567;b4b3:574;c7c6:598;c7c5:639;a4b5:641
rnnk1r2/2ppp2p/pp1n4/2P2pp1/1P1NNPQ1/4P2P/qR1PNP2/3KR2N w - - 2 21,opening,b2a2,504,b2a2:504;d4c6:227;g4g2:73;g4g5:0;g4h5:0;g4f3:-51;c5d6:-151;e4d6:-176
n2k1r1r/n1p2p1p/1p2p1n1/p2p2pP/2qPP1P1/1NN2P2/nPP2N2/N2KQRR1 w - - 0 14,opening,c3a2,262,c3a2:262;h5g6:161;e4d5:-24;c3d5:-69;c3e2:-71;c3b1:-125;f2h3:-138;f2d3:-155
nnr2k1n/2p2qrp/Pp2p3/2Rp1pp1/7P/N2PP3/P2P1PP1/N2QKNRN w - - 0 19,opening,c5c3,286,c5c3:286;c5c1:248;c5b5:227;c5c2:217;a6a7:169;c5d5:-21;a1b3:-84;h4g5:-85
kbbrbb1r/ppppppp1/1Q5p/8/6P1/P2q1P2/1PPPP2P/KBBRBB1R b - - 0 4,opening,d3a3,-135,d3a3:-135;a7b6:-130;d3f3:-90;c7b6:-89;d3c2:-77;d3e2:-76;d7d5:32;d3c4:42
1knqnrrn/ppppppp1/n7/7p/6P1/2PN2N1/PP1PPP1P/KNNQ1RR1 b - - 1 4,opening,h5g4,-37,h5g4:-37;h5h4:25;g7g6:65;e7e6:106;c7c5:111;d7d6:112;c7c6:116;c8b6:122
bk1r1b1r/ppppb2B/1B3p2/8/PPPB2p1/5b2/3PPqPR/1KRQ1B2 w - - 2 17,opening,d4f2,519,d4f2:519;b6a7:492;b6c7:463;e2f3:375;h7g6:349;h7d3:347;h2h1:310;h2h5:297
qbnrnrbk/pppp3p/6p1/4pp2/8/P2P1N2/1PP1PPPP/QBNR1RBK w - - 0 4,opening,f3e5,174,f3e5:174;b2b3:111;b1a2:108;e2e4:105;b2b4:101;f3d2:92;d1e1:67;a3a4:62
nbrbrq1k/p3p3/1pp5/5p2/P1pP3p/4N1PN/BP2P2P/R2BR1K1 w - - 0 14,opening,e1f1,-439,e1f1:-439;d1c2:-470;g1h1:-482;a2c4:-487;g3h4:-488;g3g4:-492;e3c4:-494;e3g2:-499
3rr2k/1p1p2p1/nnp1pn2/NN5p/nP1P4/4pP2/2P2R1P/N4NRK w - - 5 18,opening,f2g2,-345,f2g2:-345;f1e3:-352;f2e2:-401;g1g5:-518;b5d6:-531;g1g3:-569;g1g2:-569;g1g6:-578
nb2r1nk/6pp/1p1rp3/2p2p1b/pP1RP3/1NP1PPPP/P7/1BB1QR1K w - - 2 18,opening,d4d6,636,d4d6:636;b4c5:602;b3c5:531;e4e5:525;d4d2:510;d4d3:485;g3g4:473;d4d1:461
1qrbrbkb/4ppp1/1p6/p1pp3p/b1P1P2P/PP6/1QRPBPP1/B2BR1KB b - - 1 8,opening,a4d7,52,a4d7:52;d5e4:139;a4c6:144;e7e6:154;d5d4:166;d8c7:189;a4b3:229;a4b5:276
rrq1bnk1/1pppbp2/4p1p1/p6p/PP4P1/Q2PPP2/2P1N1nP/RR1BB1KN b - - 1 10,opening,g2e1,-406,g2e1:-406;a5b4:-215;g2e3:-197;e7b4:-106;g2h4:-102;h5g4:28;b7b5:94;d7d5:132
n2qr1r1/p2k2p1/1pp1pP1n/Nn6/P2p1P1P/1PPP2NR/3KPQ2/NRN5 b - - 2 22,opening,d4c3,315,d4c3:315;h6g4:338;b5c3:392;b5d6:419;g7f6:423;b6a5:451;d8f6:451;c6c5:488
qbrr2kb/ppp1pp1p/2Bn4/2Pp2p1/6P1/2R3P1/PP1PP2P/QB1RNKN1 b - - 0 7,opening,b7c6,274,b7c6:274;h8c3:317;e7e6:332;d5d4:356;d6c4:392;h7h5:394;a7a5:404;d6e8:429
rqbrknbn/pppp2p1/4pp1p/5N2/P7/8/1PPPPPPP/RQBRK1BN w - - 0 4,opening,f5g7,281,f5g7:281;f5g3:21;b1a2:-11;f5e3:-35;f5h4:-61;f5h6:-67;f5d4:-78;h1g3:-264
3n1rr1/k6p/N1pp1pp1/1p1qQ3/p1P2R1b/P3P3/KPbP3n/1BB3NR w - - 5 22,opening,e5e7,328,e5e7:328;e5d5:260;c4d5:-3;e5c3:-43;e5d4:-204;b1c2:-349;e5e4:-396;e5f6:-447
b1rqkn2/p1bpppp1/1p3n1r/2p4p/P3NP2/8/1PPPP1PP/BBRQKR1N b - - 6 11,opening,a8e4,-480,a8e4:-480;f6e4:-464;e7e6:-326;e7e5:-323;f6g4:-277;f8h7:-273;c7f4:-270;h5h4:-232
nk1r3b/p1pr1pp1/3p1n2/3P1bPp/4pP1P/4PNR1/K1P1N3/1r1Q2RB b - - 2 22,opening,b1d1,-439,b1d1:-439;b1b6:81;b1b7:229;b1b4:234;b1b5:269;f6d5:283;a8b6:289;c7c5:294
bbqrknrn/1pp2ppp/p2pp3/5P2/8/2P1P3/PP1P2PP/BBQRKNRN b - - 0 4,opening,e6f5,-43,e6f5:-43;d6d5:-36;b7b5:-32;c7c5:-12;g7g6:9;f7f6:32;b7b6:37;h7h5:44
rnb1qr2/1p1p1p1k/pb2p3/1N3p2/P1pP1Pn1/2P1P2P/1P2R2P/1RB2QNK b - - 0 19,opening,g4h6,-185,g4h6:-185;a6b5:-178;e8e7:6;g4f6:100;g4h2:112;b8c6:138;d7d5:140;d7d6:145
1kr1q2b/3r4/1nP4p/p3pppQ/2p1P3/1P4N1/PK1P1PPP/3N2BB w - - 0 23,opening,c6d7,-97,c6d7:-97;h5e8:-159;c6c7:-410;e4f5:-468;d1e3:-482;b3b4:-495;b2c1:-507;h5e2:-513
kr1nbrnb/ppp2p1p/8/3pp1pP/N3P3/7q/PPPP1PP1/KRQ1BRNB b - - 1 5,opening,h3h1,-434,h3h1:-434;h3h5:-369;h3h2:-277;h3h4:-253;h3g4:-198;h3d7:-186;h3c8:-181;h3e6:-142
b1qk1bbb/3pr3/r1p2ppp/pB2p3/6PP/4PP2/PPPP4/BRQKR2B w - - 0 12,opening,b5a6,-281,b5a6:-281;b5d3:-331;b5e2:-361;b5f1:-379;c2c4:-426;b5a4:-442;a2a4:-483;b2b4:-490
1qkr4/2nQpbp1/pp1p1r2/3pnpPp/1P5P/3R4/PKP1PP2/N3BR1N b - - 2 19,opening,c8d7,-664,c8d7:-664;d8d7:-602;e5d7:-598;c8b7:-387
kr4bq/2Bp1bp1/4pr2/pp3p1p/P3nR2/1P4P1/K1PPPN1P/1R1NB2Q w - - 2 13,opening,f2e4,512,f2e4:512;c7b8:492;f4e4:467;a4b5:435;d2d3:431;d1c3:420;c7e5:407;a2b2:403
1b1rnbr1/1q2p1pp/pp1k1pn1/1Bpp4/P3B1P1/1PP1P3/3P1PRP/Q1KR2NN b - - 1 15,opening,d5e4,-383,d5e4:-383;a6b5:-357;g6h4:-258;e7e6:-94;g8h8:-83;d6c7:-64;c5c4:-22;e8c7:-22
bk1rq2b/1pp1ppr1/pB6/2Pp1bpp/3P2P1/1P5P/1K1BPPR1/BQ5B b - - 0 16,opening,f5b1,-627,f5b1:-627;f5e4:-361;f5h7:-303;f5g6:-294;f5c8:-247;f5e6:-241;f5d7:-221;c7b6:-194
q1rr1k1b/1pnp1N1p/p2b4/2p1pPp1/8/P1PBP3/1P1P3n/QBRRN1K1 b - - 0 12,opening,f8f7,-214,f8f7:-214;e5e4:95;d6e7:144;c5c4:159;h2g4:168;c7e8:185;a8b8:205;b7b5:205
2rb2b1/r4p2/5kq1/1pp1p1pp/PPnpP1Pn/3Q1P1P/N2P1B2/RR1B1K2 b - - 1 22,opening,f6g7,-387,f6g7:-387;h5g4:-347;g6h7:-339;g6h6:-336;c5b4:-307;d8e7:-306;d8b6:-304;a7b7:-297
bnqr1kr1/2p2p2/pp1pp1np/P5pP/2b1P3/1PP3P1/3P1P2/BNQRB1RK b - - 0 12,opening,a8e4,-624,a8e4:-624;g6e5:-585;e6e5:-578;c4d3:-497;c4b3:-484;b8d7:-483;c4e2:-458;f7f5:-396
kr1bbr2/1p1p1p2/3n1n1p/p4p2/2p1p2P/P1P5/R3PPP1/3KBRNB b - - 3 21,opening,d6b5,-577,d6b5:-577;f6d5:-576;b8c8:-572;d6c8:-572;a8a7:-571;d8b6:-566;f8g8:-566;d8c7:-566
knr1qrb1/3ppp2/p1pn1bp1/4N2p/1pP3PP/PP6/2RPPP2/KN2QRBB b - - 4 12,opening,f6e5,-259,f6e5:-259;d6c4:-20;h5g4:108;d6b7:151;f6h4:156;f6g7:178;f6h8:181;d6f5:182
k1rbrnq1/pppp1p1p/2n2bp1/4p3/3P4/PP2P1PP/2P1RP2/KNRB1NQB b - - 0 7,opening,e5d4,-131,e5d4:-131;f6g7:-43;f6h8:-33;c6a5:-31;c6e7:-31;d7d5:-8;c6b8:6;a8b8:54
2n1rr1n/p1p1pkpp/3p1p2/3q1P2/2n1P2P/1p1P1RP1/PPP5/1Q1NR1KN w - - 0 13,opening,e4d5,172,e4d5:172;d3c4:15;d1f2:-104;d1e3:-213;f3f4:-294;f3f2:-299;a2b3:-304;c2c3:-323
qnk2rnb/1ppp1p2/4r1p1/2b4p/pPPPp3/P4P2/2BRPRPP/QNK3NB b - - 0 12,opening,e4e3,-661,e4e3:-661;c5d4:-392;b8c6:-276;a8a7:-262;c5b4:-228;g8h6:-137;f8e8:-124;f7f5:-86
brqkr1b1/pp2pp1p/6p1/3p4/PP6/1Rb2P2/2PPPBPP/2QKRB1B b - - 3 9,opening,c3g7,286,c3g7:286;c3e5:300;c3h8:300;c3f6:316;d5d4:362;c3b4:441;b7b5:465;c8d7:468
b1qrbr1k/2pppppp/1p2n3/1N6/p2P4/5N2/PPn1PPPP/B1QRB1RK b - - 1 9,opening,c2a1,-234,c2a1:-234;c2e1:-205;d7d6:-161;a8e4:-157;a8f3:-146;d7d5:-124;c8a6:-113;c7c6:-64
rbnqknbr/p2p1ppp/2p5/1p2p2P/5PP1/4P3/PPPP4/RBNQKNBR w - - 0 6,opening,a2a4,88,a2a4:88;h5h6:86;c2c3:82;d1e2:62;c1e2:60;c1d3:59;f1g3:58;d1f3:52
b1b1r2b/k3b3/p1pr3p/1p1p3Q/1P1PpP2/PBP1P1q1/1BK3PP/2BRR2B b - - 0 18,opening,g3g7,6,g3g7:6;g3g8:10;g3g6:18;g3f2:263;g3h4:361;c8g4:380;g3e1:444;g3g4:463
1nrb4/1ppq2kp/1n2r3/p2p1pp1/2PPP1PP/1P3B2/Pb3Q2/1NRKR2B b - - 8 16,opening,f5e4,-366,f5e4:-366;b2c1:-320;d5e4:-311;f5g4:-268;b2d4:-234;e6e8:-204;e6h6:-194;b6c4:-171
qbr1nrbk/2ppp2p/pp3p2/2N3p1/3PP3/6PP/PnP2PK1/QB1RNRB1 b - - 1 11,opening,b2d1,-483,b2d1:-483;b6c5:-299;g8c4:-251;b2c4:-208;e8g7:-175;e8d6:-167;b8a7:-161;d7d5:-146
bkbrbr1q/pppp2pp/4p3/3b1p2/P7/2P5/1PKPPPPP/B1BRBRBQ w - - 0 4,opening,d2d3,-109,d2d3:-109;b2b3:-148;f2f3:-179;c3c4:-248;a4a5:-261;d2d4:-274;h2h3:-304;h2h4:-307
kn3rrn/1pqpp3/1np4p/p4pp1/P1PPn1P1/1PN5/K3QP1P/2N1NRRN w - - 0 15,opening,c3d1,-81,c3d1:-81;c3b1:-105;e2b2:-122;c3e4:-126;e2e3:-128;e2d3:-132;e2c2:-179;a2b2:-251
nq2rr1n/p2pkp1n/2pnp1p1/1p2P2p/2PP4/Q6P/PP1K1PP1/N1N1RRNN b - - 1 12,opening,b5c4,209,b5c4:209;e7d8:247;c6c5:317;f7f5:358;a7a5:364;h5h4:367;g6g5:371;f7f6:371
n1nbr1rb/k1p1q1p1/4ppB1/7p/p2PP3/2P2PP1/PP5P/NKNBRQ1R b - - 1 11,opening,a4a3,536,a4a3:536;a8b6:544;c7c5:550;e7d7:560;c8b6:570;c8d6:590;c7c6:594;e6e5:618
k3rbqb/2p1pp2/3r2pp/1pQ4b/P2PP2B/1p3P2/1BR5/K3RB1B b - - 0 19,opening,e7e5,467,e7e5:467;e8c8:509;h8e5:515;h5f3:533;f8g7:588;c7c6:619;f7f5:664;h8f6:717
qbb1rkbr/1pp1bpp1/p2p4/4p2p/2P2P1P/PP1P4/Q3PBP1/1BBBRK1R b - - 0 9,opening,c7c5,85,c7c5:85;e5f4:87;b8a7:94;e7f6:96;f7f6:96;c8g4:101;c8d7:111;b7b5:111
bbqbk1rb/ppp1prpp/5p2/3p4/3P1Q2/7P/PPP1PPP1/BB1BKRRB w - - 2 4,opening,g2g4,53,g2g4:53;f4c1:53;c2c4:49;f4d2:37;g2g3:-13;c2c3:-15;b2b4:-32;f4e3:-55
n1krbrbn/pp1ppp2/3q2pp/2p5/8/PP6/1QPPPPP1/N1KRBRBN w - - 2 7,opening,b2h8,208,b2h8:208;d2d4:102;c2c4:38;f2f3:36;a3a4:34;f2f4:32;h1g3:31;b2g7:14
rnnkr1nn/pppppqpp/8/5p2/6P1/1P3P1N/P1PPP2P/RNNKRQ1N w - - 1 5,opening,g4f5,75,g4f5:75;c1d3:55;b1c3:51;f1g2:42;c2c4:41;a2a4:32;h1f2:31;e2e3:29
2kqrnrb/nbpp1p2/pp2p3/3N2pp/2PPP3/6PP/PPQ2P2/BNK2RRB w - - 0 10,opening,d5e3,-220,d5e3:-220;d5b4:-224;d5c3:-226;d5b6:-299;b2b4:-324;b1a3:-334;d5c7:-335;e4e5:-335
rnn1r1nn/pkp2ppp/1p6/3p4/2P4Q/PP2P3/1N1PN2P/RN1KR3 b - - 3 14,opening,c8d6,538,c8d6:538;b8c6:540;g8f6:540;h8g6:544;d5c4:544;b8d7:551;c8e7:554;b8a6:568
1q1bkb1r/1bp5/pp2pp2/1b1p1P1P/P2P3P/2P3rB/1P2P2R/BB1K1Q2 b - - 5 20,opening,b5a4,-457,b5a4:-457;h8g8:-447;e6e5:-416;c7c5:-413;d8e7:-386;c7c6:-380;b5d7:-379;b5c4:-374
rnbb1r2/p1p2q1p/3pp1kn/1N3pP1/3P1P2/P6P/RPP1P1K1/3BQRN1 w - - 0 13,opening,g5h6,-21,g5h6:-21;c2c4:-92;d4d5:-102;e2e3:-106;e2e4:-112;b2b3:-137;a2a1:-138;g1f3:-150
n1r1q1rn/ppnp1kpp/n1p1p3/4Qp2/3P4/PP6/2P1PPPP/NN1RNKRN w - - 6 9,opening,h2h4,-7,h2h4:-7;e1d3:-40;c2c4:-43;b1d2:-46;e5e3:-55;g2g4:-59;g2g3:-62;e5g3:-65
n1r1qnk1/pp3p2/n2rp3/2p3pp/P1P2QPP/1P1p1PN1/2NP1P2/NNRR2K1 w - - 0 21,opening,f4d6,538,f4d6:538;f4g5:467;f4e5:419;f4e3:328;h4g5:326;f4f6:303;f4e4:231;g3h5:-127
rknnrnqn/pppp2p1/4p2p/5p1N/8/1N6/PPPPPPPP/RK1NR1QN w - - 0 4,opening,f2f4,-49,f2f4:-49;d2d4:-50;g2g4:-51;e2e3:-55;a2a4:-66;f2f3:-71;d1c3:-88;d2d3:-101
kn4rr/1p1pQppn/p1p5/nn2P2p/Pq5P/N4N2/KPPP1PP1/5RRN w - - 1 18,opening,e7b4,736,e7b4:736;e7f7:-386;a4b5:-722;a3b5:-738;f1b1:-751;b2b3:-754;e7d7:-756;h1g3:-773
rnn1rq2/pp1ppppp/3k2n1/2p5/4P3/1PP2nNP/P2PKPP1/RNN1RQN1 w - - 5 9,opening,g1f3,506,g1f3:506;e2f3:420;g2f3:417;g3f5:412;e4e5:173;e2d1:-200;e2e3:-200;b1a3:-398
1n1nq1rn/k1r1p2n/pp4p1/PPpp1p1p/2N2P2/2PP3P/K1N1P1P1/2RNQ1RN w - - 0 16,opening,a5b6,499,a5b6:499;c4a3:133;c4b6:120;d1e3:85;c4e3:82;c4e5:34;c4b2:30;d1b2:-21
3rkqnn/1p3ppp/r3p3/P1pp4/2P1PPP1/2PN3P/P3NK2/RN3Q1N w - - 0 16,opening,e4d5,238,e4d5:238;e4e5:234;c4d5:231;f1d1:211;e2g3:197;f1g2:155;b1d2:138;f4f5:89
1b1brbrk/pqppp2p/6p1/1p2Pp2/7P/6P1/PPPP1P2/BBQ1RBRK w - - 0 9,opening,f1g2,39,f1g2:39;h1h2:4;g1g2:-3;f2f3:-109;e1e4:-369
r2krqnn/1ppppp1p/2nnN3/p7/P1P4P/5P2/1P1PP1P1/RNNKRQN1 b - - 2 8,opening,f7e6,-384,f7e6:-384;d7e6:-256;d8c8:600
rk2b2r/1ppnpn2/3B1pp1/P3q3/2PpP1P1/P2Pb2P/K3NQ2/R1N2B1R w - - 5 19,opening,d6e5,20,d6e5:20;f2e3:-94;e2d4:-505;d6c7:-520;f2e1:-521;c1b3:-531;a1b1:-535;f2g2:-539
1n1bbrk1/2p1ppp1/r6p/1pP5/pP1p4/P3P1N1/3NqBPP/R4RKQ w - - 0 15,opening,g3e2,552,g3e2:552;f1d1:-109;d2f3:-168;d2b3:-204;d2e4:-210;a1d1:-226;a1a2:-240;e3e4:-370
2q3Br/1bpp2kp/5b2/p1P1p3/1p3P2/3P3P/PP2PP2/B1B1KB1R w - - 1 20,midgame,h1g1,-253,h1g1:-253;g8d5:-365;e2e4:-368;g8h7:-372;g8b3:-381;c5c6:-391;f4e5:-394;g8c4:-403
1bknr1rb/p2npppp/q1Bp4/1p6/N4P2/4P1P1/PPPP3P/QBK1RN1R b - - 2 9,opening,a6c6,-483,a6c6:-483;d8c6:-427;b5a4:-252;a6a4:-225;g7g6:-63;g7g5:-55;d8b7:-50;e7e6:-49
1nrbrkqb/ppp1p1p1/3p4/8/n4pK1/P3PB1P/1PPP1P1Q/NNR1R2B b - - 2 12,opening,g8e6,-560,g8e6:-560;g7g5:-126;e7e5:-99;b8d7:2;g8f7:51;c7c6:79;g7g6:101;e7e6:188
n2k1r2/n2pp1r1/3n1p1p/p1pN2P1/7P/1P1P1PQR/2P2qN1/N2K2R1 b - - 4 23,opening,f2g1,-526,f2g1:-526;f2d4:-283;d6e4:-168;f2g3:-154;f2g2:444;g7g5:498;a8c7:543;a8b6:554
kr1nqrnn/p1pppp2/1pn2Qp1/7p/6P1/N1P2P2/PP1PP2P/K1RN1RNN b - - 3 6,opening,e7f6,-749,e7f6:-749;g8f6:-746;d8e6:-8;g6g5:127;b6b5:182;g8h6:195;a8b7:196;d7d5:220
rn2kbn1/p1ppp1p1/1p3r2/5n2/NP5p/3P1PP1/q2NP2P/R1NQKB1R w - - 7 17,opening,c1a2,491,c1a2:491;a1a2:466;c1b3:337;d2b3:275;a1b1:-113;a4b6:-236;g3g4:-400;e2e4:-400
kb1rBr2/1pp1p1p1/2np1p1p/p4b2/2P1P2P/3q3N/PP1P1P2/K1BNQR1R w - - 1 13,opening,e4f5,362,e4f5:362;e8c6:300;h3f4:228;e1e3:-69;f2f3:-192;d1c3:-210;f1g1:-233;h3g5:-259
r2qk1nr/pn2p1b1/1pP2ppp/P3p2P/8/2P2PPb/3P1K2/RNBQ2NR w - - 0 22,opening,c6b7,457,c6b7:457;h5g6:42;g1h3:34;a5b6:10;d2d4:-19;a5a6:-45;b1a3:-46;c6c7:-66
k3r1rn/1p2N2p/1ppqp1p1/n2p4/1n4PP/3N4/PPPn1P2/K3RQRN w - - 2 23,opening,d3b4,-753,d3b4:-753;a2a3:-781;e1c1:-798;b2b3:-830;a2a4:-853;c2c3:-99999;c2c4:-99999;f2f3:-99999
2br1b2/1r1pp1q1/5k1p/ppp1bp1b/2QPPBp1/6PP/PPP2P2/RB1R1BK1 w - - 1 16,opening,f4e5,435,f4e5:435;d4e5:383;c4c5:197;c4d5:160;h3g4:-273;f4g5:-318;f4h6:-332;e4f5:-382
rq1nnkrn/p3ppp1/1n6/1p1N3p/2p5/1P1P4/PQP1PPPP/R1N1NKRN b - - 0 7,opening,b6d5,-320,b6d5:-320;c4d3:-56;h8g6:29;h5h4:36;e8d6:60;f7f6:74;g7g5:77;e8f6:79
krb2rq1/p2p2pp/1p4n1/2p1ppB1/5P1b/2PPP1N1/PPB2QPP/KR2NR2 w - - 0 12,opening,g5h4,486,g5h4:486;e1f3:445;c2b3:441;c3c4:414;b1d1:397;f2d2:395;b2b3:391;c2d1:389
nk1bqbnr/1pr1p1pp/p1pp1p2/2N5/1P1P1P2/8/P1P1P1PP/1KRBQBNR w - - 0 6,opening,c5e6,156,c5e6:156;c5d3:-103;c5b3:-122;c5a4:-167;c5a6:-179;c2c3:-214;e2e4:-217;e2e3:-226
bqrbrbkb/p1pppp2/8/1p4pp/3P3P/PP6/1QP1PPP1/B1RBRBKB b - - 1 5,opening,c7c5,-177,c7c5:-177;e7e5:-126;g5h4:-124;e7e6:-121;h8g7:-116;f8g7:-106;b5b4:-86;g5g4:-80
bnrq1b2/1pp2p2/prk1p1P1/2P4p/4nP2/1PQ5/PB1PB3/2R1K1NR b - - 1 23,opening,e4c3,-313,e4c3:-313;b6b3:163;b6b5:178;f8g7:206;f7f5:275;d8d5:298;f8c5:326;b8d7:376
n1rn3n/1p1pkrp1/pnp4p/2P1p3/P5P1/1N1p1P1P/1P6/1R1NKQRN b - - 0 17,opening,b6d5,446,b6d5:446;d8e6:453;b6a4:457;e5e4:465;h8g6:487;d3d2:502;b6c4:531;d7d5:532
1r2rb1b/q4k1p/1pb1p3/2pp1pp1/1pPP1P1P/PRB1P1Q1/5KP1/3B1B1B b - - 1 23,opening,b4c3,-413,b4c3:-413;g5g4:-329;h8g7:-329;f8g7:-328;f7g8:-312;f7e7:-304;f8h6:-303;a7e7:-300
qkbrrb1n/pp2p1pp/2p2p2/1B1p3P/3n4/P3PN2/KPPP1PP1/Q1BRR2N b - - 1 7,opening,d4b5,-504,d4b5:-504;d4f3:-490;d4c2:-460;c6b5:-139;c8g4:-116;d4f5:-110;h8f7:-83;b7b6:-39
kr2r1b1/2pb4/1p2pp1p/1Q1b1bB1/p1PPRq1P/6B1/PP3P2/BK3RB1 w - - 1 23,opening,b5a6,99999,b5a6:99999;g5f4:-381;b5d5:-423;b5a4:-477;g3f4:-539;b5c6:-564;b5a5:-588;b2b3:-870
1nk1rrn1/1pbpppb1/8/pq3P1p/1P5P/3QP1P1/P1PPB1B1/1NK1RRN1 w - - 5 16,opening,d3b5,834,d3b5:834;c2c4:173;e2f3:168;a2a3:153;d3b3:139;e2h5:133;e1d1:131;g2f3:128
qrk2r1n/1p1p1p2/3P1np1/2p4p/p1P1NP1P/PN2P3/QP1K3P/R3R1n1 w - - 0 22,opening,e4f6,43,e4f6:43;b3c5:-218;e4g5:-284;a2b1:-322;e4f2:-353;e4c5:-355;e4g3:-367;e4c3:-370
bkr1qb1r/pp1pp1pp/2p2p2/b4b2/P1B2P1P/4P1P1/1PPP4/BKRBQ1BR b - - 2 9,opening,d7d5,-97,d7d5:-97;f5e4:-81;b7b5:-65;c6c5:-22;e7e6:5;e7e5:29;f5g6:46;b7b6:54
kqrbb1rb/4p1b1/3p1p1p/ppp5/4P1p1/3P2P1/PPP1BP1P/KQR1BBRB w - - 0 10,opening,e2g4,67,e2g4:67;e4e5:10;d3d4:-17;a2a4:-66;c2c3:-69;a2a3:-122;f2f4:-122;h2h3:-133
r4bkq/1pb1rpp1/p1pp3p/Pb2p3/1PB1P3/R4b1P/2PP1PQK/2B1BB2 b - - 3 17,opening,f3g2,-754,f3g2:-754;f3e4:-542;b5c4:-442;d6d5:-433;h8h7:-404;f3h5:-377;f3d1:-346;c7a5:-280
2b1rk1b/p1pp2p1/2b1p3/PpP3pp/5B2/4PB2/1PP1BP1P/B1R1bK2 b - - 0 14,opening,c6f3,-170,c6f3:-170;e1d2:-167;g5f4:-63;e1a5:-33;g7g6:58;e6e5:87;e1b4:92;f8f7:137
b1bbrrkb/p2p2pp/2p1pp2/1p5B/1q1PP3/P3R3/QPP2PPP/B1B2RKB w - - 0 9,opening,a3b4,655,a3b4:655;h5f7:457;h5e8:404;b2b3:241;c2c4:220;c2c3:189;g2g3:185;f1d1:171
q2nrrkn/1p1p1pp1/p5n1/2p1p2p/Pn2N3/3PP3/1PP1RPKP/QNN2R1N w - - 0 13,opening,g2g1,-330,g2g1:-330;c2c3:-345;h1g3:-351;e4f6:-354;f2f3:-365;f1g1:-374;c1a2:-391;b1d2:-395
bbr2n1r/pppkppB1/1Pqpn3/7p/P3P2P/2P1NP2/1Q1PK1P1/1B1R2RN b - - 0 15,opening,e6g7,-98,e6g7:-98;h8g8:246;h8h7:280;e6f4:286;c7b6:343;c6a4:343;f8g6:347;a7b6:366
kb1r4/q1np1pp1/1pp4r/p3pN1p/PPPbPn1P/Q4P2/2N3P1/1BR1KB1R w - - 0 21,opening,c2d4,26,c2d4:26;g2g3:-134;f5h6:-143;a3b3:-158;b4b5:-196;c4c5:-201;f5d4:-213;e1d1:-223
brk2rbn/pp2p1pp/2p1n1q1/3p1p1N/4P3/4N1P1/PPPP1P1P/BRK1QRB1 w - - 2 6,opening,e4f5,173,e4f5:173;h5f4:122;b2b3:87;b2b4:77;f2f4:77;e1d1:17;f2f3:16;e4d5:-1
1rb3r1/pp1ppk1b/2p3p1/7p/3PPP1b/R1P5/PP2K1P1/RBB2B2 b - - 0 17,opening,g6g5,17,g6g5:17;d7d5:18;d7d6:66;a7a6:106;b8a8:126;g8d8:127;g8f8:130;g8h8:139
1b1rb2b/1bp1prp1/p6k/4Qp1p/1PpB2P1/P1R2P2/B2PPBBP/1qR4K w - - 3 21,opening,f2e3,651,f2e3:651;a2b1:634;c1b1:633;g4g5:625;e5e6:588;d4e3:547;a2c4:545;e5e3:525
q1rr2nn/ppn1pppp/2k1n3/2pp4/2P2PP1/1P6/PK1PP2P/QR1RNNNN b - - 4 10,opening,e6f4,-112,e6f4:-112;d5c4:14;c6d7:16;g7g6:58;b7b6:59;e6f8:72;c6b6:74;a7a5:106
k1rr1q1b/1pb1p1pp/n4p2/pNpp2P1/4PnB1/1PP4Q/P1RP3P/K3RN1B b - - 1 16,opening,f4h3,-476,f4h3:-476;a6b4:-282;f6f5:-155;c7e5:-88;f8e8:-73;h7h5:-66;g7g6:-56;d5d4:-49
k1r1rnq1/3np1pp/p1p1n2N/1p1pp3/5n1P/2PPQP2/PP3NP1/KNRN1R2 w - - 0 13,opening,h6g8,500,h6g8:500;e3f4:-121;g2g3:-238;h6f5:-329;h6g4:-345;c3c4:-395;f2g4:-422;e3d2:-424
k2nrq1n/p1r1ppp1/n2p2n1/1pp4p/PP3P2/2NPP1PP/2P2N1Q/KN1RRN2 b - - 2 11,opening,a6b4,70,a6b4:70;c7b7:109;d8b7:124;c5b4:139;d8c6:139;b5a4:147;c7c8:147;f7f5:158
nk5r/4r1bn/pp5p/1b1qp1N1/N1p2P1p/1PP1P1P1/PB1P4/1K1QR1R1 b - - 2 21,opening,h7g5,-474,h7g5:-474;b5a4:-459;h6g5:-446;c4b3:-422;e5f4:-412;d5d3:-410;e5e4:-370;h4g3:-363
2b1rkb1/3p1p2/pp3Bpr/2P4p/1p2PP2/1B1P4/Pb4PP/1BR2KBR w - - 3 17,opening,f6b2,755,f6b2:755;g1d4:538;f6g5:500;c5b6:462;g1e3:382;e4e5:375;b3d5:368;h2h4:344
1k1brbrb/b1pqppp1/2pp3p/2Q2B2/1pPP2P1/5P1P/P3P1B1/2KBR1R1 w - - 0 15,opening,c5b4,588,c5b4:588;c5a7:256;f5d7:166;f3f4:46;e2e3:19;d1c2:-50;c1b1:-121;c5b5:-139
rqbk1rnb/ppppppp1/8/7p/2P4n/8/PP1PPPPP/RQBKNR1B w - - 1 5,opening,g2g3,-262,g2g3:-262;d2d4:-298;b1e4:-309;b2b4:-331;b2b3:-332;f2f4:-332;h2h3:-343;b1c2:-358
qbrn1brn/p1k3p1/5p2/1ppp1B2/P6N/2PPp3/1P2PPPP/Q2RKBRN b - - 1 14,opening,g7g5,254,g7g5:254;a8b7:297;b5b4:304;g7g6:305;a7a5:328;h8f7:331;a8c6:348;c7b6:350
qbrrnknb/1ppp2p1/5p2/p3p3/1P2B2p/2P2P2/PQ1PP1PP/2RRNKNB b - - 1 7,opening,c7c6,-55,c7c6:-55;g8e7:-55;g7g5:-33;a5b4:-12;a8a7:10;e8d6:18;b8a7:21;g8h6:25
k1rn1rbb/ppp1pp2/2qp1npp/5P2/7Q/NPP1N3/P2PPRPP/1KR3BB b - - 0 9,opening,g6f5,50,g6f5:50;g8h7:52;h8g7:52;f8e8:58;c6e4:69;h6h5:79;c6e8:133;f6h7:195
kbnr1nqr/ppp1p1pp/3p1p2/1b6/3P4/2B1N3/PPP1PPPP/KBNR2QR w - - 2 4,opening,d4d5,15,d4d5:15;h2h4:-9;f2f3:-12;c3b4:-22;c3e1:-25;g2g4:-33;a2a3:-34;c3a5:-37
q1k1n1rr/pppppNp1/3n2np/5p2/1nN3P1/2PP4/PP2PP1P/Q1NK1NRR b - - 5 8,opening,d6f7,-87,d6f7:-87;d6c4:236;b4d5:237;g6f4:256;b4c6:257;b4d3:262;b7b5:291;f5g4:305
3rbnrk/p2p1pp1/n1q1pQ1p/1pp2b2/1P1P3P/N1P2PB1/P2RP1P1/B4NRK w - - 2 13,opening,f6d8,451,f6d8:451;f6e7:270;d4d5:115;f6e5:-16;g3e5:-337;c3c4:-349;f6h6:-363;d4c5:-366
rkqbrb2/ppppp1bp/6p1/3b1p2/P4P2/1P5P/2PPP1P1/RKQBRBBB w - - 1 6,opening,c2c4,-158,c2c4:-158;a1a2:-158;c2c3:-165;g1f2:-191;d2d4:-200;e2e3:-204;b1a2:-208;e2e4:-220
rbqbn1kr/2pppppp/1p5n/p7/3P2P1/1PPN3N/P1B1PP1P/RBQ2K1R b - - 0 7,opening,h6g4,10,h6g4:10;c7c5:31;d7d5:41;e7e6:102;d7d6:112;c7c6:117;a8a7:141;a5a4:143
4rkrn/Npp2q2/1n1p3p/2P1ppp1/3P4/1R1P3P/nPQ2PP1/1N2NKRN w - - 0 20,opening,c5b6,415,c5b6:415;c5d6:313;d4e5:295;b1c3:295;h1g3:286;b1d2:284;a7b5:278;g2g3:244
2nkrr2/1ppnqpp1/p1n1p3/3p3P/1P1P1P1P/4P3/PNP1K3/N3NRQR w - - 1 17,opening,a2a3,-104,a2a3:-104;c2c3:-132;e1d3:-168;e1f3:-186;a1b3:-190;c2c4:-197;a2a4:-203;g1g5:-203
1bbkqbr1/pb1p3r/5pp1/1pp1p2p/3PPP1P/6P1/PPPK3R/BBB1QB1R w - - 0 10,opening,d4e5,-209,d4e5:-209;d2d1:-222;f4e5:-230;d4d5:-231;b2b3:-234;d4c5:-249;f1b5:-266;b2b4:-281
3rknrn/1qppn1p1/p6p/1p2Q3/n5PP/2P1pP2/1P1P1R2/N1NRKN1N w - - 1 13,opening,d2e3,-94,d2e3:-94;e5e3:-215;f1e3:-233;f2h2:-308;f2e2:-329;f2g2:-422;e5h5:-473;b2b3:-490
bk4br/pr1B1b2/3b3p/2p3B1/Pp1q1p1P/QPP1P1P1/K4B2/3RB2R b - - 2 19,opening,f7b3,-1273,f7b3:-1273;d4d1:-994;b4a3:-549;b7d7:-497;d4e4:-455;h6g5:-440;d4g7:-411;d4e5:-328
1qnrrbkb/ppp1ppp1/1n5p/2Np4/8/1P5P/P1PPPPP1/NQ1RRBKB b - - 3 4,opening,e7e5,-110,e7e5:-110;a7a5:-95;h6h5:-78;g7g6:-67;c7c6:-64;e7e6:-56;c8d6:-49;g7g5:-32
1r1brbk1/p1p1p3/qpp1b1p1/P1P5/B2b1ppP/8/1P1PPP1K/BR1QRB2 b - - 1 12,opening,d4f2,-316,d4f2:-316;a6c8:-304;g4g3:-295;a6c4:-260;b6b5:-239;d4g7:-215;a6b7:-212;d4c5:-211
n3k1br/1p2ppnp/p6r/2pp2pN/P1q2P2/4P2P/1PNP1K1P/Q1BR2BR b - - 2 16,opening,g7h5,-345,g7h5:-345;h6h5:-343;c4c2:-229;g7e6:-225;g7f5:-219;g5f4:-160;e8d7:-124;d5d4:-4
1k2q1bb/pp1p1p1p/rr3Pp1/4p2P/5BP1/N3N3/2PPP2n/K1nRQ2B w - - 2 19,opening,e3c4,-579,e3c4:-579;f4e5:-99998;h1d5:-99998;c2c3:-99999;d2d3:-99999;g4g5:-99999;h5h6:-99999;c2c4:-99999
q3rr1n/n1p2pk1/2n2N1p/1p2p2P/2Pp2p1/NN1PP1P1/PP1R1P2/1Q3RKN w - - 4 21,opening,f6e8,479,f6e8:479;a3b5:432;c4b5:405;b1d1:392;f6g4:379;f6d7:370;f6d5:367;e3d4:348
qr2nbk1/p4p2/3pp1pr/2p2b1p/p2QP3/Bn1B1PPP/2PPK3/2RNN2R b - - 1 14,opening,b3d4,-851,b3d4:-851;b3c1:-827;c5d4:-651;d6d5:-377;b8b4:-346;h5h4:-339;g6g5:-339;e6e5:-314
rbrb1qbk/ppp2p1p/4p3/6p1/P1PPp2P/b7/BP2BPP1/R1RQ1BBK b - - 0 8,opening,a3b2,-260,a3b2:-260;a3b4:-162;a3e7:-146;f8h6:-122;f7f5:-100;c7c5:-98;f8g7:-50;d8f6:-25
bqkbr1b1/pp1pppb1/B3P3/2p3pr/7p/8/PPPP1PPP/BQKBR1BR w - - 2 7,opening,e6d7,412,e6d7:412;a6b5:304;a6f1:255;a6d3:255;a6c4:245;a6e2:243;d1h5:231;b2b3:213
rr1b1nqk/p1p2p1p/1p1p1np1/4N1B1/7P/P2P4/1PP1PPK1/RR1B1NQ1 b - - 3 9,opening,d6e5,81,d6e5:81;f6h5:373;h7h6:390;f8e6:409;f6d5:425;c7c5:453;f6d7:454;g8g7:460
2rrqnkn/pppn4/1n1pppp1/7p/4N2N/2N5/PPPPPPPP/N1RRQ2K w - - 0 8,opening,d2d4,-79,d2d4:-79;d2d3:-91;a1b3:-98;e4g3:-99;b2b4:-102;h4f3:-103;e2e3:-117;f2f4:-119
k2bbrqb/4B3/r4p1p/pB4P1/P3p3/1PP2P2/1K1P2P1/2RB1R1B b - - 0 18,midgame,d8e7,-319,d8e7:-319;e8b5:-304;a6e6:-206;f8f7:-160;a6b6:-133;f6g5:-121;a6a7:-111;a8a7:-106
knrbrn2/1pppp2p/B6q/4P1p1/1P4P1/N1P2pQ1/P3PP1P/K1RBRN2 b - - 0 11,opening,h6a6,98,h6a6:98;b8a6:195;b7a6:253;d7d5:403;f8g6:414;h6g7:422;c7c5:424;f8e6:443
1nrq1k1r/3p1pp1/p3pNn1/1ppn1P1p/PP5P/1N1P2P1/4P3/1NRQKR1N w - - 0 20,opening,f6d5,468,f6d5:468;f6d7:275;f6h7:261;f5g6:258;d1d2:237;f6e4:227;f1f2:166;b3c5:153
1qrnk1br/3pp1bp/pnp2p2/1P4p1/PP1PQ3/4NP2/4P1PP/N1R1KBBR b - - 0 10,opening,c6b5,-134,c6b5:-134;h7h5:0;g8f7:0;d7d5:0;b6a4:0;h7h6:0;a6b5:8;g8e6:52
1brnbk1n/p1pppp2/1p4r1/4P2p/PP4p1/4Qq2/2PP1PPP/1BRNBKRN w - - 5 10,opening,g2f3,604,g2f3:604;c2c4:14;c2c3:-13;h1g3:-15;d2d4:-36;b4b5:-77;h2h3:-78;h2h4:-100
1n1rn1r1/pp2pppq/2k1n3/2ppP2p/2nP4/PNP5/1PR1NPPP/1NK1N1RQ w - - 1 13,opening,g2g3,51,g2g3:51;d4c5:28;b1d2:27;h2h4:10;f2f4:5;b3d2:4;b3c5:0;g2g4:-26
1qk1rbbr/pb4b1/1p2p1p1/3Bp2p/1P1P1P2/2P1B2P/P1QK2P1/B2R3R w - - 2 21,opening,d5b7,-365,d5b7:-365;c2a4:-382;d5f3:-402;f4e5:-408;d4e5:-417;c3c4:-417;d2e1:-423;c2g6:-445
kq1bb1nr/4p1p1/p2p3p/2p1Pr2/1PpBR3/K4PPn/P4N1P/1Q1B1N1R b - - 0 23,opening,c5d4,-406,c5d4:-406;d8a5:-377;a6a5:-334;e7e6:-317;d8b6:-313;f5e5:-305;e8d7:-284;g7g5:-260
nrn1rqn1/3kp3/1ppp3p/4np2/2P1P2P/P4Pp1/3P2P1/R1NKRQ1N w - - 0 19,opening,d2d4,-464,d2d4:-464;e4f5:-480;f3f4:-502;h1g3:-506;h4h5:-536;c1b3:-544;a3a4:-547;c1d3:-557
1kn1r1rn/pbp2p2/1Q1pp1p1/4q3/1P2P1Pp/1Kb2PR1/P2P3P/B2R2N1 b - - 2 21,opening,c8b6,-1009,c8b6:-1009;a7b6:-881;c7b6:-881;c3a1:-868;h4g3:-853;e5d5:-804;e5g5:-786;f7f6:-771
kb1rqr1n/pb1ppppp/1p3n2/2p5/6PP/1PP1P3/P2P1P2/KBBRQRNN w - - 1 6,opening,f2f3,53,f2f3:53;g4g5:26;e1e2:-4;e3e4:-61;h1g3:-83;d2d4:-107;c1b2:-113;c1a3:-127
1nnq2k1/r3p1r1/ppp3p1/3pP1np/P3n1PP/3P1Q2/1PPN1P1N/RN2K1R1 w - - 6 20,opening,h4g5,183,h4g5:183;f3g2:56;f3e3:0;f3h1:-115;f3d1:-146;f3e2:-170;f3f4:-225;d3e4:-396
1kb1br2/4Bp2/ppp1pbpp/2qp2PP/P2P4/5P2/KPP2R2/B3BQ1B w - - 5 22,opening,e7c5,778,e7c5:778;g5f6:773;e7f6:762;d4c5:702;e7f8:596;e1b4:525;b2b3:397;a4a5:387
1kn1brbq/6pp/p2pp3/1r3p2/3pPP1n/1PP1N3/K4BPP/1RBNR2Q w - - 0 19,opening,e3c2,126,e3c2:126;c3d4:117;f2h4:96;e3c4:90;e4e5:75;c1a3:65;c3c4:46;h1g1:-1
nk1q3r/p1p1p2n/3p1bpp/1pN2bPP/P1PP1pB1/5P2/1P2P3/1KBQRNR1 w - - 7 19,opening,g4f5,663,g4f5:663;e2e4:538;c5e4:511;c5d3:451;b1a1:416;b1a2:410;d1d3:-22;d1c2:-220
1brbrqnk/1ppppp1p/1n6/6p1/1p3P2/1N1P1N2/P1P1P1PP/1BRBRQ1K b - - 1 5,opening,g5f4,-262,g5f4:-262;c7c5:-182;e7e6:-180;g5g4:-176;b6d5:-175;b6a4:-168;f8g7:-167;c7c6:-140
1br1kb1r/pqp2npB/3p1p2/1p2pn2/1P1P4/P1P1N3/1Q1NPPPP/2R1KB1R w - - 0 11,opening,h7f5,487,h7f5:487;b2b3:227;e3f5:224;b2a2:208;b2c2:109;h7g6:108;b2b1:90;h7g8:-11
2k4n/p1p1nr1p/qQnpr3/5pp1/P4P2/2N2P2/NPn1P1RP/3KR2N w - - 1 20,opening,b6a6,559,b6a6:559;b6b5:-509;b6g1:-546;b6f2:-566;b6b3:-594;b6c7:-641;b6c6:-651;g2g5:-707
qrkb1n2/3p1p1p/4rb2/ppp1p1pP/2P5/2n1PP2/PPBP2P1/QRK2RNB w - - 0 15,opening,b2c3,-97,b2c3:-97;d2c3:-187;a2a4:-389;c4b5:-440;f3f4:-445;c2f5:-451;f1f2:-452;c2h7:-483
q3bk2/3n1pp1/pprp2p1/P1p4N/1B4P1/Qn1P3r/1PP1PK1P/1B1R4 b - - 9 19,opening,c5b4,-603,c5b4:-603;g6h5:-587;h3h2:-582;a8d8:-564;b3d4:-554;b3a5:-548;d7e5:-509;h3h5:-509
2kr1brn/1qbppn2/1pp3pN/p4p2/2Q3P1/P1PB1NRp/1P1PPP1P/1K1R1B2 b - - 1 15,opening,f8h6,-295,f8h6:-295;f7h6:-274;b6b5:-235;d7d5:-177;c7g3:34;g8g7:34;f5g4:149;f5f4:153
k1rn1nr1/1ppppn2/p1n3q1/5p1p/2P1P1p1/P1NP2P1/1P1NQP1P/K1R2NRN b - - 2 9,opening,c6d4,-273,c6d4:-273;f5e4:-240;f7e5:-167;f7g5:-154;d8e6:-150;f8e6:-146;g6h6:-121;g6g5:-115
nkbr1nrb/pp1p1p1p/6p1/2p1p1q1/1PP5/6NP/PK1PPPP1/N1BQR1RB w - - 0 6,opening,g3e4,-106,g3e4:-106;b4c5:-117;d2d3:-153;e2e4:-155;b2b1:-157;d1b3:-188;a1b3:-196;d2d4:-215
r1n1kb1r/2p3p1/2np3p/p3pp2/P1qNn1P1/8/1P1P1PBP/1R1QK1NR b - - 1 18,opening,c4d4,-601,c4d4:-601;c6d4:-593;c6b4:-530;e5d4:-462;d6d5:-455;c8e7:-412;a8b8:-409;c8a7:-407
qr1k1n2/1pp1pppr/p3bn2/3p2BP/b2P4/P1P2N1P/1P1KPP2/Q1R1BN1R w - - 5 13,opening,g5f6,15,g5f6:15;b2b3:-128;g5f4:-141;f1g3:-150;a1b1:-154;c1b1:-159;h3h4:-173;c3c4:-194
qkrnnbbr/1pp1ppp1/3p3p/p7/6P1/2P2P2/PP1PP2P/QKRNNBBR w - - 0 4,opening,b2b3,15,b2b3:15;e2e4:2;c3c4:-30;a2a4:-40;d2d3:-42;h2h4:-44;e1d3:-45;d2d4:-60
1bbq1b1r/1pp1p3/rk2b2p/p2pQP2/B2P3P/4P3/PPP1KP1R/RBB3B1 w - - 0 17,opening,e5h8,287,e5h8:287;f5e6:242;c2c4:202;e3e4:193;h2g2:169;c1d2:153;h2h1:144;a4b3:124
kqr1b1rb/pBpp1ppp/7b/1B2p3/1b6/4P1P1/PPPP1P1P/KQRBB1R1 b - - 0 6,opening,b8b7,-224,b8b7:-224;a8b7:-108
nq1r1b2/1p1prpbp/pnp3k1/P5p1/2QNp1PP/8/1PPPPP2/N2RRBKB b - - 0 14,opening,b6c4,-591,b6c4:-591;b8f4:-65;b8e5:-16;h7h5:48;g5h4:101;b8h2:121;b8g3:155;h7h6:160
1Br1kbnr/2b1pppp/1p6/pp1b2N1/3PpP2/3P2P1/P6P/RBQ1KBR1 w - - 1 20,opening,d3e4,796,d3e4:796;b8c7:686;g5f7:642;f1h3:618;a2a3:609;f1g2:602;e1e2:590;e1d1:586
nn2k1r1/rp1qpppp/p4n2/2pp3n/1P4P1/NN1PP3/PQP5/R3KNNR b - - 2 13,opening,c5b4,-244,c5b4:-244;d7g4:-214;c5c4:-189;f6g4:16;g7g5:45;b7b5:51;b8c6:56;d7c7:74
1bkrn1rn/1pp2p1p/q5p1/p1bpp3/3P4/PP2P1N1/2P2PPP/QBKRNBR1 w - - 2 7,opening,f1a6,594,f1a6:594;d4c5:385;f1e2:350;e1f3:327;d1d2:316;g1h1:296;b3b4:258;g3h1:212
n1rnkr1q/n1ppp2p/p4p1n/1p6/3PPp2/1NP1N2P/PPN3PQ/1R2KRN1 w - - 0 11,opening,h2f4,190,h2f4:190;f1f4:180;e3f5:155;e3d5:105;e3g4:100;e3d1:34;g1e2:-229;g2g4:-243
3rk1rn/1n1p2p1/qb2p3/pPp3p1/2PP1b1p/1PN1PB2/2B2P1P/Q1RN1KR1 b - - 2 21,opening,a6a7,381,a6a7:381;a6a8:433;c5d4:626;f4h2:637;f4e3:658;g8f8:662;g5g4:693;h4h3:699
1r3rkq/2pb1pp1/2n2B1p/pP3p2/2pPn3/4P2P/1P2N1P1/2RB1RKQ w - - 3 19,opening,b5c6,210,b5c6:210;h1h2:-93;e2c3:-123;f6h4:-128;d1a4:-129;d1c2:-135;g2g4:-153;c1c4:-170
r1kb2qb/1p2r1pp/p1pPp3/Q7/1P3P1b/1b6/P1BPPB2/R1KB2RB b - - 2 21,opening,d8a5,-261,d8a5:-261;h4f2:-191;e7d7:-110;b3c2:-99;g7g6:-59;e7f7:-24;g7g5:25;b3c4:115
knrnrn1n/p2p2pp/2p3q1/1p2Pp1P/1P6/3RN3/PNP1PPP1/KNR2Q1N w - - 6 12,opening,h5g6,790,h5g6:790;h1g3:321;e3c4:312;c2c4:306;g2g4:300;f2f4:299;b2c4:264;a2a4:244
qrb1b2r/1p3NQp/4k3/2pp2P1/pn6/PP2p3/1BPB3P/R1K2N1R w - - 0 20,opening,g7f6,99998,g7f6:99998;g7e5:99997;g7h6:99996;f7d8:99994;a3b4:869;f1e3:866;d2b4:781;g7h8:764
2qrbrk1/pb1p2p1/4n3/np2pp1p/2N2P2/PP2P2P/1BP2BP1/1NQR2RK w - - 2 15,opening,c4d6,327,c4d6:327;c4a5:314;c4e5:160;c4d2:-4;b2c3:-48;f2e1:-66;b2e5:-69;c1d2:-80
n3r2b/k4p1p/p7/1pp1p1rN/2P1Pp1P/PK3Pq1/2P3P1/1R1nRQ1B w - - 5 23,opening,h5g3,345,h5g3:345;h4g5:252;e1d1:56;f1g1:22;f1d3:-115;c4b5:-130;b1d1:-169;a3a4:-180
1rq1n1rn/1pp1p1kp/p7/3p1pPp/2PR1P2/1P6/QN1PP1P1/2N1NK1R b - - 0 14,opening,h7h6,432,h7h6:432;e8d6:440;c7c6:472;h8f7:481;c7c5:481;h5h4:482;d5c4:483;h8g6:484
qbnr1r2/Bppp2pk/p2n4/4p2p/P1P1PpbP/3P1P2/1P2N1P1/QB1RNR1K b - - 0 10,opening,a8a7,-141,a8a7:-141;b8a7:-24;c8a7:59;g4e6:152;c8e7:215;d6c4:221;d6f7:228;g4f3:263
1b1q1nbr/r4p1p/1pppk3/p3p1p1/P3PnP1/RPPPN3/N2K3P/1B1Q2BR b - - 3 13,opening,e6d7,-127,e6d7:-127;h7h5:-121;d6d5:-120;f7f6:-114;f8g6:-113;e6e7:-105;h7h6:-73;c6c5:-42
k1bbrnr1/p1q1n1pp/1ppp4/4PPN1/7P/8/PPPPP2N/KQBBR2R w - - 0 9,opening,f5f6,508,f5f6:508;e5d6:315;e2e4:286;h2f3:248;c2c3:187;d2d4:169;d2d3:161;g5f7:143
n1r2krn/ppp2p2/1n1p1qp1/1PN1pP1p/4P3/1N2K1P1/P1PP2P1/1NRQ1R1N b - - 3 14,opening,d6c5,88,d6c5:88;b6c4:118;f6g5:138;g6f5:185;c7c6:261;h5h4:261;a7a6:295;f6g7:322
q1k2rrb/4pppp/ppn3n1/3p4/2pP2PP/5P2/PPPNPbN1/QBKR3B w - - 4 12,opening,c2c3,-369,c2c3:-369;e2e3:-371;d1f1:-445;b2b4:-458;d2c4:-473;b2b3:-476;d2e4:-480;h4h5:-480
kbb1q1rr/p1p1p2n/3N1n2/3p1p1p/3P1P2/PP3NP1/1BP1P3/KB2Q1RR b - - 3 13,opening,c7d6,-392,c7d6:-392;e7d6:-368;e8f8:236;e8d7:324;e8c6:327;e8d8:335;e8g6:404;f6g4:574
rkn1rn2/2pppn2/ppn2p2/2Q5/4PPpp/P3q3/NPPPN1N1/RK2R2N w - - 4 12,opening,c5e3,541,c5e3:541;c5c6:85;d2e3:-89;g2e3:-147;c5h5:-213;c5e7:-232;c5d5:-240;c5c4:-280
r1nbnqb1/2p2ppk/pr1pp3/1p5p/2PN2P1/5P2/PP1PP1KP/RRNB1QB1 b - - 3 11,opening,c7c5,-140,c7c5:-140;b5c4:-135;h7h8:-40;f7f5:-33;a8b8:-32;c8e7:-30;e6e5:-28;g7g6:0
qrkrn2n/p1p2ppp/5n2/1pPpp3/nP4N1/3N3N/Q2P1PPP/1RKR3N b - - 2 11,opening,f6g4,-346,f6g4:-346;e5e4:-297;e8d6:-162;h8g6:-159;f6d7:-153;a7a5:-153;a4c3:-62;b8b6:-59
kn2br1b/1qp1n3/pp4p1/4pp1p/2N1pNPP/1PPr1B2/P1KQ1P2/3RBR2 b - - 5 17,opening,e5f4,-680,e5f4:-680;d3d2:-664;e8c6:-548;h5g4:-534;f5g4:-507;d3d7:-491;d3c3:-449;d3f3:-408
kb2brqb/pp1ppppp/1br5/2p5/1B2P3/3P4/PPP1BPPP/KBR2RQB b - - 4 4,opening,c5b4,-577,c5b4:-577;c6h6:-364;b6c7:-271;b8h2:-153;b8f4:-133;f7f5:-94;b8e5:-49;g7g5:-32
1nnrk3/1pp2ppp/r7/3pp3/p1q1n3/P1NP2PP/RPP1K3/2NR1QNN w - - 3 15,opening,d3c4,634,d3c4:634;e2e1:309;c3e4:231;f1f7:133;f1e1:118;g3g4:37;g1f3:0;h3h4:-31
3k1q2/nrp1rn1p/p2np2n/1p3pN1/PP2Q3/8/2PPKPPP/RNN2R2 b - - 0 16,opening,f5e4,-759,f5e4:-759;d6e4:-671;f7g5:-507;f8h8:-471;h6g4:-414;b5a4:-386;c7c5:-364;d8c8:-355
b3b1rb/2k1p3/p1p1bp2/1pr1p1qP/3B1P2/1P2P2B/P1PP3P/1KBRB1R1 w - - 1 18,opening,f4g5,224,f4g5:224;g1g5:117;d4e5:-218;e1g3:-225;e1f2:-304;d2d3:-336;d4c5:-348;f4f5:-349
1qb1rrk1/p2p1p2/7p/1p2b1b1/2p1P1P1/4RP2/PPb1BR1P/BQ4KB w - - 0 15,opening,b1c2,-539,b1c2:-539;b1c1:-640;h2h4:-644;f3f4:-658;b1e1:-670;b1f1:-684;h1g2:-715;b1d1:-748
1n1r2kn/ppnqpppp/6r1/2pp1Nn1/2P3P1/8/PP1PPP1P/1NRR1QKN w - - 1 9,opening,f2f4,-424,f2f4:-424;h1g3:-437;d2d4:-437;b1c3:-468;d2d3:-468;f2f3:-472;f1g2:-504;b2b3:-517
1b1rbb1q/r2ppkpp/5p2/pbp2P2/PpP1Q2P/1P1B2P1/3PP3/R1BRBBK1 b - - 2 12,opening,b5c6,-61,b5c6:-61;b5a6:64;b8e5:321;b5a4:365;g7g6:431;e7e6:440;b8g3:443;g7g5:477
rn1kr3/pppppp1p/3n1nnq/6p1/8/PNN2NPP/1PPPPP2/R2KRQ1N b - - 2 6,opening,b8c6,-11,b8c6:-11;g5g4:-11;e7e5:-8;a7a5:-7;a7a6:10;b7b6:11;e7e6:14;d8c8:34
1nnq2nr/r3k3/1P2p1Pp/p1pQ1p2/3p3P/3PPKb1/PP5R/1RN2BN1 w - - 1 23,opening,d5d8,428,d5d8:428;d5c5:25;d5b3:-381;d5e6:-433;d5c4:-453;b6a7:-528;d5f5:-547;d5d4:-561
n5rn/pp1npk2/n7/2rp1P1p/2pP1P1p/1PPR2PK/P4N2/NNR2N2 w - - 3 21,opening,d4c5,197,d4c5:197;d3e3:123;d3d2:111;h3h4:95;b1d2:87;d3f3:85;b3c4:80;d3d1:51
qkr1N1b1/pn1p3r/2p4b/1p4p1/PP2P1p1/K6p/2PPP2P/Q2RNBBR b - - 0 15,opening,c8e8,-207,c8e8:-207;a7a5:-99;c6c5:-44;d7d6:71;h7e7:104;h7f7:128;h6f8:171;c8d8:204
nkbqr1Qb/3p2p1/p4p1p/1p2p3/5P1n/2PpP3/PP4PP/NKB1RNRB b - - 0 11,opening,e8g8,-439,e8g8:-439;d3d2:-285;d7d5:162;a8b6:199;f6f5:223;e5e4:224;a8c7:243;h4f3:255
krb1r2n/5p1q/ppp2bpp/2Pp4/P2BpP1P/1P1P1RP1/1R2P2Q/KB2N2N w - - 0 19,opening,d4f6,468,d4f6:468;h2f2:41;h2g1:26;e1c2:-116;d4e5:-177;d3e4:-224;e2e3:-260;d4g1:-297
r2r1q1k/1pp3p1/p2p1b2/1B2PpPp/1PPbP1B1/b1R4P/Q7/RB2K3 b - - 0 22,opening,d4c3,-599,d4c3:-599;f5g4:-554;f6g5:-547;a6b5:-482;a3b4:-471;f6e5:-470;d6e5:-427;d4e5:-422
3bqnr1/p3ppp1/nkp5/1P1pr2p/P1pPP1P1/2P2B2/7P/BNK2NRR b - - 1 15,opening,e5e4,-421,e5e4:-421;c6b5:-410;h5g4:-407;b6c7:-396;d5e4:-389;e7e6:-381;f8d7:-372;e5e6:-371
1nrqk1rn/2ppp1p1/1p3pn1/p2n3p/1NP2P2/3P2N1/PPR1P1PP/N2QK1RN w - - 0 10,opening,b4d5,389,b4d5:389;c4d5:129;b4c6:-167;a2a3:-176;f4f5:-230;c2d2:-260;g3h5:-272;c2c1:-326
b3br1q/1b2r1p1/kBp2p1p/pp5P/bP1Ppp2/B2R4/P5P1/BK1R2Q1 b - - 0 21,opening,e4d3,-558,e4d3:-558;h8h7:-451;a4c2:-430;e8h5:-418;e4e3:-403;f8f7:-396;h8g8:-394;a4d1:-390
1bqbnk1r/rppppp1p/p4n2/8/P1P3p1/1B1B4/1P1PPPPP/1R1QNKNR b - - 0 6,opening,h7h5,-82,h7h5:-82;c7c5:-82;h8g8:-32;e7e6:-22;b7b5:-8;c7c6:-2;e7e5:13;b7b6:18
knrnq1rn/2pp1ppp/4p1P1/pp6/1P5Q/N2PN3/P1P1P1PP/K3RNRN b - - 0 9,opening,h8g6,243,h8g6:243;d8c6:322;h7h5:325;b8a6:327;g8f8:327;h7h6:332;d7d5:338;h7g6:380
bbr4r/p2pkpp1/2p1N2n/1P6/4q2p/1P4PN/B1PP1P1P/B1RQ1KR1 b - - 3 17,opening,d7e6,-89,d7e6:-89;f7e6:-77;h6g4:-50;e4e6:78;h4g3:210;e4f5:238;f7f6:275;c6b5:281
1nr2krn/p1n1np1p/1p1qp3/2Pp2p1/PN6/1NN2PPP/1PP1PN2/2RQ1KR1 b - - 2 11,opening,b6c5,-205,b6c5:-205;d6d8:102;d6d7:149;d6e5:161;d6c5:466;d6g3:491;e7f5:570;d6c6:610
qbk1rnr1/1pppp3/6p1/p4p1p/P7/2bBP3/1P1N1PPP/Q1KNR1RB w - - 0 9,opening,d1c3,545,d1c3:545;b2c3:461;h2h3:142;g2g3:137;e1e2:130;a1a2:121;a1b1:117;h2h4:89
q2brkbr/bp1bpp2/7p/1pp5/P2pP1p1/3P3P/QBP1RPP1/1B1B1KBR w - - 0 13,opening,a4b5,-125,a4b5:-125;c2c3:-140;c2c4:-171;h3g4:-174;a2a1:-174;e4e5:-182;a2d5:-184;b2c1:-195
rb2rqbk/3pp2p/1p3p2/6p1/BpPp2bP/4BP2/PR2PbPQ/R2B3K w - - 0 15,opening,e3f2,-551,e3f2:-551;h2b8:-595;f3g4:-629;g2g3:-682;h4g5:-732;h2h3:-757;b2b4:-766;e3d2:-768
k1r1q2b/r1pp1b1P/2b5/pp3p2/4B2b/1P1PPP2/P1PQ3B/RKB3RB b - - 2 17,opening,f5e4,-222,f5e4:-222;a5a4:14;h8a1:29;h4f6:37;h4e7:151;e8e7:153;f7g6:160;e8e6:171
1kn1brb1/5p2/8/p3P1pn/Pp1rqNRp/1P6/R1PP1NPP/1K2B2Q b - - 9 23,opening,e4e5,-242,e4e5:-242;e4f5:-204;e4c6:-100;e4b7:-72;e4a8:9;h5g3:25;e4f4:31;e4h7:216
b1bkq1rr/p4ppp/2pb4/1p3B2/1b2P3/2P3P1/P2P1PRP/B1BKQB1R w - - 2 12,opening,f5c8,340,f5c8:340;c3b4:232;f2f3:152;e1e3:114;g3g4:100;f5h7:72;d2d3:65;h1g1:43
1br1k1r1/p1p1bpp1/n2pp2p/1p6/2P2P1P/1P1PN3/PQ1NP1qn/1B1RKBR1 w - - 0 18,opening,e3g2,605,e3g2:605;g1g2:349;d1c1:-559;d2e4:-603;e3f5:-678;b2f6:-904;d2f3:-99997;b2g7:-99998
1n3r1r/1Nnk1n1p/1pp2pqn/3pp3/2PP1PpP/1PK1P3/P1R2NPQ/2N2R2 b - - 0 22,opening,d7c8,-452,d7c8:-452;e5d4:-404;g4g3:-384;d5c4:-383;h6f5:-370;f7d8:-361;e5e4:-357;f6f5:-344
bn2kb2/p1qppp2/2r1rn2/1pp2P1p/2PP2pP/PP1QP3/4B1P1/BNRK2NR w - - 1 14,opening,f5e6,236,f5e6:236;b1d2:74;b1c3:70;g1h3:62;d4d5:39;g1f3:11;e2f3:-135;c4b5:-151
2q2r1r/1p1p1ppk/1n2p3/pn5p/1n1p1P2/P1N1nN2/2P1NKPP/N1QR3R w - - 4 18,opening,c3b5,-17,c3b5:-17;f3g5:-200;a3b4:-389;c3e4:-407;c3b1:-452;d1e1:-456;d1d4:-477;f4f5:-480
6rn/p1rn1p1k/1nn3pp/2ppp2Q/5P1P/P5P1/1PNR1NK1/1N4RN w - - 2 21,opening,h5d1,547,h5d1:547;h5e2:522;h5g4:511;h5f3:448;h5e5:121;h5h6:-140;h5g5:-166;b1c3:-264
1rn1nqbk/2b1pppp/rppp4/p5P1/2PN4/PB6/1P1PPP1P/RRN2QBK w - - 6 9,opening,d4c6,183,d4c6:183;f1h3:107;b3a4:100;a3a4:86;c1a2:82;e2e4:82;f2f4:82;c1d3:72
n1rbrkqb/p1p1ppp1/n2p4/1p5p/3P4/P1P2P2/1PR1P1PP/NN1BRKQB b - - 1 5,opening,c7c5,-102,c7c5:-102;e7e5:-102;a8b6:-70;g8h7:-69;g7g5:-59;c7c6:-58;g7g6:-35;e7e6:30
r3rb1b/Bk4pB/2p2p1p/Pp1p1Q2/5p2/P1P5/1R1P3P/K3RB1b b - - 0 21,midgame,e8e1,435,e8e1:435;e8d8:764;b7a6:788;b7c7:803;a8d8:847;a8b8:1033;a8c8:99985;e8b8:99992
1nrn1rkb/2pp1p2/8/pp1qpBpp/1b4P1/NP1PPP2/P1P2N1P/Q1R1R1KB w - - 0 13,opening,c2c4,20,c2c4:20;a3b1:1;f3f4:-53;f2e4:-66;c1b1:-133;c1d1:-134;c2c3:-147;e1e2:-153
r1r1q1b1/1p3pk1/p2bpbp1/2p2P2/PP2B3/7Q/2P1P2P/RBRB2BK w - - 1 17,opening,g1e3,273,g1e3:273;f5g6:257;c2c3:229;a1a2:219;e4b7:219;b1a2:196;a1a3:178;f5e6:166
1qrk1b2/2npp3/3r4/2pbPp2/1Bp2n1p/P2PNp2/R1Q1B3/N2K3R b - - 1 23,opening,f3e2,-731,f3e2:-731;c5b4:-712;d6h6:-661;d6c6:-654;d6g6:-651;d6a6:-644;d6b6:-639;d6e6:-623
nnrbBkqb/3pp1pp/ppp2p2/8/5PP1/8/PPPPP2P/NNRBRKQ1 b - - 0 5,opening,b6b5,274,b6b5:274;f8e8:281;e7e5:291;g8c4:293;g8a2:310;d8c7:312;g7g6:313;e7e6:313
rr2b1qb/2p1k2p/2n2p2/ppPp4/P3BPP1/1P2P2N/2KP3P/RRN1B3 b - - 2 22,opening,c6b4,-730,c6b4:-730;d5e4:-697;g8g4:-595;e8d7:-540;e8h5:-525;b5a4:-522;c6d4:-519;h7h5:-500
kqrb1r1b/p1p2p2/1p1pb2p/1Q3pp1/4P3/P1PB4/P2P1PPP/K2RBR1B w - - 2 11,opening,e4f5,195,e4f5:195;g2g3:32;b5c6:12;g2g4:-37;b5a4:-44;e4e5:-66;b5b4:-84;f2f4:-84
k1r1n1rb/p4ppp/2pp4/1p3p2/1PnP1NP1/4RB2/7b/KQR4B w - - 2 21,midgame,c1c4,481,c1c4:481;e3e7:481;b1f5:461;f3c6:459;b1a2:422;e3e1:381;a1a2:381;e3e2:380
bkb1bqrb/ppr2pp1/7p/2p1p3/2pPP1PP/1P6/P4PQ1/BKBRB1RB w - - 0 10,opening,d4c5,136,d4c5:136;c1a3:125;d4e5:113;f2f3:105;d4d5:96;g2g3:61;g2h2:45;f2f4:-3
2nr1rk1/N1pp1pnp/4p3/pp1n3p/P1N3Q1/1Pn2PP1/2N5/N2R1R1K w - - 0 23,opening,g4g5,324,g4g5:324;g4d4:315;g4h3:295;g4h4:281;g4g7:-118;g4e4:-271;a7b5:-271;d1d5:-308
r1bk1bnr/pppqpppp/2np4/8/1P6/2NP4/P1PBPPPP/1R1KQBNR b - - 2 5,opening,a7a6,52,a7a6:52;g7g6:53;b7b6:58;e7e5:71;g8f6:72;e7e6:79;f7f5:86;c6d4:87
br2kr1n/1pp2b2/p4P2/n2ppP1q/P5p1/1NP5/1P1PPR2/BR1K1QBN b - - 6 19,opening,a5b3,-262,a5b3:-262;h5h1:-173;a5c4:-45;d5d4:2;b7b6:67;h5g5:130;g4g3:137;h5h6:141
rbqb1k1r/ppppppp1/7n/3n3p/1NP5/2Q2N2/PP1PPPPP/RB1BK2R b - - 2 6,opening,d5c3,-595,d5c3:-595;d5f6:-29;d5b4:-29;d5f4:9;d5b6:27;c7c5:325;a7a5:342;d5e3:379
kbqbrbrb/pppppp2/8/6p1/P1P4p/8/BP1PPPPP/K1QBRBRB w - - 0 4,opening,a1b1,-105,a1b1:-105;a2b3:-110;g2g3:-122;e2e3:-123;c4c5:-123;c1c2:-129;d1b3:-139;g2g4:-172
r1knr1q1/1ppn1n2/p5R1/n2P1ppp/3P1P2/1PN5/PKP3PP/1N2RNQN w - - 4 16,opening,g6g8,633,g6g8:633;e1e6:351;e1e8:351;h1f2:351;f4g5:327;a2a3:309;g6e6:304;b1d2:299
3bkb1r/2rbp2p/8/pPpp1Pp1/1Q3q2/1PPBPP2/3P2K1/BR3BRB b - - 2 23,opening,c5b4,344,c5b4:344;a5b4:352;f4d6:376;h8g8:403;f8g7:412;c5c4:426;c7a7:430;f4e5:446
7k/p2prp2/1pr1pb1b/2pb4/PP2Pq1p/2bK1BPB/1QPP4/B1R3R1 w - - 1 23,opening,g3f4,-311,g3f4:-311;e4d5:-99995;d3e2:-99997;g3g4:-99999;a4a5:-99999;b4b5:-99999;e4e5:-99999;g3h4:-99999
nqnrr3/pppp1p2/4p1k1/3P2pp/1b6/1Pb1P1P1/PQPR1PKP/N1N1RB1B w - - 3 11,opening,b2b1,-333,b2b1:-333;f1d3:-375;c1d3:-589;d5e6:-612;d2d4:-616;b2c3:-617;a2a3:-634;f1c4:-683
1nr2kr1/p1Q1qpp1/3p3p/1pNnp2P/P1P3n1/3PP3/1PN2Pn1/N1RN1K1R b - - 2 21,opening,d5c7,-693,d5c7:-693;e7c7:-660;g2e3:-651;d5e3:-621;c8c7:-610;g4e3:-583;g4h2:-517;d5b6:245
3nn1rn/rqp1kpp1/3pp2p/pPn5/1P1P1NP1/P2NPPR1/7P/RQN1NK2 b - - 0 17,opening,c5d3,102,c5d3:102;c5a4:122;c5d7:144;g7g5:375;a5b4:383;c5e4:392;e6e5:404;c5a6:451
2r1rb2/1q3pb1/p2p2p1/2p1p1k1/2pP3b/P1P1P3/1P3PBK/BQR3R1 w - - 2 23,opening,g2b7,609,g2b7:609;g2h1:475;g2d5:468;g2e4:465;g2f3:464;g2c6:457;f2f4:383;c1f1:-110
1bbr1r2/pppp2k1/1n4pp/4p1n1/2P2p2/PP1Q1P1N/3B2RP/NB5K b - - 0 18,opening,f8f5,375,f8f5:375;f8f6:458;e5e4:578;g7f7:697;g7f6:700;f8f7:761;f8g8:798;g5e4:822
brk1qrbn/pp2pppp/2n5/2pp4/P7/1P2P3/2PP1PPP/BRKNQRBN w - - 1 4,opening,a1g7,269,a1g7:269;h2h4:128;d2d4:124;h2h3:119;f2f3:86;h1g3:84;f2f4:83;e1e2:67
kb3rnr/p1pqpp2/3p4/1p4Np/1P1n2b1/P2PP2P/2P1NP1R/KBB1QR2 w - - 3 12,opening,e2d4,519,e2d4:519;h3g4:452;e3d4:448;f2f3:336;e2g1:299;f1h1:168;c1b2:150;g5h7:129
bkb1brbq/p1p1pppp/3r4/3p4/4P3/p4PPP/1PPP4/BKBRBRBQ w - - 0 6,opening,b2a3,85,b2a3:85;b2b3:75;e1f2:54;d2d3:-33;h1h2:-72;g1c5:-73;b1a2:-95;f3f4:-113
nk5r/2r1b1pp/1P2pb1R/Q1pp1p2/3P1PP1/1N5N/P1P1q3/K1RB4 w - - 0 23,opening,b6c7,655,b6c7:655;d1e2:647;h6f6:526;h6h7:506;g4g5:434;c1b1:390;c2c4:348;h3g5:347
k1brb3/2p1bBq1/p3p3/1p2P3/PP4PP/2P1b1B1/1B2P1PR/KR3B2 b - - 0 22,opening,g7h7,-576,g7h7:-576;e8f7:-557;g7f7:-555;c8b7:-518;g7g4:-504;e8c6:-493;a8b8:-487;e8d7:-463
1qr1rkn1/bpn1p3/p2p1p1b/1PQ3p1/P6N/3N2P1/2PPPP1P/1BRR1K1B b - - 0 15,opening,d6c5,-468,d6c5:-468;a7c5:-443;g5h4:63;a6b5:68;a6a5:133;c7a8:153;e8d8:222;c7b5:227
1nkr1nrq/p1nppppN/1p3n1p/2p5/8/6P1/PPPPPP1P/NNKR1NRQ b - - 1 8,opening,h8h7,-495,h8h7:-495;f6h7:-447;f8h7:-429;f6g4:-276;g7g5:-69;f6e4:-68;g7g6:-60;f6e8:-59
1r1k1r2/6p1/1p2qp1p/1P1pn3/N1pn1P2/1bP5/R5PP/B1K2RBN w - - 0 23,midgame,f4e5,-559,f4e5:-559;g1d4:-642;a4b2:-684;a4c5:-690;h1f2:-702;c3d4:-716;c1b1:-750;h1g3:-756
kr1br1qb/pp1ppppp/n5n1/2p5/6B1/2NPP3/PPP2PPP/1KR1RNQB b - - 5 7,opening,d8a5,-52,d8a5:-52;g6e5:22;e7e6:53;d7d5:76;f7f5:78;d7d6:88;e8f8:94;c5c4:149
1br2n2/1np2krp/3pp2p/ppq5/5PP1/1PRP1K2/PQ3P2/1B1NB2R w - - 2 19,opening,c3c5,509,c3c5:509;d3d4:204;d1e3:170;f3e2:120;b2e2:97;h1h5:90;h1h6:89;f3g3:66
rbqnr1kb/pp2pp1p/4n1p1/2pp4/3P4/4N2P/PPP1PPP1/RB1QRNKB w - - 0 5,opening,e3d5,-62,e3d5:-62;a2a3:-80;g2g3:-97;h3h4:-106;a2a4:-118;c2c3:-121;c2c4:-126;d1d2:-127
1r3nr1/pp1kppp1/3p4/P1pP2np/1PP3q1/N2n1Q1P/3N1P2/N1RK1R1N w - - 1 19,opening,h3g4,155,h3g4:155;f3g4:51;b4c5:-128;d1e2:-181;f3e2:-201;h1g3:-264;a3b5:-278;c1c3:-281
qnkbrrnb/p1p3pp/3ppp2/1p6/2P1P3/5BP1/PP1P1P1P/QNK1RRNB b - - 1 5,opening,a8c6,79,a8c6:79;b5c4:93;a7a6:111;g7g6:134;a8b7:144;g8e7:145;g7g5:156;g8h6:160
rq1rk2n/1bpp1pp1/6N1/pp6/1PPn3p/B3P1PP/PR1P1P1B/2QRKN2 b - - 1 15,opening,d4f3,-153,d4f3:-153;h4g3:2;a5b4:179;h8g6:264;d4b3:272;d7d6:280;d4e2:297;f7g6:314
2k1n2r/qpp1np2/1nr5/4Pppp/2p2P1n/1N4PP/1PPP2R1/Q1K2N1R w - - 5 21,opening,a1a7,47,a1a7:47;g3h4:-557;b3a5:-690;g2e2:-690;g2g1:-697;g2f2:-717;a1a5:-725;g2h2:-737
q1rnkbrn/p4pp1/2p1p1Bp/1p1p4/PP3N2/2P4P/3PPPP1/Q1R1KBbN w - - 0 9,opening,g6h7,-223,g6h7:-223;g6c2:-331;g6b1:-343;g6d3:-353;g6h5:-400;a4b5:-437;f4e6:-462;e2e3:-477
rbb1kbnr/pppp1p2/3q3p/8/1PP1pPp1/2Q1P2N/P1BP2P1/R1B1KB1R w - - 3 12,opening,c3h8,352,c3h8:352;c1b2:321;h3f2:305;h3g5:249;a1b1:221;f1e2:208;b4b5:168;a2a4:167
1brbr1nk/1ppp3p/2R5/3qpPpB/1p3nP1/P2P1N1P/2P2P2/NBR2Q1K w - e6 0 16,opening,f1d1,-396,f1d1:-396;h5e8:-488;h1g1:-521;c6c4:-555;h1h2:-567;f1g2:-574;a3b4:-593;f5e6:-608
r1bn1rkn/pqp2p1p/2bpp3/6p1/1pNP1PP1/8/PPP1P2P/RQB1BRKN b - - 0 8,opening,c6h1,-394,c6h1:-394;c6g2:-259;g5f4:-220;e6e5:-217;b7a6:-204;c6d5:-193;b7b5:-162;h8g6:-146
1rqnbr2/kB2np1p/3ppb2/p5p1/2N5/P2P2PP/1PP1PP2/KRQ1BRN1 w - - 1 10,opening,b7c8,673,b7c8:673;e1c3:419;c1e3:352;b7g2:209;b7f3:196;b7h1:190;c4d6:93;b7e4:67
3bb1rk/1rp3p1/q2p1p2/pp6/1nP1pPP1/Q3P2P/P2P4/RN2BKRN w - - 0 22,opening,b1c3,-288,b1c3:-288;h1g3:-290;g1g2:-300;h1f2:-329;c4b5:-332;f1g2:-338;g1g3:-338;f4f5:-340
nnnkq1rn/ppp1pr1p/3p4/1P3ppP/5P2/8/P1PPP1P1/NNNKQRRN b - - 0 5,opening,g5f4,-129,g5f4:-129;e8b5:-126;a8b6:-98;c8b6:-89;f7g7:-83;a7a6:-82;f7f8:-71;d6d5:-64
brbnqrkn/1ppppppp/8/8/p1P2P2/6P1/PP1PPN1P/BRB1QRKN b - - 0 5,opening,b7b5,-108,b7b5:-108;d7d6:-102;f7f5:-88;b7b6:-85;d8c6:-39;c7c5:-38;f7f6:-35;d7d5:-23
bk1r1b2/1pbBpb1r/5pqp/P1p3p1/P1P1P3/2Q3P1/1KRP1P1P/B2B2BR b - - 4 15,opening,c7e5,-333,c7e5:-333;d8d7:-331;e7e6:-193;g6e4:-148;g6g8:-86;g6g7:-47;h7h8:118;b7b6:120
brbbrkqb/ppp1pppp/8/8/P1p5/4P3/1P1PKPPP/BRBBR1QB b - - 1 4,opening,c8f5,-385,c8f5:-385;b7b6:-238;b7b5:-231;g7g5:-230;c7c5:-222;h7h5:-217;e7e5:-206;c7c6:-168
kn1qr1n1/1ppp2p1/p3ppnr/6P1/2PN3p/1P1N1P1P/2N1P3/KN1QR2R w - - 1 16,opening,g5h6,537,g5h6:537;d4e6:455;d4c6:338;d4f5:296;g5f6:255;e2e3:248;e2e4:245;b1c3:240
q1nb1r2/1kn1p2r/4b3/pppp1R1p/P1P2P1P/1B4P1/1PKPP2N/Q1B1R1N1 b - - 0 20,opening,e6f5,-479,e6f5:-479;f8f5:-350;f8e8:-170;f8h8:-146;f8g8:-132;e6f7:-62;f8f6:-53;b5c4:-39
bbrqkn1r/1pp1pppp/3p3n/p6N/4P3/1P5P/P1PPNPP1/BBRQK2R b - - 3 6,opening,e7e5,253,e7e5:253;f7f6:324;f8e6:333;h8g8:372;f8g6:382;c7c5:382;g7g6:396;b7b6:416
rbr3b1/p1p3k1/1p1pp3/1P1P3p/8/2b5/2P1PPKP/RBRB2B1 w - - 4 17,midgame,b1a2,-195,b1a2:-195;a1a4:-211;a1a3:-215;a1a6:-244;d5e6:-267;f2f4:-278;e2e4:-281;a1a2:-305
n1n1rqrb/2kp2pp/4pp2/pppP2b1/B7/2P3P1/PP2PPRP/NKN1R1QB w - - 0 8,opening,a4b5,154,a4b5:154;d5d6:149;d5e6:138;a4c2:109;f2f4:48;a4b3:14;e1d1:0;c1d3:-53
rrbb1nqk/p2ppp1p/5n2/1pp3p1/1N1P4/6N1/PPP1PPPP/RRBB2QK w - - 0 5,opening,d4c5,150,d4c5:150;b4d3:-48;f2f4:-285;b4d5:-308;a2a3:-310;e2e4:-313;g1e1:-314;b4a6:-322
rr1bbnk1/pp2pppp/5q2/2pp4/1P1P1n2/PRP1QP2/2B1PNPP/R3BNK1 b - - 3 9,opening,c5d4,-223,c5d4:-223;c5c4:25;c5b4:84;e8b5:88;h7h5:88;d8c7:99;f4g6:103;e8d7:142
nqnrrbkb/p1p1pppp/1p1p4/8/1PP4P/3P4/P3PPP1/NQNRRBKB b - - 0 5,opening,c7c5,61,c7c5:61;g7g6:62;b6b5:112;c7c6:119;e7e6:131;g7g5:155;e7e5:201;a7a6:208
bk1brqrn/1pppp1pp/3n1p2/p7/8/1N4P1/PPPPPPQP/BK1BR1RN w - - 0 4,opening,f2f3,-50,f2f3:-50;e2e4:-50;b3c5:-60;g1f1:-63;e2e3:-75;d2d3:-82;a2a3:-103;h2h3:-104
rrnqnk1b/1p2p3/3p1ppp/1pp5/3P2P1/P1P2B2/2Q1PP1P/RbN1NKB1 b - - 0 13,opening,b1c2,-670,b1c2:-670;e7e5:-231;d8d7:-203;a8a3:-202;e7e6:-201;h6h5:-200;b5b4:-193;f6f5:-189
rnbqkb1r/ppp2p1p/3pp1p1/5n2/2B1P3/NP4PN/P1PP1P1P/R1BQK2R b - - 3 6,opening,d6d5,-65,d6d5:-65;f8g7:-25;f5h6:-21;f5d4:-15;f5g7:-11;f5e7:61;d8f6:83;b8c6:164
k1rnqr1n/pp4p1/5p2/1npppn1p/1PP3PP/1R6/PK1PPP2/1N2QRNN w - - 0 12,opening,c4b5,-423,c4b5:-423;d2d3:-471;g4f5:-500;b4c5:-599;c4d5:-605;h1g3:-610;b1a3:-615;b2a1:-630
brqkrbb1/pppppp1p/8/6p1/2P5/Q3PP1P/P2P2P1/bR1KRBBB b - - 1 5,opening,a1g7,-337,a1g7:-337;a1h8:-336;a1f6:-311;a1e5:-309;e7e6:-294;b7b6:-238;e7e5:-229;b7b5:-221
b1b1rrk1/ppbppp1p/2p5/4bPpB/3PP3/BPP2RPP/PB2q3/4Q1KB w - - 0 19,opening,e1e2,470,e1e2:470;h5f7:294;e1c1:-183;e1f1:-291;e1f2:-331;e1b1:-331;f3f1:-355;e1a1:-358
rbk2rnq/5p2/p2p2B1/Pb2p1B1/5nPp/1P1p1P1P/8/1R1K1RNQ w - - 0 20,opening,b1c1,-329,b1c1:-329;g6e4:-351;g6f5:-392;g5f4:-445;g6d3:-463;g6h5:-535;g6f7:-546;h1h2:-591
rb3k1r/p1q1p2n/2pn1ppp/1p3P2/2pPP3/1P1BQ2b/PK3B1P/1R2N2R b - - 7 19,opening,h7g5,-395,h7g5:-395;f8g7:-311;h3f5:-280;d6f5:-276;d6f7:-258;e7e5:-255;f8g8:-254;e7e6:-253
1rbqkbnr/pp1ppp1p/n7/2p3p1/P7/N4P2/1PPPPKPP/R1BQ1BNR w - - 0 5,opening,c2c3,106,c2c3:106;d2d4:71;a3b5:66;e2e4:53;d2d3:46;h2h4:36;e2e3:33;f2e1:29
1nr3bb/1k2r1p1/3Q1pP1/p1p1p2p/P3P3/N2PN2P/1qP5/1KRR2B1 w - - 0 23,opening,b1b2,726,b1b2:726
n1nknrqr/p1pp1p2/2n4p/1P2p1p1/3P4/3NP3/1PP2PPP/NN1KNRQR w - - 1 6,opening,b5c6,452,b5c6:452;a1b3:309;f2f4:271;d4e5:230;b2b3:230;b1d2:227;d1c1:207;h2h4:188
n1k1r2n/qppp1r2/4pp2/3n1npp/p3N1PP/P6N/1PPPPPN1/NQ1K1RR1 w - - 10 17,opening,g4f5,232,g4f5:232;h3g5:84;f2f3:7;g4h5:-10;h4g5:-80;g2e3:-117;c2c4:-117;e4f6:-130
r1q1kbnr/1p2pppp/1npp4/p7/1n3P2/1N1P2P1/PPP1PK1P/RN1Q1BNR w - - 3 8,opening,e2e4,32,e2e4:32;f1h3:30;a2a3:29;c2c3:16;a2a4:14;e2e3:12;b3d2:-1;c2c4:-3
2rB1rqk/p2pp3/4bppb/PpP5/1P3P1p/5b2/B1P1P1PP/2RQRBBK w - - 1 18,opening,a2e6,532,a2e6:532;e2f3:513;d8e7:500;g2f3:439;c2c4:387;a2b3:357;a2b1:354;d1d4:325
2nkrq1n/p1pppr1p/1n4p1/1P2P3/1n6/1NNP1pPP/1PP2P2/N2KRRQN b - - 3 11,opening,e7e6,114,e7e6:114;c7c6:218;f7f5:244;g6g5:244;h7h5:245;a7a5:246;f8h6:247;f7g7:249
bqkr3b/1p1r4/3P3b/3Pp1p1/p6P/PQ2Ppp1/1P3PB1/BK2R1BR w - - 2 22,opening,b3c4,559,b3c4:559;b3c3:554;b3c2:551;e1c1:503;b3a4:271;h4g5:219;g2h3:154;b3b6:128
nqnkrr1n/2p1pp2/1p1p4/4n1pp/p1P1P1P1/1P2R3/P2P1P1P/NQNK1RNN b - - 0 10,opening,e5g4,-115,e5g4:-115;a4b3:-105;h5g4:-101;h5h4:-68;b8b7:-39;b6b5:-8;h8g6:48;c7c5:58
1r1q1r1b/k1n1pbp1/2Bp4/1p3p1p/ppP3P1/P2Q2PN/3PPN1P/KR2B2R w - - 0 18,opening,d3e3,119,d3e3:119;b1b4:34;f2d1:33;f2e4:-152;b1b2:-159;c4b5:-160;a1b2:-209;a3b4:-226
N1k1r1q1/1p1n1p2/1n2Q3/3p2p1/p2P3p/3NKPP1/PnP1PR1P/4R2N w - - 2 19,opening,a8b6,-54,a8b6:-54;d3b2:-534;e3d2:-537;f2g2:-542;f2f1:-559;f3f4:-580;d3e5:-651;e6e8:-653
r2bqb1k/2r1p1pp/1pPp4/p3Qp1P/2b2b2/6PK/P1PPP3/RBRB1BB1 b - - 0 15,opening,d6e5,-748,d6e5:-748;e8h5:-734;f4e5:-693;f4d2:-368;f4g5:-304;f4h6:-298;c4d3:-260;c7c6:-179
n1k1n1q1/p2n1p1r/1p2n2p/2p2NPN/4p3/PP2P1P1/2PN1PQ1/N1KRR3 b - - 0 18,opening,g8h8,595,g8h8:595;c8b8:609;g8g5:627;c8c7:641;f7f6:662;g8f8:682;c8b7:746;h6g5:770
1b2knnr/p2p1ppp/2r5/1ppPp1N1/1P5P/P1PB2Pq/3P1PR1/B1RQKN2 b - - 2 12,opening,h3g2,493,h3g2:493;h3h1:593;h3h4:737;c5c4:782;e5e4:787;c6a6:795;h3e6:804;c6h6:804
bk2rb2/2p1q3/pp1QPp2/4p1pp/1P4PP/2P5/P2K1PBR/Bb2B1B1 b - - 0 21,opening,e7d6,-1032,e7d6:-1032;e8d8:-724;c7d6:-684;e7h7:-356;a8g2:-73;h5g4:-13;b1a2:5;e7d8:23
nn1qk1r1/1p1npppp/2rp2n1/p1p4P/P3P1P1/3P1P2/1PP3RN/NNRQK2N b - - 2 11,opening,g6f4,-154,g6f4:-154;g6h4:-59;g6f8:-45;g6h8:69;g8h8:162;c6b6:181;a8c7:191;g6e5:196
1q1rk1r1/npp1p1pp/6n1/p2p1pn1/N4P1P/6N1/PPPPP1P1/NQRK2RN b - - 1 10,opening,g5e4,247,g5e4:247;g5e6:283;g5f7:335;b7b5:359;g6h4:440;g6f4:440;g8f8:453;a7c6:457
qbk2nrb/1p1p2pp/p1p5/4rp2/P3p2P/1PPP2P1/1NKP1P2/QB2R1RB w - - 0 12,opening,d3e4,224,d3e4:224;b3b4:203;b1a2:202;b2c4:162;a1a2:131;a1a3:122;g1f1:113;a4a5:110
r1bknrnb/qpp2ppp/3p4/p3p3/6PP/1P1B1N2/PQPPPP2/R1BKNR2 b - - 1 8,opening,g7g6,-235,g7g6:-235;g8f6:-225;e8f6:-218;c8g4:-214;g8e7:-212;g8h6:-205;a5a4:-175;h7h6:-160
nnrqkr1n/1p1p1ppn/2p4p/p1P1p3/7P/2R2P2/PPNPP1P1/NN1QK1RN w - - 0 8,opening,h1f2,186,h1f2:186;d2d4:183;c2e3:181;g2g3:166;g2g4:155;h4h5:132;c3e3:119;a1b3:111
nrn3rn/2pk4/1p1qp3/1Pn4p/p1R2pP1/P1N2P1p/3PP3/N1N1KQRN w - - 2 18,opening,h1f2,213,h1f2:213;f1h3:210;a1c2:153;d2d4:133;g4h5:105;e1d1:66;f1f2:38;e2e3:1
nn1nkqr1/ppr2pp1/3p3p/2p1p3/1RP1P1PP/P2P4/5PQ1/N1NnK1RN w - - 1 15,opening,b4b3,-248,b4b3:-248;b4b1:-401;b4b5:-402;b4a4:-494;g4g5:-502;h1g3:-524;e1d1:-549;c1a2:-556
krqnbrnb/1p1p1pp1/p7/4p2p/1p4P1/P7/2PPPP1P/KRQNBRNB w - - 0 6,opening,d2d3,108,d2d3:108;a3b4:66;d2d4:65;e2e4:3;c1b2:-21;d1e3:-25;g4g5:-49;c2c4:-57
1k1qbb1r/1p2pppQ/rn1p4/p1p1Nn1p/P5P1/4P2B/1P1P1P1P/RK2B1NR w - - 6 12,opening,h7h8,-62,h7h8:-62;e5f7:-86;e5d7:-126;e5c6:-213;h7f5:-255;h7h5:-622;e5f3:-643;g4f5:-648
b1rqbrkb/1p2pp2/2pp4/p3B1pp/4PbP1/1P6/P1PP1P1P/1BRQBRKB b - - 1 7,opening,d6e5,-510,d6e5:-510;h8e5:-422;f4e5:-313;b7b6:-152;c6c5:-148;e7e6:-139;b7b5:-135;h8g7:-107
bnr1k3/2p1b1p1/Qpnq3r/3ppB2/PPPP1ppP/2R1PP1N/8/BN2K1R1 b - - 0 17,opening,e7h4,-571,e7h4:-571;b8a6:-554;c8d8:-376;c6a7:-53;d6d8:-52;g4h3:-52;d6e6:11;e8f7:28
b6b/1bk1p1b1/1rq2rp1/5pP1/QPppP2p/P1PP1B2/1B3P1P/BKR1R2B b - - 14 23,opening,c6a4,-303,c6a4:-303;f5e4:220;f6f8:222;f6e6:256;d4c3:264;c7b8:270;f6f7:305;f6d6:318
1r1r1bbk/q1p3pp/b1bpp3/pp3p2/5P1B/1P2B2P/P1PPP1P1/QRB1RB1K b - - 3 10,opening,a7a8,95,a7a8:95;a7b7:109;b8b6:268;c6g2:268;a7e3:379;f8e7:411;d8e8:472;a7c5:475
qkrnnb1r/p1p1p1pp/1p2pp2/8/8/PbN5/1PPPPPPP/QKR2BBR b - - 1 5,opening,b3c4,-375,b3c4:-375;b3d5:-371;b3c2:-45;c7c5:21;e6e5:25;a8b7:47;b3a4:51;e8d6:62
nr1nkqr1/1ppppppp/1n6/p7/5P1n/P3P2P/1PPP1NP1/NRNNKQR1 b - - 0 5,opening,g7g5,13,g7g5:13;a5a4:49;d8c6:51;f7f6:54;d7d5:61;b8c8:63;e7e6:63;c7c5:87
r1k3rn/pppp3p/nn4qn/4pp2/QPPP1PpP/PN2P1P1/8/RN1KR1NN w - - 0 13,opening,a4a5,-151,a4a5:-151;a4b5:-327;h4h5:-498;b1c3:-518;a4a6:-550;g1f3:-600;b3c5:-612;b4b5:-635
1r1nrkn1/pp1qp1pp/n7/2pP3p/2P5/P3R3/1P1P2P1/RNQN1NNK b - - 3 15,opening,b7b5,375,b7b5:375;a6c7:379;d8f7:383;e7e6:384;g8f6:385;b7b6:394;g8h6:396;b8c8:416
br1qrbkb/pp2p1pp/2pP1p2/b7/P4PP1/8/1P1PP1KP/BRQBRB1B b - - 0 7,opening,d8d6,-29,d8d6:-29;e7d6:84;c6c5:102;b7b5:137;d8d7:143;d8c8:219;a5b6:221;a5b4:224
n1rq2rn/2p1pk2/2n2n2/pp1N1pp1/6P1/PP3P1P/2PPP3/NR2QKRN w - - 1 15,opening,d5c3,-266,d5c3:-266;d5f6:-267;d5e3:-280;c2c4:-304;h1g3:-375;e2e4:-399;g4f5:-418;d5e7:-477
q1r1brbn/1p1kppp1/7p/p2p3P/n1PPN3/1P2P3/PQ3PP1/2KRBRB1 b - - 2 16,opening,a4b2,-631,a4b2:-631;c8c4:-449;d5e4:-309;f7f5:-270;b7b6:-230;g8h7:-207;f7f6:-198;b7b5:-194
1k3bbb/r1p3p1/1p3p2/R3p2p/1B1r1P2/1PP4b/P5P1/RKBQ1q1B w - - 0 16,opening,d1f1,267,d1f1:267;d1h5:-502;d1c2:-509;d1f3:-625;c3d4:-689;d1d4:-768;g2g4:-797;d1g4:-823
1nrr1nkn/pppp1p1p/1n2q1p1/4p3/4PP1P/6N1/PPPP2P1/NNRRQ1KN w - - 1 5,opening,f4f5,72,f4f5:72;f4e5:54;e1f1:17;e1f2:15;e1e3:3;g3e2:-22;d2d3:-22;h1f2:-24
1b3r1r/kppb2pq/3np2p/P4p2/1P1P1PPB/3n3B/3PP2P/1KNR1N1R w - - 5 18,opening,c1d3,-493,c1d3:-493;e2d3:-542;b4b5:-637;h4d8:-662;a5a6:-662;f1e3:-666;g4f5:-671;h4e7:-673
rr1nkb1b/1p1p2p1/q4n2/p2Ppp1p/1P4P1/7P/PR1PPP2/RQ1NKBN1 w - - 1 11,opening,e2e3,-172,e2e3:-172;b4a5:-186;b1f5:-197;e2e4:-212;g4f5:-214;f1g2:-243;d1e3:-255;g4g5:-261
nnrr2kq/1p2pppp/p1ppn3/8/3P1PN1/n7/PPP1P1PP/NNRRN1KQ w - - 3 10,opening,b1a3,204,b1a3:204;b2a3:179;f4f5:40;g2g3:10;a1b3:-75;e2e4:-78;e1d3:-82;e2e3:-89
kbbq3r/pp1pprpp/5p1n/1Pp5/P1n1P3/3PQP2/1BP3PP/KB1N1RNR b - - 2 9,opening,c4e3,-572,c4e3:-572;c4b2:7;c4b6:33;h6g4:115;h6f5:141;c4e5:177;c4a5:188;c4d6:211
3kr1b1/1b1p1p1p/pr4p1/Q1p1p3/2P5/4bPP1/P1K1P1P1/B4B1B b - - 2 16,midgame,e8e6,-181,e8e6:-181;d8c7:-171;b7e4:101;f7f5:242;d8c8:254;e3f2:284;h7h5:289;d7d6:301
bqn1brrk/ppppp2p/6p1/n1P2p2/4P3/2NP4/PP3PPP/BQN1BRRK b - - 1 5,opening,h7h6,227,h7h6:227;a5c6:235;h7h5:256;e7e5:335;d7d6:360;b7b5:378;g8g7:384;b7b6:385
1k1r1b1r/Bbp1p1pp/P4p2/5q1b/4P2P/1P4P1/K1bP4/B1QRBB1R b - - 0 16,opening,b8a7,301,b8a7:301;b8c8:519;b8a8:533
bq1brr1b/1kpppp1b/p6p/2P3p1/4P1P1/2Q5/PP1P1P1P/B1KBRRB1 w - - 0 8,opening,e4e5,-213,e4e5:-213;c3a3:-214;c5c6:-233;d2d4:-250;c3c2:-257;c3a5:-260;c3d3:-264;c3c4:-284
rr1kb1nb/ppp1p2B/4qp1P/1P6/P1np1P1p/2P5/3PP3/RRNKBQN1 b - - 0 14,opening,d4c3,-101,d4c3:-101;f6f5:-80;g8h6:-16;e8f7:73;e6f7:82;e6d5:97;e8h5:105;a7a6:138
nnr2k1n/pp2p2p/2p3rn/3p1p1N/PP1P2P1/4P3/2PNK1PP/q1RQNR2 b - - 0 18,opening,a1a4,-80,a1a4:-80;a1a3:-1;a1c3:0;a1b2:81;a1a2:164;a1c1:420;a1d4:531;c6c5:565
2kr1qn1/2p1pp1p/n5Q1/2rNP1p1/N1pP1P2/6n1/PP4PP/1R1KR1NN w - - 2 23,opening,g6a6,99997,g6a6:99997;d5e7:475;g6g8:369;g6g5:292;d5b6:261;g6h7:246;a4b6:192;g6c2:19
br1n1rk1/8/p1pp3p/1p2ppp1/PP4bq/2PP1PP1/2N1R1K1/BRB3QN b - - 1 21,opening,g4h3,-34,g4h3:-34;h4h3:-17;g4f3:92;h4h5:151;h4h1:161;c6c5:279;e5e4:313;f5f4:421
rbrbq1bk/p1pp1ppp/3b4/1p2p3/1Q1P2P1/8/PPP1PP1P/RBRB1BBK w - - 2 4,opening,b4d2,-50,b4d2:-50;b4b5:-91;b4b3:-147;b4e1:-155;b4c3:-192;b4a5:-225;b4d6:-490;f1g2:-520
qbbr2nr/2ppk1p1/pp3p1p/3np3/2P1P1N1/P6P/QP1PRPP1/1BB2KNR b - - 1 10,opening,d5f4,20,d5f4:20;h6h5:121;f6f5:327;c7c6:393;e7f8:398;a6a5:423;d7d6:426;b6b5:452
knnrqbrb/ppppp3/5pp1/7p/6P1/P4P2/KPPPP2P/1NNRQBRB b - - 1 4,opening,e7e5,0,e7e5:0;h5g4:1;f8h6:2;c7c6:9;g8g7:25;e8f7:25;f8g7:28;f6f5:28
1r2nkbb/p1q1nppp/1p4P1/4p3/2ppB3/8/1PPPPP1P/RRNQNKB1 w - - 0 15,opening,g6h7,252,g6h7:252;e4g2:245;e2e3:241;e4h1:240;d2d3:237;c2c3:233;e4f3:230;b2b3:225
rq2kbn1/prp1p1bp/8/2Np4/1p3Pp1/3N2P1/PRP1P2P/R2QKB2 w - - 0 14,opening,d3e5,84,d3e5:84;b2b3:25;c2c4:7;f1g2:0;a1b1:-61;c5b7:-64;e2e3:-75;e1f2:-120
3br1rb/1pkpp1pp/1npn4/P3qp2/P1PP3P/8/N3PPP1/NK1BRQRB w - - 1 10,opening,a5b6,593,a5b6:593;d4e5:489;a1b3:334;c4c5:167;e2e3:75;d1b3:-10;e2e4:-46;g2g3:-67
r2rqbbb/p1kppp2/bp4p1/1P6/P1p4P/4PPp1/R1PP2B1/1KBRQBB1 b - - 2 13,opening,a6b7,133,a6b7:133;a6b5:165;a6c8:169;f7f5:227;d7d6:237;a8b8:242;f8g7:253;e7e5:264
rq1b2nr/b1p2k2/ppNpp3/2P1PP1p/BP4p1/1Q1Pn2P/P4P2/RB2N1KR b - - 5 21,opening,b8c8,460,b8c8:460;b8b7:536;e3f5:538;f7g7:548;d8g5:554;h8h6:567;d6d5:593;b6c5:594
rrb1nnqk/p1pp1ppp/1p6/4P3/Pb5P/8/1PPNPPP1/RRBBN1QK b - - 0 6,opening,b4e7,96,b4e7:96;a7a5:109;f8e6:117;c8b7:122;f7f6:132;h7h6:139;c8a6:140;a7a6:144
qkr1nb1r/p1ppp1p1/p1n5/5p1p/1P6/1PN5/P2PPPPP/QKR2BBR b - - 0 6,opening,c6b4,36,c6b4:36;a8b7:50;e7e5:64;g7g5:67;e8f6:74;h5h4:77;g7g6:86;e7e6:92
bkqrb1br/ppp2pp1/3pB3/P3p3/4P2p/2b5/1P1P1PPP/BKQRB1BR b - - 1 8,opening,c8e6,-439,c8e6:-439;c3d2:-321;h4h3:-283;f7e6:-228;e8d7:-210;c3b2:-108;d8d7:-67;e8b5:295
r1n2nr1/q2ppkpb/1p3p2/p1p4p/P1P1B1PP/1P2PP2/3bK2N/R1NQ2BR w - - 1 17,opening,e4h7,389,e4h7:389;d1d2:328;e2d2:204;e4a8:142;e4d5:109;e4d3:21;c1a2:14;c1d3:-49
kqb1rN1r/ppp2p1p/3p1b2/8/2P3pP/P2Pn3/1P3PP1/KQBBRN1R b - - 0 10,opening,e3c2,-23,e3c2:-23;e3d1:360;h8f8:438;h7h5:441;c7c6:442;f6g7:452;d6d5:453;b7b5:468
rnnbbk2/1p4p1/2p1p1Qq/p2P1p2/2p2P2/1PP1B2P/P1B1P3/1RN2RK1 w - - 1 20,opening,g6h6,394,g6h6:394;e3c5:380;g6e6:324;g6g2:159;g6g3:62;g6e8:-286;g6g5:-370;b3c4:-421
1qb1nr1b/r1k1p1pQ/1ppp1p2/p4P1p/1PPP2nP/2K2N2/P3P1P1/R1B1N1RB b - - 0 12,opening,a5b4,-179,a5b4:-179;d6d5:-140;b8a8:-138;c8d7:-119;b6b5:-119;e7e5:-116;g4f2:-110;c7d8:-97
6rk/n1p1prpp/4npb1/3b4/pq1pN2P/1P1P2P1/P1P2P1K/BQ1N1R1R b - - 0 19,opening,b4b7,-545,b4b7:-545;g6e4:-530;d5e4:-529;c7c5:-528;f6f5:-524;b4b6:-513;g8b8:-513;a4b3:-510
n1rq1b1r/k1pp1ppp/1p3P1n/p3p3/1P1PP1P1/P3Q3/1bP4P/NKRB1BNR w - - 0 11,opening,b1b2,297,b1b2:297;f6g7:116;g1e2:-69;g4g5:-115;d4d5:-122;d4e5:-131;a1b3:-131;g1f3:-138
1nrrqnkn/ppp1p2p/1n6/3P1pp1/P7/1PR1P1N1/3P1PPP/NN1RQNK1 b - - 0 8,opening,f5f4,13,f5f4:13;b6d5:13;e8g6:33;e8f7:118;h7h5:132;b8d7:139;e8d7:144;h8g6:146
1rnnbrbq/kppp1ppp/8/4p3/p6P/PPNP4/2P1PPP1/KRN1BRBQ b - - 2 5,opening,b7b6,206,b7b6:206;d7d6:223;b8a8:234;a7a8:237;f7f5:288;d8e6:290;d7d5:294;a7a6:312
b1rbrbkb/pqp1p1B1/3p4/1p3p1p/1P3P2/8/P1PPP1PP/1QRBRBKB w - - 0 11,opening,g7h8,213,g7h8:213;g7f8:207;b1b3:131;g7a1:109;c2c3:90;g7b2:85;g7d4:50;c2c4:49
k1nr1nqr/p3pp2/1p1p4/2p1b1pp/P2P2NP/6P1/P1PRPP1Q/KBN1B2R w - - 0 10,opening,g4e5,518,g4e5:518;h2g2:453;d4e5:446;g4h6:409;c2c3:378;h4g5:328;c1b3:309;d2d1:300
1bbrk2r/p1p1pp1n/1q6/1p1p2Qp/1P4P1/4N2N/P1PPPP1P/1BBRK2R w - - 1 9,opening,g5h5,368,g5h5:368;g5g7:325;g5e5:318;g5h4:283;g5f4:185;e3d5:-15;e3c4:-32;g5d5:-303
knrbnrbq/p1pppppp/8/1p6/8/P3PPP1/1PPP3P/KNRBNRBQ b - - 0 4,opening,f7f6,77,f7f6:77;f7f5:80;c7c6:80;g7g6:91;e8d6:92;g7g5:98;h7h5:100;b8a6:127
bbqbr1rk/p2ppp1p/1pp4b/6p1/3P2P1/7P/PPP1PPR1/BBQBRB1K b - - 0 5,opening,c6c5,-128,c6c5:-128;e7e6:-123;e7e5:-60;h6g7:-47;h6f8:-35;b6b5:-25;b8d6:-5;d8c7:1
1bb1r1br/2p2p2/q3pkB1/pP1p2pP/5P2/4b3/PPB1P1KP/Q1B1R1BR w - - 3 15,opening,b5a6,655,b5a6:655;f4g5:652;b2b4:578;b2b3:560;g1e3:483;c1e3:454;h2h4:392;g1f2:366
br1brkq1/ppp1p1bp/5p2/1b1p2p1/3P4/4PPP1/1PP1BK1P/BRBR1Q1B w - - 7 10,opening,e2b5,450,e2b5:450;f3f4:112;b2b4:63;b2b3:44;f1h3:41;h1g2:21;f2g1:20;c2c4:-9
1qnr2rn/1pk4n/1n4p1/p1pppN2/P1P1P2p/1PKP2NP/3RN1P1/1Q2N1R1 w - - 0 21,opening,f5h4,16,f5h4:16;e4d5:-84;c4d5:-109;f5h6:-180;c3b2:-192;c3c2:-223;d3d4:-248;e1f3:-266
r1nkrq1n/p1pppppp/np5n/8/8/2P2P2/PP1PPQPP/RNNKR1NN w - - 0 4,opening,e2e4,59,e2e4:59;d2d4:49;g2g4:47;f3f4:37;f2f1:36;e2e3:24;a2a3:18;b1a3:15
nrr1q1bk/2p1ppbp/Q2p2p1/1p6/2PP2Pn/1P6/P3PP1P/1RNRNBBK b - - 2 11,opening,f7f5,-134,f7f5:-134;c7c5:-118;c7c6:-71;b5c4:-62;g6g5:-54;h7h5:-36;e8d7:-10;f7f6:21
knRr1rnn/3p2N1/p6p/3pqp2/5PPP/pQ1PP3/1P1N1R2/1K4N1 b - - 5 20,opening,e5b2,248,e5b2:248;d8c8:473;a3a2:479;e5d6:495;f5g4:497;d5d4:510;h8g6:529;a3b2:546
r1b1qbr1/1p1kpp2/p4b1p/2p3pP/P3p1P1/1P3QbB/2PP1PR1/RBBK3B w - - 2 11,opening,f3g3,41,f3g3:41;f3e4:-10;f3f5:-29;f3e2:-88;f3e3:-275;f3f6:-337;c2c3:-480;g2g3:-481
qbrrn1n1/2p2kbp/3p1pp1/pp2p3/4P3/PP1P1PP1/1QP1N1KP/1BRRN2B b - - 2 9,opening,g7h6,-124,g7h6:-124;d6d5:-120;c7c6:-87;g8e7:-76;c7c5:-60;b8a7:-58;b5b4:-50;f7f8:-43
knrbr1qb/ppppppp1/8/4n2p/1P6/4P1P1/P1PP1PQP/KNRBRN1B b - - 0 4,opening,c7c6,3,c7c6:3;e5c6:88;b8c6:116;d7d5:167;e5f3:411;h5h4:99999;a7a6:99999;g8f8:99999
1k3brb/pp2q1p1/2r1pp1p/2p1R1P1/1b1P4/P2P1PRP/1KPQ4/1B1B1B1B w - - 1 19,opening,a3b4,199,a3b4:199;g5f6:-109;c2c3:-301;e5e6:-319;d2f4:-384;d2f2:-412;d2h2:-434;d2b4:-447
nnnknrqr/1p1p1ppp/4p3/p1p5/8/1P1N1P2/P1PPP1PP/NN1KNRQR w - - 0 4,opening,d3c5,232,d3c5:232;g1c5:216;c2c4:68;d3b2:57;d1c1:55;e2e4:52;h2h4:40;f3f4:30
b1k1q2r/1p3pr1/p5pp/P1ppp1b1/1n1Pn1P1/2Q2P1P/1PP1P1N1/BNKBR2R w - - 1 14,opening,b1d2,-873,b1d2:-873;e2e3:-99999;c3d2:-99999;g2e3:-99999;c3e3:-99999;f3f4:-99999;g2f4:-99999
qrkbrn1b/ppp1pppp/8/3p4/4nP2/6P1/PPPP3P/QRKBRNNB w - - 0 4,opening,b2b4,47,b2b4:47;a2a4:45;h1e4:38;d1f3:-8;a2a3:-28;b2b3:-46;h2h4:-51;d2d3:-62
b1br1rbq/kp1b2pp/5p2/1pppp3/5P2/P1KP2P1/2PRPR1P/B1B1B1BQ w - - 0 11,opening,d3d4,-215,d3d4:-215;e2e4:-234;c3b2:-279;f2f3:-295;h2h3:-304;h2h4:-314;f2g2:-332;e2e3:-343
nB1r2b1/pq1k1pp1/2npp2r/7p/PpP2P1P/1P5R/3PP1P1/NR1NKB2 b - - 2 19,opening,b7b8,-703,b7b8:-703;g8h7:-683;d8b8:-673;c6b8:-654;e6e5:-647;b7b6:-641;a7a6:-638;b7c8:-628
bq1brr2/3b2bk/p1p2p2/1p1pp1pp/P6P/BPPPPP2/3RB1P1/BQ3RKB b - - 1 12,opening,f6f5,-222,f6f5:-222;b5b4:-203;g5h4:-201;c6c5:-197;f8h8:-178;d8e7:-174;a8b7:-161;h7g8:-147
n1nk2r1/2p3p1/1r2ppn1/pPqp1n1P/1P5P/4P1Q1/P1NP2R1/NR1NK2N b - - 3 15,opening,c5b5,118,c5b5:118;a5b4:132;c5c4:223;c5c2:247;c5f8:251;c5e7:282;c5d6:303;c5b4:344
1brbbrqb/pkp2pp1/3p4/4p2p/3P4/2P5/PP2PPPP/K1RBBRQB w - - 0 5,opening,f2f4,-101,f2f4:-101;g2g3:-102;g2g4:-127;d4e5:-132;d1b3:-150;d1c2:-160;h2h3:-164;e1d2:-165
b4b1r/ppq1p1np/1k1p4/n5P1/P2P1P2/2r2P2/2P1P2R/1NRQKBN1 b - - 0 19,opening,c3c6,-5,c3c6:-5;e7e5:74;c3c4:135;d6d5:147;g7f5:152;a7a6:155;e7e6:161;g7e6:189
rq1b2r1/2p4k/bpb1p1p1/p2p3p/1B3pP1/PP1PbP1P/2P1BR1K/R2Q1B2 b - - 1 19,opening,e3f2,-667,e3f2:-667;a5b4:-623;h5g4:-591;d8h4:-584;d5d4:-575;d8f6:-569;a6b7:-563;g8g7:-541
2brrk1b/2p1b1pq/pP1Bbp1p/3pp3/3P2P1/1PPQ1P1P/1B2P3/2RBRK1B w - - 6 20,opening,d6e7,683,d6e7:683;d3h7:547;b6c7:429;b6b7:331;b2a3:299;c3c4:270;d6c7:232;d4e5:199
bkrrq1bb/2pp2pp/p1B2p2/1p2p3/PP1b4/6PB/2P1PP1P/BKRR1QB1 b - - 1 8,opening,a8c6,-375,a8c6:-375;d7c6:-372;e8e7:-363;e8f7:-362;e8f8:-339;f6f5:-197;d4a1:-191;g7g6:-173
1rn1n1kb/rp3pp1/2p2B1p/5q2/p4P2/8/PPbPPNPP/RR1QK2B w - - 0 17,opening,g2g4,-517,g2g4:-517;d1c2:-527;e2e4:-538;f6e5:-539;f6c3:-586;f6d4:-617;b1c1:-622;d1c1:-632
qn1knnrr/pp1pp1pp/2p5/4Np2/8/2PNP1N1/PP1NKPPP/Q5RR b - - 2 8,opening,e8d6,491,e8d6:491;g7g6:543;e7e6:553;d8c7:570;d7d6:574;f8e6:575;e8f6:584;a7a5:587
r1b3rn/4pk2/p4p1p/1Q1pn1p1/2P1b3/P5N1/1P1P2PB/R1BK1R1q b - - 1 21,opening,c8g4,-99998,c8g4:-99998;h1f1:-99997;h1h2:-971;h1g2:-958;a6b5:-746;e4g2:-715;e4f3:-669;d5c4:-619
2qr2kr/pppppNnp/nn4n1/6p1/4P3/QP6/P1PP1PPP/NN1R1NKR w - - 1 7,opening,f7d8,272,f7d8:272;f7h8:246;f7h6:215;f7g5:134;f7e5:-218;c2c4:-226;h2h4:-242;b3b4:-252
kr1b1r2/1ppppb2/2n2n2/p4p1p/2P2qP1/NR2QN1P/PP1PPB2/K2B1R2 w - - 2 16,opening,e3f4,676,e3f4:676;g4f5:156;g4g5:109;e3c3:41;b3b5:-10;g4h5:-29;f3g5:-69;d2d4:-100
br1q4/3pk1pr/p2b2Pp/p1p1pP2/3N3P/3PR3/1PP2P2/BBRQKN2 w - - 1 18,opening,d4c6,684,d4c6:684;f5f6:675;d4e6:653;g6h7:647;d4f3:644;d1g4:641;d4b5:635;d4e2:578
rn1qk1nr/ppppppp1/3n2np/8/8/2P1P1N1/PP1P1PPP/RNNQ1KNR b - - 0 4,opening,c7c5,12,c7c5:12;e7e5:20;b8c6:34;g8f6:49;e7e6:62;b8a6:63;d6c8:66;a7a5:67
2r1r2n/knpn3q/3p2p1/p1P1p1N1/1P2n1Pp/6R1/P2P1P1P/KN1RQ2N b - - 1 19,opening,e4g5,-405,e4g5:-405;h7e7:-214;h7g7:-188;h7g8:-140;h7h6:-51;h4g3:317;a5b4:321;d6c5:341
kbn1bnqr/p1prpppp/8/1p1p4/2N4B/3P1P2/PPP1P1PP/KBNR2QR b - - 1 5,opening,b5c4,-283,b5c4:-283;d5c4:-283;g7g5:-214;f8g6:-94;f7f6:127;a7a6:175;f8e6:175;c7c5:194
qrbnn1kr/2p3pp/pp6/2bppp2/1P2P3/4NN2/P1PP1PPP/QRB2BKR w - - 0 7,opening,b4c5,454,b4c5:454;a1e5:452;e4f5:284;e4d5:283;e3f5:237;e3d5:226;f3e5:195;d2d4:183
brq3bb/p1pk1ppp/1B2r3/bP1pp3/4P3/2P2P2/1PQPK1PP/BR2RB1B b - - 4 8,opening,a5b6,-145,a5b6:-145;e6b6:9;c7b6:51;a7b6:100;b8b6:115;a5c3:247;c8b7:255;a5b4:323
r2b1nkn/2ppp1pp/3B2b1/qp3p2/p2P3P/PPQ3N1/2P1PPP1/RR1B1K1N b - - 4 11,opening,a5c3,-430,a5c3:-430;c7d6:291;e7d6:312;a4b3:411;a5a6:430;a5b6:439;c7c6:441;h7h6:457
bbbk1brr/3pp1p1/1p3p1p/p1p1q3/1P6/2PB1P2/P2P2PP/BBBKQ1RR b - - 0 9,opening,a5b4,-202,a5b4:-202;c5b4:-186;e5e1:-169;g7g5:-145;e7e6:-122;c8b7:-121;e5c7:-121;h6h5:-116
2rbrkq1/5p1p/2n3p1/pp3P2/5Q1P/PP1Pb3/2P1K1P1/NNRBR2B b - - 0 14,opening,e3c1,-822,e3c1:-822;e3f4:-797;c6d4:-693;g6f5:-627;d8h4:-486;e8e5:-471;g8g7:-458;g8h8:-441
n1nr1rk1/p1p1pp1n/n5pp/1p1p1P2/2P4P/P2PP3/1P1N2q1/1NNRNRKQ w - - 0 16,opening,e1g2,733,e1g2:733;h1g2:725;g1g2:636
brrkb1bq/p1ppp1bp/5p2/1pB3p1/P3P1P1/2P2P2/1P1P3P/BRRKBB1Q b - - 2 6,opening,g8b3,-237,g8b3:-237;d7d6:-191;g8a2:-157;b5a4:-151;a7a5:-123;f6f5:-109;h7h5:-107;e8g6:-94
nqrn1bbr/2p1k1Bp/p2pp3/1p3pp1/P1P2PN1/8/1P1PP1PP/NQR1KBR1 w - - 2 10,opening,g7f6,282,g7f6:282;g7h8:280;g7f8:122;g7c3:111;g7d4:99;g7h6:-220;e2e4:-252;g4e3:-259
q1r4n/kb1p3p/7n/1pb1p1PB/p2pP3/PP3P2/Q1PP2P1/1KBRR2N b - - 0 16,opening,h6f5,333,h6f5:333;a4b3:334;d4d3:338;c5e7:360;h6f7:370;c5b6:372;c8g8:372;h8f7:380
k3nrr1/pppn1ppp/2n3n1/8/4p3/2PNPP2/PP1q2PP/KN1Q1RRN w - - 0 10,opening,b1d2,393,b1d2:393;d1d2:383;d3f2:-471;d3b4:-492;f3e4:-517;d3f4:-518;d3c1:-526;d1b3:-558
1br1rkn1/qppppp2/8/p5pp/P2b2PP/Q4NP1/1PPRP3/1BR2KNB b - - 0 10,opening,d4c5,118,d4c5:118;d4e3:132;d4g1:196;d4f2:209;d4b6:209;c7c5:248;d4f6:288;d4h8:310
b1r1rbbb/Bppkp1pp/3p4/5p2/2P2P2/PP5q/3PP1P1/BRQKRB1B w - - 0 8,opening,g2h3,703,g2h3:703;a1g7:-135;c1c2:-216;e2e4:-223;b3b4:-238;c1c3:-240;e2e3:-241;a3a4:-252
kr1bnr1q/p4bNp/1pp5/2n1pppP/1PP2P2/P3p1P1/3PB2Q/KNR2RB1 b - - 0 18,opening,c5b3,-431,c5b3:-431;e5e4:-387;h8g7:-387;e8g7:-353;e5f4:-342;g5f4:-320;e3d2:-279;b8b7:-270
3Qnrqn/pr2p3/5p1p/1kp5/pP3Pb1/1BP1PN2/3P2PP/KRB2R1N w - - 0 17,opening,b3a4,99997,b3a4:99997;f3d4:99997;c3c4:99992;f3e5:1063;d8a5:989;b3g8:971;b3d5:852;d8d3:777
nnn1q1rk/p2rp3/P2p1p1p/1Pp3p1/3NP1PP/1P1n2Q1/3P3N/NN1R2RK b - - 0 14,opening,d3f4,-203,d3f4:-203;c5d4:-149;d3e5:-51;d3b4:-15;d3b2:19;d6d5:43;d3c1:45;e7e5:57
brqk2b1/pp2rp1p/2B1p2p/2pP4/4P3/2b1R3/PPP2PPP/BRK3BB w - - 1 13,opening,e3c3,-259,e3c3:-259;c6b5:-315;d5d6:-339;c6a4:-357;b2c3:-369;e3g3:-373;f2f4:-387;c6b7:-399
qbrnk1rn/p3p2p/p2p1p2/2p3p1/NP2P3/6b1/PQPPKPPP/1B2RR1N b - - 1 10,opening,g3e5,-458,g3e5:-458;g3h2:-404;g3f4:-354;a8c6:-316;g3h4:-263;a8e4:-235;a8b7:-173;h8g6:-129
k1nqrnnr/3pppp1/1p6/p6p/Pnp1N2P/2P3N1/1P1PPPP1/KNNQ1R1R w - - 0 14,opening,c3b4,358,c3b4:358;e4g5:346;g3f5:296;b1a3:249;d2d3:235;d2d4:230;e2e3:187;f2f3:155
knr1nqrn/p2pppp1/1pn4p/2p5/4PP1P/8/PPPPQ1P1/KNRNN1RN b - - 1 5,opening,f7f5,1,f7f5:1;g7g6:28;g7g5:36;c6d4:40;e7e6:48;h8g6:52;e8c7:58;f7f6:60
brqkr1bb/p1ppppbp/6p1/1p6/4P2P/3B4/PPPP1PP1/BRQKR1BB w - - 1 4,opening,b2b3,-140,b2b3:-140;f2f4:-141;f2f3:-149;b2b4:-155;g2g4:-156;g2g3:-159;h4h5:-190;a2a3:-201
qbr2b1r/2pkpnp1/8/pP1p3p/1PR2P2/3K1P2/P5PP/Q2N1BNR w - - 2 14,opening,c4c6,-145,c4c6:-145;c4c1:-153;c4c2:-174;c4c5:-217;c4c3:-235;d3c2:-271;c4d4:-277;a1d4:-305
q1kbrrnb/np2p3/p1Bp4/1Np4p/3P1p1p/1P4PP/PQPKPP2/3BRR2 b - - 4 16,opening,a7c6,-799,a7c6:-799;d8a5:-673;a7b5:-661;b7c6:-628;a6b5:-536;c8b8:-490;f4g3:-468;h4g3:-464
kbb2q1r/ppn2n1p/2p2p2/2P1pNpP/PP2p2Q/2r2P2/K2P2P1/R3BN1R w - - 5 22,opening,h4e4,-574,h4e4:-574;h4f2:-671;d2c3:-690;h4h3:-698;h4g4:-700;h4g3:-719;h4h2:-744;a2b2:-802
nqbrk1br/1ppp1p1n/p3p1pp/8/1P1P3P/2P1N3/P3PPPR/NQBRK1B1 b - - 0 6,opening,a8b6,197,a8b6:197;b7b5:201;f7f5:201;d7d6:210;e8e7:243;h7f6:244;h6h5:245;d7d5:251
1kqrbb1r/2pppbpp/ppb2p2/8/3PP3/P1P2P2/1P4PP/BKQRBBBR w - - 1 6,opening,d4d5,48,d4d5:48;c3c4:23;d1d2:-117;e1g3:-136;g1e3:-139;b2b4:-143;h2h4:-147;f1d3:-154
n2qkn1n/pprnpp1p/3p4/2p4P/1PP1P1p1/1Q3rP1/P2P1P2/NNRNK1RN w - - 3 10,opening,d1e3,-138,d1e3:-138;d2d3:-153;b1c3:-175;b3c2:-213;c1c3:-222;b3a4:-222;b3b2:-230;d1c3:-272
1kb3nb/1qpn1Bp1/r2r4/3pp1Pp/pPpP1P2/P1P1B2P/Q2RP3/4KRN1 b - - 0 23,opening,e5d4,-126,e5d4:-126;e5f4:-59;g8h6:-35;e5e4:9;g8e7:74;g7g6:138;d7f6:138;d6b6:146
rbrb3k/2p1p1bp/qp1pb1p1/p4p2/PPPPP3/5BP1/2Q2P1P/RBR2BBK w - - 3 12,opening,b4b5,440,b4b5:440;e4f5:431;c4c5:401;f1g2:381;c2d1:361;c2e2:359;c2b3:311;f1d3:303
qbr1kb1r/2ppp2p/4n1p1/3P3P/pp2Pp1R/PBPRnP2/1P4P1/2QNKBN1 b - - 2 19,opening,e6c5,-223,e6c5:-223;a4b3:-155;e6d8:-70;e6g7:0;e3g2:28;e6g5:74;e6d4:135;b4a3:209
nqrnkbbr/p1pp1p2/1p2p1pp/8/2PN3P/5P2/PP1PPBP1/1QRNKBR1 b - - 1 9,opening,c7c5,50,c7c5:50;f7f5:66;a7a6:80;g8h7:82;g6g5:90;f8e7:92;f8g7:107;e6e5:109
1nrr1qkn/pp1p1p2/2p1p1np/1Pn3PN/3P2P1/P1P4P/4P3/NNRRQ1KN w - - 1 12,opening,d4c5,361,d4c5:361;h5f6:348;b1d2:345;h1f2:343;h1g3:335;g5h6:315;b5c6:303;h3h4:275
1q1brrb1/pb2p1bp/1kp2pp1/1p1P1Q2/3P1P2/P3B2P/1P2P1P1/B1KBRR1B w - - 1 10,opening,f5c2,39,f5c2:39;f5d3:9;f5b1:-46;f5e4:-48;f5g4:-155;f5d7:-216;g2g4:-305;d5c6:-318
qb1r1b1n/pkn2pr1/2ppp3/1pQ4p/5pP1/1P5B/P1PPP2P/1BKRN1RN w - - 4 12,opening,c5h5,-227,c5h5:-227;c5f2:-277;c5d4:-292;c5c3:-302;c5a3:-335;c5b4:-355;g4h5:-601;e1d3:-622
1bbq2nr/1p2pkN1/r2p1pp1/p1p4p/P4PPP/1P2P3/2PPK3/RBBQ1B1R w - - 1 13,opening,g7f5,95,g7f5:95;e2f2:8;e2e1:-7;f4f5:-105;f1g2:-139;g7e6:-140;d1e1:-162;f1h3:-179
rbknbrnq/ppppp2p/5p2/6p1/4P1P1/1P5N/P1PP1P1P/RBKNBR1Q b - - 0 4,opening,f6f5,-143,f6f5:-143;h7h5:-87;a7a5:-79;c7c6:-77;e7e5:-67;c7c5:-62;h7h6:-53;f8f7:-49
1b1bkrrb/pqpp3p/5pp1/4pP2/1B4P1/PP2Pb2/2PPB2P/1BQK1RRB w - - 0 11,opening,e2f3,556,e2f3:556;h1f3:530;f1f3:506;f5g6:445;b4f8:410;c2c3:359;c2c4:350;h2h3:333
nkr5/p3bp1p/Bpr3p1/1Np1p1P1/2B1p2P/P4q2/PKPP2R1/N1R3Q1 b - - 5 23,opening,a8c7,569,a8c7:569;e4e3:606;c8d8:608;c8f8:609;f3h3:618;f7f5:622;f3h5:623;e7d8:644
bN3rrk/1p2pn2/1n6/P2pP2p/2p2p1P/1bP5/2QPP1P1/B3BNRK w - - 0 21,opening,c2f5,428,c2f5:428;c2b1:382;c2c1:347;c2b2:336;b8d7:134;c2b3:60;a5b6:-28;e5e6:-60
bbr1rbbk/5p1p/pppP4/4pQ2/2P2PPp/3B4/4B3/q1R1R1BK b - - 3 17,opening,c6c5,-309,c6c5:-309;a1a3:-172;a1a4:-151;a1b2:60;a1a5:62;a1a2:69;a1c1:80;e5f4:263
qnnk1nrr/1p1p2p1/p1pn4/4Pp1p/6P1/1P1P4/P1P1P2P/QNNKNNRR b - - 0 7,opening,d6f7,320,d6f7:320;f8e6:365;h5g4:366;d6b5:367;a8a7:369;c6c5:371;f5g4:381;d6e8:395
qbrrnk1b/p1p3pp/1pNpp2n/5p2/8/5P2/PPPPPKPP/QBRR2NB w - - 0 6,opening,c6d8,92,c6d8:92;c6b8:-107;c6d4:-230;c6b4:-257;g2g4:-433;c6a5:-433;c2c4:-435;d2d4:-442
r1nq2br/bpppkppp/4p1n1/8/P4P2/6P1/1PPPP2P/RBNQKN1R w - - 0 5,opening,d2d4,-317,d2d4:-317;c2c4:-333;h2h4:-341;e2e4:-341;c2c3:-342;b2b4:-343;e2e3:-350;a4a5:-358
q1br1bnn/pkpNrppp/1p2p3/8/5P2/8/PPPPP1PP/QKBRRB1N w - - 1 5,opening,d7f8,331,d7f8:331;d7e5:171;d7b6:-241;g2g4:-260;d7c5:-262;g2g3:-286;e2e4:-288;h1f2:-291
r2kNq2/1ppnp2p/p1n5/4npP1/1Pn2P2/2Np3P/P2PP3/R1NKRQN1 w - - 0 13,opening,e2d3,380,e2d3:380;c1d3:283;a1b1:231;c1b3:172;c3a4:162;e2e4:-99999;c3b1:-99999;g1f3:-99999
b1n2r1k/1p2pnrp/2p2p2/6p1/pP6/B1PPPP2/Q5PP/1bN1BRRK w - - 3 19,opening,a2b1,591,a2b1:591;a2b2:529;a2a1:493;a2e2:472;a2e6:456;a2f2:452;a2d2:449;a2c4:428
rbk1br2/1ppp1p1q/p1n3pn/4p2p/N7/PP2PNP1/2PP1PQP/RBK1BR2 w - - 2 11,opening,d2d4,30,d2d4:30;c2c4:8;a1a2:-11;d2d3:-12;c1b2:-36;h2h4:-38;c2c3:-43;a4c3:-52
1rn1kn1r/3pp2b/pp3qp1/2p4p/1PP3P1/P5PN/B2PP2P/R1N1K1BR w - - 0 16,opening,d2d4,-501,d2d4:-501;a1b1:-533;c1b3:-535;g1d4:-581;h3g5:-615;d2d3:-615;g1e3:-621;g4h5:-626
b1qrbk1r/2pp4/1pn4p/5pQ1/pPPP1pPn/8/P2NP3/BR3NRK b - - 1 17,opening,c6d4,-802,c6d4:-802;h6g5:-719;c6e5:-686;c6e7:-592;c6b4:-582;c6a5:-549;c6a7:-549;c6b8:-540
nnn1nrq1/3pkp2/4p3/N2N2p1/p5p1/3QPP2/1PPP4/NN1K1R1r b - - 2 18,opening,e6d5,-292,e6d5:-292;e7d6:206;e7d8:99999
nnr2nk1/n1pp4/1p2p1q1/p1N4p/8/P1N2P1P/1PPPP1P1/2NR1NRK b - - 2 13,opening,b6c5,-356,b6c5:-356;g8f7:-247;b8c6:-237;a7b5:-236;g6g7:-234;g6h6:-233;g6f7:-232;d7d5:-222
kqr3rb/1p1p1pNp/p5p1/b1p2n2/P1P5/1B1p1P2/1P2P1PP/KQ2RNRB b - - 2 11,opening,f5d4,-504,f5d4:-504;a5e1:-469;h8g7:-432;g8g7:-403;f5e7:-396;f5g7:-395;d3e2:-369;d3d2:-367
n3kr1q/pnppn2p/3n2p1/1r2pp1P/4P3/1N3PP1/1PPP4/N1RNKRNQ w - - 0 10,opening,d2d3,11,d2d3:11;c2c4:-21;f1f2:-30;d1c3:-38;g1e2:-39;h5g6:-45;d1f2:-65;g1h3:-69
nr1br1nk/p2Bp2q/1p3p2/P1p3pp/2P4P/1N4bQ/1P1PP1P1/2RBR1NK b - - 0 13,opening,d8c7,-46,d8c7:-46;g3e1:13;e7e6:201;g3h4:244;g5h4:264;g3e5:276;h7h6:278;g3d6:282
rn2rq2/p1pk1pp1/5nn1/1p1pp2p/nPPP1N2/4P3/2K2PPP/RN1R1QNN w - - 1 11,opening,c4c5,-235,c4c5:-235;c4b5:-246;f4d3:-253;a1a4:-268;f4d5:-290;f4g6:-309;c4d5:-333;d4e5:-398
bbrqkn2/pppppp2/6pr/4B3/1P4n1/4PQ2/P1PP1PPP/1BR1KNNR w - - 6 7,opening,f3g4,309,f3g4:309;e5f4:241;e5g7:147;e5g3:114;e5b2:85;e5a1:61;e5d4:32;e5c3:22
2r1r1bb/1bkpp2p/p6b/PpP2p2/1B1q1p2/8/1P1RP1PP/BKQR1B1B w - - 2 19,opening,d2d4,316,d2d4:316;c5c6:-158;c1c2:-253;g2g4:-262;g2g3:-282;d2d3:-370;c1c3:-412;e2e3:-469
knnq1rrn/pp1ppp1p/2p3p1/4Nn2/2P4P/5P2/PP1PP1P1/KNNQ1RRN b - - 0 5,opening,f7f6,-62,f7f6:-62;d7d6:-58;f5h4:-52;h7h5:-47;d7d5:-45;b8a6:-44;e7e6:-42;d8c7:-38
kq1rbbrb/pp4pp/3p4/2p2pb1/1P2pP2/1Q2P2P/PKPPB1P1/2RBB1RB w - - 2 8,opening,b3g8,201,b3g8:201;f4g5:186;d2d4:174;b2b1:149;c2c3:133;e2c4:132;g2g4:76;b4c5:13
nr1nq1kn/1p1p1prp/2pn2p1/p3p3/4PP1P/1PPN1QN1/P2PK1PR/NR1N4 w - - 0 15,opening,f4e5,295,f4e5:295;d1e3:191;d3e5:154;f4f5:146;a1c2:139;d1f2:130;h2h1:112;h2h3:88
n3r1nn/p3k3/n4Rpq/1p3pp1/NP2p3/4PP1P/1KPr4/N3RQNN b - - 6 21,opening,h6g7,-448,h6g7:-448;g8f6:-422;e7f6:-330;a6c7:-290;a6b4:-282;a8c7:-252;a6b8:-249;b5a4:-245
qbrrn1nb/1p2pkp1/5p1p/p1pp4/2P5/1P1PP2P/PQ3PP1/1BRRNKNB b - - 0 8,opening,d5d4,177,d5d4:177;e7e5:182;e7e6:217;b7b6:224;g7g6:244;f6f5:247;g7g5:251;a8a6:254
rn2qbnr/p1pk1ppp/1p1p4/4p3/P2N2bP/2P5/1P1PPPP1/R1BKQBNR b - - 2 6,opening,e5d4,-389,e5d4:-389;d7c8:-59;d7d8:-55;b8c6:-49;g8f6:-29;d6d5:-20;c7c5:-10;a7a5:0
bk3qbr/3p1pBp/pb2p3/2r5/BpP5/4PRbp/P2P1PP1/1K1RQBB1 w - - 3 17,opening,g7f8,532,g7f8:532;f3g3:497;g1h2:370;d2d4:308;g7h8:241;a4c2:225;g2h3:211;d1c1:192
rn1kr1n1/p1p3pp/1p1np1q1/3pPp2/P2PP3/1NP5/1P4PP/RNR1KQNN b - - 0 10,opening,d6e4,270,d6e4:270;d6c4:324;f5e4:367;d6f7:371;g8f6:399;g8h6:400;c7c5:403;d5e4:411
qbnnrr2/1N2p1pk/3pbp2/p4P1p/P3P3/2PP2BP/1P4P1/1BR1NR1K b - - 1 19,opening,e6d7,-530,e6d7:-530;a8b7:-521;e6f7:-515;e6b3:-490;e6g8:-480;e6f5:-474;e6a2:-456;d8b7:-440
kbrb1rqb/pppbppp1/7p/3p4/5P2/P5P1/1PPPP2P/KBRBBRQB w - - 1 4,opening,h1d5,175,h1d5:175;e2e4:132;c2c4:105;g1g2:83;d2d4:75;b1a2:74;e2e3:61;g3g4:53
rn1bqrnk/2p1pppp/8/ppP1P2b/BP1p3P/N4PP1/P2P2Q1/R1B2RNK w - - 1 15,opening,a4b5,28,a4b5:28;a4b3:15;a4d1:-36;f3f4:-86;a4c2:-105;g3g4:-147;g2f2:-221;g1e2:-234
qr1nnbkr/1pp1pppp/3p4/p7/bP2P3/3B2PP/2PP1P2/QRBNN1KR b - - 0 6,opening,a5b4,-152,a5b4:-152;a4c6:-12;a4d7:-4;b7b5:4;a4c2:283;d6d5:330;c7c5:330;a4b3:337
qbrkb2b/2ppp1pp/pp2r3/2P2p2/1P6/2K5/b1QPPPPP/1BR1BRBB w - - 1 10,opening,b1a2,181,b1a2:181;c2a2:171;g2g3:-208;g2g4:-230;f2f4:-237;d2d3:-239;d2d4:-258;f2f3:-298
5b1b/1rk5/1b1p4/pBp1r1p1/2P1P2p/PB2B2q/1P4PP/RKR4B b - - 5 22,midgame,h3e3,-410,h3e3:-410;h3h2:-309;h3e6:-309;h3c8:-306;h3g4:-295;h3f5:-12;h3d7:31;e5e4:58
nnnrq1rk/2pp1p2/1p6/p3p2p/2N1P1P1/3PN2p/PPn2P1K/NRN1Q1R1 b - - 1 12,opening,c2e1,-675,c2e1:-675;c2d4:-44;c2e3:63;c2b4:123;d7d5:181;c2a1:184;b6b5:222;f7f5:287
r1nk3n/p1q2prp/1pn3p1/2ppP2P/PP1n2P1/1NP3N1/4PP2/R1QNNKR1 b - - 0 18,opening,d4b3,-120,d4b3:-120;d4e6:332;f7f5:481;g6h5:513;d4e2:526;f7f6:530;c8e7:534;a7a5:548
qrkbr1nb/1pp1ppn1/7p/p5p1/3PP1PP/1PpR1P2/P7/QRKB1NNB b - - 1 13,opening,g7e6,-151,g7e6:-151;e7e5:-150;a8a6:-138;a8a7:-126;b7b5:-112;c7c5:-111;c3c2:-110;g8f6:-69
rr3n1k/ppp2ppp/2b2bq1/2Pp4/1P2p2n/Q3R1N1/P2PPPPP/R2BB1KN w - - 2 13,opening,a1c1,-267,a1c1:-267;a1b1:-297;e3c3:-360;b4b5:-394;a3c1:-394;d2d4:-398;f2f4:-433;d2d3:-454
1rrbqbbk/4pp1p/p2pP3/1pp3p1/B1P2b2/P5P1/1PBP1P1P/RBRQ2BK w - - 0 11,opening,c2h7,324,c2h7:324;c4b5:313;d1h5:242;g3f4:222;a4b3:213;d1g4:173;a4b5:147;d1f3:100
bbb3rr/ppkq1pbp/B1p3p1/3pp3/P4PP1/2P3Q1/1P1PP2P/B1BK1BRR w - - 2 8,opening,a6d3,-124,a6d3:-124;f4e5:-316;g4g5:-337;d2d4:-339;f1h3:-344;b2b3:-345;c3c4:-347;a6b5:-366
k4nn1/qbp2rpr/4p2p/pp1p1pb1/P2P1P2/1P2P3/1QPNN1PP/K1BBR2R w - - 4 15,opening,f4g5,516,f4g5:516;d2f3:265;a4b5:253;c2c4:249;e2c3:247;h2h4:198;b2a2:197;h1g1:188
2bbR3/qp1p3r/p2b1kB1/4p1pp/1p1PP3/1bP3P1/PB1K1P1P/QB4BR w - - 1 23,opening,d4e5,594,d4e5:594;g6h7:578;a2b3:545;b1d3:503;c3c4:502;f2f4:482;g6f5:471;h2h4:451
nb3kr1/1bpp4/1p6/p1nP3p/2Pqp2P/P2N1rP1/BPN1P3/2BKR1RQ b - - 0 17,opening,f3d3,415,f3d3:415;c5d3:509;d4d3:520;d4g1:528;d4g7:567;d4h8:578;d4f6:609;f3f6:656
nk2rbnr/ppbp1qp1/4p3/2p2p1p/B2P2P1/2P4P/PP2PP1R/NKR1QBN1 w - - 2 8,opening,h2g2,-119,h2g2:-119;h2h1:-183;d4c5:-319;g1f3:-333;b2b4:-343;a1b3:-347;f2f4:-351;f1g2:-359
nk1r1nrq/ppp1ppp1/5n1p/3p2n1/3P1PP1/N2NN2P/PPP1P3/N1K1R1RQ w - - 2 11,opening,d3e5,389,d3e5:389;f4g5:379;e3f5:268;c2c4:247;d3b4:214;e3d5:201;a1b3:193;h3h4:182
bqbbr1rb/p1pp1ppk/1p2pB2/7p/1P3P2/8/P1PPP1PP/1QBBRRKB b - - 5 6,opening,g7f6,-392,g7f6:-392;d8f6:-370;c8b7:-54;c7c5:-52;g7g6:-38;a8g2:-8;a7a5:8;d7d6:20
rn1bbq2/3ppr1k/2Q3p1/5p1p/p1pPnPPP/4P3/1PPB4/RNNR2K1 w - - 0 16,opening,c6a8,52,c6a8:52;c6b7:-173;c6c8:-222;c6c4:-426;c6d5:-455;c6b5:-475;a1a4:-640;c6a4:-712
rn3rqn/ppp1kp1p/8/2Ppp2n/n2PPp2/6NP/PP1K1PP1/RNN2RQ1 b - - 0 10,opening,f4g3,-572,f4g3:-572;h5g3:-478;f8d8:-401;h5f6:-397;h5g7:-389;d5e4:-387;b8c6:-350;e5d4:-346
rknqbbnr/2ppp1pp/pp6/5p2/6PP/2P4N/PP1PPPB1/RKNQB2R b - - 3 6,opening,f5g4,-126,f5g4:-126;d7d5:115;e7e5:146;a8a7:151;g8f6:158;c8d6:164;c7c6:177;e7e6:180
1krn1nrn/1ppqp2p/3p2p1/p4p2/4N2P/N1P1NP2/PP1PP1PN/KR3QR1 b - - 1 10,opening,f5e4,206,f5e4:206;d7a4:434;d6d5:437;b7b5:460;g8g7:462;h8f7:479;c7c6:484;d8c6:487
rbr1bqbk/1pp2p2/5b2/p5pp/B2Pp2P/2P3P1/PP1BPP2/R1R2QBK b - - 1 11,opening,e8a4,-438,e8a4:-438;g5h4:-335;g5g4:-322;g8h7:-292;f8g7:-291;e4e3:-278;f6g7:-269;f6e7:-259
rn1rknq1/2p1pppp/1p3n2/p1np4/P4P2/3PP3/1PP1Q1PP/RNNRK1NN w - - 2 11,opening,g1f3,74,g1f3:74;g1h3:45;e1f1:44;h1f2:33;b1c3:30;b1d2:26;d3d4:26;h1g3:24
qbkr1brn/ppp2ppp/3n4/3p4/4pP2/3NP1N1/PPPPB1PP/QBKR2R1 b - - 1 5,opening,e4d3,-49,e4d3:-49;c7c6:-43;g7g6:-20;h7h5:3;f7f5:15;d8e8:58;b7b6:104;b7b5:119
rr2kqnn/pp3p2/n3p1pp/2pp3N/n5P1/P7/1PPPPP1P/RNNRKQN1 b - - 0 10,opening,g6h5,-452,g6h5:-452;a4b2:-331;b7b5:-269;b8d8:-260;a6c7:-256;f8e7:-251;f8d6:-232;c5c4:-232
krbb1rq1/p1pp4/4p1nB/8/2n5/1PpP2NP/P4RP1/1KRBN1Q1 w - - 1 17,opening,d3c4,280,d3c4:280;h6f8:218;f2f8:53;d1f3:28;d3d4:-49;g3h5:-57;e1c2:-100;a2a4:-113
k1br4/b1p3rp/1p1P4/Q4pp1/PPq1N1nn/K4N1P/4PPP1/1BBR1R2 w - - 1 20,opening,a5b5,344,a5b5:344;a5d5:273;f3e5:110;f3d2:76;d1d4:15;b1a2:-35;b1d3:-183;a5e5:-304
qb1nrnr1/1k1pppbp/2p3p1/pp6/2P5/4N1N1/PP1PPPPP/QBK1R1RB w - - 2 7,opening,c4b5,-97,c4b5:-97;g3e4:-235;b1d3:-253;a2a4:-261;b1c2:-263;a2a3:-270;c1d1:-277;g3f1:-293
1qkb1rbr/3p2p1/2p2p1p/pp6/1PbP1b1P/PQ2PPPR/3KBB2/3BR3 b - - 1 17,opening,c4b3,-726,c4b3:-726;c4e2:-536;f6f5:-526;f4c7:-514;d8e7:-508;f4d6:-506;a5b4:-502;c8b7:-498
1n1kq2n/n1npprNp/pp3P2/2p1Q3/6pP/NP4P1/P1PP1P2/N2K1RRN b - - 1 15,opening,e8f8,351,e8f8:351;e8g8:391;f7g7:525;d7d6:596;a7c6:596;b8c6:601;h8g6:625;e7f6:710
rkq4b/ppp4p/4r1p1/1B1pP3/Q3p3/bB2B1bP/PP1P2P1/RKR4B w - - 0 18,opening,b5d7,403,b5d7:403;a4a3:358;b3d5:318;c1f1:313;c1c3:303;b2a3:302;d2d4:276;e3d4:264
rq1nkr1b/pbpp2pp/1p6/1N2pp2/2P3n1/8/PP1PPPPP/RQB1KRNB b - - 1 7,opening,g4h2,-313,g4h2:-313;d8e6:-281;a7a6:-280;c7c6:-279;h7h6:-244;g7g6:-238;a7a5:-236;e5e4:-232
k1r1n1r1/pp3p2/1bp1pnp1/3p3p/P5N1/1BPP1BqP/1R2PP2/K1Q1NR2 b - - 1 14,opening,g3d6,123,g3d6:123;g3c7:125;g3b8:134;g3h3:158;g3h4:355;b6f2:420;b6e3:489;h5g4:490
1k1n1q1r/1rp1np2/np1pp1p1/p5Rn/PP6/5P1P/N1PPP1Q1/1KRNN2N w - - 0 17,opening,b4b5,-219,b4b5:-219;g5g4:-260;e2e3:-268;g2f1:-268;g2h2:-271;e1d3:-272;c2c3:-275;e2e4:-280
k5nr/2Q2rp1/3q1pn1/pP1pp2p/8/N4NP1/P2PPP1P/KR3N1R w - - 3 23,opening,c7d6,1008,c7d6:1008;c7f7:631;c7c6:591;c7c8:558;c7c2:512;c7c1:512;c7c3:497;c7a5:365
1b1rnrbk/2p5/1p1pppp1/p5p1/P4q2/2n1P1P1/NPPP1PKP/QBR1R1B1 w - - 0 17,opening,e3f4,410,e3f4:410;g3f4:406;a2c3:-69;b2b4:-165;e3e4:-169;f2f3:-177;b2b3:-183;d2d4:-224
brqnbk1r/1ppp1ppp/p6n/4p3/6P1/7N/PPPPPP1P/BRQNBKR1 w - - 0 4,opening,d2d4,29,d2d4:29;b2b3:29;f2f4:23;f2f3:17;b2b4:9;d1e3:0;d2d3:-43;c2c4:-45
1b1kbrnq/1p1p1pp1/r1p4p/6n1/N2pP2B/2P2P1P/P3N1P1/RBK2R1Q w - - 2 12,opening,a4c5,147,a4c5:147;h4g5:-111;f3f4:-127;b1c2:-158;h1g1:-165;c3d4:-168;a4b2:-182;e2d4:-195
rq1r1nbn/1p1b2pp/3k4/p1pppp2/P3PPPP/1P2N3/1QPPK2B/R1BR3N w - - 1 12,opening,b2e5,419,b2e5:419;e4d5:336;f4e5:316;g4f5:315;e3f5:281;e4f5:270;e3d5:239;c2c4:235
1nr1rqn1/2n2pp1/k3p1np/N2p2P1/pPN2P2/2P5/1K1PPQ1P/3R1RNN b - - 4 23,opening,d5c4,277,d5c4:277;c7a8:281;b8d7:287;a4a3:368;d5d4:583;f8b4:585;f8d6:776;f8c5:779
knqrbrn1/ppppp2p/5b2/5pp1/5P1P/7N/PPPPP1P1/KNQRBR1B w - - 2 4,opening,f4g5,196,f4g5:196;h4g5:157;h3g5:72;g2g4:71;d2d4:13;d2d3:-12;e2e4:-32;g2g3:-38
rn2kbnr/1p1pppp1/p2n1q1p/2p5/4P1P1/P2P1PQN/1PP4P/RNN1KB1R b - - 0 8,opening,f6b2,-240,f6b2:-240;e7e5:-19;b8c6:-18;d6c8:-13;g7g5:-12;d6b5:-5;h6h5:57;f6d4:105
1nb2knr/rp1p2bp/p3p3/2P2ppq/1Q6/P3BN1R/RPP1PPP1/1N1K1B2 b - - 1 13,opening,h5e8,223,h5e8:223;h5g4:235;h5f7:263;h5g6:288;a6a5:350;b8c6:454;h5h3:491;h5h6:561
rn1rk2n/pp1pqppp/8/1npN2Pn/8/3P1P1P/PPP1P3/RN1RKQNN b - - 1 10,opening,e7g5,110,e7g5:110;e7d6:119;e7e5:164;e7e6:232;e7f8:332;h5g3:457;b8c6:572;b5c3:587
bn1rkbnr/1p1pp2p/6p1/p4p2/P1pN3P/2P1PP1R/1P1P1qP1/BNRQ1BK1 w - - 3 11,opening,g1f2,740,g1f2:740;g1h2:101;g1h1:87
1rnkrqn1/ppp2pp1/4p1np/3pn3/P2P4/1P3P2/N1P3PP/RN1KRQNN w - - 0 8,opening,d4e5,261,d4e5:261;e1e5:69;g1e2:-152;h1f2:-161;b1c3:-167;a2c1:-186;d1c1:-187;f3f4:-189
qr1rnk2/p3pp1p/6p1/1ppp4/3P4/3B1B1N/PP2K1NP/Q1R1b3 w - - 0 17,midgame,d4c5,69,d4c5:69;c1e1:63;e2e1:0;g2e1:-33;h3g5:-117;b2b3:-146;c1d1:-152;h3f4:-174
nqnrrk1b/p2p1p1p/1pp3p1/4p1P1/1b2P3/6K1/PPPPNP1P/NQR1RB1B b - - 1 7,opening,b4d2,-420,b4d2:-420;h8g7:-223;b4e7:-221;d7d5:-219;a8c7:-198;h7h5:-192;a7a5:-179;b4d6:-172
2k2nr1/p2prp2/1bpq2np/1p1PpNp1/6B1/1P4N1/PBPK1PPP/2Q1RR2 w - - 10 18,opening,f5d6,792,f5d6:792;c2c4:626;g4f3:513;c1d1:486;c2c3:479;c1a1:440;d2d1:420;f5e7:372
brbn1rk1/p1pp1npp/4q3/1p2pp2/1PPP2P1/8/P3PP1P/BRBNQRKN b - - 0 6,opening,b5c4,-301,b5c4:-301;f5f4:-261;e5d4:-256;f5g4:-253;e6g6:-246;d7d6:-186;a8h1:-181;c8b7:-181
2n1rr1n/pp3pp1/2qk1N1P/N1pp1P2/P3p2P/3nP1N1/1nP5/1QNRK1R1 w - - 0 23,opening,c2d3,522,c2d3:522;c1d3:486;d1d3:405;e1f1:268;e1e2:266;e1d2:235
6kr/2n1pp1p/np2q2r/2n3p1/P5PP/QPnP1N2/5P1N/NN1R2KR w - - 0 20,opening,b1c3,432,b1c3:432;d1e1:147;f3d4:8;f3g5:-27;g1g2:-221;a1c2:-223;d1c1:-239;a3b2:-289
b2br2b/p3prpk/2p2p2/5R2/2B1P2P/P1Pq2p1/1P1P2b1/BQB3KB b - - 2 18,opening,d8b6,-591,d8b6:-591;d3b1:-548;d3c4:-475;g2h3:-217;d3d7:-13;d3e4:100;d3d6:160;g2e4:254
2qr1krn/3pb1pp/1p2p1n1/p1p2pQ1/P1P3P1/3P1b2/1PRKPP1P/BB3N1R w - - 4 13,opening,g5h5,-535,g5h5:-535;g5e3:-611;g5e7:-641;g5g6:-680;g5f5:-696;d2d1:-747;h2h4:-754;e2f3:-757
rknnr1qn/2pp2p1/7p/pP2pNp1/N4P2/1n1P4/PK2P2P/R1R3QN w - - 0 16,opening,a2b3,-65,a2b3:-65;c1c7:-161;h1g3:-279;b5b6:-280;c1c4:-285;f5d6:-295;c1c2:-305;h1f2:-311
qrbr2bk/pp4p1/2pp2b1/2P2p1p/1P1Pp3/b3PPBP/P5PB/QRBR1BK1 b - - 0 10,opening,a3c1,267,a3c1:267;e4f3:277;f5f4:289;c8e6:302;h8h7:303;a7a5:305;b7b5:310;g8d5:323
4q1k1/ppr1ppp1/1pnp4/2n4p/2P5/2N2PQ1/PPNPP1PP/2RR1NnK b - - 7 16,opening,g1e2,621,g1e2:621;c6a5:647;c5a4:649;c6e5:659;h5h4:715;b6b5:715;c5e6:720;g1f3:741
q3rbb1/pp3p1p/2r3k1/P1ppp1p1/PB2PP2/8/1R1P2PP/2QRBBBK w - - 1 16,opening,e4d5,720,e4d5:720;f4f5:666;g1c5:666;b4c5:652;b4a3:588;d2d4:580;f1b5:567;c1b1:559
brbb1kqb/1p2rp1p/p2pp3/6p1/2p1P1P1/5B1P/PPPPBPK1/BRBR2Q1 b - - 3 8,opening,f7f5,-84,f7f5:-84;b7b5:-82;g8g6:-60;d8c7:-44;e7d7:-22;b7b6:-15;d6d5:0;h7h5:2
b1bb3r/pq1kp1br/5p2/2pp2PB/4P2P/3PB1K1/pPP3PR/B3QBR1 w - - 0 19,opening,h5g4,-317,h5g4:-317;h5g6:-328;h5f7:-359;g3f2:-362;f1e2:-370;h5f3:-376;b2b4:-391;h5d1:-402
knrnnqrn/2p1pp1p/pp1p2p1/7N/8/2N1P3/PPPP1PPP/KNR1NQR1 w - - 0 5,opening,h5f4,36,h5f4:36;h5g3:32;f2f4:-296;f1e2:-330;g2g4:-342;f1d3:-355;e3e4:-367;f1c4:-370
nr1rn1k1/1p1pp2n/5p2/p1p2Pp1/2P3p1/P2P1NPq/1P2P3/NNRR1NK1 w - - 1 22,opening,f3h2,-556,f3h2:-556;f3d2:-575;f3e1:-597;g1f2:-605;e2e4:-627;b1c3:-629;f3g5:-650;f3e5:-651
qbr2knb/ppprp1pp/5n2/3p1p2/3P4/7N/PPP1PPPP/QBRRK1NB b - - 4 5,opening,e7e6,15,e7e6:15;g7g6:15;g8h6:37;c7c6:46;c8e8:62;f6e4:63;c7c5:63;b7b6:81
b2rbr1b/pp1pppkB/1qp4p/6p1/PP6/2P3PP/3PPP2/2RQBRKB b - - 2 8,opening,g7h7,-274,g7h7:-274;f7f5:-118;d7d5:152;e7e6:179;c6c5:184;d7d6:184;b6c7:190;e7e5:200
r1qb1rkn/p1ppp1p1/np3pbp/8/P3PPB1/2RP2N1/1PPB2PP/1NQ2RK1 w - - 4 10,opening,d3d4,208,d3d4:208;c1d1:205;c1e1:203;f4f5:199;b1a3:197;g4e2:186;g1h1:184;g4h5:184
rk1rbbnq/ppp1pppp/3n4/3p4/6P1/5Q1N/PPPPPP1P/RKNRBB2 w - - 2 4,opening,f3d5,113,f3d5:113;a2a4:-9;d2d3:-25;e2e3:-29;c1b3:-33;d2d4:-38;f3h1:-46;f3g2:-47
1bkrnbrn/p1pppp1p/1p6/6p1/2P1q3/3N2N1/PP1PPPPP/QBKR1BR1 w - - 0 4,opening,g3e4,688,g3e4:688;e2e3:93;c4c5:70;b1c2:62;d3e1:25;a2a4:11;b2b3:8;g1h1:-26
qrbBb1k1/ppp4p/3p2p1/8/1bbP2P1/2P4P/1P1RPP2/QRB1BB1K b - - 0 10,opening,b7b6,358,b7b6:358;e8c6:377;c8g4:385;b7b5:388;e8b5:388;c8e6:403;b4c3:424;c4d5:427
br1brk2/1p2p3/3p4/p3b1pp/P2QP1P1/6P1/1P1pB3/BRB2K1B b - - 1 21,midgame,d2c1r,-421,d2c1r:-421;d2c1q:-417;e5d4:-201;d2c1n:180;d2c1b:239;h5g4:460;e7e6:469;b8c8:470
b1b1qb2/1k1pp1rr/1pp2p2/b7/2P1P1Q1/1K1B1PBP/P5P1/1BB3RR b - - 2 22,opening,e7e5,-357,e7e5:-357;g7g4:-343;d7d5:-327;d7d6:-316;b6b5:-310;e8f7:-310;e8d8:-306;e7e6:-291
1rnkr3/2pn1nqp/Qp2p1p1/3p1p2/2Pn1PP1/P3P2P/1P6/RN1K1RNN w - - 0 15,opening,e3d4,-482,e3d4:-482;b2b4:-533;c4d5:-583;a6a4:-628;g1e2:-657;b1d2:-699;b1c3:-719;g4f5:-725
bbbk1b1r/p1p2p1r/1p2p1p1/1q1p3p/3P1P1P/2PBB1Q1/PP2P1P1/B3KBRR b - - 4 10,opening,b5a5,-183,b5a5:-183;b5a4:-156;b5e8:-117;b5d7:-107;b5c6:-75;b5c4:430;b5d3:448;c7c6:462
2r1b2n/ppq2kp1/n2b2r1/1P1ppP1p/2N2P2/P5NP/2PP1K2/1RQBBR2 w - - 0 20,opening,c4d6,392,c4d6:392;f5g6:391;c4e5:334;d2d4:314;f4e5:303;b5a6:277;d1h5:272;f2g1:239
rbb1q2r/p2k2bp/2pB1p2/1p3bp1/1PP2P2/4P3/P2P2PP/RBBQKBR1 b - - 2 16,opening,d7d6,-117,d7d6:-117;f5b1:-50;b8d6:174;d7d8:202;f5e6:208;f5g4:211;f5g6:232;f5e4:243
k1qbrb1b/1p2r3/p1p1p3/3p3p/1P1PR1B1/2P3Pp/P4P2/KB1Q2RB b - - 0 16,opening,h5g4,-511,h5g4:-511;h3h2:-452;d5e4:-382;h8d4:-369;c6c5:-359;d8b6:-355;f8g7:-332;a8a7:-301
bqkbrb1r/3p2pp/1p6/p1p1pp1P/1P2b3/P3PBR1/Q2P1PP1/B1K1RBB1 b - - 1 9,opening,c5b4,-205,c5b4:-205;a8d5:-201;a5b4:-198;e4f3:-187;b8d6:-161;b6b5:-152;d8f6:-142;a8b7:-134
br1krbbb/3pp3/6p1/p2p1pP1/P2P1P1p/2P5/3KP1BP/BR2R1B1 w - - 0 14,opening,b1b8,708,b1b8:708;g2d5:-135;c3c4:-242;b1b5:-277;e2e4:-285;g1f2:-340;e2e3:-345;d2d3:-351
nq1k2rn/p2nnpp1/4r2p/2pQ2P1/p3p2P/P4PN1/1PPPP3/N1K1RRN1 b - - 0 14,opening,e7d5,-782,e7d5:-782;a8b6:-600;h6h5:-540;h8g6:-532;h6g5:-525;e4e3:-517;g8e8:-498;a7a5:-495
rr1bnqbk/ppp1pp1p/1n4p1/3p4/3P3P/P1P5/1P2PPP1/RRNBNQBK b - - 0 4,opening,f7f6,-35,f7f6:-35;b6c4:-20;e8f6:-1;e7e5:-1;e8d6:3;b8c8:18;c7c6:19;f8g7:48
qb1r1n1N/1p2n1pp/4k1B1/p1pppp2/P1PP4/5PP1/1P2P2P/Q1BRKb1R w - - 0 13,opening,c4d5,388,c4d5:388;g6f7:353;h8f7:330;h1f1:286;e1f1:245;g6h5:236;d4e5:232;d4c5:225
qnn1rr1n/1pp1ppk1/p2p4/6p1/QPn4p/2PPPP2/PN2R1PP/1N1NR1KN w - - 1 13,opening,d3c4,433,d3c4:433;b2c4:173;a4c2:78;a4b3:71;d1f2:69;h1f2:63;d3d4:48;f3f4:42
qk1br1nb/p1p3r1/1pB2p1p/6P1/2B1P1P1/NP2KP2/PnP5/1Q2RRN1 b - - 0 21,opening,b2c4,-367,b2c4:-367;a8c6:-262;b2d1:69;d8e7:422;f6f5:439;g7d7:479;e8e4:484;f6g5:500
1bbb1r1r/4pk2/1p2bp2/3p1B1p/p2P1P2/PP1PP3/7P/1QB2KBR b - - 0 21,opening,e6f5,-387,e6f5:-387;d8c7:86;b6b5:87;b8d6:114;f8g8:120;h8g8:144;a4b3:146;h5h4:171
bqk1r1rn/1p1p2bn/8/P1p1pppp/P1P1P3/1Q2R1P1/2KP1P1P/B2B1NR1 b - - 1 12,opening,f5e4,-183,f5e4:-183;f5f4:-178;g5g4:-157;h7f6:-153;e8e6:-144;e8f8:-117;g7f6:-112;b8c7:-106
k2rqbrb/ppppn2p/2n1p1p1/2P2p2/4B3/N2P2P1/PP2PP1P/K1NRQBR1 b - - 1 7,opening,f5e4,-469,f5e4:-469;f8g7:-291;h8b2:-228;d7d6:-163;a8b8:-124;d7d5:-121;e7d5:-117;b7b6:-98
1n1knr1q/1pnpp2r/1npN1p1p/p5p1/1P5P/2PP4/P1K1PPP1/N1N1NRQR b - - 0 10,opening,e8d6,-483,e8d6:-483;e7d6:-435;a5b4:-225;f6f5:-109;c7d5:-74;b8a6:-61;a5a4:-52;g5g4:-16
bb1b1rrb/1q2ppp1/4k2p/pppp4/2P1P3/PQ6/1P1PBPPP/BB1KR1RB b - - 1 9,opening,d5c4,177,d5c4:177;b8e5:220;e6d7:222;e6d6:228;g7g5:248;b5c4:250;b7b6:251;g7g6:270
bbqbkrrb/pp1ppp1p/6p1/8/P1p1P3/8/1PPPBPPP/BBQ1KRRB b - - 0 4,opening,b8h2,-217,b8h2:-217;b7b5:-134;c8c6:-102;e7e6:-97;g6g5:-80;a7a6:-78;c8c5:-73;b8d6:-55
1k1b1rB1/p1pPpr2/5b2/P3R2p/5Pp1/P2P4/5P1P/1b1K1RNB w - - 1 22,midgame,e5b5,99999,e5b5:99999;d1e2:542;d1d2:486;g8f7:472;e5e4:297;e5c5:268;e5h5:246;g1e2:238
1bbkqbrr/2pppppp/p1b5/P5Q1/1p6/3P4/1PPBPPPP/BB1K1BRR b - - 1 6,opening,f7f6,-241,f7f6:-241;b8a7:-201;b4b3:-137;h7h6:-126;d7d5:-121;c6b7:-117;h7h5:-102;g7g6:-94
qn1r1rkn/1p1ppnpp/p4p2/2p2n2/1P2P2P/2P1R1N1/P2P1PP1/QNNNR1K1 b - - 2 8,opening,f5e3,-163,f5e3:-163;f5h4:-95;f5g3:13;f5h6:124;f5d6:161;h8g6:367;c5b4:379;b8c6:411
qbr1k1nr/1p2p1p1/p2pbpnp/2p1P3/2P2B2/2RP1PN1/PP2K1PP/QB3N1R w - - 1 13,opening,g3h5,-143,g3h5:-143;f4d2:-196;f4c1:-225;f4e3:-236;e2f2:-430;f1e3:-431;e5f6:-434;e2d2:-444
bb1bkrrb/ppp1pppp/8/3p3q/2P1P3/3B1P2/PP1P2RP/B1QBKR1B b - - 4 6,opening,h5h4,-141,h5h4:-141;d5e4:-133;d5c4:-130;c7c6:-108;g7g5:-87;d5d4:-79;e7e6:-74;g7g6:-42
rq2kr1n/np2pp1n/p2p2pp/2p5/2P2P1P/PP1PK1P1/1Q4N1/RN4RN b - - 1 17,opening,f7f5,-156,f7f5:-156;b7b5:-150;a7c6:-146;b7b6:-129;h7f6:-127;b8d8:-119;f8g8:-106;g6g5:-105
1qbk1r1b/rppppp1p/3n2pn/p6P/P1PN4/RP6/2KPPPP1/1QB2RNB w - - 1 10,opening,d4b5,18,d4b5:18;c1b2:4;d2d3:-1;g1f3:-17;e2e3:-38;d4f3:-65;c4c5:-142;h5g6:-229
2q1brk1/2ppb3/n4p2/pPN2R1p/P6P/6N1/RP1Pr1n1/2QBBK2 b - - 0 21,opening,e2e1,-290,e2e1:-290;e2e5:89;e2e6:173;a6c5:193;g2e3:221;g2e1:225;a6b4:256;d7d5:263
1kbrrbnn/1p1pp1pp/7q/p1p2pP1/P7/5P2/1PPPPN1P/QKBRRBN1 w - - 1 6,opening,g5h6,768,g5h6:768;d2d4:109;a1a2:101;e2e4:91;g1h3:78;f3f4:53;f2h3:34;e2e3:25
3nqr1n/kr2pp1n/Pp1p4/2p4p/7N/2N1P2P/P1PP1PP1/KNR1QRn1 b - - 4 17,opening,a7a6,143,a7a6:143;b7b8:180;g1f3:292;b7c7:294;b7d7:307;g1h3:428;g1e2:461;d8c6:518
k1n1n1rr/3p1p2/4p1pp/1pp5/1P1N1P1P/1NPPP1P1/q7/1N1K1RR1 w - - 3 21,opening,b4c5,-291,b4c5:-291;b3c5:-327;b1d2:-382;d4b5:-490;d4c2:-524;b3d2:-544;d4f3:-554;f4f5:-562
r2q1kbr/b1pp2pn/4p2p/pp3pPP/1n3P2/1N1PBK2/PPP1P3/RBQ2NR1 b - - 1 13,opening,a7e3,-314,a7e3:-314;h6g5:-205;c7c5:-134;e6e5:-119;a5a4:-116;b4c6:-90;d8b8:-73;f8e8:-55
bq1b1b2/1pr2p1b/p2k3r/2pp1Bp1/6P1/1PKP1P2/P1P1B2P/B1Q1R1BR b - - 1 16,opening,d5d4,-56,d5d4:-56;h7f5:-47;d8f6:-30;c7e7:9;f8g7:46;b7b5:49;d6c6:86;b7b6:130
nn1kn2r/pp1p1rp1/1np5/3Ppp1p/2q5/NN3P1P/PP2PRPQ/N2KN2R w - - 3 10,opening,a3c4,456,a3c4:456;e2e4:-40;e2e3:-168;d5c6:-172;e1d3:-189;h2e5:-190;d5d6:-255;a1c2:-299
qkbrrb1n/2p1p2p/1p1p2pn/p4pN1/P2P4/8/1PP1PPPP/QKBRRB1N b - - 1 7,opening,h6g4,-2,h6g4:-2;d6d5:52;h8f7:54;e7e5:84;f8g7:95;a8b7:96;h6f7:102;e7e6:108
qbr1kb1r/pppppp1p/4n2n/4Q1p1/6P1/1P5P/P1PPPP2/1BRNKBNR b - - 2 4,opening,b7b6,53,b7b6:53;f8g7:89;f7f6:108;h8g8:123;b7b5:149;e6g7:174;h6g4:363;h6g8:378
n1bknrrq/4ppp1/pbPp3p/8/6PN/1B2PP2/PPN1K2P/2B1R1RQ b - - 4 14,opening,g7g6,103,g7g6:103;e7e6:106;a6a5:107;g7g5:123;a8c7:136;e8c7:141;h8h7:176;b6c5:179
r2qr1b1/b1B1pBbk/p1p3pp/1p1p4/8/1PP1PP1P/P1RP2K1/BB1QR3 w - - 4 15,opening,f7g8,660,f7g8:660;f7g6:636;c7d8:611;f7e8:373;c2b2:345;c2c1:322;c3c4:276;d2d4:199
2k3r1/p2p1pbn/4pb1n/1Bpq2p1/2p2P1p/3PPQ2/P2KN1PP/R3R1NB b - - 4 17,opening,d5d3,-99998,d5d3:-99998;f6c3:-405;f6a1:-116;d5f3:-64;c4d3:128;f6b2:131;c4c3:165;g5f4:173
rbnq1kbr/p2ppp1p/1p6/2p2p2/4Pn2/1P3Q2/P1PP1BPP/RBN1KN1R b - - 1 8,opening,f5e4,-150,f5e4:-150;f7f6:-49;e7e5:-45;d8c7:7;b8e5:66;d7d5:88;h7h5:94;e7e6:122
nq1rknrn/p1pp1ppp/1p1n4/4p3/8/3NP1N1/PPPPKPPP/NQ1R1NR1 b - - 3 4,opening,h8g6,-25,h8g6:-25;f7f6:-12;f8g6:16;e5e4:55;c7c5:153;f7f5:160;f8e6:161;g7g6:164
brqk2bb/pp1prppp/2p1p3/8/1b2BP2/2P3P1/P2PP2P/BRQKRBB1 w - - 0 6,opening,c3b4,513,c3b4:513;b1b4:400;g1a7:344;e4f3:293;e4g2:291;e4h1:272;e4d3:268;f1g2:256
brrkb1bq/1ppp1pp1/8/B6p/3p2PP/P7/P1P1PP2/BRRK1BBQ b - - 0 6,opening,h5g4,270,h5g4:270;d7d6:297;f7f6:314;b7b6:314;h8h7:320;b7b5:360;g8h7:375;h8h6:379
nq3krn/pr2pp1p/n1p2np1/1p4NP/2p5/P5N1/1P1PPPP1/NNRQ1KR1 w - - 8 12,opening,d2d4,-69,d2d4:-69;g1h1:-88;h5g6:-91;d1c2:-104;d2d3:-104;h5h6:-109;g3e4:-120;b1c3:-126
qbrkbrb1/p1p1bp1p/2pppB2/B5P1/P5P1/1P6/2PPP2P/QBRK1R2 b - - 0 10,opening,e6e5,5,e6e5:5;c6c5:129;e8d7:163;a8b7:253;a7a6:294;d8d7:325;e7f6:372;h7h6:403
q1rnn1b1/k1p1bppr/pp1P4/7p/1P2pP1P/3Q2P1/P1PP4/1KRNNBBR w - - 1 10,opening,d3a6,616,d3a6:616;g1b6:243;d6d7:161;d3a3:153;d3c4:121;d3e2:117;d3b3:108;d3e3:60
b1bk3r/1ppp3p/p5rb/3P4/PbP3p1/2BBPQP1/3K1P1P/B4qRR w - - 4 21,opening,g1f1,364,g1f1:364;d3g6:345;f3f7:331;f3f5:310;d3f1:298;c3b4:96;f3f6:-5;d2c2:-48
3n1n1b/r2prk1p/p1q1p2P/1pp1bppN/2P1P3/5P2/PP1PRKP1/RBQN3B w - - 0 15,opening,e4f5,-164,e4f5:-164;c4b5:-214;a2a4:-241;f3f4:-244;d2d4:-279;f2f1:-285;g2g3:-308;f2e1:-324
r2b1brk/p1p1pb1p/bp1p4/1P4p1/P1Pq2P1/5B1R/3P1P1K/RQBBB3 b - - 4 13,opening,f7g6,461,f7g6:461;g8g6:485;g8g7:490;d4g7:500;d4f4:503;d4e5:555;f8h6:567;h7h5:570
rnnkrq1n/2pp1p1p/p4p2/Np4p1/7P/8/PPPPPPP1/RN1KRQN1 w - - 0 7,opening,a5b7,192,a5b7:192;h4g5:134;f2f4:122;a2a3:111;g1f3:109;b1c3:109;e2e3:107;h4h5:85
kb1rBr2/pppp2qp/4pp2/6b1/PBPP4/6b1/1P2PPP1/K1RB1RQB b - - 0 10,opening,c7c5,-141,c7c5:-141;g5c1:-127;f8e8:-59;c7c6:-53;g3f2:144;g3d6:157;f8g8:170;f8h8:173
1bbbrkbr/p2ppppp/8/1pp5/3PqB2/5P1P/PPP1P1P1/QB1BRKBR w - - 0 5,opening,f3e4,430,f3e4:430;f4b8:369;g1h2:208;f4e3:112;f4h2:90;f4d6:90;f4c7:90;f4g3:86
2brrb2/kp1pn1pp/2pn4/p3pp2/P3P1PP/1P1P1q1N/1K4B1/Q1B1RR1N w - - 0 18,opening,g2f3,548,g2f3:548;f1f3:521;c1e3:272;f1g1:-247;h1f2:-275;f1f2:-296;h3g5:-316;h3f4:-335
1nrr2k1/3p3n/1p4p1/P1p2p1p/2N1Pp1q/2Pn1QN1/PR1NP1P1/3R1K1N b - - 4 21,opening,d3b2,-289,d3b2:-289;f4g3:-103;d7d5:58;b6b5:94;f5e4:95;d3b4:216;h7f6:256;d3c1:265
2k1qr1n/p1pN2rp/npPnpp2/1N4p1/P5P1/1N2P1nP/1PQP1P2/K4RRN w - - 1 20,opening,b5d6,591,b5d6:591;f2g3:532;h1g3:525;b5a7:518;g1g3:506;c2d3:486;b3d4:424;f1c1:417
1r2kb1r/ppppq1p1/4p2n/n4p1p/2n2P1P/NP1NP2N/P1PPQ1P1/1R2KB1R b - - 4 16,opening,c4a3,-394,c4a3:-394;e7a3:-138;c4d2:-84;c4e3:-53;c4b6:28;c4d6:32;c4b2:51;e7h4:135
rnnk1rqn/p2ppp1p/2p3p1/1N3N2/4n3/3N1N1P/PPPP1PP1/R2K1RQ1 b - - 1 8,opening,g6f5,-342,g6f5:-342;c6b5:-266;b8a6:-220;f7f6:-216;a7a5:-196;f8e8:-176;h7h5:-174;e7e6:-156
q1rkb1nr/pp1npp2/4b2p/1Ppp4/P1P3pP/4P3/3P1PP1/QRBKBNNR w - c6 0 9,opening,a1h8,200,a1h8:200;b5c6:162;c4d5:145;d2d3:127;f1g3:119;f2f3:79;a1g7:21;g1e2:-16
n1nr1n1k/n5r1/pp2pppp/2p1R3/q1PP1PPP/1N1P4/PP3QR1/NN3N1K b - - 2 20,opening,f6e5,-321,f6e5:-321;c5d4:68;h6h5:101;a4d7:115;a8c7:134;g7f7:143;c8e7:145;a4e8:170
rb1r2n1/pbp5/1pn2kp1/4p3/1PP1P3/2Np3P/P2K1PP1/1R2BRNQ w - - 1 19,opening,h1h2,548,h1h2:548;f2f4:521;g1f3:499;c3d5:495;b4b5:494;g2g4:491;a2a3:486;f2f3:479
r1n2nn1/p1pp1kpr/1p2p2p/7P/Q1qP4/2PNPN2/nP2K2R/RN3N2 w - - 0 15,opening,f3e5,829,f3e5:829;a4c4:818;f3g5:620;a4a2:364;a1a2:363;a4c2:339;a4d1:333;b2b3:24
brb1r1k1/2p1p1p1/2q1npPp/1p1P4/pP1P1PP1/PR2P3/3Q4/B1BN1RKN b - - 2 17,opening,c6d5,78,c6d5:78;c6d7:311;c6d6:313;c6a6:367;c6b6:397;c6c4:407;e6d4:444;c6b7:456
q1n2rr1/p1kppn2/n1p4p/Pp3p2/2PR1PP1/1P2P2p/1N5R/QN1K2N1 b - - 2 21,opening,c6c5,-411,c6c5:-411;a8b7:-391;b5c4:-390;b5b4:-384;c8d6:-379;f5g4:-376;f7d6:-365;a8b8:-355
kqr1b1rb/1p1p1p2/B1pb1bpR/3BP3/5pP1/8/PPPP3P/KQRBB3 b - - 0 10,opening,d6e5,-297,d6e5:-297;f6e5:-246;f6g7:-191;h8g7:-168;d6f8:-165;f6g5:-154;c6d5:16;b7a6:36
1nqr1nn1/2pp2p1/rp2p1kN/p6p/n2P3P/PP3PN1/R1P1P1P1/1Q1NRN1K b - - 4 16,opening,g8h6,291,g8h6:291;g6h6:311;g8f6:347;g8e7:355;a4c3:379;g7h6:396;a6a8:532;b8c6:547
n1rbk1qb/2p1r1p1/p4p1p/1P2p2P/3pn1P1/N1P1P3/1P3PK1/N1RB1RQ1 b - - 0 18,opening,e4d2,-234,e4d2:-234;g7g6:-223;d4c3:-197;a8b6:-191;d4d3:-190;d4e3:-189;a6b5:-177;f6f5:-146
4rb2/kq2p1pr/5pb1/pbpp1Q1p/3P1PPP/PPP5/1K3P1R/B2RBBB1 w - - 2 19,opening,f5g6,358,f5g6:358;f1b5:74;f5e6:53;c3c4:-177;d4c5:-254;f2f3:-273;f5d5:-298;b2a2:-367
r1nk1rq1/pp1ppppp/n1p2nn1/6N1/7P/1NP1P3/PP1P1PP1/1RNK1RQN w - - 0 11,opening,g5f3,-24,g5f3:-24;f2f4:-41;g1h2:-47;g2g4:-54;h4h5:-58;h1g3:-73;b1a1:-76;f1e1:-78
1nkrn1rq/pp1ppp2/1np3np/N2Q2p1/6P1/P2PK3/1PP1PP1P/1N1RNNR1 b - - 0 9,opening,c6d5,-829,c6d5:-829;b6d5:-822;h8b2:-537;g8f8:-500;b8a6:-476;h8g7:-466;e7e6:-457;g6f4:-444
kr1n1nrn/pppp1p1p/6p1/8/P2p2NP/2N2PQ1/1PqRP1P1/K2N2RN b - - 6 11,opening,c2d2,-402,c2d2:-402;c2c1:0;c2b3:257;c2f5:354;c2c3:542;c2d1:582;d4d3:629;b7b5:631
bb1k3r/pBpp4/b2r2pb/4ppq1/1P3Pp1/2P4P/P1KPP1R1/B1B1QB1R w - - 12 18,opening,f4g5,426,f4g5:426;b7a8:280;h3g4:276;e2e3:229;d2d3:216;a1b2:205;e2e4:203;g2g1:193
kbrb1r1b/ppp3pp/3p1p2/3Pp3/2q1PP2/6P1/P1b2R2/KBRBB1QB w - e6 0 12,opening,f2c2,290,f2c2:290;c1c2:224;f2g2:199;f2h2:199;f2f3:191;b1c2:176;f2f1:127;a1b2:99
1n3rbq/1kr2p2/2nbp1pp/1pppP3/5P1P/P1PP2B1/1P1N2PQ/K1RB1R2 w - - 0 23,opening,e5d6,328,e5d6:328;c3c4:18;a3a4:-60;d2e4:-112;d2c4:-148;d3d4:-165;h4h5:-168;h2g1:-174
2brq2k/1p2p1pp/1np3p1/pP2br2/3pPPn1/B2P4/P3Q2P/NB1R1R1K b - - 0 16,opening,f5f4,-526,f5f4:-526;f5h5:-485;f5f8:-484;f5f6:-470;f5f7:-444;g4e3:-425;g4h2:-398;e5f6:-393
brknqrbn/1ppp2p1/7p/p3p3/5p2/2N1BPQ1/PPPPP1PP/BR1K1R1N w - - 0 6,opening,g3g7,-212,g3g7:-212;e3f4:-296;c3b5:-365;g3g4:-418;g3f2:-473;g3e1:-474;g3h3:-499;g3h4:-505
nqr4b/1ppr2pp/1b1pk3/p2np3/P1Q1P3/2P2P2/3P2PP/2NRRK1B b - - 5 14,opening,e6f7,-288,e6f7:-288;e6e7:-287;g7g6:-277;b6a7:-273;c8e8:-266;c8f8:-260;c8d8:-227;d7e7:-226
k1b1rnnr/1pbp1ppp/p4q1B/2p1p2P/1P1P4/P4N2/2P1PP1N/KQ1BR2R b - - 3 14,opening,g8h6,-551,g8h6:-551;f6h6:-447;g7h6:-423;d7d5:-263;f8e6:-231;e5d4:-204;d7d6:-202;c5d4:-156
b1bkqbrr/1Bbppp2/1pQ4p/p5p1/2pP3P/P1P2P2/1P2P1P1/B1B1KBRR w - - 0 16,opening,c6c7,-424,c6c7:-424;c6c4:-438;c6a4:-471;c6b5:-473;g2g4:-481;b7a8:-490;c6b6:-496;e1d1:-510
rbbq1b1r/1p2k2p/3ppp1n/2p3p1/p1PP2P1/4Q2P/PP1BPP2/RB2KBNR b - - 0 10,opening,c5d4,-10,c5d4:-10;d6d5:0;a4a3:15;h6f7:26;b8c7:76;f8g7:107;e7e8:118;e7f7:118
1k3rnb/prpbp1p1/5p1p/Bp1p4/1P1nq2P/3PPNP1/PRPQ1P2/K2N1R1B w - - 2 15,opening,d3e4,705,d3e4:705;f3d4:564;e3d4:508;a5c7:488;f3e1:462;f3h2:424;d2c3:297;d2c1:272
rnk1r1n1/p3q3/2Pppppn/3P2Np/p1P1P1PP/8/PN3P2/R2KR1QN b - - 2 16,opening,f6g5,-37,f6g5:-37;e6d5:73;a4a3:96;h6g4:164;b8c6:194;e7g7:198;e7c7:211;h5g4:240
1qkb3r/p1p1rpNp/1p2p1n1/5Pp1/3pPnNP/Pb2R1P1/1BPP4/1QKB1R2 w - - 2 18,opening,e3b3,402,e3b3:402;c2b3:354;b2d4:337;f5g6:273;e3e1:265;e3f3:231;g3f4:198;e3e2:195
rbrb1q1k/3ppBp1/2p5/1p6/p2P2b1/PP1bPPP1/2P4P/RB1RB1BK w - - 1 13,opening,h2h3,-770,h2h3:-770;g1f2:-790;h2h4:-892;d1d2:-971;h1g2:-99996;f7d5:-99998;f3g4:-99999;f3f4:-99999
1r2kr2/nN1pnqpp/1np1ppn1/8/2RPQ1P1/4N2P/P1P1PP2/2N1K1RN w - - 3 16,opening,b7d6,464,b7d6:464;c4b4:-59;a2a4:-193;e4d3:-199;e3f5:-201;c4c6:-213;c2c3:-225;e4f3:-247
Nrn1krnq/pp1pp1pp/8/2p2p2/1nP2P2/3P4/PP2PRPP/NRN1K1NQ b - - 2 8,opening,b8a8,42,b8a8:42;b4a6:114;e8d8:123;g7g5:298;g8f6:315;e7e5:334;c8d6:342;a7a6:351
1b1kr2n/3ppp2/1pp3r1/p4P1n/1PPK2pp/5q1P/P1NQPR2/BB4RN b - - 3 23,opening,g6d6,-99998,g6d6:-99998;b8e5:-99996;e7e5:-99996;c6c5:-99993;f3h3:-47;f3f2:88;g4h3:94;f3g3:130
1qbrk2r/2ppp1p1/pp4n1/3b1p1p/4P2P/P2P4/QBP2PP1/N1R1KNBR w - - 0 11,opening,e4d5,483,e4d5:483;a2d5:424;c2c4:245;a1b3:222;a2b1:194;e4f5:-357;a2b3:-414;b2g7:-440
kn1bnr1q/ppr1p1p1/2Qp1pb1/2p2P1p/8/NPP3P1/P1BPPR1P/KR2N1B1 b - - 2 10,opening,c7c6,-492,c7c6:-492;b8c6:-468;b7c6:-459;g6f5:-14;g6f7:88;g6h7:195;b8a6:203;a7a6:233
2qnrn1k/r1Npn2p/5p2/pp2p1p1/3pN1P1/N7/PPP1PP1P/RQ2R1NK w - - 0 12,opening,c7e8,613,c7e8:613;a3b5:379;c7b5:336;f2f3:257;c2c3:246;e4f6:237;a3c4:222;c2c4:170
q1b1kbrr/p5p1/3pp3/1pp2pB1/PPP2P2/2QP2P1/3KP1bP/B2B1BRR w - - 2 13,opening,f1g2,656,f1g2:656;g1g2:471;e2e4:330;c4b5:297;b4c5:275;h2h4:274;a4b5:267;h2h3:228
1rnqnk1b/rppp2pp/5p2/p2bp3/1P6/3N3P/P1PPPPP1/RRNQ1KBB w - - 3 7,opening,f2f3,-76,f2f3:-76;f2f4:-82;c2c4:-88;a2a4:-93;b4b5:-93;b4a5:-95;c2c3:-97;e2e4:-104
r1n2nr1/2qpkb2/2pbp2p/pP3pp1/P1Q5/3PP1PP/1P3P2/RB1KNNBR b - - 4 16,opening,c8b6,-141,c8b6:-141;d6b4:-139;c7b8:-138;f8g6:-133;a8b8:-131;c7b7:-121;e6e5:-121;c8a7:-107
1brrnkn1/qBpp4/1p2pppp/p1N5/PbQ3P1/4P3/2PP1P1P/1BRR1KN1 b - - 1 11,opening,e8d6,-236,e8d6:-236;b4c5:-223;b6c5:-154;b6b5:-90;f8f7:-35;f8e7:28;f8g7:73;g8e7:127
rn1k1rqn/3Nn1p1/ppp1np2/4p1Np/N7/6P1/PPPPPP1P/R2K1RQN b - - 0 10,opening,b8d7,-387,b8d7:-387;d8d7:58;f6g5:98;e6g5:230;e6d4:291;e6c7:334;e6c5:335;d8e8:345
rbrbqbbk/p2ppp1p/8/1pp3p1/6B1/3PP3/PPP2PPP/RBR1QBBK w - - 0 4,opening,g4f3,163,g4f3:163;a2a4:57;d3d4:37;c2c3:35;b2b4:25;g4e2:21;c1d1:18;c2c4:14
r1n1k1r1/pp2pppp/2p3n1/8/2PpP1q1/2P2P1N/NP2K2P/R2QNR1N b - - 3 17,opening,g4h3,231,g4h3:231;d4d3:365;g4e6:425;g4h5:456;g4h4:477;g4d7:493;g6f4:538;g4f4:676
q4rnb/p1rnppkp/6p1/1p1pb3/2p1PPP1/P1PN4/QPRP3P/1B1R1KNB b - - 3 12,opening,c4d3,-412,c4d3:-412;f7f5:-210;e5d6:-171;d5d4:-129;f7f6:-98;b5b4:-80;d5e4:-62;e5f6:-42
1k2q2b/pp1pprpp/3r1p2/2p4P/4P3/1b1PBP2/PPR1Q1P1/KN1N2RB w - - 3 16,opening,a2b3,597,a2b3:597;f3f4:548;c2c3:536;b1a3:513;c2c5:513;b1c3:488;g2g3:486;a2a3:484
k1rnn1br/q1ppppbp/1p6/1P6/p2P1P1p/K1NN4/P1P1P1P1/Q3RBBR w - - 1 15,opening,e2e4,-14,e2e4:-14;e1b1:-70;d3b4:-119;a3b2:-143;d3e5:-155;g2g4:-173;h1h3:-179;f4f5:-189
rbbrb3/1ppq2k1/B4ppp/b2pp3/P2PP3/R1B4P/2PB1PP1/1B1R2KQ b - - 2 13,opening,a5c3,-340,a5c3:-340;d5e4:-228;a8a6:-228;d7e7:-204;e5d4:-189;d7d6:-181;a5b6:-178;d7e6:-69
rn1qbbrk/p1ppppp1/1p6/6np/8/P3P3/1PPP1PPP/RNQNBBRK b - - 5 6,opening,e7e6,37,e7e6:37;d7d5:43;c7c5:44;e7e5:52;f7f6:59;g5h7:62;f7f5:73;d7d6:78
3rk2r/1b1p1ppp/p1pqpnn1/8/PP1P3N/8/2P1PPPR/QBB1RK2 w - - 1 13,opening,h4f3,141,h4f3:141;h2h3:139;f1g1:134;h2h1:134;g2g3:114;f2f4:47;c1f4:-328;e2e4:-369
rqbrk2n/ppppp1pp/4np2/3b4/2P1PPP1/8/PP1P3P/RQBRKNBN b - - 0 4,opening,d5c4,-33,d5c4:-33;d5c6:231;e6f4:264;d7d6:265;c7c6:270;e8f7:282;h8g6:286;b7b5:289
1nn1krr1/p1p1ppp1/Pp1p3p/8/3P1nq1/1PP1PNP1/6RP/1NN1KN1R b - - 1 17,opening,g4f3,-778,g4f3:-778;f4g2:-697;b8a6:-677;f7f6:-646;e7e5:-641;g7g5:-640;c7c6:-634;e8d8:-625
bk1rb1rb/pBpp2p1/1p3p1p/8/3P1p2/P1P3PP/1PKBqB2/B2RQ1R1 w - - 0 12,opening,e1e2,459,e1e2:459;g3f4:-131;c2c1:-179;e1f1:-246;b2b3:-357;a3a4:-359;d1c1:-387;b2b4:-401
kbbrbb1r/1p1p4/5p1p/p4qB1/4p1Pp/P1pRBP2/BP2P1BQ/1K5R w - - 0 17,opening,g5f4,101,g5f4:101;g4f5:-70;f3f4:-182;h2b8:-194;d3c3:-199;h2g1:-219;f3e4:-242;g5h4:-258
nknbrqrb/p2pp1pp/1pp2p2/8/3P3P/1PP5/P3PPP1/NKNBRQRB b - - 0 4,opening,a8c7,-73,a8c7:-73;e7e5:-71;c8d6:-56;f6f5:-19;g7g5:-17;g7g6:17;a7a5:41;e7e6:52
2r1q1kn/2rn4/1npp3p/p1Qnppp1/2R1P3/PPP2P2/6PP/NNR3KN w - - 2 20,opening,c5d6,-559,c5d6:-559;c5f2:-566;c5a5:-607;c5c6:-709;c5d5:-753;e4d5:-791;c5b6:-793;h1g3:-799
qr3r1k/1ppbpb1p/p2Qb2b/PB1p1pp1/7P/1PP1P1PK/3P1P2/1RBRB1B1 w - - 1 17,opening,d6b4,-349,d6b4:-349;d6a3:-362;d6e7:-395;d6c7:-398;d6c5:-399;d6d7:-436;d6e5:-495;h4g5:-545
1r1nkrn1/2pppp2/1n1n2p1/p6p/pPq2PPP/2PP4/3NP1Q1/NRNNK1R1 b - - 0 16,opening,c4f4,-4,c4f4:-4;c4a6:0;c4d5:114;c4b5:140;c4c6:177;c4e6:231;h5g4:528;c4c3:530
1n1nr1nr/1pk1p2p/2p2p2/pqNp1Pp1/N5P1/P1N2R2/1PPP3P/Q1K3NR b - - 0 15,opening,b5c4,505,b5c4:505;d5d4:601;b7b6:603;h7h5:633;g8h6:649;b8d7:651;e7e5:661;c7d6:686
r1qnr1nk/p1p1ppp1/3p3p/1pn1N3/5n2/1PN2N2/PQPPPPPP/R2NR2K w - - 2 8,opening,b3b4,-9,b3b4:-9;e5d3:-70;d2d4:-78;g2g3:-126;b2a3:-134;e2e3:-138;c3b5:-253;c3b1:-275
q1rnk1rn/bp1p1p2/2p1p1B1/pPP3pp/7P/5PQ1/PN1PPNP1/2R1KB2 b - - 0 15,opening,a7b8,-248,a7b8:-248;g8g6:-233;a8b8:-205;f7g6:-190;h8g6:-178;g5h4:-149;c6b5:-133;d7d5:-58
1k2rbbr/2p1pp1p/p2p2q1/1P4p1/1P1Bb2Q/3PPBP1/P4P1P/2KRB1Bb w - - 6 18,opening,h4g4,-233,h4g4:-233;f3e4:-281;h4e4:-299;h4h3:-299;f3h1:-379;d4a7:-397;d3e4:-436;d4h8:-526
br2k3/1ppq2B1/8/p3n1pp/bn4N1/2NP1P1P/PPP1P3/BR2R1K1 w - - 4 23,opening,g4f6,415,g4f6:415;g7e5:-191;c3e4:-306;g7f6:-308;g7h8:-363;g4e5:-385;g7h6:-391;b2b3:-393
kn1rb1rb/pp2npp1/2p4p/3pp3/5q1B/1P2N2P/P1PPP1P1/KQ2RRNB b - - 1 9,opening,f4h4,-489,f4h4:-489;f4d4:-468;g7g5:-351;f4b4:-270;f4h2:145;g7g6:158;d8d7:195;f4e4:266
nqnrknr1/pp3npp/4p1Q1/N1pp1p2/3P2PP/2P1P3/PPN2P1N/3RK1RN w - - 0 13,opening,g6h5,-466,g6h5:-466;g6f7:-504;g4f5:-566;g6e6:-586;g6g7:-595;g6g5:-615;a5c6:-643;a5b7:-644
rn1q1bk1/pp6/3pp2p/n1PPrp2/8/P1P1PPP1/4BB1P/RN1N1R1K b - - 1 17,opening,e6d5,-480,e6d5:-480;a5b3:-477;d6c5:-475;e5d5:-470;b8d7:-459;f8g7:-449;b8a6:-437;g8h8:-431
2rnr1nb/2p1pkp1/6q1/p4p2/bpPP1Pp1/4P3/PPQB3P/R1KN1RN1 b - - 2 18,opening,a4c2,-803,a4c2:-803;a4c6:-424;a4d7:-418;g6e6:-385;g6a6:-342;c7c5:-325;g6c6:-286;e7e5:-259
1rqnr2b/pp1p1pkp/3b2n1/2p1p1P1/2B3P1/P1NP4/1PP1P2P/R1Q1RNKB b - - 1 8,opening,d8e6,224,d8e6:224;g7g8:225;e5e4:225;g7f8:227;d6e7:239;b7b5:245;d6c7:261;d6f8:283
r3qbr1/p2p1kbp/bp4p1/1P2p3/2pP1p2/P3P3/2P1Q1PP/RBBK1BRB w - - 0 16,opening,b5a6,476,b5a6:476;e2c4:464;g2g3:449;g2g4:446;e3f4:442;b1a2:394;e2f3:383;c2c3:342
rnbk4/p2q3r/2p4p/2pp1ppn/1bN1p1P1/3QKP1P/PP1PP2R/R1B3NB w - - 2 20,opening,f3e4,-535,f3e4:-535;d3c2:-538;d3b1:-597;d3b3:-688;d3c3:-744;e3f2:-774;g4h5:-778;h2g2:-808
r1nq1k1r/2pnpppp/5nn1/Pp1p4/3P4/P1N1PP2/2P1K1PP/R1NQ1NNR w - - 5 9,opening,c1b3,18,c1b3:18;h2h4:16;e2f2:-4;h2h3:-19;g1h3:-22;e2e1:-26;d1e1:-34;a3a4:-40
rnn1rqnn/pN1k1p1p/4p3/1P1p2p1/4P3/2P1R2P/P2P1PP1/RN1K1QNN b - - 1 11,opening,g8f6,222,g8f6:222;d5e4:233;d7c7:247;c8b6:253;h8g6:254;a7a6:265;a7a5:276;f7f5:299
2kbr1rn/3pp1p1/p3np2/1p5p/2pPbP2/4P1P1/PQP4P/B1KBqNRN w - - 0 12,opening,a2a4,-426,a2a4:-426;c2c3:-430;f4f5:-470;g3g4:-473;h2h4:-490;a2a3:-499;b2a3:-501;b2b1:-534
2nrkqn1/rppppppp/2n3n1/p7/4P3/1NP5/PP1P1PPP/RN1RKQNN b - - 6 5,opening,e7e5,-59,e7e5:-59;a5a4:-54;f7f5:-47;c8d6:-46;g8f6:-29;d7d5:-17;e7e6:-4;b7b6:22
nnnkrr1n/1pppp3/6qp/N4p2/1P1PP1pP/5P2/P1P3P1/NN1KRRQN b - - 0 8,opening,g6b6,167,g6b6:167;g6a6:176;c8b6:179;c8d6:196;c8a7:197;c7c6:204;d7d6:236;c7c5:286
1br1kr1n/p2p1ppp/1ppn4/8/2q2P1B/P1P5/3PPNPP/1BRK2RN w - - 0 11,opening,e2e4,-547,e2e4:-547;h4g3:-555;f2d3:-556;e2e3:-562;b1h7:-564;g1e1:-573;b1c2:-585;g1f1:-586
rrq1kbnb/pppppnp1/7p/1P3p2/8/7P/PQPPPPP1/RR1NKBNB w - - 0 5,opening,g2g3,56,g2g3:56;c2c3:50;a2a4:38;g2g4:31;e2e3:10;b2c1:6;b2b3:4;a2a3:-5
q1knr3/1p2p3/p1p1r3/1N1pP1pp/1P2N1B1/2Q3P1/P1P1PbR1/1BK1R3 w - - 0 20,opening,g4e6,669,g4e6:669;b5d6:625;e4d6:569;e4f2:564;g2f2:497;e1d1:433;b5c7:398;a2a3:376
qrbr1b2/3ppbkp/1Bp5/5p2/3PPp2/6P1/QPPB3P/1R1RBB1K w - - 0 10,opening,a2a8,532,a2a8:532;a2a5:394;a2a3:364;a2a7:311;a2a1:305;f1c4:230;a2f7:142;d4d5:-22
1k2r1rb/1p1bq2p/1npppp1Q/p6P/6N1/PN3P2/1PP1n1P1/K1B1R1RB b - - 0 18,opening,e2c1,-339,e2c1:-339;e2g1:-331;h8g7:-286;f6f5:-249;e2g3:-201;a5a4:-161;g8g4:-139;e2c3:-101
kr1b2qn/p1p1prp1/5p2/1p5p/2BP1P1P/4R1N1/PP2b3/K1R1NnQ1 b - - 1 16,opening,e2c4,-328,e2c4:-328;b5c4:-222;f1e3:-196;c7c6:189;e7e6:245;b8b6:284;b8b7:298;a7a6:317
k1rnnqrn/pp2pppp/2pp4/6n1/8/1P3P2/PKPPPNPP/1NR1NQR1 w - - 2 7,opening,f3f4,-413,f3f4:-413;e1d3:-442;h2h4:-443;e2e3:-444;g2g4:-451;d2d4:-452;g2g3:-453;b1c3:-456
1rb3qn/2p2p1p/1k4p1/1pN1P2n/p3Pb1P/1R4N1/PP1r2P1/KRBB1Q2 w - - 0 19,opening,f1b5,99998,f1b5:99998;b3b5:851;c5a4:653;g3h5:499;c1d2:485;b3b4:470;b3a3:437;b3c3:432
1b2brqb/pk3ppp/2r5/1PP1p3/P2pP2b/3B1B2/1K1P1PPP/1R2BRQB b - - 0 15,opening,c6c5,126,c6c5:126;c6c8:335;c6c7:356;h4e7:382;b8c7:384;c6e6:385;c6g6:392;h4f6:398
1bbrb2r/1k1pbp2/1pp3pp/p2p1B2/2P2P2/PK2P1P1/3B3P/1B1RB1QR w - - 1 18,opening,d2c3,512,d2c3:512;f5c2:486;f5g4:467;c4d5:436;f5d3:435;d2a5:431;b3a2:423;c4c5:409
qbk2nrb/p1pp1Bp1/1p5r/4pn1p/PP1P4/2Q1P3/2P2PPP/2KNRNRB b - - 4 10,opening,e5e4,481,e5e4:481;g7g6:485;f5d6:487;c7c6:493;g7g5:500;a7a5:503;h6c6:507;e5d4:520
1brbrqnk/pp1pp2p/6p1/2pB1p2/n7/P2P3N/1PP1PPPP/N1RBRQK1 w - - 0 7,opening,d5b7,-75,d5b7:-75;e2e4:-112;c2c4:-119;c2c3:-121;c1b1:-124;e2e3:-126;d5g8:-154;a1b3:-179
k2qrr2/1p1npp1n/p1n4p/2np2p1/1Q1P1P1P/PP2N1P1/2P1P2R/KN2R1N1 b - - 1 14,opening,g5f4,-720,g5f4:-720;c6b4:-710;c5e4:-642;e7e5:-591;g5g4:-504;h7f6:-499;g5h4:-493;e7e6:-491
nnnr1nrk/ppppqp1p/4p1p1/8/2P5/3N1P2/PP1PP1PP/NN1RQNRK w - - 2 4,opening,b2b4,39,b2b4:39;e2e4:30;c4c5:29;f1e3:29;b1c3:26;a1b3:23;e1g3:22;a2a4:16
k2rr1nn/1b3q2/3Bpppp/p7/P1ppP1PQ/2PR1P1P/1P6/KB3RNN b - - 0 19,opening,c4d3,-330,c4d3:-330;g6g5:-178;e6e5:-100;d8d6:1;d4c3:107;f7d7:109;g8e7:319;b7c6:335
k1qbnrn1/3p3r/bpp2p1p/P2Qp3/4PpPP/P2P4/2PB1P2/1K1BN1RR b - - 2 16,opening,c6d5,-798,c6d5:-798;b6a5:-398;d8c7:-381;d7d6:-378;e8g7:-367;c8b8:-356;g8e7:-343;h7f7:-343
kr1b3n/p6q/1pppnpr1/1P3Pp1/1K1p3p/1P1P1R1P/P3P1P1/1RBBN2N b - - 8 21,opening,d6d5,-514,d6d5:-514;e6c7:-513;d8e7:-509;h7e7:-509;a7a5:-498;c6c5:-487;b8c8:-474;h7h5:-460
knrrq1bb/1p1pp1pp/2p5/p4P2/3n4/1P2N3/P1P2PPP/KNRRQ1BB w - - 0 6,opening,e1a5,309,e1a5:309;d1d4:309;c2c3:138;f5f6:132;g2g4:117;f2f4:78;e3g4:40;e3c4:24
1qbrk1br/1pnppppp/4n3/p1p2PB1/3P4/6PP/PPP1P2N/NQ1RK1BR b - - 4 7,opening,e6g5,-429,e6g5:-429;e6d4:-137;f7f6:-131;h7h6:-93;c7a6:-92;c7d5:-90;c7b5:-81;b7b5:0
r5rk/bbqpb1p1/p6p/1p2pQ2/4p2P/4R1K1/PPP2PR1/BB1B1B2 w - - 2 20,opening,e3c3,-264,e3c3:-264;f5h3:-312;f1e2:-314;f5h5:-332;e3a3:-342;e3e1:-343;e3b3:-361;g3h2:-377
r2r1bkb/q1p3p1/2n1pp2/pp2nPP1/P2P1N1p/1QP1N2P/1P2P1B1/2RR2KB b - - 1 21,opening,f6g5,548,f6g5:548;d8e8:548;d8d6:557;d8d4:562;c6d4:568;e5c4:592;g8h7:619;b5a4:630
knqr1r1b/p1ppp1pp/1p3p1n/7b/8/5PP1/PPPPP2P/KNQRBRNB w - - 1 5,opening,c2c4,124,c2c4:124;h2h3:123;d2d4:121;g3g4:117;f3f4:116;d2d3:113;b1a3:101;b1c3:98
r1nr1b2/k3p1qp/ppp1b3/3Q1p1n/P2P1PB1/1PB3P1/1KPRP2P/1RN3N1 b - - 0 14,opening,e6d5,-466,e6d5:-466;c6d5:-426;d8d5:-413;d8d6:-98;e6d7:48;c8d6:281;h5f4:319;h5f6:344
nrnnkqrn/ppp1p1pp/5p2/3p4/1P6/P2P4/2P1PPPP/NRNNKQRN w - - 0 4,opening,h1g3,26,h1g3:26;e2e4:24;f2f4:23;g2g4:21;e2e3:14;a1b3:12;c2c4:9;a3a4:-17
rnbbqr1k/p2ppppp/1pp2n2/8/P5P1/2N5/1PPPPP1P/R1BBQRNK w - - 0 4,opening,g4g5,39,g4g5:39;f2f3:1;e2e4:1;e2e3:-2;h2h3:-40;a4a5:-78;d2d3:-82;d2d4:-82
br1nb1r1/1p1pkppp/4pn2/B1q5/2p1PP2/1P1PN1PP/P1P4R/1RQ2KN1 w - - 1 15,opening,e3c4,185,e3c4:185;c1e1:151;a5c3:-7;b3b4:-90;c1d2:-119;a5e1:-153;a5d2:-165;a5d8:-181
q4n2/1p1p1p1r/pnn2krn/N3p1pp/1Np1P2N/6P1/PPPPKP1P/2Q2NRR w - - 17 21,opening,h4g6,164,h4g6:164;b4c6:59;a5c6:49;a5c4:-31;b4d5:-129;g3g4:-174;f2f4:-193;f1e3:-214
1kb2r1q/1p1p4/2p2pnp/p4npP/2P1P1P1/PP1P1P2/1RBb1RN1/K6N b - - 0 18,opening,f5d4,-572,f5d4:-572;d2c3:-563;g6e5:-558;g6h4:-553;f5h4:-537;g6f4:-517;g6e7:-506;d2c1:-501
1knqbbnr/rppppppp/8/p7/P5P1/R4N2/1PPPPP1P/1KNQBB1R w - - 3 5,opening,a3a1,16,a3a1:16;h2h4:13;a3a2:6;d2d4:4;h1g1:-10;e2e3:-10;h2h3:-16;e2e4:-38
qn1kr2n/1p1npr1p/p1p2ppn/4p3/2P1R3/6PP/PP1P1PN1/QNNK1R1N b - - 9 13,opening,b7b5,-240,b7b5:-240;h6f5:-236;b7b6:-234;c6c5:-225;e7e6:-224;f7f8:-222;e8f8:-209;d8c8:-208
b1kbrr1b/p5pb/1pp1p3/1P1p1Q1p/2PP3P/4P3/P3RqP1/B1KBR1BB w - - 0 12,opening,f5f2,348,f5f2:348;f5h7:261;f5e6:125;e2f2:-16;g1f2:-65;f5e5:-124;f5h5:-146;f5h3:-178
b1qkrbbb/4pp2/1rp5/pp3Ppp/2P1p2P/P5P1/1P1P2B1/BRQKR2B b - - 0 9,opening,g8h7,-358,g8h7:-358;c6c5:-357;c8f5:-336;e7e6:-322;g5h4:-315;f8g7:-299;b5c4:-292;c8d7:-287
rn2knnr/pp1p4/2p1p1p1/1n3p1p/1P1P1P2/7P/P1PNP1PN/2RQK1NR b - - 0 11,opening,b5c3,-12,b5c3:-12;b8a6:579;b5d4:582;g8f6:582;b5d6:586;a7a5:589;h5h4:598;c6c5:608
1nkbrrnb/1pp1p1p1/q6p/3p1p2/p2PP1B1/NP2R3/P1P2PPP/Q1K2RNB w - - 0 7,opening,g4e2,110,g4e2:110;g4f5:-330;f1e1:-334;e4d5:-390;g4d1:-393;g1e2:-398;f1d1:-403;a3c4:-405
krqnbrn1/2p1p1b1/5p2/pN1p2pP/8/P1PPQ3/1P2PP1P/KR2BRNB b - - 0 10,opening,b8b5,-37,b8b5:-37;e8b5:33;c8b7:140;b8b7:218;b8b6:301;d8c6:330;c7c5:405;c8a6:810
n1r1r2n/ppN2k2/1np1p2p/3p1Np1/1P1PNqp1/8/P1PNPP1P/3RQKR1 w - - 7 22,opening,f5d6,400,f5d6:400;c7e8:391;f5h6:384;e4d6:332;e2e3:209;c7d5:186;c7a8:183;g1g4:143
1krb1brb/3bppp1/2pp3p/1pq5/PP2P1B1/1R5P/2QP1PP1/K3B1RB b - - 1 14,opening,c5c2,-799,c5c2:-799;g7g6:-483;g7g5:-446;c5d4:-367;c5a7:-352;c5c4:-317;c5e5:-263;c5b6:-242
1nkrr2n/1pppqppp/p7/4p3/2nN3P/2P5/PP1PPPP1/N1KRRQ1N b - - 3 7,opening,e5d4,-422,e5d4:-422;c4b2:-173;c4d6:-132;c4b6:-122;d7d5:-119;e7h4:-116;g7g6:-110;c4d2:-104
n1k2rr1/p1pq1n1p/3p1p2/1pn2Pp1/P1n1p3/1N4PQ/1P1PPR1P/1NNK1R1N w - - 0 19,opening,a4a5,-357,a4a5:-357;a4b5:-378;b3c5:-384;d1e1:-401;g3g4:-407;b1c3:-412;d1c2:-417;h3g2:-435
2nk1nrr/1ppp1pn1/p1n5/N5p1/7p/2q1P3/PP1P1PPP/Q2KNNRR b - - 1 16,opening,c3a5,-681,c3a5:-681;c3b4:-472;c3f6:-363;c3e5:-336;c6a5:258;c3d2:265;d8e8:302;c8d6:335
b4b2/pqrknppr/n1pp3p/1p5P/1P4P1/2NP1N1B/P1PKPP1R/2RQ4 w - - 10 16,opening,g4g5,-118,g4g5:-118;c1b1:-165;f3d4:-182;a2a4:-194;c3e4:-211;d1g1:-213;e2e4:-213;a2a3:-219
bq2brrk/pp1p4/3np1p1/2p1Bp1p/8/1P1N1PP1/P1PPP2P/Q2NBRRK b - - 0 9,opening,h8h7,416,h8h7:416;f8f6:693;g8g7:817
1r3rkn/1bpp2pp/p6Q/pb1qBp2/NP4N1/2B3KP/2P1P1P1/3R1R2 w - - 0 22,opening,h6g7,99999,h6g7:99999;d1d5:798;e2e4:549;f1f2:429;f1f3:302;f1g1:247;g3h4:88;g4e3:88
q1k3rb/pp1p3N/1P1r1ppn/4p2p/PQPPPn1b/1B2R2P/5PP1/1NK2R1B b - - 0 20,opening,d6b6,94,d6b6:94;d6c6:196;h6f7:209;d6e6:220;d6d4:228;e5d4:287;f4e6:305;h4f2:316
nQn2b2/pp1rp3/5p1k/2pp1b1p/3B3p/1PP1P3/P2Pq1P1/NRNR1B1K w - - 1 17,opening,c1e2,760,c1e2:760;b8f4:738;f1e2:684;c1d3:330;d4f6:200;h1h2:0;b8c8:0;b8e5:-65
n2knrq1/2pp2p1/p4p1r/np2p2p/nP2P2P/2PP1P2/3K2PR/NNN1NRQ1 w - - 1 13,opening,b4a5,228,b4a5:228;g1a7:-10;g2g4:-102;e1c2:-117;g2g3:-138;d2c2:-145;d2d1:-148;h2h1:-151
qrbrb1b1/1p1ppp1k/6pb/p1p2P1p/P7/1P2P3/2PP2PP/QRBRBBBK w - - 1 7,opening,f5g6,242,f5g6:242;a1e5:177;f5f6:173;e1h4:171;e3e4:134;d2d3:131;d2d4:128;c2c4:96
1bbk1rrq/pp2ppp1/2p2n1p/3P4/2Pp4/5PPP/PP1P3Q/NBBKNRR1 b - - 0 8,opening,c6d5,271,c6d5:271;g7g5:346;b7b5:357;b7b6:358;c6c5:360;h6h5:361;f8e8:366;b8d6:366
q1r1nbrn/ppk3p1/2p3Qp/5p2/1P5P/6P1/P1PPPPR1/1BKRNB1N w - - 0 12,opening,g6e6,390,g6e6:390;g6f5:362;g6h5:256;g6h7:225;g6e8:-317;c2c3:-363;c2c4:-390;g6c6:-405
kqrb2rb/pppp1ppp/4p1n1/1n6/1P6/2Q1P3/P1PP1PPP/K1RBNNRB w - - 3 5,opening,c3b3,58,c3b3:58;c3b2:-12;c3d3:-77;c3c4:-97;c3c5:-152;c3d4:-581;e1d3:-600;g2g4:-606
q2rrbkb/nppnp2p/6p1/p2p3P/5pP1/N3NP2/PPPPP1BK/Q2RR2B w - - 2 10,opening,e3d5,-105,e3d5:-105;h5g6:-116;c2c4:-199;e3f1:-209;a1b1:-226;c2c3:-270;a1c1:-292;e3c4:-300
1b1q1bb1/p1r1rp1k/1p4p1/2ppp1Pp/P6P/2P2PKB/1PR1P2B/B2QRB2 b - - 2 20,opening,e5e4,90,e5e4:90;f7f6:122;f8g7:155;e7e8:156;c7c6:162;d5d4:165;c5c4:167;e7d7:184
kn1r1r1b/1pp5/5p2/p2N3p/2b1Pq1P/1P3P1n/PK1P2PB/1N1RQR1B b - - 2 17,opening,f6f5,117,f6f5:117;f4h2:125;d8d5:375;f4h6:376;c4d5:433;c4f1:470;b8c6:546;c4b3:555
kbnrb2r/1ppn1p1p/3pp3/p3N1p1/P1Pq1P2/1P2P2P/K2P2P1/1B1RBNQR b - - 0 9,opening,d4b6,64,d4b6:64;d4a7:67;d4c5:158;d6e5:485;g5f4:494;d4e5:513;d4d5:514;d7e5:519
bbqk1rrn/4pp2/1pBp3p/p3N2n/2P2pPP/8/PP1PP3/BQ1K1RRN w - - 0 11,opening,c6a8,342,c6a8:342;e5f7:136;g4h5:95;b2b3:84;b1d3:72;b2b4:56;b1f5:42;c6e4:37
rnnkn1rn/pp1p1ppq/7p/2P1p3/8/2PP2N1/P2NPPPP/R1NKNRQ1 b - - 2 6,opening,g7g5,196,g7g5:196;h8g6:201;f7f5:217;h6h5:219;d7d6:228;c8e7:235;d7d5:237;e8c7:242
nnr2rkq/2pp4/1pNn2n1/5N1p/p4Pp1/1P6/P1PPP1PP/NN1R1RKQ w - - 0 16,opening,f5e7,377,f5e7:377;c6e7:373;f5d6:187;f5h4:97;c6a7:-49;c6d4:-130;c6e5:-144;f5e3:-196
1rnnkqrn/p1pppppp/8/Pp6/8/5P1P/1PPnPNP1/NRNNKQR1 b - - 1 5,opening,d2f1,-624,d2f1:-624;d2b1:-406;d2c4:-171;d2f3:158;c7c5:220;e7e6:226;d8b7:239;h8g6:240
rbb1kbr1/p2pp1p1/4q3/1p3pN1/PPp1P2p/7P/2PB1PPR/RB1QKB2 w - - 0 18,opening,g5e6,641,g5e6:641;h2h1:358;a1a3:346;a4b5:331;c2c3:326;a1a2:303;d1h5:280;g2g3:270
1r2kqr1/npppp1pp/pP6/4np1P/5P2/2N3K1/PPnPP1P1/NRN2QRN w - - 1 12,opening,b6a7,667,b6a7:667;f4e5:659;a1c2:637;b6c7:564;c1d3:493;c3d5:451;e2e3:436;e2e4:419
b3bb1r/3r3q/k1p4p/p3p1pP/P1b1PpP1/1PpPBP2/2K1Q1B1/B2R3R b - - 5 23,opening,c4b3,-441,c4b3:-441;d7d4:-291;f4e3:-290;f8b4:-230;c4g8:-194;c4e6:-187;c6c5:-182;c4d5:-173
1nkrn1rq/p1p1p3/1n3p2/1Pnp2pp/2P1P3/1P1N2PP/2KP1P2/NN1R1NRQ b - - 2 11,opening,c5d3,-141,c5d3:-141;c5e4:-75;c5b3:-40;f6f5:60;c5e6:110;c5d7:123;b6d7:128;b8d7:150
rrnqnkbb/1ppp1pp1/p7/4p2p/3P1P1P/P7/1PP1P1P1/RRNQNKBB b - - 0 4,opening,e5e4,-202,e5e4:-202;c8d6:-159;e8d6:-152;e5f4:-120;d8h4:-95;e5d4:-24;d7d6:43;g8h7:73
nr1nk1rn/pppp1ppp/3qp2n/6P1/8/1N1PNP2/PPP1P2P/1RN1KQRN b - - 0 6,opening,h6f5,136,h6f5:136;d6b4:145;d6f4:149;d6h2:280;d6e5:296;h8g6:330;f7f5:358;g7g6:367
n1rrn1kq/p3pppp/3p1nn1/1pp5/8/3P1PP1/PPPRP1QP/NNRNN1K1 b - - 1 7,opening,c5c4,-45,c5c4:-45;a8b6:-34;h7h5:-33;e7e6:-27;b5b4:-20;d6d5:-19;e7e5:-15;a8c7:-13
qk3br1/1prp2p1/p2n4/2pbN2p/P4P1P/1P2P3/KQR2P2/4NBBR w - - 0 21,opening,f2f3,372,f2f3:372;h1h2:318;f1g2:296;e3e4:280;c2c5:272;h1h3:243;e1g2:243;e1d3:243
b1qkr1rn/p1bnp1p1/3p2Bp/1pp2p2/1P5P/P1B2P2/1QPPPNP1/3KNRR1 w - - 0 12,opening,g6e8,274,g6e8:274;g6f5:230;g6h7:215;h4h5:-87;g6h5:-219;g2g4:-224;c3g7:-259;b4c5:-259
1n1rnn2/p1nq3r/2pp1pkp/1N2p1P1/8/P1PPPP2/1P1N2P1/1NQRNK1R b - - 2 14,opening,c6b5,-132,c6b5:-132;c7d5:-112;c7b5:-101;c7e6:-1;c7a6:45;c7a8:80;h6g5:93;f6g5:129
nn1k1r1n/p1pqnp2/3p2Pp/1p2p1p1/4PQ2/PNNP2P1/1PP2P2/2NK1RRN w - - 1 14,opening,g6g7,677,g6g7:677;f4e3:553;f4d2:546;b3c5:458;f4f6:453;f4f3:443;f4e5:-85;c1e2:-97
6rr/kp4pp/pnpp1n2/N3p1qB/2Q1P1P1/P1P3bN/KPRb1P1P/3B3R b - - 12 20,opening,b6c4,-296,b6c4:-296;g5h5:326;g5h6:335;d6d5:358;f6d7:366;g8f8:376;g8b8:415;g3h4:463
brq1rbbb/2p1k3/1p1p3p/p3ppp1/2PPBPP1/PP6/2Q1P2P/BR1KRBB1 b - - 0 9,opening,a8e4,-520,a8e4:-520;f5e4:-402;g8h7:68;g5f4:75;e5d4:92;g8e6:94;f5g4:94;e5f4:95
1qb2br1/3b1p2/r2p3k/ppPp2p1/PP2p1P1/6BP/4PP2/R2BBBRK b - - 0 16,opening,b5a4,-498,b5a4:-498;a5b4:-474;f8g7:-445;d5d4:-433;f8e7:-428;b8b7:-428;e4e3:-412;b8c7:-407
1kbrr1nn/2ppppbp/p5p1/1p6/PPPq3P/Q7/1B1PPPP1/1K1RRBNN b - - 2 8,opening,d4b2,5,d4b2:5;d4e4:130;d4h4:307;d4c4:364;d4a7:387;d4g4:395;d4d6:401;d4f4:410
qkbb1rn1/pppppppN/5n1r/7p/3P4/8/PPP1PPPP/QKBB1RNR b - - 0 4,opening,h6h7,-374,h6h7:-374;f6h7:-299;f8e8:187;f6e4:282;e7e5:293;d7d5:298;h6g6:300;d7d6:302
nn3rqr/p2p4/2pkppnp/Pp6/1P1PPPP1/6N1/1KN4Q/NN1R2R1 b - - 6 23,opening,g6e7,579,g6e7:579;e6e5:584;d6c7:589;d6e7:600;b8a6:607;h6h5:614;g6f4:617;c6c5:650
q2r2k1/pQp2p2/2n2np1/3ppb1r/1b2P1pP/8/PBPP1P1K/1RNN1B1R w - - 1 15,opening,b7a8,-360,b7a8:-360;f1a6:-524;b7a6:-557;b7b5:-578;e4f5:-617;b7b4:-620;b2e5:-624;h2g1:-654
r1k1r2n/1p2pp1p/p2pn1q1/P6n/4P1p1/N1P4P/1K1P1PP1/R1NN1R1Q b - - 0 20,opening,g4g3,93,g4g3:93;g6e4:113;g4h3:122;h5f6:130;g6g5:165;b7b5:178;e8g8:183;c8c7:188
brq4b/4b1kp/pb1prpp1/p1p5/1Q1PpP2/PP4PP/2P1PK2/BR1BRB2 w - - 1 16,opening,b4c4,-595,b4c4:-595;b4a4:-615;b4b6:-689;b4d2:-743;e2e3:-764;b4c3:-765;d4d5:-770;f4f5:-809
nqnrrb1b/p1p1pppk/1p6/7p/3Pp2P/1N3P2/PPP3P1/NQ1RRBKB w - - 2 8,opening,f1b5,-26,f1b5:-26;c2c3:-28;f3e4:-37;b3d2:-81;g2g4:-98;e1e4:-123;g2g3:-145;a2a4:-147
krq2rnb/p1pb2pp/1pnp3Q/4pp2/2PP4/1P3N2/P3PPPP/KR1NBR1B w - - 0 7,opening,h6d2,-179,h6d2:-179;h6c1:-190;h6h7:-206;h6e3:-226;h6g5:-250;h6h3:-261;h6h4:-296;h6h5:-312
qbbbr1kr/1p5p/p4pp1/2pp3P/4p2R/2PPPBP1/1P1B1PK1/Q2BR1B1 b - - 3 16,opening,e4f3,122,e4f3:122;g6g5:139;f6f5:208;b7b5:230;d8c7:235;g8f7:256;h7h6:263;c5c4:264
q1rnkb1r/ppbpp1pp/5pn1/2p5/3P3P/5P2/PPP1P1P1/QBRNKBRN w - - 2 6,opening,g2g3,-217,g2g3:-217;d4c5:-224;h1f2:-233;e1f2:-235;d4d5:-243;h4h5:-261;c2c4:-273;b2b4:-281
n2kr3/pppr1n1p/1q1pp1pP/3PNp2/P2P1P2/1Nn3P1/1NPK1N2/4QRR1 w - - 0 22,opening,e5d7,444,e5d7:444;d5e6:370;d2c3:361;a4a5:327;d2c1:297;e5f7:293;e5c4:235;b2c4:235
1brbrq1k/1p1p2pp/pnp4n/4pp2/3PQ3/P3PB2/1PP1NPPP/NBR1R2K b - - 1 8,opening,f5e4,-793,f5e4:-793;h6g4:-575;f8e7:-571;d7d5:-552;f8f7:-536;g7g6:-530;a6a5:-520;d7d6:-510
1krnq1rn/2pppppp/1pn5/p4P2/8/N3N1PN/PPPPPn1P/K1R1QR2 b - - 0 9,opening,f2h3,-460,f2h3:-460;f2e4:-352;f7f6:18;d8b7:18;g7g6:31;f2g4:38;f2h1:41;f2d3:46
rbkbb1rb/p1ppqppp/8/4p3/2PP2P1/1p5P/PP2PP2/RBKBBQRB w - - 1 6,opening,h1a8,398,h1a8:398;b1h7:280;b1e4:244;b1f5:243;e2e3:235;a2b3:229;d4d5:224;f2f4:201
1rqkrbbb/p1p1ppp1/Bpb5/2Bp3p/4PP2/P6P/1PPP2P1/BRQKR2B b - - 2 6,opening,c8a6,-389,c8a6:-389;c8d7:-103;c6b7:-37;c8e6:-1;b8b7:181;b6c5:296;c6b5:376;e7e5:419
kq3rr1/2p1p2n/ppnp2pp/2n2P2/P1P1n1p1/1Q6/NP1P1N1P/KN3N1R b - - 2 23,opening,c5b3,-99999,c5b3:-99999;c6a5:-992;c6d4:-963;e4f2:-898;g4g3:-889;h7f6:-871;g6f5:-871;b8c8:-860
rr2n2k/ppbb2qn/1Q1p1p2/2P1p1pP/2P5/1P3PN1/P1BNP2P/RRB4K b - - 0 15,opening,a7b6,-480,a7b6:-480;c7b6:-342;a7a5:-262;d6d5:72;g5g4:117;e5e4:127;h7f8:153;g7f8:161
b1r2rkb/2b2pp1/p1b1p3/2pp4/1PRP1qP1/P3P3/5R2/B1Q1B1KB w - - 0 22,opening,e3f4,246,e3f4:246;f2f4:79;c4c2:-343;f2g2:-348;c4c5:-349;b4b5:-372;c4c3:-385;e1c3:-409
rbnqk1br/pp1ppp2/4n3/6pp/PPPp4/8/4PPPP/RBNQKNBR w - - 0 6,opening,h2h4,-115,h2h4:-115;b1e4:-123;f2f3:-127;c4c5:-148;a4a5:-148;c1b3:-149;f2f4:-171;f1d2:-173
r1brbbk1/b2pp1p1/p1p2p2/1B6/1PP1P1Pq/7P/P2P1P2/R1BRB1KQ b - - 0 8,opening,h4g3,-577,h4g3:-577;a6b5:-501;a7d4:-493;e8g6:-463;c6b5:-456;d7d5:-440;a6a5:-418;e7e5:-398
nrnnkqr1/1p1pp2p/6n1/p1p1N3/P5p1/1PPP2N1/2N1PPP1/1R1NKQR1 b - - 0 10,opening,g6e5,-266,g6e5:-266;b7b5:128;g8h8:130;f8f4:142;g6f4:147;d7d5:157;a8c7:157;c8d6:157
qnr1rk1b/2pp2p1/2n1p3/pp3p1p/1b3P2/3PP1P1/PPP4P/1QRNRBKB w - - 0 11,opening,c2c3,-200,c2c3:-200;e1e2:-270;h1c6:-305;d1c3:-323;d1f2:-427;d3d4:-431;g1f2:-443;c2c4:-450
knr2br1/npQqp2p/p4pp1/P1Np4/6P1/3P1P1P/1PP1P1B1/KNR2BR1 w - - 2 15,opening,c5d7,676,c5d7:676;c7b8:661;c7d7:507;c7b7:260;c7b6:192;c7c8:-218;c7f4:-259;c7g3:-262
bbr2knr/1p1np1pp/p1p5/5p2/P1qB1P2/1P1P2NN/B3P1PP/2RQ1K1R w - - 0 13,opening,d3c4,798,d3c4:798;b3c4:761;c1c4:756;d4g7:726;g3f5:511;h3g5:369;e2e3:293;d4b2:249
nqrnk1br/p4pb1/1p4pp/NPpp4/P1NPp3/7P/1QP1PPP1/1R2KBBR w - - 0 17,opening,g1h2,275,g1h2:275;e2e3:-92;c2c3:-120;b2c1:-156;b1d1:-173;b2a3:-175;h3h4:-182;b2a2:-209
b2rrk1b/p1ppq1pp/1p2pb2/5p2/5P1P/P2bP3/1PPBRKP1/B1RB1Q1B w - - 2 11,opening,c2d3,331,c2d3:331;d2b4:-150;g2g4:-292;g2g3:-298;h4h5:-314;f1g1:-339;a3a4:-351;f1e1:-371
b2r1bk1/b2pp1p1/b5pq/2p4p/pPPP2P1/P7/4PPBP/R1BRB1K1 b - - 0 15,opening,g6g5,-565,g6g5:-565;h6h8:-516;h6h7:-501;a8g2:-351;c5d4:-283;c5b4:-270;a6c4:-269;h6c1:-268
r2q1bnr/ppp3p1/2k1pQ2/1N1p4/1n6/1N2P3/P1PPNPPP/R2nKB1R w - - 0 13,opening,f6e6,597,f6e6:597;b5d4:521;b3d4:520;e2d4:510;f6d8:474;f6e5:440;f6f7:421;f6g6:304
nr1qnr1n/p1nppk2/1p4pp/1Pp2P2/P1P5/1N2PP1P/3PN1KR/1NRQN3 b - - 2 17,opening,e8g7,164,e8g7:164;g6f5:166;d7d5:176;f7g8:177;d7d6:177;e8d6:181;f7g7:189;f8g8:189
2kqrn2/2pbpp2/Nn4r1/Bp1pb1Qp/3P2N1/1P6/P1P1PPPP/1K2RR1B w - - 1 13,opening,g4e5,393,g4e5:393;g5e5:314;g5d2:238;g5e3:211;g5h5:190;g5c1:77;g5g6:56;a5b6:-35
2nrnrbk/1qbppppp/1pp5/p7/Q5P1/PP6/1NPPPP2/1BNRR1BK w - - 4 9,opening,c2c3,-314,c2c3:-314;f2f3:-327;a4e4:-332;g1h2:-335;g4g5:-349;b2d3:-369;c2c4:-376;c1d3:-377
qbb1kn1r/ppp1pp1p/1r4p1/8/1P1pP1n1/2PP1PNP/P2K2P1/QBBR2NR b - e3 0 8,opening,g4f2,-126,g4f2:-126;d4e3:-121;g4e3:-83;g4f6:29;d4c3:101;c7c6:139;g4e5:192;c7c5:214
brqkrbbb/2p1pp1p/3p4/pp4p1/2P3P1/1P3P1P/P2PP3/BRQKRBBB w - - 0 7,opening,a1h8,321,a1h8:321;e2e4:127;c4b5:123;d2d4:92;a1c3:89;c4c5:58;f1g2:12;h1g2:-9
1qnrrbkb/pp1ppppp/2p5/3n4/2P5/8/PP1PPPPP/NQNRRBKB w - - 1 4,opening,c4d5,372,c4d5:372;d2d4:22;e2e3:18;a1b3:18;a1c2:5;a2a3:2;g2g3:-4;b2b4:-5
bkrrqbbb/1p1pp1p1/2p2p1p/p7/3Q4/3P4/PPP1PPPP/BKRR1BBB w - - 0 5,opening,d4c5,110,d4c5:110;d4b6:105;g2g4:75;d4a4:67;g2g3:65;e2e4:39;f2f4:38;d4f4:35
bqrb1bkb/2ppr1p1/1p2p3/p4p1p/PPP5/Q6P/2RPPPP1/B2BRBKB w - - 0 9,opening,b4a5,7,b4a5:7;e2e3:-21;c4c5:-46;g2g3:-50;e2e4:-54;a3b3:-95;a1c3:-95;b4b5:-95
k1r1rnqn/nppn1ppp/p2p4/4p3/4PP2/N7/PPPP1NPP/KR1NRN1Q b - - 4 7,opening,e5f4,-85,e5f4:-85;f7f5:-5;h8g6:72;d6d5:75;c7c6:80;f7f6:87;b7b5:90;d7b6:100
1rkr1n1n/2pp1p1p/qp2p1p1/p6n/1PP4P/PN1P2Nn/Q3P1P1/RK1RN2N b - - 2 12,opening,h5g3,-59,h5g3:-59;a5a4:47;h3f4:110;a5b4:183;d7d5:212;h3g1:230;b6b5:234;h3f2:256
rq1bbbrk/ppp1p1pp/3pb3/5p2/7P/4PP2/PPPPB1P1/RQBBB1RK w - - 1 5,opening,d2d4,66,d2d4:66;e3e4:64;a2a4:52;c2c4:47;c2c3:43;b2b4:29;g2g3:26;g2g4:21
nkn4b/1pbprr1p/2p3p1/p3P3/PNP5/5p2/NPBPPQ1P/1K2R2R b - - 2 17,opening,a5b4,343,a5b4:343;f3e2:351;a8b6:353;e7e5:406;d7d5:408;c8b6:417;h8e5:436;c7e5:437
r4b2/pppqkpp1/Bn2p2r/3p3p/PP1P2n1/4PK2/n1P1QP1P/RNN3NR w - - 0 15,opening,c1d3,-319,c1d3:-319;a1a2:-351;c1a2:-415;c1b3:-462;f3g2:-499;a6b5:-504;e2e1:-510;e2d2:-514
2n1r1rn/ppp1q3/nn2k1pQ/4P3/1P1p2Pp/1NPP3P/P3P3/NN2KRRN b - - 2 16,opening,d4c3,293,d4c3:293;b6d5:339;e6d7:362;b6a4:381;c7c6:399;e6d5:406;g8f8:407;h8f7:408
rqn1nkrn/p1p1p1p1/1p2n3/P2p3p/1P5P/R3PpP1/1QPP1P2/2NNNKRN w - - 0 11,opening,b2e5,236,b2e5:236;e1f3:163;d2d3:152;b2a2:150;c1d3:137;b2a1:120;a3a2:117;b2b3:114
r1k1bbn1/1p3p2/p2rp3/N2p1P1p/n1pP1q1P/P1B5/1PPQPPB1/RK5R b - - 2 21,opening,d6b6,-389,d6b6:-389;a4c3:-361;f4d2:-339;f4f2:-336;f4g4:-306;f4f5:-303;f8h6:-294;f4h6:-275
1nrbr2b/1ppppk1p/1n4p1/p1Q3p1/6q1/2PPPP1P/PP4B1/NNRBRK2 b - - 2 9,opening,g4h4,-195,g4h4:-195;g4g3:-179;g4h5:-41;g4e6:0;g4f5:105;b8a6:271;h8d4:313;b6a4:331
rbr1bqbk/pppp1p2/6p1/2B1p1b1/P6p/1P1P4/2P1PPPP/RBRB1QBK w - - 0 7,opening,c5f8,439,c5f8:439;f2f4:75;d3d4:14;c5e3:-23;c5a3:-32;b3b4:-65;f2f3:-83;b1a2:-92
bkrr2bb/1pp2pp1/P2b4/8/2qp2Pp/PQ1P3P/2P1PP2/1KR1RBBB w - - 0 13,opening,d3c4,378,d3c4:378;b3c4:340;a6a7:332;a6b7:-189;h1b7:-207;e2e4:-287;f2f4:-301;f1g2:-308
3rbrkn/2n2ppp/pp1q3B/3pP3/b1p1Q3/2P1P1KP/1P3PP1/R1B2R1N b - - 2 17,opening,d6h6,-647,d6h6:-647;d5e4:-515;c7e6:-476;d6e6:-476;d6g6:-460;d6d7:-459;d6e7:-443;d6c6:-416
r1qnk2b/p3p2p/b1pp3n/1p1P2p1/5rP1/1P6/P1P1PP1P/R2QKRNB w - - 0 12,opening,d1d3,-695,d1d3:-695;g1f3:-710;d1b1:-754;d1d2:-777;e2e3:-799;e1d2:-813;a1c1:-841;d5c6:-852
n1r1qbr1/p1p1bp1p/2kp3n/1p4p1/1P2p3/2K1PPPN/PRPP3P/N2BQB1R w - - 0 11,opening,c3b3,-26,c3b3:-26;f3e4:-28;h3f2:-98;b2b1:-121;d1e2:-139;d2d4:-146;a2a4:-157;d2d3:-166
2r1bb2/2Qqp1rk/1p3p2/p2p1pRP/P2n4/1P1n1P1P/3PPN2/RN3B1K w - - 1 19,opening,g5g7,-515,g5g7:-515;c7h2:-589;c7d7:-633;f2d3:-660;c7b6:-692;c7g3:-752;c7c8:-775;c7f4:-804
qrb1bnnr/1p1k4/3pp3/p1p3pp/4PP2/2B4P/PPPNK1P1/QRB3NR w - - 0 10,opening,c3h8,334,c3h8:334;b2b4:273;c3g7:256;g1f3:233;b2b3:219;e2f2:181;d2f3:181;a2a3:144
rbbrb1k1/pp5p/q5pb/2ppppP1/P6P/RP6/2PPPP1K/1BBRBB1Q w - - 0 11,opening,g5h6,237,g5h6:237;e2e4:111;e2e3:90;h2g1:-3;c2c4:-40;d2d4:-118;c2c3:-134;d2d3:-140
nr2kr2/1pp1npp1/2npq1n1/P3pN1p/N6P/P2N1P2/2PPP1P1/N1R1KQR1 w - - 8 14,opening,f5g7,584,f5g7:584;f5g3:22;g2g4:-5;f5e7:-41;e2e4:-103;f5e3:-108;d3e5:-327;f5d6:-336
r1n1kr1q/p1p3np/3p1n2/1p4p1/2PPpPNP/PP1n2P1/4P1RQ/NRNK2N1 b - - 0 15,opening,f6g4,-622,f6g4:-622;d3b2:-337;g7f5:38;d3e5:140;d3c1:143;d3f4:179;b5c4:189;g7e6:207
1kqbrbbb/1p1ppBpp/r7/p1p2p2/5PP1/3P4/PPP1P2P/RKQBRBB1 b - - 1 5,opening,g8f7,-361,g8f7:-361;g7g5:-102;e7e6:-86;g7g6:-38;e7e5:2;a5a4:14;f5g4:89;a6b6:93
kbrbbrq1/pp1ppp1p/6p1/P1p4P/8/1Bb2PP1/1P1PP3/KBR1BRQB b - - 0 9,opening,d8a5,110,d8a5:110;c3a5:111;c3d4:168;c3h8:181;c3f6:185;c3b2:190;c3b4:203;c3g7:208
nqnkrrn1/p1p1pn2/6pp/3p1pN1/p4PPP/1N4N1/1PPPP3/NQ1KRR2 w - - 4 10,opening,g5e6,384,g5e6:384;b3d4:260;g5f7:62;g4f5:57;b3a5:44;b1a2:0;b3c5:-91;g5h7:-106
kqrb2rb/1p1p1ppp/3n2n1/p1p1p3/8/P1Q3P1/1PPPPPNP/K1RB1NRB b - - 3 6,opening,e5e4,-155,e5e4:-155;c5c4:-154;g8e8:-132;f7f5:-114;g8f8:-102;a8a7:-92;g6e7:-83;c8c6:-81
1r1kr1nn/2pnq3/1n2pp1p/pp1pP1p1/1PPN3P/3P1PN1/PK4P1/RN2RQN1 b - - 2 17,opening,e7b4,-259,e7b4:-259;d7e5:-190;b6a4:-186;e7f8:-177;b6c4:-172;d8c8:-163;e7h7:-104;e7f7:-47
1nqrnn1r/p2ppp1k/npp3p1/P6p/4P2P/1P3PN1/2PP2P1/NNQRN1KR b - - 0 8,opening,b6a5,-80,b6a5:-80;d7d5:-75;e7e5:-63;c6c5:-60;f8e6:-59;c8c7:-59;c8b7:-49;b6b5:-29
nqnkr3/2p2n1p/p4p2/3pn1p1/PpP1P1P1/5N2/QP1KPPRP/N1N1R2N b - - 1 18,opening,e5c4,264,e5c4:264;c8d6:296;f6f5:315;a8b6:327;d5e4:329;b8a7:332;d5c4:334;f7d6:340
q1r3r1/pb1p1kp1/2nnp3/1pp1Pp1p/1PR2P1Q/P1P1NN2/3PB1PK/1RB5 b - - 0 21,opening,d6c4,250,d6c4:250;d6e4:487;g8h8:500;c6e5:506;g7g5:515;b5c4:516;a8b8:516;c6a5:532
1kb3rb/2ppr1p1/2BQp3/pp3qPp/5p2/3P4/KPPbPP1P/B2RRB2 b - - 9 18,opening,c7d6,-696,c7d6:-696;d2b4:-550;d2e1:-548;f5g5:-498;d7c6:-455;e7e8:-426;g8e8:-416;e7f7:-294
r1kqr1b1/p2p4/2p1p1pp/1pb2p2/1P1bP3/Q1PB1R1P/P2P2P1/RK1B2BB w - - 5 16,opening,c3d4,444,c3d4:444;a3a6:423;g1d4:384;g1h2:322;d3b5:308;b1c2:307;f3f1:296;b4c5:286
1k1b1rrb/1pn1p2p/4Bpp1/p1p3P1/n2P4/3N3P/1PB1PP1q/NKR2QR1 w - - 2 19,opening,e6g8,282,e6g8:282;g1g2:246;c2b3:239;g1h1:228;e6a2:227;c2a4:215;e6b3:208;e6c4:204
kr1nbrbq/pp1p1pp1/4p3/1np4p/4P3/PP4P1/Q1PP1P1P/KRNNBRB1 w - - 0 7,opening,f2f4,148,f2f4:148;a3a4:130;a2b2:128;b1b2:118;d2d3:107;c2c3:105;c2c4:96;f2f3:88
b1r1nk1r/5p2/2RN3p/pp6/P2P2pP/1P3Nq1/4PPPR/BB3K2 w - - 1 23,midgame,f2g3,79,f2g3:79;a1b2:-75;d4d5:-138;d6c8:-207;d6f7:-251;d6b5:-263;a4b5:-279;c6c8:-283
1q1brnnr/k1pppppp/b7/pp6/1P6/3P1Q2/P1P1PPPP/K1BBRNNR w - - 1 5,opening,c1e3,62,c1e3:62;c2c3:51;f3f7:36;e2e4:35;f3d5:-17;g1h3:-24;f3g3:-25;c1b2:-30
bbqknrrn/ppp1p3/3p2p1/5p1p/5P1N/2P5/PP1PP1PP/BBQK1RRN w - - 0 5,opening,b2b3,37,b2b3:37;h1f2:37;c3c4:35;e2e3:29;g2g3:27;b2b4:16;c1c2:-12;h1g3:-24
r1qbbrkn/p1pp4/2n1p3/Bp3ppp/2P5/3PP1N1/PP1Q1PPP/RN1B1RK1 w - - 1 7,opening,d1h5,59,d1h5:59;g3h5:31;a5c3:-7;c4b5:-23;h2h3:-90;d1f3:-91;g3e2:-101;c4c5:-114
bb1kqbrr/p1p1pppp/1p6/3p4/2P4P/1P5b/P2PPPP1/BBBKQBRR w - - 1 4,opening,h1h3,484,h1h3:484;g2h3:435;c4d5:226;e2e4:217;h4h5:190;c1b2:175;d2d4:164;a1c3:133
1r2r3/1p2pk1p/2PB3b/p4bp1/4BPP1/8/P2P3P/1R1KbBBR b - - 0 21,midgame,f5e4,385,f5e4:385;f5g4:438;b7c6:514;e7d6:567;b8d8:632;e1d2:641;g5f4:655;e1h4:666
rk1rbbnq/pp2pp1p/1n4p1/2p5/P1Pp4/4P2P/1PKPNPP1/R1NRBB1Q b - - 1 6,opening,e8a4,-86,e8a4:-86;e7e5:-35;a7a5:-29;e7e6:-29;h8f6:-26;b6c4:-22;a7a6:33;h8e5:41
bbr2n1n/2p1k2p/3p4/1pQ2p2/P2Ppp2/1P6/1BN1PKr1/1B1R1R1N w - - 4 18,opening,f2g2,280,f2g2:280;f2e1:-77
qrkrnnnn/1pp1p1p1/8/p2p1p1p/4PP2/1PP3N1/PRKP2PP/Q2RNNN1 w - - 0 9,opening,e4f5,135,e4f5:135;e4e5:117;e4d5:102;g3f5:4;d2d3:-14;g3h5:-55;a2a4:-72;g1e2:-72
nn1r2r1/3n2kn/2pqp3/p2p3p/P6P/5PP1/1PPPN3/NRQ2NRK b - - 1 20,opening,e6e5,-214,e6e5:-214;g7h8:-212;c6c5:-212;a8c7:-209;d8f8:-196;d5d4:-184;a8b6:-169;d8e8:-152
2rqkbr1/4p1pp/1pbn4/pPBpn3/2PP1p2/N3KP2/P3Q1PP/4RBNR w - - 0 18,opening,e3f2,-179,e3f2:-179;e3f4:-187;e3d2:-327
1kbrr1n1/b3N3/2p2q2/p3Np1p/pPPpPPpP/6P1/K2P1R2/1BBRQ3 w - - 1 21,opening,e7c6,466,e7c6:466;e7c8:368;e7g8:343;e5c6:335;e7f5:247;d2d3:227;c1a3:201;b4a5:201
3b1qrr/pkp1p1pp/P2p4/1p3p2/1P1P4/1KN4n/2P1PPPP/B2B1NRR b - - 0 13,opening,b7a6,-129,b7a6:-129;b7a8:-78;b7b8:-74;b7b6:-32;b7c8:38;b7c6:151
rbr2b2/2qpp3/1p5k/1Pp1bP2/p2PQ2P/6P1/b1P1P3/RBRB1B1K w - - 0 20,opening,d4e5,188,d4e5:188;e4a8:115;b1a2:84;e4g4:51;a1a2:23;c2c3:16;e4e5:-4;e4e3:-92
kbr1b3/pp1pr2n/3q4/2p2pP1/4P1p1/PN1R2QP/P1P3R1/KBN5 w - - 2 20,opening,d3d6,350,d3d6:350;g3d6:164;e4f5:-282;c2c3:-397;g3h4:-411;h3g4:-418;g3f2:-436;e4e5:-437
rnqr1n1k/pp1p1p1p/2p1p2n/6p1/3P2NP/1PPn4/P2QPPP1/RN2RNNK w - - 0 9,opening,h4g5,426,h4g5:426;e2d3:408;g4h6:405;d2d3:349;f1e3:310;f1h2:282;g1h3:275;f2f3:231
q1nnrrk1/p1pppn1p/n4pp1/1p6/P4P2/3N2PP/1PPPP3/QN1NRRKN w - - 0 6,opening,a4b5,147,a4b5:147;b2b4:66;c2c3:45;a1a3:32;e2e4:-30;d3f2:-41;d3c1:-53;a1a2:-70
1kr2nqb/b3rp2/p2Pp1pp/1pp5/Nn4N1/PPP3PP/3PBP1Q/KR2R2B b - - 2 23,opening,e7d7,364,e7d7:364;e7c7:439;b4c2:485;b4d5:515;b4c6:521;f8d7:522;b5a4:551;e7e8:578
n3k1rn/7p/2prp1p1/p2pPpP1/P1pq2NP/1P1P2P1/n2N4/1RN1KQRN b - - 1 22,opening,f5g4,253,f5g4:253;c4c3:319;a2c3:334;a2c1:350;g8f8:372;a2b4:376;h8f7:377;d4g4:389
1b2r2r/1kp2p1p/3pp1pb/8/2PPPPBb/1p6/P1B3PP/K3R1RB w - - 2 14,opening,e1b1,17,e1b1:17;g2g3:-136;e1e2:-171;a2b3:-217;c2b3:-222;c2d3:-251;e1e3:-255;a1b2:-258
qrr3nb/pp4np/Q3p1k1/2pp1pp1/4N3/1P4P1/P1PbP1KP/1BR3RB w - - 0 19,opening,a6d3,-535,a6d3:-535;a6d6:-602;a6a3:-628;a6b5:-634;a6a4:-669;g2f1:-703;g3g4:-705;e4d2:-706
1qbr1n1n/r1ppk1N1/p1b1pp2/1p4Pp/P7/RP1PB1N1/QBP1P1PP/3RK3 b - - 1 17,opening,b5b4,493,b5b4:493;f8h7:506;h5h4:511;e7f7:515;d7d6:525;e6e5:525;c6g2:534;f6g5:551
rn3b2/p1p1r2k/2bp1pp1/Pp3PBp/1PQp3P/1RP2q2/4P1P1/1N1N1BRK b - - 0 23,opening,f3h3,-99999,f3h3:-99999;f3f5:-362;f3g4:-221;f3e4:-202;b5c4:-129;f3g2:-39;f6g5:-9;f3d5:-3
n3r1nn/p3Nrpp/Qq1pk3/Ppp5/2P1p1PP/1P6/2NPPP2/2NKRRN1 w - - 1 17,opening,a5b6,828,a5b6:828;c2d4:637;a6b6:455;a6b5:232;c4b5:154;a6c8:129;c2b4:46;e7c6:-402
n1nr3k/1p2prp1/p1pp4/5p1p/1NP4P/1P2qPP1/P2P1P1Q/1NR1NK2 b - - 0 21,opening,e3h6,-234,e3h6:-234;e3d4:-224;e3b6:-208;e3e6:-200;e3e5:-192;e3a7:-179;e3c5:-178;e3e4:467
bkrbqbbr/ppppp1pp/5p2/8/4P1P1/P7/1PPP1P1P/BKRBQBBR w - - 1 4,opening,h2h4,-5,h2h4:-5;f2f4:-14;f2f3:-30;d2d4:-30;d2d3:-53;c2c4:-56;b2b4:-60;d1e2:-77
nqrnkb1r/1bpp3p/1p2pp2/p5p1/PP3N2/3P3P/2P1PPP1/NQRK1BBR b - - 1 8,opening,g5f4,-486,g5f4:-486;a5b4:-171;f8e7:-157;e8f7:-151;b6b5:-139;c7c5:-126;d8f7:-101;f8b4:-66
bb2nr1r/p1p3pp/2kp1p1Q/4pN2/pP1PP2n/P1P2N2/4RPqP/B2K2R1 b - b3 0 13,opening,g7h6,-530,g7h6:-530;g2g1:-528;h4f5:-498;h4f3:-466;g2f3:-289;a4b3:-94;g2g5:-90;g2h3:-81
1r3b1q/3kp1pp/1p1p1B2/1br2p2/pP2P1P1/2pP1b2/b1P2K1P/BRR2BBQ w - - 0 15,opening,h1f3,205,h1f3:205;f2f3:29;f1g2:-290;b4c5:-446;f6g7:-453;g4f5:-483;f6c3:-489;f6g5:-494
1b1rrb1b/p1k1p3/1b3p2/3B3p/Ppp1BP2/6p1/1PP1P3/K2BRBR1 b - - 1 20,opening,b6g1,-481,b6g1:-481;e7e6:-450;b6f2:-344;d8d5:-327;f6f5:-308;b6e3:-294;h5h4:-280;f8g7:-217
1bbkq1rr/pbp1bpp1/1p2p3/1P1p3p/P2P1Q2/5P2/2P1P1PP/BBBK1BRR w - - 2 10,opening,e2e4,-42,e2e4:-42;c2c4:-48;c1b2:-83;f4d2:-100;b1a2:-107;a1b2:-109;c2c3:-110;h2h4:-114
r1n1rq1n/pppk1p2/2n3p1/1N1pp2p/PPP3nP/3P4/N3PPP1/R2KRQNN b - - 0 9,opening,g4h2,-524,g4h2:-524;a7a6:-303;a7a5:-256;c6b4:-255;d5d4:-250;e5e4:-241;d5c4:-223;c8b6:-189
brq1bkr1/2pppppp/4nn2/pp6/2P3P1/5N1P/PP1PPP2/BRQNB1KR b - - 0 6,opening,a8f3,-359,a8f3:-359;b5c4:-339;d7d6:-304;e6f4:-304;d7d5:-265;b5b4:-259;h7h5:-257;c7c5:-250
q2kbr1b/ppr1p1p1/2p2p2/R6p/2bPPb1P/5PP1/PPKP1R2/QB2B1BB b - - 8 12,opening,f4g3,-68,f4g3:-68;f4h6:55;f4d6:178;b7b6:205;c4b5:280;a8c8:292;g7g5:297;f6f5:302
1brkbrbb/2pp2pp/4p3/1p3p2/1pP3Q1/4P3/q2P1PPP/1BRKBRBB w - - 0 8,opening,g4g5,375,g4g5:375;g4h4:191;b1a2:-228;f2f4:-239;g4h3:-261;g4g3:-308;g4f4:-313;f2f3:-313
1br1nknb/p1p1p1pp/3r4/1p3p2/4q3/1P2RP1P/P2PP1P1/QB1RNKNB w - - 3 8,opening,f3e4,591,f3e4:591;b1e4:591;e3e4:459;g2g4:178;a1g7:123;g2g3:95;f3f4:93;a1c3:80
1rb1q3/1p2ppkr/2p5/p1n5/2PPPPpP/6P1/Pb2B3/RBbQKN1R w - - 1 21,opening,d4c5,-223,d4c5:-223;e2g4:-276;e4e5:-294;b1c2:-307;f1h2:-308;a2a3:-314;a2a4:-316;d1c2:-330
1b1b1r1k/2p1r2p/3p3b/pP1bp3/4Pp2/1P6/P2PQPP1/BB3RRK w - - 2 17,opening,e4d5,412,e4d5:412;e2h5:368;d2d4:329;b1d3:266;b1c2:251;f1d1:248;b5b6:240;f1e1:238
1bbqk1nr/1pp1p2p/2rp4/p3b3/P3Q2P/R2P2PN/1PP2PB1/1BB1K2R b - - 0 14,opening,g8f6,172,g8f6:172;b8a7:226;d8d7:279;d6d5:280;e5g7:292;c6a6:301;c6b6:323;c8h3:345
k1rbn3/p2n4/1pPpprp1/1P2q2p/P1P1P1p1/1K3PP1/6NP/1NR2RBQ b - - 9 22,opening,d7c5,197,d7c5:197;f6f3:285;c8c6:325;f6f7:352;c8c7:400;c8b8:438;f6f8:444;d6d5:463
1qbr1nbn/rpp1kppp/3p4/p3p2N/3PPP2/8/PPP3PP/RQBR1KBN w - - 0 7,opening,h5g7,370,h5g7:370;f4e5:347;f4f5:345;d4e5:336;d4d5:331;h1g3:286;c2c4:273;h2h3:260
kqbbr1nr/pp1ppp1p/2p5/6p1/P1P2n2/5P2/1PQPPNPP/K1BBRN1R b - - 3 6,opening,f4g2,-385,f4g2:-385;d7d5:-104;g8f6:-80;e7e5:-71;d7d6:-70;h7h5:-70;d8b6:-50;h7h6:-44
n1qr1k1r/p1ppp2p/1pn1n3/Q4pp1/2P1n3/NP4P1/P1NPPP1P/N1R2NKR w - - 0 9,opening,a5f5,184,a5f5:184;a5d5:55;a5b5:-349;a5a4:-592;a5c3:-599;d2d3:-604;f2f3:-609;a5b4:-649
2rn1rk1/p4n2/bp2pp1Q/5P2/1qp3P1/PP6/2PPP1KP/BRB1R2N w - - 1 22,opening,h6g6,99998,h6g6:99998;h6f6:735;h6h5:639;h6h4:348;a3b4:301;h6h8:290;h6h3:286;h6f4:268
k1r4n/1p1pb1b1/pnp1p1qr/7p/5PNP/PPPP1PR1/Q4NP1/K1RB1B2 b - - 4 21,opening,e7h4,-294,e7h4:-294;g6f7:-274;e7d6:-270;b6d5:-266;h5g4:-264;g6f5:-258;c6c5:-252;g7c3:-242
1nrr1nkn/ppp2ppp/1n6/1q1ppN2/6P1/8/PPPPPP1P/NNRRQNK1 w - - 4 5,opening,f5e7,99999,f5e7:99999;c2c4:-16;a1b3:-34;d2d4:-38;e2e3:-47;b1c3:-51;d2d3:-52;b1a3:-56
n1rn1bbr/4qp2/2k5/p1Ppp1pP/pP6/5P2/2PKPB1P/NQRN1B1R b - - 2 17,opening,c6c7,116,c6c7:116;a5b4:128;c6d7:135;e7b7:146;e7d7:155;d8e6:157;f7f5:157;d8b7:164
rb1bb1bk/p1rp3q/1pp3p1/5p2/PP1Pp1p1/1RP1P2P/2BB1PP1/3R1QBK w - - 1 15,opening,d4d5,-403,d4d5:-403;b4b5:-444;g1h2:-456;f2f3:-460;c3c4:-466;a4a5:-471;d1a1:-472;b3a3:-479
b3bkr1/pq5p/1rppp1pP/1p2np2/PP3PPn/Q1PPP3/4KB2/BR1N1R2 b - - 2 22,opening,e5f3,-154,e5f3:-154;c6c5:-151;e5g4:-142;e5d3:-133;b6a6:-57;e5f7:-38;e5d7:-23;g6g5:4
qr1r3n/ppkp1ppp/4nn2/2p1p3/P7/Q2PnPP1/1PPRP2P/1RK1NNNN w - - 4 9,opening,f1e3,362,f1e3:362;d2d1:-287;e1g2:-319;a3c3:-371;d3d4:-383;f3f4:-389;b2b4:-419;a3a1:-428
1bbqkb2/r1p1pppr/pp1p1n2/8/1P2P1Pp/P4P1P/B1PP1K2/1RBQ1BNR b - - 1 10,opening,c7c5,56,c7c5:56;e7e5:69;h7h8:87;g7g6:92;c7c6:120;b6b5:121;e7e6:126;g7g5:154
qbbrk2r/p1ppnpp1/4p2p/1p5P/2P1P1n1/5P1N/PP1PK1PR/QBBR1N2 b - - 0 8,opening,g4h2,-228,g4h2:-228;g4f6:20;g4e5:27;f7f5:123;b5c4:128;c7c5:129;d7d5:139;c8a6:157
b1r1brk1/pp1pp2p/3b2p1/2p2p2/2P2PPP/PQ6/B1R1PR2/b3B1KB w - - 0 11,opening,g4f5,464,g4f5:464;c2c1:455;g4g5:449;c2d2:440;c2b2:407;e2e3:405;e1c3:396;a2b1:388
bbr1r1bk/p1p2p2/4p1p1/3p2qp/1PBbPP1P/6P1/P1P1R2K/BBRQ2B1 b - - 1 10,opening,d4a1,405,d4a1:405;g5g4:418;g5g3:424;g5h4:429;g5h6:455;g5e7:471;g5d8:484;e6e5:503
1q1r1nbn/3kp1p1/rp1pbp1p/2p5/Pp2P3/2Q3N1/1BPPKPPP/R1R2NB1 w - - 0 12,opening,c3e3,-308,c3e3:-308;c3f3:-326;c3d3:-590;c3b3:-650;f1e3:-725;c3b4:-733;d2d3:-735;c3f6:-792
rkbrqbb1/ppp1pp1p/1B1p4/6p1/3b4/5P1P/PPPPP1P1/RKBRQB1B w - - 0 4,opening,b6d4,350,b6d4:350;b6a5:-26;b6c7:-307;a2a4:-436;g2g4:-446;f3f4:-447;b6c5:-451;b6a7:-462
bbqbrbr1/pp3k2/2p5/4p1pp/B4pPP/P3P3/1PPPR1R1/BBQB2K1 w - - 0 15,opening,a4b3,240,a4b3:240;e2f2:220;c2c4:206;b2b4:198;b1a2:196;g4h5:167;c2c3:124;h4g5:61
kqbbrnnr/pppp2pp/8/2P1p3/6Q1/5P2/PP1PP1PP/K1BBRNNR b - - 1 5,opening,f8e6,-54,f8e6:-54;d7d5:-19;g8f6:-12;c7c6:6;d8f6:12;d7d6:29;g8e7:36;f8g6:46
n1br1r1k/p2qp2p/1p1p1pp1/4b2n/2pQPP2/BPPP3P/P2R1RP1/NB4NK b - - 1 11,opening,e5d4,-607,e5d4:-607;h5g3:-541;e5f4:-240;a8c7:-233;h5f4:-196;g6g5:-105;c4b3:-26;d7e8:9
kn2n1q1/npp4p/2Npp1n1/p5p1/P4r1P/1PPNP1N1/3P1PP1/KN2R1R1 b - - 3 15,opening,a7c6,-540,a7c6:-540;f4h4:-512;f4f8:-504;f4f7:-487;b8c6:-472;g5h4:-454;f4g4:-433;f4f6:-424
1rbqkbnr/pppp1pp1/n3p2p/8/2P3P1/P7/1P1PPP1P/RNBQKBNR w - - 1 5,opening,b1c3,38,b1c3:38;g1f3:31;d2d4:30;h2h3:9;b2b4:-10;f1g2:-11;d2d3:-25;e2e4:-30
rnqbbrkn/1pp1p2p/p2p1p2/6p1/5P1P/1P4P1/P1PPP3/RNQBBRKN w - - 0 5,opening,e2e4,52,e2e4:52;d2d4:51;d2d3:50;b1c3:45;g1h2:17;c2c4:-1;e2e3:-3;f4g5:-3
1q4rr/ppk2Npp/1b1p1p2/4p2n/8/1PPPPb1P/1BK2n2/2QBR1NR w - - 2 20,opening,d1f3,226,d1f3:226;g1f3:217;b2a3:-241;c2b1:-245;d1e2:-269;h1h2:-289;c1d2:-306;f7h8:-317
rk1qbb1r/1ppp1ppp/pn5n/4p3/P4P2/1N4BN/1PPPP1PP/RK1Q1B1R b - - 1 5,opening,e5e4,25,e5e4:25;a6a5:47;e5f4:59;d7d5:100;f7f5:115;d7d6:116;h6f5:117;f7f6:128
1rqnk1nb/pr1p1pp1/1pp1pb1p/1N1P4/1P6/5P1N/P1P1P1PP/RR1QKB1B b - - 0 10,opening,c6b5,-533,c6b5:-533;e8e7:-321;f6e7:-317;e8f8:-276;f6h4:-243;f6e5:-224;f6a1:56;f6c3:205
rb2br1q/pp4p1/3pkp1N/2Bp3p/P1P3P1/1Pn2P2/BK1PP2P/R5RQ w - - 1 19,opening,d2c3,326,d2c3:326;h6f5:309;f3f4:177;c4d5:176;c5a3:142;c5f2:139;c5d4:127;c5e3:121
1r2n2k/3n4/b3p2q/2pp1pb1/1p2PN2/BP3B2/P1RP2PP/1R3N1K w - - 2 23,midgame,a3b2,-444,a3b2:-444;e4f5:-484;e4d5:-484;f4e6:-492;g2g3:-505;f4h3:-521;f4h5:-533;f4d5:-545
k2q1rrn/n2p1pnp/1pn3p1/p1p1p3/P6P/1P1PPPP1/K1PN4/1N1QNRRN b - - 6 12,opening,d7d5,-30,d7d5:-30;f7f5:-27;g7e6:-11;b6b5:13;g7e8:15;g7f5:16;f7f6:21;a8b7:39
2b1kbrr/q2p2B1/2PRpp2/1p5p/p1PQ1P2/P3B3/4P1b1/3BKBR1 b - - 1 20,opening,a7d4,295,a7d4:295;a7c7:528;a7a5:548;a7b8:582;g8g7:585;f8d6:600;h5h4:603;g2c6:617
br1qbknr/pppp2p1/4p2p/5p2/1n3P2/2N2NP1/PPPPP1KP/BRQ1B2R w - - 0 7,opening,a2a3,56,a2a3:56;d2d3:39;h1f1:24;b2b3:19;h2h3:15;g2f2:14;h1g1:1;e1f2:-48
rrq1kb1b/ppp1pppp/5n2/n2p4/P4P2/2N4P/1PPPP1P1/RRQ1KBNB w - - 1 5,opening,b2b4,-29,b2b4:-29;g2g4:-32;g2g3:-33;e2e3:-82;c1d1:-86;b2b3:-93;d2d3:-93;g1f3:-96
kqrbnnrb/ppp2pp1/8/4p3/B2P2R1/2PpP3/PP3P1P/KQR2N2 w - - 0 10,opening,a4e8,-276,a4e8:-276;d4e5:-504;b1d3:-554;g4g3:-562;d4d5:-578;a4b3:-584;g4g1:-586;e3e4:-588
rrqnkb1b/3pnppp/1pp1p3/p4P2/7P/2N1P3/PPPPB1P1/RRQ1K1NB b - - 1 6,opening,e7f5,-306,e7f5:-306;c8c7:-234;e6f5:-228;g7g6:-215;a5a4:-185;b6b5:-175;d7d5:-174;h7h6:-145
bkrrqbbb/1p1pp1pp/2p5/p4p2/P7/2PK4/1P1PPPPP/B1RRQBBB b - - 1 4,opening,g8b3,-427,g8b3:-427;c6c5:-409;g7g6:-378;e8f7:-365;e7e5:-350;b7b6:-346;g7g5:-344;f5f4:-328
rnnkrq1n/p1ppppp1/7p/1p1n4/3P4/1NP2P2/PP2P1PP/RN1KRQNN w - - 0 5,opening,e2e4,185,e2e4:185;e2e3:86;f1f2:75;d1c1:57;d1d2:32;b3a5:-67;b3c5:-84;a2a4:-543
knr1rnqn/pppp1p1p/3N4/4pnp1/5P1P/P7/1PPPP1P1/K1RNRNQN w - - 0 7,opening,d6f5,424,d6f5:424;d6e8:379;d6c8:367;d6e4:102;d6b5:42;d6b7:-163;f4e5:-189;d6c4:-221
k2rq1rb/p1pppp2/2n2bpp/1p1n4/P2P2P1/1PP4P/2R1PPR1/KNN1QB1B b - - 1 11,opening,f6d4,-99,f6d4:-99;d5b4:-93;b5a4:-42;e7e5:4;b5b4:8;d5c3:38;e7e6:58;a8b8:60
knrnrnq1/1p4p1/3ppp1n/p1p4p/4Q3/N2PP1P1/PPP2P1P/K1RNRN1N b - - 3 10,opening,d6d5,48,d6d5:48;d8c6:50;f8d7:62;h6f5:72;b8c6:78;h6f7:95;g7g5:103;g8f7:105
k1rnqnrn/2pppp1p/1pn5/p1P3p1/3P3P/N7/PP2PPP1/K1RNQNRN b - - 1 5,opening,d8b7,144,d8b7:144;g5h4:166;d7d5:167;d7d6:190;c6a7:202;a8b8:202;b6c5:207;c6d4:209
r1nknrqn/p1p3pp/1pnp1p2/3Np3/8/P2N4/1PPPPPPP/RN1K1RQN w - - 0 6,opening,b1c3,-18,b1c3:-18;e2e4:-53;d5e3:-93;d5b4:-95;d3b4:-97;d5c3:-107;c2c4:-151;d5c7:-403
k1nqnrrn/p1pp1pp1/n6p/1p6/1P1PpN2/4P1N1/P1P1QPPP/KNN2RR1 b - d3 0 7,opening,g7g5,11,g7g5:11;e4d3:13;c8d6:34;c7c6:72;e8d6:97;f7f5:138;a6b4:164;a6b8:193
q1brk1b1/rp1pp2p/1N4n1/p1p2p2/P1P3pP/RP1P4/1BQ1nPP1/3R1KBN b - - 1 14,opening,a8b8,266,a8b8:266;e2d4:290;e2f4:395;e2g1:443;f5f4:443;e2g3:468;g6f4:474;g8d5:478
4rqrn/1n1pp1k1/7p/pPp3NP/2PPnP2/8/1P1NPPR1/Nn1RKQ2 b - - 2 19,opening,e4g5,-104,e4g5:-104;h6g5:189;e4d2:200;b1d2:334;e4g3:364;d7d5:398;f8f4:474;c5d4:480
rk2Bb1b/ppp1r1p1/3pb2p/4pp2/4P2P/1PqP1P2/P5P1/RRBKQ1BB b - - 1 23,opening,c3d3,-284,c3d3:-284;c3e1:-209;e6b3:286;c3a1:427;c3c1:496;f5e4:545;e7e8:547;d6d5:563
bbrq1n1r/1ppppkp1/p6n/3N1pPp/2P5/8/PP1PPP1P/BBRQK1NR w - - 3 7,opening,g5h6,283,g5h6:283;b2b3:265;d1c2:247;b2b4:240;e2e4:220;g1f3:207;c4c5:177;d1b3:157
kr2b3/qp2pp2/2p3rb/b1bB2pp/Q1P1P1P1/8/1P1R3P/KR1B1B2 w - - 0 23,opening,b2b4,-651,b2b4:-651;d5f7:-673;a4a2:-705;d5e6:-712;g4h5:-712;d2c2:-770;d2d4:-774;a1a2:-783
2nrnr2/3p2kp/pnnqp3/1p3pp1/8/P2p1PPP/NPPRP1R1/N2NN1KQ w - - 7 14,opening,c2d3,-144,c2d3:-144;e2d3:-180;g1h2:-190;a1b3:-192;d2d3:-201;h3h4:-206;e2e3:-208;g3g4:-214
3r2rn/3ppq2/2k1p1p1/p3nQPp/n7/1pPRP1N1/PPN1KP1P/1R1N4 b - - 2 22,opening,e6f5,-632,e6f5:-632;g6f5:-614;b3c2:-376;f7f5:-367;d7d6:-96;c6b7:0;c6b6:0;a4c5:56
qbr1n1nb/3rk1pp/1pp1pp2/p1P3P1/P3BN1P/1P1PP3/5P2/1BRRQK2 b - - 1 18,opening,f6f5,-100,f6f5:-100;g7g6:-99;b8f4:-71;f6g5:-68;b6c5:-12;a8a6:40;a8b7:95;a8a7:119
rbrbqbbk/p1p2pp1/1p1p3p/4p3/2PP4/PB4P1/BP2PP1P/R1R1QBBK b - - 1 6,opening,d8f6,112,d8f6:112;c7c6:120;d8g5:133;e5d4:135;a7a5:139;a7a6:139;c7c5:140;d8e7:145
nqnrk1rn/p1pp2pp/5pQ1/1p2p3/P7/8/1PPPPPPP/N1NRKNRN b - - 0 5,opening,h8g6,-581,h8g6:-581;h7g6:-547;h8f7:334;e8f8:385;e8e7:441
bk2rbbr/2q1ppQp/2p5/pp6/P1PPpP2/6PP/2P1B3/BK1RB1BR b - - 0 12,opening,f8g7,-277,f8g7:-277;f7f6:362;e7e6:503;e7e5:511;c7b7:518;b8c8:518;c7d6:531;b5c4:557
rnqbbrkn/4ppp1/2pp4/1p3N1p/pP3P1P/8/P1PPP1P1/RNQBBR1K w - - 0 7,opening,e2e4,54,e2e4:54;f5g3:-35;f5e3:-91;f5d4:-97;g2g4:-132;f5g7:-222;f5h6:-281;d2d4:-289
qb1rnrbk/1p2p1p1/3n4/p1Bp1p1p/1pP2N2/5P2/P2PP1PP/QBNR1R1K b - - 1 8,opening,g8f7,90,g8f7:90;f8f6:98;h8h7:115;f8f7:165;g8h7:187;e8c7:201;e8f6:229;d6c4:351
rkqr1b1b/1pp1b1p1/2P4p/p2p1p2/1P3p2/1K1PPb1P/P2Q2P1/R2BRBBB w - - 2 14,opening,d1f3,-187,d1f3:-187;b4b5:-254;a2a3:-262;b4a5:-281;d2c1:-293;d2f2:-303;g2f3:-324;e3f4:-328
qr4b1/1p1rbpk1/p5pp/2p3P1/PPBp3P/2p1Pb2/QB3P1K/R2RB1B1 b - - 3 19,opening,e7d6,-795,e7d6:-795;b7b5:-730;b7b6:-617;h6g5:-526;c3b2:-400;b8e8:-397;g7h7:-359;c5b4:-300
kr2b3/n1p2r2/1p4p1/pnBppP1p/N4P2/1b2R2P/P5P1/1KN3BQ b - - 1 22,opening,b3a4,-317,b3a4:-317;b3d1:-48;b3c4:-40;b3a2:165;d5d4:200;b6c5:218;b3c2:221;a7c6:224
1kbrqr1n/p2p2pp/1p2pp1n/8/Pb1pNPP1/7P/K1PBP3/1B1RQRN1 b - - 0 12,opening,b4e7,-318,b4e7:-318;b4d2:-272;b4c5:-148;b4c3:-145;b4a5:-54;d7d5:-47;c8b7:67;f8f7:82
nr1r2nq/np2k1pp/3p1p1N/5P1P/2pPpP2/1NP3Q1/PP4P1/NR2KRN1 b - - 0 19,opening,g8h6,121,g8h6:121;g7h6:177;c4b3:215;e7f8:275;e7e8:337;a8b6:374;a8c7:378;a7c6:380
2kqr2n/1ppn1p2/1Q2p2p/3pNnp1/R4P1P/2r1P1P1/NPPP4/1N1KR2N b - - 3 19,opening,d7b6,-344,d7b6:-344;c7b6:-105;f5e3:9;c3a3:326;d7b8:496;d7e5:499;f7f6:662;h8g6:673
rbbrb1k1/p1p5/3ppp1q/1p5p/1PP2b2/4P2B/P2P2KP/RBBRB2Q b - - 1 12,opening,e8c6,-271,e8c6:-271;c8b7:-247;e6e5:-204;f4g5:-172;b5c4:-90;h5h4:-18;c8d7:32;c7c5:99
2k1nr1r/p2pppnp/n2q4/Npp2P2/1P4P1/P2PPN2/2P3RN/QN1K3n b - - 3 19,opening,g7f5,-324,g7f5:-324;h7h5:-299;h1g3:-298;c5b4:-286;h8g8:-272;a6c7:-256;f8g8:-254;h1f2:-249
q1nnrr1n/p1ppp2p/1p5k/5pp1/1n1P2P1/NP3P2/P1P1P1KP/Q1NNRR1N b - - 0 8,opening,f5g4,-25,f5g4:-25;h8g6:46;f5f4:59;d8e6:81;c8d6:91;e7e6:98;b4d5:141;a7a5:147
1rnnkqr1/1ppppQ2/pn4p1/6n1/NP5p/P1N5/1RPPP1PP/N3K1RN b - - 0 10,opening,d8f7,-733,d8f7:-733;f8f7:-726;g5f7:-708;e8f7:-595
k1br1bqr/pp1p1bpp/8/2P2p2/P3p1P1/2PP1Pb1/1B2P2P/KB1RBBQR b - - 2 11,opening,g3e1,19,g3e1:19;g3c7:35;g3e5:38;g3b8:81;g3f4:88;f7b3:102;e4e3:212;b7b6:220
q1r1rbkb/p1p1p1p1/np2n2p/3pPp2/5PP1/N7/PPPPR2P/Q1RN1BKB w - - 1 7,opening,e2f2,273,e2f2:273;g4f5:261;c2c4:246;d2d4:230;d1e3:212;a1b1:203;c2c3:202;e2e3:177
qrkbr2b/1pp3p1/p2pp3/5p1p/P4n1N/2PPP1Pn/BPR4P/QRKB1N2 b - - 1 12,opening,f4d3,-190,f4d3:-190;d8h4:-10;g7g6:-5;b7b5:-4;h3f2:0;a8a7:9;d6d5:57;g7g5:77
rnb1qbn1/p2p3r/2p4p/1pP1k1p1/1P1N2P1/N6B/P2PP2P/R1BQK2R b - - 0 16,opening,e5f6,458,e5f6:458;d7d5:537;f8c5:563;d7d6:630;b8a6:634;e8g6:634;g8f6:659;h7f7:719
N1nk2qb/p6p/R4ppn/3p1b2/2p1BP2/K2P2PN/7P/R1N1B3 b - - 2 23,midgame,d5e4,-202,d5e4:-202;f5h3:79;f5d7:114;f5e4:136;c4c3:144;d8d7:153;h8g7:176;d8e7:184
knrnq1rn/3ppp1p/p1pQ4/1p3np1/8/1P3PP1/P1P1P1RP/KNRN1N1N w - - 2 8,opening,d6d2,-122,d6d2:-122;d6e5:-129;d6d3:-132;d6b4:-135;d6a3:-142;d6c5:-174;d6b8:-679;d6c6:-810
n2b1rrb/ppkpnppp/2B1p3/2q5/P2P1PP1/1N6/NPP1P2P/1K1BRQR1 w - - 1 10,opening,b3c5,722,b3c5:722;d4c5:701;c6b7:539;c6e4:448;c6d7:401;c6g2:395;c6h1:394;c6f3:357
r1bq1bnr/p2p1ppp/n7/1ppkp3/6P1/4PP1P/PPPPN1R1/RNBKQB2 w - - 2 10,opening,f3f4,277,f3f4:277;a2a4:272;d2d4:271;e2c3:247;b2b3:245;e2g3:227;a2a3:218;b2b4:216
1br1b1r1/1pppp2k/2n3n1/pP5p/5p2/3P2PP/P1P1PBR1/1BRN1K1N w - - 4 11,opening,b5c6,318,b5c6:318;g3f4:124;d3d4:96;c2c4:96;g3g4:22;d1c3:15;d1b2:6;a2a4:-15
rkr4n/p2p1p1q/2pnpPn1/4N1P1/1p6/P7/NPPPPNP1/RK3RQ1 w - - 4 21,opening,e5d7,429,e5d7:429;f2g4:352;e5f3:349;f2d3:333;e5d3:328;e5g6:326;e5g4:301;d2d4:250
kr3rbq/p1p1pp2/3Bn2p/1p4Qp/5P2/Pb1N2B1/1nPPPRP1/K1RN4 w - - 1 14,opening,g5e5,-121,g5e5:-121;d6e5:-222;g5e7:-303;g5h4:-322;g5h5:-337;g5f5:-360;d1b2:-458;d3b4:-504
3r1br1/pp1kp1p1/1Ppq1p2/3npPnB/2B1P2P/2R5/PP1P1K2/Q2N2R1 b - - 8 22,opening,g5e4,-262,g5e4:-262;d5c3:-247;d6c5:-188;d5f4:103;d5b6:163;a7b6:195;e7e6:205;g8h8:228
r1qbb1rk/3bpp1p/p1pp3b/1p1P2p1/1P2P3/PQ2B3/1BP1BPPP/R4BRK b - - 1 11,opening,h6g7,102,h6g7:102;f7f6:161;g8g7:225;e7e5:501
1nrrnn1k/1pp2p1p/8/p2p1p2/1PPP1n2/N4P1P/P1N1PNPQ/3R1K2 w - - 0 18,opening,h2f4,610,h2f4:610;g2g4:478;e2e4:453;b4a5:445;b4b5:437;g2g3:430;a3b5:428;e2e3:419
kbbr1br1/1pppp1p1/5pbp/p4q2/1PPP1P1B/4P2P/P1B2QP1/KBB3RR b - - 0 12,opening,f5e6,461,f5e6:461;d7d5:539;e7e6:573;f5c2:584;d7d6:614;a5b4:669;e7e5:680;b8a7:687
1k1r1r2/1pp4p/3ppp2/pq2n1p1/4P1NP/bP4Q1/3P2RP/NR1BKB2 b - - 9 21,opening,b5c6,235,b5c6:235;b5b6:262;b5b4:297;b5e8:326;b5d7:339;b5c5:341;g5h4:369;b5f1:476
k1rb1nr1/3p2bp/q2np1P1/ppp1p2N/P1PPP3/7P/1P4P1/KQRB2RB w - - 5 16,opening,a4b5,-226,a4b5:-226;g6h7:-230;h5g7:-236;g1f1:-270;d4c5:-277;c4b5:-278;g2g4:-304;d4e5:-307
1rr1n1n1/1p2pn2/2nk1p2/p2p1PpN/P2P2P1/1p3Q2/2P1q2P/1RKRN1NN b - - 0 20,opening,e2f3,-205,e2f3:-205;e2c4:-102;e2a6:-50;b3b2:-34;e2h2:7;e2e4:54;c6d4:212;e2c2:289
rrqb1k1n/p1p5/6pn/Pp1ppp2/3R4/R1P3P1/1P1PPP2/2QBBNKN b - - 1 16,opening,e5d4,-71,e5d4:-71;c8d7:176;c8e6:183;c7c6:197;c8b7:246;d8e7:270;d8f6:282;h8f7:289
nnnkqrrn/3ppppp/2p5/pp6/P2P4/2N3P1/1PP1PP1P/N1NKQRRN b - - 1 4,opening,b5b4,25,b5b4:25;e7e5:64;d7d6:83;c8b6:99;c8d6:113;a8b6:115;h8g6:121;f7f5:128
1bkbbqr1/1p1ppp1p/r1p3p1/4b3/p3P3/1P3BPP/P1PPQP2/RBK1BBR1 b - - 1 8,opening,e5a1,-444,e5a1:-444;e7e6:-395;a4b3:-185;e5d6:-166;b8a7:-160;f8h6:-151;e5g7:-139;a6a5:-126
5brr/1bk1qp1p/p2p2p1/1ppP2RP/4Pp1R/P1P4b/1P6/BBBQKB2 b - - 0 15,opening,h3f1,-260,h3f1:-260;h7h6:-238;e7g5:-174;b7c8:-126;f8h6:-118;f7f5:-95;h3f5:-90;c5c4:-46
kn2nrrn/1ppp1pp1/pn2p3/7p/2PP4/3N1q2/PP1QP1PP/KNN2RRN w - - 0 9,opening,e2f3,742,e2f3:742;f1f3:725;g2f3:660;c4c5:291;c1b3:69;d3b4:34;d3e5:24;b1a3:21
rqb3rk/pp2p1b1/1b4bp/2pP1P2/P4p2/1P1PB2P/4P1R1/RQ1BBB1K w - - 1 13,opening,g2g6,-152,g2g6:-152;e3d2:-180;e3g1:-192;e3f2:-205;e3c1:-211;a4a5:-245;f5g6:-272;e3c5:-286
rqbr2kn/1ppp2p1/4npb1/P3P2p/3P3P/P1P3P1/1Q2PR2/R1BNBK1N w - - 1 15,opening,d4d5,229,d4d5:229;e5f6:224;g3g4:174;c1e3:124;d1e3:114;f1g1:103;e1d2:84;a3a4:65
r1n2krn/1p2pp1p/p7/n1pp1Np1/1q1N4/P1PN4/1P1PP1PP/RQ1N1KR1 w - - 0 14,opening,a3b4,791,a3b4:791;c3b4:759;d3b4:724;d4e6:613;d3e5:462;f1e1:439;d4f3:422;g2g4:385
1br1b1kb/pb2prB1/1ppp2pp/1q3B2/2PP3P/1P2PPP1/P3RBB1/2RQ2K1 w - - 1 18,opening,c4b5,652,c4b5:652;f5c8:607;f5g6:508;f5e6:475;f5g4:469;d4d5:462;f5b1:434;f5h3:418
rqb1krn1/ppppppbp/8/4PnP1/8/5R1N/PPPP2PP/RQBNK2B b - - 0 6,opening,f5h4,73,f5h4:73;f5d4:107;e7e6:120;d7d5:122;d7d6:127;c7c5:169;g7e5:214;c7c6:270
rbn1k2r/p1p1p3/5pnp/2Pp4/5P2/1bP3NP/R2PP2R/1B2K3 b - - 0 19,midgame,b3a2,-518,b3a2:-518;g6h4:-517;h8g8:-515;g6f4:-505;g6f8:-487;e8f7:-449;e8d8:-409;e8d7:-401
1brnbkrn/p1pppp1p/1p1q2p1/6N1/8/8/PPPPPPPP/QB1RBKRN b - - 1 6,opening,f7f6,-107,f7f6:-107;d6h2:-104;c7c6:-99;d8e6:-91;h7h6:-82;c7c5:-74;h7h5:-53;d6f4:-47
1rb1rb1k/1ppb1pp1/q2p4/p2bp1Pp/1P1P3B/P1P1PP2/2R4P/QRB2BBK b - - 4 12,opening,a6f1,-849,a6f1:-849;d5f3:-611;d7g4:-535;d7h3:-422;d7c6:-402;a6c6:-393;d7b5:-340;d5c4:-287
r3k1nr/pp1ppnpp/n5Q1/q1p2p2/3n1P1P/4P1P1/PPPP1K1R/RNN2NN1 w - - 5 11,opening,g6g7,-268,g6g7:-268;g6h5:-407;g6f7:-457;g6a6:-484;b2b4:-494;c1b3:-506;g1f3:-639;e3d4:-644
2Brrbkb/2n3p1/4p3/p1p3Pp/3pP3/1qP2B1P/1p1PRP2/NQR3K1 b - - 1 20,opening,b3a3,-464,b3a3:-464;b3a2:-420;b3b8:-417;b3b5:-410;b2c1q:-404;b2c1r:-401;b2a1q:-399;b3b6:-392
bb3brr/2pkp3/8/pp1p1p1p/P5qP/1PB1PP2/2bPK1B1/1BB1Q1RR w - - 0 19,opening,f3g4,570,f3g4:570;e1f1:470;e1f2:456;b1c2:426;c3h8:410;g2f1:335;g2h3:333;h1h2:245
brk3b1/4nrpp/1pnppp2/1Ppq4/p1PP1P1B/4P2P/PN1Q2P1/1RK2RBN w - - 1 18,opening,c4d5,558,c4d5:558;h1g3:461;h4e1:297;f4f5:259;e3e4:226;f1e1:225;f1d1:194;g1h2:171
nn1brkqb/p3pppp/1prp4/2p4P/8/N1P2P2/PP1PP1P1/N1RBRKQB w - - 1 6,opening,d1a4,186,d1a4:186;f3f4:164;g2g4:157;g2g3:137;g1h2:132;e2e3:108;e2e4:90;d1c2:87
2brk1br/1p1ppp1Q/1np5/p5p1/1P5P/B1P2P2/P3PnPq/N1R1KNBR b - - 3 14,opening,h2e5,-186,h2e5:-186;g8h7:162;h8h7:198;f2d3:350;h2h4:448;f2h1:452;h2g3:468;h2h1:508
kqb1rnnr/2pp1pp1/5b2/pp2p2p/Q7/2P1N1PP/PP1PPP2/K1BBR1NR w - - 0 7,opening,a4a5,135,a4a5:135;a4a3:2;a4c2:-64;a4b3:-106;a4e4:-440;a4h4:-648;e3c4:-653;d2d4:-653
bbqknrrn/pp1pp1pp/5p2/2p3Q1/3P2P1/8/PPP1PP1P/BB1KNRRN w - - 0 4,opening,g5c5,-34,g5c5:-34;g5d2:-132;g5e3:-156;g5c1:-171;g5h5:-196;g5d5:-221;g5f5:-229;g5h4:-235
rn1k1rnn/pp1p3p/4q3/1Pp2ppN/N2PpP2/7P/P1P1PKPN/R1N2RQ1 b - - 2 16,opening,e4e3,181,e4e3:181;e6c4:204;c5d4:207;h8g6:207;b7b6:219;g5f4:226;g8e7:243;a7a6:251
2r1nrqn/1pnp1pp1/p1n2k2/P1p1p3/2P3P1/RPKP1NRQ/3NPP1P/2N4N w - - 2 18,opening,f3g5,206,f3g5:206;h3h4:199;d2e4:156;h3h5:133;g3g1:124;e2e3:122;c3b2:115;c1a2:110
r1r1qbbk/pp1p2pp/2p1p3/1Bb2p1P/2P1P3/5Pb1/PP1PB1K1/RBR1Q1B1 w - - 1 12,opening,e1g3,-162,e1g3:-162;g2g3:-305;e1d1:-466;e1f1:-498;g1f2:-574;g1c5:-600;e4f5:-603;e2d3:-628
rrk3nb/pq2n1p1/1p3pb1/8/P1p1PB2/3P1ppP/1PPN1N2/RR1K2QB b - - 0 19,opening,g3g2,2,g3g2:2;g3f2:14;c4c3:195;c4d3:244;c8d8:263;c8d7:289;g6h5:323;g6f7:328
r1bqk1nr/1pb3p1/2pp4/p3pp1p/P5Pb/2PBPN2/1P1P1PR1/R1BQKB2 b - - 1 11,opening,h5g4,-385,h5g4:-385;e5e4:-324;h4f2:-311;f5g4:-299;d6d5:-165;g7g6:-138;g8h6:-78;h4f6:-61
rrqbbnkn/p2p2pp/5p2/1pp1p3/3P3P/Q5P1/PPP1PP2/RR1BBNKN b - - 1 6,opening,e5d4,-200,e5d4:-200;c5d4:-189;b5b4:-115;d7d6:-114;d7d5:-110;e8f7:-103;h8f7:-100;c5c4:-83
rnqnbbrk/ppp1p1p1/5p1p/3p4/8/1PN3P1/P1PPPP1P/R1QNBBRK w - - 0 4,opening,c3d5,125,c3d5:125;e2e3:-33;d2d4:-60;g3g4:-74;f2f3:-78;d2d3:-86;d1b2:-89;c3b1:-98
k3brnb/1rpq1ppp/pp1p4/n2p4/P3B3/2P1P1P1/1P1P1P1P/KRQ1BRN1 w - - 0 10,opening,e4c2,-501,e4c2:-501;c1c2:-701;c1d1:-715;b2b3:-760;e4d5:-99998;b2b4:-99998;d2d3:-99999;f2f3:-99999
bb1qkr1b/p1pr2pp/5p2/1P2p1P1/3pP3/1P3B1P/2PP4/BBQ1KRRB b - - 1 15,opening,f6g5,318,f6g5:318;g7g6:348;c7c6:354;c7c5:371;a7a5:372;d8e7:377;a7a6:379;d7d6:383
1bb1rk2/2bpp2r/1p2B2p/P1p3p1/2P1p3/BqQP1P2/P1B2BPP/2R2K1R w - - 1 18,opening,a2b3,730,a2b3:730;c2b3:717;c3b3:678;c3e5:287;c3h8:271;c2d1:267;f2e1:234;a3b2:219
kbnr1nqr/pp2pp1p/2p1b3/3p3p/2P1P3/3P4/PP2NPPP/KB1RBQ1R b - - 3 8,opening,d5e4,-397,d5e4:-397;d5d4:-369;d5c4:-339;f8d7:-336;f8g6:-328;f7f6:-328;e6d7:-318;d8d7:-316
3k1rq1/p1pp1n2/1n6/5pPp/1pQ1r1PP/NP1N4/P2P1R2/1N4KN b - - 2 21,midgame,b6c4,-613,b6c4:-613;e4c4:-505;e4g4:-457;b4a3:-363;f8e8:-286;g8g7:-278;g8h8:-271;a7a6:-263
q3r3/np1n4/p1k5/4p1pp/P1Ppp1nn/QR3PNN/1P1P2P1/1NK3R1 w - - 4 23,opening,g3e4,472,g3e4:472;f3g4:427;b1c3:327;h3g5:308;a3b4:292;a4a5:292;g1h1:271;c1d1:249
n1krrqn1/pp1p2p1/n1pP1p1p/7n/6P1/P2P4/1PP2P1P/N1KRRQNN b - - 0 13,opening,h5f4,-421,h5f4:-421;e8e1:-336;f8d6:-75;a6c5:-59;f6f5:-41;a8b6:-35;b7b6:-25;g7g5:-17
2brqr1k/1p1pn1pp/1n2pp2/p1pP4/4PBP1/2bB1P2/PP5P/N2RQRNK w - - 0 10,opening,b2c3,352,b2c3:352;e1c3:345;e1e2:74;e1g3:4;e1f2:-61;e1e3:-72;f4d2:-112;d1d2:-174
1nnqkbnr/r2ppp1p/1pQ5/p5p1/2P5/PN6/1P1PPPPP/RN2KBNR w - - 1 6,opening,c6a4,194,c6a4:194;c6e4:173;c6f3:172;c6b5:156;c6d5:150;c6c8:-491;c6d7:-593;h2h4:-622
n2kn1qr/p1ppprp1/n1p5/4P2p/1Nn2pP1/P7/1P1P1P1P/NN1KNRQR w - - 0 10,opening,b4a6,171,b4a6:171;f2f3:-72;b2b3:-125;b4d3:-132;e1f3:-158;d2d3:-185;e5e6:-195;a1c2:-202
kb1rqrnn/1b2pp1p/2p5/pp1p4/1P2Pp2/5N1P/P1PP2P1/KBBRQNR1 b - - 2 8,opening,d5e4,-261,d5e4:-261;e7e5:-222;a5b4:-179;f7f6:-171;h8g6:-164;b8a7:-159;e7e6:-134;d5d4:-109
1r1b1k2/rpp1p1p1/p1Bp1N1p/Q2P1n2/PPPB3n/1R3q2/4PPPP/5RKN b - - 4 18,opening,f3g2,-99999,f3g2:-99999;f5g3:-99996;f5d4:-99996;f3b3:130;e7f6:132;g7f6:173;f3e2:273;f3f4:287
n1rq1r1n/pppkp1pp/3p4/2Q3n1/1nP2p1P/5P2/PPNPP1P1/1N1RKNRN b - - 3 10,opening,b4c2,-736,b4c2:-736;g5f3:-622;d6c5:-563;b4d3:-358;a7a5:-26;g5h3:148;g5e6:377;b4a2:406
n1nrq1k1/2pppb2/3r2pp/1p2bp2/PR1P1P1P/1Q2B3/1PP1P1P1/NRN2B1K w - - 1 19,opening,b3d3,-38,b3d3:-38;b3c3:-49;b3a3:-75;d4e5:-166;c2c4:-172;f4e5:-175;d4d5:-178;b3f7:-182
bnkqr1rb/1ppppppp/8/p5n1/2PP4/1P4P1/P3PP1P/BNKQRNRB b - - 0 4,opening,g5h3,70,g5h3:70;e7e5:134;g7g6:138;b8a6:139;g5e6:143;f7f5:149;e7e6:154;d7d6:154
rk1brb1b/ppp1pppb/7p/5q2/3p4/4BPPB/PPPPP2P/RKQB1R1B w - - 2 6,opening,h3f5,563,h3f5:563;h3g4:-10;h1g2:-54;g3g4:-96;h3g2:-279;e3d4:-336;f1f2:-345;f1e1:-356
2br1rk1/1p1pp1p1/p1p2p1p/2P1b3/1n4P1/BPn1P2R/P2PQP2/NB3R1K b - - 3 18,opening,c3e2,-293,c3e2:-293;c3b1:456;f6f5:519;b4d5:539;b4a2:544;d7d5:549;c3d5:579;c3a2:589
rqbn1rkn/1pp2ppp/3pp3/p7/bPP3P1/P3P2P/1N1P1P2/RQB1BRKN b - - 2 10,opening,a4c6,-95,a4c6:-95;a4d7:-44;a5b4:-31;a4b3:-28;a4e8:-2;b7b5:53;f7f5:155;c8d7:184
b1brbrbq/pk2pppp/2p5/Pp1p4/3P3P/8/1PP1PPPQ/BKBRBRB1 w - - 2 6,opening,a5a6,464,a5a6:464;e1b4:325;b2b3:295;f2f3:277;h2g3:258;e2e4:258;g2g4:246;d1d3:244
6r1/r2qp1k1/2p1pnn1/p6p/1PpPPPp1/P3K2P/6P1/RQNN3R w - - 1 21,opening,c1e2,-110,c1e2:-110;b1b2:-232;d1c3:-240;g2g3:-266;b1c2:-269;h1e1:-269;h3h4:-273;a1a2:-276
nnnk3r/pp1pprp1/n1p5/5p1p/5P1P/qP2P1P1/2NP1R2/2N1NKQR b - - 0 14,opening,a3c1,-619,a3c1:-619;a3b2:-426;a3a5:-397;a3d6:-397;a3c5:-381;a3b4:75;c8d6:404;a6c5:406
bn1qkbnr/1p1pp1p1/p1r2p1p/2p4P/4P1P1/N7/PPPPKP2/B1RQ1BNR w - - 2 8,opening,f1g2,69,f1g2:69;g1f3:68;c2c4:61;h1h3:26;b2b3:25;d2d3:23;e2e1:2;g1h3:-16
1qbrknbn/rppp1pp1/p3p2p/8/3P1PP1/8/PPPKPB1P/RQBR1N1N b - - 3 5,opening,h8g6,126,h8g6:126;f7f6:140;d7d5:143;c7c6:152;d7d6:164;c7c5:169;b7b5:174;b7b6:174
rn1br1qb/p1kp3p/6p1/1p1pp3/P3Q2P/8/NPP1P1n1/K1RBRN1B b - - 2 17,opening,d5e4,-499,d5e4:-499;g2e1:-252;g2f4:-155;g2h4:-114;d8h4:-2;b5a4:26;b8a6:72;d8g5:81
k6r/1p1pbb2/p1pBp2p/q5r1/2P1Pp2/b1QP1PpP/2R3P1/K2B1BRB b - - 7 20,opening,a3b4,-727,a3b4:-727;e7d6:-725;a3d6:-719;a5c3:-591;e7f6:-550;a3c1:-489;a3c5:-360;h8c8:-308
rbqnrnk1/pppppp1p/6p1/4b3/8/4N2P/PPPPPPP1/RBQNRK1B w - - 1 4,opening,c2c3,-112,c2c3:-112;c2c4:-114;g2g3:-116;a2a4:-120;a2a3:-122;d2d3:-128;f1g1:-134;e3c4:-135
kbbrqrnn/pp3ppB/4p3/2pp4/8/2P1P3/PP1P1PPP/K1BRQRNN w - - 0 4,opening,h7c2,57,h7c2:57;h7b1:51;d2d4:32;f2f4:20;h7d3:16;h2h4:-8;h7g8:-35;g2g3:-36
rkbrqb1b/2pppppb/pp6/7p/4P1P1/PK6/1PPP1P1P/R1BRQBBB b - - 0 5,opening,g7g5,-65,g7g5:-65;h5g4:-60;a6a5:-42;d7d6:-20;d7d5:-18;e7e5:-5;c8b7:0;h7g8:10
rb2qbrb/2k1p1pp/ppbp1p2/1P5P/2PpPP2/6P1/P1K5/RBB1QBRB b - - 0 10,opening,a6b5,112,a6b5:112;d4d3:232;c6b7:246;g7g5:284;c6d7:294;d6d5:321;g7g6:331;e8h5:336
1b2q1k1/2nr1r1p/1p1pp1pn/2pb1QPP/PpP5/4P3/3PRP1N/NBBR2K1 w - - 1 21,opening,f5h3,145,f5h3:145;f5c2:107;f5d3:78;f5f7:-300;f5f4:-337;f5d5:-338;f5g6:-376;f5f6:-416
1qbnkr1b/r1pp1ppp/p6n/1p2p3/P5P1/R3N3/1PPPPP1P/Q1B1KRNB w - - 0 6,opening,a4b5,218,a4b5:218;b2b4:171;g4g5:111;b2b3:101;c2c3:43;g1f3:33;a3d3:-1;a3a2:-3
1b1k1r1b/p1p1b2p/1p1p1pr1/1P4pP/P2P4/Q3KPR1/2P1B3/5R1B w - - 1 21,midgame,h5g6,627,h5g6:627;e3d3:566;a3b3:566;g3g2:560;c2c3:558;a3c1:534;e3d2:521;a3a2:516
rb2r1nq/pn1p4/kp3p1p/3p4/P2PPB2/1PP1P1pN/6PP/RB1KR2Q w - - 4 22,opening,h1f1,99998,h1f1:99998;b1d3:99997;f4b8:501;e4d5:472;h2g3:381;b3b4:353;d1d2:353;f4g3:346
rqbnkrnb/3pp3/1p4p1/2p2p1p/p7/P1P1PP2/1P1P1KPP/RQBNR1NB b - - 1 10,opening,b8h2,-389,b8h2:-389;d8e6:-278;d8b7:-258;d8c6:-243;c5c4:-240;g8f6:-229;c8b7:-226;b8d6:-208
rnnkrq1n/p1ppppp1/7n/Pp5p/4P3/8/1PPP1PPP/RNNKRQNN b - - 0 4,opening,a7a6,102,a7a6:102;e7e5:109;b8c6:117;c8d6:125;c7c6:143;b5b4:156;h5h4:159;f7f5:163
bqkb1b2/2pprb2/ppB2p2/1P2B3/P1P2Ppp/3P2P1/2QKP1P1/2R2BBR b - f3 0 16,opening,f6e5,147,f6e5:147;d7c6:205;e7e5:248;a6b5:262;g4f3:283;h4g3:287;h4h3:298;e7e8:299
r1rb1b2/3qpk2/2p4p/pp1P1pp1/P1bPPbBP/6P1/RP3PB1/1B1QR1BK w - - 1 23,opening,g4f5,672,g4f5:672;e4f5:556;e4e5:516;g4h5:498;b2b3:496;g2h3:493;d5c6:485;g3f4:447
1b1b1kn1/r2p1np1/ppp2p2/3P3r/1P2p2N/P3P3/R1P2PPR/1B1BN1K1 b - - 0 18,opening,b8h2,-616,b8h2:-616;h5d5:-377;h5h6:-150;h5g5:-102;h5h4:-3;h5e5:44;g7g5:132;g8e7:155
1bbb1kb1/qppprpp1/p6r/4p2p/1B1P4/1P2P3/P1P2PPP/QB1BRKBR w - - 1 7,opening,b4e7,148,b4e7:148;b4c5:140;f2f3:119;c2c4:65;e3e4:60;h2h3:57;h2h4:55;a1b2:47
q2b3r/rp1nppkp/p5pn/P1ppb3/1P2PP2/Q2P1B1P/2P3P1/RB2NKNR w - - 3 14,opening,f4e5,286,f4e5:286;b4c5:-35;c2c3:-126;a1a2:-156;g1e2:-170;e4d5:-198;d3d4:-198;a3a2:-200
knrr2b1/1pnp1pp1/p1p2b1p/4p3/P2P2q1/1P1NP1P1/1KP2P1P/1NRB1RBQ b - - 3 11,opening,g4e6,59,g4e6:59;g4g6:115;g4f5:132;g4g5:143;g4h3:146;g4d1:511;e5e4:529;e5d4:576
qb2r1rn/ppp1ppkp/4n1p1/3p1N2/7P/4P3/PPbPKPP1/QBRNBR2 b - - 1 8,opening,c2f5,-420,c2f5:-420;g6f5:-10;g7f8:43;g7f6:175
nkbqrnrb/ppp1ppp1/3p4/8/1P5p/3P2N1/P1P1PPPP/NKBQR1RB w - - 0 4,opening,g3e4,-92,g3e4:-92;g3f1:-105;g3h5:-227;c1e3:-398;c2c4:-398;g1f1:-413;g3f5:-422;b4b5:-437
bk1rbrbq/pb2p2p/1pp5/3p1pp1/2PPP3/8/PP1B1PPP/BKBR1RBQ w - - 0 7,opening,d2g5,-28,d2g5:-28;b2b3:-37;h2h4:-66;f2f3:-116;b2b4:-130;f1e1:-134;c4d5:-137;h2h3:-145
rnnrkqnn/p2pp2p/1pp2pp1/8/2P4P/3N1N2/PP1PPPP1/RN1RKQ1N w - - 0 5,opening,b1c3,44,b1c3:44;h1g3:36;b2b3:18;d3c1:1;e2e4:-12;g2g4:-18;e2e3:-26;a2a4:-30
2rq1rk1/B2ppb2/6p1/ppp3P1/2Q1Pp1p/1P1b1P2/Pb3B1P/1B2R1KB w - - 0 23,opening,c4d3,-123,c4d3:-123;c4c5:-554;c4f7:-583;c4d5:-595;b1d3:-641;c4b5:-664;c4c1:-664;e1e2:-700
1brq2bk/p1ppr1b1/1p3p2/4p2p/1PPB1PpP/P2P1Q2/4P3/BBR1RB1K b - - 2 16,opening,g4f3,-441,g4f3:-441;e5d4:-341;c7c5:-307;f6f5:-265;d7d5:-213;g8f7:-142;c7c6:-135;a7a6:-120
rnbkqbnr/1ppppppp/8/p7/8/2N2N1P/PPPPPPP1/R1BKQB1R w - - 0 4,opening,d2d4,167,d2d4:167;e2e4:155;a2a3:127;c3b5:110;g2g4:101;e2e3:91;a2a4:83;d2d3:69
nnqrnnkr/pp1pp2p/8/5pp1/2pP1P2/P3N3/1PP1P1PP/NNQRN1KR w - - 0 5,opening,e3f5,276,e3f5:276;h2h4:147;b1c3:123;e1f3:99;f4g5:70;g2g3:65;e3d5:64;c2c3:40
br1kr1bb/1p4p1/2p2p1p/p1P1b3/P1q3P1/1B1PBB1P/1P2P3/BRQKR3 b - - 1 14,opening,c4b3,-326,c4b3:-326;c4c1:-261;c4a6:384;c4b4:411;c4g4:453;c4d3:468;c4f4:485;c4d4:486
krqnb1n1/3p2b1/1pp4p/p3p1p1/4r1PN/2P1P3/PPQP1P1P/KR1NB1R1 w - - 0 12,opening,h4f5,188,h4f5:188;c2e4:94;f2f4:-55;f2f3:-105;h2h3:-147;d2d4:-150;d2d3:-159;b1c1:-193
1bk1rnrb/p1pppp1p/1p2n3/4q1p1/8/P5PP/1PPPPP2/QBKNR1RB b - - 0 6,opening,c7c6,-282,c7c6:-282;a7a5:-282;e5f6:-278;f8g6:-271;h7h5:-259;e6d8:-257;b6b5:-257;e6c5:-249
k1r1qnrn/pp1ppppp/n1p5/1Nn5/8/4N1N1/PPPPPPPP/1KR1QNR1 b - - 1 5,opening,c6b5,-391,c6b5:-391;f7f5:-208;g7g6:-119;d7d5:-75;f8e6:-55;b7b6:-45;c5e6:-43;c5a4:-39
q2krrn1/ppp3p1/3p4/2N1pp1p/2N2P1n/2K4P/PP1n2P1/Q3RRNN b - - 1 13,opening,d2c4,-414,d2c4:-414;d2f1:-211;b7b6:-206;b7b5:-205;h4g2:-202;g8f6:-141;d8c8:-130;g7g5:-127
2n1n2r/1pp1prq1/n2kpn1p/5pp1/pPP5/N5PP/P2PPPR1/N2KNRQ1 w - - 0 17,opening,e1d3,-157,e1d3:-157;a1c2:-159;b4b5:-170;f2f4:-199;c4c5:-217;e1f3:-232;g3g4:-242;e1c2:-262
k1rnn1rn/ppp1p1q1/n2p1p1p/8/1PPPP1p1/2NNRP2/P5PP/K2N1QRN b - - 3 10,opening,c7c5,-32,c7c5:-32;g4f3:76;e7e6:90;f6f5:93;d8e6:127;h6h5:130;c7c6:135;g7f7:158
r1kq2rb/3p2b1/4pp2/ppp3pb/2PPB1PB/3QPPP1/PP6/RK1B2RB w - - 2 18,opening,e4a8,485,e4a8:485;g4h5:442;f3f4:389;d1b3:364;a2a4:362;c4b5:361;a2a3:357;d3c2:330
r2b1r1k/ppp1pp1p/5n2/3p1bp1/q1P5/2NP4/nP2P1PP/2BBQRNK w - - 0 9,opening,d1a4,445,d1a4:445;c3a4:395;c3a2:-160;c1g5:-240;c3d5:-248;c4d5:-263;f1f5:-266;c3b5:-287
rb1nr2b/pp3pk1/4n3/3P2pp/P1pP1p1P/2P1NBP1/1PQ1K3/RB2R3 b - - 3 17,opening,g7f8,440,g7f8:440;e6d4:499;e6f8:530;f4e3:560;g5g4:629;f4g3:648;b8c7:659;g7f6:676
rr1b1q2/2b2bk1/ppb3p1/2ppp3/2PPBPp1/PPB2Q2/2B1P2P/R1R3BK b - - 3 17,opening,g4f3,-482,g4f3:-482;d5e4:-424;c5d4:-301;e5d4:-278;c6d7:-191;f8e8:-139;f7e6:-139;e5f4:-118
1bbrknn1/p1p4r/1p1p1p2/4p1p1/P1PP2Np/1P2N2P/1B3PB1/1Q1RK3 w - - 3 19,opening,g2d5,579,g2d5:579;g2c6:572;d4e5:572;b3b4:567;a4a5:556;e1f1:546;b1c2:533;c4c5:517
knr3rn/2p1p2p/1p1p2p1/p1N2p2/q5n1/N1PP1P1P/1n2NN2/K1R1Q1R1 b - - 1 15,opening,a4a3,-746,a4a3:-746;b6c5:-427;d6c5:-389;b2d3:-120;a4c6:-57;a4e8:16;g4f2:331;a4d7:498
k1r1rnbb/p2qpppp/2n5/1ppp4/3P2PP/1P6/P1PRPPB1/KNR1QNB1 b - - 2 8,opening,c5d4,-194,c5d4:-194;g7g6:-190;f7f5:-177;g7g5:-115;b5b4:-60;f8g6:-27;e7e6:-10;h7h6:16
qrbrb1bk/p2p1p1p/2p1p2b/1p3Pp1/3PP1P1/7P/1PP3KB/QRBRBB2 w - - 0 10,opening,h2e5,477,h2e5:477;e1a5:405;a1a5:403;b2b3:401;d4d5:389;h2c7:380;e1c3:349;h2d6:341
kn5n/2qp2p1/2p1p1nr/p1p1NNr1/P5P1/2P2Q2/K2PpPRP/1N4RN b - - 1 22,opening,c7e5,-278,c7e5:-278;e6f5:-237;e2e1q:-184;e2e1r:-183;g6e5:-180;e2e1n:-174;g5f5:-145;g6h4:-60
rrq1kbn1/2ppb3/1pn1pp1p/pB1N1PpP/8/1P1NP1K1/P1P3P1/RRQ4B b - - 7 15,opening,e7d6,-376,e7d6:-376;e6d5:-369;e7a3:-357;c6a7:-323;c6d8:-306;e6f5:-217;c6b4:-217;e8d8:-98
q1r2krn/np3bpp/4pp2/p1pB4/2P2b1P/1P3PN1/P2PP1P1/Q1RNBKR1 b - - 0 10,opening,e6d5,-255,e6d5:-255;f4e5:-244;a8b8:-162;f4g3:-132;f6f5:-31;c8d8:-7;h8g6:11;h7h5:47
n1rqknrn/p1pp1p1p/np4p1/4p3/8/N3P1PP/PPPP1P2/N1RQKNRN w - - 0 5,opening,d1e2,81,d1e2:81;d2d4:75;f2f4:67;a1b3:31;a3b5:28;f1h2:18;c2c4:10;g3g4:4
1k1brrb1/2p2p2/p1bp1b1p/8/1p2pB1P/PP1P1PP1/2P1PRB1/1QKBR3 w - - 0 17,opening,f3e4,387,f3e4:387;d3e4:329;e2e3:319;a3b4:299;e1g1:298;f2f1:291;b1a2:285;e1h1:276
1bn1kqr1/7b/rpp1p1p1/pP1p2Np/2Pn1pPP/3PP1N1/P1Q2P2/RB2K1BR w - - 0 19,opening,e3d4,271,e3d4:271;c2b2:52;c2a4:44;c2c3:41;c2d2:37;c2d1:18;c2c1:-9;b5a6:-395
nnkr1nrq/1ppp1pp1/p2np2p/8/4P1P1/P7/1PPP1PNP/NNKR1NRQ w - - 0 5,opening,b1c3,25,b1c3:25;f1g3:20;g2e3:17;d2d3:-3;g2e1:-31;f2f3:-31;g2f4:-53;d1e1:-64
